year,T,games,buffs_z,denied,denied_exp,other_denied,other_denied_exp,pull,cb_obs,cb_exp,other_pull,co_obs,co_exp,comfort,comfort_other,core_picks,familiar,breadth_z,resid,pexp,denied_excess,other_excess,buffs_z_rb,pull_rb,other_pull_rb,comfort_rb,familiar_rb,resid_rb,tercile
2016,oe:team:056c3140a119e44a03d462e2c832f27,11,1.899753736088341,0.057416267942583726,0.01594896331738437,0.06297918948521358,0.03504928806133625,0.15151515151515152,0.18181818181818182,0.030303030303030307,0.5757575757575757,1.1818181818181819,0.6060606060606061,0.07272727272727272,0.07773892773892774,1.5454545454545454,0.5272727272727272,0.8457365318252569,-0.10187579766878002,0.5564212522142346,0.04146730462519936,0.02792990142387733,1.7164869576700372,0.13382903726814077,0.35515108880835283,-0.02277484344908544,-0.04044510940235086,-0.08786758251115165,high
2016,oe:team:2f758c15b9c1781b2d4032011ae1628,6,1.7745521308027727,0.03333333333333333,0.04492957746478873,0.06998556998557,0.04191783698825952,-0.04225352112676056,0.0,0.04225352112676056,0.5962441314553991,1.1666666666666667,0.5704225352112676,0.13836477987421383,0.1668238993710692,2.3333333333333335,0.6333333333333333,0.6383142911731602,-0.12095851958772785,0.45429185292106117,-0.011596244131455394,0.028067732997310475,1.636232690457445,-0.0633605845601189,0.34696797775617017,0.04093074313511902,0.06872656969836571,-0.10161931716968257,high
2016,oe:team:3354e252e33ed55fd8fa14595ca1564,20,-0.3247088760024113,0.125,0.028195488721804506,0.03493589743589744,0.04745838956365272,-0.008771929824561403,0.0,0.008771929824561403,-0.2385964912280701,0.7,0.93859649122807,0.08484848484848485,0.10583333333333333,1.7,0.53,-0.014680557867212108,0.10492803691334451,0.5950719630866554,0.09680451127819549,-0.012522492127755282,-0.32152767423984696,-0.04064863006490326,-0.57812885203702,-0.018667513845394494,-0.02481266120991505,0.141049948892371,low
2016,oe:team:3413ca4510110b5181f3e4b24d52719,6,-0.656840392236747,0.0,0.0400866738894908,0.06776556776556777,0.05931744312026002,-0.007042253521126761,0.0,0.007042253521126761,0.5023474178403756,1.8333333333333333,1.3309859154929577,0.1175438596491228,0.13508771929824562,2.6666666666666665,0.6333333333333333,0.8515726408734708,-0.22521035367479672,0.3918770203414634,-0.0400866738894908,0.008448124645307753,-0.8413718256197069,-0.024632114673786808,0.2825475912618197,0.02209610070582302,0.06552796235401685,-0.21135213315076512,low
2016,oe:team:3b84bb916852d07609c83d1ce91c1a9,17,-1.1070410658478882,0.0522875816993464,0.0611111111111111,0.06508135168961202,0.0511968085106383,0.0,0.0,0.0,0.36813725490196075,1.1764705882352942,0.8083333333333333,0.09984917043740572,0.11666666666666667,1.9411764705882353,0.5647058823529412,-0.17760895453473816,0.1836647608116685,0.5810411215412726,-0.008823529411764702,0.013884543178973717,-1.068554114308056,-0.03456382657867675,0.00608511597333725,-0.00518433534147158,0.012336942417790202,0.22397411770626482,low
2016,oe:team:5b90b1fda6971ccdccf9eb32286aa50,13,-0.2915915902062825,0.07692307692307693,0.05078124999999999,0.043324491600353676,0.05024245689655172,0.0,0.0,0.0,0.024639423076923076,0.9230769230769231,0.8984375,0.10686070686070687,0.13683298683298684,2.3846153846153846,0.6307692307692307,0.5535523714362546,0.09085100486681186,0.5245336105178036,0.026141826923076934,-0.006917965296198043,-0.4115435563108935,-0.022505014875043784,-0.23635242699270512,0.008637201763918332,0.06743378945000168,0.11236868492961377,mid
2016,oe:team:73f3126d91d35faa5d5ce34abadb865,10,-0.0183739823882189,0.07619047619047618,0.049040511727078885,0.040721649484536084,0.0495076165563933,0.16268656716417912,0.2,0.03731343283582089,-0.47611940298507466,0.3,0.7761194029850746,0.09952380952380953,0.10345238095238093,2.2,0.58,1.5826697975827566,-0.05952483826097282,0.45952483826097285,0.0271499644633973,-0.008785967071857213,-0.3613304282649943,0.15715445939188383,-0.5948678101071785,0.01088545359324639,0.001229090094919779,-0.0644566453457999,mid
2016,oe:team:7cd8dc1c987b84b99e3d246d1943c92,6,0.2512007239922705,0.0,0.07042253521126761,0.05802469135802468,0.03766301512780386,-0.056338028169014086,0.0,0.056338028169014086,0.2629107981220657,0.8333333333333334,0.5704225352112676,0.09666666666666666,0.09583333333333333,2.0,0.6666666666666666,-1.2398166678071076,-0.08451077498279047,0.4178441083161238,-0.07042253521126761,0.020361676230220824,0.5198626511860123,-0.10842050945428049,-0.245958485694521,-0.018260189587631936,0.13022950805530248,-0.016901472963845983,high
2016,oe:team:7d6673d3a9d00363c6bebc1a630da6e,6,-0.0183739823882189,0.0,0.14612676056338028,0.11589403973509933,0.050741535304542486,-0.19014084507042253,0.0,0.19014084507042253,0.9460093896713616,1.8333333333333333,0.8873239436619716,0.10520833333333333,0.13559027777777777,2.3333333333333335,0.5333333333333333,1.2590179495918299,-0.38803143802236917,0.5546981046890358,-0.14612676056338028,0.06515250443055684,-0.29119672908279665,-0.20101084005560121,0.7825261913535208,0.013555499985422574,-0.04058320543246596,-0.38464502487668606,mid
2016,oe:team:93c730021ff69abdfccc4911a2f666f,16,-0.7404490887645303,0.02777777777777778,0.012750455373406196,0.06203358208955224,0.050893075605578666,-0.00819672131147541,0.0,0.00819672131147541,0.28176229508196715,1.4375,1.1557377049180328,0.0875,0.11551339285714285,1.8125,0.45,-0.061427526308718165,-0.04355395538969031,0.6685539553896903,0.015027322404371584,0.011140506483973571,-0.7271380581667288,-0.04084440446643352,-0.06423137866323113,-0.016451397662156933,-0.10411151540815315,-0.006230593207246322,low
2016,oe:team:a22510a4756fa424cb0771b13261139,6,0.9330661577782148,0.0,0.03633802816901408,0.08067940552016985,0.057504261236207034,-0.007042253521126761,0.0,0.007042253521126761,0.352112676056338,1.5,1.147887323943662,0.12549019607843137,0.14844771241830065,2.6666666666666665,0.6,-0.8553227701915509,0.026277043198165873,0.4737229568018341,-0.03633802816901408,0.023175144283962813,1.1184102249932424,-0.05278339897823712,-0.1036122975002026,0.014144497103675192,0.057795915936484844,0.0840044151817747,high
2016,oe:team:bcb21457414eb9be1d27489ff7e8e59,6,-1.077417471740142,0.0,0.039436619718309855,0.07833333333333332,0.04598969523354818,-0.04929577464788732,0.0,0.04929577464788732,0.852112676056338,1.5,0.647887323943662,0.10476190476190476,0.12764550264550265,1.8333333333333333,0.3666666666666667,-0.9360703608394252,-0.09569153282453116,0.2623581994911978,-0.039436619718309855,0.032343638099785146,-0.8745758148547969,-0.09636866449102854,0.3852268621412007,-0.007335873306557286,-0.17432630497453191,-0.03588885601488305,low
2016,oe:team:cbfaf0ca2181f0903d2fcceb6c28f3b,6,1.063059432742815,0.0,0.04758856167306872,0.05759162303664922,0.05918205122116138,-0.056338028169014086,0.0,0.056338028169014086,-0.24647887323943662,0.5,0.7464788732394366,0.08992248062015505,0.10872093023255815,1.6666666666666667,0.5666666666666667,1.0451533025616297,0.05305149165105977,0.44694850834894023,-0.04758856167306872,-0.0015904281845121604,0.83658006061455,-0.07073522490433487,-0.4395222004069489,-0.0037222775471055184,-0.004042171056483249,0.06193446922101706,high
2016,oe:team:d15303823a1dccff9f3068fb357e356,6,0.2062716062621891,0.13333333333333333,0.023239436619718307,0.0705521472392638,0.040482156744145854,0.6173708920187794,0.6666666666666666,0.04929577464788732,0.6150234741784039,1.3333333333333333,0.7183098591549295,0.1212962962962963,0.15733024691358025,2.3333333333333335,0.5666666666666668,-1.3691720423369096,-0.01905000728546624,0.5190500072854662,0.11009389671361502,0.030069990495117944,0.5029641811447646,0.5631549935943662,0.08827483726818275,0.0051646304363885225,0.032169676173378514,0.051883874834034886,mid
2016,oe:team:f2357aab765dfb94659ba2223a6d4f0,10,-1.573612673044889,0.0,0.1343283582089552,0.0828125,0.03597248134328358,0.0,0.0,0.0,0.6582089552238807,1.3,0.6417910447761194,0.11461538461538463,0.12769230769230772,2.5,0.52,-1.4834451317222748,0.16607444920570524,0.23392555079429478,-0.1343283582089552,0.046840018656716415,-1.252157704481193,-0.056100568221274405,0.11566562155948118,-0.0025806151870019414,-0.012783037705586763,0.23994527956087622,low
2016,oe:team:fc8e90107dabb9a35c490b0d86adea0,9,-0.3194946650472766,0.03333333333333333,0.029411764705882353,0.06666666666666667,0.043649732620320854,0.0,0.0,0.0,0.32598039215686275,1.3333333333333333,1.0073529411764706,0.08888888888888888,0.10914105594956659,1.5555555555555556,0.5111111111111111,-0.6384728734364138,-0.058353248335418995,0.3916865816687523,0.00392156862745098,0.023016934046345812,-0.18114086073704094,-0.04216470893067106,-0.09977183472025776,-0.020437080797187788,-0.034345448990772576,-0.006199165085892074,mid
2017,oe:team:056c3140a119e44a03d462e2c832f27,6,-0.352373358668835,0.0,0.010324483775811211,0.10784313725490195,0.09860649501461578,0.0,0.0,0.0,0.1961651917404129,2.8333333333333335,2.6371681415929205,0.10592592592592592,0.10592592592592592,2.8333333333333335,0.9,0.5037322535966399,-0.13673038557131523,0.47006371890464854,-0.010324483775811211,0.00923664224028617,-0.4615295601903775,-0.019225355150461004,-0.32755139555444207,0.008631137664561611,0.23751088149916277,-0.1037328111088672,low
2017,oe:team:3354e252e33ed55fd8fa14595ca1564,19,1.9509747759673253,0.0,0.005434782608695652,0.09029454369869627,0.1111926605504587,-0.005,0.0,0.005,-0.5678947368421055,1.8421052631578947,2.41,0.0902575587905935,0.10098917506532287,1.631578947368421,0.8210526315789474,1.3845961109357583,-0.10005726236890744,0.6790046307899601,-0.005434782608695652,-0.020898116851762433,1.6509398843515313,-0.009697547107438705,-0.9698593212531648,0.0011670932364516995,0.14535166178405376,-0.08969888988824105,high
2017,oe:team:364547a649dd1c75e258f0d5168509f,9,-1.2149818234329748,,,0.1309941520467836,0.08722488038277512,0.0,0.0,0.0,0.7888888888888889,2.888888888888889,2.1,0.12514619883040934,0.12953216374269005,3.0,0.6000000000000001,-0.7468469145928844,-0.05320105808620418,0.3865343914195375,,0.043769271664008486,-1.0531439190046392,-0.03985076048033988,0.09231866794425654,0.016203577613620717,-0.04373200199082943,0.011937821921887762,low
2017,oe:team:3b84bb916852d07609c83d1ce91c1a9,16,-0.271503815097197,0.0,0.002080443828016643,0.09441489361702128,0.09146870481305515,0.0,0.0,0.0,-0.04490291262135937,2.125,2.1699029126213594,0.10416666666666666,0.10774739583333333,2.0625,0.875,0.04976074148381899,0.18083456837073342,0.6316654316292666,-0.002080443828016643,0.002946188803966132,-0.28228671312782133,-0.026712563224701003,-0.6313669272188678,0.0026436100364419417,0.21931988388903312,0.22549972650240252,mid
2017,oe:team:418bd4b8f699d70c4509d7f9c768a3a,4,0.2553735142331726,0.0,0.0,0.1355140186915888,0.07899227956115401,0.0,0.0,0.0,2.0478260869565217,3.0,0.9521739130434783,0.10227272727272728,0.10795454545454546,2.0,0.45,0.5676182608004777,-0.20980173966253027,0.20980173966253027,0.0,0.05652173913043479,0.13237354188504957,-0.018171703508882545,1.5329397510887286,0.005572970144958953,-0.21344732835349006,-0.17844610817327478,high
2017,oe:team:418c28593a78b57ef74e47d0c18640a,15,-0.0386975533000569,0.0,0.04006410256410257,0.14202898550724638,0.11729574773053034,0.0,0.0,0.0,0.5506410256410255,2.7333333333333334,2.182692307692308,0.11757575757575758,0.1195959595959596,2.4,0.6,-0.5894452839419425,0.015056373564933723,0.45161029310173295,-0.04006410256410257,0.024733237776716044,0.08903222326376534,-0.03725478533990993,-0.12417332051176624,0.010099167416713016,-0.04609282871822429,0.07614985282366038,mid
2017,oe:team:594b183f8fb081ef64820f31ab8d641,12,0.2637755447341218,0.0,0.0029205607476635504,0.18912175648702598,0.117913705299681,-0.004672897196261682,0.0,0.004672897196261682,1.179127725856698,3.3333333333333335,2.1542056074766354,0.10333333333333333,0.11575396825396826,2.0,0.5666666666666667,0.4675527406004691,0.2193830043471809,0.2806169956528191,-0.0029205607476635504,0.07120805118734498,0.16245925853140974,-0.024494949572428072,0.6504104473268201,0.005701570864731838,-0.09527980458895305,0.25331043340123066,high
2017,oe:team:62c1cd9465dc63824593ee5046f5aa8,22,0.0120043548953275,0.012396694214876032,0.007497656982193065,0.13766699250570216,0.12858884824298858,0.0,0.0,0.0,0.6344892221180879,3.727272727272727,3.0927835051546393,0.11050156739811912,0.11234326018808778,2.772727272727273,0.8363636363636363,0.4549132079992328,0.1361900263160184,0.5910827009567089,0.004899037232682967,0.009078144262713583,-0.08657300927507922,-0.02003051217600308,0.10402492173359097,0.012752080943608775,0.1746067422188977,0.1704423057191097,high
2017,oe:team:6c951ee7222ac9acd244aa88c9e8330,7,-1.2149818234329748,,,0.19047619047619047,0.12857142857142856,0.0,0.0,0.0,0.8035714285714286,3.5714285714285716,2.767857142857143,0.11972789115646257,0.13639455782312923,2.0,0.7142857142857143,-2.1693252599355946,-0.2445253690866772,0.5302396548009629,,0.06190476190476191,-0.7449001410539179,-0.06331124438408461,-0.08961213524263112,-0.0024636235096284764,0.09188910051759397,-0.14282717936618075,low
2017,oe:team:6f0162b86d2a0d206ba9a08a1da14be,8,-0.6604478103703134,0.0,0.0045045045045045045,0.16618497109826588,0.11623183877519137,0.0,0.0,0.0,1.2623873873873874,3.875,2.6126126126126126,0.10571428571428572,0.10910714285714286,2.5,0.675,-0.02708179727449704,-0.23209063006793684,0.6070906300679368,-0.0045045045045045045,0.04995313232307451,-0.6545793234911157,-0.02797990282924734,0.6653022842725659,0.0034755214518737867,0.020472425438642663,-0.1854505313807573,low
2017,oe:team:73f3126d91d35faa5d5ce34abadb865,15,0.0238707589410556,0.02222222222222222,0.021367521367521364,0.11474926253687315,0.1210219537100068,-0.004807692307692308,0.0,0.004807692307692308,-0.3810897435897433,2.1333333333333333,2.514423076923076,0.0527659574468085,0.05404255319148935,0.6666666666666666,0.64,1.4348872685119334,0.1813545782218407,0.48531208844482593,0.0008547008547008551,-0.006272691173133657,-0.2870619691581899,-0.008675803313921128,-0.7761031412637963,-0.03585609873551379,-0.036455273981365145,0.190420410811378,high
2017,oe:team:78f183fa5a7d8ecb22b9ad272c3abd7,19,-0.0828082134300414,0.0,0.004285714285714286,0.10362694300518135,0.0933419689119171,-0.005,0.0,0.005,0.3907894736842105,2.3157894736842106,1.925,0.09263157894736843,0.09447368421052632,2.0526315789473686,0.6421052631578948,0.5581449297059151,0.04283990201778454,0.5361074664032681,-0.004285714285714286,0.01028497409326426,-0.20375536340942565,-0.02332794415211377,-0.12540625525849952,-0.004156412320970655,-0.0211999771298426,0.07443900887988361,mid
2017,oe:team:7cd8dc1c987b84b99e3d246d1943c92,6,0.3586957812043072,0.0,0.0004916420845624386,0.10614525139664804,0.1181341770900282,0.0,0.0,0.0,-0.17699115044247815,2.0,2.176991150442478,0.0954954954954955,0.09864864864864864,1.8333333333333333,0.6,0.20024652037437804,-0.38485130516487887,0.5515179718315455,-0.0004916420845624386,-0.011988925693380156,0.315303384994006,-0.024230649032500155,-0.7426551914313522,-0.004625943980637525,-0.05793721374984402,-0.34405380253445883,high
2017,oe:team:7d6673d3a9d00363c6bebc1a630da6e,6,-0.7528701458807571,0.0,0.011799410029498525,0.12640901771336552,0.10972168782865203,0.0,0.0,0.0,0.3908554572271384,2.8333333333333335,2.442477876106195,0.0857142857142857,0.09861111111111111,2.0,0.6,0.5352957154967111,0.04925186981041252,0.4507481301895875,-0.011799410029498525,0.016687329884713484,-0.8688659880710913,-0.01870478899050679,-0.1284984641775658,-0.011286522013051987,-0.06296253077842698,0.08143822743924163,low
2017,oe:team:9cae7677cd0dbcc1cd86653870b73c2,7,-0.2196643640897365,0.0,0.004464285714285714,0.1383219954648526,0.10586734693877552,-0.004464285714285714,0.0,0.004464285714285714,0.7410714285714286,2.5714285714285716,1.8303571428571428,0.05714285714285715,0.0631868131868132,1.5714285714285714,0.31428571428571433,-1.538977773452661,-0.09774784850061713,0.38346213421490283,-0.004464285714285714,0.03245464852607709,0.11382424375050981,-0.05737940905454807,-0.06498622088862963,-0.05917763199107655,-0.3175653199193528,-0.01225030539116849,mid
2017,oe:team:a22510a4756fa424cb0771b13261139,7,-0.0019386698584032,0.0,0.003968253968253968,0.1453308596165739,0.09775046382189238,-0.004464285714285714,0.0,0.004464285714285714,0.8437500000000001,2.5714285714285716,1.7276785714285714,0.12916666666666668,0.13139880952380953,2.142857142857143,0.7999999999999999,-0.3080857718014637,-0.1413304031994646,0.5699018317708932,-0.003968253968253968,0.047580395794681526,0.06482194027240858,-0.03707869791435226,0.20782484636895682,0.024310645185874166,0.14968713205142595,-0.0874681830868282,mid
2017,oe:team:a9744fc5b0ca952b17ef07c0aa99602,4,0.5697253450445556,0.0,0.006521739130434782,0.11861313868613138,0.11059980958425895,-0.004347826086956522,0.0,0.004347826086956522,0.12608695652173907,2.5,2.373913043478261,0.1396551724137931,0.13405172413793104,3.0,0.65,-0.9166734413811383,-0.20497401548469824,0.20497401548469824,-0.006521739130434782,0.008013329101872427,0.7683637887463722,-0.046999481576481796,-0.593956494260848,0.029130795266835582,0.008815182570119845,-0.13547040077919487,high
2017,oe:team:c334c629fea759876e9e04afbe4aee7,7,-1.0609445975822354,0.0,0.03125,0.16678058783321942,0.11062457279562542,0.0,0.0,0.0,0.44642857142857145,2.142857142857143,1.6964285714285714,0.09387755102040816,0.10674603174603174,1.8571428571428572,0.6285714285714287,-0.5153483310120499,-0.20600404260666255,0.49171832832094825,-0.03125,0.056156015037594,-0.9492712515296586,-0.03603272781107671,-0.2181441779648159,-0.012908903758016878,-0.018632761358061134,-0.14681493922808805,low
2017,oe:team:c5b7f439779b465529ff283c53f41c0,4,-0.3327686208332864,0.0,0.01594202898550725,0.16588785046728974,0.10312880942706218,0.0,0.0,0.0,1.6304347826086953,3.5,1.8695652173913044,0.1181818181818182,0.1181818181818182,1.5,0.7,-1.2570702004947694,0.20274777510723901,0.047252224892760986,-0.01594202898550725,0.06275904104022756,-0.06036794140050117,-0.048265711207293144,0.8633420780147079,0.004487002337674163,0.06392070634081143,0.2809999732848766,low
2017,oe:team:cd6e0eea04af23b9c0735dab41a9941,5,-0.0995398431345181,0.0,0.0061403508771929825,0.1183098591549296,0.08299357548801582,0.0,0.0,0.0,0.8973684210526315,3.2,2.3026315789473686,0.12137931034482759,0.12275862068965518,2.6,0.64,-0.34161474033219397,-0.1580879573316819,0.3580879573316819,-0.0061403508771929825,0.03531628366691378,-0.025513677106464752,-0.03316739483709562,0.2568089314351219,0.016211001697778327,-0.009809975540649269,-0.10336400463178626,mid
2017,oe:team:d15303823a1dccff9f3068fb357e356,6,-0.2445473005733176,0.0,0.004424778761061947,0.1280068728522337,0.10717544019706231,-0.004424778761061947,0.0,0.004424778761061947,0.7831858407079646,3.5,2.7168141592920354,0.07083333333333333,0.07312500000000001,1.3333333333333333,0.5,0.15946294402257472,-0.06740158630907978,0.4007349196424131,-0.004424778761061947,0.020831432655171386,-0.279102104496762,-0.029328058375019637,0.21188474007108116,-0.029667962370021457,-0.15732551133804623,-0.02555589942762577,mid
2017,oe:team:d996d27c1737a1f7494fc09d6911339,7,-0.0386975533000569,0.047619047619047616,0.005208333333333333,0.13398402839396628,0.10542369121561668,0.0,0.0,0.0,0.7455357142857145,3.142857142857143,2.3973214285714284,0.10043290043290043,0.11139971139971139,2.142857142857143,0.7428571428571429,1.8107856900222865,-0.00447505700254941,0.2901893427168351,0.04241071428571428,0.028560337178349604,-0.43108554569307866,0.0023314623624343354,0.40247856991735637,0.015311943687808426,0.06076386476732519,-0.005070240946160126,mid
2017,oe:team:fbf53cf218dfaa8c2b2a864d13d2206,9,3.5909796231100892,0.3504273504273504,0.07814685314685314,0.12563543936092955,0.10499108734402852,0.6979797979797979,0.8888888888888888,0.19090909090909092,0.17525252525252527,1.8888888888888888,1.7136363636363636,0.11555555555555556,0.11492063492063492,2.111111111111111,0.6444444444444445,-1.1150865800344134,0.03416045926170541,0.6325062074049612,0.27228049728049725,0.020644352016901027,3.8326131785855133,0.6520557775640108,-0.572215364424024,0.003183168179433128,0.0062355748421806,0.10876351707000535,high
2017,oe:team:fc8e90107dabb9a35c490b0d86adea0,18,-0.438634205145249,0.0,0.005775577557755776,0.12887067395264118,0.09976059081317967,0.0,0.0,0.0,0.7772277227722775,3.5,2.7227722772277225,0.09022222222222222,0.09981481481481481,2.4444444444444446,0.5777777777777778,1.3985597107033916,0.0768025259879288,0.5898641406787378,-0.005775577557755776,0.029110083139461507,-0.7416949373724375,-0.004467249888040276,0.37719317127721563,0.0012618129505509341,-0.09813262847216227,0.0868020180889561,low
2018,oe:team:056c3140a119e44a03d462e2c832f27,17,-0.9106715108080212,0.08470588235294117,0.10039215686274511,0.10902255639097745,0.08379404393336282,-2.6122894697062506e-17,0.29411764705882354,0.29411764705882354,0.4558823529411765,2.411764705882353,1.9558823529411764,0.10629514963880288,0.10804953560371516,2.411764705882353,0.7529411764705882,1.4518102512198392,-0.10241906290516822,0.74947788643458,-0.015686274509803935,0.025228512457614635,-1.2252713626572755,0.03798355913853682,0.05229254578502787,0.033976394957785,0.12621992369371998,-0.09192080932669133,low
2018,oe:team:0b63f14fd7de22a26869bb1c76f87fc,14,-0.4728487945607185,0.14285714285714285,0.08095238095238096,0.0922882427307206,0.07203961230509903,0.0,0.0,0.0,0.6523809523809524,2.5,1.8476190476190477,0.05773809523809524,0.05890376984126984,1.3571428571428572,0.5142857142857143,1.5189666450253827,-0.04138662849468855,0.5413866284946885,0.06190476190476189,0.02024863042562157,-0.8020010932770498,0.039091148228428345,0.2580734257771889,-0.013955168089130056,-0.11344280003448039,-0.03261437054092084,mid
2018,oe:team:418bd4b8f699d70c4509d7f9c768a3a,9,0.7786267571904223,0.04040404040404041,0.09483471074380165,0.09156378600823044,0.06515151515151514,-0.022727272727272728,0.0,0.022727272727272728,0.2166666666666667,1.6666666666666667,1.45,0.08009259259259259,0.08842592592592592,1.6666666666666667,0.6444444444444444,1.3576437454872938,-0.03240151442192546,0.4768459588663699,-0.05443067033976124,0.026412270856715298,0.4844323052394875,0.013703228117446632,-0.19993872806522694,0.006896775701785474,0.019135570958942985,-0.019483074652999664,high
2018,oe:team:4bd1751425ef6a9bc9d4d8e9385b4a6,6,-0.3819111247102895,0.18333333333333332,0.08938053097345132,0.0938818565400844,0.07356894813487173,0.11799410029498525,0.16666666666666666,0.048672566371681415,0.3643067846607669,1.3333333333333333,0.9690265486725664,0.08529411764705881,0.0963235294117647,1.5,0.5666666666666667,-0.0031365552798011303,-0.007398891669394891,0.3407322250027282,0.093952802359882,0.02031290840521266,-0.3812314492323728,0.1319816835042956,-0.24038411922538003,-0.0005759401359211511,-0.03823221175793542,0.0404931479642778,mid
2018,oe:team:50f58982d91a36557ec8aec52ab014f,6,-1.5230065504719394,0.0,0.005445881552076241,0.12535014005602244,0.07518405592325426,0.0,0.0,0.0,1.2920353982300885,3.0,1.7079646017699115,0.07551020408163266,0.08072562358276644,1.8333333333333333,0.5333333333333333,-0.6920886062271019,-0.4579183285220091,0.6245849951886757,-0.005445881552076241,0.05016608413276817,-1.3730344912426695,0.002624915682862366,0.5921183235857064,-0.01677671926880172,-0.06123212980806385,-0.39231943838333955,low
2018,oe:team:5203ff881d5c82c5f720eb3a2f3b44c,9,1.4657113738381076,0.1361111111111111,0.14761363636363634,0.10628019323671496,0.0585544889892716,-0.07121212121212121,0.3333333333333333,0.40454545454545454,0.9292929292929293,2.111111111111111,1.1818181818181819,0.06790123456790123,0.07073045267489712,1.2222222222222223,0.5777777777777778,0.37485389792784884,-0.002421347557785336,0.44686579200222976,-0.011502525252525236,0.047725704247443365,1.3844824524593455,-0.05099046141930353,0.37684743695994094,-0.014448238697361419,-0.03279048260266698,0.03575590795112708,high
2018,oe:team:53a258f289c26d94431c0496a54e151,18,0.5591166069367463,0.1276595744680851,0.12144512323572784,0.07338820301783265,0.08798842847247687,0.012651265126512656,0.3888888888888889,0.37623762376237624,-0.0929592959295931,1.5555555555555556,1.6485148514851486,0.08909090909090908,0.09343434343434343,2.0,0.7111111111111111,0.15558961656931777,0.08331156787013094,0.6944662099076468,0.006214451232357254,-0.01460022545464422,0.5254011332507997,0.02925666871387039,-0.6757112484423862,0.004699219077343556,0.10383153950506768,0.12712416454068548,mid
2018,oe:team:6db10eb2b230fe5af5947ce5d46bc9a,4,1.914419694914146,0.12499999999999999,0.0411371237458194,0.1111111111111111,0.09106280193236715,0.7304347826086957,1.0,0.26956521739130435,0.7782608695652173,2.0,1.2217391304347827,0.07619047619047618,0.075,1.0,0.45,-0.5149895045000151,-0.14492267499356498,0.14492267499356498,0.0838628762541806,0.02004830917874395,2.0260152850978472,0.7359805375711429,0.1028222318149633,-0.014446954823971842,-0.14722172719041515,-0.08387543299142246,high
2018,oe:team:73f3126d91d35faa5d5ce34abadb865,12,0.1896970857781206,0.09523809523809523,0.13451268357810411,0.09597924773022048,0.08053020109822175,-0.16510903426791276,0.16666666666666666,0.3317757009345794,0.2710280373831777,2.0,1.7289719626168223,0.07261904761904761,0.07400793650793651,1.4166666666666667,0.7666666666666666,1.0588330124841419,-0.14076119279777521,0.7240945261311086,-0.03927458834000888,0.015449046631998739,-0.03974660948489778,-0.13360672401030402,-0.18687863781696745,-0.0033598777640809936,0.145839578801739,-0.1201629776783003,mid
2018,oe:team:78f183fa5a7d8ecb22b9ad272c3abd7,17,1.577888454107118,0.14338235294117646,0.05591299019607844,0.07681088964511425,0.07280019445794847,0.10294117647058823,0.11764705882352941,0.014705882352941176,-0.16666666666666677,1.1764705882352942,1.343137254901961,0.0542016806722689,0.06039915966386554,1.0588235294117647,0.5294117647058824,0.9704632555959519,0.2571504832106211,0.4487318697305554,0.08746936274509802,0.0040106951871657776,1.3675940329325145,0.13298603237337955,-0.6367877093946069,-0.022600316286596284,-0.09008988781830428,0.2800199014889089,high
2018,oe:team:7cd8dc1c987b84b99e3d246d1943c92,7,-1.1234569112898485,0.20408163265306123,0.2346938775510204,0.07303370786516854,0.08211276083467094,-0.03571428571428571,0.2857142857142857,0.32142857142857145,-0.13392857142857145,1.8571428571428572,1.9910714285714286,0.05405405405405406,0.05386100386100386,1.1428571428571428,0.5142857142857143,-0.05816003575955046,-0.15182406140306276,0.5803954899744913,-0.030612244897959162,-0.0090790529695024,-1.110853929172779,-0.022634187305956406,-0.7462247583538972,-0.03232848972386057,-0.08978788105374011,-0.10251785580271663,low
2018,oe:team:7d6673d3a9d00363c6bebc1a630da6e,24,0.6447791045967176,0.08620689655172414,0.20072595281306715,0.1072635135135135,0.09185633001422473,-0.19649122807017547,0.16666666666666666,0.3631578947368421,0.5004385964912282,1.9583333333333333,1.4578947368421051,0.09494949494949495,0.0960858585858586,1.7083333333333333,0.6833333333333335,1.0777470066545574,0.0843242142829238,0.49900911905040957,-0.11451905626134301,0.015407183499288768,0.41123684358869866,-0.16467697530936914,0.04514619210443757,0.01914673357918595,0.06222255931614274,0.10443631826191016,high
2018,oe:team:7e3dd5ff49e1a44784d225d2de40260,8,-0.3403396184929503,0.11805555555555557,0.13513513513513514,0.1537769784172662,0.07884503208244216,0.0011261261261261354,0.375,0.3738738738738739,1.3288288288288288,3.0,1.6711711711711712,0.09833333333333333,0.10652777777777778,2.125,0.65,-0.08287633459573955,0.14716504157970606,0.22783495842029394,-0.017079579579579576,0.07493194633482404,-0.3223807409029059,0.01379858646185838,0.7131163831228661,0.011720583161898602,0.04629711809377646,0.19710648414309986,mid
2018,oe:team:86e551648da70c86cb473ce5d5f26f7,5,-0.2118458720029936,0.0,0.016917293233082706,0.09504950495049505,0.06800416883793642,-0.05263157894736842,0.0,0.05263157894736842,0.843859649122807,1.8,0.956140350877193,0.09454545454545454,0.09454545454545454,1.4,0.48,-1.4607046582951724,-0.33624776206679813,0.5362477620667981,-0.016917293233082706,0.027045336112558632,0.10468135234265652,-0.06268320387880863,0.037705335876527746,-0.00490032096650074,-0.1030371879175466,-0.2508945660791266,mid
2018,oe:team:8eb884e168f28402ce685bedebb5250,6,-0.2356410102418747,0.0,0.11452368558042686,0.1097560975609756,0.06622778617166702,-0.30973451327433627,0.0,0.30973451327433627,1.592920353982301,3.0,1.407079646017699,0.10987654320987654,0.11049382716049383,2.3333333333333335,0.7000000000000001,-0.9733031537735943,0.12133682132475121,0.3786631786752488,-0.11452368558042686,0.04352831138930857,-0.024731197665259746,-0.31174757987627544,0.8541341236578661,0.014970401374299157,0.10965240180215143,0.19416324485473505,mid
2018,oe:team:b24f151e143d152c7cf8be9f13ec015,6,-0.9460958519456032,0.0,0.2247787610619469,0.11077844311377245,0.06634518573472524,-0.3274336283185841,0.0,0.3274336283185841,1.228613569321534,2.6666666666666665,1.4380530973451326,0.08095238095238096,0.07642857142857143,1.8333333333333333,0.5,-0.6558324735059576,0.025752660327433174,0.30758067300590014,-0.2247787610619469,0.044433257379047214,-0.8039803111374666,-0.3242107517452088,0.5337077762036235,-0.010996854558460698,-0.09510925958623748,0.09041972666051291,low
2018,oe:team:b3c72a20aa56f5d28022ac04a7dc294,9,-1.1440554053615029,0.11695906432748537,0.026315789473684213,0.09705215419501134,0.08265306122448979,0.09747474747474746,0.1111111111111111,0.013636363636363636,0.6267676767676768,2.2222222222222223,1.5954545454545455,0.1028322440087146,0.1262164124909223,1.8888888888888888,0.7111111111111111,0.7437792526775229,-0.24235762663851856,0.686802071082963,0.09064327485380116,0.014399092970521554,-1.3052285631514364,0.12378097605915739,0.12531462836475554,0.023918923379327,0.09500943386386076,-0.21366217192412196,low
2018,oe:team:c5b7f439779b465529ff283c53f41c0,4,0.568294731686029,0.016666666666666666,0.12086956521739133,0.08069620253164557,0.0798569069895432,-0.3130434782608696,0.0,0.3130434782608696,-0.558695652173913,1.25,1.808695652173913,0.07857142857142857,0.08357142857142857,2.0,0.7,0.5697101064504932,-0.2408855452586252,0.2408855452586252,-0.10420289855072466,0.0008392955421023668,0.4448414670904972,-0.2896081168615864,-1.0842083404597023,-0.00196316353722175,0.08650914127558232,-0.2077163157067251,high
2018,oe:team:cd6e0eea04af23b9c0735dab41a9941,4,-0.3403396184929503,0.06666666666666667,0.10434782608695653,0.08043478260869566,0.06525519848771268,-0.05217391304347826,0.0,0.05217391304347826,0.38043478260869557,1.75,1.3695652173913044,0.112,0.1135,2.75,0.65,-1.8247116663344252,-0.08204610622276431,0.3320461062227643,-0.037681159420289864,0.015179584120982983,0.05506606170119671,-0.06822899003513083,-0.4760321662659688,0.009163881091886004,0.07242245992716859,0.01266248346068024,mid
2018,oe:team:d17e6a2f130f0cf8dd071ce88d5b870,6,-0.5254318009368166,0.17391304347826086,0.07233551365909967,0.12690355329949235,0.07591752392075828,0.15339233038348082,0.16666666666666666,0.01327433628318584,1.0457227138643066,2.3333333333333335,1.2876106194690267,0.10714285714285714,0.11726190476190475,1.6666666666666667,0.6333333333333333,-1.687323519384557,-0.3064361676419321,0.3064361676419321,0.1015775298191612,0.050986029378734074,-0.15979742910748923,0.13960315249717184,0.2082453987727433,0.005586364688175978,0.05369514364712033,-0.21525860943717307,low
2018,oe:team:d723992568441c6bafa2658129eade7,11,-1.474371636933382,0.01515151515151515,0.029706790123456787,0.09442248572683357,0.08165593129361245,0.0,0.0,0.0,0.5021043771043773,2.6363636363636362,2.134259259259259,0.07906976744186046,0.10007047216349542,2.0,0.6545454545454545,0.07358708153053352,0.05108851851257401,0.5852751178510623,-0.014555274971941637,0.012766554433221111,-1.4903175809216362,0.015252961801764036,-0.09198187275679365,-0.006085690155836397,0.04849581795109471,0.0970086735058972,low
2018,oe:team:e435aa3ecb82a89e60544f5f5857a81,8,1.0730915928965727,0.08796296296296297,0.0817484150817484,0.16260162601626016,0.07199882809638908,0.059684684684684686,0.375,0.3153153153153153,1.3175675675675675,2.75,1.4324324324324325,0.12685185185185185,0.1326388888888889,2.75,0.65,-0.7488465021915676,0.0762380233919642,0.1737619766080358,0.0062145478812145605,0.09060279791987108,1.2353627977247206,0.061373510402420756,0.6098054809436743,0.03403628824583691,0.05628583399719955,0.14329565594592825,high
2018,oe:team:e8d8ae992fe72acb7adc7bfcee31dbb,6,1.355777835174478,0.04938271604938271,0.03425106522451655,0.09938837920489296,0.08041730940975886,-0.0663716814159292,0.0,0.0663716814159292,0.44690265486725655,2.0,1.5530973451327437,0.08266666666666667,0.10022222222222223,2.0,0.5,-1.117510165422989,0.11745748484659524,0.38254251515340476,0.015131650824866165,0.018971069795134105,1.5979365692009895,-0.07076310849462678,-0.31181570498198097,-0.013582612193274233,-0.08818467418002443,0.19399019242571894,high
2018,oe:team:fc8e90107dabb9a35c490b0d86adea0,22,-0.4973875308695639,0.16363636363636364,0.12233676975945017,0.08518253400143164,0.059582758340774415,0.0,0.0,0.0,0.6804123711340206,2.0,1.3195876288659794,0.0734006734006734,0.08535353535353535,1.4545454545454546,0.4454545454545455,0.46649930364759634,0.1781278568667587,0.45823577949687766,0.04129959387691347,0.02559977566065722,-0.5984755426755166,0.02173313838423504,0.1406340027935901,-0.008095219056505672,-0.16648828088415119,0.21394972132005544,low
2019,oe:team:1fcd541d3a51d70860c46eaae858ba8,8,-0.0620322657463388,0.1125,0.030580357142857145,0.045588235294117645,0.05367647058823529,0.3973214285714286,0.5,0.10267857142857142,-0.2767857142857142,0.75,1.0267857142857142,0.09875,0.12354166666666666,2.625,0.525,-0.9574842998986803,-0.24632637015200493,0.4963263701520049,0.08191964285714286,-0.008088235294117646,0.14544968214803483,0.2600212533006498,-0.9148867957012286,-0.004374605057867858,-0.0017753019566755686,-0.21197689309080398,mid
2019,oe:team:246827ba8505ab1bac1083d093120bc,8,0.2589470615833379,0.10227272727272727,0.03165584415584415,0.0873397435897436,0.06974015567765568,0.1830357142857143,0.25,0.06696428571428571,0.3839285714285714,1.625,1.2410714285714286,0.0769736842105263,0.08393640350877193,1.75,0.5,1.5027120443616775,0.00955782352446638,0.3654421764755336,0.0706168831168831,0.01759958791208792,-0.06668294835153982,0.08631077653861546,0.08587303723974374,-0.003236772919405327,-0.0636751565525209,-0.019322540766659388,high
2019,oe:team:3354e252e33ed55fd8fa14595ca1564,14,0.0325197841647288,0.020634920634920634,0.031865828092243184,0.09984639016897082,0.0592412254006898,-0.0660377358490566,0.0,0.0660377358490566,1.254043126684636,2.4285714285714284,1.1745283018867927,0.08803986710963455,0.09842192691029901,2.0,0.6,-0.6903895557487284,0.034640441880507744,0.6082167009766352,-0.01123090745732255,0.040605164768281014,0.1821236678501692,-0.19893280227131016,0.6528595777448265,-0.012597030618489158,0.06921861241302857,0.062125280540776866,mid
2019,oe:team:33d17f3717f58e12a3da80b377221fb,18,2.987271343885589,0.22847222222222222,0.14393382352941178,0.06906906906906907,0.08050697756580111,0.7467320261437909,1.3888888888888888,0.6421568627450981,-0.02941176470588247,1.0,1.0294117647058825,0.11840277777777779,0.1363425925925926,2.5,0.6777777777777778,-0.01859354309165196,0.12116215158035948,0.6566156261974183,0.08453839869281043,-0.011437908496732041,2.9913004695217196,0.6249166781532046,-0.5377404310337266,0.024022955119022162,0.1369202939300555,0.13138106941258867,high
2019,oe:team:3413ca4510110b5181f3e4b24d52719,20,-1.391215890457692,0.011111111111111112,0.03,0.14268292682926828,0.08089430894308942,-0.05500000000000001,0.0,0.05500000000000001,1.57,3.0,1.43,0.13192307692307692,0.15451923076923077,2.4,0.5599999999999999,-1.4165562834126038,-0.07154210508881309,0.6215421050888131,-0.018888888888888886,0.06178861788617886,-1.0842553930212717,-0.19987150380112198,0.8684465099120532,0.024522697956207623,0.040110201096855175,-0.025393956448165445,low
2019,oe:team:50b9075ca20fb326456aded56aa7937,5,0.1315743126429897,0.0782608695652174,0.03572778827977316,0.0696629213483146,0.06980947728382998,-0.05217391304347826,0.0,0.05217391304347826,-0.19565217391304338,0.8,0.9956521739130434,0.060952380952380945,0.05952380952380952,0.6,0.36,1.1384675587730857,0.06349378328171315,0.13650621671828686,0.04253308128544424,-0.00014655593551538004,-0.11512578127373274,-0.15490621949264344,-0.5440531676076704,-0.0226506314279412,-0.1982119468428917,0.043974916129203234,mid
2019,oe:team:53a258f289c26d94431c0496a54e151,14,0.0325197841647284,0.06507936507936508,0.05125786163522012,0.07142857142857142,0.07133488043587932,-0.07008086253369272,0.07142857142857142,0.14150943396226415,0.22843665768194063,1.7142857142857142,1.4858490566037736,0.09036544850498339,0.11691583610188261,1.8571428571428572,0.6285714285714287,1.2723164408960175,0.054916814523538804,0.5165117569050326,0.013821503444144963,9.369099269210257e-05,-0.24318467754088513,-0.1706056418490633,-0.10146389539811579,0.008009098039312547,0.06835191664143517,0.03195787901975114,mid
2019,oe:team:5737b101780a9835142549164be1ac4,8,1.777230228952284,0.13749999999999998,0.11283482142857143,0.06395348837209303,0.07044227574750832,-0.05357142857142857,0.0,0.05357142857142857,-0.0044642857142858094,1.0,1.0044642857142858,0.08571428571428572,0.09692460317460316,1.375,0.525,2.1975426297768768,0.03360292470345394,0.34139707529654606,0.024665178571428553,-0.006488787375415292,1.3010339869300618,-0.13883674598874624,-0.20648112478084069,0.011975446533142267,-0.04909674246796342,-0.013135375107755629,high
2019,oe:team:6f0162b86d2a0d206ba9a08a1da14be,14,0.2203106610714321,0.027874564459930314,0.026806258628624024,0.10393772893772894,0.08009796806966618,-0.03706199460916442,0.07142857142857142,0.10849056603773585,0.4730458221024259,2.142857142857143,1.669811320754717,0.10277777777777777,0.09715608465608465,2.7142857142857144,0.6571428571428573,-0.2158633269425071,-0.09998308634857195,0.5285545149200005,0.0010683058313062897,0.023839760868062762,0.26708713934656514,-0.16213085053811804,-0.06254924991590449,0.006560594040335767,0.1192441722370295,-0.08469411093106194,mid
2019,oe:team:73f3126d91d35faa5d5ce34abadb865,6,-0.2879066072005555,0.010416666666666666,0.031661184210526314,0.11041666666666666,0.06762609649122807,-0.0043859649122807015,0.0,0.0043859649122807015,1.1359649122807018,2.5,1.3640350877192982,0.10462962962962963,0.17407407407407408,2.0,0.5,-0.3175694702810822,-0.04864172283765822,0.5486417228376582,-0.02124451754385965,0.042790570175438594,-0.21909092814171782,-0.13113222798526486,0.5863121325316174,0.007465159868014356,-0.036373220521875936,-0.030738783976596927,low
2019,oe:team:76b516358ee227ba806ba5d955b6314,11,-0.7590159479479222,0.007905138339920948,0.009772636617471082,0.08630609896432681,0.049761932412031126,-0.0045871559633027525,0.0,0.0045871559633027525,0.8953294412010009,1.9090909090909092,1.0137614678899083,0.06597402597402596,0.0806060606060606,1.7272727272727273,0.5818181818181819,0.09131105143417562,0.02303595873152442,0.6133276776321119,-0.0018674982775501343,0.036544166552295684,-0.778802585512476,-0.12458988235633522,0.40219166322458955,-0.027382150688831805,0.0393122671178247,0.03043020360951055,low
2019,oe:team:78f183fa5a7d8ecb22b9ad272c3abd7,10,0.3691823861208021,0.32249999999999995,0.06477272727272727,0.1286713286713287,0.07749523204068658,0.5681818181818181,0.7,0.1318181818181818,1.1681818181818184,2.6,1.4318181818181817,0.12303030303030302,0.11419191919191918,2.7,0.7,-0.44716186192096974,0.02305460353363903,0.47694539646636097,0.2577272727272727,0.05117609663064211,0.46608007326330203,0.43929822892171166,0.6006169251030765,0.024658816097355353,0.1655705025551036,0.04428821410428787,high
2019,oe:team:7b13b2cc48c457832262d00d5ffa6d6,14,0.1027949563959276,0.12142857142857143,0.13596698113207548,0.140625,0.07803655660377358,-0.17318059299191374,0.14285714285714285,0.3160377358490566,1.3942048517520218,2.7857142857142856,1.391509433962264,0.09343629343629345,0.12229729729729731,2.0,0.5142857142857143,-0.47185821250668236,-0.0992083695205675,0.527779798091996,-0.014538409703504049,0.06258844339622642,0.2050442163276087,-0.302471491324453,0.8232264571171894,-0.005165214093149055,-0.019773368924648697,-0.07734003467957368,mid
2019,oe:team:7bd8d762a338118fce3df129202eaed,5,-1.6108848928609687,0.04,0.04,0.11485148514851484,0.0490314248816186,0.0,0.0,0.0,1.5695652173913044,2.4,0.8304347826086957,0.09142857142857144,0.10285714285714284,2.0,0.44000000000000006,-1.2058485654147175,0.08638213545887363,0.3136178645411264,0.0,0.06582006026689624,-1.3495836796250373,-0.14139636827960847,0.8971355090042117,-0.014009286200915329,-0.0830501499761327,0.12711485633831848,low
2019,oe:team:7d6673d3a9d00363c6bebc1a630da6e,18,0.1725295503791941,0.034482758620689655,0.04817444219066937,0.10660660660660662,0.0860272036742625,-0.12254901960784312,0.0,0.12254901960784312,0.29411764705882354,1.6666666666666667,1.3725490196078431,0.06923076923076923,0.09426638176638177,1.5,0.3888888888888889,1.3046809583677794,0.10258365287605198,0.5085274582350592,-0.013691683569979712,0.020579402932344115,-0.11018813663822169,-0.22254002120794328,-0.03130951913888566,-0.01282413970862083,-0.17181605014596105,0.07879291250028392,mid
2019,oe:team:8eb884e168f28402ce685bedebb5250,6,0.7849965147069742,0.06862745098039216,0.041408668730650154,0.12666666666666668,0.06649122807017543,-0.017543859649122806,0.0,0.017543859649122806,0.9956140350877193,2.1666666666666665,1.1710526315789473,0.13055555555555556,0.1587962962962963,2.6666666666666665,0.7999999999999999,-0.7060583037528989,0.005699168145483047,0.49430083185451695,0.02721878224974201,0.06017543859649124,0.9379957359006279,-0.15069734575948424,0.3922647695774152,0.02977271987802764,0.26945362394956773,0.03358671143248031,high
2019,oe:team:9cae7677cd0dbcc1cd86653870b73c2,6,0.3691823861208025,0.13333333333333333,0.03848684210526316,0.14285714285714288,0.0849310776942356,0.23684210526315794,0.3333333333333333,0.09649122807017545,0.618421052631579,2.0,1.381578947368421,0.07474747474747474,0.06801346801346801,1.8333333333333333,0.6333333333333333,0.6036450603802843,-0.07167384638476113,0.23834051305142778,0.09484649122807018,0.057926065162907284,0.23837559066966965,0.1252891410823758,0.1960975000487506,-0.013836848117253265,0.08314305210722159,-0.07744716765678619,high
2019,oe:team:b41d715b166da7092724123264e4560,6,0.1920763683896547,0.0,0.01770630279402209,0.0915032679738562,0.05804953560371517,-0.05701754385964911,0.0,0.05701754385964911,0.6710526315789473,1.5,0.8289473684210527,0.075,0.08090277777777778,1.3333333333333333,0.39999999999999997,-0.40070896737693845,0.08720390525408134,0.41279609474591866,-0.01770630279402209,0.033453732370141036,0.27890795100558696,-0.18513500027260138,0.10990840487601766,-0.022938826954508926,-0.1351262325076201,0.10724362365460807,mid
2019,oe:team:d15303823a1dccff9f3068fb357e356,6,-1.3735606999966303,0.0606060606060606,0.06459330143540669,0.034482758620689655,0.054567453115547476,0.05701754385964911,0.16666666666666666,0.10964912280701754,-0.5789473684210525,0.8333333333333334,1.412280701754386,0.10537634408602149,0.11917562724014337,2.8333333333333335,0.6,-0.6950956290210792,-0.27207328977644507,0.27207328977644507,-0.003987240829346088,-0.02008469449485782,-1.2229370343162431,-0.07595513833553856,-1.1807813854687912,0.004695614222558698,0.06928919760021181,-0.24446749968597917,low
2019,oe:team:e435aa3ecb82a89e60544f5f5857a81,4,0.2283776018376541,0.35416666666666663,0.04956896551724138,0.07865168539325842,0.051724137931034475,0.9612068965517241,1.0,0.03879310344827586,0.4525862068965517,1.25,0.7974137931034483,0.1523809523809524,0.21349206349206348,2.5,0.55,-1.328056051149015,-0.044086272859452935,0.29408627285945294,0.30459770114942525,0.02692754746222395,0.5161605518395136,0.8177949989943776,-0.23673488150525704,0.04580486023105838,0.028782808789390178,-0.00021268074301358797,high
2019,oe:team:e84133caa1e561518201cc7d33f14ed,11,-1.2309319827719112,0.0855614973262032,0.04398273070696168,0.047138047138047146,0.07587010339303919,-0.0045871559633027525,0.0,0.0045871559633027525,-0.8148457047539616,0.8181818181818182,1.63302752293578,0.07227272727272728,0.08575757575757575,1.4545454545454546,0.5454545454545454,1.4923079412721918,0.09348149118839733,0.3610639633570572,0.04157876661924152,-0.028732056254992047,-1.5543074768099445,-0.10148368528074989,-1.1143392822667382,-0.008034633162424752,-0.018064562621561052,0.06486852416793908,low
2019,oe:team:ef69efa6acebe94107f0cf1ba716806,18,-0.6504943658507459,0.0699588477366255,0.03413217138707335,0.09227330779054917,0.0624577417173766,0.11764705882352941,0.16666666666666666,0.049019607843137254,0.892156862745098,2.3333333333333335,1.4411764705882353,0.1172514619883041,0.15092592592592594,2.3333333333333335,0.6666666666666666,-0.34494723330989585,0.04034717095899765,0.6818750512632246,0.03582667634955215,0.029815566073172567,-0.575746065648345,-0.00955073700632302,0.3387199596545189,0.019831997086385583,0.13070407819750454,0.058953749436844866,low
2019,oe:team:f589eafcf087c11af27e475bafb047f,4,-0.7396552901089896,0.0,0.046182266009852216,0.09736842105263158,0.07903811252268603,-0.11206896551724138,0.0,0.11206896551724138,0.125,1.5,1.375,0.09285714285714285,0.11607142857142856,2.0,0.4,0.09950481148526562,0.04725677174585208,0.20274322825414792,-0.046182266009852216,0.01833030852994555,-0.7612174735453235,-0.2319365548261705,-0.36700524575925014,-0.00042271752700216,-0.14262881080789097,0.054440427680675946,low
2019,oe:team:fc8e90107dabb9a35c490b0d86adea0,6,0.4461850025256492,0.07222222222222223,0.035672514619883036,0.05228758169934641,0.06256449948400412,0.47807017543859653,0.5,0.021929824561403508,-0.08333333333333326,1.5,1.5833333333333333,0.03888888888888889,0.06435185185185184,0.6666666666666666,0.2333333333333333,-0.4862971929199095,-0.10666875798423081,0.4400020913175641,0.03654970760233919,-0.010276917784657717,0.5515631156218804,0.34854113958454064,-0.6563074674576036,-0.059847102595010804,-0.30050918330948595,-0.08442932494087291,high
2020,oe:team:1d0389df0c5eea93b04122ba167c010,9,1.5208674597818266,0.11411411411411414,0.01698841698841699,0.11017740429505135,0.09983993597438974,-0.004761904761904762,0.0,0.004761904761904762,0.4523809523809523,2.6666666666666665,2.2142857142857144,0.06079664570230608,0.06079664570230609,1.0,0.6666666666666666,2.5900072305801576,-0.13873390153048015,0.5831783459749246,0.09712569712569714,0.01033746832066161,0.9596261471899152,0.030256429115995902,-0.14220164891769516,-0.02604444110659583,-0.017071285811762406,-0.1793068241769621,high
2020,oe:team:274c62a6d7e34e0e66e5f267a39d5f7,6,-1.704876612000194,0.0,0.004629629629629629,0.1761904761904762,0.10798941798941801,0.0,0.0,0.0,0.9166666666666666,3.1666666666666665,2.25,0.1787037037037037,0.1787037037037037,3.5,0.7333333333333334,-1.3936627037628464,-0.19827899778563043,0.3649456644522971,-0.004629629629629629,0.06820105820105819,-1.4028770361167533,-0.03068307006858215,-0.22853427286117045,0.054758910768024714,0.10934542547148197,-0.13646707682554643,low
2020,oe:team:2cb996a4b0ffaca3bcf66fe91450243,7,1.2667685369676358,0.0,0.0026702269692923893,0.10638297872340426,0.09176774706701132,-0.009345794392523364,0.0,0.009345794392523364,0.457943925233645,2.0,1.542056074766355,0.09732142857142857,0.09575892857142856,1.8571428571428572,0.5142857142857143,0.8832071757119668,0.03106481772527936,0.25464946798900634,-0.0026702269692923893,0.014615231656392932,1.0753820617738408,-0.0024771721395814746,-0.3725506430176576,-0.005416710125995481,-0.1438523815000767,0.03435859577577124,high
2020,oe:team:2e66da41dc460dd378e3bcc57042d31,6,-1.6759730725573456,0.0,0.008487654320987652,0.1903353057199211,0.10878259916721454,-0.009259259259259259,0.0,0.009259259259259259,1.6296296296296298,3.8333333333333335,2.2037037037037037,0.15238095238095237,0.16095238095238093,3.0,0.6,-1.1226884684899994,0.15680064151854228,0.3431993584814577,-0.008487654320987652,0.08155270655270656,-1.4326922267560045,-0.03547323726344406,0.5218824414386156,0.03096000016481081,-0.028052180985464487,0.21164821674791132,low
2020,oe:team:4880b157399745e82e26e229d8bbf48,11,0.0424737270447197,0.012121212121212121,0.012297734627831713,0.1291866028708134,0.10162238119570771,-0.009708737864077669,0.0,0.009708737864077669,0.474845542806708,2.727272727272727,2.2524271844660193,0.12672176308539945,0.12699724517906333,3.6363636363636362,0.7636363636363637,-0.5506880873933745,0.13137649786994965,0.41407804758459577,-0.0001765225066195919,0.027564221675105693,0.16180501745511577,-0.026488895116200235,-0.5538404017328966,0.01062839432732716,0.12700489549746707,0.1715230133913857,mid
2020,oe:team:4f5a0b869cd5960c307d1c45e9399a3,8,0.9253454772989922,0.0,0.006918238993710692,0.12061403508771928,0.08829857663025487,-0.009433962264150943,0.0,0.009433962264150943,0.7735849056603774,2.75,1.9764150943396226,0.082,0.085,1.75,0.42500000000000004,0.5188402634182832,-0.17058645761776825,0.5455864576177683,-0.006918238993710692,0.03231545845746442,0.8129154473638311,-0.008574727858068445,-0.10727204377699023,-0.024131834224133304,-0.22767304982938127,-0.15792803592323695,high
2020,oe:team:50f58982d91a36557ec8aec52ab014f,9,0.3183711489991795,0.04938271604938271,0.01904761904761905,0.13866666666666666,0.09546666666666666,0.21746031746031746,0.2222222222222222,0.004761904761904762,1.592063492063492,3.4444444444444446,1.8523809523809522,0.12181069958847737,0.12530864197530864,2.5555555555555554,0.8444444444444444,0.9099516194477896,-0.05085460143561271,0.6064101569911683,0.030335097001763664,0.0432,0.12118928971162202,0.22477002733602222,0.7652655104796064,0.019321657326564545,0.18590521559974085,-0.04824818597649185,mid
2020,oe:team:5203ff881d5c82c5f720eb3a2f3b44c,12,0.7852744784605739,0.011111111111111112,0.00392156862745098,0.16810344827586207,0.11354800540906017,-0.00980392156862745,0.0,0.00980392156862745,0.7745098039215687,2.6666666666666665,1.8921568627450978,0.08525641025641027,0.08461538461538463,1.3333333333333333,0.38333333333333336,-1.0229530017576562,0.13287046704590744,0.28379619962075925,0.007189542483660131,0.054555442866801904,1.0069431590139095,-0.034372994172622934,-0.3194520612231645,-0.035235610720686726,-0.24621475436260898,0.18515472745961195,high
2020,oe:team:5f401785b6b78326f9a46b3c6b206ed,17,0.6046797944236192,0.032454361054766734,0.030927835051546386,0.17909025958561564,0.1101465002712968,-0.003032140691328073,0.058823529411764705,0.06185567010309277,1.572771376591874,3.588235294117647,2.015463917525773,0.14628190899001112,0.15221975582685907,3.3529411764705883,0.7999999999999999,-0.4263284599580007,-0.06711393033694635,0.7141727538663581,0.0015265260032203479,0.06894375931431884,0.6970629899749765,-0.017761274075652936,0.5612742786509672,0.03134681969445624,0.1615032936736454,-0.030163598539511893,high
2020,oe:team:6a0084dacefb228be863fbb64cefe11,10,-1.0823388393850015,0.0,0.00206043956043956,0.12661290322580646,0.10084522332506204,0.0,0.0,0.0,1.0538461538461537,3.4,2.3461538461538463,0.1030769230769231,0.10461538461538462,2.6,0.64,0.32257372918027305,-0.3785747922842645,0.7785747922842645,-0.00206043956043956,0.02576767990074441,-1.1522389157381672,-0.002377727254817344,0.14586146674144376,-0.004882928008273066,-0.009729298371368957,-0.36087209765940687,low
2020,oe:team:78f183fa5a7d8ecb22b9ad272c3abd7,11,-0.6154355099236083,0.0,0.005393743257820928,0.12490761271249076,0.09057542031730997,0.0,0.0,0.0,0.846425419240953,2.5454545454545454,1.6990291262135921,0.13426573426573427,0.13583916083916084,2.6363636363636362,0.6545454545454545,0.10051512478994398,0.13667132041719232,0.4087832250373531,-0.005393743257820928,0.03433219239518079,-0.637216623082822,-0.0060400693432181435,-0.09225195620242087,0.024237640244748837,0.008146756283656473,0.16008117348055292,low
2020,oe:team:7d6673d3a9d00363c6bebc1a630da6e,14,-0.6300262389692768,0.03896103896103896,0.019090909090909092,0.08998144712430427,0.08376623376623378,0.0,0.0,0.0,0.36999999999999983,1.5,1.1300000000000001,0.0642857142857143,0.0685267857142857,0.7857142857142857,0.4714285714285714,1.0802444325743348,0.06661684580078453,0.5048117256277869,0.019870129870129868,0.006215213358070487,-0.8641096793936185,0.010118295197484254,-0.43326030217732703,-0.03661722907797454,-0.18966483568639383,0.0648465424737997,low
2020,oe:team:8d47748b0e2a0ac34c90891889805a8,19,-0.0774816738050457,0.02631578947368421,0.007105263157894737,0.11144057326414629,0.08636026686434396,-0.005263157894736842,0.0,0.005263157894736842,0.7526315789473683,2.210526315789474,1.4578947368421054,0.13318077803203662,0.13712814645308927,3.3157894736842106,0.7894736842105263,-0.7313294622909577,0.09969645739072419,0.5318824899776968,0.019210526315789473,0.025080306399802327,0.08099367811950199,-0.02502257601364894,-0.3010224114647283,0.01540492437963227,0.15555160976830168,0.14448566149394262,mid
2020,oe:team:8eb884e168f28402ce685bedebb5250,11,-1.4606915373968212,0.0,0.003236245954692556,0.15584415584415587,0.09611650485436894,0.0,0.0,0.0,1.5216240070609004,3.1818181818181817,1.6601941747572815,0.109717868338558,0.11964472309299895,2.0,0.6,-1.2169932202424136,0.19334155765766325,0.4430220787059731,-0.003236245954692556,0.059727650989786926,-1.1969753344921241,-0.027769316345733427,0.40084212308613665,-0.012581433704012471,-0.026637728177468154,0.25061287215726863,low
2020,oe:team:a22510a4756fa424cb0771b13261139,6,-0.0517351487446082,0.0,0.014917695473251025,0.1343804537521815,0.10822668217956177,-0.009259259259259259,0.0,0.009259259259259259,0.8055555555555558,3.0,2.194444444444444,0.10650406504065041,0.10264227642276423,2.5,0.8333333333333334,0.8737855443575635,-0.2901311394198242,0.2901311394198242,-0.014917695473251025,0.026153771572619722,-0.24108000463878543,-0.0025460249821418774,-0.026241259891240223,0.0036781737314964223,0.17533655018213926,-0.2865952147385527,mid
2020,oe:team:af4b23d4634c4e6ecb5659fb1e689e9,5,-0.9822881259289892,0.0,0.022935779816513763,0.20400000000000001,0.09660550458715596,-0.009174311926605505,0.0,0.009174311926605505,2.2449541284403667,3.8,1.5550458715596331,0.14476190476190476,0.15476190476190474,3.0,0.6799999999999999,-1.2409564724528324,-0.022314731274612393,0.2223147312746124,-0.022935779816513763,0.10739449541284406,-0.713379208901431,-0.03733884658592841,1.120860070935131,0.0222394101651038,0.05372169050237456,0.035572466034137676,low
2020,oe:team:b42d0f31f2727621b963042276817c4,10,-0.2334236949097406,0.05555555555555556,0.014957264957264956,0.12233009708737866,0.10378547423450338,0.09519230769230769,0.1,0.004807692307692308,0.6875,2.5,1.8125,0.12,0.13011363636363638,1.9,0.82,-0.1616213739174962,-0.14994796605674243,0.6499479660567424,0.04059829059829061,0.01854462285287528,-0.19840117027375925,0.08482890426907004,-0.2874095848599187,0.007530379503817968,0.17753301991554785,-0.11980090713394098,low
2020,oe:team:bcb21457414eb9be1d27489ff7e8e59,5,1.4856294726526642,0.0,0.010448521916411825,0.15084745762711865,0.09426994246617945,-0.013761467889908258,0.0,0.013761467889908258,1.115596330275229,3.4,2.284403669724771,0.09846153846153846,0.09576923076923077,2.2,0.64,0.6666929072643728,0.03434097218734311,0.1656590278126569,-0.010448521916411825,0.0565775151609392,1.341160531426983,-0.010463746752246308,0.25517540550835216,-0.006293203498991665,-0.014890653750409908,0.0431994129430681,high
2020,oe:team:cd62e47544f14f1d239afa659b9d243,6,0.0849194842684827,0.0,0.006944444444444445,0.1285310734463277,0.08709981167608287,-0.009259259259259259,0.0,0.009259259259259259,0.9351851851851852,2.6666666666666665,1.7314814814814816,0.10000000000000002,0.10512820512820514,2.0,0.6333333333333333,-1.0938834108372268,-0.2739852020097965,0.4406518686764631,-0.006944444444444445,0.04143126177024482,0.32195842148538073,-0.03499816458931734,-0.16858060062089933,-0.021152663323806484,0.004849112668803383,-0.2198779494907585,mid
2020,oe:team:e84133caa1e561518201cc7d33f14ed,14,0.158641062604492,0.015873015873015872,0.01111111111111111,0.09359605911330049,0.0917816091954023,0.0,0.0,0.0,0.2614285714285714,2.0714285714285716,1.81,0.09473684210526315,0.10037593984962405,2.2857142857142856,0.4571428571428572,0.1482197992131066,-0.008157362415506464,0.436728790986935,0.004761904761904762,0.0018144499178981838,0.12652259062484428,-0.005253291287789572,-0.6706551180444364,-0.014846932920965374,-0.18997135130733037,0.014026426312550912,mid
2020,oe:team:ef69efa6acebe94107f0cf1ba716806,17,-0.1151819426435434,0.00980392156862745,0.023768613974799544,0.14795008912655971,0.09663646777048839,-0.041237113402061855,0.0,0.041237113402061855,1.388114008489994,3.4705882352941178,2.082474226804124,0.08235294117647059,0.08165266106442577,1.8235294117647058,0.5176470588235295,0.34721647434862224,0.28000352532199635,0.5435258864427095,-0.013964692406172093,0.05131362135607133,-0.19042197576627162,-0.04320841568158241,0.4835354136614102,-0.025377388590455446,-0.132451849768453,0.29707287339664235,mid
2020,oe:team:fcec508e780bbd1ad493852640f5b36,15,1.4364817537619907,0.03333333333333333,0.012432012432012434,0.10443159922928709,0.08860279091492965,0.0,0.0,0.0,0.3292929292929295,2.4,2.0707070707070705,0.09859649122807017,0.09929824561403508,2.3333333333333335,0.7200000000000001,0.5198503602163482,-0.0859545522613705,0.6859545522613705,0.0209013209013209,0.015828808314357443,1.3238328410198255,0.0008758936120027982,-0.5514244057111222,-0.007525935004092744,0.06731179998755989,-0.07332209120223368,high
2021,oe:team:056c3140a119e44a03d462e2c832f27,21,-1.067876002052607,0.03174603174603175,0.045625,0.09523809523809523,0.09393258426966293,-0.05238095238095238,0.047619047619047616,0.1,0.06476190476190469,1.9047619047619047,1.84,0.06214285714285714,0.07908730158730158,1.5238095238095237,0.44761904761904764,1.0678861117936296,-0.005971976350090946,0.62501959539771,-0.013878968253968248,0.0013055109684323024,-1.2992814576070602,-0.20824928468433254,-0.3115642362092506,-0.018724916159368835,-0.11321467051400548,-0.007019679973029776,low
2021,oe:team:0edc9f071bd123368afdc0c53a3db20,9,1.1512271299603292,0.1904761904761905,0.04017857142857142,0.07876230661040787,0.07402802893309222,0.6924603174603176,0.8888888888888888,0.19642857142857142,0.046130952380952474,1.6666666666666667,1.6205357142857142,0.08333333333333333,0.08462962962962964,2.2222222222222223,0.4444444444444444,-0.6717722191874564,0.09230570132772381,0.3521387431167206,0.15029761904761907,0.004734277677315643,1.296796732086535,0.507900352412142,-0.5706487891843364,-0.013737532227430143,-0.0902965841317708,0.13596919343183084,high
2021,oe:team:33d17f3717f58e12a3da80b377221fb,7,-0.2030784579593306,0.0921658986175115,0.04442558007923033,0.09859154929577464,0.08503212255992092,0.3696741854636592,0.5714285714285714,0.20175438596491227,0.25877192982456143,2.0,1.7412280701754386,0.1142857142857143,0.1456582633053221,2.857142857142857,0.6,-0.11678694625127153,-0.371300423068904,0.6570147087831897,0.047740318538281167,0.013559426735853725,-0.1777713243599457,0.19426741638866943,-0.2812983770329564,0.02238395430124136,0.0569348895179003,-0.34190068306023497,mid
2021,oe:team:3a1d18f46bcb3716ebcfcf4ef068934,17,-0.0936356026322935,0.04524886877828055,0.035133136094674555,0.10504201680672269,0.08058608058608058,0.1546945701357466,0.29411764705882354,0.13942307692307693,0.5783371040723981,1.8235294117647058,1.2451923076923077,0.09411764705882353,0.1106647537063606,2.0588235294117645,0.6941176470588236,2.200257593866439,0.031421548828788115,0.556813745288859,0.010115732683605994,0.024455936220642113,-0.5704201634789866,0.01750208131020043,0.3585260645010491,0.023796726128818942,0.11629977921168305,0.0012706115024072942,mid
2021,oe:team:4880b157399745e82e26e229d8bbf48,6,1.2654456735198174,0.2857142857142857,0.04596273291925466,0.08816425120772947,0.08991808443604286,0.8173913043478261,1.0,0.18260869565217389,0.2202898550724638,1.3333333333333333,1.1130434782608696,0.09901960784313725,0.10833333333333334,2.0,0.5333333333333333,-0.21953869388432115,0.06810566122293443,0.43189433877706557,0.23975155279503105,-0.0017538332283133923,1.313018585002675,0.6402898833090162,-0.33398268175498896,0.006160823127442902,-0.00819063001391504,0.10014623789355094,high
2021,oe:team:4bd1751425ef6a9bc9d4d8e9385b4a6,6,0.0416755639538608,0.04545454545454545,0.0313570487483531,0.12174940898345155,0.08550724637681158,-0.020289855072463777,0.16666666666666666,0.18695652173913044,0.5159420289855073,1.8333333333333333,1.317391304347826,0.09898989898989898,0.14242424242424243,2.0,0.4666666666666666,-0.651960440189943,0.08519155650431726,0.41480844349568274,0.014097496706192349,0.03624216260663997,0.18295205495741748,-0.20452307073721457,-0.0980993509663027,0.00210355936574366,-0.06837151370639555,0.12834586337780532,mid
2021,oe:team:50f58982d91a36557ec8aec52ab014f,16,-0.2846631319303944,0.004166666666666667,0.023333333333333338,0.12586206896551724,0.0768144499178982,-0.009523809523809525,0.0,0.009523809523809525,1.1178571428571429,2.375,1.2571428571428571,0.08088235294117647,0.10318627450980392,1.875,0.6,0.7150413556563361,0.1094172411675044,0.5155827588324956,-0.019166666666666672,0.04904761904761905,-0.43960893450105687,-0.17121149840930014,0.6927612000501732,-0.003271799091181818,0.04445850995546838,0.1174380486837726,mid
2021,oe:team:67169969ecc058b307edfa9c6b7a3c0,9,0.5460171848658913,0.05128205128205128,0.03142170329670329,0.13233458177278404,0.09124197431781703,0.1284722222222222,0.2222222222222222,0.09375,0.8303571428571428,2.0,1.1696428571428572,0.1272727272727273,0.15867003367003366,2.2222222222222223,0.5777777777777778,-0.5032424792309114,-0.23613309341261118,0.5694664267459445,0.01986034798534799,0.04109260745496701,0.6550672547887844,-0.05330823531042744,0.236871390725337,0.031771539433268575,0.0405090148140287,-0.1968010071109158,high
2021,oe:team:6a0084dacefb228be863fbb64cefe11,11,0.0416755639538608,0.04132231404958678,0.05413223140495868,0.10869565217391304,0.0916501976284585,-0.0090909090909091,0.18181818181818182,0.19090909090909092,0.6727272727272728,2.1818181818181817,1.5090909090909088,0.09752066115702479,0.12107438016528925,2.090909090909091,0.5272727272727272,-1.6105286424429934,-0.12751894937551533,0.491155313011879,-0.012809917355371903,0.017045454545454544,0.39066887894514907,-0.20913348589864528,-0.07380631649462155,-0.00829373562674957,0.006611865753039944,-0.05972835056734127,mid
2021,oe:team:73f3126d91d35faa5d5ce34abadb865,12,-0.8829507410515288,0.05555555555555555,0.01643730886850153,0.09057971014492754,0.09114479457518948,0.0,0.0,0.0,0.2996941896024465,2.1666666666666665,1.8669724770642204,0.09999999999999999,0.13371913580246914,1.8333333333333333,0.65,-1.020301184991803,0.018811982647206182,0.5645213506861272,0.03911824668705402,-0.0005650844302619445,-0.6618566956207703,-0.19030814267000895,-0.3652588301557751,-0.0003170472316871599,0.12048646807892971,0.07143306517531034,low
2021,oe:team:78f183fa5a7d8ecb22b9ad272c3abd7,6,2.3112128580579996,0.03333333333333333,0.025869565217391307,0.14634146341463414,0.07730646871686107,0.07971014492753621,0.16666666666666666,0.08695652173913045,0.9942028985507245,2.3333333333333335,1.3391304347826087,0.10303030303030304,0.11784511784511785,2.1666666666666665,0.6,-0.5129655244108016,-0.27755774734260075,0.44422441400926743,0.007463768115942026,0.06903499469777306,2.422369862114018,-0.10223067170350326,0.3993732381464676,0.007438555225546523,0.06287707049958552,-0.23797576773234064,high
2021,oe:team:7e3dd5ff49e1a44784d225d2de40260,4,1.8446968587143715,0.19696969696969696,0.03651903651903653,0.07792207792207792,0.09024309024309024,0.33760683760683763,0.5,0.1623931623931624,0.3141025641025641,1.75,1.435897435897436,0.1,0.096875,2.5,0.5,-0.617374233794829,-0.2852387937262521,0.2852387937262521,0.16045066045066042,-0.01232101232101232,1.9784786957858538,0.15394404126768205,-0.29515834964476606,0.003435794603648382,-0.03555693002082058,-0.24297339165438436,high
2021,oe:team:89008bdacc273b554227d6b76869381,13,-0.7148368674141854,0.08653846153846154,0.04147376543209876,0.1363395225464191,0.08148148148148149,0.18269230769230768,0.3076923076923077,0.125,1.1200142450142452,2.6153846153846154,1.4953703703703702,0.09743589743589744,0.11565656565656567,2.076923076923077,0.49230769230769234,-0.22923367666695565,-0.25862011926007594,0.6432355038754606,0.045064696106362774,0.05485804106493761,-0.665163102776079,0.005430990379319716,0.5644016786670488,0.0044868141266951505,-0.04907085847692742,-0.22633037051638905,low
2021,oe:team:8eb884e168f28402ce685bedebb5250,7,0.7351452927079033,0.04285714285714286,0.015131578947368421,0.15328467153284672,0.0904405173517736,0.10776942355889725,0.14285714285714285,0.03508771929824561,1.2976190476190477,2.7142857142857144,1.4166666666666665,0.10892857142857142,0.11205357142857143,2.2857142857142856,0.7142857142857143,0.8092550801757892,0.1073039884577478,0.32126744011368075,0.027725563909774438,0.06284415418107313,0.5597838581694388,-0.05236442826830904,0.8855452189149722,0.025651921399464664,0.15733113672732982,0.11290339620709301,high
2021,oe:team:a9145b7711873f53e610fbba0493484,11,-0.7652710295053888,0.027972027972027972,0.04358974358974359,0.11969696969696969,0.08606060606060607,0.009090909090909096,0.09090909090909091,0.08181818181818182,0.8818181818181817,2.6363636363636362,1.7545454545454546,0.0912396694214876,0.11297520661157025,1.9090909090909092,0.6727272727272727,2.0723335442289086,-0.02450044332700141,0.6608640796906378,-0.015617715617715616,0.03363636363636362,-1.2143351034426466,-0.13021139048658922,0.6443256252557464,0.01972727017562677,0.0968281049228947,-0.05136358722884561,low
2021,oe:team:b61ee1b18ac8e03518fc61ac07d497c,12,0.0416755639538608,0.0026881720430107525,0.015389168393015686,0.08397435897435897,0.09177840508115738,-0.013761467889908258,0.0,0.013761467889908258,-0.1207951070336392,1.3333333333333333,1.4541284403669728,0.06881720430107525,0.08418458781362008,1.1666666666666667,0.5,0.3374401235551228,0.1495330836192038,0.2671335830474629,-0.012700996350004934,-0.007804046106798412,-0.031445983982061936,-0.1816768140587232,-0.5980826636940679,-0.018853907062730005,-0.04987794591633486,0.16725867183555915,mid
2021,oe:team:cd62e47544f14f1d239afa659b9d243,8,-1.2191784883262164,0.0,0.0254424778761062,0.08044554455445545,0.08315079295540173,0.0,0.0,0.0,0.07632743362831862,1.625,1.5486725663716814,0.05113636363636363,0.07859848484848485,1.0,0.30000000000000004,-0.3648202456245317,-0.062188832642961045,0.43718883264296104,-0.0254424778761062,-0.0027052484009462835,-1.1401238080547054,-0.17949750356426394,-0.49802575443605585,-0.04307556631732844,-0.23934492257792947,-0.026414355021965263,low
2021,oe:team:ce499dea30cfce118f4fe85da0227e8,14,-1.0339101377871032,0.06666666666666667,0.01651090342679128,0.0887043189368771,0.08802434253423168,0.13351134846461948,0.14285714285714285,0.009345794392523364,0.32843791722296395,2.0714285714285716,1.7429906542056075,0.0868804664723032,0.10801749271137026,2.2142857142857144,0.5857142857142856,0.20071199301727385,0.19579281828287898,0.5184928960028353,0.05015576323987539,0.0006799764026454158,-1.0774033995370789,-0.036659011368322295,-0.16774804650098835,-0.0020641239844873677,0.03788708999428325,0.2170324748062123,low
2021,oe:team:e435aa3ecb82a89e60544f5f5857a81,11,-1.345263893554224,0.0303030303030303,0.035227272727272725,0.12927439532944118,0.07956630525437865,-0.08636363636363636,0.0,0.08636363636363636,1.3909090909090909,3.1818181818181817,1.7909090909090908,0.12348484848484849,0.15845959595959597,2.909090909090909,0.6181818181818182,-1.7192890381744557,0.045178659959430434,0.3184577036769332,-0.004924242424242425,0.049708090075062536,-0.9727027573855915,-0.28819996386134045,0.6293427631948487,0.01665746271655433,0.0991522259702251,0.11576452451277985,low
2021,oe:team:e84133caa1e561518201cc7d33f14ed,5,0.6580931006241205,0.1878787878787879,0.030564263322884012,0.08703703703703704,0.05826947637292466,1.0232758620689655,1.2,0.17672413793103448,1.0362068965517242,2.2,1.1637931034482758,0.08,0.10407407407407407,1.8,0.52,0.055125033047218705,-0.00044699498273559346,0.2004469949827356,0.1573145245559039,0.02876756066411238,0.6461477880632891,0.8507043827095611,0.5198980684118544,-0.01030058025204218,-0.025643574210898266,0.024534411829492515,high
2021,oe:team:ef69efa6acebe94107f0cf1ba716806,19,-0.4338465357631969,0.007259528130671506,0.030764029749830973,0.08067867036011081,0.08955753353973167,-0.08823529411764705,0.0,0.08823529411764705,-0.23116615067079466,1.631578947368421,1.8627450980392155,0.06526315789473684,0.07924812030075187,1.5263157894736843,0.4526315789473684,0.8820289969688525,0.16353225412568817,0.5733098511374697,-0.023504501619159467,-0.00887886317962086,-0.624977705652649,-0.24716890883113846,-0.6331812511691072,-0.01733567944735329,-0.10541451594226453,0.16726128952684738,mid
2021,oe:team:fc8e90107dabb9a35c490b0d86adea0,18,-0.5923539023355495,0.06790123456790124,0.035239122617763394,0.08725071225071225,0.08541822255414487,0.05987055016181231,0.16666666666666666,0.10679611650485436,-0.1661272923408844,1.7222222222222223,1.8883495145631066,0.06412698412698413,0.08515873015873016,1.6666666666666667,0.48888888888888893,-0.10226650745934093,0.0021228558493682215,0.4978771441506318,0.03266211195013785,0.0018324896965673798,-0.5701932735145193,-0.115296737924473,-0.7041906006242872,-0.027639533203692866,-0.054394009934104814,0.031149404082786446,low
2022,oe:team:056c3140a119e44a03d462e2c832f27,11,-0.914576273042046,0.01948051948051948,0.022783251231527094,0.08148148148148149,0.06955619412515965,0.0,0.0,0.0,0.8205329153605014,2.3636363636363638,1.543103448275862,0.07597402597402597,0.09967532467532467,1.4545454545454546,0.5818181818181819,0.390039208261099,-0.07890628662124943,0.6243608320757948,-0.0033027317510076135,0.01192528735632184,-0.9990957734597086,-0.013261054956036106,0.27140799253279896,-0.006101108917679469,0.00387685131813316,-0.038865094343126697,low
2022,oe:team:0916b3c324c8577b0c6344f3e067f62,6,0.5493415660753113,0.1149425287356322,0.040467369620974636,0.11280487804878048,0.07569038500302358,0.12121212121212122,0.16666666666666666,0.04545454545454545,0.9352617079889806,2.6666666666666665,1.731404958677686,0.11333333333333333,0.1396031746031746,2.8333333333333335,0.6333333333333333,-0.9523455500470182,-0.04906235038515547,0.21572901705182213,0.07447515911465756,0.0371144930457569,0.755709973174209,0.08581154046433578,0.2005938870130888,0.018755292728495958,0.07552608786629866,0.025479655415280647,high
2022,oe:team:1d0389df0c5eea93b04122ba167c010,26,1.443136520598142,0.08757396449704141,0.04996191926884996,0.05559015882902523,0.06888603840141098,-0.034653465346534656,0.0,0.034653465346534656,-0.04303122619954295,1.6153846153846154,1.6584158415841583,0.06979020979020979,0.08342657342657342,1.7692307692307692,0.5769230769230769,1.7200809771380732,0.22837223987136457,0.5023969908978662,0.037612045228191456,-0.013295879572385753,1.070403775308815,-0.025978563518266426,-0.4083192848731795,0.00010301861425017836,-0.020967209274130396,0.23422984747980816,high
2022,oe:team:4bd1751425ef6a9bc9d4d8e9385b4a6,6,-0.7564370002978871,0.0,0.044628099173553724,0.09415584415584416,0.07700976709241172,0.0,0.0,0.0,0.4421487603305785,2.0,1.5578512396694215,0.08437499999999999,0.08567708333333333,1.3333333333333333,0.5,-0.6810066402048116,-0.17592255187553277,0.3425892185421994,-0.044628099173553724,0.017146077063432436,-0.6088663463940591,-0.03092547422145089,-0.2550149044032937,-0.007675803324270441,-0.061876988251073586,-0.1083542643565918,low
2022,oe:team:50f58982d91a36557ec8aec52ab014f,16,-0.0760703617474359,0.030000000000000002,0.04324324324324325,0.12876884422110552,0.07999456743175336,-0.009009009009009009,0.0,0.009009009009009009,1.0439189189189189,2.625,1.5810810810810811,0.09127906976744186,0.10830910852713178,1.5625,0.65,-0.10501357238653551,-0.04340155211695795,0.668401552116958,-0.01324324324324325,0.04877427678935216,-0.053314458014694845,-0.03043481236343972,0.42636836246479615,0.00459303758928164,0.07948383931039525,0.009363059108764636,mid
2022,oe:team:5737b101780a9835142549164be1ac4,5,-0.0638960472458804,0.04705882352941176,0.037126325940212146,0.13382352941176473,0.0742225168756027,0.0,0.0,0.0,1.4336065573770491,3.2,1.766393442622951,0.08551724137931035,0.10344827586206898,1.8,0.4,0.21067999494192569,0.05153412814639724,0.14846587185360277,0.009932497589199611,0.059601012536162026,-0.10954932400201405,-0.016219169538827176,0.85969080759541,0.00177156358324603,-0.17525116761636536,0.09618505599692975,mid
2022,oe:team:658a021a796aa5501503220adb38cf4,10,0.8085964920322377,0.029629629629629627,0.039727761949984175,0.10151515151515152,0.07575757575757576,-0.07692307692307693,0.0,0.07692307692307693,0.7299145299145298,2.7,1.9700854700854702,0.0896551724137931,0.09706896551724138,2.5,0.6,-1.2219342495971468,0.007823827143655704,0.3921761728563443,-0.010098132320354548,0.025757575757575757,1.073383390712554,-0.11676989853430658,-0.04201553522269741,-0.007433804098905233,0.046236246361286676,0.08929456883247047,high
2022,oe:team:692bccdba8ec7050f5aeb916815439e,5,0.32303542669485,0.07058823529411765,0.04725168756027001,0.1018867924528302,0.06870553665326322,0.09344262295081966,0.2,0.10655737704918034,0.6967213114754098,2.0,1.3032786885245902,0.10434782608695652,0.10797101449275362,1.8,0.4800000000000001,-1.4301222585543343,-0.4141270414688659,0.4141270414688659,0.023336547733847635,0.033181255799566975,0.6329356015210619,0.050162222579615265,-0.10398426403806935,0.005319796683135496,-0.0706411950360061,-0.32730563140411817,high
2022,oe:team:6a0084dacefb228be863fbb64cefe11,12,0.1396855452523469,0.0,0.027173913043478257,0.0930930930930931,0.07132784958871916,-0.05217391304347826,0.0,0.05217391304347826,0.1601449275362318,1.9166666666666667,1.756521739130435,0.07708333333333334,0.0842013888888889,1.6666666666666667,0.45,-0.8277951951856115,-0.09354505141718794,0.5935450514171879,-0.027173913043478257,0.02176524350437395,0.3190645278350258,-0.0855203243165588,-0.5573076847125459,-0.01633465138310735,-0.10967534432628587,-0.022204131252309255,mid
2022,oe:team:73f3126d91d35faa5d5ce34abadb865,19,-0.3757313436915786,0.002105263157894737,0.03462962962962963,0.07676305387975868,0.05809910701215049,-0.009259259259259259,0.0,0.009259259259259259,0.5587231968810916,1.5263157894736843,0.9675925925925926,0.08557504873294346,0.10185185185185185,2.0526315789473686,0.6526315789473685,-0.2436736645559045,-0.09620491179880442,0.7277838591672254,-0.03252436647173489,0.018663946867608187,-0.3229285075740889,-0.03297193950786688,-0.07799280018115112,-0.0024024567339576393,0.08419514545158426,-0.039876578657055614,mid
2022,oe:team:78f183fa5a7d8ecb22b9ad272c3abd7,11,-0.914576273042046,0.09090909090909091,0.09482758620689656,0.07096774193548387,0.06523915461624027,0.0,0.0,0.0,-0.02625391849529776,0.9090909090909091,0.9353448275862069,0.09602272727272726,0.12556818181818183,1.5454545454545454,0.6181818181818182,-0.7918208261469498,0.010563135774184662,0.5348914096803608,-0.003918495297805649,0.005728587319243597,-0.7429927521324227,-0.03275309742156067,-0.7387341942740917,0.002939806062778322,0.05796690351196974,0.08097947378025663,low
2022,oe:team:7d6673d3a9d00363c6bebc1a630da6e,6,-0.6362511530123263,0.0,0.021579430670339763,0.08333333333333333,0.059504132231404966,0.0,0.0,0.0,0.6611570247933884,2.0,1.3388429752066113,0.050666666666666665,0.06266666666666666,1.0,0.3333333333333333,0.32433603197863153,-0.23959279678291776,0.4062594634495844,-0.021579430670339763,0.023829201101928363,-0.7065331113633708,-0.014344676590521067,0.10295068349043819,-0.03202042438219027,-0.24362253206066223,-0.19786295822159222,low
2022,oe:team:89008bdacc273b554227d6b76869381,5,1.735325054022239,0.020833333333333332,0.044484289617486336,0.09259259259259259,0.06676280105241854,-0.08196721311475409,0.0,0.08196721311475409,0.569672131147541,2.0,1.430327868852459,0.09297297297297298,0.11621621621621622,2.2,0.64,-1.028224493214057,-0.05934332693177935,0.45934332693177937,-0.023650956284153004,0.02582979154017405,1.958136039797497,-0.11861924119081121,-0.17548359125638724,-0.002311800382037517,0.08333084335920168,0.017148853922622432,high
2022,oe:team:8e27b674a472ab529e758f13f0bace0,9,-0.2551018590451276,0.013888888888888888,0.04696327683615819,0.12589194699286443,0.0523829886487327,0.0,0.0,0.0,2.2349340866290017,3.2222222222222223,0.9872881355932203,0.07328605200945626,0.09011032308904648,1.7777777777777777,0.5333333333333334,1.706286468997321,-0.057696216812598566,0.3910295501459319,-0.0330743879472693,0.07350895834413174,-0.6248454050132847,0.00844739338340805,1.8677393666921744,0.0034703794621346595,-0.06435005257081287,-0.051484074671450705,mid
2022,oe:team:9cae7677cd0dbcc1cd86653870b73c2,6,0.4667218643967301,0.06837606837606837,0.0335876244967154,0.09772727272727273,0.05732531930879039,-0.0371900826446281,0.0,0.0371900826446281,1.3388429752066113,2.5,1.1611570247933884,0.05646258503401361,0.0776077097505669,1.5,0.5333333333333333,0.5033178650798965,-0.12588286699677956,0.2925495336634462,0.03478844387935297,0.04040195341848234,0.3576554587461468,-0.04858286866452448,0.8053752997920753,-0.024557478011300555,-0.04630703471515262,-0.08875306490747958,high
2022,oe:team:a65adb2808377018a2a7832eb2bd7f4,5,-1.327113506287678,0.0,0.08401639344262295,0.07256637168141593,0.07598288118380966,0.0,0.0,0.0,0.1598360655737705,2.0,1.8401639344262297,0.08,0.09869565217391305,1.6,0.44000000000000006,-1.2950774835393042,-0.2651051004069436,0.2651051004069436,-0.08401639344262295,-0.003416509502393736,-1.0464768431201332,-0.04105314975547596,-0.6222037743665194,-0.017770229001504108,-0.11266669701417503,-0.18175449449958847,low
2022,oe:team:b42d0f31f2727621b963042276817c4,14,-0.4545347523317652,0.06015037593984963,0.06380996739636702,0.10697197539302802,0.07183384849896261,0.0,0.0,0.0,0.8482932996207333,2.357142857142857,1.508849557522124,0.12954545454545455,0.14155844155844155,2.642857142857143,0.8571428571428571,-0.483675854514241,0.08865580132136575,0.6256299129643486,-0.00365959145651739,0.03513812689406541,-0.3497246698534313,-0.02767096019910099,0.17840447218241676,0.03933258046800975,0.2923061549989254,0.1511524634384342,mid
2022,oe:team:cd62e47544f14f1d239afa659b9d243,10,-0.5350420184560645,0.3,0.18518518518518517,0.13916083916083916,0.06831629908552986,0.2666666666666667,0.6,0.3333333333333333,1.623931623931624,3.0,1.376068376068376,0.134,0.1537222222222222,3.3,0.72,-0.44335893980456437,0.03103769895887698,0.36896230104112304,0.11481481481481481,0.0708445400753093,-0.43896840507486384,0.2396606405466621,0.9596153546986427,0.044162635686160384,0.15455859478266895,0.09249817055934072,mid
2022,oe:team:ce499dea30cfce118f4fe85da0227e8,18,3.136480841510451,0.16475095785440613,0.03522092164926711,0.04139433551198257,0.06658121964382084,0.1855249745158002,0.2222222222222222,0.03669724770642202,-0.719164118246687,0.6111111111111112,1.3302752293577982,0.05531914893617021,0.056126871552403465,1.1666666666666667,0.47777777777777775,1.915520534656767,0.12028889841798707,0.6019333238042351,0.12953003620513903,-0.02518688413183827,2.721397344262179,0.1974231989403907,-1.057438743036791,-0.012547727799276678,-0.12304385626552361,0.12112348733741167,high
2022,oe:team:e435aa3ecb82a89e60544f5f5857a81,14,-0.3723844807763583,0.0989010989010989,0.03471749489448605,0.07359307359307359,0.051622418879056046,0.0,0.0,0.0,0.6125158027812895,2.2142857142857144,1.6017699115044248,0.06326530612244897,0.07130102040816326,1.7142857142857142,0.4857142857142857,0.5162090012359895,0.2053252720951576,0.2946747279048424,0.06418360400661285,0.02197065471401754,-0.4842443296620116,-0.011180176602479809,0.08082992557924136,-0.017634689513802888,-0.09411943318233268,0.24212375733818123,mid
2022,oe:team:ef69efa6acebe94107f0cf1ba716806,12,0.1396855452523469,0.08823529411764706,0.03452685421994885,0.06241283124128313,0.07454975441149718,0.0,0.0,0.0,-0.1760869565217391,1.25,1.4260869565217391,0.09313725490196079,0.10623638344226581,2.0833333333333335,0.7666666666666666,1.6078918834428835,0.0654266108298982,0.5179067225034352,0.05370843989769821,-0.012136923170214052,-0.20873639755714263,0.006824602710936083,-0.5568816644298766,0.022405140017033733,0.17045907593978235,0.07416760561691302,high
2022,oe:team:f7f7324c151aa6ed770b244ce08e027,16,-0.579693107230886,0.15384615384615385,0.03880803880803881,0.07232704402515723,0.08150603433622301,0.10698198198198199,0.125,0.018018018018018018,-0.24268018018018012,1.4375,1.6801801801801801,0.07022058823529412,0.08299632352941176,1.5,0.5,0.43620763609975677,0.03723994179727386,0.5252600582027261,0.11503811503811504,-0.009178990311065782,-0.6742170696958105,0.09448236825400835,-0.7854237552973151,-0.01142453618689601,-0.07863379891954696,0.0760945530228171,low
2022,oe:team:fc8e90107dabb9a35c490b0d86adea0,6,-0.914576273042046,0.0,0.04132231404958678,0.08760683760683761,0.062168891714346274,0.0,0.0,0.0,0.7630853994490358,1.8333333333333333,1.0702479338842976,0.07291666666666667,0.0828125,1.1666666666666667,0.4666666666666666,0.5293575176755816,-0.12407643844117552,0.2907431051078422,-0.04132231404958678,0.02543794589249134,-1.0292853381530689,-0.01096332229373119,0.23321689527022266,-0.007860864333202565,-0.11336426345900832,-0.0876158850101528,low
2022,oe:team:fcec508e780bbd1ad493852640f5b36,6,-0.5660244065855324,0.10526315789473684,0.05284906481078729,0.0779220779220779,0.06797610103395227,0.0,0.0,0.0,0.04683195592286508,1.6666666666666667,1.6198347107438016,0.11224489795918367,0.11502267573696145,2.6666666666666665,0.8333333333333334,-0.3558783917574538,-0.22497649664496144,0.7249764966449614,0.052414093083949544,0.009945976888125638,-0.4889073802873811,-0.02556323720439861,-0.605392851219389,0.02322232317360468,0.26657982979082834,-0.16576437452576498,low
2023,oe:team:0916b3c324c8577b0c6344f3e067f62,7,-1.0671380389310827,0.05714285714285715,0.03592233009708738,0.13909774436090225,0.11951967296882984,0.0,0.0,0.0,0.3599167822468793,2.7142857142857144,2.354368932038835,0.14871794871794872,0.16691086691086693,3.4285714285714284,0.7714285714285715,-0.4159103133071357,0.03449819985051927,0.3940732287209093,0.021220527045769766,0.019578071392072405,-0.9770124024444532,-0.10250328016142457,-0.20150500807181015,0.01749238248181554,0.15333925013585198,0.07410915986895496,low
2023,oe:team:2cb996a4b0ffaca3bcf66fe91450243,4,-0.1278230339218228,0.8999999999999999,0.049056603773584895,0.09705882352941177,0.11337402885682574,0.9622641509433962,1.0,0.03773584905660377,-0.679245283018868,1.25,1.929245283018868,0.16111111111111112,0.20949074074074076,3.25,0.65,-1.2032787410239068,-0.7559775890654352,0.7559775890654352,0.850943396226415,-0.01631520532741397,0.13292131151960923,0.8467750531874579,-1.349496244024119,0.02255203400761145,0.04372021600859825,-0.6961303658371499,mid
2023,oe:team:407a64574852482edb8c1560eab637c,10,-1.069010427645387,0.0,0.05863636363636363,0.15240384615384617,0.11242788461538462,0.0,0.0,0.0,0.9750000000000002,3.4,2.425,0.16,0.18538759689922482,3.1,0.7,0.4367266385118396,0.08082678253302122,0.4191732174669788,-0.05863636363636363,0.039975961538461544,-1.1636468552770327,-0.08844100951289124,0.5314287217119449,0.03671585245932402,0.06912219553659114,0.09852400411329433,low
2023,oe:team:4880b157399745e82e26e229d8bbf48,9,-0.6812322684001849,0.060606060606060615,0.018901890189018902,0.11750599520383694,0.10812735949853979,0.0814081408140814,0.1111111111111111,0.029702970297029705,-0.5440044004400438,1.7777777777777777,2.3217821782178216,0.15325670498084293,0.17835249042145593,3.3333333333333335,0.7333333333333334,-0.19296450343530766,0.4112424932454518,0.2554241734212148,0.04170417041704171,0.00937863570529715,-0.639417847995104,-0.01741816486050469,-1.0746108738850897,0.024107645068782223,0.11190010496335306,0.44512349263645645,low
2023,oe:team:50f58982d91a36557ec8aec52ab014f,9,0.5065195668636513,0.11555555555555556,0.020594059405940595,0.14074074074074072,0.11178217821782176,0.1925192519251925,0.2222222222222222,0.029702970297029705,0.639163916391639,2.7777777777777777,2.1386138613861387,0.14343434343434344,0.17856341189674524,2.888888888888889,0.7333333333333333,0.1671064198348607,0.013943720801207204,0.6527229458654594,0.09496149614961497,0.028958562522918965,0.4703084608469146,0.099631481713901,0.1583260374042985,0.01763896641820694,0.10649949344555334,0.03857048834723144,mid
2023,oe:team:606c6ac695907af3823ee6405c58ff1,19,-0.6947667333738404,0.043859649122807015,0.02701465201465202,0.08544087491455912,0.09693877551020408,0.0,0.0,0.0,-0.28253325621746667,1.0526315789473684,1.335164835164835,0.08947368421052633,0.11515899122807018,1.1578947368421053,0.4842105263157894,-0.7796024046612092,-0.062299850360613473,0.6412472187816661,0.016844997108154996,-0.011497900595644955,-0.5258308818728168,-0.10850153840069207,-0.8942241547376379,-0.04513929230322565,-0.1284238704868854,-0.013341590363026064,low
2023,oe:team:658a021a796aa5501503220adb38cf4,6,1.2677306878062204,0.06060606060606061,0.044580419580419584,0.21701388888888892,0.10296474358974357,-0.09615384615384616,0.0,0.09615384615384616,1.5929487179487183,3.3333333333333335,1.7403846153846152,0.16969696969696968,0.17727272727272725,3.1666666666666665,0.7333333333333334,-0.9730861949034612,0.1436320523880333,0.1897012809453,0.016025641025641024,0.11404914529914535,1.4785934865059571,-0.20784645130186383,0.9545147094788409,0.033281894663068225,0.12360095032449607,0.1975630656334687,high
2023,oe:team:6a0084dacefb228be863fbb64cefe11,5,-0.1278230339218228,0.07999999999999999,0.022857142857142857,0.14523809523809525,0.10935374149659864,-0.03333333333333333,0.0,0.03333333333333333,-0.023809523809523635,2.4,2.4238095238095236,0.10888888888888888,0.1303703703703704,2.6,0.52,0.9781179531081396,-0.19134906585115996,0.39134906585115997,0.057142857142857134,0.03588435374149661,-0.33977618887466066,-0.11284534771368102,-0.39255030888707787,-0.009352766535862462,-0.11899799407130898,-0.18756621619137004,mid
2023,oe:team:7338408a0fe0217451d2c9a567db999,16,-1.8722651860818769,,,0.16510416666666666,0.0809840425531915,0.0,0.0,0.0,1.881648936170213,3.3125,1.430851063829787,0.15677083333333333,0.15677083333333333,3.0,0.75,-0.7782386495527939,-0.24262991257867672,0.7426299125786767,,0.08412012411347516,-1.703624853333876,-0.10847904642049822,1.2701465343337337,0.022170558767685866,0.1373451485838866,-0.19370670263689063,low
2023,oe:team:78f183fa5a7d8ecb22b9ad272c3abd7,9,-0.8854093400027606,0.0,0.0171017101710171,0.15036593479707253,0.08827888776901642,-0.039603960396039604,0.0,0.039603960396039604,1.44994499449945,3.2222222222222223,1.7722772277227723,0.11174603174603176,0.13015873015873017,2.111111111111111,0.7333333333333333,-0.0278542681881983,0.08807788270161104,0.3563665617428334,-0.0171017101710171,0.062087047028056105,-0.879373462629658,-0.1357071553610387,0.9421598704269113,-0.01586519954365285,0.10942365885078228,0.11771536144651912,low
2023,oe:team:7d6673d3a9d00363c6bebc1a630da6e,9,-0.6645744653556855,0.0,0.011881188118811881,0.13296903460837886,0.08330628144781692,0.0,0.0,0.0,1.180968096809681,2.888888888888889,1.7079207920792079,0.1188034188034188,0.14045584045584045,2.4444444444444446,0.5555555555555556,0.16104127808998672,-0.022306168536348314,0.35563950186968163,-0.011881188118811881,0.04966275316056194,-0.6994712861944667,-0.09298780066922109,0.6992919008122145,-0.007048448645064771,-0.07118731482525342,0.002476480043806569,low
2023,oe:team:8eb884e168f28402ce685bedebb5250,5,1.9767620141680489,0.1894736842105263,0.03684210526315789,0.10948905109489052,0.0989224887035106,0.0,0.0,0.0,0.9,2.2,1.3,0.12387096774193548,0.14096774193548386,2.8,0.72,1.669601170673367,-0.32441947182879166,0.5244194718287917,0.1526315789473684,0.010566562391379916,1.614967984610913,-0.06810760112617598,0.6268352406586071,0.012069753046209998,0.07063062632594008,-0.3384085265320214,high
2023,oe:team:9cae7677cd0dbcc1cd86653870b73c2,17,1.529397010630228,0.23227752639517346,0.024538185828508408,0.10784313725490197,0.08960573476702509,0.7163187855787476,0.7647058823529411,0.04838709677419355,0.5154965211891209,2.1176470588235294,1.6021505376344085,0.15261437908496733,0.169281045751634,3.3529411764705883,0.7999999999999999,1.4309175714705498,0.070530908369348,0.45888085633653436,0.20773934056666504,0.018237402487876878,1.219324495565059,0.6442746516009334,0.20934118558973483,0.038590077068237846,0.15421058047291072,0.06267629336082227,high
2023,oe:team:a9145b7711873f53e610fbba0493484,11,0.5431162553705053,0.03636363636363637,0.03232323232323232,0.17088922006954793,0.11781751945686372,-0.050505050505050504,0.0,0.050505050505050504,1.02020202020202,3.3636363636363638,2.3434343434343434,0.1337995337995338,0.15571095571095572,3.0,0.6727272727272727,-1.2550578888988253,-0.06618541618581592,0.5207308707312704,0.004040404040404046,0.05307170061268421,0.8150808771783862,-0.1668481253139586,0.34279420412902784,-0.0052418117443513,0.06722411090756827,-0.005007410025051277,high
2023,oe:team:b42d0f31f2727621b963042276817c4,13,0.2210653965101878,0.038461538461538464,0.0625,0.13255494505494506,0.09476251840942562,-0.03608247422680412,0.0,0.03608247422680412,0.6530531324345759,2.3076923076923075,1.6546391752577319,0.08910256410256409,0.11826923076923078,1.7692307692307692,0.38461538461538464,-0.4015372435367981,0.051779039778471425,0.563605575606144,-0.024038461538461536,0.037792426645519434,0.3080764623312858,-0.13834870391002746,0.09361797151105009,-0.04198913206760284,-0.23368951466803414,0.09102059557295375,mid
2023,oe:team:ce499dea30cfce118f4fe85da0227e8,15,1.2023141071002186,0.05673758865248227,0.029339305711086228,0.09439252336448599,0.11571569109690114,0.10701754385964914,0.13333333333333333,0.026315789473684213,-0.31578947368421045,1.8,2.1157894736842104,0.08166666666666668,0.11106481481481482,1.4,0.4266666666666667,1.9415050433333292,0.33852086119776814,0.5281458054688986,0.02739828294139604,-0.021323167732415146,0.7815998997965836,0.04339436701226107,-0.5513719882639523,-0.027602048712553135,-0.22678092352397625,0.31754356802670936,high
2023,oe:team:d356a144644879dabb5f34cd99c886d,18,0.6968223470992941,0.0308641975308642,0.03864734299516908,0.12636165577342048,0.10400682011935208,0.0,0.0,0.0,0.2578502415458938,2.111111111111111,1.8532608695652175,0.1101010101010101,0.146506734006734,1.6111111111111112,0.5,-1.821693637584338,-0.04424998310485184,0.5442499831048518,-0.007783145464304881,0.0223548356540684,1.0915740359079578,-0.12568841838116476,-0.4978773247736573,-0.0342179529781292,-0.09700433741323641,0.03149120561552,high
2023,oe:team:d723992568441c6bafa2658129eade7,12,-1.00876632076265,0.0,0.0,0.1528497409326425,0.09614571217087871,0.0,0.0,0.0,1.0867346938775508,3.25,2.163265306122449,0.1625,0.18489583333333334,3.1666666666666665,0.7999999999999999,0.09912188697998346,-0.05055697072692089,0.5505569707269209,0.0,0.056704028761763794,-1.030245526418293,-0.09400901753570065,0.5965000698980794,0.0360714183836361,0.17418584270095486,-0.024182923441678005,low
2023,oe:team:e435aa3ecb82a89e60544f5f5857a81,4,-0.5793257085985428,0.0,0.02425876010781671,0.13271604938271606,0.1310272536687631,-0.0330188679245283,0.0,0.0330188679245283,0.2547169811320753,2.75,2.4952830188679247,0.07058823529411765,0.0823529411764706,1.5,0.3,-0.6869490211397701,-0.06539734186470168,0.06539734186470168,-0.02425876010781671,0.0016887957139529453,-0.4304673711560441,-0.1399923034758174,-0.34416747184749663,-0.06316177215580851,-0.3140240811617019,-0.01882037909751,mid
2023,oe:team:e758ebe9a5a2cc81b9c8078479c2d87,8,-0.4646808288216951,0.019230769230769232,0.02262443438914027,0.140625,0.10910467128027682,0.0,0.0,0.0,0.6568627450980391,3.0,2.343137254901961,0.09913793103448276,0.13469827586206898,2.25,0.45,-0.1294384082142934,0.210813435903214,0.289186564096786,-0.003393665158371039,0.031520328719723184,-0.4366321881583544,-0.09777858994711659,0.1350367764541655,-0.029419449946514367,-0.17238603999502236,0.24306174246792098,mid
2023,oe:team:ef69efa6acebe94107f0cf1ba716806,8,0.9733560746292113,0.14655172413793105,0.04732927653820149,0.054310344827586204,0.09672075726842462,0.33333333333333326,0.5,0.16666666666666669,-0.6544117647058822,1.375,2.0294117647058822,0.128125,0.139453125,3.25,0.75,1.2332894111571637,-0.18834466344515388,0.6883446634451539,0.09922244759972956,-0.042410412440838416,0.706108570548496,0.25802978082789163,-0.9878830403837717,0.012259999003812305,0.10717475461154069,-0.19112001018612007,high
2023,oe:team:fc8e90107dabb9a35c490b0d86adea0,6,0.325731925639791,0.07142857142857144,0.05425824175824176,0.1164874551971326,0.08896815550041355,0.0,0.0,0.0,0.16185897435897414,2.1666666666666665,2.0048076923076925,0.12833333333333333,0.15083333333333335,2.8333333333333335,0.5666666666666667,0.5481839012867848,-0.066423976110707,0.3997573094440403,0.01717032967032968,0.027519299696719055,0.20694327954360442,-0.08660278025066859,-0.26630680753399993,0.006087293264374513,-0.06588285672260816,-0.0515913328228397,mid
2024,oe:team:2cb996a4b0ffaca3bcf66fe91450243,8,0.9233086628436024,0.2375,0.08724489795918366,0.09821428571428571,0.06908001295756398,0.24744897959183676,0.375,0.12755102040816327,0.375,1.625,1.25,0.10535714285714286,0.1316220238095238,2.5,0.6,-0.7945196625223748,0.2735555490094947,0.10144445099050531,0.15025510204081632,0.02913427275672173,1.0954770077845757,0.10509677710200581,-0.33833942633654135,0.006170043226931676,0.00560602509522358,0.338173071759295,high
2024,oe:team:2e66da41dc460dd378e3bcc57042d31,14,-1.808873193661566,0.0,0.01766304347826087,0.14324116743471582,0.07041841982234688,0.0,0.0,0.0,1.3920807453416149,2.5714285714285716,1.1793478260869565,0.09511278195488722,0.10084586466165413,1.9285714285714286,0.6142857142857142,0.29658004883974726,0.1886356028272438,0.3113643971727562,-0.01766304347826087,0.07282274761236894,-1.873140572506724,-0.12435704122807939,0.8295518830865182,0.006088131451392696,0.0035266143807478664,0.22521062327435173,low
2024,oe:team:3a1d18f46bcb3716ebcfcf4ef068934,12,0.181895963462752,0.30357142857142855,0.13107902735562307,0.11568213783403657,0.08488194631474998,0.2695035460992908,0.5833333333333334,0.31382978723404253,0.8457446808510638,2.5,1.6542553191489364,0.12058823529411765,0.12279411764705883,2.75,0.7666666666666666,0.3244159484053683,-0.13661316978756566,0.6366131697875657,0.17249240121580547,0.03080019151928659,0.11159668763100289,0.14560559352858435,0.2870632650497519,0.0318228469921307,0.15549006323645834,-0.10075356358677985,high
2024,oe:team:4880b157399745e82e26e229d8bbf48,13,1.403970285747289,0.2909698996655518,0.17110799438990182,0.07015384615384615,0.06881720430107525,0.1927212572373863,0.46153846153846156,0.26881720430107525,-0.013234077750206873,1.3846153846153846,1.3978494623655915,0.10659340659340659,0.11982600732600733,2.6923076923076925,0.5538461538461539,-0.7221968752954191,-0.02316955457637726,0.4847080161148388,0.11986190527565,0.001336641852770895,1.56046665280561,0.05156185152450958,-0.7165771304977357,0.008079917851588687,-0.04163257201310101,0.03958919036766492,high
2024,oe:team:4bd1751425ef6a9bc9d4d8e9385b4a6,7,-0.5987864763514065,0.1904761904761905,0.15404040404040406,0.10177404295051354,0.08196342510068,-0.03896103896103897,0.14285714285714285,0.18181818181818182,0.3037518037518037,1.5714285714285714,1.2676767676767677,0.1125,0.13311011904761905,1.7142857142857142,0.5142857142857143,0.4747116152687821,-0.24947548428077088,0.6780469128521994,0.03643578643578643,0.01981061784983354,-0.701654054059442,-0.1603802127968732,-0.23415591550955403,0.025134458158020484,-0.09914513534178794,-0.21747864748612888,low
2024,oe:team:50f58982d91a36557ec8aec52ab014f,14,-0.7857104408139516,0.11160714285714286,0.06317934782608696,0.08788819875776398,0.06883270321361058,0.0,0.0,0.0,0.30667701863354047,1.7142857142857142,1.4076086956521738,0.07738095238095237,0.08752480158730158,1.7857142857142858,0.5714285714285714,0.7106790133966036,-0.11902755627002604,0.6904561276985974,0.048427795031055904,0.019055495544153395,-0.93971094614107,-0.11752743842649656,-0.19861555460045577,-0.007786800703440527,-0.045541492741945064,-0.0930953497162802,low
2024,oe:team:606c6ac695907af3823ee6405c58ff1,16,-0.7026331232750428,0.17105263157894735,0.11549707602339179,0.0943579766536965,0.07453523562472979,0.0,0.0,0.0,0.5861111111111112,2.375,1.7888888888888888,0.08680555555555555,0.10472608024691357,1.9375,0.6375,-0.32725395839270216,0.03594963384591132,0.4640503661540887,0.05555555555555555,0.01982274102896671,-0.6317188652024593,-0.13464573752577905,-0.06264337978654451,-0.008029454254240263,0.03609762652563951,0.08855789708663576,low
2024,oe:team:61450737f7b683db4da7b3e0bf0dced,12,0.6446642437690012,0.26666666666666666,0.17836879432624117,0.09206349206349207,0.067629179331307,0.1081560283687943,0.4166666666666667,0.30851063829787234,0.23404255319148937,1.5,1.2659574468085106,0.09347826086956522,0.10507246376811595,2.25,0.5,-1.5035733589820097,-0.023771119040085886,0.44043778570675257,0.08829787234042549,0.024434312732185076,0.9704808961743563,-0.04589037170734454,-0.5773014705375459,-0.012312930067191957,-0.08375906019114072,0.059069889344111,high
2024,oe:team:6a0084dacefb228be863fbb64cefe11,10,-0.6660791035579225,0.13333333333333336,0.07118055555555555,0.09830508474576273,0.06629590395480227,0.0,0.0,0.0,0.8947916666666668,2.4,1.5052083333333333,0.0656,0.08813333333333333,1.8,0.48,0.25755743470404774,-0.009328318432471838,0.5093283184324718,0.06215277777777781,0.03200918079096046,-0.7218904816167886,-0.12500062881857593,0.32686914296298386,-0.02378810521511796,-0.13017380971423975,0.02824962753588964,low
2024,oe:team:78f183fa5a7d8ecb22b9ad272c3abd7,6,-0.8339488832558986,0.03333333333333333,0.11,0.0883668903803132,0.06785234899328858,0.0,0.0,0.0,0.3283333333333334,1.3333333333333333,1.005,0.11290322580645161,0.14740143369175626,1.8333333333333333,0.5666666666666668,-0.4690142134922987,-0.05884506821539781,0.3921784015487311,-0.07666666666666666,0.020514541387024618,-0.7323159033565656,-0.13698374442327846,-0.34001509917503936,0.016747867942634637,-0.03260948106443184,-0.002593405348897699,low
2024,oe:team:7d6673d3a9d00363c6bebc1a630da6e,8,-0.135540129639882,0.005681818181818181,0.013914656771799629,0.08314220183486239,0.06946264744429882,0.0,0.0,0.0,-0.05102040816326525,1.5,1.5510204081632653,0.06956521739130435,0.09017210144927536,1.375,0.42500000000000004,0.482342258099517,-0.049608821522359015,0.424608821522359,-0.008232838589981448,0.013679554390563564,-0.2400612285997799,-0.12129332406533207,-0.5878734286307148,-0.017729253018097593,-0.18854529968413444,-0.01780810091849558,mid
2024,oe:team:8eb884e168f28402ce685bedebb5250,10,-0.1103722466266922,0.16,0.10381944444444444,0.11986301369863013,0.06792237442922373,0.12291666666666665,0.3,0.17708333333333334,1.1927083333333333,2.5,1.3072916666666667,0.1032258064516129,0.10274193548387096,2.1,0.5599999999999999,-1.0605012394548134,-0.08455821088987414,0.5845582108898741,0.05618055555555557,0.0519406392694064,0.119432944883775,-0.023822285558052346,0.4426052352308296,0.0015613674764528157,-0.030404585384351267,-0.013104659401426126,mid
2024,oe:team:9cae7677cd0dbcc1cd86653870b73c2,12,0.2495607469786051,0.030303030303030304,0.1455512572533849,0.10694444444444445,0.07358156028368795,-0.14361702127659576,0.0,0.14361702127659576,0.847517730496454,2.6666666666666665,1.8191489361702127,0.08333333333333333,0.0959045584045584,2.25,0.7999999999999999,0.7235359162916002,0.09111495470943215,0.4922183786239012,-0.11524822695035461,0.0333628841607565,0.09277421658890866,-0.26093241488398655,0.34400222379243983,-0.0017146711889098939,0.1828370984372627,0.11671672425060806,high
2024,oe:team:a9145b7711873f53e610fbba0493484,8,-0.0380145829637716,0.02631578947368421,0.11170784103114931,0.12150837988826815,0.08197468931706761,0.0,0.0,0.0,1.336734693877551,3.0,1.663265306122449,0.1118421052631579,0.12308114035087718,3.0,0.8,-0.20425103930600666,0.15882342663420945,0.46617657336579055,-0.0853920515574651,0.03953369057120054,0.00624557200602241,-0.13261708941820324,0.7049815268900363,0.018152738600949098,0.19675273725907655,0.20827037509700178,mid
2024,oe:team:ce499dea30cfce118f4fe85da0227e8,17,0.709681274886408,0.05882352941176469,0.05247191011235954,0.08273133814929479,0.07357579341612458,0.1649041639127561,0.29411764705882354,0.12921348314606743,-0.2534699272967614,1.2352941176470589,1.4887640449438202,0.05976470588235294,0.06261437908496732,0.8823529411764706,0.7176470588235295,3.035007445153173,0.25072301491051796,0.5139828674424232,0.006351619299405149,0.009155544733170207,0.052010693070140945,0.0857111366488447,-0.43749646200697834,-0.0037543663385658926,0.06581498806361949,0.21691733983804956,high
2024,oe:team:d356a144644879dabb5f34cd99c886d,20,0.1756128049934223,0.16739130434782606,0.13498483316481294,0.07860824742268041,0.0822644449772237,0.03372093023255815,0.15,0.11627906976744187,0.1965116279069766,1.65,1.4534883720930234,0.08142857142857143,0.1131547619047619,1.65,0.53,-0.5273823878914832,0.0797765572028607,0.5702234427971393,0.032406471183013125,-0.003656197554543286,0.28989386958789104,-0.1042254619670231,-0.4799043874390418,-0.015270424745084827,-0.06840069843885829,0.13752834847004541,mid
2024,oe:team:d8ca3fc1f0827ec76369af7b70d43e3,4,0.0939317448921424,0.6666666666666666,0.19417211328976033,0.1170886075949367,0.06108835939439067,0.7450980392156863,1.0,0.2549019607843137,0.9656862745098038,2.25,1.2843137254901962,0.07647058823529412,0.09080882352941176,1.5,0.55,-0.5323501476105951,-0.44674185526401095,0.44674185526401095,0.47249455337690627,0.05600024820054603,0.20928929759539955,0.6070697153316548,0.288583621052109,-0.020274677408414696,-0.04832618828371152,-0.3888623869276164,mid
2024,oe:team:ef69efa6acebe94107f0cf1ba716806,9,0.1659024691771868,0.2592592592592593,0.05841924398625428,0.09986504723346827,0.06941024249760006,0.4369988545246277,0.5555555555555556,0.11855670103092783,1.0836197021764031,2.4444444444444446,1.3608247422680413,0.09454545454545454,0.09787878787878788,2.111111111111111,0.6888888888888889,0.950073778784069,-0.27714089099191325,0.6104742243252466,0.20084001527300502,0.030454804735868216,-0.03997365671474282,0.32341967798795296,0.6114160017835129,0.011607412548983436,0.06832820397201905,-0.2573614019118525,mid
2024,oe:team:fcec508e780bbd1ad493852640f5b36,8,-1.5008977831054278,0.125,0.0701530612244898,0.09679203539823009,0.06253386310276324,0.0,0.0,0.0,0.5331632653061225,1.625,1.0918367346938775,0.10543478260869564,0.12880434782608696,1.625,0.65,-1.2818748483957727,-0.02019068464522944,0.5201906846452294,0.054846938775510196,0.03425817229546685,-1.2231220634094457,-0.15038999690056748,-0.24753784184126765,0.0017084807117209583,0.06291574065398978,0.056952420120372604,low
2024,oe:team:fe099196385a285d6d6edde504dc1f6,4,2.632327766501156,0.358695652173913,0.11338448422847398,0.07916666666666666,0.06059368191721134,0.446078431372549,0.75,0.303921568627451,0.965686274509804,1.75,0.7843137254901961,0.0738095238095238,0.08412698412698412,1.0,0.6,0.1680142724005437,-0.4640572988261329,0.4640572988261329,0.24531116794543906,0.018572984749455325,2.595919933479341,0.3196009955960396,0.3853871965132331,-0.016412582021741964,-0.008830774766334055,-0.4241779918465476,high
2025,oe:team:0916b3c324c8577b0c6344f3e067f62,12,-1.5552086413139328,0.4166666666666667,0.13709677419354838,0.0787037037037037,0.08966364181085044,0.0,0.0,0.0,-0.23683737990603573,2.1666666666666665,2.4035040465727024,0.09195402298850575,0.0975095785440613,2.5833333333333335,0.65,-0.9506974197976542,0.0303079502488523,0.3863587164178144,0.2795698924731183,-0.010959938107146738,-1.3491973756058213,-0.014180682047585264,-0.7752855683120847,-0.005142799670762246,-0.07474364185180712,0.09561287904587343,low
2025,oe:team:2e66da41dc460dd378e3bcc57042d31,8,-1.3215274491223783,0.0,0.006578947368421052,0.10576923076923077,0.09068355963386239,0.0,0.0,0.0,0.6429338619913111,2.25,1.607066138008689,0.10294117647058823,0.10294117647058823,2.5,0.8,-0.1875281556994203,-0.22114241657346545,0.5961424165734655,-0.006578947368421052,0.015085671135368378,-1.2808910574513375,-0.0015939735786449291,0.20997006333419996,0.012952474857186855,0.06380977790148114,-0.1754518049859152,low
2025,oe:team:3a1d18f46bcb3716ebcfcf4ef068934,9,-0.5466659765647237,0.0,0.025571205007824723,0.13731656184486374,0.09619485560584132,0.0,0.0,0.0,1.3616621685330448,3.7777777777777777,2.416115609244733,0.09974160206718347,0.10245478036175709,2.4444444444444446,0.8,-0.18205096209762361,-0.04601775141675302,0.6015733069723086,-0.025571205007824723,0.04112170623902242,-0.5072164647178383,-0.0015036399628444814,0.9294554213608425,0.00980391476599921,0.06372762687805932,-0.0004679099280225363,low
2025,oe:team:4880b157399745e82e26e229d8bbf48,5,-0.286189944829241,0.0,0.012658227848101267,0.0983050847457627,0.090134817603819,0.0,0.0,0.0,0.12086416303744549,2.4,2.2791358369625545,0.1,0.10416666666666667,2.6,0.6,-1.3951548334694155,-0.18236830205214688,0.3823683020521469,-0.012658227848101267,0.008170267141943702,0.01613296792568969,-0.021510977115686426,-0.4790164247799642,-0.0012364771824944845,-0.1180773389866738,-0.10564031272587361,mid
2025,oe:team:4acc40654379b4da680be1bd3129dfa,10,1.1138687257489792,0.0,0.004054054054054054,0.09870967741935484,0.09563943198165478,0.0,0.0,0.0,-0.12535407129460024,2.4,2.5253540712946,0.0875,0.09078125000000001,1.8,0.7,-0.936782641199834,-0.04218379649295789,0.4421837964929579,-0.004054054054054054,0.003070245437700056,1.316864730143354,-0.013951190020246402,-0.661878974791348,-0.009467221094775474,-0.024952346050637026,0.022763506683959555,high
2025,oe:team:4bd1751425ef6a9bc9d4d8e9385b4a6,5,-1.3529013128888372,0.0,0.012658227848101267,0.10614525139664806,0.09762455671816683,0.0,0.0,0.0,0.08025067809003605,2.6,2.519749321909964,0.09666666666666666,0.09666666666666666,2.2,0.8800000000000001,0.019665414024498104,-0.09041862168824771,0.2904186216882477,-0.012658227848101267,0.008520694678481225,-1.3571627074708517,0.0018232042106565297,-0.3240750604532989,0.00860775578620713,0.1407021346380305,-0.050053120258441504,low
2025,oe:team:50f58982d91a36557ec8aec52ab014f,13,0.2956526195669027,0.05128205128205128,0.025699037316127916,0.09393721543254255,0.07298053320610735,0.0,0.0,0.0,0.6851827565136689,1.8461538461538463,1.1609710896401773,0.09324009324009325,0.09586247086247085,2.1538461538461537,0.9076923076923078,1.2241506710742727,-0.03656879879968078,0.6519534141842962,0.025583013965923364,0.020956682226435194,0.03038543369495561,0.021688397292738963,0.4473396035231161,0.01639969889041676,0.15032867658295504,-0.027159937026767715,mid
2025,oe:team:53a258f289c26d94431c0496a54e151,4,-0.1581845806620894,0.0,0.009027777777777779,0.11522633744855967,0.07377305499393838,-0.00625,0.0,0.00625,1.444045049892428,3.5,2.055954950107572,0.061,0.07100000000000001,1.5,0.55,0.47410794832190883,-0.11745395418626348,0.3674539541862635,-0.009027777777777779,0.04145328245462129,-0.2609213468319824,0.00306818070430063,1.1025318428036524,-0.022826255434104194,-0.1961139324928974,-0.0887681422310034,mid
2025,oe:team:740de582f50775c516c77ed7b923fd5,6,1.7138938702825022,0.0,0.010683760683760682,0.1304824561403509,0.10287529534986935,-0.019230769230769232,0.0,0.019230769230769232,1.1029935768900658,3.5,2.397006423109934,0.11041666666666666,0.11302083333333333,2.6666666666666665,0.9333333333333332,-0.3338496802517397,-0.08026632092745961,0.4135996542607929,-0.010683760683760682,0.027607160790481547,1.7862373875285547,-0.02323797727640637,0.6498053831339549,0.019065133559569604,0.19933775028987163,-0.0308150799066292,high
2025,oe:team:78f183fa5a7d8ecb22b9ad272c3abd7,5,-1.118224811915726,0.2,0.038461538461538464,0.12258064516129033,0.10624480312898395,0.0,0.0,0.0,0.06181077118035301,3.0,2.9381892288196467,0.0784,0.08,1.8,0.64,0.8778741543780852,-0.24281092156763862,0.4428109215676386,0.16153846153846155,0.016335842032306383,-1.308455648678026,0.015977368599196025,-0.22389432904315804,-0.0016655968202266298,-0.11216991836124013,-0.224502359872068,low
2025,oe:team:7d6673d3a9d00363c6bebc1a630da6e,10,0.762129847918983,0.125,0.04454866080556123,0.09285714285714286,0.08346276575444932,0.0,0.0,0.0,0.39368351692211245,2.7,2.3063164830778873,0.07931034482758621,0.08103448275862069,2.2,0.58,-1.1353979343315732,0.1085442302883014,0.3914557697116986,0.08045133919443877,0.009394377102693544,1.0081647699279297,-0.017226889016164745,-0.170293767031235,-0.01950676935323859,-0.14197336615979594,0.1785961721678023,high
2025,oe:team:b9e44c69c1a70fb35df9be96f9eafea,7,-0.5620635744998261,0.0,0.003246753246753247,0.0869130869130869,0.08983246990000941,0.0,0.0,0.0,0.04987248170152471,2.7142857142857144,2.6644132325841894,0.10147783251231526,0.10147783251231526,3.0,0.7428571428571429,-0.996268929240684,-0.09666480707702751,0.3823790927913132,-0.003246753246753247,-0.002919382986922514,-0.3461771959060754,-0.01493227848999014,-0.49487454903174516,0.003956559052153625,0.018797016398765257,-0.03018863870842043,low
2025,oe:team:ce499dea30cfce118f4fe85da0227e8,24,1.3138771072601538,0.03985507246376812,0.01888459883005159,0.08960843373493976,0.0716487210165369,0.0,0.0,0.0,0.6102785448201055,2.25,1.6397214551798946,0.0714975845410628,0.07737520128824477,1.6666666666666667,0.7666666666666667,1.6786164602749098,0.0921565336524457,0.6161767996808877,0.02097047363371653,0.017959712718402868,0.9501295105818051,0.029183757322121667,0.43525113755044953,-0.0011099377672317765,0.002486619632051157,0.0898851082733772,high
2025,oe:team:d356a144644879dabb5f34cd99c886d,8,0.979534738166847,0.15,0.03766945773524721,0.0733695652173913,0.09078396755647347,0.0,0.0,0.0,-0.7727570009811796,1.25,2.0227570009811795,0.0880597014925373,0.09057835820895521,2.0,0.8,1.3058657629589536,-0.11245409052333388,0.6124540905233339,0.11233054226475278,-0.017414402339082174,0.6965603100577213,0.02303609836961666,-0.9993055866899656,0.011980397495571431,0.04141074516518101,-0.10514539945753264,high
2025,oe:team:d723992568441c6bafa2658129eade7,16,0.6894606966886827,0.022727272727272728,0.029668860551213497,0.08919597989949749,0.06808752720055951,0.0,0.0,0.0,0.6931401964485692,2.0,1.3068598035514307,0.08658536585365853,0.0960619918699187,2.1875,0.6,-1.0334416496022238,0.24994135760643077,0.5000586423935692,-0.006941587823940769,0.021108452698937977,0.9134022135546341,-0.015545356369562504,0.14325519448518406,-0.01128213249836401,-0.12350258235037467,0.31737290712442384,high
2025,oe:team:ed28f87f0cfdba0a2a8f183cebae73a,10,-0.0941818985785134,0.03571428571428571,0.006081081081081081,0.09863013698630137,0.07963192132407956,0.0,0.0,0.0,0.7500502970217109,2.7,1.949949702978289,0.0608,0.06373333333333334,1.3,0.7,1.2811508138812575,0.15920653723999095,0.440793462760009,0.02963320463320463,0.018998215662221804,-0.3718007237004223,0.02262848255815806,0.5200856390943753,-0.015509497818901662,-0.058218561646269984,0.16715043057851298,mid
2025,oe:team:fcec508e780bbd1ad493852640f5b36,16,0.1267305847422155,0.0,0.02946567103423458,0.08836920529801325,0.07566067042082913,0.0,0.0,0.0,0.05792617499683839,1.375,1.3170738250031615,0.0905241935483871,0.0920866935483871,1.875,0.9125,0.28974098077627614,-0.06661255127443555,0.5041125512744355,-0.02946567103423458,0.01270853487718411,0.06394519694771143,0.006277474820342543,-0.30907002515297605,0.004980753232994198,0.1691513404133006,-0.03318829877327479,mid
