year,teamid,team,major,n_unseen_patches,intended,nerfs,buffs,walkback,walkback_all_reasons,touched,pool_share_changed,buff_share,nerf_share,intended_z,nerfs_z,buffs_z,walkback_z,walkback_all_reasons_z,touched_z,org,breadth,meta,breadth_z,meta_z,buffs_z_res,nerfs_z_res,intended_z_res,buff_pct,buff_res_pct,finish
2016,oe:team:2f758c15b9c1781b2d4032011ae1628,I May,LPL,3,-4.509433962264151,5.452830188679245,0.9433962264150944,-0.4528301886792453,-0.4528301886792453,-0.3018867924528302,0.6113207547169812,0.1283018867924528,0.4830188679245283,1.1160170551634037,-0.7563280216592733,1.7745521308027727,0.0968813856166376,0.0968813856166376,-0.8131217710739989,BLG,6.794350814372471,0.435839551352122,0.6383142911731603,0.4188060454823979,1.7503277557683778,-0.896782059552384,1.2453158722859015,0.9375,1.0,
2023,oe:team:d356a144644879dabb5f34cd99c886d,Bilibili Gaming,LPL,6,-3.2727272727272725,4.090909090909091,0.8181818181818183,-0.1818181818181818,-0.1818181818181818,-0.0909090909090909,0.509090909090909,0.0727272727272727,0.4363636363636363,-1.547383022573478,1.7430308846587084,0.6968223470992941,0.7677644834255571,0.7212463544352518,0.9995823204660228,BLG,5.446465670562222,0.4936658506731946,-1.8216936375843384,0.6161254164784083,1.075604714831274,1.5188990248487926,-1.2046944494795992,0.7727272727272727,0.8636363636363636,SF
2024,oe:team:d356a144644879dabb5f34cd99c886d,Bilibili Gaming,LPL,3,-3.380952380952381,3.928571428571429,0.5476190476190476,-1.119047619047619,-1.6904761904761905,-0.5000000000000002,0.5095238095238095,0.0761904761904761,0.4333333333333333,0.2149898538825279,-0.1179415274421831,0.1756128049934223,0.1615716770755386,0.2003148741456319,0.4488850486634243,BLG,7.339081687940572,0.41592198147468074,-0.5273823878914832,0.566444109035742,0.35161128045367784,-0.3167258135201642,0.4666759131900248,0.65,0.8,Runner-up
2025,oe:team:d356a144644879dabb5f34cd99c886d,Bilibili Gaming,LPL,3,-1.5671641791044777,1.8656716417910448,0.2985074626865671,-0.0895522388059701,0.208955223880597,-0.1343283582089552,0.2328358208955224,0.0388059701492537,0.1940298507462686,-0.3078826394275133,0.4527127239354619,0.979534738166847,-0.1623163838502056,1.509181809643783,-0.2967416143674997,BLG,11.743469552649483,0.3192110101665585,1.3058657629589536,-0.20800660505835164,0.747951034347639,0.5327606560385126,-0.46173036586282,0.8235294117647058,0.7647058823529411,
2017,oe:team:fbf53cf218dfaa8c2b2a864d13d2206,Longzhu Gaming,LCK,3,-2.6571428571428575,3.4000000000000004,0.7428571428571429,-0.3428571428571428,-2.428571428571429,0.1714285714285713,0.5314285714285715,0.1257142857142857,0.4057142857142857,-0.64558732850202,1.398665599081376,3.5909796231100892,-2.4791460952094755,-1.0592024935273048,1.8204979136030728,DRX,6.729544310417369,0.456537183746486,-1.1150865800344136,1.0113935177602853,3.9312623295163642,1.0426339961089477,-0.1866198374139021,1.0,1.0,QF
2020,oe:team:1d0389df0c5eea93b04122ba167c010,Kiwoom DRX,LCK,3,-1.2264150943396226,1.9245283018867927,0.6981132075471699,0.0377358490566037,-0.2641509433962264,-0.169811320754717,0.3547169811320755,0.1018867924528302,0.2528301886792453,0.1171693717730024,0.3436981326433792,1.5208674597818266,0.1446212992280211,-1.336655774961641,-1.1747485870216208,DRX,12.021902158140913,0.3239109705118065,2.590007230580157,-1.1935771867766407,0.9280383406113599,0.7719397755341819,-0.49483642547879075,1.0,0.8181818181818182,QF
2022,oe:team:1d0389df0c5eea93b04122ba167c010,Kiwoom DRX,LCK,4,-2.109090909090909,3.2909090909090906,1.181818181818182,-0.7818181818181817,-0.7818181818181817,-0.9090909090909092,0.469090909090909,0.1018181818181818,0.3672727272727272,0.7280369938872058,0.2045492325444923,1.443136520598142,-0.8813698951689515,-0.8688375738111094,-0.9215205404406154,DRX,10.53303223844246,0.3566078455235081,1.7200809771380745,-0.20697187306103343,1.1495512399676806,0.2868662938287749,0.5517194880860632,0.9166666666666666,0.875,Champion
2016,oe:team:3b84bb916852d07609c83d1ce91c1a9,Samsung Galaxy,LCK,3,-6.564102564102565,6.794871794871795,0.2307692307692307,-0.3076923076923077,-0.3076923076923077,0.1538461538461539,0.6256410256410256,0.0358974358974358,0.5897435897435898,-1.2852907906158255,1.2105325500830424,-1.1070410658478882,0.9271821007030598,0.9271821007030598,0.5680721520746788,GENG,6.368733971448188,0.4271487563622395,-0.17760895453473818,0.11952341398239358,-1.0599476681275233,1.168167243381806,-1.228520223428063,0.125,0.125,Runner-up
2017,oe:team:3b84bb916852d07609c83d1ce91c1a9,Samsung Galaxy,LCK,3,-3.0,3.1458333333333335,0.1458333333333333,-0.1666666666666666,-2.4375,-0.0833333333333333,0.4458333333333333,0.0208333333333333,0.4249999999999999,-1.1900353277757731,1.028977414180574,-0.271503815097197,-0.9730876778260904,-1.077470641366282,-1.321904836977364,GENG,7.709449094296116,0.40221547458389556,0.04976074148381794,-0.7832370783096059,-0.41286605553886424,1.299533806031985,-1.5005226571551902,0.375,0.375,Champion
2018,oe:team:50f58982d91a36557ec8aec52ab014f,Gen.G,LCK,4,-3.4897959183673466,3.7551020408163263,0.2653061224489795,-1.5510204081632653,-1.5510204081632653,-1.3469387755102042,0.4081632653061223,0.0285714285714285,0.3795918367346939,-2.5951699362647296,2.3653768973049725,-1.5230065504719394,-2.690439139962032,-2.690439139962032,-2.3656578441064866,GENG,8.309764079789758,0.3833819241982507,-0.6920886062271018,0.6196160189979872,-1.3131941635922388,2.147202420197206,-2.3134958577310285,0.041666666666666664,0.041666666666666664,
2020,oe:team:50f58982d91a36557ec8aec52ab014f,Gen.G,LCK,3,-1.0925925925925926,1.5925925925925928,0.5,0.0,-0.2407407407407407,0.0555555555555555,0.3074074074074074,0.074074074074074,0.2333333333333334,0.3509870401462553,-0.2780052665225088,0.3183711489991795,-0.7062224707277746,-1.0732494429506194,0.5101713085992982,GENG,9.52563578652013,0.3797778132708654,0.9099516194477895,0.45473090187433846,0.25951216238155733,-0.42913229273156983,0.4793989536728312,0.6818181818181818,0.6818181818181818,QF
2021,oe:team:50f58982d91a36557ec8aec52ab014f,Gen.G,LCK,3,-3.0588235294117645,3.9411764705882346,0.8823529411764706,-1.3529411764705883,-1.3529411764705883,-1.411764705882353,0.5470588235294116,0.1470588235294117,0.3999999999999999,0.5891289547080185,-0.8340103586191064,-0.2846631319303944,0.413188865996577,0.4097197695507211,0.2355410652002042,GENG,8.784613961494905,0.39172756371542466,0.7150413556563362,-0.42014639362474077,-0.46382211535804424,-0.6845135220790683,0.38456020134901225,0.45454545454545453,0.4090909090909091,SF
2022,oe:team:50f58982d91a36557ec8aec52ab014f,Gen.G,LCK,4,-2.883720930232558,3.4651162790697674,0.5813953488372092,-0.8604651162790697,-0.8604651162790697,-1.0697674418604652,0.4651162790697675,0.0744186046511627,0.3906976744186046,-0.4786777809007335,0.5504855393833133,-0.0760703617474359,-1.2451888206488475,-1.2321571480214704,-1.605812745934136,GENG,8.301297480570323,0.3834953064033699,-0.1050135723865355,1.103185219396902,0.12828036396986067,0.16918688274052485,-0.03942915591823781,0.5833333333333334,0.7083333333333334,SF
2023,oe:team:50f58982d91a36557ec8aec52ab014f,Gen.G,LCK,5,-1.7878787878787878,2.545454545454545,0.7575757575757576,-0.5454545454545454,-0.5151515151515151,-0.3030303030303031,0.4666666666666666,0.0909090909090909,0.3757575757575757,-0.0272990155519866,0.1890192285169079,0.5065195668636513,-0.4763397252864182,-0.5161921464038627,0.2064152830571398,GENG,6.954106776687846,0.4697890790000095,0.16710641983486074,-0.11290402466954756,0.46213428966366604,0.22903405555153822,-0.08088874461035782,0.6818181818181818,0.6818181818181818,QF
2024,oe:team:50f58982d91a36557ec8aec52ab014f,Gen.G,LCK,2,-3.3125,3.6458333333333335,0.3333333333333333,-1.8125,-2.7291666666666665,-1.3333333333333337,0.4791666666666667,0.0416666666666666,0.4375,0.3806723866934068,-0.7891880637409832,-0.7857104408139516,-1.642600106533299,-1.602900523127871,-1.2270381385290203,GENG,9.151869332601098,0.3773700524558894,0.7106790133966037,-0.9216234763278228,-1.049940943287465,-0.46669385155777565,-0.020689174477501293,0.2,0.1,SF
2025,oe:team:50f58982d91a36557ec8aec52ab014f,Gen.G,LCK,3,-1.8030303030303028,2.0303030303030303,0.2272727272727273,-0.0303030303030303,0.0909090909090909,-0.0757575757575757,0.2515151515151514,0.0272727272727272,0.2242424242424242,-0.713772305109809,0.717999529457593,0.2956526195669027,0.390154793477144,0.1535126308918763,0.1735515776394471,GENG,11.656436882962122,0.31987578775988074,1.2241506710742742,-0.17124204282608085,0.08262010729053787,0.7848444782224354,-0.8486620149186587,0.6470588235294118,0.5882352941176471,SF
2016,oe:team:93c730021ff69abdfccc4911a2f666f,ROX Tigers,LCK,3,-5.642857142857142,5.964285714285714,0.3214285714285714,-0.5,-0.5,0.0714285714285714,0.5785714285714285,0.0428571428571428,0.5357142857142858,-0.2086238011336948,-0.0067523729809295,-0.7404490887645303,-0.1729663467864495,-0.1729663467864495,0.3182884466826861,HLE,6.429338658161202,0.43501904171463995,-0.06142752630871818,0.3905503699357287,-0.6644644217414049,-0.14189372829236593,-0.05178139620812708,0.25,0.3125,SF
2021,oe:team:3a1d18f46bcb3716ebcfcf4ef068934,Hanwha Life Esports,LCK,3,-3.2195121951219514,4.170731707317073,0.951219512195122,-1.804878048780488,-1.7560975609756098,-1.5609756097560976,0.5853658536585366,0.1804878048780488,0.4048780487804878,0.4234164050915805,-0.5499119017586095,-0.0936356026322935,-0.4380504326935231,-0.3509528042818386,0.0002718024846112,HLE,10.307028233892039,0.41084610126121823,2.2002575938664375,0.2435069909482909,-0.38229258112540854,-0.6199795760628789,0.39757582904029387,0.5454545454545454,0.45454545454545453,QF
2024,oe:team:3a1d18f46bcb3716ebcfcf4ef068934,Hanwha Life Esports,LCK,2,-2.92156862745098,3.4705882352941178,0.5490196078431373,-1.1372549019607845,-1.6666666666666667,-1.0980392156862746,0.5137254901960785,0.0705882352941176,0.4431372549019608,1.3268849078358442,-1.205236226487175,0.181895963462752,0.1142013500128478,0.2416493245129327,-0.7538362974393887,HLE,8.586297293059026,0.3984569772926353,0.32441594840536714,-0.10768834718643729,0.1147883270582114,-1.1660236190929383,1.2666565422576461,0.7,0.65,QF
2025,oe:team:3a1d18f46bcb3716ebcfcf4ef068934,Hanwha Life Esports,LCK,3,-1.9069767441860463,2.046511627906977,0.1395348837209302,-0.2325581395348837,0.0,-0.2325581395348837,0.2465116279069767,0.013953488372093,0.2325581395348837,-0.8926482943673307,0.7441180425747415,-0.5466659765647237,-1.4957795698865362,-0.8905084607906265,-1.085476124586208,HLE,10.158727225774275,0.3522963024928894,-0.18205096209762361,1.6217275811158027,-0.24210742667349072,0.18341788556155136,-0.24540624307307257,0.35294117647058826,0.4117647058823529,QF
2016,oe:team:3413ca4510110b5181f3e4b24d52719,Splyce,LEC,3,-5.526315789473685,5.868421052631579,0.3421052631578947,-0.7894736842105262,-0.7894736842105262,-0.6842105263157895,0.4789473684210525,0.0421052631578947,0.4368421052631578,-0.0724209769960072,-0.1472490776739168,-0.656840392236747,-1.8289792730075003,-1.8289792730075003,-1.9718337364375809,MKOI,6.905594544716173,0.42661785468036906,0.8515726408734676,0.1012408917732135,-0.76736432975378,-0.17678129250630711,-0.07967351330550698,0.3125,0.1875,
2019,oe:team:3413ca4510110b5181f3e4b24d52719,Splyce,LEC,3,-3.076923076923077,3.423076923076923,0.3461538461538461,-0.2307692307692307,-0.8461538461538463,0.4615384615384615,0.4384615384615384,0.0538461538461538,0.3846153846153846,-0.6574573982990293,0.0072399218560893,-1.391215890457692,0.7657132647037816,-0.0459915216874459,1.9512105527771073,MKOI,6.638115586602017,0.384757004272193,-1.4165562834126024,0.10097957714404202,-1.1613122928465336,-0.03658217345922881,-0.5395480831078059,0.08333333333333333,0.125,QF
2020,oe:team:6a0084dacefb228be863fbb64cefe11,MAD Lions KOI,LEC,3,-1.5,1.7692307692307692,0.2692307692307693,0.0,-0.3076923076923077,0.0,0.3153846153846154,0.0461538461538461,0.2692307692307693,-0.3608442949012979,0.052831554474917,-1.0823388393850015,-0.7062224707277746,-1.8265734074046431,0.0948189622369321,MKOI,8.652895821728071,0.34314978215501774,0.322573729180273,-0.6259508939449121,-1.2377657308211303,0.27084901710152887,-0.6245997721439821,0.18181818181818182,0.09090909090909091,
2021,oe:team:6a0084dacefb228be863fbb64cefe11,MAD Lions KOI,LEC,4,-3.6818181818181825,4.681818181818182,1.0,-1.5454545454545454,-1.5454545454545454,-1.818181818181818,0.609090909090909,0.1636363636363636,0.4454545454545455,-0.0533434424047374,0.0826107137003977,0.0416755639538608,0.0505830348662488,0.046486926141838,-0.4052797587698899,MKOI,6.40079882031938,0.409281659998139,-1.6105286424429937,0.1892012294996759,0.3157779299385858,0.007119638429220476,0.1099414867425196,0.6363636363636364,0.6818181818181818,QF
2022,oe:team:6a0084dacefb228be863fbb64cefe11,MAD Lions KOI,LEC,3,-2.4583333333333335,3.125,0.6666666666666666,-0.375,-0.375,-0.5416666666666666,0.45,0.075,0.375,0.1839888911620114,-0.1249089189018229,0.1396855452523469,1.0005617375049445,1.0105110570337466,0.6432726553452792,MKOI,7.417476491475765,0.3602149346332817,-0.8277951951856121,-0.03120766083535516,0.2586122351814345,-0.11938957483483159,0.21744477286887495,0.6875,0.75,
2023,oe:team:6a0084dacefb228be863fbb64cefe11,MAD Lions KOI,LEC,4,-0.7777777777777779,1.3333333333333337,0.5555555555555556,-0.4444444444444444,-0.4444444444444444,-0.4999999999999999,0.2555555555555556,0.0666666666666666,0.1888888888888888,1.0067717375238578,-1.029813442966856,-0.1278230339218228,-0.1307552228664251,-0.2537051916804141,-0.5300969659653939,MKOI,7.568906801729801,0.43828782939418637,0.9781179531081399,-1.0747316414820343,-0.4583726829548638,-0.6527966246625745,0.5304827913763673,0.5227272727272727,0.4090909090909091,
2024,oe:team:6a0084dacefb228be863fbb64cefe11,MAD Lions KOI,LEC,3,-3.640000000000001,4.0,0.36,-0.88,-1.4400000000000002,-0.6400000000000001,0.504,0.056,0.448,-0.4120104789809043,0.0516365448859354,-0.6660791035579225,0.7835076326955466,0.6351532920096375,0.1673299532150938,MKOI,8.488402077642391,0.40797498578737923,0.25755743470404774,0.25969767677464206,-0.6603467111417538,-0.036334223192938164,-0.3241979242863756,0.3,0.25,
2025,oe:team:4acc40654379b4da680be1bd3129dfa,Movistar KOI,LEC,2,-0.9375,1.25,0.3125,0.09375,0.28125,0.0625,0.1875,0.03125,0.15625,0.7756734851018657,-0.5393797596277267,1.1138687257489792,1.546891321006283,2.339431791602117,1.283688644292911,MKOI,9.354881676379438,0.341580146399761,-0.936782641199834,1.029086084870936,1.4304104664561321,-0.9003853877724914,1.2317451117874432,0.8823529411764706,0.9411764705882353,
2016,oe:team:cbfaf0ca2181f0903d2fcceb6c28f3b,Counter Logic Gaming,LCS,3,-4.930232558139536,5.6976744186046515,0.7674418604651163,-0.4186046511627906,-0.4186046511627906,0.0,0.5441860465116279,0.1116279069767441,0.4325581395348837,0.6242263260578291,-0.3974908143500703,1.063059432742815,0.2926778798253895,0.2926778798253895,0.1018092353429595,NRG,7.006573638659534,0.42004540559420206,1.04515330256163,-0.12509281650063103,0.8847855860392149,-0.34770362109653113,0.5173546491857131,0.875,0.8125,
2023,oe:team:e758ebe9a5a2cc81b9c8078479c2d87,NRG,LCS,5,-2.620689655172414,3.068965517241379,0.4482758620689656,-0.6551724137931034,-0.5517241379310345,-0.4827586206896552,0.5034482758620691,0.0620689655172413,0.4413793103448276,-0.8798725226569334,0.7154288564594656,-0.4646808288216951,-0.8517159951564109,-0.6519612609159913,-0.4656277240085146,NRG,6.729306314264275,0.5287736996267275,-0.12943840821429342,1.6880733268923251,-0.15667837462474177,0.13217094050942912,-0.2094684729472156,0.45454545454545453,0.5,QF
2017,oe:team:d996d27c1737a1f7494fc09d6911339,Lyon Gaming,Other,3,-2.909090909090909,3.090909090909091,0.1818181818181818,-0.1515151515151515,-2.393939393939394,0.1515151515151515,0.4606060606060606,0.0242424242424242,0.4363636363636363,-1.0456741158471266,0.9490895053719056,-0.0386975533000569,-0.843574054709583,-0.9883442231215732,1.57487254992134,R7,9.19087652235898,0.4009532320524277,1.8107856900222867,-0.8249378845168028,-0.45153852512485676,1.2451989387178766,-1.4698040919910915,0.6041666666666666,0.3333333333333333,
2020,oe:team:2cb996a4b0ffaca3bcf66fe91450243,Movistar R7,Other,3,-1.5,2.15625,0.65625,0.0625,-0.1875,-0.375,0.4125,0.11875,0.29375,-0.3608442949012979,0.7777043674163548,1.2667685369676358,0.7029875232615121,-0.4741966095151065,-2.7088093757090386,R7,9.485898259331705,0.34797277168732127,0.8832071757119666,-0.4836523092215817,1.0515097416072623,0.9501788791298388,-0.5996524354174673,0.8636363636363636,0.9090909090909091,
2023,oe:team:2cb996a4b0ffaca3bcf66fe91450243,Movistar R7,Other,5,-2.7777777777777777,3.333333333333333,0.5555555555555556,-0.5555555555555556,-0.5,-0.2222222222222222,0.5222222222222223,0.0555555555555555,0.4666666666666667,-1.0406883535663145,0.9812604649813552,-0.1278230339218228,-0.5108981755284178,-0.4599449418202667,0.5085741544510003,R7,5.915264791528061,0.4928178484107579,-1.2032787410239072,0.5902333644062799,0.1537019670082407,0.7699829392950754,-0.7423268421392439,0.5227272727272727,0.5454545454545454,
2024,oe:team:2cb996a4b0ffaca3bcf66fe91450243,Movistar R7,Other,3,-2.7857142857142856,3.5,0.7142857142857143,-0.892857142857143,-1.3214285714285712,-0.0357142857142857,0.4571428571428571,0.1,0.3571428571428572,1.655707530498867,-1.1354099614108917,0.9233086628436024,0.7500568940466613,0.8409988548387969,1.3826136815277867,R7,6.947935376153987,0.4123430197114407,-0.7945196625223749,0.42829960823690577,1.1157920264565413,-1.2882238041488878,1.8678691753587802,0.9,0.9,
2016,oe:team:3354e252e33ed55fd8fa14595ca1564,SK Telecom T1,LCK,3,-5.484848484848484,5.909090909090908,0.4242424242424243,-0.2424242424242424,-0.2424242424242424,0.1212121212121212,0.5636363636363636,0.0545454545454545,0.509090909090909,-0.0239578020340129,-0.087644415076893,-0.3247088760024113,1.3005658162146512,1.3005658162146512,0.4691678970103745,T1,6.453723668919281,0.42541459369817575,-0.014680557867215517,0.059804508386961046,-0.3122817121291781,-0.10837188715631568,0.0003505729070638168,0.375,0.375,Champion
2017,oe:team:3354e252e33ed55fd8fa14595ca1564,SK Telecom T1,LCK,3,-2.9148936170212765,3.404255319148936,0.4893617021276595,-0.1489361702127659,-2.574468085106383,0.0212765957446808,0.5319148936170213,0.0723404255319149,0.4595744680851062,-1.0548886612893802,1.4048550071299413,1.9509747759673253,-0.821529182689752,-1.35771180289613,-0.0315764058879618,T1,8.832352963372864,0.4013374406857492,1.3845961109357563,-0.8122447535519949,1.6042796173568084,1.69388285789072,-1.4504937662109783,0.9583333333333334,0.9583333333333334,Runner-up
2019,oe:team:3354e252e33ed55fd8fa14595ca1564,SK Telecom T1,LCK,3,-1.9534883720930232,3.0,1.0465116279069768,-0.627906976744186,-1.0,-0.3488372093023256,0.4883720930232558,0.1348837209302325,0.3534883720930232,0.4099481000829665,-0.3954098137851654,0.0325197841647288,-1.0622530027518975,-0.5140965032345769,-1.4603626165336343,T1,7.551801200629311,0.39376067027244166,-0.6903895557487271,0.42394025166164284,0.20862680057008245,-0.5460593546045568,0.6146460130201797,0.4583333333333333,0.6666666666666666,SF
2021,oe:team:ce499dea30cfce118f4fe85da0227e8,T1,LCK,3,-3.959183673469388,4.571428571428571,0.6122448979591836,-1.5510204081632653,-1.5510204081632653,-1.9591836734693877,0.5714285714285714,0.1224489795918367,0.4489795918367347,-0.3393806846333548,-0.0540078989351549,-1.0339101377871032,0.0400995329458142,0.0359852963153907,-0.6276053507595145,T1,8.257402945179676,0.3900656784228765,0.20071199301727388,-0.4778346868077309,-1.1457240569784506,0.11213230296976345,-0.5382101079346406,0.18181818181818182,0.13636363636363635,SF
2022,oe:team:ce499dea30cfce118f4fe85da0227e8,T1,LCK,4,-1.2127659574468086,3.0638297872340425,1.851063829787234,-0.6595744680851063,-0.6595744680851063,-0.7872340425531914,0.4553191489361702,0.1319148936170213,0.3234042553191489,2.1243275230948746,-0.246379207907824,3.136480841510451,-0.315873262885627,-0.3041171008792425,-0.4025542513359271,T1,10.772016708420319,0.33928635738994456,1.9155205346567665,-1.0510036182494218,2.6692725478724224,0.1283938874757198,1.6055904839130715,1.0,1.0,Runner-up
2023,oe:team:ce499dea30cfce118f4fe85da0227e8,T1,LCK,5,-1.8958333333333333,2.875,0.9791666666666669,-0.625,-0.6041666666666667,-0.6458333333333333,0.5291666666666667,0.1083333333333333,0.4208333333333333,-0.1378153272869675,0.520389361076557,1.2023141071002186,-0.7484875209421631,-0.8466444733324903,-1.0753993041840009,T1,8.299217509895728,0.4444028891630681,1.9415050433333296,-0.8880205288193107,0.7590668254173492,0.8390930156400138,-0.5939502860276382,0.8636363636363636,0.7727272727272727,Champion
2024,oe:team:ce499dea30cfce118f4fe85da0227e8,T1,LCK,2,-2.7733333333333334,3.4400000000000004,0.6666666666666666,-1.6533333333333335,-2.306666666666666,-1.3733333333333335,0.4960000000000001,0.088,0.408,1.6856744581724867,-1.2778555421665097,0.709681274886408,-1.228492351222567,-0.8694207013601162,-1.3074824515142578,T1,12.555185079976567,0.3486697424067666,3.0350074451531732,-2.0294279924952665,-0.09283426586678789,-0.5583983150843839,0.7206807049690209,0.85,0.5,Champion
2025,oe:team:ce499dea30cfce118f4fe85da0227e8,T1,LCK,3,-1.5652173913043477,1.8985507246376812,0.3333333333333333,0.0144927536231884,0.1884057971014492,0.0434782608695652,0.263768115942029,0.0376811594202898,0.2260869565217391,-0.3045325142115771,0.5056940353106417,1.3138771072601538,0.8078545418846127,1.2731874248702129,1.130953884080314,T1,12.14047685652691,0.3083068435570734,1.678616460274908,-0.8110457506800177,0.9232510834972076,0.7961722957520897,-0.7159047174936268,0.9411764705882353,0.8823529411764706,Champion
2017,oe:team:6c951ee7222ac9acd244aa88c9e8330,Young Generation,Other,2,-2.761904761904762,2.761904761904762,0.0,0.0,-1.9047619047619049,0.0,0.3619047619047618,0.0,0.3619047619047618,-0.811946439391222,0.4705491255130861,-1.2149818234329748,0.4515621764554905,0.0125288463593835,-0.2940160867875013,VN_BUFFALO_VIKINGS,5.842686859915849,0.4908359788359789,-2.169325259935595,2.144525520137075,-0.5227394647738094,-0.28313182723413294,0.1504598995186638,0.0625,0.2916666666666667,
2018,oe:team:b24f151e143d152c7cf8be9f13ec015,Phong Vũ Buffalo,Other,2,-0.6571428571428571,1.085714285714286,0.4285714285714286,-0.0857142857142857,-0.0857142857142857,-0.1142857142857142,0.16,0.0457142857142857,0.1142857142857142,0.6991196267945576,-1.1415005295029752,-0.9460958519456032,0.5286720047490849,0.5286720047490849,-0.1810597440823023,VN_BUFFALO_VIKINGS,8.360401827402487,0.393069036226931,-0.6558324735059575,1.0335997986293917,-0.670956349763548,-1.502282290831732,1.141448369126387,0.20833333333333334,0.3333333333333333,
2022,oe:team:8e27b674a472ab529e758f13f0bace0,Saigon Buffalo,Other,3,-1.7872340425531914,2.2978723404255317,0.5106382978723405,-0.4893617021276596,-0.4893617021276596,-0.5957446808510638,0.3446808510638296,0.0723404255319148,0.2723404255319148,1.229424011712316,-1.7673984789394903,-0.2551018590451276,0.4715271111797612,0.4822025449752553,0.4129642029714394,VN_BUFFALO_VIKINGS,10.516164244785097,0.3330066815144766,1.7062864689973205,-1.356996137340114,-0.7432104349770201,-1.2883750971542205,0.6020160522941037,0.5416666666666666,0.2916666666666667,
2024,oe:team:fe099196385a285d6d6edde504dc1f6,MGN Vikings Esports,Other,3,-3.5714285714285716,4.666666666666667,1.0952380952380951,-1.2857142857142858,-2.095238095238095,-0.952380952380952,0.6238095238095238,0.1428571428571428,0.4809523809523808,-0.2460398026347011,1.6343652199483718,2.632327766501156,-0.27204900911371,-0.5023707820984833,-0.4609018243839018,VN_BUFFALO_VIKINGS,8.357291667351962,0.3932291454142353,0.1680142724005437,-0.30947765729295457,2.5542023987114466,1.7422097582077558,-0.3769147782405232,1.0,1.0,
2020,oe:team:8d47748b0e2a0ac34c90891889805a8,Suning,LPL,3,-0.4782608695652173,0.9130434782608694,0.4347826086956521,0.0434782608695652,-0.0217391304347826,0.0,0.1999999999999999,0.0739130434782608,0.1260869565217391,1.4243611678958268,-1.550775813501388,-0.0774816738050457,0.2740975250908596,1.390907391748202,0.0948189622369321,WBG,7.086981527950462,0.37578441769072424,-0.7313294622909576,0.33690884659339243,0.0898930738451722,-1.6716564009317383,1.5971248887008886,0.45454545454545453,0.5454545454545454,Runner-up
2023,oe:team:606c6ac695907af3823ee6405c58ff1,Weibo Gaming,LPL,6,-3.40625,3.78125,0.375,-1.125,-0.9375,-0.75,0.475,0.0375,0.4375,-1.6840742502456916,1.4316572256155904,-0.6947667333738404,-2.4591308079211296,-2.0840829741716043,-1.464900974340149,WBG,6.236439289693552,0.49138083179864955,-0.7796024046612094,0.5463569378949773,-0.48434099188346746,1.238204545479783,-1.426350935713413,0.2727272727272727,0.36363636363636365,Runner-up
2024,oe:team:606c6ac695907af3823ee6405c58ff1,Weibo Gaming,LPL,3,-3.9259259259259256,4.277777777777778,0.3518518518518518,-0.9444444444444446,-1.4629629629629628,-0.0555555555555556,0.5407407407407407,0.0481481481481481,0.4925925925925926,-1.104067218930653,0.7111068261619501,-0.7026331232750428,0.6158409673690367,0.59528851098873,1.342710748499395,WBG,7.632112666826802,0.42299395985265864,-0.3272539583927022,0.839415710107414,-0.5100123551080635,0.419407756898888,-0.7561814937610817,0.25,0.35,SF
2016,oe:team:056c3140a119e44a03d462e2c832f27,EDward Gaming,LPL,3,-3.923076923076923,4.897435897435897,0.9743589743589745,-0.1538461538461538,-0.1538461538461538,0.3076923076923077,0.5538461538461539,0.1487179487179487,0.4051282051282051,1.8012972786351304,-1.5702991594963966,1.899753736088341,1.8073008586946675,1.8073008586946675,1.0343350688063977,oe:team:056c3140a119e44a03d462e2c832f27,6.902550206512636,0.3551586158327731,0.8457365318252537,-2.3595822057907276,1.369433803009559,-0.7508086426290251,0.8274930489267036,1.0,0.9375,QF
2017,oe:team:056c3140a119e44a03d462e2c832f27,EDward Gaming,LPL,2,-1.577777777777778,1.7111111111111112,0.1333333333333333,0.0,-1.3333333333333337,0.0,0.2577777777777778,0.0177777777777777,0.2399999999999999,1.068415632174612,-1.0578416841938971,-0.352373358668835,0.4515621764554905,1.1816903080539514,-0.2940160867875013,oe:team:056c3140a119e44a03d462e2c832f27,8.091343655279626,0.40133173604871725,0.50373225359664,-0.8124332180961868,-0.5668729511066837,-0.7743335248785504,0.72138494371015,0.2916666666666667,0.25,
2018,oe:team:056c3140a119e44a03d462e2c832f27,EDward Gaming,LPL,3,-1.350877192982456,1.7894736842105263,0.4385964912280701,-0.1578947368421052,-0.1578947368421052,0.7192982456140349,0.3087719298245613,0.0666666666666666,0.2421052631578947,-0.1076723567970893,-0.2169447231113098,-0.9106715108080212,0.3700997507360465,0.3700997507360465,1.296278845576203,oe:team:056c3140a119e44a03d462e2c832f27,11.304077071900586,0.3509653955826204,1.451810251219839,-0.7657212207382994,-1.259503192791867,0.056457217206249855,-0.4887101629604155,0.25,0.125,QF
2021,oe:team:056c3140a119e44a03d462e2c832f27,EDward Gaming,LPL,4,-4.475,5.075,0.6,-1.4,-1.4,-1.45,0.6249999999999999,0.1099999999999999,0.5149999999999999,-0.8713238570120272,0.5692140663523223,-1.067876002052607,0.3245518850536077,0.3209295189396607,0.1752533166293337,oe:team:056c3140a119e44a03d462e2c832f27,9.14629590306274,0.4398380462724936,1.0678861117936316,1.249891626070208,-1.0145118687811991,0.14473342072341017,-0.4392103529317776,0.13636363636363635,0.22727272727272727,Champion
2022,oe:team:056c3140a119e44a03d462e2c832f27,EDward Gaming,LPL,3,-3.0357142857142856,3.2857142857142856,0.25,-0.2857142857142857,-0.2857142857142857,-0.3928571428571428,0.4214285714285714,0.0357142857142857,0.3857142857142858,-0.7154522703003088,0.1942335174307138,-0.914576273042046,1.4135954158651372,1.422977835551173,1.2770254224161497,oe:team:056c3140a119e44a03d462e2c832f27,8.906650500686654,0.3646913954155641,0.39003920826109895,0.1869188059672351,-0.9411722976829647,0.13221364106830255,-0.6635517462444338,0.125,0.125,QF
2022,oe:team:0916b3c324c8577b0c6344f3e067f62,CTBC Flying Oyster,Other,4,-2.5428571428571427,3.371428571428571,0.8285714285714286,-0.4857142857142856,-0.4857142857142856,-0.5428571428571428,0.4114285714285713,0.0628571428571428,0.3485714285714285,0.0523181231953629,0.3644428168080663,0.5493415660753113,0.4883999763383057,0.4990522516721379,0.6382026332087123,oe:team:0916b3c324c8577b0c6344f3e067f62,7.265175693622902,0.3845338579678873,-0.9523455500470179,1.1537911767320148,0.8895375275147337,-0.039688577030859484,0.5582467328818342,0.8333333333333334,0.8333333333333334,
2023,oe:team:0916b3c324c8577b0c6344f3e067f62,CTBC Flying Oyster,Other,4,-1.8717948717948725,2.128205128205128,0.2564102564102564,-0.4358974358974359,-0.4358974358974359,-0.4358974358974359,0.2974358974358974,0.0256410256410256,0.2717948717948718,-0.113206431961365,-0.2305404795515413,-1.0671380389310827,-0.1015134572770411,-0.2219759993512061,-0.2904036304846877,oe:team:0916b3c324c8577b0c6344f3e067f62,6.512141789224716,0.5083974161796371,-0.41591031330713585,1.065924288595513,-0.8224878116617419,-0.6009540675601985,0.32857236798686273,0.13636363636363635,0.2727272727272727,
2025,oe:team:0916b3c324c8577b0c6344f3e067f62,CTBC Flying Oyster,Other,3,-1.6896551724137931,1.7241379310344829,0.0344827586206896,-0.1034482758620689,0.1034482758620689,-0.0689655172413793,0.2,0.0068965517241379,0.193103448275862,-0.5186709777267666,0.2246454863347289,-1.5552086413139328,-0.2918904346526982,0.2975155400894629,0.228088306468904,oe:team:0916b3c324c8577b0c6344f3e067f62,9.34006139897969,0.3202202779207411,-0.9506974197976542,-0.15219051328510766,-1.438514656703902,0.2711284335604363,-0.5259624153452694,0.058823529411764705,0.17647058823529413,QF
2018,oe:team:0b63f14fd7de22a26869bb1c76f87fc,G-Rex,Other,2,-0.6875000000000001,1.25,0.5624999999999999,-0.0625,-0.0625,0.0624999999999999,0.2041666666666667,0.0583333333333333,0.1458333333333333,0.6638151907351145,-0.9256720640151774,-0.4728487945607185,0.5796711541517157,0.5796711541517157,0.1322528559418614,oe:team:0b63f14fd7de22a26869bb1c76f87fc,11.397872197438698,0.3523243506121982,1.5189666450253823,-0.7076455695196403,-0.8218335233712355,-0.671882236774479,0.3018867778827776,0.375,0.2916666666666667,
2021,oe:team:0edc9f071bd123368afdc0c53a3db20,Galatasaray Esports,Other,4,-3.5,4.9,1.4,-2.1,-2.1,-2.4000000000000004,0.64,0.21,0.43,0.1341592314307454,0.3526333833800789,1.1512271299603292,-0.9939232064730584,-0.9998254588998624,-1.3226653594007625,oe:team:0edc9f071bd123368afdc0c53a3db20,7.363066899741321,0.41376982097186704,-0.6717722191874566,0.34499678727122546,1.3110442661698476,0.22933980307338162,0.3068115234509924,0.8636363636363636,0.8636363636363636,
2019,oe:team:1fcd541d3a51d70860c46eaae858ba8,Royal Youth,Other,3,-1.05,2.0500000000000003,1.0,-0.4,-0.9000000000000001,-0.1,0.4,0.15,0.25,1.2683766780412895,-1.2995414929068922,-0.0620322657463388,-0.013230919536341,-0.2098282652289421,-0.4127912526238682,oe:team:1fcd541d3a51d70860c46eaae858ba8,7.2157342672169165,0.40240735068912714,-0.957484299898679,0.734095886003671,0.2071891340487063,-1.5588976697056551,1.6096879777240514,0.375,0.625,
2019,oe:team:246827ba8505ab1bac1083d093120bc,Lowkey Esports.Vietnam,Other,3,-0.6842105263157894,1.8421052631578947,1.1578947368421053,-0.1052631578947368,-0.6842105263157894,0.1578947368421052,0.4052631578947369,0.1789473684210526,0.2263157894736842,1.6159230853065405,-1.4973985639612315,0.2589470615833379,1.3433991429679877,0.4467505641516406,0.6729110905920088,oe:team:246827ba8505ab1bac1083d093120bc,10.311230000909774,0.34581557064820967,1.502712044361679,-1.295846079153816,-0.18814919253750118,-1.040764506197707,1.0237844318520324,0.75,0.4166666666666667,
2020,oe:team:274c62a6d7e34e0e66e5f267a39d5f7,Machi Esports,Other,3,-0.8333333333333335,1.0,0.1666666666666666,0.0,-0.1944444444444444,0.0,0.2055555555555555,0.0277777777777777,0.1777777777777777,0.803970616994698,-1.3879094401912944,-1.704876612000194,-0.7062224707277746,-0.5523339356153909,0.0948189622369321,oe:team:274c62a6d7e34e0e66e5f267a39d5f7,6.102871129141407,0.4400763358778626,-1.3936627037628466,2.233792284946699,-1.1138101646725784,-2.1674724387479682,1.7586120764436939,0.045454545454545456,0.18181818181818182,
2020,oe:team:2e66da41dc460dd378e3bcc57042d31,FlyQuest,LCS,3,-2.628571428571429,2.8000000000000003,0.1714285714285714,0.0,0.0,0.0285714285714285,0.3542857142857142,0.0342857142857142,0.3199999999999999,-2.3327095386109487,1.983424487327641,-1.6759730725573456,-0.7062224707277746,1.6355111951925705,0.3084287403661489,oe:team:2e66da41dc460dd378e3bcc57042d31,6.50549105827063,0.3973520493339239,-1.1226884684899991,0.9732451766031326,-1.3410706067642064,1.640507040248353,-1.888310950245959,0.09090909090909091,0.045454545454545456,
2024,oe:team:2e66da41dc460dd378e3bcc57042d31,FlyQuest,LCS,2,-3.578947368421052,3.6842105263157894,0.1052631578947368,-1.6052631578947367,-2.3684210526315788,-1.0,0.4736842105263157,0.0210526315789473,0.4526315789473683,-0.2642383417077482,-0.6980770380383765,-1.808873193661566,-1.1034270164690356,-0.976629212628568,-0.556668863652042,oe:team:2e66da41dc460dd378e3bcc57042d31,8.545539561045034,0.38717170958780694,0.29658004883974726,-0.5432888862805983,-1.9462672545250699,-0.5087453142011451,-0.4940797755846735,0.05,0.05,QF
2025,oe:team:2e66da41dc460dd378e3bcc57042d31,FlyQuest,LCS,2,-0.4705882352941176,0.5294117647058824,0.0588235294117647,0.0,0.0,0.0,0.0764705882352941,0.0058823529411764,0.0705882352941176,1.579157499360732,-1.7005347056305604,-1.3215274491223783,0.6727163879880788,-0.8905084607906265,0.7818458607372355,oe:team:2e66da41dc460dd378e3bcc57042d31,10.152893605930446,0.29477358656467073,-0.18752815569941864,-1.559482933130799,-1.5599673481947995,-1.163654017237403,0.9767829548710972,0.17647058823529413,0.058823529411764705,
2019,oe:team:33d17f3717f58e12a3da80b377221fb,FunPlus Phoenix,LPL,4,-1.5,4.0,2.5,-0.125,-0.3125,0.1875,0.6375,0.30625,0.33125,0.8408195870890746,0.5563077431850736,2.987271343885589,1.2525533798538584,1.577747633054167,0.7975452881550559,oe:team:33d17f3717f58e12a3da80b377221fb,8.397075886100424,0.350539886258838,-0.01859354309164914,-1.1263853110399822,2.7975094636788507,0.9448274709153412,0.3992820795487207,1.0,1.0,Champion
2021,oe:team:33d17f3717f58e12a3da80b377221fb,FunPlus Phoenix,LPL,4,-4.1764705882352935,5.088235294117647,0.9117647058823528,-1.7058823529411764,-1.7058823529411764,-1.8235294117647056,0.6470588235294117,0.1647058823529412,0.4823529411764706,-0.5634610109277389,0.5855941180056847,-0.2030784579593306,-0.2515884910756914,-0.2562071100322314,-0.4137116117168649,oe:team:33d17f3717f58e12a3da80b377221fb,7.93195207534815,0.42209354994564563,-0.11678694625127155,0.6339347299608935,-0.07717770813073191,0.3661266838486146,-0.3079338502325008,0.5,0.5454545454545454,
2017,oe:team:364547a649dd1c75e258f0d5168509f,Team oNe eSports,Other,2,-1.526315789473684,1.526315789473684,0.0,0.0,-1.263157894736842,0.0,0.2421052631578947,0.0,0.2421052631578947,1.1501358971728173,-1.3266284921977018,-1.2149818234329748,0.4515621764554905,1.325271540191881,-0.2940160867875013,oe:team:364547a649dd1c75e258f0d5168509f,7.039318650036191,0.36042815742731604,-0.7468469145928844,-2.1637679756790678,-1.4727626933104556,-0.5847969660436952,0.34122380954776654,0.0625,0.041666666666666664,
2023,oe:team:407a64574852482edb8c1560eab637c,Team Whales,Other,4,-1.5348837209302328,1.790697674418605,0.2558139534883721,-0.1627906976744186,-0.1627906976744186,-0.1627906976744186,0.2744186046511628,0.0325581395348837,0.2418604651162791,0.2316996358579397,-0.5699166965755982,-1.069010427645387,0.8328629594628116,0.7918823787960468,0.7308014639354381,oe:team:407a64574852482edb8c1560eab637c,7.158496616281617,0.5195006481832962,0.43672663851183974,1.4049392581801317,-0.89439697012408,-1.0518951291098926,0.7595901602418805,0.09090909090909091,0.22727272727272727,
2017,oe:team:418bd4b8f699d70c4509d7f9c768a3a,Gambit Esports,Other,2,-1.6363636363636365,1.863636363636364,0.2272727272727273,0.0909090909090909,-1.5909090909090908,0.0909090909090909,0.2636363636363635,0.0272727272727272,0.2363636363636363,0.9753828511539286,-0.8359920431804008,0.2553735142331726,1.2286439151545343,0.6546819219113245,0.8273170952378035,oe:team:418bd4b8f699d70c4509d7f9c768a3a,8.145086496015491,0.370944662274142,0.5676182608004778,-1.8163333744344408,-0.14033053020594594,-0.20570238144462438,0.23038470796879174,0.7916666666666666,0.5,
2018,oe:team:418bd4b8f699d70c4509d7f9c768a3a,Gambit Esports,Other,3,0.1458333333333333,0.7708333333333333,0.9166666666666666,0.375,0.375,0.6041666666666666,0.2,0.1,0.1,1.6329565727590405,-1.555171755021255,0.7786267571904223,1.5408089698166818,1.5408089698166818,1.0922342230192654,oe:team:418bd4b8f699d70c4509d7f9c768a3a,11.172557811765147,0.3288619979402677,1.357643745487295,-1.7103214350834615,0.2824533100269673,-0.9564506782352258,0.885979604542811,0.7916666666666666,0.6666666666666666,
2017,oe:team:418c28593a78b57ef74e47d0c18640a,Fenerbahçe Esports,Other,3,-3.424242424242424,3.606060606060606,0.1818181818181818,-0.2727272727272727,-2.939393939393939,-0.2121212121212121,0.4969696969696969,0.0242424242424242,0.4727272727272726,-1.863720983442791,1.6983829948876883,-0.0386975533000569,-1.8796830396416415,-2.104361982011843,-2.910460178179879,oe:team:418c28593a78b57ef74e47d0c18640a,7.171729660488739,0.4549868659788231,-0.5894452839419426,0.9601755472220045,0.21392476179924305,1.363355758739074,-1.453907565731134,0.6041666666666666,0.8333333333333334,
2020,oe:team:4880b157399745e82e26e229d8bbf48,PSG Talon,Other,3,-0.3636363636363636,0.8181818181818182,0.4545454545454546,0.0,-0.0909090909090909,0.0,0.2121212121212121,0.0787878787878787,0.1333333333333333,1.6246356685577863,-1.7284482207487624,0.0424737270447197,-0.7062224707277746,0.61262256260703,0.0948189622369321,oe:team:4880b157399745e82e26e229d8bbf48,7.355382756155194,0.38689637736121646,-0.5506880873933744,0.6647586426634565,0.2387772996772919,-1.961301807063542,1.9162373022090025,0.5454545454545454,0.6363636363636364,
2021,oe:team:4880b157399745e82e26e229d8bbf48,PSG Talon,Other,4,-2.9705882352941173,4.411764705882352,1.441176470588235,-1.2352941176470589,-1.2352941176470589,-1.7058823529411764,0.6294117647058823,0.188235294117647,0.4411764705882353,0.6801228993634733,-0.2516085220550896,1.2654456735198174,0.634781318354,0.6316953960783722,-0.2282108468834164,oe:team:4880b157399745e82e26e229d8bbf48,7.826626855298831,0.4219637033458147,-0.21953869388431946,0.6294274220537533,1.40600012706519,-0.4701722470353824,0.939553895436855,0.9090909090909091,0.9090909090909091,
2023,oe:team:4880b157399745e82e26e229d8bbf48,PSG Talon,Other,4,-1.586206896551724,1.96551724137931,0.3793103448275862,-0.3103448275862069,-0.3103448275862069,-0.4137931034482758,0.2758620689655172,0.0413793103448275,0.2344827586206896,0.1791585589414321,-0.3941291617188585,-0.6812322684001849,0.3280379958635657,0.2441148948640571,-0.2077507561809958,oe:team:4880b157399745e82e26e229d8bbf48,6.681149360472179,0.5179413972866372,-0.19296450343531005,1.357330652403775,-0.42023351893446637,-0.8636734303845364,0.7231200062078885,0.3181818181818182,0.45454545454545453,
2024,oe:team:4880b157399745e82e26e229d8bbf48,PSG Talon,Other,3,-3.5,4.321428571428571,0.8214285714285714,-0.7142857142857144,-0.9642857142857144,-0.2142857142857145,0.5642857142857143,0.1071428571428571,0.4571428571428571,-0.07315368144074,0.8147378703624664,1.403970285747289,1.214650486392285,1.4610156103483103,1.0234872842722624,oe:team:4880b157399745e82e26e229d8bbf48,7.053831460933009,0.42884982727087995,-0.7221968752954192,1.0654465913376199,1.694515983133448,0.44254723167420423,0.38535306272624226,0.95,0.95,
2025,oe:team:4880b157399745e82e26e229d8bbf48,PSG Talon,Other,3,-2.0416666666666665,2.208333333333333,0.1666666666666666,-0.25,0.0,-0.2916666666666667,0.25,0.0166666666666666,0.2333333333333333,-1.1244291312950851,1.0048773284236607,-0.286189944829241,-1.6584167667271323,-0.8905084607906265,-1.56008712918925,oe:team:4880b157399745e82e26e229d8bbf48,8.866681092086278,0.35300298062593144,-1.3951548334694155,1.660809392027284,0.2071503773791647,0.42300160884793814,-0.3948341117855957,0.4117647058823529,0.6470588235294118,
2018,oe:team:4bd1751425ef6a9bc9d4d8e9385b4a6,100 Thieves,LCS,3,-0.9705882352941176,1.5588235294117647,0.588235294117647,-0.1764705882352941,-0.1764705882352941,0.0588235294117647,0.2764705882352941,0.0705882352941176,0.2058823529411764,0.3345921624299282,-0.5199587081749433,-0.3819111247102895,0.3292907147768087,0.3292907147768087,0.1257371453055894,oe:team:4bd1751425ef6a9bc9d4d8e9385b4a6,9.272000740314663,0.3583673305331699,-0.0031365552798011294,-0.4493956741417555,-0.4582634511615935,-0.364923250430681,0.15819479377635765,0.4166666666666667,0.375,
2021,oe:team:4bd1751425ef6a9bc9d4d8e9385b4a6,100 Thieves,LCS,4,-4.454545454545454,5.454545454545454,1.0,-1.9393939393939392,-1.9393939393939392,-2.060606060606061,0.6545454545454545,0.1454545454545454,0.509090909090909,-0.8502298062055353,1.0389410021492658,0.0416755639538608,-0.6914159343911825,-0.6967950960189327,-0.7875237590327533,oe:team:4bd1751425ef6a9bc9d4d8e9385b4a6,7.383374875328594,0.42629217502196715,-0.6519604401899431,0.7796797554776095,0.27282678065723,0.7657940223113956,-0.507881808493432,0.6363636363636364,0.6363636363636364,
2022,oe:team:4bd1751425ef6a9bc9d4d8e9385b4a6,100 Thieves,LCS,3,-3.46875,3.78125,0.3125,-0.59375,-0.59375,-0.71875,0.475,0.0375,0.4375,-1.3900331413970497,1.1782560294560365,-0.7564370002978871,-0.0113707744775277,-3.255033394851208e-05,-0.1108931374690567,oe:team:4bd1751425ef6a9bc9d4d8e9385b4a6,7.596970271835694,0.39691315205327415,-0.6810066402048129,1.7570024661156012,-0.35385454023326823,0.5677184702210171,-0.662084284306684,0.20833333333333334,0.4166666666666667,
2024,oe:team:4bd1751425ef6a9bc9d4d8e9385b4a6,100 Thieves,LCS,2,-3.25,3.625,0.375,-0.53125,-0.8125,0.21875,0.4875,0.04375,0.44375,0.5319477427381225,-0.8386483348366847,-0.5987864763514065,1.690858918546549,1.724522731439854,1.8943687976169084,oe:team:4bd1751425ef6a9bc9d4d8e9385b4a6,8.806362410711955,0.3568196382796924,0.47471161526878214,-1.7148498071422649,-0.9631957830564901,-0.24396266073125972,-0.1680457611392877,0.35,0.2,
2025,oe:team:4bd1751425ef6a9bc9d4d8e9385b4a6,100 Thieves,LCS,2,-0.5277777777777777,0.5833333333333333,0.0555555555555555,0.0,0.0,-0.0277777777777777,0.0944444444444444,0.0055555555555555,0.0888888888888888,1.480743009425263,-1.613645560011301,-1.3529013128888372,0.6727163879880788,-0.8905084607906265,0.5588046236013797,oe:team:4bd1751425ef6a9bc9d4d8e9385b4a6,10.373570216568973,0.3099993352610762,0.01966541402449977,-0.7174449476378298,-1.478498885175096,-1.3659802846262596,1.197767961142623,0.11764705882352941,0.11764705882352941,
2020,oe:team:4f5a0b869cd5960c307d1c45e9399a3,Legacy Esports,Other,3,-1.12,1.7200000000000002,0.6000000000000001,0.16,-0.12,0.0,0.28,0.088,0.192,0.3031002048794197,-0.03937586918372,0.9253454772989922,2.9013551138847995,0.2852982001796572,0.0948189622369321,oe:team:4f5a0b869cd5960c307d1c45e9399a3,8.944513281320784,0.3191111111111112,0.5188402634182832,-1.3351933348141214,0.6192133564712583,0.4245964107065342,-0.2501608503431374,0.8181818181818182,0.7272727272727273,
2019,oe:team:50b9075ca20fb326456aded56aa7937,Flamengo MDL,Other,3,-1.6666666666666663,2.761904761904762,1.0952380952380951,-0.6190476190476191,-0.8095238095238095,-0.4761904761904761,0.4476190476190475,0.1523809523809523,0.2952380952380952,0.6824651089586248,-0.6220092321114128,0.1315743126429897,-1.021474690479184,0.0654620453475857,-1.9965028339329365,oe:team:50b9075ca20fb326456aded56aa7937,9.85292623430548,0.3505777310924369,1.138467558773087,-1.1250278203261133,-0.23164367056505808,-0.22662205967704357,0.17755864533848797,0.5416666666666666,0.375,
2018,oe:team:5203ff881d5c82c5f720eb3a2f3b44c,Papara SuperMassive,Other,3,-0.4166666666666667,1.5277777777777777,1.1111111111111112,-0.5555555555555555,-0.5555555555555555,-0.1944444444444444,0.2888888888888888,0.1055555555555555,0.1833333333333333,0.9787861398928904,-0.5607447069102051,1.4657113738381076,-0.5035159079468967,-0.5035159079468967,-0.323122920748702,oe:team:5203ff881d5c82c5f720eb3a2f3b44c,9.799927569046384,0.35015004748338086,0.3748538979278475,-0.8005655465641106,1.2725866542733923,-0.2821483543812033,0.6435360505531768,0.9166666666666666,0.9166666666666666,
2020,oe:team:5203ff881d5c82c5f720eb3a2f3b44c,Papara SuperMassive,Other,3,-1.3076923076923077,1.8846153846153848,0.576923076923077,0.0,-0.0384615384615384,-0.3461538461538461,0.3153846153846155,0.1076923076923076,0.2076923076923077,-0.0248399933928375,0.2689427036748492,0.7852744784605739,-0.7062224707277746,1.2027506198679183,-2.493145657405502,oe:team:5203ff881d5c82c5f720eb3a2f3b44c,6.653680374155267,0.36805184344451364,-1.0229530017576562,0.10876520992696476,0.9574246381087383,0.22492978831820815,0.07439037546576047,0.7727272727272727,0.8636363636363636,
2018,oe:team:53a258f289c26d94431c0496a54e151,Invictus Gaming,LPL,3,-1.018181818181818,1.8727272727272728,0.8545454545454545,-0.3636363636363636,-0.3636363636363636,0.0363636363636363,0.36,0.1163636363636363,0.2436363636363636,0.2792422695956205,-0.1075712798143936,0.5591166069367463,-0.0818912384488452,-0.0818912384488452,0.0859320766912734,oe:team:53a258f289c26d94431c0496a54e151,9.493688361866836,0.3904974034912094,0.15558961656931775,0.9236997338210257,0.6936651683997965,-0.4252896816565218,0.6335772080506223,0.6666666666666666,0.7916666666666666,Champion
2019,oe:team:53a258f289c26d94431c0496a54e151,Invictus Gaming,LPL,4,-4.27906976744186,5.325581395348838,1.0465116279069766,-0.5116279069767442,-1.162790697674419,0.1627906976744185,0.5906976744186048,0.1302325581395348,0.4604651162790698,-1.799649269179126,1.81788683033167,0.0325197841647284,-0.527037654172532,-1.0094168906856122,0.6935224307574738,oe:team:53a258f289c26d94431c0496a54e151,10.02133907035319,0.4043570578023902,1.2723164408960188,0.8040317015252378,-0.021022154467373814,1.548537683605009,-1.5540074451661536,0.4166666666666667,0.4583333333333333,SF
2025,oe:team:53a258f289c26d94431c0496a54e151,Invictus Gaming,LPL,3,-2.02,2.2,0.18,-0.2,0.0,-0.3,0.28,0.028,0.252,-1.0871440988223906,0.9914490059188668,-0.1581845806620894,-1.1921901357840905,-0.8905084607906265,-1.6269995003300064,oe:team:53a258f289c26d94431c0496a54e151,10.85758542192676,0.33356803844998495,0.4741079483219105,0.5859880558607543,-0.1291803162409278,0.7922709514236531,-0.8830895313998441,0.47058823529411764,0.47058823529411764,
2019,oe:team:5737b101780a9835142549164be1ac4,Isurus,Other,4,-2.142857142857143,4.0476190476190474,1.9047619047619049,-0.0952380952380952,-0.7142857142857143,0.0,0.5333333333333332,0.1809523809523809,0.3523809523809523,0.2300237428716247,0.6016276268503229,1.777230228952284,1.3895430226450056,0.3552413196386672,0.0081953702557576,oe:team:5737b101780a9835142549164be1ac4,11.185487503897281,0.3457224556489262,2.1975426297768768,-1.299186105646966,1.2252609523515217,1.0638193545717682,-0.40180142488209275,0.9583333333333334,0.9583333333333334,
2022,oe:team:5737b101780a9835142549164be1ac4,Isurus,Other,4,-2.5862068965517246,3.172413793103449,0.5862068965517242,-0.1034482758620689,-0.1034482758620689,-0.1379310344827586,0.3862068965517241,0.0620689655172413,0.3241379310344828,-0.0152119064174508,-0.0307557863439469,-0.0638960472458804,2.2567538213452547,2.26497898342123,2.3627094730396263,oe:team:5737b101780a9835142549164be1ac4,8.687329156149591,0.3441039684239513,0.21067999494192563,-0.8162537735872585,-0.23505824446931328,0.2522126173967526,-0.3475589880867115,0.625,0.5833333333333334,
2017,oe:team:594b183f8fb081ef64820f31ab8d641,Misfits Gaming,LEC,2,-1.8285714285714283,2.057142857142857,0.2285714285714285,0.0,-1.5428571428571427,0.0,0.3314285714285714,0.0457142857142857,0.2857142857142857,0.6701620030762185,-0.5545347408160692,0.2637755447341218,0.4515621764554905,0.7529977720992769,-0.2940160867875013,oe:team:594b183f8fb081ef64820f31ab8d641,8.060908355126175,0.409468438538206,0.46755274060046914,-0.5436203352936925,0.1006598583704961,-0.36400468210685577,0.430747838243089,0.8333333333333334,0.75,QF
2016,oe:team:5b90b1fda6971ccdccf9eb32286aa50,H2k-Gaming,LEC,3,-5.351351351351351,5.783783783783784,0.4324324324324324,-0.7567567567567568,-0.7567567567567568,-0.3783783783783784,0.5351351351351351,0.0594594594594594,0.4756756756756756,0.1320613797303242,-0.271291213348805,-0.2915915902062825,-1.6418131928940654,-1.6418131928940654,-1.0449455058080257,oe:team:5b90b1fda6971ccdccf9eb32286aa50,6.750135747736732,0.4389061130956393,0.5535523714362548,0.5244084293063792,-0.28503974217337585,-0.44871871944907105,0.30753332899475816,0.5,0.4375,SF
2020,oe:team:5f401785b6b78326f9a46b3c6b206ed,LGD Gaming,LPL,3,-0.6603773584905661,1.207547169811321,0.5471698113207547,0.0377358490566037,-0.1886792452830188,0.0377358490566037,0.2415094339622641,0.0679245283018867,0.1735849056603773,1.1061631648922443,-0.9991812095549388,0.6046797944236192,0.1446212992280211,-0.4874652120604379,0.3769450842943883,oe:team:5f401785b6b78326f9a46b3c6b206ed,7.540159232539198,0.3917324596090837,-0.42632845995800067,0.8074435178571316,0.8067072104661299,-1.2804770250394903,1.4469584995039206,0.7272727272727273,0.7727272727272727,
2024,oe:team:61450737f7b683db4da7b3e0bf0dced,paiN Gaming,Other,3,-4.086956521739131,4.739130434782609,0.6521739130434783,-1.5217391304347825,-2.4782608695652177,-1.0869565217391304,0.5130434782608695,0.0869565217391304,0.4260869565217391,-1.4938265903824182,1.8064009454986376,0.6446642437690012,-0.886120539866185,-1.1673162880072387,-0.731547804924297,oe:team:61450737f7b683db4da7b3e0bf0dced,5.909728564274058,0.4310276679841897,-1.5035733589820106,1.149509159775677,1.066873830487062,1.4002521695921364,-0.9591371318380875,0.8,0.85,
2017,oe:team:62c1cd9465dc63824593ee5046f5aa8,Team WE,LPL,2,-1.9482758620689653,2.137931034482759,0.1896551724137931,0.0,-1.7241379310344829,0.0,0.3310344827586207,0.0379310344827586,0.293103448275862,0.4800745550539169,-0.4370274569777777,0.0120043548953275,0.4515621764554905,0.382091377354793,-0.2940160867875013,oe:team:62c1cd9465dc63824593ee5046f5aa8,8.05027559816898,0.4274054567835829,0.45491320799923285,0.04896635318969555,-0.047912657627771436,-0.4510381856754254,0.47418975911682326,0.7083333333333334,0.625,SF
2022,oe:team:658a021a796aa5501503220adb38cf4,LOUD,Other,4,-2.3448275862068964,3.275862068965517,0.9310344827586208,-0.7241379310344828,-0.7241379310344828,-0.8275862068965517,0.4482758620689654,0.0896551724137931,0.3586206896551724,0.3608075766538937,0.1746692301459601,0.8085964920322377,-0.6145423702897402,-0.602376276893018,-0.574406799178476,oe:team:658a021a796aa5501503220adb38cf4,6.935521281322846,0.3863920080775939,-1.2219342495971466,1.244334071650997,1.2047389142770457,-0.26241145488928985,0.9171999814137386,0.875,0.9166666666666666,
2023,oe:team:658a021a796aa5501503220adb38cf4,LOUD,Other,4,-0.3636363636363636,1.3636363636363638,1.0,-0.409090909090909,-0.409090909090909,-0.5909090909090908,0.3272727272727272,0.1272727272727272,0.2,1.4307407462849542,-0.999342626179762,1.2677306878062204,-0.0098006470194274,-0.1224617143186898,-0.8700256962834866,oe:team:658a021a796aa5501503220adb38cf4,6.089765864956858,0.47035718259708464,-0.9730861949034614,-0.09555811821457351,1.3974666627502306,-0.9725415447288436,1.4469370493067006,0.9090909090909091,0.9545454545454546,
2021,oe:team:67169969ecc058b307edfa9c6b7a3c0,RED Canids,Other,4,-3.0454545454545454,4.2272727272727275,1.1818181818181817,-1.1818181818181817,-1.1818181818181817,-1.1818181818181817,0.618181818181818,0.1909090909090909,0.4272727272727272,0.6029159160194508,-0.479936514798936,0.5460171848658913,0.7355051603346472,0.7325934081363957,0.5981107419201265,oe:team:67169969ecc058b307edfa9c6b7a3c0,7.535817557074847,0.426195682516051,-0.5032424792309115,0.7763302535617962,0.7542715375904601,-0.750984934613606,0.9357344566235277,0.7272727272727273,0.8181818181818182,
2022,oe:team:692bccdba8ec7050f5aeb916815439e,Chiefs Esports Club,Other,3,-1.434782608695652,2.1739130434782608,0.7391304347826086,-0.6956521739130435,-0.6956521739130435,-0.9130434782608696,0.3304347826086956,0.0782608695652173,0.2521739130434782,1.7784710935750458,-2.013553771594373,0.32303542669485,-0.4827679073886171,-0.4707826779897069,-0.9383538155185452,oe:team:692bccdba8ec7050f5aeb916815439e,6.6809479410633115,0.372094546435245,-1.430122258554334,0.5476553908872592,0.6313336385460896,-2.211578783890783,2.072631575460465,0.75,0.7916666666666666,
2018,oe:team:6db10eb2b230fe5af5947ce5d46bc9a,Ascension Gaming,Other,4,-1.9047619047619049,3.142857142857143,1.238095238095238,0.1428571428571428,0.1428571428571428,0.3333333333333333,0.4285714285714285,0.1428571428571428,0.2857142857142857,-0.7518234708641199,1.5610472122572776,1.914419694914146,1.0308174757903734,1.0308174757903734,0.6122435394805634,oe:team:6db10eb2b230fe5af5947ce5d46bc9a,8.55711256796614,0.3679948169744088,-0.514989504500015,-0.03796002505520988,1.9852363562001893,1.5708795323909217,-0.7382963126495231,1.0,1.0,
2017,oe:team:6f0162b86d2a0d206ba9a08a1da14be,Hong Kong Attitude,Other,2,-1.8857142857142857,1.9714285714285713,0.0857142857142857,0.0,-1.542857142857143,0.0,0.2628571428571428,0.0114285714285714,0.2514285714285714,0.5794206698639263,-0.6792071029371827,-0.6604478103703134,0.4515621764554905,0.7529977720992764,-0.2940160867875013,oe:team:6f0162b86d2a0d206ba9a08a1da14be,7.64480682749971,0.4173575261947355,-0.027081797274497044,-0.28298792328491806,-0.7047586577179666,-0.5817392565682696,0.46972848111407595,0.20833333333333334,0.16666666666666666,
2019,oe:team:6f0162b86d2a0d206ba9a08a1da14be,Hong Kong Attitude,Other,3,-1.5833333333333337,2.7222222222222223,1.1388888888888888,-0.3611111111111111,-0.4722222222222222,0.1666666666666667,0.4277777777777777,0.1333333333333333,0.2944444444444444,0.7616423480238494,-0.6597758018324539,0.2203106610714321,0.1657688803774243,1.0917636417951662,0.7098397417218008,oe:team:6f0162b86d2a0d206ba9a08a1da14be,8.148864894436493,0.37431175404397937,-0.2158633269425071,-0.2736905915534457,0.2059274474496055,-0.5667127047708658,0.6660291949409125,0.6666666666666666,0.5833333333333334,
2023,oe:team:7338408a0fe0217451d2c9a567db999,Team BDS,LEC,0,0.0,0.0,0.0,0.0,0.0,0.0,0.0,0.0,0.0,1.8030062173922583,-2.370529381598997,-1.8722651860818769,1.389816587781545,1.3962128094384052,1.3395110507841157,oe:team:7338408a0fe0217451d2c9a567db999,6.237473105663371,0.420692998571137,-0.778238649552793,-1.6119545901114793,-2.031002563717952,-1.819289487839045,1.212639041749957,0.045454545454545456,0.045454545454545456,
2016,oe:team:73f3126d91d35faa5d5ce34abadb865,Royal Never Give Up,LPL,3,-4.047619047619048,4.547619047619048,0.5,-0.3333333333333333,-0.3333333333333333,0.1904761904761905,0.4571428571428572,0.0761904761904761,0.3809523809523809,1.655743888406929,-2.0829814534439555,-0.0183739823882189,0.7804956410377921,0.7804956410377921,0.6790871322488975,oe:team:73f3126d91d35faa5d5ce34abadb865,7.28696284785792,0.42598647964501624,1.582669797582757,0.07949839499774244,-0.2423608314155256,-2.1003766477565855,1.5995714479794823,0.59375,0.5,QF
2017,oe:team:73f3126d91d35faa5d5ce34abadb865,Royal Never Give Up,LPL,2,-1.7446808510638294,1.936170212765957,0.1914893617021276,0.0,-1.5106382978723405,0.0,0.2851063829787233,0.0382978723404255,0.2468085106382978,0.8033780028985205,-0.7304907696253007,0.0238707589410556,0.4515621764554905,0.818918577918226,-0.2940160867875013,oe:team:73f3126d91d35faa5d5ce34abadb865,8.874659405586652,0.4403279504056329,1.4348872685119336,0.47588779563245115,-0.1101703762594526,-0.8855894593171926,0.9111113874815707,0.75,0.5416666666666666,SF
2018,oe:team:73f3126d91d35faa5d5ce34abadb865,Royal Never Give Up,LPL,3,-1.25,2.0,0.7499999999999999,-0.5,-0.5,0.0535714285714285,0.3357142857142857,0.0821428571428571,0.2535714285714285,0.0096447578689645,0.0596318001682482,0.1896970857781206,-0.3814666615132503,-0.3814666615132503,0.1164289872537723,oe:team:73f3126d91d35faa5d5ce34abadb865,10.7552186929417,0.3922621096631424,1.0588330124841416,0.9991153715087837,0.20155056789971296,-0.2783807137624115,0.3437265640255379,0.625,0.625,QF
2019,oe:team:73f3126d91d35faa5d5ce34abadb865,Royal Never Give Up,LPL,4,-4.805555555555555,5.694444444444445,0.888888888888889,-0.5833333333333334,-1.2500000000000002,-0.1944444444444445,0.5888888888888889,0.1111111111111111,0.4777777777777777,-2.299877562498183,2.1689402702735343,-0.2879066072005555,-0.8570871191298075,-1.274767098248667,-0.8103897297879595,oe:team:73f3126d91d35faa5d5ce34abadb865,8.020895054334336,0.43331794398276396,-0.3175694702810808,1.842856035433523,0.07479622943629405,1.5310847947828563,-1.5582682143492015,0.3333333333333333,0.5,
2021,oe:team:73f3126d91d35faa5d5ce34abadb865,Royal Never Give Up,LPL,4,-4.5,5.166666666666668,0.6666666666666667,-2.4444444444444446,-2.4444444444444446,-2.4444444444444446,0.5277777777777777,0.1055555555555555,0.4222222222222222,-0.8971054746644063,0.6826610907663561,-0.8829507410515288,-1.6426966642084024,-1.6497207654558184,-1.3927434261156206,oe:team:73f3126d91d35faa5d5ce34abadb865,7.005808839781106,0.43538777606574214,-1.0203011849918031,1.095411353826531,-0.5425337549612843,0.2982416913754206,-0.4103616288032865,0.22727272727272727,0.36363636363636365,QF
2022,oe:team:73f3126d91d35faa5d5ce34abadb865,Royal Never Give Up,LPL,3,-2.1481481481481484,2.611111111111111,0.4629629629629629,-0.5555555555555556,-0.5555555555555556,-0.7777777777777778,0.3740740740740741,0.0629629629629629,0.3111111111111111,0.6671938221194321,-1.145376709150305,-0.3757313436915786,0.1653158545987768,0.1764115715873949,-0.3622817350738354,oe:team:73f3126d91d35faa5d5ce34abadb865,8.131743225255311,0.3701572194545649,-0.243673664555903,0.45325440986903454,-0.2616703260349249,-1.3033083377102563,0.8587381815122762,0.4583333333333333,0.5416666666666666,QF
2025,oe:team:740de582f50775c516c77ed7b923fd5,Team Secret Whales,Other,3,-2.0625,2.4375,0.375,-0.125,0.0,-0.21875,0.325,0.05,0.275,-1.1602801240572922,1.374156197305515,1.7138938702825022,-0.4928501893695268,-0.8905084607906265,-0.9746038817076284,oe:team:740de582f50775c516c77ed7b923fd5,9.997050265112998,0.3313713773528533,-0.3338496802517397,0.46450489454493915,1.8434145883190474,1.2117710850485566,-0.9593351203662641,1.0,1.0,
2019,oe:team:76b516358ee227ba806ba5d955b6314,Griffin,LCK,3,-2.628571428571428,3.2857142857142856,0.6571428571428573,-0.5714285714285714,-1.0285714285714285,-0.1714285714285714,0.4857142857142856,0.0971428571428571,0.3885714285714285,-0.2314664505371148,-0.1234905117936686,-0.7590159479479222,-0.8022912620133483,-0.6010302855219014,-0.7134959832521722,oe:team:76b516358ee227ba806ba5d955b6314,8.535361273062179,0.4184105494505495,0.09131105143417703,1.3081291593709266,-0.5491011071823453,-0.5742564303992053,0.27746339001376896,0.20833333333333334,0.2916666666666667,QF
2017,oe:team:78f183fa5a7d8ecb22b9ad272c3abd7,Fnatic,LEC,2,-1.95,2.125,0.175,0.05,-1.8500000000000003,0.05,0.325,0.0349999999999999,0.29,0.477336670000097,-0.4558357874701875,-0.0828082134300414,0.8789571327399649,0.1245734864384454,0.3227171633264163,oe:team:78f183fa5a7d8ecb22b9ad272c3abd7,8.137117243489993,0.41604885701479144,0.5581449297059152,-0.326222530344717,-0.2223591720679094,-0.33974030608843586,0.3183363332425464,0.5416666666666666,0.4166666666666667,QF
2018,oe:team:78f183fa5a7d8ecb22b9ad272c3abd7,Fnatic,LEC,3,-0.7857142857142856,1.9285714285714284,1.142857142857143,0.2857142857142857,0.2857142857142857,0.7857142857142857,0.35,0.1357142857142857,0.2142857142857142,0.5495949564251521,-0.0342066630873163,1.577888454107118,1.3446583951911788,1.3446583951911788,1.4139862196770767,oe:team:78f183fa5a7d8ecb22b9ad272c3abd7,10.631795561183006,0.34489308850031664,0.9704632555959505,-1.0252244276354658,1.2569510077234782,0.3256801110677976,0.09318048352167774,0.9583333333333334,0.875,Runner-up
2019,oe:team:78f183fa5a7d8ecb22b9ad272c3abd7,Fnatic,LEC,3,-1.878787878787879,3.090909090909091,1.212121212121212,-0.303030303030303,-0.5454545454545454,0.0606060606060606,0.4787878787878787,0.1333333333333333,0.3454545454545453,0.4809230458835064,-0.3088900358787801,0.3691823861208021,0.4331062438849965,0.8689409422455846,0.2633387780615915,oe:team:78f183fa5a7d8ecb22b9ad272c3abd7,7.857837867302814,0.35550337321555037,-0.44716186192096835,-0.9483454886548695,0.274189032826365,0.015483328684401998,0.13300761441756492,0.7916666666666666,0.75,QF
2020,oe:team:78f183fa5a7d8ecb22b9ad272c3abd7,Fnatic,LEC,3,-1.6153846153846154,1.961538461538462,0.3461538461538461,0.0,-0.1153846153846153,0.1538461538461538,0.3076923076923077,0.0538461538461538,0.2538461538461539,-0.5624468758063742,0.4130168031414707,-0.6154355099236083,-0.7062224707277746,0.3372294692186152,1.2450254598557915,oe:team:78f183fa5a7d8ecb22b9ad272c3abd7,8.322955894147336,0.2867206092336983,0.10051512478994397,-2.290850100138437,-1.0221395534408622,1.2040678893034586,-1.4680886108273794,0.3181818181818182,0.22727272727272727,QF
2021,oe:team:78f183fa5a7d8ecb22b9ad272c3abd7,Fnatic,LEC,4,-1.2121212121212124,3.0303030303030303,1.818181818181818,-0.1818181818181818,-0.1818181818181818,0.0606060606060605,0.5393939393939393,0.2545454545454545,0.2848484848484848,2.4935678771938954,-1.9613108831805168,2.3112128580579996,2.6190410053727415,2.6193862336214284,2.557111243267301,oe:team:78f183fa5a7d8ecb22b9ad272c3abd7,7.525850993033731,0.3175402990645485,-0.5129655244108017,-2.995376280316661,1.8761621731550346,-0.9310660694187416,1.344994439253767,1.0,1.0,
2022,oe:team:78f183fa5a7d8ecb22b9ad272c3abd7,Fnatic,LEC,3,-3.375,3.625,0.25,-0.46875,-0.46875,-0.53125,0.475,0.03125,0.44375,-1.24398986002559,0.8679786607994033,-0.914576273042046,0.5668763752267421,0.5774209395904487,0.6876353490402399,oe:team:78f183fa5a7d8ecb22b9ad272c3abd7,7.461466130147917,0.36495144284128744,-0.7918208261469497,0.199590250872694,-0.7615953756765419,0.7940936986419336,-1.1218387176383682,0.125,0.25,
2023,oe:team:78f183fa5a7d8ecb22b9ad272c3abd7,Fnatic,LEC,4,-1.085714285714286,1.4,0.3142857142857143,-0.4285714285714285,-0.4285714285714285,-0.4571428571428571,0.2457142857142857,0.0457142857142857,0.2,0.6915278822290217,-0.9627776460352492,-0.8854093400027606,-0.0764490867718547,-0.1947795487833134,-0.3698448502440073,oe:team:78f183fa5a7d8ecb22b9ad272c3abd7,6.806313766402276,0.4469484309852974,-0.027854268188198306,-0.8102975033835593,-1.0197465934846446,-0.683376657136326,0.3746948611276758,0.22727272727272727,0.13636363636363635,
2024,oe:team:78f183fa5a7d8ecb22b9ad272c3abd7,Fnatic,LEC,3,-3.129032258064516,3.4516129032258065,0.3225806451612903,-0.9032258064516128,-1.4838709677419355,-0.6451612903225806,0.432258064516129,0.0387096774193548,0.3935483870967741,0.8247387544375724,-1.250285429762197,-0.8339488832558986,0.7230804919104643,0.558991233784469,0.1569500418621602,oe:team:78f183fa5a7d8ecb22b9ad272c3abd7,7.424545224144954,0.4192262473363216,-0.46901421349229877,0.693985610778352,-0.6449092141673058,-1.4927054037909435,1.1233131657105593,0.15,0.3,
2025,oe:team:78f183fa5a7d8ecb22b9ad272c3abd7,Fnatic,LEC,2,-0.8400000000000001,0.92,0.08,0.08,0.08,0.08,0.128,0.008,0.12,0.9434561312289926,-1.071141330817596,-1.118224811915726,1.4186789974969465,0.028230099889976,1.4242046236885002,oe:team:78f183fa5a7d8ecb22b9ad272c3abd7,11.287626556705124,0.32407155635062607,0.8778741543780852,0.060798863811236066,-1.239610380636239,-1.0865530480573735,0.9188610656024147,0.23529411764705882,0.23529411764705882,
2019,oe:team:7b13b2cc48c457832262d00d5ffa6d6,Clutch Gaming,LCS,4,-4.243243243243244,5.324324324324325,1.0810810810810811,-0.7297297297297298,-1.4594594594594594,-0.027027027027027,0.5837837837837838,0.1351351351351351,0.4486486486486487,-1.765609525922927,1.816690453767282,0.1027949563959276,-1.530928064751126,-1.912085704882092,-0.1055847980900871,oe:team:7b13b2cc48c457832262d00d5ffa6d6,7.826764149120033,0.3945380109173212,-0.4718582125066809,0.4518233893739163,0.25086446625916214,1.6578058707697851,-1.5620252177944052,0.5,0.7083333333333334,
2019,oe:team:7bd8d762a338118fce3df129202eaed,MAMMOTH,Other,3,-2.904761904761905,3.142857142857143,0.238095238095238,-0.4761904761904761,-0.6666666666666665,-0.0476190476190476,0.3999999999999999,0.038095238095238,0.3619047619047619,-0.4938824428675756,-0.259450162789417,-1.6108848928609687,-0.3639244050816773,0.5001309567842085,-0.1922744501631117,oe:team:7bd8d762a338118fce3df129202eaed,6.9032346059194385,0.43019666199813267,-1.2058485654147169,1.730895936615073,-1.133980482114655,-0.8643076876066812,0.25279502166919704,0.041666666666666664,0.16666666666666666,
2016,oe:team:7cd8dc1c987b84b99e3d246d1943c92,Flash Wolves,Other,3,-5.199999999999999,5.766666666666667,0.5666666666666667,-0.6,-0.6,-0.1999999999999999,0.6066666666666667,0.1,0.5066666666666666,0.3089469305895237,-0.2963776060539235,0.2512007239922705,-0.7450435394809944,-0.7450435394809944,-0.5043325564082752,oe:team:7cd8dc1c987b84b99e3d246d1943c92,5.814645709064427,0.3788702669149596,-1.2398166678071079,-1.5430302860471174,0.17353396083609743,0.22815485480871645,-0.22884732884797276,0.75,0.6875,
2017,oe:team:7cd8dc1c987b84b99e3d246d1943c92,Flash Wolves,Other,2,-2.108108108108108,2.351351351351352,0.2432432432432432,0.1081081081081081,-1.7297297297297298,0.1081081081081081,0.3243243243243244,0.0324324324324324,0.2918918918918919,0.2262652108755457,-0.1266052816435978,0.3586957812043072,1.375659379232732,0.3706503751667283,1.0394612107561043,oe:team:7cd8dc1c987b84b99e3d246d1943c92,7.836042281159767,0.4829417600232283,0.20024652037438018,1.8837235897149514,0.6506547039647923,-0.7752783443157765,0.9553336871242034,0.875,0.875,
2018,oe:team:7cd8dc1c987b84b99e3d246d1943c92,Flash Wolves,Other,2,-1.1621621621621625,1.5405405405405406,0.3783783783783784,-0.2432432432432432,-0.2432432432432432,-0.081081081081081,0.2054054054054054,0.0378378378378378,0.1675675675675675,0.1117974981363512,-0.543977774286463,-1.1234569112898485,0.1825987747071158,0.1825987747071158,-0.1222120594476791,oe:team:7cd8dc1c987b84b99e3d246d1943c92,9.195151255601624,0.3934170148260435,-0.058160035759550456,1.0484708453629208,-0.9354927363498613,-0.9061012337471093,0.5269608428142029,0.16666666666666666,0.25,
2016,oe:team:7d6673d3a9d00363c6bebc1a630da6e,G2 Esports,LEC,3,-5.78125,6.28125,0.5,-0.4375,-0.4375,-0.1875,0.575,0.05625,0.51875,-0.3703646547972012,0.4577820746436761,-0.0183739823882189,0.184581898647641,0.184581898647641,-0.4664486944238232,oe:team:7d6673d3a9d00363c6bebc1a630da6e,7.118133636932578,0.45731432566811697,1.25901794959183,1.1583272257244563,-0.00935365772296158,0.06610575090857973,0.015216723752829397,0.59375,0.625,
2017,oe:team:7d6673d3a9d00363c6bebc1a630da6e,G2 Esports,LEC,2,-2.119047619047618,2.1904761904761907,0.0714285714285714,0.0,-1.9285714285714284,0.0,0.3333333333333332,0.0142857142857142,0.3190476190476189,0.2088935592470667,-0.3605999552943366,-0.7528701458807571,0.4515621764554905,-0.0361862145445566,-0.2940160867875013,oe:team:7d6673d3a9d00363c6bebc1a630da6e,8.117895793693219,0.4325087055908051,0.5352957154967111,0.2175627871013392,-0.796032322598876,-0.43227201565930434,0.26481206483662084,0.16666666666666666,0.125,
2018,oe:team:7d6673d3a9d00363c6bebc1a630da6e,G2 Esports,LEC,3,-1.3333333333333337,2.212121212121212,0.8787878787878788,-0.2121212121212121,-0.2121212121212121,0.1515151515151515,0.3696969696969697,0.103030303030303,0.2666666666666666,-0.0872693803334281,0.3383036001393178,0.6447791045967176,0.2509703427338269,0.2509703427338269,0.2900120316503859,oe:team:7d6673d3a9d00363c6bebc1a630da6e,10.781635246260183,0.3830952972346415,1.0777470066545571,0.6073668663725297,0.586824870772208,0.13557629729651147,0.09184720845505065,0.75,0.75,SF
2019,oe:team:7d6673d3a9d00363c6bebc1a630da6e,G2 Esports,LEC,3,-2.1153846153846154,3.230769230769231,1.1153846153846154,-0.5,-1.1153846153846154,-0.0384615384615384,0.5000000000000001,0.1461538461538461,0.3538461538461539,0.2561261293766438,-0.1757826852535717,0.1725295503791941,-0.4735161193145953,-0.8651752393949261,-0.1537225616210216,oe:team:7d6673d3a9d00363c6bebc1a630da6e,10.062061115156888,0.3476148889465859,1.3046809583677808,-1.2313046966436927,-0.2338067616265206,0.25732708220668193,-0.29971689212732455,0.5833333333333334,0.3333333333333333,Runner-up
2020,oe:team:7d6673d3a9d00363c6bebc1a630da6e,G2 Esports,LEC,3,-2.28125,2.625,0.34375,0.125,-0.15625,0.15625,0.325,0.0375,0.2875,-1.7258617697794183,1.6556559110410771,-0.6300262389692768,2.112197517250799,-0.122578642063827,1.2629974363810863,oe:team:7d6673d3a9d00363c6bebc1a630da6e,9.778660876832456,0.35531905386081986,1.0802444325743346,-0.26690592209687286,-0.8378102924255496,1.7545954712754512,-1.8903907909419249,0.2727272727272727,0.2727272727272727,SF
2022,oe:team:7d6673d3a9d00363c6bebc1a630da6e,G2 Esports,LEC,3,-2.84,3.2,0.36,-0.64,-0.64,-0.6799999999999999,0.416,0.04,0.376,-0.4105695343324623,0.0240242180533613,-0.6362511530123263,-0.2253222198681076,-0.2136903416059755,0.0541360830761981,oe:team:7d6673d3a9d00363c6bebc1a630da6e,8.826308327591908,0.34295390070921994,0.3243360319786315,-0.8722936272571425,-0.8340543114091161,0.3270486811958418,-0.7712120635203625,0.25,0.16666666666666666,
2023,oe:team:7d6673d3a9d00363c6bebc1a630da6e,G2 Esports,LEC,4,-0.9615384615384616,1.3461538461538465,0.3846153846153846,-0.0384615384615384,-0.0384615384615384,-0.3461538461538461,0.2307692307692307,0.0615384615384615,0.1692307692307692,0.8186504043681369,-1.0169219435569317,-0.6645744653556855,1.2582286426293168,1.2534314439569687,0.0451670391883012,oe:team:7d6673d3a9d00363c6bebc1a630da6e,6.94950900077018,0.4299938725490196,0.16104127808998442,-1.3279710159879177,-0.9157622095002838,-0.5577100481064603,0.2879876165946752,0.36363636363636365,0.18181818181818182,
2024,oe:team:7d6673d3a9d00363c6bebc1a630da6e,G2 Esports,LEC,3,-3.565217391304348,4.0434782608695645,0.4782608695652174,-1.5,-2.4130434782608696,-1.1956521739130437,0.4695652173913044,0.0521739130434782,0.417391304347826,-0.2310062268787048,0.1548579802160926,-0.135540129639882,-0.8295613199284578,-1.054095837001153,-0.950146481514616,oe:team:7d6673d3a9d00363c6bebc1a630da6e,8.817535309753943,0.396947694296975,0.48234225809951703,-0.16594522719593696,-0.23631319925672734,0.21517226492959893,-0.3228460890591141,0.4,0.4,
2025,oe:team:7d6673d3a9d00363c6bebc1a630da6e,G2 Esports,LEC,2,-0.7931034482758621,1.0689655172413794,0.2758620689655172,-0.1724137931034483,0.0344827586206896,-0.1724137931034483,0.1793103448275862,0.0344827586206896,0.1448275862068965,1.0241579521778497,-0.8310984899043005,0.762129847918983,-0.9349616497465496,-0.4945004604972633,-0.6025480249335933,oe:team:7d6673d3a9d00363c6bebc1a630da6e,9.14334157034385,0.290112197632527,-1.1353979343315732,-1.8172742985529917,0.6219072486467282,-0.21128138166559518,0.37284451689592624,0.7647058823529411,0.7058823529411765,QF
2018,oe:team:7e3dd5ff49e1a44784d225d2de40260,inf,Other,3,-1.2000000000000002,1.8,0.6,-0.1333333333333333,-0.1333333333333333,0.0666666666666666,0.3,0.0733333333333333,0.2266666666666666,0.0677932407903999,-0.2031158969473319,-0.3403396184929503,0.4240583649488165,0.4240583649488165,0.139637327996303,oe:team:7e3dd5ff49e1a44784d225d2de40260,9.160630814273423,0.37742977368361197,-0.08287633459573954,0.3652477656228043,-0.26546066111115185,-0.3296630611845185,0.21587865925208188,0.4791666666666667,0.4166666666666667,
2021,oe:team:7e3dd5ff49e1a44784d225d2de40260,inf,Other,4,-3.3999999999999995,5.05,1.65,-1.3,-1.3,-1.0,0.6799999999999999,0.23,0.4499999999999999,0.2372857020402611,0.5382739687848586,1.8446968587143715,0.5129054695574174,0.5096088014881641,0.8847937421172738,oe:team:7e3dd5ff49e1a44784d225d2de40260,7.41882731174112,0.39043222506393865,-0.6173742337948291,-0.46511091448141567,1.8578621794746704,0.694837373055188,0.08863690897767068,0.9545454545454546,0.9545454545454546,
2018,oe:team:86e551648da70c86cb473ce5d5f26f7,KaBuM! Esports,Other,4,-2.909090909090909,3.5454545454545454,0.6363636363636364,-0.9090909090909092,-0.9090909090909092,-0.9545454545454544,0.4363636363636363,0.0818181818181818,0.3545454545454545,-1.9198276299786696,2.0899549142431857,-0.2118458720029936,-1.2801929307064654,-1.2801929307064654,-1.6702296409831945,oe:team:86e551648da70c86cb473ce5d5f26f7,7.236263330135427,0.384580407683504,-1.4607046582951722,0.6708338351626026,0.12210018179525611,1.8492356524068234,-1.5755804968101925,0.5833333333333334,0.5833333333333334,
2021,oe:team:89008bdacc273b554227d6b76869381,Beyond Gaming,Other,4,-4.7272727272727275,5.454545454545455,0.7272727272727273,-1.878787878787879,-1.878787878787879,-1.7575757575757578,0.6666666666666666,0.1212121212121211,0.5454545454545453,-1.131483816958759,1.0389410021492669,-0.7148368674141854,-0.5772622468131163,-0.5824440156865066,-0.3097187587041745,oe:team:89008bdacc273b554227d6b76869381,7.8166890564927005,0.4215363799659412,-0.2292336766669557,0.6145939335256189,-0.5753628364146054,0.8254338207687972,-0.8773455628960041,0.3181818181818182,0.3181818181818182,
2022,oe:team:89008bdacc273b554227d6b76869381,Beyond Gaming,Other,4,-3.0270270270270268,4.324324324324325,1.2972972972972971,-1.0270270270270272,-1.0270270270270272,-1.135135135135135,0.5351351351351352,0.1243243243243243,0.4108108108108109,-0.7019193021423354,2.256679532408551,1.735325054022239,-2.0157004217632744,-2.001611201220542,-1.8842018935460083,oe:team:89008bdacc273b554227d6b76869381,7.1723905418067435,0.37943423423423417,-1.0282244932140567,0.9052995756334279,2.0444322473926126,1.9378043155482025,-0.28943406807746785,0.9583333333333334,0.9583333333333334,
2018,oe:team:8eb884e168f28402ce685bedebb5250,Team Liquid,LCS,3,-1.6666666666666663,2.296296296296296,0.6296296296296295,0.074074074074074,0.074074074074074,0.8148148148148149,0.3999999999999999,0.0888888888888888,0.311111111111111,-0.4749259331429982,0.4488876477468849,-0.2356410102418747,0.8797088849677634,0.8797088849677634,1.465560310216034,oe:team:8eb884e168f28402ce685bedebb5250,7.917000974215003,0.35327829533691835,-0.9733031537735942,-0.6668782446936375,-0.20353833209989103,0.6728103872052609,-0.6831931832025161,0.5416666666666666,0.4583333333333333,
2019,oe:team:8eb884e168f28402ce685bedebb5250,Team Liquid,LCS,4,-3.291666666666667,4.708333333333332,1.4166666666666663,-0.4999999999999999,-0.75,-0.2083333333333333,0.5666666666666665,0.1666666666666666,0.4,-0.861491052813263,1.2304410127056584,0.7849965147069742,-0.4735161193145951,0.2465740917795117,-0.868860094076796,oe:team:8eb884e168f28402ce685bedebb5250,7.5320862934381125,0.377409792497189,-0.7060583037528975,-0.16256423607753104,0.863193993639636,1.2820542369708103,-0.8863693575719896,0.9166666666666666,0.9166666666666666,
2020,oe:team:8eb884e168f28402ce685bedebb5250,Team Liquid,LCS,3,-1.3448275862068966,1.5517241379310345,0.2068965517241379,0.0,-0.2413793103448276,0.0344827586206896,0.2965517241379311,0.0344827586206896,0.2620689655172414,-0.0897235826496437,-0.3545503819479427,-1.4606915373968212,-0.7062224707277746,-1.0804344844311058,0.352623866875642,oe:team:8eb884e168f28402ce685bedebb5250,6.36537082717606,0.38476977277019986,-1.2169932202424134,0.6020148150973895,-1.1750938236283823,-0.5699798212832643,0.21402436537326147,0.13636363636363635,0.13636363636363635,
2021,oe:team:8eb884e168f28402ce685bedebb5250,Team Liquid,LCS,4,-4.0,5.25,1.25,-1.6875,-1.6875,-1.3125,0.6375,0.14375,0.49375,-0.3814731216168304,0.7857947493245658,0.7351452927079033,-0.2169646703948441,-0.221523418387286,0.3920573355284265,oe:team:8eb884e168f28402ce685bedebb5250,8.88118731908017,0.39699685736275014,0.8092550801757876,-0.23723572093439524,0.5731119068041122,0.8727790916637682,-0.5193782846619936,0.8181818181818182,0.7727272727272727,
2023,oe:team:8eb884e168f28402ce685bedebb5250,Team Liquid,LCS,5,-0.5806451612903225,1.8064516129032255,1.2258064516129032,-0.0967741935483871,-0.0967741935483871,0.1612903225806451,0.3483870967741935,0.1161290322580645,0.232258064516129,1.2085823199789825,-0.5540755292586771,1.9767620141680489,1.0587243386888416,1.036956470485114,1.9426104110258933,oe:team:8eb884e168f28402ce685bedebb5250,8.09309651054858,0.42882934602935785,1.669601170673365,-1.3635275028300828,1.49304380098509,-0.07303121177531846,0.5806342034600863,1.0,1.0,
2024,oe:team:8eb884e168f28402ce685bedebb5250,Team Liquid,LCS,2,-3.7096774193548385,4.193548387096773,0.4838709677419355,-1.8064516129032255,-2.7419354838709675,-1.3548387096774197,0.5548387096774192,0.0580645161290322,0.496774193548387,-0.5806581017197855,0.5111384182911561,-0.1103722466266922,-1.6268638719538495,-1.6250677888490443,-1.2702877691662446,oe:team:8eb884e168f28402ce685bedebb5250,6.558481253871524,0.41352597545741787,-1.0605012394548137,0.4739605685393111,0.12984364350211292,0.3408838029561062,-0.3358662915897833,0.45,0.7,
2017,oe:team:9cae7677cd0dbcc1cd86653870b73c2,GAM Esports,Other,2,-2.307692307692308,2.4615384615384617,0.1538461538461538,0.0,-1.923076923076923,0.0,0.3384615384615385,0.0307692307692307,0.3076923076923077,-0.0906691753960787,0.0336630702168768,-0.2196643640897365,0.4515621764554905,-0.0249442774128781,-0.2940160867875013,oe:team:9cae7677cd0dbcc1cd86653870b73c2,6.372954222942878,0.4275601280915719,-1.5389777734526613,0.05407624140805817,0.020598087839602264,0.005247911900614466,0.015572612707806313,0.4583333333333333,0.6666666666666666,
2019,oe:team:9cae7677cd0dbcc1cd86653870b73c2,GAM Esports,Other,3,-1.3939393939393938,2.606060606060606,1.2121212121212122,-0.2121212121212121,-0.5757575757575757,0.0606060606060606,0.4484848484848484,0.1515151515151515,0.2969696969696969,0.9415906186266338,-0.770328851379502,0.3691823861208025,0.8515473345925005,0.7767384458802405,0.2633387780615915,oe:team:9cae7677cd0dbcc1cd86653870b73c2,9.179995894448561,0.3829885571582988,0.6036450603802858,0.037545541192886674,0.2849866524168413,-0.7794560815028788,0.9230043261549645,0.8333333333333334,0.7916666666666666,
2022,oe:team:9cae7677cd0dbcc1cd86653870b73c2,GAM Esports,Other,3,-1.4285714285714286,2.2244897959183674,0.7959183673469388,-0.3265306122448979,-0.3265306122448979,-0.6938775510204082,0.3428571428571428,0.1020408163265306,0.2408163265306123,1.7881468389247073,-1.913119712955562,0.4667218643967301,1.2247800200433347,1.2344215939432068,-0.0049658892586398,oe:team:9cae7677cd0dbcc1cd86653870b73c2,9.045168209708049,0.3148959583833534,0.503317865079898,-2.2394852822171165,0.00833320021229017,-1.1372372824386368,0.8804406447472737,0.7916666666666666,0.6666666666666666,
2023,oe:team:9cae7677cd0dbcc1cd86653870b73c2,GAM Esports,Other,4,-0.7500000000000001,1.8333333333333333,1.0833333333333333,-0.4444444444444444,-0.4444444444444444,-0.6666666666666667,0.361111111111111,0.1333333333333333,0.2277777777777777,1.0352086832334435,-0.5270449659798033,1.529397010630228,-0.1307552228664251,-0.2537051916804141,-1.153299638215231,oe:team:9cae7677cd0dbcc1cd86653870b73c2,7.912158661027829,0.44504199959024787,1.43091757147055,-0.8685065709050598,1.1661306400909284,-0.21831137583583488,0.614939682647305,0.9545454545454546,0.9090909090909091,
2024,oe:team:9cae7677cd0dbcc1cd86653870b73c2,GAM Esports,Other,3,-3.692307692307693,4.2564102564102555,0.5641025641025641,-0.8717948717948719,-1.3846153846153846,-0.1794871794871795,0.4871794871794871,0.0769230769230769,0.4102564102564102,-0.538616315424482,0.66037834298687,0.2495607469786051,0.804855112631017,0.7313035827101901,1.0934708898912882,oe:team:9cae7677cd0dbcc1cd86653870b73c2,9.170694598207797,0.37824903407095184,0.7235359162916003,-0.8876956267287174,-0.010799836263793744,0.9712479158397909,-0.9273574581341657,0.75,0.55,
2016,oe:team:a22510a4756fa424cb0771b13261139,TSM,LCS,3,-5.176470588235294,5.911764705882352,0.7352941176470589,-0.5882352941176471,-0.5882352941176471,-0.3529411764705882,0.5411764705882354,0.0764705882352941,0.4647058823529412,0.3364459447987259,-0.0837257694390259,0.9330661577782148,-0.6777403403404599,-0.6777403403404599,-0.9678527501003962,oe:team:a22510a4756fa424cb0771b13261139,6.015212465420051,0.4693363593103701,-0.8553227701915511,1.5723268504565706,1.3302455985906827,-0.6316497277577879,1.001461659794046,0.8125,0.875,
2017,oe:team:a22510a4756fa424cb0771b13261139,TSM,LCS,2,-2.2083333333333335,2.395833333333333,0.1875,0.0,-2.145833333333333,0.0,0.375,0.0375,0.3375,0.0671102261028591,-0.0619057543791696,-0.0019386698584032,0.4515621764554905,-0.4807111452930121,-0.2940160867875013,oe:team:a22510a4756fa424cb0771b13261139,7.408417788488981,0.44098253111411,-0.3080857718014637,0.49751323019884275,0.12935728880921213,-0.23551641433416817,0.27960153520993625,0.6666666666666666,0.7916666666666666,
2020,oe:team:a22510a4756fa424cb0771b13261139,TSM,LCS,3,-2.3170731707317076,2.7560975609756104,0.4390243902439024,0.0,-0.1951219512195122,-0.048780487804878,0.3902439024390244,0.0682926829268292,0.3219512195121951,-1.7884528149689525,1.901196830558887,-0.0517351487446082,-0.7062224707277746,-0.5599570893812723,-0.2698806589592917,oe:team:a22510a4756fa424cb0771b13261139,9.471899376580463,0.35041446521463065,0.8737855443575622,-0.4116120257133787,-0.253264527828323,2.04875549289583,-1.9984355025695122,0.5,0.36363636363636365,
2022,oe:team:a65adb2808377018a2a7832eb2bd7f4,İstanbul Wildcats,Other,3,-3.347826086956522,3.4347826086956523,0.0869565217391304,-0.8695652173913043,-0.8695652173913043,-0.8695652173913043,0.408695652173913,0.017391304347826,0.391304347826087,-1.2016584741208196,0.4902496902608936,-1.327113506287678,-1.2872856808902098,-1.2741962291888682,-0.753187789661317,oe:team:a65adb2808377018a2a7832eb2bd7f4,6.846081368451261,0.3724220300129067,-1.295077483539304,0.5636128267289734,-1.036359179423715,0.2875750614060155,-0.9086864786166396,0.041666666666666664,0.08333333333333333,
2021,oe:team:a9145b7711873f53e610fbba0493484,LNG Esports,LPL,4,-4.363636363636363,5.072727272727271,0.709090909090909,-1.6363636363636362,-1.6363636363636362,-1.6727272727272726,0.589090909090909,0.1272727272727272,0.4618181818181818,-0.7564784692877944,0.5664013302098239,-0.7652710295053888,-0.1206474965008504,-0.1250396943568011,-0.1759333586121718,oe:team:a9145b7711873f53e610fbba0493484,10.175900258085823,0.4019556598240469,2.072333544228909,-0.06510299221567893,-1.0874813072096434,0.6020025572542899,-0.8965089851868039,0.2727272727272727,0.18181818181818182,
2023,oe:team:a9145b7711873f53e610fbba0493484,LNG Esports,LPL,6,-2.58974358974359,3.358974358974359,0.7692307692307692,-0.3076923076923077,-0.3076923076923077,-0.1538461538461538,0.4512820512820512,0.0615384615384615,0.3897435897435898,-0.8481921056860419,1.0070434638012045,0.5431162553705053,0.3371130265637194,0.2539618855869147,0.7642470456304203,oe:team:a9145b7711873f53e610fbba0493484,5.876012795589522,0.5137511929268311,-1.2550578888988269,1.229391147660935,0.9416764578044352,0.5749085422056774,-0.29584151993227237,0.7272727272727273,0.8181818181818182,QF
2024,oe:team:a9145b7711873f53e610fbba0493484,LNG Esports,LPL,3,-2.9736842105263155,3.473684210526316,0.5,-0.8421052631578948,-1.236842105263158,-0.4736842105263157,0.431578947368421,0.0578947368421052,0.3736842105263158,1.2007440536726557,-1.1978860933212503,-0.0380145829637716,0.8820992834501545,0.9878449285121024,0.5018089387852916,oe:team:a9145b7711873f53e610fbba0493484,7.8122153432736665,0.40985659584052864,-0.2042510393060067,0.33232602507392073,0.04945621585218859,-1.3138437646993566,1.3425975962029453,0.5,0.6,QF
2017,oe:team:a9744fc5b0ca952b17ef07c0aa99602,Rampage,Other,3,-3.103448275862069,3.3793103448275863,0.2758620689655172,-0.2068965517241379,-2.6206896551724137,0.1379310344827586,0.5172413793103449,0.0551724137931034,0.4620689655172413,-1.354308431004923,1.3685722702935206,0.5697253450445556,-1.3169686771354374,-1.4522826401315123,1.4073170169750304,oe:team:a9744fc5b0ca952b17ef07c0aa99602,6.8964554413090395,0.42042818911686003,-0.9166734413811384,-0.18154218979799888,0.6762943378926013,1.4253981631942811,-1.3750114212848616,0.9166666666666666,0.9166666666666666,
2020,oe:team:af4b23d4634c4e6ecb5659fb1e689e9,V3 Esports,Other,3,-1.238095238095238,1.5238095238095235,0.2857142857142857,0.0,0.0,0.0,0.2285714285714285,0.0476190476190476,0.1809523809523809,0.0967615633435576,-0.4068334295376362,-0.9822881259289892,-0.7062224707277746,1.6355111951925705,0.0948189622369321,oe:team:af4b23d4634c4e6ecb5659fb1e689e9,6.329765660149941,0.4124531676231225,-1.2409564724528321,1.4187920196762573,-0.553467063569529,-0.904228079653599,0.7227502356792815,0.22727272727272727,0.3181818181818182,
2018,oe:team:b3c72a20aa56f5d28022ac04a7dc294,DN SOOPers,LCK,4,-2.0784313725490193,2.4509803921568625,0.3725490196078431,-1.156862745098039,-1.156862745098039,-1.0392156862745097,0.3019607843137254,0.0392156862745098,0.2627450980392157,-0.9537957924959968,0.6521020975857326,-1.1440554053615029,-1.8245195164051884,-1.8245195164051884,-1.8202884313943064,oe:team:b3c72a20aa56f5d28022ac04a7dc294,10.315193473036627,0.39399636143117034,0.7437792526775228,1.0732295243786,-1.072239090378436,0.28652046369595624,-0.5731942045935381,0.125,0.16666666666666666,QF
2019,oe:team:b41d715b166da7092724123264e4560,J Team,Other,3,-1.7500000000000002,2.875,1.1249999999999998,-0.2916666666666667,-0.4583333333333333,-0.0833333333333333,0.4916666666666666,0.1499999999999999,0.3416666666666667,0.6032878698933994,-0.5143745084064453,0.1920763683896547,0.4854113802234345,1.134023119295949,-0.3426268154772638,oe:team:b41d715b166da7092724123264e4560,7.916286347325235,0.4119492998057856,-0.40070896737693706,1.0763647265896648,0.436229467933322,-0.8882939917301873,1.048329246483917,0.625,0.8333333333333334,
2020,oe:team:b42d0f31f2727621b963042276817c4,JD Gaming,LPL,3,-1.1590909090909092,1.568181818181818,0.409090909090909,0.0454545454545454,-0.1818181818181818,0.0454545454545454,0.2772727272727272,0.0636363636363636,0.2136363636363636,0.2347996941364272,-0.3237257509492068,-0.2334236949097406,0.3186575249007976,-0.4102660699785103,0.4346527001697771,oe:team:b42d0f31f2727621b963042276817c4,7.933467283078828,0.39448222666434896,-0.16162137391749676,0.8885732730975914,-0.05726290773830131,-0.6313355746842384,0.5928521794719508,0.36363636363636365,0.45454545454545453,QF
2022,oe:team:b42d0f31f2727621b963042276817c4,JD Gaming,LPL,3,-2.318181818181818,2.75,0.4318181818181819,-0.6818181818181818,-0.6818181818181818,-0.7272727272727272,0.3909090909090909,0.05,0.3409090909090909,0.4023162208890422,-0.8695746036777426,-0.4545347523317652,-0.4187721754055358,-0.4068747818715917,-0.1471898868558425,oe:team:b42d0f31f2727621b963042276817c4,7.838267345096133,0.36407947716650135,-0.4836758545142409,0.15710159720973277,-0.3550732928294916,-0.9268460188296487,0.49075501317356174,0.4166666666666667,0.375,SF
2023,oe:team:b42d0f31f2727621b963042276817c4,JD Gaming,LPL,6,-2.791666666666667,3.458333333333333,0.6666666666666666,-0.3333333333333333,-0.2083333333333333,-0.2083333333333333,0.4166666666666667,0.0666666666666666,0.35,-1.0549068264211077,1.1069525842281185,0.2210653965101878,0.2493877297955673,0.6228137464139586,0.56050771047182,oe:team:b42d0f31f2727621b963042276817c4,6.523037520410028,0.48956164523372114,-0.4015372435367982,0.49081171666797746,0.3652438862299301,0.9350616661241455,-0.8398874370065526,0.5909090909090909,0.6363636363636364,SF
2021,oe:team:b61ee1b18ac8e03518fc61ac07d497c,PEACE,Other,4,-3.516129032258065,4.516129032258063,1.0,-1.032258064516129,-1.032258064516129,-0.5161290322580645,0.6129032258064514,0.1612903225806451,0.4516129032258064,0.1175259297195328,-0.1224468244300062,0.0416755639538608,1.0172070022611654,1.0147823644406089,1.6477404361903276,oe:team:b61ee1b18ac8e03518fc61ac07d497c,8.397555504796083,0.4013154737773953,0.33744012355512115,-0.08732548886842367,-0.023906166843356523,-0.09017745621899949,0.06457896780162217,0.6363636363636364,0.5909090909090909,
2025,oe:team:b9e44c69c1a70fb35df9be96f9eafea,Vivo Keyd Stars,Other,2,-0.6896551724137931,0.8275862068965517,0.1379310344827586,0.0344827586206896,0.1034482758620689,0.0,0.1241379310344827,0.0137931034482758,0.1103448275862068,1.2021766748591514,-1.220056796939733,-0.5620635744998261,0.9942519955350044,0.2975155400894629,0.7818458607372355,oe:team:b9e44c69c1a70fb35df9be96f9eafea,9.291524341295084,0.3376160576428204,-0.996268929240684,0.8098578959807824,-0.27406881452698106,-1.5057990960945782,1.5753973824475316,0.29411764705882354,0.35294117647058826,
2016,oe:team:bcb21457414eb9be1d27489ff7e8e59,INTZ,Other,2,-6.047619047619048,6.285714285714286,0.238095238095238,-0.4761904761904761,-0.4761904761904761,0.4761904761904761,0.5523809523809524,0.0476190476190476,0.504761904761905,-0.6816723193753476,0.464324813342614,-1.077417471740142,-0.0367574913829863,-0.0367574913829863,1.5450039776078042,oe:team:bcb21457414eb9be1d27489ff7e8e59,5.973091426724219,0.4533803644914756,-0.9360703608394272,1.0228544347387385,-0.7620479387898744,0.10547381224492708,-0.22808848801736176,0.1875,0.25,
2020,oe:team:bcb21457414eb9be1d27489ff7e8e59,INTZ,Other,3,-0.9230769230769232,1.6153846153846156,0.6923076923076923,0.0769230769230769,-0.1153846153846153,0.1153846153846153,0.276923076923077,0.0923076923076922,0.1846153846153846,0.6471686096240833,-0.2353166444583246,1.4856294726526642,1.0281898295667324,0.3372294692186152,0.9574738354510768,oe:team:bcb21457414eb9be1d27489ff7e8e59,9.164196237255473,0.34797532310621315,0.6666929072643727,-0.483577031575856,1.302884824696397,-0.06424081630639841,0.42034772481613236,0.9545454545454546,0.9545454545454546,
2017,oe:team:c334c629fea759876e9e04afbe4aee7,Immortals,LCS,2,-1.7857142857142856,1.809523809523809,0.0238095238095238,0.0,-1.6428571428571426,0.0,0.2666666666666666,0.0047619047619047,0.2619047619047619,0.7382180029854378,-0.914699342499286,-1.0609445975822354,0.4515621764554905,0.5483945163027277,-0.2940160867875013,oe:team:c334c629fea759876e9e04afbe4aee7,7.234062257478536,0.4201884253028264,-0.5153483310120499,-0.1894632858593775,-1.0159732071497203,-0.8525960078566371,0.6922383243802159,0.125,0.08333333333333333,
2017,oe:team:c5b7f439779b465529ff283c53f41c0,Kaos Latin Gamers,Other,3,-3.454545454545455,3.590909090909091,0.1363636363636363,-0.2272727272727272,-2.5,0.1363636363636363,0.4636363636363635,0.0272727272727272,0.4363636363636363,-1.911841387419008,1.6763449510784008,-0.3327686208332864,-1.4911421702921197,-1.2053476762391253,1.3879836862504558,oe:team:c5b7f439779b465529ff283c53f41c0,6.610103396272339,0.45632806499858525,-1.2570702004947696,1.0044848451691628,0.027646436287142806,1.3217968701477047,-1.4477468702975083,0.3333333333333333,0.7083333333333334,
2018,oe:team:c5b7f439779b465529ff283c53f41c0,Kaos Latin Gamers,Other,3,-0.6,1.4571428571428573,0.8571428571428571,0.0571428571428571,0.0571428571428571,0.6,0.2914285714285713,0.0971428571428571,0.1942857142857142,0.7655750358476269,-0.6535405205740407,0.568294731686029,0.8425129241498903,0.8425129241498903,1.0848497509648238,oe:team:c5b7f439779b465529ff283c53f41c0,10.072076824010598,0.34726882140415977,0.5697101064504931,-0.923696244208268,0.32487094658693527,-0.331224889032424,0.3711845195915454,0.7083333333333334,0.7083333333333334,
2020,oe:team:cd62e47544f14f1d239afa659b9d243,Rogue,LEC,3,-1.5384615384615383,2.0,0.4615384615384615,0.0,-0.1923076923076923,0.0384615384615384,0.3538461538461539,0.0923076923076923,0.2615384615384616,-0.4280451552029901,0.4850538528747806,0.0849194842684827,-0.7062224707277746,-0.528291681430688,0.3823705866416471,oe:team:cd62e47544f14f1d239afa659b9d243,6.54829029436422,0.3429722110350383,-1.0938834108372266,-0.6311899928257145,0.1412234689160029,0.6958985622670488,-0.61563082777014,0.5909090909090909,0.5909090909090909,
2021,oe:team:cd62e47544f14f1d239afa659b9d243,Rogue,LEC,4,-4.863636363636363,5.409090909090908,0.5454545454545454,-2.0,-2.0,-1.6363636363636362,0.6272727272727272,0.0818181818181818,0.5454545454545454,-1.2721108223353703,0.9826862792993318,-1.2191784883262164,-0.8055696219692488,-0.8111461763513589,-0.1185967585727423,oe:team:cd62e47544f14f1d239afa659b9d243,7.6777066494762405,0.40645528984832974,-0.3648202456245318,0.09109068566313723,-1.1488430349286531,0.9489442110328588,-1.216172336176014,0.09090909090909091,0.09090909090909091,
2022,oe:team:cd62e47544f14f1d239afa659b9d243,Rogue,LEC,3,-3.2666666666666666,3.6666666666666665,0.4,-0.6,-0.6,-0.6,0.48,0.0466666666666666,0.4333333333333333,-1.0752287348852372,0.9507192924411718,-0.5350420184560645,-0.0402831319627411,-0.0289052248301682,0.3948415706534979,oe:team:cd62e47544f14f1d239afa659b9d243,7.88756707036855,0.33839656830116116,-0.44335893980456575,-1.0943607612191542,-0.6555672098821946,1.3254965322838896,-1.4807245811388992,0.375,0.3333333333333333,QF
2017,oe:team:cd6e0eea04af23b9c0735dab41a9941,Dire Wolves,Other,2,-1.1724137931034484,1.3448275862068966,0.1724137931034483,0.0,-1.0689655172413794,0.0,0.193103448275862,0.0206896551724137,0.1724137931034482,1.71212282927254,-1.5906050605122188,-0.0995398431345181,0.4515621764554905,1.7225954670563235,-0.2940160867875013,oe:team:cd6e0eea04af23b9c0735dab41a9941,7.3802122064742,0.42038820019071643,-0.3416147403321919,-0.182863307109431,-0.07951960917216347,-1.5296774427552278,1.65914134519089,0.5,0.5833333333333334,
2018,oe:team:cd6e0eea04af23b9c0735dab41a9941,Dire Wolves,Other,3,-0.84,1.44,0.6,-0.32,-0.32,0.1599999999999999,0.28,0.08,0.2,0.4864623178247362,-0.6760617517553763,-0.3403396184929503,0.0139728969317642,0.0139728969317642,0.305049502015794,oe:team:cd6e0eea04af23b9c0735dab41a9941,6.7278667191640995,0.38895367847411444,-1.824711666334425,0.8577278409187404,0.0801971701641892,-0.9835730209354157,0.9242447948996444,0.4791666666666667,0.5416666666666666,
2016,oe:team:d15303823a1dccff9f3068fb357e356,ahq eSports Club,Other,3,-5.666666666666667,6.222222222222222,0.5555555555555556,-0.3333333333333333,-0.3333333333333333,0.3333333333333333,0.6055555555555554,0.0944444444444444,0.5111111111111112,-0.2364501845596752,0.3712725296243834,0.2062716062621891,0.7804956410377921,0.7804956410377921,1.112045554928351,oe:team:d15303823a1dccff9f3068fb357e356,5.747168986943469,0.39545171339563867,-1.3691720423369098,-0.9720193552184293,0.2456355793035631,0.6979685199237801,-0.5427463380329962,0.6875,0.75,
2017,oe:team:d15303823a1dccff9f3068fb357e356,ahq eSports Club,Other,2,-2.15,2.3,0.15,0.0,-1.725,0.0,0.31,0.03,0.2799999999999999,0.1597420037570745,-0.2012963814729144,-0.2445473005733176,0.4515621764554905,0.3803275561841327,-0.2940160867875013,oe:team:d15303823a1dccff9f3068fb357e356,7.801733903716164,0.4354303003137606,0.15946294402257472,0.3140837427185289,-0.21479262506963195,-0.30865394034879806,0.274340786468804,0.4166666666666667,0.4583333333333333,
2019,oe:team:d15303823a1dccff9f3068fb357e356,ahq eSports Club,Other,3,-2.645161290322581,3.0,0.3548387096774194,-0.5483870967741936,-0.8064516129032258,-0.1935483870967742,0.4,0.064516129032258,0.3354838709677419,-0.2472289239362755,-0.3954098137851654,-1.3735606999966303,-0.6962347643685897,0.0748097638731046,-0.8066174482209376,oe:team:d15303823a1dccff9f3068fb357e356,7.545879872532472,0.38835973590816264,-0.6950956290210779,0.2302092308458252,-1.2298651214571352,-0.47924602452118675,-0.11838932953604575,0.125,0.08333333333333333,
2018,oe:team:d17e6a2f130f0cf8dd071ce88d5b870,MAD Team,Other,2,-1.119047619047619,1.6666666666666663,0.5476190476190476,-0.4285714285714285,-0.4285714285714285,-0.1428571428571428,0.2523809523809524,0.0619047619047619,0.1904761904761904,0.1619384036155815,-0.3782810283577189,-0.5254318009368166,-0.2245462018128476,-0.2245462018128476,-0.2316961238841873,oe:team:d17e6a2f130f0cf8dd071ce88d5b870,6.919752223438269,0.3892722556648559,-1.6873235193845568,0.8713424031470947,-0.1231911731823051,-0.6896186934805895,0.5974824433924957,0.2916666666666667,0.5,
2018,oe:team:d723992568441c6bafa2658129eade7,KT Rolster,LCK,4,-2.86046511627907,3.1395348837209305,0.2790697674418604,-0.9069767441860466,-0.9069767441860466,-0.5813953488372092,0.3534883720930232,0.0372093023255813,0.3162790697674419,-1.86327730832146,1.5566826325709728,-1.474371636933382,-1.275548350503917,-1.275548350503917,-1.0089056743317253,oe:team:d723992568441c6bafa2658129eade7,9.379158119360408,0.3976616669588919,0.07358708153053477,1.229868265767942,-1.2751747448888733,1.1328067609808807,-1.38411783954331,0.08333333333333333,0.08333333333333333,QF
2023,oe:team:d723992568441c6bafa2658129eade7,KT Rolster,LCK,5,-2.275,2.55,0.275,-0.95,-0.95,-0.7750000000000001,0.43,0.035,0.395,-0.5259796362228126,0.1935898510349724,-1.00876632076265,-1.8604056574784913,-2.1304869179530717,-1.5583813751776252,oe:team:d723992568441c6bafa2658129eade7,6.902570034253432,0.45486769230769236,0.09912188697998349,-0.5684987068295834,-1.1208292042483792,0.3903678452651189,-0.7548209333715603,0.18181818181818182,0.09090909090909091,QF
2025,oe:team:d723992568441c6bafa2658129eade7,KT Rolster,LCK,3,-1.0731707317073171,1.3414634146341462,0.2682926829268293,-0.1463414634146341,0.0,-0.2195121951219512,0.1902439024390244,0.0292682926829268,0.1609756097560975,0.5422048249187151,-0.391995732136078,0.6894606966886827,-0.6918493611135081,-0.8905084607906265,-0.9807239156534294,oe:team:d723992568441c6bafa2658129eade7,9.25193262062282,0.32982945827061627,-1.0334416496022238,0.37923129232749453,0.90942087911084,-0.5293942715882299,0.7482824121997189,0.7058823529411765,0.8235294117647058,Runner-up
2024,oe:team:d8ca3fc1f0827ec76369af7b70d43e3,Fukuoka SoftBank HAWKS gaming,Other,3,-3.6176470588235294,4.147058823529412,0.5294117647058824,-0.8823529411764706,-1.411764705882353,-0.7352941176470587,0.5470588235294117,0.0705882352941176,0.4764705882352941,-0.3579072928190283,0.4007678702673559,0.0939317448921424,0.7773859288905219,0.6841710872687428,-0.0243167924262063,oe:team:d8ca3fc1f0827ec76369af7b70d43e3,7.3318078213689475,0.41674517626942487,-0.5323501476105952,0.5982186407304251,0.27610772144421963,0.19098889664908367,-0.09346244537344983,0.55,0.75,
2018,oe:team:e435aa3ecb82a89e60544f5f5857a81,DetonatioN FocusMe,Other,3,-0.5185185185185185,1.5185185185185186,1.0,-0.4444444444444445,-0.4444444444444445,-0.3703703703703704,0.2666666666666666,0.0888888888888888,0.1777777777777777,0.8603355265344108,-0.5729089521470373,1.0730915928965727,-0.2594174150796039,-0.2594174150796039,-0.6349117408251239,oe:team:e435aa3ecb82a89e60544f5f5857a81,8.230492194037804,0.361422908934838,-0.7488465021915688,-0.31881393915845635,1.1310015436845133,-0.4676560488296538,0.7764287706932145,0.8333333333333334,0.8333333333333334,
2019,oe:team:e435aa3ecb82a89e60544f5f5857a81,DetonatioN FocusMe,Other,3,-1.4285714285714284,2.571428571428571,1.1428571428571428,-0.5714285714285714,-1.0,-0.0952380952380952,0.438095238095238,0.1523809523809524,0.2857142857142857,0.9086857920021248,-0.8032887667724109,0.2283776018376541,-0.8022912620133483,-0.5140965032345772,-0.3927442705819811,oe:team:e435aa3ecb82a89e60544f5f5857a81,6.749469337712938,0.3310399159663865,-1.3280560511490136,-1.8258474588528157,0.11560963694214382,-0.181735115631947,0.2646440520714226,0.7083333333333334,0.5416666666666666,
2021,oe:team:e435aa3ecb82a89e60544f5f5857a81,DetonatioN FocusMe,Other,3,-2.5833333333333335,3.0833333333333335,0.5,-1.25,-1.25,-1.0,0.4083333333333333,0.0916666666666666,0.3166666666666667,1.0794852120179677,-1.8956803731889276,-1.345263893554224,0.6070822618093222,0.6039484427624159,0.8847937421172738,oe:team:e435aa3ecb82a89e60544f5f5857a81,6.289314462369804,0.3807923707117255,-1.719289038174456,-0.7997349385373195,-1.2238917117775463,-1.6306475688812916,0.8602170768294995,0.045454545454545456,0.045454545454545456,
2022,oe:team:e435aa3ecb82a89e60544f5f5857a81,DetonatioN FocusMe,Other,3,-3.0357142857142856,3.5,0.4642857142857142,-0.8571428571428572,-0.8571428571428572,-0.9642857142857142,0.4571428571428571,0.0571428571428571,0.4,-0.7154522703003088,0.6197567658740968,-0.3723844807763583,-1.2298201256400965,-1.216809546960357,-1.1565852031359924,oe:team:e435aa3ecb82a89e60544f5f5857a81,9.060931555577174,0.3741247663403352,0.5162090012359893,0.6465828061529922,-0.33934153448830356,0.3999385795453947,-0.48991477885569,0.5,0.5,
2023,oe:team:e435aa3ecb82a89e60544f5f5857a81,DetonatioN FocusMe,Other,5,-2.5294117647058822,2.941176470588235,0.4117647058823529,-0.7058823529411764,-0.6470588235294118,-0.7058823529411764,0.4117647058823529,0.0470588235294117,0.3647058823529412,-0.7864286036923713,0.5869322477366079,-0.5793257085985428,-1.0252092291299368,-1.0058736921904643,-1.2999355610975452,oe:team:e435aa3ecb82a89e60544f5f5857a81,6.306676641657334,0.45888463543070757,-0.6869490211397714,-0.445849387223963,-0.5524236991374978,0.7364087247126362,-0.9236669270951583,0.4090909090909091,0.3181818181818182,
2019,oe:team:e84133caa1e561518201cc7d33f14ed,Unicorns of Love.CIS,Other,2,-2.0249999999999995,2.45,0.425,-0.075,-0.775,0.375,0.355,0.0549999999999999,0.3,0.3420029809781577,-0.9188544701187966,-1.2309319827719112,1.4826959797429855,0.1705070322781027,1.5868952060543544,oe:team:e84133caa1e561518201cc7d33f14ed,10.298139234068525,0.3764345146379044,1.4923079412721931,-0.19754736353560562,-1.488714815936138,-0.8412332463454433,0.18196790791180922,0.16666666666666666,0.041666666666666664,
2020,oe:team:e84133caa1e561518201cc7d33f14ed,Unicorns of Love.CIS,Other,3,-1.3157894736842106,1.789473684210526,0.4736842105263157,0.0,-0.1052631578947368,-0.1052631578947368,0.3052631578947368,0.0842105263157894,0.2210526315789473,-0.038987542930036,0.0907457911766591,0.158641062604492,-0.7062224707277746,0.4511138311461553,-0.6921644308707087,oe:team:e84133caa1e561518201cc7d33f14ed,8.393836627941258,0.34159132685598526,0.14821979921310657,-0.6719319150359899,0.0215263488567512,0.3235227097871467,-0.31118003195747035,0.6363636363636364,0.5,
2021,oe:team:e84133caa1e561518201cc7d33f14ed,Unicorns of Love.CIS,Other,3,-1.925925925925926,3.1481481481481484,1.222222222222222,-0.9629629629629628,-0.9629629629629628,-1.037037037037037,0.4814814814814815,0.2,0.2814814814814814,1.7574462688027437,-1.8154653054214296,0.6580931006241205,1.1477268099221087,1.1455278648923792,0.8263953531882253,oe:team:e84133caa1e561518201cc7d33f14ed,8.108169682014957,0.3489623366641045,0.05512503304721872,-1.9046369100495821,0.32422489003057736,-1.1579574359144478,1.0060571139060408,0.7727272727272727,0.7272727272727273,
2018,oe:team:e8d8ae992fe72acb7adc7bfcee31dbb,Team Vitality,LEC,3,-0.5999999999999999,1.6800000000000002,1.08,-0.56,-0.56,-0.32,0.352,0.128,0.224,0.765575035847627,-0.3607645152166798,1.355777835174478,-0.5132798476615887,-0.5132798476615887,-0.5456416786558747,oe:team:e8d8ae992fe72acb7adc7bfcee31dbb,7.715591785980503,0.3583705722070845,-1.1175101654229889,-0.44925713951806795,1.4467294709511498,-0.21284203630991655,0.6507768712997568,0.875,0.9583333333333334,
2025,oe:team:ed28f87f0cfdba0a2a8f183cebae73a,Anyone's Legend,LPL,3,-2.08,2.2666666666666666,0.1866666666666666,0.0133333333333333,0.1466666666666666,0.0133333333333333,0.28,0.0266666666666666,0.2533333333333333,-1.1903949579775457,1.098875585957224,-0.0941818985785134,0.79704348957289,0.7938455671238114,0.8889056545624463,oe:team:ed28f87f0cfdba0a2a8f183cebae73a,11.71714628787907,0.32135754640839387,1.2811508138812575,-0.08929552628628395,-0.3017622180796919,1.1378078470690052,-1.2962353395403496,0.5294117647058824,0.29411764705882354,QF
2019,oe:team:ef69efa6acebe94107f0cf1ba716806,Dplus Kia,LCK,3,-2.263157894736842,2.973684210526316,0.7105263157894737,-0.4736842105263157,-1.0526315789473686,0.0789473684210526,0.4157894736842105,0.0842105263157894,0.3315789473684211,0.1157227661759615,-0.4204550126528031,-0.6504943658507459,-0.352388435162423,-0.6742376811322807,0.3405532304238833,oe:team:ef69efa6acebe94107f0cf1ba716806,7.986447499426182,0.386134569562187,-0.34494723330989446,0.15039271788429262,-0.573004533539956,-0.47453211202124984,0.19386387186056725,0.2916666666666667,0.25,QF
2020,oe:team:ef69efa6acebe94107f0cf1ba716806,Dplus Kia,LCK,3,-1.3809523809523807,1.809523809523809,0.4285714285714285,0.0476190476190476,-0.2142857142857142,0.0476190476190476,0.2523809523809523,0.0571428571428571,0.1952380952380952,-0.1528416320627267,0.1282989399098135,-0.1151819426435434,0.3674613342164438,-0.7755834387590602,0.4508352591189601,oe:team:ef69efa6acebe94107f0cf1ba716806,8.689510595465658,0.3567924828794394,0.3472164743486234,-0.22343353580295047,-0.20549857434469687,0.20759175734628077,-0.2598062942315633,0.4090909090909091,0.4090909090909091,Champion
2021,oe:team:ef69efa6acebe94107f0cf1ba716806,Dplus Kia,LCK,3,-3.085714285714286,3.914285714285714,0.8285714285714285,-1.7142857142857144,-1.7142857142857144,-1.9428571428571428,0.5371428571428571,0.1314285714285714,0.4057142857142857,0.5613974668130225,-0.867290463565621,-0.4338465357631969,-0.2674165233869363,-0.272062511927064,-0.6018623874765054,oe:team:ef69efa6acebe94107f0cf1ba716806,8.955783897499972,0.3915173299101412,0.8820289969688526,-0.42744414723658697,-0.6393198166292385,-0.7142169679910471,0.34473896127611353,0.4090909090909091,0.2727272727272727,Runner-up
2022,oe:team:ef69efa6acebe94107f0cf1ba716806,Dplus Kia,LCK,4,-2.4705882352941178,3.1372549019607843,0.6666666666666666,-0.6078431372549019,-0.6078431372549019,-0.6274509803921569,0.4156862745098039,0.0627450980392157,0.3529411764705882,0.1648982661461344,-0.1005734390071851,0.1396855452523469,-0.0765653060618324,-0.0651376006685616,0.2779328249161891,oe:team:ef69efa6acebe94107f0cf1ba716806,10.395846852666722,0.35448060633080697,1.6078918834428833,-0.31062678968275553,-0.15477843383930567,0.016796475824225693,-0.04594996220244052,0.6875,0.625,QF
2023,oe:team:ef69efa6acebe94107f0cf1ba716806,Dplus Kia,LCK,5,-0.9375,1.84375,0.90625,-0.03125,0.0,-0.03125,0.36875,0.09375,0.275,0.84325929969374,-0.5165706227092397,0.9733560746292113,1.2829013823453594,1.3962128094384052,1.2226605497372711,oe:team:ef69efa6acebe94107f0cf1ba716806,7.762343531495357,0.46407496930632286,1.2332894111571642,-0.2873729291623962,0.7390994239109394,-0.40959900266688215,0.6622362649696778,0.8181818181818182,0.7272727272727273,
2024,oe:team:ef69efa6acebe94107f0cf1ba716806,Dplus Kia,LCK,2,-3.6545454545454543,4.199999999999999,0.5454545454545455,-1.5454545454545454,-2.1090909090909093,-1.309090909090909,0.5963636363636363,0.1018181818181818,0.4945454545454545,-0.4472163800240373,0.5264551474046645,0.1659024691771868,-0.94782150707098,-0.5264199168576412,-1.178284009447058,oe:team:ef69efa6acebe94107f0cf1ba716806,9.502394655851862,0.3641096747289408,0.950073778784068,-1.433461373091201,-0.2217614517090298,1.0270669663865122,-1.0629038325427893,0.6,0.45,
2016,oe:team:f2357aab765dfb94659ba2223a6d4f0,Albus NoX Luna,Other,2,-6.76923076923077,6.884615384615386,0.1153846153846153,-0.6153846153846154,-0.6153846153846154,-0.3846153846153846,0.553846153846154,0.0153846153846153,0.5384615384615385,-1.5250257862858028,1.342058374184775,-1.573612673044889,-0.8330554152801555,-0.8330554152801555,-1.0638480564863384,oe:team:f2357aab765dfb94659ba2223a6d4f0,5.687559762924846,0.40275779947606577,-1.4834451317222752,-0.7204215818661281,-1.4740849344903997,1.5812208897810207,-1.7261563865185534,0.0625,0.0625,QF
2019,oe:team:f589eafcf087c11af27e475bafb047f,MEGA,Other,3,-2.4285714285714284,3.095238095238095,0.6666666666666666,0.0476190476190476,-0.1428571428571428,0.4761904761904761,0.438095238095238,0.0952380952380952,0.3428571428571428,-0.0414410767805751,-0.3047700464546667,-0.7396552901089896,2.047093308042512,2.0939169653851564,2.0128935744444516,oe:team:f589eafcf087c11af27e475bafb047f,8.545670917388016,0.3968808356676004,0.09950481148526562,0.535860298518014,-0.6629880167692577,-0.4890274825036896,0.16360658782865306,0.25,0.20833333333333334,
2022,oe:team:f7f7324c151aa6ed770b244ce08e027,Evil Geniuses,LCS,3,-3.088235294117647,3.4705882352941173,0.3823529411764705,-0.5882352941176471,-0.6470588235294117,-0.6176470588235294,0.4529411764705882,0.0647058823529411,0.388235294117647,-0.7972692346540678,0.5613516141269651,-0.579693107230886,0.0141401291858958,-0.2462994798605293,0.3196859483937992,oe:team:f7f7324c151aa6ed770b244ce08e027,8.963105485526032,0.3446081697169207,0.4362076360997567,-0.7916853361672306,-0.78050967609225,0.8372730061956721,-1.1324186817233861,0.2916666666666667,0.20833333333333334,
2016,oe:team:fc8e90107dabb9a35c490b0d86adea0,Cloud9,LCS,3,-6.8085106382978715,7.234042553191489,0.4255319148936169,-0.5106382978723404,-0.5106382978723404,0.2978723404255319,0.6382978723404256,0.0638297872340425,0.574468085106383,-1.5709324875843071,1.8541695616447005,-0.3194946650472766,-0.2338256226050179,-0.2338256226050179,1.004573606036288,oe:team:fc8e90107dabb9a35c490b0d86adea0,6.128329684387507,0.4315998825382418,-0.6384728734364157,0.27280568063847627,-0.17701704720346775,1.755995255147536,-1.428483629467914,0.4375,0.5625,QF
2017,oe:team:fc8e90107dabb9a35c490b0d86adea0,Cloud9,LCS,2,-1.84,1.96,0.12,0.0,-1.54,0.0,0.2920000000000001,0.024,0.268,0.6520137364337598,-0.695830084553331,-0.438634205145249,0.4515621764554905,0.7588435794077494,-0.2940160867875013,oe:team:fc8e90107dabb9a35c490b0d86adea0,8.844099565661171,0.4352237730751913,1.3985597107033918,0.3072606860258721,-0.5960485741121445,-0.7929775481041247,0.695498694222725,0.25,0.20833333333333334,QF
2018,oe:team:fc8e90107dabb9a35c490b0d86adea0,Cloud9,LCS,3,-0.9259259259259258,1.4814814814814814,0.5555555555555556,0.0,0.0,0.4074074074074074,0.274074074074074,0.0592592592592592,0.2148148148148148,0.3865330731004915,-0.6215659330943671,-0.4973875308695639,0.7169765563895681,0.7169765563895681,0.7435230426706357,oe:team:fc8e90107dabb9a35c490b0d86adea0,9.92792569174733,0.31167916382640304,0.4664993036475963,-2.4446388033741,-0.985319829786793,0.22486734714429124,-0.5997459043868332,0.3333333333333333,0.20833333333333334,SF
2019,oe:team:fc8e90107dabb9a35c490b0d86adea0,Cloud9,LCS,4,-3.5000000000000004,4.749999999999999,1.25,-0.6666666666666666,-1.4166666666666667,-0.2499999999999999,0.5916666666666666,0.15,0.4416666666666667,-1.0594341504763256,1.270095910912752,0.4461850025256492,-1.240658118945019,-1.7818808282580592,-1.0442711869433068,oe:team:fc8e90107dabb9a35c490b0d86adea0,7.808596573848126,0.3835761014003884,-0.48629719291990814,0.05862069932613354,0.5292048714899371,1.246786818170866,-1.009544396301223,0.875,0.875,
2021,oe:team:fc8e90107dabb9a35c490b0d86adea0,Cloud9,LCS,4,-5.142857142857142,5.914285714285715,0.7714285714285714,-2.6857142857142855,-2.6857142857142855,-2.7142857142857144,0.6285714285714287,0.1085714285714285,0.5200000000000001,-1.5600613571541462,1.6079173418314503,-0.5923539023355495,-2.097137058566799,-2.104946970969667,-1.8182174025986888,oe:team:fc8e90107dabb9a35c490b0d86adea0,7.946836186287404,0.43931927379424174,-0.1022665074593427,1.231883705213785,-0.36641483174754363,1.1822311617093613,-1.0703979433714699,0.36363636363636365,0.5,QF
2022,oe:team:fc8e90107dabb9a35c490b0d86adea0,Cloud9,LCS,3,-3.09375,3.34375,0.25,-0.28125,-0.28125,-0.25,0.3875,0.025,0.3625,-0.8058600159112124,0.3094793972174635,-0.914576273042046,1.434247099783147,1.4436011744770445,1.885428078804185,oe:team:fc8e90107dabb9a35c490b0d86adea0,9.077009627346294,0.33737236403995563,0.52935751767558,-1.1442676112166228,-1.1896488401478482,0.7076431040903217,-1.2846859134864816,0.125,0.041666666666666664,
2023,oe:team:fc8e90107dabb9a35c490b0d86adea0,Cloud9,LCS,5,-2.3499999999999996,3.05,0.7,-0.15,-0.1,-0.1,0.5,0.0699999999999999,0.43,-0.6027593896386938,0.6963583280220254,0.325731925639791,0.8766236016878549,1.0249812591866707,0.9655894474342136,oe:team:fc8e90107dabb9a35c490b0d86adea0,7.242988544119656,0.4887492354740061,0.5481839012867838,0.4660064104391901,0.32310595158004773,0.5390472801736979,-0.4499374973460568,0.6363636363636364,0.5909090909090909,
2020,oe:team:fcec508e780bbd1ad493852640f5b36,Top Esports,LPL,3,-0.631578947368421,1.3157894736842106,0.6842105263157894,0.0526315789473684,-0.0263157894736842,0.0526315789473684,0.2526315789473684,0.0894736842105263,0.163157894736842,1.1564803929632237,-0.7964473476441126,1.4364817537619907,0.480480682105309,1.3394118541809663,0.4883106587907525,oe:team:fcec508e780bbd1ad493852640f5b36,8.946014107038923,0.36873257128501447,0.5198503602163481,0.12884955961013145,1.3804727795956517,-0.8376085374720706,1.17839589059062,0.9090909090909091,1.0,SF
2022,oe:team:fcec508e780bbd1ad493852640f5b36,Top Esports,LPL,3,-2.5306122448979593,2.9183673469387754,0.3877551020408163,-0.6326530612244898,-0.6326530612244898,-0.7142857142857143,0.4122448979591836,0.0571428571428571,0.3551020408163265,0.071393164027553,-0.5352349084722279,-0.5660244065855324,-0.1913354486201833,-0.1797502181165416,-0.0918805544569306,oe:team:fcec508e780bbd1ad493852640f5b36,7.994538722749681,0.38131252501000396,-0.35587839175745367,0.9968238736163676,-0.34219821774791004,-0.8814261206840648,0.4827064934645552,0.3333333333333333,0.4583333333333333,
2024,oe:team:fcec508e780bbd1ad493852640f5b36,Top Esports,LPL,3,-4.326086956521738,4.499999999999999,0.1739130434782608,-1.173913043478261,-2.0000000000000004,-0.5,0.5217391304347827,0.017391304347826,0.5043478260869565,-2.0726192569882835,1.2386830511827602,-1.5008977831054278,0.0188269791374628,-0.3370329806292809,0.4488850486634247,oe:team:fcec508e780bbd1ad493852640f5b36,6.234342771947636,0.44544889408312727,-1.281874848395773,1.7061546933511298,-1.0168104127164237,0.6418800068857452,-1.33146400438841,0.1,0.15,QF
2025,oe:team:fcec508e780bbd1ad493852640f5b36,Top Esports,LPL,3,-1.532258064516129,1.7419354838709675,0.2096774193548387,-0.1129032258064516,0.0806451612903225,-0.1129032258064516,0.2225806451612903,0.0258064516129032,0.1967741935483871,-0.2478145340772588,0.253324439848862,0.1267305847422155,-0.3800534238187907,0.0356392818309485,-0.1247088450407587,oe:team:fcec508e780bbd1ad493852640f5b36,10.661220845719658,0.3033347272603499,0.28974098077627614,-1.0860214430818127,-0.10241573881617819,0.6298722455177668,-0.6905215451612707,0.5882352941176471,0.5294117647058824,SF
