year,gameid,teamid,opp,win,p,pred_logit,pick_net,pick_adv,n_buffed_picks,denied,denied_by
2016,TRLH1/1001890146,oe:team:7d6673d3a9d00363c6bebc1a630da6e,oe:team:cbfaf0ca2181f0903d2fcceb6c28f3b,0,0.6346222016544304,0.6241762147114822,0.0,1.0,1,0.0,0.0
2016,TRLH1/1001890146,oe:team:cbfaf0ca2181f0903d2fcceb6c28f3b,oe:team:7d6673d3a9d00363c6bebc1a630da6e,1,0.3653777983455696,-0.6241762147114822,-1.0,-1.0,1,0.0,0.0
2016,TRLH1/1001890163,oe:team:93c730021ff69abdfccc4911a2f666f,oe:team:f2357aab765dfb94659ba2223a6d4f0,1,0.8897564581751838,2.6087437798594277,2.0,8.0,1,0.22222222222222224,0.0
2016,TRLH1/1001890163,oe:team:f2357aab765dfb94659ba2223a6d4f0,oe:team:93c730021ff69abdfccc4911a2f666f,0,0.11024354182481622,-2.6087437798594277,-6.0,-8.0,0,0.0,0.22222222222222224
2016,TRLH1/1001890169,oe:team:5b90b1fda6971ccdccf9eb32286aa50,oe:team:d15303823a1dccff9f3068fb357e356,0,0.5624661321989206,0.23541512832809253,-2.0,-3.0,0,0.0,0.2
2016,TRLH1/1001890169,oe:team:d15303823a1dccff9f3068fb357e356,oe:team:5b90b1fda6971ccdccf9eb32286aa50,1,0.4375338678010794,-0.23541512832809253,1.0,3.0,1,0.2,0.0
2016,TRLH1/1001890178,oe:team:bcb21457414eb9be1d27489ff7e8e59,oe:team:056c3140a119e44a03d462e2c832f27,1,0.23169404863405535,-1.6377764428820023,-4.0,-5.0,1,0.0,0.0
2016,TRLH1/1001890178,oe:team:056c3140a119e44a03d462e2c832f27,oe:team:bcb21457414eb9be1d27489ff7e8e59,0,0.7683059513659447,1.6377764428820023,1.0,5.0,2,0.0,0.0
2016,TRLH1/1001890186,oe:team:3b84bb916852d07609c83d1ce91c1a9,oe:team:3413ca4510110b5181f3e4b24d52719,1,0.7050774461041088,1.036935312923026,-5.0,-6.0,1,0.0,0.0
2016,TRLH1/1001890186,oe:team:3413ca4510110b5181f3e4b24d52719,oe:team:3b84bb916852d07609c83d1ce91c1a9,0,0.29492255389589117,-1.036935312923026,1.0,6.0,1,0.0,0.0
2016,TRLH1/1001890201,oe:team:a22510a4756fa424cb0771b13261139,oe:team:73f3126d91d35faa5d5ce34abadb865,0,0.5099314771576946,-0.03775225562653306,0.0,2.0,2,0.0,0.0
2016,TRLH1/1001890201,oe:team:73f3126d91d35faa5d5ce34abadb865,oe:team:a22510a4756fa424cb0771b13261139,1,0.4900685228423054,0.03775225562653306,-2.0,-2.0,0,0.0,0.0
2016,TRLH1/1001890238,oe:team:3354e252e33ed55fd8fa14595ca1564,oe:team:fc8e90107dabb9a35c490b0d86adea0,1,0.7515535177470516,1.3409461563333602,3.0,4.0,2,0.0,0.0
2016,TRLH1/1001890238,oe:team:fc8e90107dabb9a35c490b0d86adea0,oe:team:3354e252e33ed55fd8fa14595ca1564,0,0.2484464822529484,-1.3409461563333602,-1.0,-4.0,1,0.0,0.0
2016,TRLH1/1001890250,oe:team:7cd8dc1c987b84b99e3d246d1943c92,oe:team:2f758c15b9c1781b2d4032011ae1628,0,0.5184977569916993,0.006551863190659146,-9.0,-6.0,0,0.0,0.0
2016,TRLH1/1001890250,oe:team:2f758c15b9c1781b2d4032011ae1628,oe:team:7cd8dc1c987b84b99e3d246d1943c92,1,0.4815022430083007,-0.006551863190659146,-3.0,6.0,0,0.0,0.0
2016,TRLH1/1001890263,oe:team:a22510a4756fa424cb0771b13261139,oe:team:3b84bb916852d07609c83d1ce91c1a9,1,0.44053147393942843,-0.397852904181875,-1.0,-2.0,1,0.0,0.0
2016,TRLH1/1001890263,oe:team:3b84bb916852d07609c83d1ce91c1a9,oe:team:a22510a4756fa424cb0771b13261139,0,0.5594685260605716,0.397852904181875,1.0,2.0,1,0.0,0.0
2016,TRLH1/1001890274,oe:team:73f3126d91d35faa5d5ce34abadb865,oe:team:3413ca4510110b5181f3e4b24d52719,1,0.6440207132666819,0.6768346643676841,1.0,5.0,2,0.0,0.0
2016,TRLH1/1001890274,oe:team:3413ca4510110b5181f3e4b24d52719,oe:team:73f3126d91d35faa5d5ce34abadb865,0,0.35597928673331813,-0.6768346643676841,-4.0,-5.0,0,0.0,0.0
2016,TRLH1/1001890280,oe:team:5b90b1fda6971ccdccf9eb32286aa50,oe:team:bcb21457414eb9be1d27489ff7e8e59,1,0.7520465808295552,1.3443598818394658,0.0,3.0,0,0.0,0.0
2016,TRLH1/1001890280,oe:team:bcb21457414eb9be1d27489ff7e8e59,oe:team:5b90b1fda6971ccdccf9eb32286aa50,0,0.24795341917044478,-1.3443598818394658,-3.0,-3.0,2,0.0,0.0
2016,TRLH1/1001890284,oe:team:056c3140a119e44a03d462e2c832f27,oe:team:d15303823a1dccff9f3068fb357e356,1,0.6723262611352225,0.8394426334993352,1.0,4.0,1,0.10526315789473684,0.0
2016,TRLH1/1001890284,oe:team:d15303823a1dccff9f3068fb357e356,oe:team:056c3140a119e44a03d462e2c832f27,0,0.32767373886477746,-0.8394426334993352,-3.0,-4.0,0,0.0,0.10526315789473684
2016,TRLH1/1001890291,oe:team:cbfaf0ca2181f0903d2fcceb6c28f3b,oe:team:f2357aab765dfb94659ba2223a6d4f0,0,0.7238081498219157,1.1555782697586294,2.0,1.0,2,0.0,0.0
2016,TRLH1/1001890291,oe:team:f2357aab765dfb94659ba2223a6d4f0,oe:team:cbfaf0ca2181f0903d2fcceb6c28f3b,1,0.27619185017808434,-1.1555782697586294,1.0,-1.0,1,0.0,0.0
2016,TRLH1/1001890301,oe:team:93c730021ff69abdfccc4911a2f666f,oe:team:7d6673d3a9d00363c6bebc1a630da6e,1,0.7213288686751406,1.139600239518022,2.0,6.0,2,0.0,0.0
2016,TRLH1/1001890301,oe:team:7d6673d3a9d00363c6bebc1a630da6e,oe:team:93c730021ff69abdfccc4911a2f666f,0,0.27867113132485943,-1.139600239518022,-4.0,-6.0,0,0.0,0.0
2016,TRLH1/1001890309,oe:team:7cd8dc1c987b84b99e3d246d1943c92,oe:team:fc8e90107dabb9a35c490b0d86adea0,0,0.5444298787131705,0.14112258327279315,1.0,-1.0,1,0.0,0.0
2016,TRLH1/1001890309,oe:team:fc8e90107dabb9a35c490b0d86adea0,oe:team:7cd8dc1c987b84b99e3d246d1943c92,1,0.4555701212868295,-0.14112258327279315,2.0,1.0,2,0.0,0.0
2016,TRLH1/1001890321,oe:team:2f758c15b9c1781b2d4032011ae1628,oe:team:3354e252e33ed55fd8fa14595ca1564,0,0.34877806788285404,-0.8957644921225201,4.0,7.0,3,0.0,0.2142857142857143
2016,TRLH1/1001890321,oe:team:3354e252e33ed55fd8fa14595ca1564,oe:team:2f758c15b9c1781b2d4032011ae1628,1,0.651221932117146,0.8957644921225201,-3.0,-7.0,0,0.2142857142857143,0.0
2016,TRLH1/1001890331,oe:team:3413ca4510110b5181f3e4b24d52719,oe:team:a22510a4756fa424cb0771b13261139,0,0.48373421748466316,-0.17316599254809195,-4.0,-2.0,1,0.0,0.0
2016,TRLH1/1001890331,oe:team:a22510a4756fa424cb0771b13261139,oe:team:3413ca4510110b5181f3e4b24d52719,1,0.5162657825153368,0.17316599254809195,-2.0,2.0,0,0.0,0.0
2016,TRLH1/1001890340,oe:team:73f3126d91d35faa5d5ce34abadb865,oe:team:3b84bb916852d07609c83d1ce91c1a9,0,0.47762277823161764,-0.20479517649098877,2.0,2.0,1,0.380952380952381,0.0
2016,TRLH1/1001890340,oe:team:3b84bb916852d07609c83d1ce91c1a9,oe:team:73f3126d91d35faa5d5ce34abadb865,1,0.5223772217683824,0.20479517649098877,0.0,-2.0,1,0.0,0.380952380952381
2016,TRLH1/1001900384,oe:team:d15303823a1dccff9f3068fb357e356,oe:team:bcb21457414eb9be1d27489ff7e8e59,1,0.7403038368129647,1.2642502255757262,0.0,2.0,1,0.2,0.0
2016,TRLH1/1001900384,oe:team:bcb21457414eb9be1d27489ff7e8e59,oe:team:d15303823a1dccff9f3068fb357e356,0,0.25969616318703526,-1.2642502255757262,-2.0,-2.0,1,0.0,0.2
2016,TRLH1/1001900391,oe:team:056c3140a119e44a03d462e2c832f27,oe:team:5b90b1fda6971ccdccf9eb32286aa50,1,0.6585223657776021,0.7593329772355957,0.0,0.0,1,0.0,0.0
2016,TRLH1/1001900391,oe:team:5b90b1fda6971ccdccf9eb32286aa50,oe:team:056c3140a119e44a03d462e2c832f27,0,0.34147763422239785,-0.7593329772355957,0.0,0.0,2,0.0,0.0
2016,TRLH1/1001900398,oe:team:f2357aab765dfb94659ba2223a6d4f0,oe:team:7d6673d3a9d00363c6bebc1a630da6e,1,0.2792821359037091,-1.3138380682770525,1.0,-1.0,1,0.0,0.0
2016,TRLH1/1001900398,oe:team:7d6673d3a9d00363c6bebc1a630da6e,oe:team:f2357aab765dfb94659ba2223a6d4f0,0,0.7207178640962909,1.3138380682770525,2.0,1.0,3,0.0,0.0
2016,TRLH1/1001900410,oe:team:cbfaf0ca2181f0903d2fcceb6c28f3b,oe:team:93c730021ff69abdfccc4911a2f666f,1,0.28177835815127406,-1.2978600380364451,-2.0,1.0,0,0.0,0.0
2016,TRLH1/1001900410,oe:team:93c730021ff69abdfccc4911a2f666f,oe:team:cbfaf0ca2181f0903d2fcceb6c28f3b,0,0.718221641848726,1.2978600380364451,-3.0,-1.0,2,0.0,0.0
2016,TRLH1/1001900417,oe:team:3354e252e33ed55fd8fa14595ca1564,oe:team:7cd8dc1c987b84b99e3d246d1943c92,0,0.753597727072439,1.35512904512492,-2.0,-4.0,0,0.2142857142857143,0.0
2016,TRLH1/1001900417,oe:team:7cd8dc1c987b84b99e3d246d1943c92,oe:team:3354e252e33ed55fd8fa14595ca1564,1,0.246402272927561,-1.35512904512492,2.0,4.0,2,0.0,0.2142857142857143
2016,TRLH1/1001900419,oe:team:fc8e90107dabb9a35c490b0d86adea0,oe:team:2f758c15b9c1781b2d4032011ae1628,1,0.5212379888314841,0.02073475198221897,1.0,11.0,1,0.0,0.0
2016,TRLH1/1001900419,oe:team:2f758c15b9c1781b2d4032011ae1628,oe:team:fc8e90107dabb9a35c490b0d86adea0,0,0.4787620111685159,-0.02073475198221897,-10.0,-11.0,0,0.0,0.0
2016,TRLH1/1001900544,oe:team:7d6673d3a9d00363c6bebc1a630da6e,oe:team:93c730021ff69abdfccc4911a2f666f,0,0.3606077694668296,-0.8289892953893159,-1.0,-1.0,1,0.0,0.22222222222222224
2016,TRLH1/1001900544,oe:team:93c730021ff69abdfccc4911a2f666f,oe:team:7d6673d3a9d00363c6bebc1a630da6e,1,0.6393922305331704,0.8289892953893159,0.0,1.0,1,0.22222222222222224,0.0
2016,TRLH1/1001900560,oe:team:f2357aab765dfb94659ba2223a6d4f0,oe:team:cbfaf0ca2181f0903d2fcceb6c28f3b,1,0.3577610672663431,-0.8449673256299233,-1.0,-3.0,1,0.0,0.0
2016,TRLH1/1001900560,oe:team:cbfaf0ca2181f0903d2fcceb6c28f3b,oe:team:f2357aab765dfb94659ba2223a6d4f0,0,0.6422389327336568,0.8449673256299233,2.0,3.0,1,0.0,0.0
2016,TRLH1/1001900572,oe:team:cbfaf0ca2181f0903d2fcceb6c28f3b,oe:team:7d6673d3a9d00363c6bebc1a630da6e,1,0.45666837388478926,-0.3135652705827763,-3.0,-3.0,1,0.0,0.0
2016,TRLH1/1001900572,oe:team:7d6673d3a9d00363c6bebc1a630da6e,oe:team:cbfaf0ca2181f0903d2fcceb6c28f3b,0,0.5433316261152108,0.3135652705827763,0.0,3.0,1,0.0,0.0
2016,TRLH1/1001900583,oe:team:f2357aab765dfb94659ba2223a6d4f0,oe:team:93c730021ff69abdfccc4911a2f666f,1,0.15317405862113612,-2.2981328357307214,-1.0,-1.0,1,0.0,0.0
2016,TRLH1/1001900583,oe:team:93c730021ff69abdfccc4911a2f666f,oe:team:f2357aab765dfb94659ba2223a6d4f0,0,0.8468259413788639,2.2981328357307214,0.0,1.0,1,0.0,0.0
2016,TRLH1/1001900594,oe:team:7d6673d3a9d00363c6bebc1a630da6e,oe:team:f2357aab765dfb94659ba2223a6d4f0,1,0.7902380354765939,1.6244490124057585,2.0,0.0,2,0.0,0.0
2016,TRLH1/1001900594,oe:team:f2357aab765dfb94659ba2223a6d4f0,oe:team:7d6673d3a9d00363c6bebc1a630da6e,0,0.20976196452340612,-1.6244490124057585,2.0,0.0,1,0.0,0.0
2016,TRLH1/1001900599,oe:team:93c730021ff69abdfccc4911a2f666f,oe:team:cbfaf0ca2181f0903d2fcceb6c28f3b,1,0.7881805628435639,1.6084709821651513,-5.0,-6.0,0,0.0,0.0
2016,TRLH1/1001900599,oe:team:cbfaf0ca2181f0903d2fcceb6c28f3b,oe:team:93c730021ff69abdfccc4911a2f666f,0,0.21181943715643614,-1.6084709821651513,1.0,6.0,1,0.0,0.0
2016,TRLH1/1001900610,oe:team:93c730021ff69abdfccc4911a2f666f,oe:team:f2357aab765dfb94659ba2223a6d4f0,1,0.8897564581751838,2.6087437798594277,3.0,5.0,2,0.0,0.0
2016,TRLH1/1001900610,oe:team:f2357aab765dfb94659ba2223a6d4f0,oe:team:93c730021ff69abdfccc4911a2f666f,0,0.11024354182481622,-2.6087437798594277,-2.0,-5.0,0,0.0,0.0
2016,TRLH1/1001900637,oe:team:056c3140a119e44a03d462e2c832f27,oe:team:bcb21457414eb9be1d27489ff7e8e59,1,0.8287942479480553,1.9483873870107087,-7.0,-7.0,0,0.42105263157894735,0.0
2016,TRLH1/1001900637,oe:team:bcb21457414eb9be1d27489ff7e8e59,oe:team:056c3140a119e44a03d462e2c832f27,0,0.17120575205194466,-1.9483873870107087,0.0,7.0,1,0.0,0.42105263157894735
2016,TRLH1/1001900650,oe:team:d15303823a1dccff9f3068fb357e356,oe:team:5b90b1fda6971ccdccf9eb32286aa50,0,0.5317469290491527,0.07519581580061341,-8.0,-12.0,0,0.2,0.0
2016,TRLH1/1001900650,oe:team:5b90b1fda6971ccdccf9eb32286aa50,oe:team:d15303823a1dccff9f3068fb357e356,1,0.46825307095084734,-0.07519581580061341,4.0,12.0,2,0.0,0.2
2016,TRLH1/1001900657,oe:team:5b90b1fda6971ccdccf9eb32286aa50,oe:team:056c3140a119e44a03d462e2c832f27,1,0.4308508102012827,-0.4487220331068895,-3.0,-5.0,1,0.0,0.0
2016,TRLH1/1001900657,oe:team:056c3140a119e44a03d462e2c832f27,oe:team:5b90b1fda6971ccdccf9eb32286aa50,0,0.5691491897987173,0.4487220331068895,2.0,5.0,2,0.0,0.0
2016,TRLH1/1001900660,oe:team:bcb21457414eb9be1d27489ff7e8e59,oe:team:d15303823a1dccff9f3068fb357e356,0,0.33867313929078396,-0.9536392814470203,2.0,0.0,2,0.0,0.2
2016,TRLH1/1001900660,oe:team:d15303823a1dccff9f3068fb357e356,oe:team:bcb21457414eb9be1d27489ff7e8e59,1,0.661326860709216,0.9536392814470203,2.0,0.0,2,0.2,0.0
2016,TRLH1/1001900668,oe:team:bcb21457414eb9be1d27489ff7e8e59,oe:team:5b90b1fda6971ccdccf9eb32286aa50,0,0.32492667461292296,-1.0337489377107598,3.0,5.0,2,0.0,0.25
2016,TRLH1/1001900668,oe:team:5b90b1fda6971ccdccf9eb32286aa50,oe:team:bcb21457414eb9be1d27489ff7e8e59,1,0.6750733253870771,1.0337489377107598,-2.0,-5.0,0,0.25,0.0
2016,TRLH1/1001900677,oe:team:d15303823a1dccff9f3068fb357e356,oe:team:056c3140a119e44a03d462e2c832f27,0,0.41571481047560727,-0.5288316893706291,0.0,3.0,2,0.0,0.05263157894736842
2016,TRLH1/1001900677,oe:team:056c3140a119e44a03d462e2c832f27,oe:team:d15303823a1dccff9f3068fb357e356,1,0.5842851895243928,0.5288316893706291,-3.0,-3.0,1,0.05263157894736842,0.0
2016,TRLH1/1001900686,oe:team:5b90b1fda6971ccdccf9eb32286aa50,oe:team:056c3140a119e44a03d462e2c832f27,1,0.4308508102012827,-0.4487220331068895,0.0,2.0,0,0.0,0.05263157894736842
2016,TRLH1/1001900686,oe:team:056c3140a119e44a03d462e2c832f27,oe:team:5b90b1fda6971ccdccf9eb32286aa50,0,0.5691491897987173,0.4487220331068895,-2.0,-2.0,1,0.05263157894736842,0.0
2016,TRLH1/1001890625,oe:team:3b84bb916852d07609c83d1ce91c1a9,oe:team:a22510a4756fa424cb0771b13261139,1,0.649613551575487,0.7084638483105812,-8.0,-8.0,0,0.22222222222222224,0.0
2016,TRLH1/1001890625,oe:team:a22510a4756fa424cb0771b13261139,oe:team:3b84bb916852d07609c83d1ce91c1a9,0,0.35038644842451305,-0.7084638483105812,0.0,8.0,0,0.0,0.22222222222222224
2016,TRLH1/1001890633,oe:team:3413ca4510110b5181f3e4b24d52719,oe:team:73f3126d91d35faa5d5ce34abadb865,1,0.4465740426089026,-0.366223720238978,0.0,-3.0,1,0.0,0.380952380952381
2016,TRLH1/1001890633,oe:team:73f3126d91d35faa5d5ce34abadb865,oe:team:3413ca4510110b5181f3e4b24d52719,0,0.5534259573910973,0.366223720238978,3.0,3.0,2,0.380952380952381,0.0
2016,TRLH1/1001890643,oe:team:a22510a4756fa424cb0771b13261139,oe:team:3413ca4510110b5181f3e4b24d52719,1,0.6090740468393041,0.4837769366767979,-9.0,-10.0,0,0.0,0.0
2016,TRLH1/1001890643,oe:team:3413ca4510110b5181f3e4b24d52719,oe:team:a22510a4756fa424cb0771b13261139,0,0.3909259531606959,-0.4837769366767979,1.0,10.0,2,0.0,0.0
2016,TRLH1/1001890649,oe:team:3b84bb916852d07609c83d1ce91c1a9,oe:team:73f3126d91d35faa5d5ce34abadb865,1,0.6148876141876595,0.5154061206196952,-2.0,2.0,0,0.0,0.0
2016,TRLH1/1001890649,oe:team:73f3126d91d35faa5d5ce34abadb865,oe:team:3b84bb916852d07609c83d1ce91c1a9,0,0.38511238581234053,-0.5154061206196952,-4.0,-2.0,1,0.0,0.0
2016,TRLH1/1001890655,oe:team:3413ca4510110b5181f3e4b24d52719,oe:team:3b84bb916852d07609c83d1ce91c1a9,0,0.3791260681653091,-0.7263243687943199,-3.0,2.0,0,0.0,0.0
2016,TRLH1/1001890655,oe:team:3b84bb916852d07609c83d1ce91c1a9,oe:team:3413ca4510110b5181f3e4b24d52719,1,0.620873931834691,0.7263243687943199,-5.0,-2.0,1,0.0,0.0
2016,TRLH1/1001890657,oe:team:73f3126d91d35faa5d5ce34abadb865,oe:team:a22510a4756fa424cb0771b13261139,1,0.5838514880652722,0.3483631997552392,2.0,3.0,2,0.0,0.0
2016,TRLH1/1001890657,oe:team:a22510a4756fa424cb0771b13261139,oe:team:73f3126d91d35faa5d5ce34abadb865,0,0.4161485119347278,-0.3483631997552392,-1.0,-3.0,2,0.0,0.0
2016,TRLH1/1001900742,oe:team:2f758c15b9c1781b2d4032011ae1628,oe:team:7cd8dc1c987b84b99e3d246d1943c92,1,0.5754959819087153,0.3040590809380468,-2.0,-1.0,1,0.19999999999999998,0.0
2016,TRLH1/1001900742,oe:team:7cd8dc1c987b84b99e3d246d1943c92,oe:team:2f758c15b9c1781b2d4032011ae1628,0,0.4245040180912847,-0.3040590809380468,-1.0,1.0,1,0.0,0.19999999999999998
2016,TRLH1/1001900759,oe:team:fc8e90107dabb9a35c490b0d86adea0,oe:team:3354e252e33ed55fd8fa14595ca1564,0,0.3255065512009602,-1.030335212204654,3.0,3.0,2,0.0,0.0
2016,TRLH1/1001900759,oe:team:3354e252e33ed55fd8fa14595ca1564,oe:team:fc8e90107dabb9a35c490b0d86adea0,1,0.6744934487990397,1.030335212204654,0.0,-3.0,2,0.0,0.0
2016,TRLH1/1001900768,oe:team:fc8e90107dabb9a35c490b0d86adea0,oe:team:7cd8dc1c987b84b99e3d246d1943c92,0,0.5498701548963618,0.1694883608559128,-2.0,-6.0,1,0.0,0.0
2016,TRLH1/1001900768,oe:team:7cd8dc1c987b84b99e3d246d1943c92,oe:team:fc8e90107dabb9a35c490b0d86adea0,1,0.4501298451036382,-0.1694883608559128,4.0,6.0,3,0.0,0.0
2016,TRLH1/1001900778,oe:team:3354e252e33ed55fd8fa14595ca1564,oe:team:2f758c15b9c1781b2d4032011ae1628,1,0.7315989706938056,1.2063754362512262,2.0,2.0,1,0.14285714285714288,0.0
2016,TRLH1/1001900778,oe:team:2f758c15b9c1781b2d4032011ae1628,oe:team:3354e252e33ed55fd8fa14595ca1564,0,0.26840102930619436,-1.2063754362512262,0.0,-2.0,1,0.0,0.14285714285714288
2016,TRLH1/1001900786,oe:team:2f758c15b9c1781b2d4032011ae1628,oe:team:fc8e90107dabb9a35c490b0d86adea0,0,0.5728117842517867,0.28987619214648697,-3.0,2.0,0,0.0,0.0
2016,TRLH1/1001900786,oe:team:fc8e90107dabb9a35c490b0d86adea0,oe:team:2f758c15b9c1781b2d4032011ae1628,1,0.4271882157482133,-0.28987619214648697,-5.0,-2.0,1,0.0,0.0
2016,TRLH1/1001900791,oe:team:7cd8dc1c987b84b99e3d246d1943c92,oe:team:3354e252e33ed55fd8fa14595ca1564,0,0.32310087806938903,-1.044518100996214,1.0,2.0,2,0.0,0.14285714285714288
2016,TRLH1/1001900791,oe:team:3354e252e33ed55fd8fa14595ca1564,oe:team:7cd8dc1c987b84b99e3d246d1943c92,1,0.676899121930611,1.044518100996214,-1.0,-2.0,1,0.14285714285714288,0.0
2016,TRLH1/1001910065,oe:team:3b84bb916852d07609c83d1ce91c1a9,oe:team:fc8e90107dabb9a35c490b0d86adea0,1,0.6960013719200782,0.981039286073139,-3.0,1.0,0,0.0,0.09999999999999999
2016,TRLH1/1001910065,oe:team:fc8e90107dabb9a35c490b0d86adea0,oe:team:3b84bb916852d07609c83d1ce91c1a9,0,0.30399862807992184,-0.981039286073139,-4.0,-1.0,1,0.09999999999999999,0.0
2016,TRLH1/1001910075,oe:team:fc8e90107dabb9a35c490b0d86adea0,oe:team:3b84bb916852d07609c83d1ce91c1a9,0,0.3893624646421299,-0.6704283419444328,-5.0,-6.0,1,0.09999999999999999,0.0
2016,TRLH1/1001910075,oe:team:3b84bb916852d07609c83d1ce91c1a9,oe:team:fc8e90107dabb9a35c490b0d86adea0,1,0.6106375353578701,0.6704283419444328,1.0,6.0,1,0.0,0.09999999999999999
2016,TRLH1/1001910076,oe:team:3b84bb916852d07609c83d1ce91c1a9,oe:team:fc8e90107dabb9a35c490b0d86adea0,1,0.6960013719200782,0.981039286073139,-1.0,-4.0,1,0.0,0.09999999999999999
2016,TRLH1/1001910076,oe:team:fc8e90107dabb9a35c490b0d86adea0,oe:team:3b84bb916852d07609c83d1ce91c1a9,0,0.30399862807992184,-0.981039286073139,3.0,4.0,2,0.09999999999999999,0.0
2016,TRLH1/1001920065,oe:team:3354e252e33ed55fd8fa14595ca1564,oe:team:73f3126d91d35faa5d5ce34abadb865,0,0.6784135874624765,0.8753129908799164,2.0,9.0,3,0.14285714285714288,0.0
2016,TRLH1/1001920065,oe:team:73f3126d91d35faa5d5ce34abadb865,oe:team:3354e252e33ed55fd8fa14595ca1564,1,0.3215864125375235,-0.8753129908799164,-7.0,-9.0,1,0.0,0.14285714285714288
2016,TRLH1/1001920080,oe:team:73f3126d91d35faa5d5ce34abadb865,oe:team:3354e252e33ed55fd8fa14595ca1564,0,0.4089868559626835,-0.56470204675121,1.0,3.0,2,0.0,0.14285714285714288
2016,TRLH1/1001920080,oe:team:3354e252e33ed55fd8fa14595ca1564,oe:team:73f3126d91d35faa5d5ce34abadb865,1,0.5910131440373165,0.56470204675121,-2.0,-3.0,0,0.14285714285714288,0.0
2016,TRLH1/1001920084,oe:team:3354e252e33ed55fd8fa14595ca1564,oe:team:73f3126d91d35faa5d5ce34abadb865,1,0.6784135874624765,0.8753129908799164,-1.0,2.0,1,0.14285714285714288,0.0
2016,TRLH1/1001920084,oe:team:73f3126d91d35faa5d5ce34abadb865,oe:team:3354e252e33ed55fd8fa14595ca1564,0,0.3215864125375235,-0.8753129908799164,-3.0,-2.0,1,0.0,0.14285714285714288
2016,TRLH1/1001920086,oe:team:73f3126d91d35faa5d5ce34abadb865,oe:team:3354e252e33ed55fd8fa14595ca1564,0,0.4089868559626835,-0.56470204675121,2.0,2.0,2,0.0,0.14285714285714288
2016,TRLH1/1001920086,oe:team:3354e252e33ed55fd8fa14595ca1564,oe:team:73f3126d91d35faa5d5ce34abadb865,1,0.5910131440373165,0.56470204675121,0.0,-2.0,1,0.14285714285714288,0.0
2016,TRLH1/1001920095,oe:team:93c730021ff69abdfccc4911a2f666f,oe:team:056c3140a119e44a03d462e2c832f27,1,0.6762885581230995,0.8627511843447189,3.0,0.0,2,0.0,0.0
2016,TRLH1/1001920095,oe:team:056c3140a119e44a03d462e2c832f27,oe:team:93c730021ff69abdfccc4911a2f666f,0,0.3237114418769005,-0.8627511843447189,3.0,0.0,2,0.0,0.0
2016,TRLH1/1001920103,oe:team:056c3140a119e44a03d462e2c832f27,oe:team:93c730021ff69abdfccc4911a2f666f,0,0.4113392476270634,-0.5521402402160125,0.0,-1.0,1,0.0,0.0
2016,TRLH1/1001920103,oe:team:93c730021ff69abdfccc4911a2f666f,oe:team:056c3140a119e44a03d462e2c832f27,1,0.5886607523729366,0.5521402402160125,1.0,1.0,1,0.0,0.0
2016,TRLH1/1001920104,oe:team:93c730021ff69abdfccc4911a2f666f,oe:team:056c3140a119e44a03d462e2c832f27,0,0.6762885581230995,0.8627511843447189,1.0,1.0,2,0.0,0.0
2016,TRLH1/1001920104,oe:team:056c3140a119e44a03d462e2c832f27,oe:team:93c730021ff69abdfccc4911a2f666f,1,0.3237114418769005,-0.8627511843447189,0.0,-1.0,0,0.0,0.0
2016,TRLH1/1001920106,oe:team:056c3140a119e44a03d462e2c832f27,oe:team:93c730021ff69abdfccc4911a2f666f,0,0.4113392476270634,-0.5521402402160125,3.0,3.0,2,0.0,0.0
2016,TRLH1/1001920106,oe:team:93c730021ff69abdfccc4911a2f666f,oe:team:056c3140a119e44a03d462e2c832f27,1,0.5886607523729366,0.5521402402160125,0.0,-3.0,1,0.0,0.0
2016,TRLH1/1001910107,oe:team:5b90b1fda6971ccdccf9eb32286aa50,oe:team:f2357aab765dfb94659ba2223a6d4f0,1,0.745187483105519,1.2972705624078191,-1.0,1.0,2,0.25,0.0
2016,TRLH1/1001910107,oe:team:f2357aab765dfb94659ba2223a6d4f0,oe:team:5b90b1fda6971ccdccf9eb32286aa50,0,0.25481251689448103,-1.2972705624078191,-2.0,-1.0,0,0.0,0.25
2016,TRLH1/1001910113,oe:team:f2357aab765dfb94659ba2223a6d4f0,oe:team:5b90b1fda6971ccdccf9eb32286aa50,0,0.33297231401167465,-0.9866596182791132,-2.0,-3.0,0,0.0,0.25
2016,TRLH1/1001910113,oe:team:5b90b1fda6971ccdccf9eb32286aa50,oe:team:f2357aab765dfb94659ba2223a6d4f0,1,0.6670276859883253,0.9866596182791132,1.0,3.0,2,0.25,0.0
2016,TRLH1/1001910114,oe:team:5b90b1fda6971ccdccf9eb32286aa50,oe:team:f2357aab765dfb94659ba2223a6d4f0,1,0.745187483105519,1.2972705624078191,3.0,5.0,2,0.25,0.0
2016,TRLH1/1001910114,oe:team:f2357aab765dfb94659ba2223a6d4f0,oe:team:5b90b1fda6971ccdccf9eb32286aa50,0,0.25481251689448103,-1.2972705624078191,-2.0,-5.0,0,0.0,0.25
2016,TRLH1/1001930038,oe:team:93c730021ff69abdfccc4911a2f666f,oe:team:3354e252e33ed55fd8fa14595ca1564,0,0.572324238420484,0.2873025306604835,0.0,3.0,1,0.0,0.3571428571428572
2016,TRLH1/1001930038,oe:team:3354e252e33ed55fd8fa14595ca1564,oe:team:93c730021ff69abdfccc4911a2f666f,1,0.42767576157951603,-0.2873025306604835,-3.0,-3.0,1,0.3571428571428572,0.0
2016,TRLH1/1001930052,oe:team:3354e252e33ed55fd8fa14595ca1564,oe:team:93c730021ff69abdfccc4911a2f666f,0,0.5217351058241556,0.023308413468222877,-1.0,0.0,1,0.14285714285714288,0.0
2016,TRLH1/1001930052,oe:team:93c730021ff69abdfccc4911a2f666f,oe:team:3354e252e33ed55fd8fa14595ca1564,1,0.4782648941758444,-0.023308413468222877,-1.0,0.0,2,0.0,0.14285714285714288
2016,TRLH1/1001930053,oe:team:93c730021ff69abdfccc4911a2f666f,oe:team:3354e252e33ed55fd8fa14595ca1564,1,0.572324238420484,0.2873025306604835,-2.0,-2.0,2,0.0,0.14285714285714288
2016,TRLH1/1001930053,oe:team:3354e252e33ed55fd8fa14595ca1564,oe:team:93c730021ff69abdfccc4911a2f666f,0,0.42767576157951603,-0.2873025306604835,0.0,2.0,1,0.14285714285714288,0.0
2016,TRLH1/1001930054,oe:team:3354e252e33ed55fd8fa14595ca1564,oe:team:93c730021ff69abdfccc4911a2f666f,1,0.5217351058241556,0.023308413468222877,-4.0,0.0,0,0.14285714285714288,0.0
2016,TRLH1/1001930054,oe:team:93c730021ff69abdfccc4911a2f666f,oe:team:3354e252e33ed55fd8fa14595ca1564,0,0.4782648941758444,-0.023308413468222877,-4.0,0.0,0,0.0,0.14285714285714288
2016,TRLH1/1001930055,oe:team:93c730021ff69abdfccc4911a2f666f,oe:team:3354e252e33ed55fd8fa14595ca1564,0,0.572324238420484,0.2873025306604835,0.0,0.0,1,0.0,0.14285714285714288
2016,TRLH1/1001930055,oe:team:3354e252e33ed55fd8fa14595ca1564,oe:team:93c730021ff69abdfccc4911a2f666f,1,0.42767576157951603,-0.2873025306604835,0.0,0.0,3,0.14285714285714288,0.0
2016,TRLH1/1001940057,oe:team:3b84bb916852d07609c83d1ce91c1a9,oe:team:5b90b1fda6971ccdccf9eb32286aa50,1,0.6949908241067034,0.9748747606596098,-4.0,-2.0,1,0.22222222222222224,0.0
2016,TRLH1/1001940057,oe:team:5b90b1fda6971ccdccf9eb32286aa50,oe:team:3b84bb916852d07609c83d1ce91c1a9,0,0.30500917589329657,-0.9748747606596098,-2.0,2.0,0,0.0,0.22222222222222224
2016,TRLH1/1001940064,oe:team:5b90b1fda6971ccdccf9eb32286aa50,oe:team:3b84bb916852d07609c83d1ce91c1a9,0,0.3904975687541272,-0.6642638165309036,1.0,1.0,2,0.0,0.0
2016,TRLH1/1001940064,oe:team:3b84bb916852d07609c83d1ce91c1a9,oe:team:5b90b1fda6971ccdccf9eb32286aa50,1,0.6095024312458728,0.6642638165309036,0.0,-1.0,1,0.0,0.0
2016,TRLH1/1001940065,oe:team:3b84bb916852d07609c83d1ce91c1a9,oe:team:5b90b1fda6971ccdccf9eb32286aa50,1,0.6949908241067034,0.9748747606596098,1.0,2.0,2,0.0,0.0
2016,TRLH1/1001940065,oe:team:5b90b1fda6971ccdccf9eb32286aa50,oe:team:3b84bb916852d07609c83d1ce91c1a9,0,0.30500917589329657,-0.9748747606596098,-1.0,-2.0,1,0.0,0.0
2016,TRLH1/1001960052,oe:team:3b84bb916852d07609c83d1ce91c1a9,oe:team:3354e252e33ed55fd8fa14595ca1564,0,0.4776602018528697,-0.2046013981958681,1.0,3.0,2,0.22222222222222224,0.0
2016,TRLH1/1001960052,oe:team:3354e252e33ed55fd8fa14595ca1564,oe:team:3b84bb916852d07609c83d1ce91c1a9,1,0.5223397981471303,0.2046013981958681,-2.0,-3.0,1,0.0,0.22222222222222224
2016,TRLH1/1001960063,oe:team:3354e252e33ed55fd8fa14595ca1564,oe:team:3b84bb916852d07609c83d1ce91c1a9,1,0.6148520947725904,0.5152123423245745,-1.0,-1.0,2,0.0,0.0
2016,TRLH1/1001960063,oe:team:3b84bb916852d07609c83d1ce91c1a9,oe:team:3354e252e33ed55fd8fa14595ca1564,0,0.3851479052274096,-0.5152123423245745,0.0,1.0,0,0.0,0.0
2016,TRLH1/1001960064,oe:team:3b84bb916852d07609c83d1ce91c1a9,oe:team:3354e252e33ed55fd8fa14595ca1564,1,0.4776602018528697,-0.2046013981958681,3.0,5.0,3,0.22222222222222224,0.0
2016,TRLH1/1001960064,oe:team:3354e252e33ed55fd8fa14595ca1564,oe:team:3b84bb916852d07609c83d1ce91c1a9,0,0.5223397981471303,0.2046013981958681,-2.0,-5.0,1,0.0,0.22222222222222224
2016,TRLH1/1001960065,oe:team:3354e252e33ed55fd8fa14595ca1564,oe:team:3b84bb916852d07609c83d1ce91c1a9,0,0.6148520947725904,0.5152123423245745,-4.0,-2.0,1,0.14285714285714288,0.0
2016,TRLH1/1001960065,oe:team:3b84bb916852d07609c83d1ce91c1a9,oe:team:3354e252e33ed55fd8fa14595ca1564,1,0.3851479052274096,-0.5152123423245745,-2.0,2.0,1,0.0,0.14285714285714288
2016,TRLH1/1001960067,oe:team:3b84bb916852d07609c83d1ce91c1a9,oe:team:3354e252e33ed55fd8fa14595ca1564,0,0.4776602018528697,-0.2046013981958681,-1.0,3.0,1,0.0,0.14285714285714288
2016,TRLH1/1001960067,oe:team:3354e252e33ed55fd8fa14595ca1564,oe:team:3b84bb916852d07609c83d1ce91c1a9,1,0.5223397981471303,0.2046013981958681,-4.0,-3.0,1,0.14285714285714288,0.0
2017,TRLH1/1002360213,oe:team:62c1cd9465dc63824593ee5046f5aa8,oe:team:d996d27c1737a1f7494fc09d6911339,1,0.8876716436913875,2.581510096367162,-2.0,-1.0,0,0.0,0.0
2017,TRLH1/1002360213,oe:team:d996d27c1737a1f7494fc09d6911339,oe:team:62c1cd9465dc63824593ee5046f5aa8,0,0.11232835630861249,-2.581510096367162,-1.0,1.0,1,0.0,0.0
2017,TRLH1/1002360222,oe:team:fc8e90107dabb9a35c490b0d86adea0,oe:team:364547a649dd1c75e258f0d5168509f,1,0.8171392052050831,1.845007232476909,-2.0,-1.0,0,0.0,
2017,TRLH1/1002360222,oe:team:364547a649dd1c75e258f0d5168509f,oe:team:fc8e90107dabb9a35c490b0d86adea0,0,0.1828607947949169,-1.845007232476909,-1.0,1.0,1,,0.0
2017,TRLH1/1002360229,oe:team:418bd4b8f699d70c4509d7f9c768a3a,oe:team:d996d27c1737a1f7494fc09d6911339,0,0.39393549321520965,-0.6456320627418901,-3.0,-3.0,1,0.0,0.0
2017,TRLH1/1002360229,oe:team:d996d27c1737a1f7494fc09d6911339,oe:team:418bd4b8f699d70c4509d7f9c768a3a,1,0.6060645067847903,0.6456320627418901,0.0,3.0,2,0.0,0.0
2017,TRLH1/1002360235,oe:team:cd6e0eea04af23b9c0735dab41a9941,oe:team:fc8e90107dabb9a35c490b0d86adea0,0,0.22572956149669104,-1.6814599362134968,0.0,0.0,0,0.0,0.0
2017,TRLH1/1002360235,oe:team:fc8e90107dabb9a35c490b0d86adea0,oe:team:cd6e0eea04af23b9c0735dab41a9941,1,0.774270438503309,1.6814599362134968,0.0,0.0,1,0.0,0.0
2017,TRLH1/1002360244,oe:team:418bd4b8f699d70c4509d7f9c768a3a,oe:team:62c1cd9465dc63824593ee5046f5aa8,0,0.09399301245307275,-3.0163100911206895,0.0,2.0,0,0.0,0.0
2017,TRLH1/1002360244,oe:team:62c1cd9465dc63824593ee5046f5aa8,oe:team:418bd4b8f699d70c4509d7f9c768a3a,1,0.9060069875469272,3.0163100911206895,-2.0,-2.0,0,0.0,0.0
2017,TRLH1/1002360251,oe:team:cd6e0eea04af23b9c0735dab41a9941,oe:team:364547a649dd1c75e258f0d5168509f,1,0.5080874131429007,-0.0472847717249503,-1.0,-3.0,0,0.0,
2017,TRLH1/1002360251,oe:team:364547a649dd1c75e258f0d5168509f,oe:team:cd6e0eea04af23b9c0735dab41a9941,0,0.49191258685709927,0.0472847717249503,2.0,3.0,1,,0.0
2017,TRLH1/1002360287,oe:team:364547a649dd1c75e258f0d5168509f,oe:team:fc8e90107dabb9a35c490b0d86adea0,0,0.26254399007827967,-1.4233430965001843,-2.0,0.0,0,,0.0
2017,TRLH1/1002360287,oe:team:fc8e90107dabb9a35c490b0d86adea0,oe:team:364547a649dd1c75e258f0d5168509f,1,0.7374560099217203,1.4233430965001843,-2.0,0.0,1,0.0,
2017,TRLH1/1002360296,oe:team:d996d27c1737a1f7494fc09d6911339,oe:team:62c1cd9465dc63824593ee5046f5aa8,0,0.1675796094283586,-2.159845960390437,-6.0,-6.0,0,0.0,0.0
2017,TRLH1/1002360296,oe:team:62c1cd9465dc63824593ee5046f5aa8,oe:team:d996d27c1737a1f7494fc09d6911339,1,0.8324203905716414,2.159845960390437,0.0,6.0,1,0.0,0.0
2017,TRLH1/1002360302,oe:team:fc8e90107dabb9a35c490b0d86adea0,oe:team:cd6e0eea04af23b9c0735dab41a9941,1,0.8451268135843845,2.103124072190221,-3.0,-2.0,1,0.0,0.0
2017,TRLH1/1002360302,oe:team:cd6e0eea04af23b9c0735dab41a9941,oe:team:fc8e90107dabb9a35c490b0d86adea0,0,0.15487318641561554,-2.103124072190221,-1.0,2.0,0,0.0,0.0
2017,TRLH1/1002360310,oe:team:d996d27c1737a1f7494fc09d6911339,oe:team:418bd4b8f699d70c4509d7f9c768a3a,1,0.7099406363486165,1.0672961987186145,-5.0,-2.0,0,0.0,0.0
2017,TRLH1/1002360310,oe:team:418bd4b8f699d70c4509d7f9c768a3a,oe:team:d996d27c1737a1f7494fc09d6911339,0,0.2900593636513835,-1.0672961987186145,-3.0,2.0,0,0.0,0.0
2017,TRLH1/1002360317,oe:team:364547a649dd1c75e258f0d5168509f,oe:team:cd6e0eea04af23b9c0735dab41a9941,1,0.6063377875396985,0.46894890770167474,-2.0,-3.0,0,,0.0
2017,TRLH1/1002360317,oe:team:cd6e0eea04af23b9c0735dab41a9941,oe:team:364547a649dd1c75e258f0d5168509f,0,0.39366221246030153,-0.46894890770167474,1.0,3.0,1,0.0,
2017,TRLH1/1002360324,oe:team:62c1cd9465dc63824593ee5046f5aa8,oe:team:418bd4b8f699d70c4509d7f9c768a3a,1,0.9387809106695448,3.4379742270974143,0.0,0.0,0,0.09090909090909091,0.0
2017,TRLH1/1002360324,oe:team:418bd4b8f699d70c4509d7f9c768a3a,oe:team:62c1cd9465dc63824593ee5046f5aa8,0,0.06121908933045517,-3.4379742270974143,0.0,0.0,0,0.0,0.09090909090909091
2017,TRLH1/1002360332,oe:team:cd6e0eea04af23b9c0735dab41a9941,oe:team:364547a649dd1c75e258f0d5168509f,0,0.5080874131429007,-0.0472847717249503,-4.0,-3.0,0,0.0,
2017,TRLH1/1002360332,oe:team:364547a649dd1c75e258f0d5168509f,oe:team:cd6e0eea04af23b9c0735dab41a9941,1,0.49191258685709927,0.0472847717249503,-1.0,3.0,0,,0.0
2017,TRLH1/1002360365,oe:team:6c951ee7222ac9acd244aa88c9e8330,oe:team:c5b7f439779b465529ff283c53f41c0,0,0.9579540724793296,3.949457166386275,-2.0,1.0,0,,0.0
2017,TRLH1/1002360365,oe:team:c5b7f439779b465529ff283c53f41c0,oe:team:6c951ee7222ac9acd244aa88c9e8330,1,0.04204592752067038,-3.949457166386275,-3.0,-1.0,0,0.0,
2017,TRLH1/1002360372,oe:team:a9744fc5b0ca952b17ef07c0aa99602,oe:team:6f0162b86d2a0d206ba9a08a1da14be,0,0.19874860234276323,-1.8901675335111312,-4.0,-1.0,0,0.0,0.0
2017,TRLH1/1002360372,oe:team:6f0162b86d2a0d206ba9a08a1da14be,oe:team:a9744fc5b0ca952b17ef07c0aa99602,1,0.8012513976572367,1.8901675335111312,-3.0,1.0,0,0.0,0.0
2017,TRLH1/1002360382,oe:team:78f183fa5a7d8ecb22b9ad272c3abd7,oe:team:c5b7f439779b465529ff283c53f41c0,1,0.9681065966194145,4.320111616446726,-1.0,4.0,1,0.0,0.0
2017,TRLH1/1002360382,oe:team:c5b7f439779b465529ff283c53f41c0,oe:team:78f183fa5a7d8ecb22b9ad272c3abd7,0,0.03189340338058555,-4.320111616446726,-5.0,-4.0,0,0.0,0.0
2017,TRLH1/1002360389,oe:team:6f0162b86d2a0d206ba9a08a1da14be,oe:team:418c28593a78b57ef74e47d0c18640a,0,0.6701764197448947,0.8268566121424425,0.0,8.0,0,0.0,0.0
2017,TRLH1/1002360389,oe:team:418c28593a78b57ef74e47d0c18640a,oe:team:6f0162b86d2a0d206ba9a08a1da14be,1,0.3298235802551053,-0.8268566121424425,-8.0,-8.0,0,0.0,0.0
2017,TRLH1/1002360398,oe:team:6c951ee7222ac9acd244aa88c9e8330,oe:team:78f183fa5a7d8ecb22b9ad272c3abd7,0,0.4863140563040343,-0.15982238207208854,-3.0,-1.0,1,,0.0
2017,TRLH1/1002360398,oe:team:78f183fa5a7d8ecb22b9ad272c3abd7,oe:team:6c951ee7222ac9acd244aa88c9e8330,1,0.5136859436959658,0.15982238207208854,-2.0,1.0,0,0.0,
2017,TRLH1/1002360404,oe:team:a9744fc5b0ca952b17ef07c0aa99602,oe:team:418c28593a78b57ef74e47d0c18640a,0,0.285508521310934,-1.2741429893570508,-3.0,1.0,0,0.0,0.0
2017,TRLH1/1002360404,oe:team:418c28593a78b57ef74e47d0c18640a,oe:team:a9744fc5b0ca952b17ef07c0aa99602,1,0.7144914786890659,1.2741429893570508,-4.0,-1.0,0,0.0,0.0
2017,TRLH1/1002360429,oe:team:6f0162b86d2a0d206ba9a08a1da14be,oe:team:a9744fc5b0ca952b17ef07c0aa99602,1,0.8651139084824512,2.3118316694878556,-1.0,1.0,0,0.0,0.0
2017,TRLH1/1002360429,oe:team:a9744fc5b0ca952b17ef07c0aa99602,oe:team:6f0162b86d2a0d206ba9a08a1da14be,0,0.13488609151754882,-2.3118316694878556,-2.0,-1.0,0,0.0,0.0
2017,TRLH1/1002360441,oe:team:c5b7f439779b465529ff283c53f41c0,oe:team:6c951ee7222ac9acd244aa88c9e8330,0,0.06526904823308961,-3.527793030409551,-3.0,-2.0,0,0.0,
2017,TRLH1/1002360441,oe:team:6c951ee7222ac9acd244aa88c9e8330,oe:team:c5b7f439779b465529ff283c53f41c0,1,0.9347309517669103,3.527793030409551,-1.0,2.0,1,,0.0
2017,TRLH1/1002360452,oe:team:418c28593a78b57ef74e47d0c18640a,oe:team:a9744fc5b0ca952b17ef07c0aa99602,1,0.7992471532324531,1.6958071253337752,-6.0,-6.0,0,0.0,0.0
2017,TRLH1/1002360452,oe:team:a9744fc5b0ca952b17ef07c0aa99602,oe:team:418c28593a78b57ef74e47d0c18640a,0,0.2007528467675469,-1.6958071253337752,0.0,6.0,1,0.0,0.0
2017,TRLH1/1002360463,oe:team:c5b7f439779b465529ff283c53f41c0,oe:team:78f183fa5a7d8ecb22b9ad272c3abd7,0,0.0498005204366984,-3.8984474804700016,-4.0,-3.0,0,0.0,0.0
2017,TRLH1/1002360463,oe:team:78f183fa5a7d8ecb22b9ad272c3abd7,oe:team:c5b7f439779b465529ff283c53f41c0,1,0.9501994795633016,3.8984474804700016,-1.0,3.0,0,0.0,0.0
2017,TRLH1/1002360472,oe:team:418c28593a78b57ef74e47d0c18640a,oe:team:6f0162b86d2a0d206ba9a08a1da14be,0,0.43913174021885915,-0.4051924761657182,-3.0,0.0,0,0.0,0.0
2017,TRLH1/1002360472,oe:team:6f0162b86d2a0d206ba9a08a1da14be,oe:team:418c28593a78b57ef74e47d0c18640a,1,0.5608682597811409,0.4051924761657182,-3.0,0.0,0,0.0,0.0
2017,TRLH1/1002360478,oe:team:78f183fa5a7d8ecb22b9ad272c3abd7,oe:team:6c951ee7222ac9acd244aa88c9e8330,0,0.6269265215804215,0.5814865180488129,-3.0,-1.0,0,0.0,
2017,TRLH1/1002360478,oe:team:6c951ee7222ac9acd244aa88c9e8330,oe:team:78f183fa5a7d8ecb22b9ad272c3abd7,1,0.3730734784195785,-0.5814865180488129,-2.0,1.0,0,,0.0
2017,TRLH1/1002360489,oe:team:6f0162b86d2a0d206ba9a08a1da14be,oe:team:418c28593a78b57ef74e47d0c18640a,0,0.6701764197448947,0.8268566121424425,-2.0,-1.0,0,0.0,0.0
2017,TRLH1/1002360489,oe:team:418c28593a78b57ef74e47d0c18640a,oe:team:6f0162b86d2a0d206ba9a08a1da14be,1,0.3298235802551053,-0.8268566121424425,-1.0,1.0,1,0.0,0.0
2017,TRLH1/1002360512,oe:team:fc8e90107dabb9a35c490b0d86adea0,oe:team:d996d27c1737a1f7494fc09d6911339,1,0.874932392882187,2.4240485190845016,-5.0,-3.0,0,0.0,0.0
2017,TRLH1/1002360512,oe:team:d996d27c1737a1f7494fc09d6911339,oe:team:fc8e90107dabb9a35c490b0d86adea0,0,0.12506760711781295,-2.4240485190845016,-2.0,3.0,0,0.0,0.0
2017,TRLH1/1002360515,oe:team:d996d27c1737a1f7494fc09d6911339,oe:team:fc8e90107dabb9a35c490b0d86adea0,0,0.18527707591184184,-2.0023843831077768,-4.0,-4.0,0,0.0,0.0
2017,TRLH1/1002360515,oe:team:fc8e90107dabb9a35c490b0d86adea0,oe:team:d996d27c1737a1f7494fc09d6911339,1,0.8147229240881582,2.0023843831077768,0.0,4.0,0,0.0,0.0
2017,TRLH1/1002360516,oe:team:fc8e90107dabb9a35c490b0d86adea0,oe:team:d996d27c1737a1f7494fc09d6911339,1,0.874932392882187,2.4240485190845016,0.0,0.0,0,0.0,0.33333333333333337
2017,TRLH1/1002360516,oe:team:d996d27c1737a1f7494fc09d6911339,oe:team:fc8e90107dabb9a35c490b0d86adea0,0,0.12506760711781295,-2.4240485190845016,0.0,0.0,1,0.33333333333333337,0.0
2017,TRLH1/1002360518,oe:team:78f183fa5a7d8ecb22b9ad272c3abd7,oe:team:6f0162b86d2a0d206ba9a08a1da14be,1,0.5702871216223744,0.2765569382596984,-3.0,-3.0,0,0.0,0.0
2017,TRLH1/1002360518,oe:team:6f0162b86d2a0d206ba9a08a1da14be,oe:team:78f183fa5a7d8ecb22b9ad272c3abd7,0,0.4297128783776256,-0.2765569382596984,0.0,3.0,1,0.0,0.0
2017,TRLH1/1002360526,oe:team:78f183fa5a7d8ecb22b9ad272c3abd7,oe:team:6f0162b86d2a0d206ba9a08a1da14be,1,0.5702871216223744,0.2765569382596984,-1.0,2.0,0,0.0,0.0
2017,TRLH1/1002360526,oe:team:6f0162b86d2a0d206ba9a08a1da14be,oe:team:78f183fa5a7d8ecb22b9ad272c3abd7,0,0.4297128783776256,-0.2765569382596984,-3.0,-2.0,0,0.0,0.0
2017,TRLH1/1002360527,oe:team:78f183fa5a7d8ecb22b9ad272c3abd7,oe:team:6f0162b86d2a0d206ba9a08a1da14be,1,0.5702871216223744,0.2765569382596984,-4.0,-4.0,0,0.0,0.0
2017,TRLH1/1002360527,oe:team:6f0162b86d2a0d206ba9a08a1da14be,oe:team:78f183fa5a7d8ecb22b9ad272c3abd7,0,0.4297128783776256,-0.2765569382596984,0.0,4.0,0,0.0,0.0
2017,TRLH1/1002360538,oe:team:418c28593a78b57ef74e47d0c18640a,oe:team:364547a649dd1c75e258f0d5168509f,1,0.6666165373388401,0.8061067348156632,-6.0,-6.0,0,0.0,
2017,TRLH1/1002360538,oe:team:364547a649dd1c75e258f0d5168509f,oe:team:418c28593a78b57ef74e47d0c18640a,0,0.3333834626611599,-0.8061067348156632,0.0,6.0,0,,0.0
2017,TRLH1/1002360552,oe:team:364547a649dd1c75e258f0d5168509f,oe:team:418c28593a78b57ef74e47d0c18640a,1,0.4430913886652641,-0.3844425988389387,0.0,4.0,0,,0.0
2017,TRLH1/1002360552,oe:team:418c28593a78b57ef74e47d0c18640a,oe:team:364547a649dd1c75e258f0d5168509f,0,0.5569086113347359,0.3844425988389387,-4.0,-4.0,0,0.0,
2017,TRLH1/1002360553,oe:team:418c28593a78b57ef74e47d0c18640a,oe:team:364547a649dd1c75e258f0d5168509f,1,0.6666165373388401,0.8061067348156632,-4.0,-3.0,0,0.0,
2017,TRLH1/1002360553,oe:team:364547a649dd1c75e258f0d5168509f,oe:team:418c28593a78b57ef74e47d0c18640a,0,0.3333834626611599,-0.8061067348156632,-1.0,3.0,0,,0.0
2017,TRLH1/1002360554,oe:team:418c28593a78b57ef74e47d0c18640a,oe:team:364547a649dd1c75e258f0d5168509f,1,0.6666165373388401,0.8061067348156632,-3.0,-2.0,0,0.0,
2017,TRLH1/1002360554,oe:team:364547a649dd1c75e258f0d5168509f,oe:team:418c28593a78b57ef74e47d0c18640a,0,0.3333834626611599,-0.8061067348156632,-1.0,2.0,0,,0.0
2017,TRLH1/1002360555,oe:team:62c1cd9465dc63824593ee5046f5aa8,oe:team:6c951ee7222ac9acd244aa88c9e8330,1,0.7145101541488763,1.0960991785673024,-1.0,1.0,0,0.0,
2017,TRLH1/1002360555,oe:team:6c951ee7222ac9acd244aa88c9e8330,oe:team:62c1cd9465dc63824593ee5046f5aa8,0,0.2854898458511237,-1.0960991785673024,-2.0,-1.0,0,,0.0
2017,TRLH1/1002360564,oe:team:6c951ee7222ac9acd244aa88c9e8330,oe:team:62c1cd9465dc63824593ee5046f5aa8,0,0.38862533293463986,-0.6744350425905778,1.0,1.0,1,,0.0
2017,TRLH1/1002360564,oe:team:62c1cd9465dc63824593ee5046f5aa8,oe:team:6c951ee7222ac9acd244aa88c9e8330,1,0.6113746670653601,0.6744350425905778,0.0,-1.0,1,0.0,
2017,TRLH1/1002360565,oe:team:62c1cd9465dc63824593ee5046f5aa8,oe:team:6c951ee7222ac9acd244aa88c9e8330,1,0.7145101541488763,1.0960991785673024,-2.0,0.0,0,0.0,
2017,TRLH1/1002360565,oe:team:6c951ee7222ac9acd244aa88c9e8330,oe:team:62c1cd9465dc63824593ee5046f5aa8,0,0.2854898458511237,-1.0960991785673024,-2.0,0.0,1,,0.0
2017,TRLH1/1002390182,oe:team:73f3126d91d35faa5d5ce34abadb865,oe:team:418c28593a78b57ef74e47d0c18640a,1,0.7695759719006535,1.4688491184842989,1.0,3.0,1,0.0,0.0
2017,TRLH1/1002390182,oe:team:418c28593a78b57ef74e47d0c18640a,oe:team:73f3126d91d35faa5d5ce34abadb865,0,0.23042402809934648,-1.4688491184842989,-2.0,-3.0,1,0.0,0.0
2017,TRLH1/1002390191,oe:team:7d6673d3a9d00363c6bebc1a630da6e,oe:team:3b84bb916852d07609c83d1ce91c1a9,0,0.33275347475069644,-0.9879327543112362,1.0,4.0,1,0.0,0.0
2017,TRLH1/1002390191,oe:team:3b84bb916852d07609c83d1ce91c1a9,oe:team:7d6673d3a9d00363c6bebc1a630da6e,1,0.6672465252493036,0.9879327543112362,-3.0,-4.0,0,0.0,0.0
2017,TRLH1/1002390201,oe:team:fbf53cf218dfaa8c2b2a864d13d2206,oe:team:c334c629fea759876e9e04afbe4aee7,1,0.7180491336956893,1.118596938153368,-3.0,-5.0,0,0.4230769230769231,0.0
2017,TRLH1/1002390201,oe:team:c334c629fea759876e9e04afbe4aee7,oe:team:fbf53cf218dfaa8c2b2a864d13d2206,0,0.28195086630431065,-1.118596938153368,2.0,5.0,2,0.0,0.4230769230769231
2017,TRLH1/1002390211,oe:team:78f183fa5a7d8ecb22b9ad272c3abd7,oe:team:9cae7677cd0dbcc1cd86653870b73c2,0,0.6141299949309781,0.5112743273971889,-1.0,0.0,1,0.0,0.0
2017,TRLH1/1002390211,oe:team:9cae7677cd0dbcc1cd86653870b73c2,oe:team:78f183fa5a7d8ecb22b9ad272c3abd7,1,0.3858700050690219,-0.5112743273971889,-1.0,0.0,0,0.0,0.0
2017,TRLH1/1002390223,oe:team:3354e252e33ed55fd8fa14595ca1564,oe:team:fc8e90107dabb9a35c490b0d86adea0,1,0.7486333455779376,1.3208205344939468,-4.0,-5.0,0,0.0,0.0
2017,TRLH1/1002390223,oe:team:fc8e90107dabb9a35c490b0d86adea0,oe:team:3354e252e33ed55fd8fa14595ca1564,0,0.2513666544220624,-1.3208205344939468,1.0,5.0,2,0.0,0.0
2017,TRLH1/1002390235,oe:team:056c3140a119e44a03d462e2c832f27,oe:team:d15303823a1dccff9f3068fb357e356,0,0.6110967863353174,0.49476220378794555,-1.0,1.0,0,0.0,0.0
2017,TRLH1/1002390235,oe:team:d15303823a1dccff9f3068fb357e356,oe:team:056c3140a119e44a03d462e2c832f27,1,0.3889032136646826,-0.49476220378794555,-2.0,-1.0,0,0.0,0.0
2017,TRLH1/1002380186,oe:team:7cd8dc1c987b84b99e3d246d1943c92,oe:team:a22510a4756fa424cb0771b13261139,0,0.549637384565347,0.16827346410351574,0.0,4.0,0,0.0,0.0
2017,TRLH1/1002380186,oe:team:a22510a4756fa424cb0771b13261139,oe:team:7cd8dc1c987b84b99e3d246d1943c92,1,0.45036261543465295,-0.16827346410351574,-4.0,-4.0,0,0.0,0.0
2017,TRLH1/1002380197,oe:team:62c1cd9465dc63824593ee5046f5aa8,oe:team:594b183f8fb081ef64820f31ab8d641,1,0.7110613289766402,1.0743351051121153,-1.0,0.0,0,0.0,0.0
2017,TRLH1/1002380197,oe:team:594b183f8fb081ef64820f31ab8d641,oe:team:62c1cd9465dc63824593ee5046f5aa8,0,0.2889386710233598,-1.0743351051121153,-1.0,0.0,0,0.0,0.0
2017,TRLH1/1002380204,oe:team:c334c629fea759876e9e04afbe4aee7,oe:team:78f183fa5a7d8ecb22b9ad272c3abd7,1,0.6014546748287255,0.44257589439889355,-2.0,-4.0,0,0.0,0.0
2017,TRLH1/1002380204,oe:team:78f183fa5a7d8ecb22b9ad272c3abd7,oe:team:c334c629fea759876e9e04afbe4aee7,0,0.3985453251712745,-0.44257589439889355,2.0,4.0,2,0.0,0.0
2017,TRLH1/1002380208,oe:team:fbf53cf218dfaa8c2b2a864d13d2206,oe:team:9cae7677cd0dbcc1cd86653870b73c2,1,0.793596918742626,1.6507830239727261,-4.0,-2.0,1,0.4230769230769231,0.0
2017,TRLH1/1002380208,oe:team:9cae7677cd0dbcc1cd86653870b73c2,oe:team:fbf53cf218dfaa8c2b2a864d13d2206,0,0.20640308125737405,-1.6507830239727261,-2.0,2.0,0,0.0,0.4230769230769231
2017,TRLH1/1002380216,oe:team:d15303823a1dccff9f3068fb357e356,oe:team:fc8e90107dabb9a35c490b0d86adea0,0,0.5337830206858513,0.08576294254518269,-2.0,-5.0,0,0.0,0.0
2017,TRLH1/1002380216,oe:team:fc8e90107dabb9a35c490b0d86adea0,oe:team:d15303823a1dccff9f3068fb357e356,1,0.46621697931414874,-0.08576294254518269,3.0,5.0,3,0.0,0.0
2017,TRLH1/1002380220,oe:team:056c3140a119e44a03d462e2c832f27,oe:team:3354e252e33ed55fd8fa14595ca1564,0,0.37658384555989416,-0.7402953881608183,-1.0,4.0,0,0.0,0.0
2017,TRLH1/1002380220,oe:team:3354e252e33ed55fd8fa14595ca1564,oe:team:056c3140a119e44a03d462e2c832f27,1,0.6234161544401058,0.7402953881608183,-5.0,-4.0,0,0.0,0.0
2017,TRLH1/1002390351,oe:team:a22510a4756fa424cb0771b13261139,oe:team:62c1cd9465dc63824593ee5046f5aa8,1,0.5677042940460566,0.26295076709107734,-5.0,-5.0,0,0.0,0.09090909090909091
2017,TRLH1/1002390351,oe:team:62c1cd9465dc63824593ee5046f5aa8,oe:team:a22510a4756fa424cb0771b13261139,0,0.4322957059539434,-0.26295076709107734,0.0,5.0,0,0.09090909090909091,0.0
2017,TRLH1/1002390361,oe:team:7cd8dc1c987b84b99e3d246d1943c92,oe:team:594b183f8fb081ef64820f31ab8d641,0,0.7125793058465336,1.0838952003299835,-2.0,-2.0,0,0.0,0.0
2017,TRLH1/1002390361,oe:team:594b183f8fb081ef64820f31ab8d641,oe:team:7cd8dc1c987b84b99e3d246d1943c92,1,0.2874206941534664,-1.0838952003299835,0.0,2.0,0,0.0,0.0
2017,TRLH1/1002390376,oe:team:7d6673d3a9d00363c6bebc1a630da6e,oe:team:418c28593a78b57ef74e47d0c18640a,1,0.7030646533340444,1.0244549725638346,-2.0,0.0,1,0.0,0.0
2017,TRLH1/1002390376,oe:team:418c28593a78b57ef74e47d0c18640a,oe:team:7d6673d3a9d00363c6bebc1a630da6e,0,0.29693534666595556,-1.0244549725638346,-2.0,0.0,0,0.0,0.0
2017,TRLH1/1002390388,oe:team:3b84bb916852d07609c83d1ce91c1a9,oe:team:73f3126d91d35faa5d5ce34abadb865,0,0.6934015039878891,0.9652027443674966,-2.0,0.0,1,0.0,0.0
2017,TRLH1/1002390388,oe:team:73f3126d91d35faa5d5ce34abadb865,oe:team:3b84bb916852d07609c83d1ce91c1a9,1,0.30659849601211087,-0.9652027443674966,-2.0,0.0,0,0.0,0.0
2017,TRLH1/1002390407,oe:team:3354e252e33ed55fd8fa14595ca1564,oe:team:d15303823a1dccff9f3068fb357e356,1,0.7664094315903743,1.4458896599371263,1.0,3.0,1,0.0,0.0
2017,TRLH1/1002390407,oe:team:d15303823a1dccff9f3068fb357e356,oe:team:3354e252e33ed55fd8fa14595ca1564,0,0.23359056840962567,-1.4458896599371263,-2.0,-3.0,0,0.0,0.0
2017,TRLH1/1002390418,oe:team:fc8e90107dabb9a35c490b0d86adea0,oe:team:056c3140a119e44a03d462e2c832f27,1,0.5272683214394532,0.05197105763195875,0.0,4.0,0,0.0,0.0
2017,TRLH1/1002390418,oe:team:056c3140a119e44a03d462e2c832f27,oe:team:fc8e90107dabb9a35c490b0d86adea0,0,0.47273167856054676,-0.05197105763195875,-4.0,-4.0,0,0.0,0.0
2017,TRLH1/1002390437,oe:team:62c1cd9465dc63824593ee5046f5aa8,oe:team:7cd8dc1c987b84b99e3d246d1943c92,1,0.55595173979223,0.20127197277049413,-2.0,0.0,0,0.0,0.0
2017,TRLH1/1002390437,oe:team:7cd8dc1c987b84b99e3d246d1943c92,oe:team:62c1cd9465dc63824593ee5046f5aa8,0,0.44404826020777,-0.20127197277049413,-2.0,0.0,0,0.0,0.0
2017,TRLH1/1002390449,oe:team:594b183f8fb081ef64820f31ab8d641,oe:team:a22510a4756fa424cb0771b13261139,1,0.3830575992359262,-0.7047896682381056,-2.0,-2.0,0,0.0,0.0
2017,TRLH1/1002390449,oe:team:a22510a4756fa424cb0771b13261139,oe:team:594b183f8fb081ef64820f31ab8d641,0,0.6169424007640738,0.7047896682381056,0.0,2.0,0,0.0,0.0
2017,TRLH1/1002390457,oe:team:9cae7677cd0dbcc1cd86653870b73c2,oe:team:c334c629fea759876e9e04afbe4aee7,0,0.4551728659016144,-0.32135401783099593,1.0,5.0,1,0.0,0.0
2017,TRLH1/1002390457,oe:team:c334c629fea759876e9e04afbe4aee7,oe:team:9cae7677cd0dbcc1cd86653870b73c2,1,0.5448271340983857,0.32135401783099593,-4.0,-5.0,0,0.0,0.0
2017,TRLH1/1002390468,oe:team:78f183fa5a7d8ecb22b9ad272c3abd7,oe:team:fbf53cf218dfaa8c2b2a864d13d2206,0,0.3430142410350501,-0.9286766285871748,-3.0,1.0,0,0.0,0.4230769230769231
2017,TRLH1/1002390468,oe:team:fbf53cf218dfaa8c2b2a864d13d2206,oe:team:78f183fa5a7d8ecb22b9ad272c3abd7,1,0.6569857589649499,0.9286766285871748,-4.0,-1.0,0,0.4230769230769231,0.0
2017,TRLH1/1002390478,oe:team:418c28593a78b57ef74e47d0c18640a,oe:team:3b84bb916852d07609c83d1ce91c1a9,0,0.20989741824739672,-1.8015556588867085,0.0,1.0,0,0.0,0.0
2017,TRLH1/1002390478,oe:team:3b84bb916852d07609c83d1ce91c1a9,oe:team:418c28593a78b57ef74e47d0c18640a,1,0.7901025817526033,1.8015556588867085,-1.0,-1.0,1,0.0,0.0
2017,TRLH1/1002390488,oe:team:73f3126d91d35faa5d5ce34abadb865,oe:team:7d6673d3a9d00363c6bebc1a630da6e,1,0.6401769606117623,0.6552262139088265,0.0,1.0,0,0.0,0.0
2017,TRLH1/1002390488,oe:team:7d6673d3a9d00363c6bebc1a630da6e,oe:team:73f3126d91d35faa5d5ce34abadb865,0,0.3598230393882377,-0.6552262139088265,-1.0,-1.0,1,0.0,0.0
2017,TRLH1/1002380319,oe:team:c334c629fea759876e9e04afbe4aee7,oe:team:9cae7677cd0dbcc1cd86653870b73c2,0,0.6556769244517012,0.7430181538077203,-1.0,-3.0,1,0.0,0.0
2017,TRLH1/1002380319,oe:team:9cae7677cd0dbcc1cd86653870b73c2,oe:team:c334c629fea759876e9e04afbe4aee7,1,0.3443230755482988,-0.7430181538077203,2.0,3.0,1,0.0,0.0
2017,TRLH1/1002380323,oe:team:fbf53cf218dfaa8c2b2a864d13d2206,oe:team:78f183fa5a7d8ecb22b9ad272c3abd7,1,0.7529088499868914,1.3503407645638994,2.0,2.0,2,0.0,0.0
2017,TRLH1/1002380323,oe:team:78f183fa5a7d8ecb22b9ad272c3abd7,oe:team:fbf53cf218dfaa8c2b2a864d13d2206,0,0.24709115001310855,-1.3503407645638994,0.0,-2.0,0,0.0,0.0
2017,TRLH1/1002380330,oe:team:78f183fa5a7d8ecb22b9ad272c3abd7,oe:team:c334c629fea759876e9e04afbe4aee7,1,0.5131885774370557,-0.02091175842216919,0.0,0.0,1,0.0,0.0
2017,TRLH1/1002380330,oe:team:c334c629fea759876e9e04afbe4aee7,oe:team:78f183fa5a7d8ecb22b9ad272c3abd7,0,0.4868114225629443,0.02091175842216919,0.0,0.0,1,0.0,0.0
2017,TRLH1/1002380331,oe:team:9cae7677cd0dbcc1cd86653870b73c2,oe:team:fbf53cf218dfaa8c2b2a864d13d2206,0,0.29267070583738164,-1.2291188879960016,1.0,5.0,1,0.0,0.0
2017,TRLH1/1002380331,oe:team:fbf53cf218dfaa8c2b2a864d13d2206,oe:team:9cae7677cd0dbcc1cd86653870b73c2,1,0.7073292941626184,1.2291188879960016,-4.0,-5.0,1,0.0,0.0
2017,TRLH1/1002380336,oe:team:9cae7677cd0dbcc1cd86653870b73c2,oe:team:78f183fa5a7d8ecb22b9ad272c3abd7,0,0.49989760294531443,-0.08961019142046456,2.0,4.0,1,0.0,0.0
2017,TRLH1/1002380336,oe:team:78f183fa5a7d8ecb22b9ad272c3abd7,oe:team:9cae7677cd0dbcc1cd86653870b73c2,1,0.5001023970546856,0.08961019142046456,-2.0,-4.0,0,0.0,0.0
2017,TRLH1/1002380337,oe:team:c334c629fea759876e9e04afbe4aee7,oe:team:fbf53cf218dfaa8c2b2a864d13d2206,0,0.3844958534376259,-0.6969328021766434,-1.0,1.0,0,0.0,0.4230769230769231
2017,TRLH1/1002380337,oe:team:fbf53cf218dfaa8c2b2a864d13d2206,oe:team:c334c629fea759876e9e04afbe4aee7,1,0.6155041465623741,0.6969328021766434,-2.0,-1.0,0,0.4230769230769231,0.0
2017,TRLH1/1002390592,oe:team:78f183fa5a7d8ecb22b9ad272c3abd7,oe:team:c334c629fea759876e9e04afbe4aee7,1,0.5131885774370557,-0.02091175842216919,-1.0,-3.0,0,0.0,0.0
2017,TRLH1/1002390592,oe:team:c334c629fea759876e9e04afbe4aee7,oe:team:78f183fa5a7d8ecb22b9ad272c3abd7,0,0.4868114225629443,0.02091175842216919,2.0,3.0,2,0.0,0.0
2017,TRLH1/1002390599,oe:team:9cae7677cd0dbcc1cd86653870b73c2,oe:team:78f183fa5a7d8ecb22b9ad272c3abd7,0,0.49989760294531443,-0.08961019142046456,-3.0,0.0,0,0.0,0.0
2017,TRLH1/1002390599,oe:team:78f183fa5a7d8ecb22b9ad272c3abd7,oe:team:9cae7677cd0dbcc1cd86653870b73c2,1,0.5001023970546856,0.08961019142046456,-3.0,0.0,0,0.0,0.0
2017,TRLH1/1002390613,oe:team:7d6673d3a9d00363c6bebc1a630da6e,oe:team:73f3126d91d35faa5d5ce34abadb865,1,0.4720701572746839,-0.23356207793210193,-1.0,-1.0,0,0.0,0.22222222222222224
2017,TRLH1/1002390613,oe:team:73f3126d91d35faa5d5ce34abadb865,oe:team:7d6673d3a9d00363c6bebc1a630da6e,0,0.5279298427253161,0.23356207793210193,0.0,1.0,0,0.22222222222222224,0.0
2017,TRLH1/1002380358,oe:team:3b84bb916852d07609c83d1ce91c1a9,oe:team:418c28593a78b57ef74e47d0c18640a,1,0.8569077028108069,2.223219794863433,0.0,5.0,0,0.0,0.0
2017,TRLH1/1002380358,oe:team:418c28593a78b57ef74e47d0c18640a,oe:team:3b84bb916852d07609c83d1ce91c1a9,0,0.14309229718919314,-2.223219794863433,-5.0,-5.0,0,0.0,0.0
2017,TRLH1/1002380365,oe:team:3b84bb916852d07609c83d1ce91c1a9,oe:team:7d6673d3a9d00363c6bebc1a630da6e,1,0.7613425591804102,1.4095968902879608,-2.0,-3.0,0,0.0,0.0
2017,TRLH1/1002380365,oe:team:7d6673d3a9d00363c6bebc1a630da6e,oe:team:3b84bb916852d07609c83d1ce91c1a9,0,0.23865744081958984,-1.4095968902879608,1.0,3.0,1,0.0,0.0
2017,TRLH1/1002380366,oe:team:418c28593a78b57ef74e47d0c18640a,oe:team:73f3126d91d35faa5d5ce34abadb865,0,0.32264956589252997,-1.0471849825075743,-7.0,-7.0,0,0.0,0.0
2017,TRLH1/1002380366,oe:team:73f3126d91d35faa5d5ce34abadb865,oe:team:418c28593a78b57ef74e47d0c18640a,1,0.6773504341074701,1.0471849825075743,0.0,7.0,0,0.0,0.0
2017,TRLH1/1002380372,oe:team:418c28593a78b57ef74e47d0c18640a,oe:team:7d6673d3a9d00363c6bebc1a630da6e,0,0.40187998442972755,-0.6027908365871102,-3.0,-2.0,0,0.0,0.0
2017,TRLH1/1002380372,oe:team:7d6673d3a9d00363c6bebc1a630da6e,oe:team:418c28593a78b57ef74e47d0c18640a,1,0.5981200155702724,0.6027908365871102,-1.0,2.0,0,0.0,0.0
2017,TRLH1/1002380375,oe:team:73f3126d91d35faa5d5ce34abadb865,oe:team:3b84bb916852d07609c83d1ce91c1a9,1,0.41295238324311917,-0.5435386083907718,0.0,1.0,1,0.11111111111111112,0.0
2017,TRLH1/1002380375,oe:team:3b84bb916852d07609c83d1ce91c1a9,oe:team:73f3126d91d35faa5d5ce34abadb865,0,0.5870476167568808,0.5435386083907718,-1.0,-1.0,0,0.0,0.11111111111111112
2017,TRLH1/1002390678,oe:team:594b183f8fb081ef64820f31ab8d641,oe:team:7cd8dc1c987b84b99e3d246d1943c92,1,0.39087213006480054,-0.662231064353259,-3.0,0.0,0,0.0,0.0
2017,TRLH1/1002390678,oe:team:7cd8dc1c987b84b99e3d246d1943c92,oe:team:594b183f8fb081ef64820f31ab8d641,0,0.6091278699351994,0.662231064353259,-3.0,0.0,1,0.0,0.0
2017,TRLH1/1002380411,oe:team:62c1cd9465dc63824593ee5046f5aa8,oe:team:a22510a4756fa424cb0771b13261139,1,0.5478049505489258,0.15871336888564747,0.0,0.0,0,0.0,0.0
2017,TRLH1/1002380411,oe:team:a22510a4756fa424cb0771b13261139,oe:team:62c1cd9465dc63824593ee5046f5aa8,0,0.45219504945107425,-0.15871336888564747,0.0,0.0,1,0.0,0.0
2017,TRLH1/1002380417,oe:team:7cd8dc1c987b84b99e3d246d1943c92,oe:team:62c1cd9465dc63824593ee5046f5aa8,0,0.5596023211743244,0.22039216320623067,-1.0,1.0,0,0.0,0.0
2017,TRLH1/1002380417,oe:team:62c1cd9465dc63824593ee5046f5aa8,oe:team:7cd8dc1c987b84b99e3d246d1943c92,1,0.4403976788256756,-0.22039216320623067,-2.0,-1.0,0,0.0,0.0
2017,TRLH1/1002380421,oe:team:a22510a4756fa424cb0771b13261139,oe:team:594b183f8fb081ef64820f31ab8d641,1,0.7192787511964192,1.1264538042148302,-4.0,-4.0,0,0.0,0.0
2017,TRLH1/1002380421,oe:team:594b183f8fb081ef64820f31ab8d641,oe:team:a22510a4756fa424cb0771b13261139,0,0.28072124880358085,-1.1264538042148302,0.0,4.0,1,0.0,0.0
2017,TRLH1/1002380428,oe:team:a22510a4756fa424cb0771b13261139,oe:team:7cd8dc1c987b84b99e3d246d1943c92,0,0.5658873107399013,0.2533906718732091,-4.0,-4.0,0,0.0,0.0
2017,TRLH1/1002380428,oe:team:7cd8dc1c987b84b99e3d246d1943c92,oe:team:a22510a4756fa424cb0771b13261139,1,0.4341126892600987,-0.2533906718732091,0.0,4.0,0,0.0,0.0
2017,TRLH1/1002380436,oe:team:594b183f8fb081ef64820f31ab8d641,oe:team:62c1cd9465dc63824593ee5046f5aa8,0,0.3926354220169161,-0.6526709691353907,-1.0,0.0,0,0.0,0.09090909090909091
2017,TRLH1/1002380436,oe:team:62c1cd9465dc63824593ee5046f5aa8,oe:team:594b183f8fb081ef64820f31ab8d641,1,0.6073645779830839,0.6526709691353907,-1.0,0.0,0,0.09090909090909091,0.0
2017,TRLH1/1002380443,oe:team:594b183f8fb081ef64820f31ab8d641,oe:team:a22510a4756fa424cb0771b13261139,1,0.3830575992359262,-0.7047896682381056,-2.0,-3.0,0,0.0,0.0
2017,TRLH1/1002380443,oe:team:a22510a4756fa424cb0771b13261139,oe:team:594b183f8fb081ef64820f31ab8d641,0,0.6169424007640738,0.7047896682381056,1.0,3.0,1,0.0,0.0
2017,TRLH1/1002390761,oe:team:d15303823a1dccff9f3068fb357e356,oe:team:3354e252e33ed55fd8fa14595ca1564,1,0.3265457154683909,-1.0242255239604017,0.0,3.0,0,0.0,0.0
2017,TRLH1/1002390761,oe:team:3354e252e33ed55fd8fa14595ca1564,oe:team:d15303823a1dccff9f3068fb357e356,0,0.6734542845316092,1.0242255239604017,-3.0,-3.0,0,0.0,0.0
2017,TRLH1/1002380472,oe:team:056c3140a119e44a03d462e2c832f27,oe:team:fc8e90107dabb9a35c490b0d86adea0,1,0.5878573723243168,0.36969307834476606,-1.0,-2.0,0,0.0,0.0
2017,TRLH1/1002380472,oe:team:fc8e90107dabb9a35c490b0d86adea0,oe:team:056c3140a119e44a03d462e2c832f27,0,0.4121426276756832,-0.36969307834476606,1.0,2.0,1,0.0,0.0
2017,TRLH1/1002380481,oe:team:d15303823a1dccff9f3068fb357e356,oe:team:056c3140a119e44a03d462e2c832f27,0,0.5030928727672086,-0.07309806781122097,1.0,2.0,1,0.0,0.0
2017,TRLH1/1002380481,oe:team:056c3140a119e44a03d462e2c832f27,oe:team:d15303823a1dccff9f3068fb357e356,1,0.4969071272327914,0.07309806781122097,-1.0,-2.0,0,0.0,0.0
2017,TRLH1/1002380485,oe:team:fc8e90107dabb9a35c490b0d86adea0,oe:team:3354e252e33ed55fd8fa14595ca1564,0,0.3481819675568299,-0.899156398517222,1.0,0.0,1,0.0,0.0
2017,TRLH1/1002380485,oe:team:3354e252e33ed55fd8fa14595ca1564,oe:team:fc8e90107dabb9a35c490b0d86adea0,1,0.6518180324431702,0.899156398517222,1.0,0.0,2,0.0,0.0
2017,TRLH1/1002380496,oe:team:fc8e90107dabb9a35c490b0d86adea0,oe:team:d15303823a1dccff9f3068fb357e356,1,0.5815058731412807,0.3359011934315419,-3.0,-2.0,0,0.0,0.0
2017,TRLH1/1002380496,oe:team:d15303823a1dccff9f3068fb357e356,oe:team:fc8e90107dabb9a35c490b0d86adea0,0,0.41849412685871934,-0.3359011934315419,-1.0,2.0,0,0.0,0.0
2017,TRLH1/1002380500,oe:team:3354e252e33ed55fd8fa14595ca1564,oe:team:056c3140a119e44a03d462e2c832f27,1,0.7247944965849755,1.161959524137543,-2.0,1.0,0,0.0,0.0
2017,TRLH1/1002380500,oe:team:056c3140a119e44a03d462e2c832f27,oe:team:3354e252e33ed55fd8fa14595ca1564,0,0.2752055034150245,-1.161959524137543,-3.0,-1.0,0,0.0,0.0
2017,TRLH3/1002290025,oe:team:fbf53cf218dfaa8c2b2a864d13d2206,oe:team:3b84bb916852d07609c83d1ce91c1a9,0,0.5210385825100616,0.01970245211424526,-1.0,2.0,1,0.4230769230769231,0.0
2017,TRLH3/1002290025,oe:team:3b84bb916852d07609c83d1ce91c1a9,oe:team:fbf53cf218dfaa8c2b2a864d13d2206,1,0.47896141748993837,-0.01970245211424526,-3.0,-2.0,0,0.0,0.4230769230769231
2017,TRLH3/1002290033,oe:team:fbf53cf218dfaa8c2b2a864d13d2206,oe:team:3b84bb916852d07609c83d1ce91c1a9,0,0.5210385825100616,0.01970245211424526,-3.0,-1.0,0,0.4230769230769231,0.0
2017,TRLH3/1002290033,oe:team:3b84bb916852d07609c83d1ce91c1a9,oe:team:fbf53cf218dfaa8c2b2a864d13d2206,1,0.47896141748993837,-0.01970245211424526,-2.0,1.0,0,0.0,0.4230769230769231
2017,TRLH3/1002290034,oe:team:3b84bb916852d07609c83d1ce91c1a9,oe:team:fbf53cf218dfaa8c2b2a864d13d2206,1,0.593895400490622,0.40196168386247955,-1.0,4.0,0,0.0,0.6153846153846153
2017,TRLH3/1002290034,oe:team:fbf53cf218dfaa8c2b2a864d13d2206,oe:team:3b84bb916852d07609c83d1ce91c1a9,0,0.40610459950937805,-0.40196168386247955,-5.0,-4.0,0,0.6153846153846153,0.0
2017,TRLH3/1002300059,oe:team:3354e252e33ed55fd8fa14595ca1564,oe:team:594b183f8fb081ef64820f31ab8d641,1,0.8372420749662558,2.0268619943350394,-3.0,-2.0,1,0.0,0.0
2017,TRLH3/1002300059,oe:team:594b183f8fb081ef64820f31ab8d641,oe:team:3354e252e33ed55fd8fa14595ca1564,0,0.1627579250337442,-2.0268619943350394,-1.0,2.0,1,0.0,0.0
2017,TRLH3/1002300075,oe:team:594b183f8fb081ef64820f31ab8d641,oe:team:3354e252e33ed55fd8fa14595ca1564,1,0.23621340409931055,-1.6051978583583146,-2.0,0.0,0,0.0,0.0
2017,TRLH3/1002300075,oe:team:3354e252e33ed55fd8fa14595ca1564,oe:team:594b183f8fb081ef64820f31ab8d641,0,0.7637865959006894,1.6051978583583146,-2.0,0.0,0,0.0,0.0
2017,TRLH3/1002300076,oe:team:3354e252e33ed55fd8fa14595ca1564,oe:team:594b183f8fb081ef64820f31ab8d641,0,0.8372420749662558,2.0268619943350394,-2.0,-3.0,1,0.0,0.0
2017,TRLH3/1002300076,oe:team:594b183f8fb081ef64820f31ab8d641,oe:team:3354e252e33ed55fd8fa14595ca1564,1,0.1627579250337442,-2.0268619943350394,1.0,3.0,2,0.0,0.0
2017,TRLH3/1002300078,oe:team:594b183f8fb081ef64820f31ab8d641,oe:team:3354e252e33ed55fd8fa14595ca1564,0,0.23621340409931055,-1.6051978583583146,0.0,1.0,0,0.0,0.0
2017,TRLH3/1002300078,oe:team:3354e252e33ed55fd8fa14595ca1564,oe:team:594b183f8fb081ef64820f31ab8d641,1,0.7637865959006894,1.6051978583583146,-1.0,-1.0,1,0.0,0.0
2017,TRLH3/1002300079,oe:team:3354e252e33ed55fd8fa14595ca1564,oe:team:594b183f8fb081ef64820f31ab8d641,1,0.8372420749662558,2.0268619943350394,-2.0,-2.0,1,0.0,0.0
2017,TRLH3/1002300079,oe:team:594b183f8fb081ef64820f31ab8d641,oe:team:3354e252e33ed55fd8fa14595ca1564,0,0.1627579250337442,-2.0268619943350394,0.0,2.0,0,0.0,0.0
2017,TRLH3/1002300088,oe:team:78f183fa5a7d8ecb22b9ad272c3abd7,oe:team:73f3126d91d35faa5d5ce34abadb865,0,0.44672482380049344,-0.3654355680821577,-2.0,-2.0,0,0.0,0.0
2017,TRLH3/1002300088,oe:team:73f3126d91d35faa5d5ce34abadb865,oe:team:78f183fa5a7d8ecb22b9ad272c3abd7,1,0.5532751761995065,0.3654355680821577,0.0,2.0,1,0.0,0.0
2017,TRLH3/1002300094,oe:team:78f183fa5a7d8ecb22b9ad272c3abd7,oe:team:73f3126d91d35faa5d5ce34abadb865,0,0.44672482380049344,-0.3654355680821577,0.0,2.0,0,0.0,0.0
2017,TRLH3/1002300094,oe:team:73f3126d91d35faa5d5ce34abadb865,oe:team:78f183fa5a7d8ecb22b9ad272c3abd7,1,0.5532751761995065,0.3654355680821577,-2.0,-2.0,0,0.0,0.0
2017,TRLH3/1002300096,oe:team:78f183fa5a7d8ecb22b9ad272c3abd7,oe:team:73f3126d91d35faa5d5ce34abadb865,1,0.44672482380049344,-0.3654355680821577,-2.0,-1.0,0,0.0,0.0
2017,TRLH3/1002300096,oe:team:73f3126d91d35faa5d5ce34abadb865,oe:team:78f183fa5a7d8ecb22b9ad272c3abd7,0,0.5532751761995065,0.3654355680821577,-1.0,1.0,0,0.0,0.0
2017,TRLH3/1002300097,oe:team:78f183fa5a7d8ecb22b9ad272c3abd7,oe:team:73f3126d91d35faa5d5ce34abadb865,0,0.44672482380049344,-0.3654355680821577,-1.0,0.0,0,0.0,0.0
2017,TRLH3/1002300097,oe:team:73f3126d91d35faa5d5ce34abadb865,oe:team:78f183fa5a7d8ecb22b9ad272c3abd7,1,0.5532751761995065,0.3654355680821577,-1.0,0.0,0,0.0,0.0
2017,TRLH3/1002300111,oe:team:62c1cd9465dc63824593ee5046f5aa8,oe:team:fc8e90107dabb9a35c490b0d86adea0,1,0.5875949003792469,0.3682936452710228,-2.0,-1.0,0,0.0,0.0
2017,TRLH3/1002300111,oe:team:fc8e90107dabb9a35c490b0d86adea0,oe:team:62c1cd9465dc63824593ee5046f5aa8,0,0.4124050996207531,-0.3682936452710228,-1.0,1.0,0,0.0,0.0
2017,TRLH3/1002300123,oe:team:fc8e90107dabb9a35c490b0d86adea0,oe:team:62c1cd9465dc63824593ee5046f5aa8,1,0.5275383163692664,0.05337049070570199,-2.0,-2.0,0,0.0,0.0
2017,TRLH3/1002300123,oe:team:62c1cd9465dc63824593ee5046f5aa8,oe:team:fc8e90107dabb9a35c490b0d86adea0,0,0.4724616836307336,-0.05337049070570199,0.0,2.0,0,0.0,0.0
2017,TRLH3/1002300125,oe:team:62c1cd9465dc63824593ee5046f5aa8,oe:team:fc8e90107dabb9a35c490b0d86adea0,0,0.5875949003792469,0.3682936452710228,0.0,2.0,0,0.0,0.0
2017,TRLH3/1002300125,oe:team:fc8e90107dabb9a35c490b0d86adea0,oe:team:62c1cd9465dc63824593ee5046f5aa8,1,0.4124050996207531,-0.3682936452710228,-2.0,-2.0,0,0.0,0.0
2017,TRLH3/1002300127,oe:team:fc8e90107dabb9a35c490b0d86adea0,oe:team:62c1cd9465dc63824593ee5046f5aa8,0,0.5275383163692664,0.05337049070570199,0.0,3.0,0,0.0,0.0
2017,TRLH3/1002300127,oe:team:62c1cd9465dc63824593ee5046f5aa8,oe:team:fc8e90107dabb9a35c490b0d86adea0,1,0.4724616836307336,-0.05337049070570199,-3.0,-3.0,0,0.0,0.0
2017,TRLH3/1002300130,oe:team:62c1cd9465dc63824593ee5046f5aa8,oe:team:fc8e90107dabb9a35c490b0d86adea0,1,0.5875949003792469,0.3682936452710228,-3.0,-3.0,0,0.0,0.0
2017,TRLH3/1002300130,oe:team:fc8e90107dabb9a35c490b0d86adea0,oe:team:62c1cd9465dc63824593ee5046f5aa8,0,0.4124050996207531,-0.3682936452710228,0.0,3.0,0,0.0,0.0
2017,TRLH1/1002410083,oe:team:73f3126d91d35faa5d5ce34abadb865,oe:team:3354e252e33ed55fd8fa14595ca1564,1,0.3875950455323952,-0.680039845682531,0.0,3.0,0,0.0,0.0
2017,TRLH1/1002410083,oe:team:3354e252e33ed55fd8fa14595ca1564,oe:team:73f3126d91d35faa5d5ce34abadb865,0,0.6124049544676048,0.680039845682531,-3.0,-3.0,0,0.0,0.0
2017,TRLH1/1002410086,oe:team:3354e252e33ed55fd8fa14595ca1564,oe:team:73f3126d91d35faa5d5ce34abadb865,1,0.7153943016616274,1.1017039816592558,-2.0,1.0,1,0.0,0.0
2017,TRLH1/1002410086,oe:team:73f3126d91d35faa5d5ce34abadb865,oe:team:3354e252e33ed55fd8fa14595ca1564,0,0.28460569833837257,-1.1017039816592558,-3.0,-1.0,0,0.0,0.0
2017,TRLH1/1002410088,oe:team:73f3126d91d35faa5d5ce34abadb865,oe:team:3354e252e33ed55fd8fa14595ca1564,1,0.3875950455323952,-0.680039845682531,1.0,4.0,1,0.0,0.0
2017,TRLH1/1002410088,oe:team:3354e252e33ed55fd8fa14595ca1564,oe:team:73f3126d91d35faa5d5ce34abadb865,0,0.6124049544676048,0.680039845682531,-3.0,-4.0,0,0.0,0.0
2017,TRLH1/1002410090,oe:team:3354e252e33ed55fd8fa14595ca1564,oe:team:73f3126d91d35faa5d5ce34abadb865,1,0.7153943016616274,1.1017039816592558,-5.0,-5.0,0,0.0,0.0
2017,TRLH1/1002410090,oe:team:73f3126d91d35faa5d5ce34abadb865,oe:team:3354e252e33ed55fd8fa14595ca1564,0,0.28460569833837257,-1.1017039816592558,0.0,5.0,1,0.0,0.0
2017,TRLH1/1002410092,oe:team:73f3126d91d35faa5d5ce34abadb865,oe:team:3354e252e33ed55fd8fa14595ca1564,0,0.3875950455323952,-0.680039845682531,0.0,6.0,1,0.0,0.0
2017,TRLH1/1002410092,oe:team:3354e252e33ed55fd8fa14595ca1564,oe:team:73f3126d91d35faa5d5ce34abadb865,1,0.6124049544676048,0.680039845682531,-6.0,-6.0,0,0.0,0.0
2017,TRLH1/1002410104,oe:team:62c1cd9465dc63824593ee5046f5aa8,oe:team:3b84bb916852d07609c83d1ce91c1a9,1,0.40143300924878045,-0.6051935839428024,-4.0,-1.0,0,0.0,0.0
2017,TRLH1/1002410104,oe:team:3b84bb916852d07609c83d1ce91c1a9,oe:team:62c1cd9465dc63824593ee5046f5aa8,0,0.5985669907512196,0.6051935839428024,-3.0,1.0,0,0.0,0.0
2017,TRLH1/1002410111,oe:team:3b84bb916852d07609c83d1ce91c1a9,oe:team:62c1cd9465dc63824593ee5046f5aa8,1,0.7034527778861427,1.0268577199195272,-3.0,-2.0,0,0.0,0.0
2017,TRLH1/1002410111,oe:team:62c1cd9465dc63824593ee5046f5aa8,oe:team:3b84bb916852d07609c83d1ce91c1a9,0,0.2965472221138573,-1.0268577199195272,-1.0,2.0,0,0.0,0.0
2017,TRLH1/1002410112,oe:team:62c1cd9465dc63824593ee5046f5aa8,oe:team:3b84bb916852d07609c83d1ce91c1a9,0,0.40143300924878045,-0.6051935839428024,-2.0,1.0,0,0.0,0.0
2017,TRLH1/1002410112,oe:team:3b84bb916852d07609c83d1ce91c1a9,oe:team:62c1cd9465dc63824593ee5046f5aa8,1,0.5985669907512196,0.6051935839428024,-3.0,-1.0,0,0.0,0.0
2017,TRLH1/1002410113,oe:team:3b84bb916852d07609c83d1ce91c1a9,oe:team:62c1cd9465dc63824593ee5046f5aa8,1,0.7034527778861427,1.0268577199195272,-4.0,-3.0,1,0.0,0.0
2017,TRLH1/1002410113,oe:team:62c1cd9465dc63824593ee5046f5aa8,oe:team:3b84bb916852d07609c83d1ce91c1a9,0,0.2965472221138573,-1.0268577199195272,-1.0,3.0,0,0.0,0.0
2017,TRLH3/1002320090,oe:team:3b84bb916852d07609c83d1ce91c1a9,oe:team:3354e252e33ed55fd8fa14595ca1564,1,0.5315802145283827,0.07433083069660329,0.0,5.0,0,0.0,0.0
2017,TRLH3/1002320090,oe:team:3354e252e33ed55fd8fa14595ca1564,oe:team:3b84bb916852d07609c83d1ce91c1a9,0,0.46841978547161733,-0.07433083069660329,-5.0,-5.0,0,0.0,0.0
2017,TRLH3/1002320097,oe:team:3b84bb916852d07609c83d1ce91c1a9,oe:team:3354e252e33ed55fd8fa14595ca1564,1,0.5315802145283827,0.07433083069660329,-2.0,-1.0,0,0.0,0.0
2017,TRLH3/1002320097,oe:team:3354e252e33ed55fd8fa14595ca1564,oe:team:3b84bb916852d07609c83d1ce91c1a9,0,0.46841978547161733,-0.07433083069660329,-1.0,1.0,1,0.0,0.0
2017,TRLH3/1002320098,oe:team:3b84bb916852d07609c83d1ce91c1a9,oe:team:3354e252e33ed55fd8fa14595ca1564,1,0.5315802145283827,0.07433083069660329,0.0,1.0,0,0.0,0.0
2017,TRLH3/1002320098,oe:team:3354e252e33ed55fd8fa14595ca1564,oe:team:3b84bb916852d07609c83d1ce91c1a9,0,0.46841978547161733,-0.07433083069660329,-1.0,-1.0,1,0.0,0.0
2018,TRLH2/2002860105,oe:team:fc8e90107dabb9a35c490b0d86adea0,oe:team:86e551648da70c86cb473ce5d5f26f7,1,0.744743544058207,1.2942518732744839,-1.0,-5.0,1,0.0,0.0
2018,TRLH2/2002860105,oe:team:86e551648da70c86cb473ce5d5f26f7,oe:team:fc8e90107dabb9a35c490b0d86adea0,0,0.255256455941793,-1.2942518732744839,4.0,5.0,3,0.0,0.0
2018,TRLH2/2002860107,oe:team:418bd4b8f699d70c4509d7f9c768a3a,oe:team:0b63f14fd7de22a26869bb1c76f87fc,0,0.45149234404636984,-0.3405407653655863,2.0,2.0,1,0.0,0.22222222222222224
2018,TRLH2/2002860107,oe:team:0b63f14fd7de22a26869bb1c76f87fc,oe:team:418bd4b8f699d70c4509d7f9c768a3a,1,0.5485076559536302,0.3405407653655863,0.0,-2.0,0,0.22222222222222224,0.0
2018,TRLH2/2002860109,oe:team:e435aa3ecb82a89e60544f5f5857a81,oe:team:86e551648da70c86cb473ce5d5f26f7,1,0.33276961338708916,-0.9878388506170981,-3.0,-5.0,0,0.0,0.0
2018,TRLH2/2002860109,oe:team:86e551648da70c86cb473ce5d5f26f7,oe:team:e435aa3ecb82a89e60544f5f5857a81,0,0.6672303866129108,0.9878388506170981,2.0,5.0,2,0.0,0.0
2018,TRLH2/2002860111,oe:team:0b63f14fd7de22a26869bb1c76f87fc,oe:team:c5b7f439779b465529ff283c53f41c0,1,0.8282111418482518,1.9430855454037723,0.0,2.0,0,0.4444444444444445,0.0
2018,TRLH2/2002860111,oe:team:c5b7f439779b465529ff283c53f41c0,oe:team:0b63f14fd7de22a26869bb1c76f87fc,0,0.17178885815174816,-1.9430855454037723,-2.0,-2.0,0,0.0,0.4444444444444445
2018,TRLH2/2002860113,oe:team:e435aa3ecb82a89e60544f5f5857a81,oe:team:fc8e90107dabb9a35c490b0d86adea0,0,0.17337358704760225,-2.1069102892060094,-3.0,-3.0,0,0.0,0.2666666666666667
2018,TRLH2/2002860113,oe:team:fc8e90107dabb9a35c490b0d86adea0,oe:team:e435aa3ecb82a89e60544f5f5857a81,1,0.8266264129523977,2.1069102892060094,0.0,3.0,1,0.2666666666666667,0.0
2018,TRLH2/2002860116,oe:team:418bd4b8f699d70c4509d7f9c768a3a,oe:team:c5b7f439779b465529ff283c53f41c0,1,0.7638324786320918,1.4273643453526135,1.0,5.0,1,0.1818181818181818,0.0
2018,TRLH2/2002860116,oe:team:c5b7f439779b465529ff283c53f41c0,oe:team:418bd4b8f699d70c4509d7f9c768a3a,0,0.2361675213679082,-1.4273643453526135,-4.0,-5.0,0,0.0,0.1818181818181818
2018,TRLH2/2002860144,oe:team:056c3140a119e44a03d462e2c832f27,oe:team:7e3dd5ff49e1a44784d225d2de40260,1,0.9251081343103574,3.158590141893555,-3.0,-2.0,0,0.08,0.0
2018,TRLH2/2002860144,oe:team:7e3dd5ff49e1a44784d225d2de40260,oe:team:056c3140a119e44a03d462e2c832f27,0,0.07489186568964257,-3.158590141893555,-1.0,2.0,0,0.0,0.08
2018,TRLH2/2002860146,oe:team:7d6673d3a9d00363c6bebc1a630da6e,oe:team:5203ff881d5c82c5f720eb3a2f3b44c,0,0.7188669819416724,1.1238204006048287,-2.0,1.0,0,0.0,0.4
2018,TRLH2/2002860146,oe:team:5203ff881d5c82c5f720eb3a2f3b44c,oe:team:7d6673d3a9d00363c6bebc1a630da6e,1,0.2811330180583276,-1.1238204006048287,-3.0,-1.0,0,0.4,0.0
2018,TRLH2/2002860160,oe:team:cd6e0eea04af23b9c0735dab41a9941,oe:team:7e3dd5ff49e1a44784d225d2de40260,1,0.6032741244827959,0.45238944382098456,0.0,5.0,0,0.0,0.33333333333333337
2018,TRLH2/2002860160,oe:team:7e3dd5ff49e1a44784d225d2de40260,oe:team:cd6e0eea04af23b9c0735dab41a9941,0,0.39672587551720406,-0.45238944382098456,-5.0,-5.0,0,0.33333333333333337,0.0
2018,TRLH2/2002860167,oe:team:6db10eb2b230fe5af5947ce5d46bc9a,oe:team:5203ff881d5c82c5f720eb3a2f3b44c,0,0.22007454295579368,-1.7236385958464107,-1.0,-2.0,0,0.11538461538461538,0.4
2018,TRLH2/2002860167,oe:team:5203ff881d5c82c5f720eb3a2f3b44c,oe:team:6db10eb2b230fe5af5947ce5d46bc9a,1,0.7799254570442063,1.7236385958464107,1.0,2.0,2,0.4,0.11538461538461538
2018,TRLH2/2002860177,oe:team:cd6e0eea04af23b9c0735dab41a9941,oe:team:056c3140a119e44a03d462e2c832f27,0,0.1312231303446919,-2.5310202633869974,-2.0,-1.0,1,0.26666666666666666,0.24000000000000002
2018,TRLH2/2002860177,oe:team:056c3140a119e44a03d462e2c832f27,oe:team:cd6e0eea04af23b9c0735dab41a9941,1,0.8687768696553081,2.5310202633869974,-1.0,1.0,1,0.24000000000000002,0.26666666666666666
2018,TRLH2/2002860183,oe:team:6db10eb2b230fe5af5947ce5d46bc9a,oe:team:7d6673d3a9d00363c6bebc1a630da6e,0,0.11925244694715835,-2.6722785617656664,-3.0,0.0,0,0.11538461538461538,0.4827586206896552
2018,TRLH2/2002860183,oe:team:7d6673d3a9d00363c6bebc1a630da6e,oe:team:6db10eb2b230fe5af5947ce5d46bc9a,1,0.8807475530528417,2.6722785617656664,-3.0,0.0,0,0.4827586206896552,0.11538461538461538
2018,TRLH2/2002860195,oe:team:0b63f14fd7de22a26869bb1c76f87fc,oe:team:418bd4b8f699d70c4509d7f9c768a3a,1,0.6465130705240376,0.6909016347367317,0.0,1.0,0,0.22222222222222224,0.0
2018,TRLH2/2002860195,oe:team:418bd4b8f699d70c4509d7f9c768a3a,oe:team:0b63f14fd7de22a26869bb1c76f87fc,0,0.3534869294759624,-0.6909016347367317,-1.0,-1.0,0,0.0,0.22222222222222224
2018,TRLH2/2002860203,oe:team:86e551648da70c86cb473ce5d5f26f7,oe:team:e435aa3ecb82a89e60544f5f5857a81,1,0.7511563587464692,1.3381997199882432,-2.0,-4.0,0,0.0,0.0
2018,TRLH2/2002860203,oe:team:e435aa3ecb82a89e60544f5f5857a81,oe:team:86e551648da70c86cb473ce5d5f26f7,0,0.24884364125353076,-1.3381997199882432,2.0,4.0,1,0.0,0.0
2018,TRLH2/2002860209,oe:team:c5b7f439779b465529ff283c53f41c0,oe:team:418bd4b8f699d70c4509d7f9c768a3a,0,0.3176260610242974,-1.077003475981468,0.0,0.0,1,0.0,0.1818181818181818
2018,TRLH2/2002860209,oe:team:418bd4b8f699d70c4509d7f9c768a3a,oe:team:c5b7f439779b465529ff283c53f41c0,1,0.6823739389757026,1.077003475981468,0.0,0.0,0,0.1818181818181818,0.0
2018,TRLH2/2002860215,oe:team:86e551648da70c86cb473ce5d5f26f7,oe:team:fc8e90107dabb9a35c490b0d86adea0,0,0.3403652224199065,-0.9438910039033385,-3.0,-4.0,0,0.0,0.2666666666666667
2018,TRLH2/2002860215,oe:team:fc8e90107dabb9a35c490b0d86adea0,oe:team:86e551648da70c86cb473ce5d5f26f7,1,0.6596347775800935,0.9438910039033385,1.0,4.0,1,0.2666666666666667,0.0
2018,TRLH2/2002860220,oe:team:c5b7f439779b465529ff283c53f41c0,oe:team:0b63f14fd7de22a26869bb1c76f87fc,0,0.23795974049054713,-1.592724676032627,1.0,4.0,1,0.06666666666666665,0.22222222222222224
2018,TRLH2/2002860220,oe:team:0b63f14fd7de22a26869bb1c76f87fc,oe:team:c5b7f439779b465529ff283c53f41c0,1,0.7620402595094529,1.592724676032627,-3.0,-4.0,0,0.22222222222222224,0.06666666666666665
2018,TRLH2/2002860226,oe:team:fc8e90107dabb9a35c490b0d86adea0,oe:team:e435aa3ecb82a89e60544f5f5857a81,1,0.8777193636497141,2.4572711585771545,2.0,4.0,1,0.2666666666666667,0.0
2018,TRLH2/2002860226,oe:team:e435aa3ecb82a89e60544f5f5857a81,oe:team:fc8e90107dabb9a35c490b0d86adea0,0,0.12228063635028585,-2.4572711585771545,-2.0,-4.0,0,0.0,0.2666666666666667
2018,TRLH2/2002860234,oe:team:e435aa3ecb82a89e60544f5f5857a81,oe:team:86e551648da70c86cb473ce5d5f26f7,1,0.33276961338708916,-0.9878388506170981,-1.0,0.0,0,0.0,0.0
2018,TRLH2/2002860234,oe:team:86e551648da70c86cb473ce5d5f26f7,oe:team:e435aa3ecb82a89e60544f5f5857a81,0,0.6672303866129108,0.9878388506170981,-1.0,0.0,0,0.0,0.0
2018,TRLH2/2002860243,oe:team:5203ff881d5c82c5f720eb3a2f3b44c,oe:team:7d6673d3a9d00363c6bebc1a630da6e,0,0.37057652297547805,-0.7734595312336832,0.0,0.0,1,0.025,0.0
2018,TRLH2/2002860243,oe:team:7d6673d3a9d00363c6bebc1a630da6e,oe:team:5203ff881d5c82c5f720eb3a2f3b44c,1,0.629423477024522,0.7734595312336832,0.0,0.0,0,0.0,0.025
2018,TRLH2/2002860252,oe:team:7e3dd5ff49e1a44784d225d2de40260,oe:team:056c3140a119e44a03d462e2c832f27,1,0.10863491187366339,-2.8082292725224094,1.0,-1.0,1,0.33333333333333337,0.0
2018,TRLH2/2002860252,oe:team:056c3140a119e44a03d462e2c832f27,oe:team:7e3dd5ff49e1a44784d225d2de40260,0,0.8913650881263366,2.8082292725224094,2.0,1.0,1,0.0,0.33333333333333337
2018,TRLH2/2002860259,oe:team:5203ff881d5c82c5f720eb3a2f3b44c,oe:team:6db10eb2b230fe5af5947ce5d46bc9a,1,0.8421530813358593,2.0739994652175557,3.0,3.0,2,0.4,0.11538461538461538
2018,TRLH2/2002860259,oe:team:6db10eb2b230fe5af5947ce5d46bc9a,oe:team:5203ff881d5c82c5f720eb3a2f3b44c,0,0.1578469186641407,-2.0739994652175557,0.0,-3.0,0,0.11538461538461538,0.4
2018,TRLH2/2002860267,oe:team:7e3dd5ff49e1a44784d225d2de40260,oe:team:cd6e0eea04af23b9c0735dab41a9941,1,0.497494506340549,-0.10202857444983926,-2.0,-1.0,0,0.05555555555555556,0.0
2018,TRLH2/2002860267,oe:team:cd6e0eea04af23b9c0735dab41a9941,oe:team:7e3dd5ff49e1a44784d225d2de40260,0,0.5025054936594511,0.10202857444983926,-1.0,1.0,1,0.0,0.05555555555555556
2018,TRLH2/2002860275,oe:team:7d6673d3a9d00363c6bebc1a630da6e,oe:team:6db10eb2b230fe5af5947ce5d46bc9a,1,0.9174832085928328,3.022639431136812,-1.0,-6.0,0,0.0,0.15384615384615385
2018,TRLH2/2002860275,oe:team:6db10eb2b230fe5af5947ce5d46bc9a,oe:team:7d6673d3a9d00363c6bebc1a630da6e,0,0.08251679140716717,-3.022639431136812,5.0,6.0,3,0.15384615384615385,0.0
2018,TRLH2/2002860283,oe:team:056c3140a119e44a03d462e2c832f27,oe:team:cd6e0eea04af23b9c0735dab41a9941,1,0.9088183235958817,2.881381132758143,-3.0,-3.0,0,0.08,0.0
2018,TRLH2/2002860283,oe:team:cd6e0eea04af23b9c0735dab41a9941,oe:team:056c3140a119e44a03d462e2c832f27,0,0.09118167640411834,-2.881381132758143,0.0,3.0,1,0.0,0.08
2018,TRLH2/2002860290,oe:team:7d6673d3a9d00363c6bebc1a630da6e,oe:team:5203ff881d5c82c5f720eb3a2f3b44c,1,0.7188669819416724,1.1238204006048287,-2.0,-3.0,0,0.0,0.0
2018,TRLH2/2002860290,oe:team:5203ff881d5c82c5f720eb3a2f3b44c,oe:team:7d6673d3a9d00363c6bebc1a630da6e,0,0.2811330180583276,-1.1238204006048287,1.0,3.0,1,0.0,0.0
2018,TRLH2/2002860309,oe:team:fc8e90107dabb9a35c490b0d86adea0,oe:team:418bd4b8f699d70c4509d7f9c768a3a,1,0.6315750895106974,0.6072289479085952,-4.0,-5.0,0,0.2666666666666667,0.0
2018,TRLH2/2002860309,oe:team:418bd4b8f699d70c4509d7f9c768a3a,oe:team:fc8e90107dabb9a35c490b0d86adea0,0,0.3684249104893026,-0.6072289479085952,1.0,5.0,1,0.0,0.2666666666666667
2018,TRLH2/2002860318,oe:team:418bd4b8f699d70c4509d7f9c768a3a,oe:team:fc8e90107dabb9a35c490b0d86adea0,1,0.46757660359964714,-0.25686807853744975,-3.0,-1.0,0,0.0,0.2666666666666667
2018,TRLH2/2002860318,oe:team:fc8e90107dabb9a35c490b0d86adea0,oe:team:418bd4b8f699d70c4509d7f9c768a3a,0,0.5324233964003529,0.25686807853744975,-2.0,1.0,1,0.2666666666666667,0.0
2018,TRLH2/2002860319,oe:team:fc8e90107dabb9a35c490b0d86adea0,oe:team:418bd4b8f699d70c4509d7f9c768a3a,1,0.6315750895106974,0.6072289479085952,0.0,-1.0,1,0.4,0.0
2018,TRLH2/2002860319,oe:team:418bd4b8f699d70c4509d7f9c768a3a,oe:team:fc8e90107dabb9a35c490b0d86adea0,0,0.3684249104893026,-0.6072289479085952,1.0,1.0,1,0.0,0.4
2018,TRLH2/2002860320,oe:team:418bd4b8f699d70c4509d7f9c768a3a,oe:team:fc8e90107dabb9a35c490b0d86adea0,1,0.46757660359964714,-0.25686807853744975,-1.0,-6.0,0,0.0,0.2666666666666667
2018,TRLH2/2002860320,oe:team:fc8e90107dabb9a35c490b0d86adea0,oe:team:418bd4b8f699d70c4509d7f9c768a3a,0,0.5324233964003529,0.25686807853744975,5.0,6.0,3,0.2666666666666667,0.0
2018,TRLH2/2002860322,oe:team:fc8e90107dabb9a35c490b0d86adea0,oe:team:418bd4b8f699d70c4509d7f9c768a3a,1,0.6315750895106974,0.6072289479085952,-3.0,-4.0,0,0.2666666666666667,0.0
2018,TRLH2/2002860322,oe:team:418bd4b8f699d70c4509d7f9c768a3a,oe:team:fc8e90107dabb9a35c490b0d86adea0,0,0.3684249104893026,-0.6072289479085952,1.0,4.0,1,0.0,0.2666666666666667
2018,TRLH2/2002860324,oe:team:e435aa3ecb82a89e60544f5f5857a81,oe:team:056c3140a119e44a03d462e2c832f27,0,0.06719668465590861,-3.487523954181564,0.0,0.0,1,0.2222222222222222,0.0
2018,TRLH2/2002860324,oe:team:056c3140a119e44a03d462e2c832f27,oe:team:e435aa3ecb82a89e60544f5f5857a81,1,0.9328033153440913,3.487523954181564,0.0,0.0,1,0.0,0.2222222222222222
2018,TRLH2/2002860330,oe:team:056c3140a119e44a03d462e2c832f27,oe:team:e435aa3ecb82a89e60544f5f5857a81,1,0.954334647873128,3.837884823552709,-2.0,-2.0,0,0.28,0.2222222222222222
2018,TRLH2/2002860330,oe:team:e435aa3ecb82a89e60544f5f5857a81,oe:team:056c3140a119e44a03d462e2c832f27,0,0.04566535212687195,-3.837884823552709,0.0,2.0,0,0.2222222222222222,0.28
2018,TRLH2/2002860331,oe:team:e435aa3ecb82a89e60544f5f5857a81,oe:team:056c3140a119e44a03d462e2c832f27,0,0.06719668465590861,-3.487523954181564,0.0,0.0,0,0.25925925925925924,0.0
2018,TRLH2/2002860331,oe:team:056c3140a119e44a03d462e2c832f27,oe:team:e435aa3ecb82a89e60544f5f5857a81,1,0.9328033153440913,3.487523954181564,0.0,0.0,0,0.0,0.25925925925925924
2018,TRLH2/2002860339,oe:team:7d6673d3a9d00363c6bebc1a630da6e,oe:team:7e3dd5ff49e1a44784d225d2de40260,0,0.8445325182465045,2.097267345416104,-1.0,-1.0,1,0.0,0.22222222222222224
2018,TRLH2/2002860339,oe:team:7e3dd5ff49e1a44784d225d2de40260,oe:team:7d6673d3a9d00363c6bebc1a630da6e,1,0.15546748175349545,-2.097267345416104,0.0,1.0,0,0.22222222222222224,0.0
2018,TRLH2/2002860351,oe:team:7e3dd5ff49e1a44784d225d2de40260,oe:team:7d6673d3a9d00363c6bebc1a630da6e,0,0.21699877221715083,-1.746906476044959,2.0,3.0,2,0.0,0.0
2018,TRLH2/2002860351,oe:team:7d6673d3a9d00363c6bebc1a630da6e,oe:team:7e3dd5ff49e1a44784d225d2de40260,1,0.7830012277828492,1.746906476044959,-1.0,-3.0,0,0.0,0.0
2018,TRLH2/2002860352,oe:team:7d6673d3a9d00363c6bebc1a630da6e,oe:team:7e3dd5ff49e1a44784d225d2de40260,1,0.8445325182465045,2.097267345416104,0.0,-2.0,1,0.0,0.0
2018,TRLH2/2002860352,oe:team:7e3dd5ff49e1a44784d225d2de40260,oe:team:7d6673d3a9d00363c6bebc1a630da6e,0,0.15546748175349545,-2.097267345416104,2.0,2.0,1,0.0,0.0
2018,TRLH2/2002860354,oe:team:7e3dd5ff49e1a44784d225d2de40260,oe:team:7d6673d3a9d00363c6bebc1a630da6e,0,0.21699877221715083,-1.746906476044959,0.0,2.0,1,0.0,0.4827586206896552
2018,TRLH2/2002860354,oe:team:7d6673d3a9d00363c6bebc1a630da6e,oe:team:7e3dd5ff49e1a44784d225d2de40260,1,0.7830012277828492,1.746906476044959,-2.0,-2.0,0,0.4827586206896552,0.0
2018,TRLH2/2002860356,oe:team:0b63f14fd7de22a26869bb1c76f87fc,oe:team:5203ff881d5c82c5f720eb3a2f3b44c,0,0.6805863543532942,0.888202218934861,0.0,1.0,0,0.22222222222222224,0.0
2018,TRLH2/2002860356,oe:team:5203ff881d5c82c5f720eb3a2f3b44c,oe:team:0b63f14fd7de22a26869bb1c76f87fc,1,0.3194136456467058,-0.888202218934861,-1.0,-1.0,0,0.0,0.22222222222222224
2018,TRLH2/2002860363,oe:team:5203ff881d5c82c5f720eb3a2f3b44c,oe:team:0b63f14fd7de22a26869bb1c76f87fc,0,0.4140218696272288,-0.5378413495637155,0.0,-1.0,0,0.0,0.0
2018,TRLH2/2002860363,oe:team:0b63f14fd7de22a26869bb1c76f87fc,oe:team:5203ff881d5c82c5f720eb3a2f3b44c,1,0.5859781303727711,0.5378413495637155,1.0,1.0,1,0.0,0.0
2018,TRLH2/2002860365,oe:team:0b63f14fd7de22a26869bb1c76f87fc,oe:team:5203ff881d5c82c5f720eb3a2f3b44c,1,0.6805863543532942,0.888202218934861,-1.0,0.0,0,0.22222222222222224,0.0
2018,TRLH2/2002860365,oe:team:5203ff881d5c82c5f720eb3a2f3b44c,oe:team:0b63f14fd7de22a26869bb1c76f87fc,0,0.3194136456467058,-0.888202218934861,-1.0,0.0,1,0.0,0.22222222222222224
2018,TRLH2/2002860367,oe:team:5203ff881d5c82c5f720eb3a2f3b44c,oe:team:0b63f14fd7de22a26869bb1c76f87fc,0,0.4140218696272288,-0.5378413495637155,1.0,3.0,1,0.0,0.22222222222222224
2018,TRLH2/2002860367,oe:team:0b63f14fd7de22a26869bb1c76f87fc,oe:team:5203ff881d5c82c5f720eb3a2f3b44c,1,0.5859781303727711,0.5378413495637155,-2.0,-3.0,0,0.22222222222222224,0.0
2018,TRLH4/1002490120,oe:team:d723992568441c6bafa2658129eade7,oe:team:8eb884e168f28402ce685bedebb5250,1,0.7635881972199338,1.4256155173374612,2.0,5.0,1,0.08333333333333333,0.0
2018,TRLH4/1002490120,oe:team:8eb884e168f28402ce685bedebb5250,oe:team:d723992568441c6bafa2658129eade7,0,0.23641180278006624,-1.4256155173374612,-3.0,-5.0,0,0.0,0.08333333333333333
2018,TRLH4/1002490133,oe:team:056c3140a119e44a03d462e2c832f27,oe:team:d17e6a2f130f0cf8dd071ce88d5b870,1,0.7887019477777867,1.61250918726004,0.0,0.0,0,0.0,0.6956521739130436
2018,TRLH4/1002490133,oe:team:d17e6a2f130f0cf8dd071ce88d5b870,oe:team:056c3140a119e44a03d462e2c832f27,0,0.21129805222221332,-1.61250918726004,0.0,0.0,0,0.6956521739130436,0.0
2018,TRLH4/1002490142,oe:team:b24f151e143d152c7cf8be9f13ec015,oe:team:7cd8dc1c987b84b99e3d246d1943c92,0,0.34397522171057887,-0.9231712573279238,-2.0,-3.0,0,0.0,0.0
2018,TRLH4/1002490142,oe:team:7cd8dc1c987b84b99e3d246d1943c92,oe:team:b24f151e143d152c7cf8be9f13ec015,1,0.6560247782894211,0.9231712573279238,1.0,3.0,1,0.0,0.0
2018,TRLH4/1002490152,oe:team:b3c72a20aa56f5d28022ac04a7dc294,oe:team:7d6673d3a9d00363c6bebc1a630da6e,0,0.7287019258516354,1.1873797757122906,-3.0,-3.0,1,0.0,0.06896551724137931
2018,TRLH4/1002490152,oe:team:7d6673d3a9d00363c6bebc1a630da6e,oe:team:b3c72a20aa56f5d28022ac04a7dc294,1,0.2712980741483646,-1.1873797757122906,0.0,3.0,0,0.06896551724137931,0.0
2018,TRLH4/1002490164,oe:team:73f3126d91d35faa5d5ce34abadb865,oe:team:fc8e90107dabb9a35c490b0d86adea0,1,0.8172441852341761,1.8459150882778712,0.0,3.0,0,0.07142857142857142,0.2666666666666667
2018,TRLH4/1002490164,oe:team:fc8e90107dabb9a35c490b0d86adea0,oe:team:73f3126d91d35faa5d5ce34abadb865,0,0.18275581476582392,-1.8459150882778712,-3.0,-3.0,0,0.2666666666666667,0.07142857142857142
2018,TRLH4/1002490173,oe:team:50f58982d91a36557ec8aec52ab014f,oe:team:e8d8ae992fe72acb7adc7bfcee31dbb,0,0.7307269879397295,1.200644376184048,-2.0,-1.0,0,0.0,0.07407407407407407
2018,TRLH4/1002490173,oe:team:e8d8ae992fe72acb7adc7bfcee31dbb,oe:team:50f58982d91a36557ec8aec52ab014f,1,0.26927301206027054,-1.200644376184048,-1.0,1.0,0,0.07407407407407407,0.0
2018,TRLH4/1002490189,oe:team:7cd8dc1c987b84b99e3d246d1943c92,oe:team:b3c72a20aa56f5d28022ac04a7dc294,1,0.457586197633454,-0.3087871808812186,-1.0,1.0,0,0.7142857142857143,0.7894736842105263
2018,TRLH4/1002490189,oe:team:b3c72a20aa56f5d28022ac04a7dc294,oe:team:7cd8dc1c987b84b99e3d246d1943c92,0,0.542413802366546,0.3087871808812186,-2.0,-1.0,0,0.7894736842105263,0.7142857142857143
2018,TRLH4/1002490208,oe:team:b24f151e143d152c7cf8be9f13ec015,oe:team:7d6673d3a9d00363c6bebc1a630da6e,1,0.4410873482609209,-0.3949395318679969,0.0,1.0,0,0.0,0.0
2018,TRLH4/1002490208,oe:team:7d6673d3a9d00363c6bebc1a630da6e,oe:team:b24f151e143d152c7cf8be9f13ec015,0,0.5589126517390791,0.3949395318679969,-1.0,-1.0,1,0.0,0.0
2018,TRLH4/1002490218,oe:team:4bd1751425ef6a9bc9d4d8e9385b4a6,oe:team:78f183fa5a7d8ecb22b9ad272c3abd7,0,0.41723740572788187,-0.5207376341816772,-1.0,-2.0,0,0.2,0.5624999999999999
2018,TRLH4/1002490218,oe:team:78f183fa5a7d8ecb22b9ad272c3abd7,oe:team:4bd1751425ef6a9bc9d4d8e9385b4a6,1,0.5827625942721182,0.5207376341816772,1.0,2.0,1,0.5624999999999999,0.2
2018,TRLH4/1002490224,oe:team:53a258f289c26d94431c0496a54e151,oe:team:0b63f14fd7de22a26869bb1c76f87fc,1,0.8310226698943877,1.9687822015164131,-3.0,-1.0,1,0.25531914893617025,0.0
2018,TRLH4/1002490224,oe:team:0b63f14fd7de22a26869bb1c76f87fc,oe:team:53a258f289c26d94431c0496a54e151,0,0.16897733010561233,-1.9687822015164131,-2.0,1.0,0,0.0,0.25531914893617025
2018,TRLH4/1002490230,oe:team:e8d8ae992fe72acb7adc7bfcee31dbb,oe:team:fc8e90107dabb9a35c490b0d86adea0,0,0.6174709759574647,0.5295178754638601,4.0,5.0,2,0.07407407407407407,0.2666666666666667
2018,TRLH4/1002490230,oe:team:fc8e90107dabb9a35c490b0d86adea0,oe:team:e8d8ae992fe72acb7adc7bfcee31dbb,1,0.3825290240425353,-0.5295178754638601,-1.0,-5.0,0,0.2666666666666667,0.07407407407407407
2018,TRLH4/1002490237,oe:team:50f58982d91a36557ec8aec52ab014f,oe:team:73f3126d91d35faa5d5ce34abadb865,0,0.4948388466243533,-0.11575283662996316,-1.0,1.0,0,0.0,0.07142857142857142
2018,TRLH4/1002490237,oe:team:73f3126d91d35faa5d5ce34abadb865,oe:team:50f58982d91a36557ec8aec52ab014f,1,0.5051611533756467,0.11575283662996316,-2.0,-1.0,0,0.07142857142857142,0.0
2018,TRLH4/1002490250,oe:team:d17e6a2f130f0cf8dd071ce88d5b870,oe:team:d723992568441c6bafa2658129eade7,0,0.2668817914559789,-1.3945508773681095,1.0,1.0,1,0.0,0.0
2018,TRLH4/1002490250,oe:team:d723992568441c6bafa2658129eade7,oe:team:d17e6a2f130f0cf8dd071ce88d5b870,1,0.7331182085440211,1.3945508773681095,0.0,-1.0,2,0.0,0.0
2018,TRLH4/1002490264,oe:team:8eb884e168f28402ce685bedebb5250,oe:team:056c3140a119e44a03d462e2c832f27,0,0.3405457961653837,-0.942852088487101,-1.0,-2.0,0,0.0,0.24000000000000002
2018,TRLH4/1002490264,oe:team:056c3140a119e44a03d462e2c832f27,oe:team:8eb884e168f28402ce685bedebb5250,1,0.6594542038346163,0.942852088487101,1.0,2.0,1,0.24000000000000002,0.0
2018,TRLH4/1002490278,oe:team:78f183fa5a7d8ecb22b9ad272c3abd7,oe:team:53a258f289c26d94431c0496a54e151,0,0.3169475933252484,-1.081049877885126,0.0,1.0,0,0.5624999999999999,0.3404255319148936
2018,TRLH4/1002490278,oe:team:53a258f289c26d94431c0496a54e151,oe:team:78f183fa5a7d8ecb22b9ad272c3abd7,1,0.6830524066747516,1.081049877885126,-1.0,-1.0,0,0.3404255319148936,0.5624999999999999
2018,TRLH4/1002490286,oe:team:4bd1751425ef6a9bc9d4d8e9385b4a6,oe:team:0b63f14fd7de22a26869bb1c76f87fc,1,0.5204457845673052,0.01663382007846459,2.0,3.0,1,0.2,0.0
2018,TRLH4/1002490286,oe:team:0b63f14fd7de22a26869bb1c76f87fc,oe:team:4bd1751425ef6a9bc9d4d8e9385b4a6,0,0.47955421543269483,-0.01663382007846459,-1.0,-3.0,0,0.0,0.2
2018,TRLH4/1002490297,oe:team:73f3126d91d35faa5d5ce34abadb865,oe:team:e8d8ae992fe72acb7adc7bfcee31dbb,1,0.7726809215348874,1.4915776474995837,1.0,-2.0,1,0.04761904761904761,0.0
2018,TRLH4/1002490297,oe:team:e8d8ae992fe72acb7adc7bfcee31dbb,oe:team:73f3126d91d35faa5d5ce34abadb865,0,0.22731907846511257,-1.4915776474995837,3.0,2.0,2,0.0,0.04761904761904761
2018,TRLH4/1002490305,oe:team:fc8e90107dabb9a35c490b0d86adea0,oe:team:50f58982d91a36557ec8aec52ab014f,0,0.29661163084077413,-1.2046209475911902,2.0,5.0,1,0.0,0.0
2018,TRLH4/1002490305,oe:team:50f58982d91a36557ec8aec52ab014f,oe:team:fc8e90107dabb9a35c490b0d86adea0,1,0.7033883691592259,1.2046209475911902,-3.0,-5.0,1,0.0,0.0
2018,TRLH4/1002490323,oe:team:b3c72a20aa56f5d28022ac04a7dc294,oe:team:b24f151e143d152c7cf8be9f13ec015,1,0.8067998569832373,1.75749974226586,-2.0,-2.0,1,0.0,0.0
2018,TRLH4/1002490323,oe:team:b24f151e143d152c7cf8be9f13ec015,oe:team:b3c72a20aa56f5d28022ac04a7dc294,0,0.1932001430167627,-1.75749974226586,0.0,2.0,0,0.0,0.0
2018,TRLH4/1002490336,oe:team:7d6673d3a9d00363c6bebc1a630da6e,oe:team:7cd8dc1c987b84b99e3d246d1943c92,1,0.44909532632788834,-0.35305129077435415,-4.0,-3.0,0,0.5517241379310345,0.0
2018,TRLH4/1002490336,oe:team:7cd8dc1c987b84b99e3d246d1943c92,oe:team:7d6673d3a9d00363c6bebc1a630da6e,0,0.5509046736721117,0.35305129077435415,-1.0,3.0,0,0.0,0.5517241379310345
2018,TRLH4/1002490346,oe:team:53a258f289c26d94431c0496a54e151,oe:team:4bd1751425ef6a9bc9d4d8e9385b4a6,1,0.8475632593585812,2.127328816123521,1.0,4.0,1,0.0,0.2
2018,TRLH4/1002490346,oe:team:4bd1751425ef6a9bc9d4d8e9385b4a6,oe:team:53a258f289c26d94431c0496a54e151,0,0.15243674064141877,-2.127328816123521,-3.0,-4.0,1,0.2,0.0
2018,TRLH4/1002490356,oe:team:0b63f14fd7de22a26869bb1c76f87fc,oe:team:78f183fa5a7d8ecb22b9ad272c3abd7,0,0.44734564049339354,-0.362191019574569,1.0,4.0,1,0.22222222222222224,0.031249999999999997
2018,TRLH4/1002490356,oe:team:78f183fa5a7d8ecb22b9ad272c3abd7,oe:team:0b63f14fd7de22a26869bb1c76f87fc,1,0.5526543595066065,0.362191019574569,-3.0,-4.0,0,0.031249999999999997,0.22222222222222224
2018,TRLH4/1002490365,oe:team:8eb884e168f28402ce685bedebb5250,oe:team:d17e6a2f130f0cf8dd071ce88d5b870,1,0.6110442573932929,0.49447666408736635,0.0,2.0,0,0.0,0.1739130434782609
2018,TRLH4/1002490365,oe:team:d17e6a2f130f0cf8dd071ce88d5b870,oe:team:8eb884e168f28402ce685bedebb5250,0,0.38895574260670707,-0.49447666408736635,-2.0,-2.0,0,0.1739130434782609,0.0
2018,TRLH4/1002490373,oe:team:d723992568441c6bafa2658129eade7,oe:team:056c3140a119e44a03d462e2c832f27,1,0.5761622201738754,0.3075829941647874,0.0,2.0,0,0.0,0.28
2018,TRLH4/1002490373,oe:team:056c3140a119e44a03d462e2c832f27,oe:team:d723992568441c6bafa2658129eade7,0,0.4238377798261246,-0.3075829941647874,-2.0,-2.0,0,0.28,0.0
2018,TRLH4/1002490385,oe:team:e8d8ae992fe72acb7adc7bfcee31dbb,oe:team:73f3126d91d35faa5d5ce34abadb865,1,0.3069520935051124,-1.1412167781284386,0.0,1.0,1,0.0,0.40476190476190477
2018,TRLH4/1002490385,oe:team:73f3126d91d35faa5d5ce34abadb865,oe:team:e8d8ae992fe72acb7adc7bfcee31dbb,0,0.6930479064948876,1.1412167781284386,-1.0,-1.0,0,0.40476190476190477,0.0
2018,TRLH4/1002490401,oe:team:50f58982d91a36557ec8aec52ab014f,oe:team:fc8e90107dabb9a35c490b0d86adea0,0,0.7811857268143325,1.5549818169623355,-2.0,-2.0,0,0.0,0.0
2018,TRLH4/1002490401,oe:team:fc8e90107dabb9a35c490b0d86adea0,oe:team:50f58982d91a36557ec8aec52ab014f,1,0.21881427318566748,-1.5549818169623355,0.0,2.0,0,0.0,0.0
2018,TRLH4/1002490409,oe:team:e8d8ae992fe72acb7adc7bfcee31dbb,oe:team:50f58982d91a36557ec8aec52ab014f,1,0.35681612624235076,-0.8502835068129029,0.0,1.0,0,0.07407407407407407,0.0
2018,TRLH4/1002490409,oe:team:50f58982d91a36557ec8aec52ab014f,oe:team:e8d8ae992fe72acb7adc7bfcee31dbb,0,0.6431838737576492,0.8502835068129029,-1.0,-1.0,1,0.0,0.07407407407407407
2018,TRLH4/1002490417,oe:team:fc8e90107dabb9a35c490b0d86adea0,oe:team:73f3126d91d35faa5d5ce34abadb865,1,0.25186637228396536,-1.495554218906726,0.0,1.0,0,0.2666666666666667,0.07142857142857142
2018,TRLH4/1002490417,oe:team:73f3126d91d35faa5d5ce34abadb865,oe:team:fc8e90107dabb9a35c490b0d86adea0,0,0.7481336277160346,1.495554218906726,-1.0,-1.0,0,0.07142857142857142,0.2666666666666667
2018,TRLH4/1002490425,oe:team:fc8e90107dabb9a35c490b0d86adea0,oe:team:e8d8ae992fe72acb7adc7bfcee31dbb,1,0.4825761953098821,-0.1791570060927148,0.0,0.0,0,0.2666666666666667,0.07407407407407407
2018,TRLH4/1002490425,oe:team:e8d8ae992fe72acb7adc7bfcee31dbb,oe:team:fc8e90107dabb9a35c490b0d86adea0,0,0.5174238046901178,0.1791570060927148,0.0,0.0,1,0.07407407407407407,0.2666666666666667
2018,TRLH4/1002490432,oe:team:73f3126d91d35faa5d5ce34abadb865,oe:team:50f58982d91a36557ec8aec52ab014f,1,0.6058138331632359,0.46611370600110824,4.0,4.0,2,0.0,0.0
2018,TRLH4/1002490432,oe:team:50f58982d91a36557ec8aec52ab014f,oe:team:73f3126d91d35faa5d5ce34abadb865,0,0.3941861668367641,-0.46611370600110824,0.0,-4.0,2,0.0,0.0
2018,TRLH4/1002490438,oe:team:73f3126d91d35faa5d5ce34abadb865,oe:team:fc8e90107dabb9a35c490b0d86adea0,1,0.8172441852341761,1.8459150882778712,3.0,1.0,2,0.07142857142857142,0.0
2018,TRLH4/1002490438,oe:team:fc8e90107dabb9a35c490b0d86adea0,oe:team:73f3126d91d35faa5d5ce34abadb865,0,0.18275581476582392,-1.8459150882778712,2.0,-1.0,1,0.0,0.07142857142857142
2018,TRLH4/1002490445,oe:team:b3c72a20aa56f5d28022ac04a7dc294,oe:team:7cd8dc1c987b84b99e3d246d1943c92,1,0.6408759383316445,0.6591480502523637,-5.0,-4.0,0,0.0,0.7142857142857143
2018,TRLH4/1002490445,oe:team:7cd8dc1c987b84b99e3d246d1943c92,oe:team:b3c72a20aa56f5d28022ac04a7dc294,0,0.35912406166835553,-0.6591480502523637,-1.0,4.0,0,0.7142857142857143,0.0
2018,TRLH4/1002490458,oe:team:7d6673d3a9d00363c6bebc1a630da6e,oe:team:b24f151e143d152c7cf8be9f13ec015,1,0.656075645517188,0.7453004012391422,0.0,0.0,1,0.0,0.0
2018,TRLH4/1002490458,oe:team:b24f151e143d152c7cf8be9f13ec015,oe:team:7d6673d3a9d00363c6bebc1a630da6e,0,0.343924354482812,-0.7453004012391422,0.0,0.0,0,0.0,0.0
2018,TRLH4/1002490466,oe:team:7cd8dc1c987b84b99e3d246d1943c92,oe:team:7d6673d3a9d00363c6bebc1a630da6e,1,0.6487229930475007,0.7034121601454995,0.0,1.0,1,0.0,0.4827586206896552
2018,TRLH4/1002490466,oe:team:7d6673d3a9d00363c6bebc1a630da6e,oe:team:7cd8dc1c987b84b99e3d246d1943c92,0,0.3512770069524993,-0.7034121601454995,-1.0,-1.0,1,0.4827586206896552,0.0
2018,TRLH4/1002490473,oe:team:b24f151e143d152c7cf8be9f13ec015,oe:team:b3c72a20aa56f5d28022ac04a7dc294,0,0.26497970302742163,-1.407138872894715,1.0,-1.0,1,0.0,0.05263157894736842
2018,TRLH4/1002490473,oe:team:b3c72a20aa56f5d28022ac04a7dc294,oe:team:b24f151e143d152c7cf8be9f13ec015,1,0.7350202969725783,1.407138872894715,2.0,1.0,1,0.05263157894736842,0.0
2018,TRLH4/1002490482,oe:team:7cd8dc1c987b84b99e3d246d1943c92,oe:team:b24f151e143d152c7cf8be9f13ec015,0,0.741682732463095,1.273532126699069,-2.0,-3.0,0,0.0,0.0
2018,TRLH4/1002490482,oe:team:b24f151e143d152c7cf8be9f13ec015,oe:team:7cd8dc1c987b84b99e3d246d1943c92,1,0.258317267536905,-1.273532126699069,1.0,3.0,1,0.0,0.0
2018,TRLH4/1002490488,oe:team:7d6673d3a9d00363c6bebc1a630da6e,oe:team:b3c72a20aa56f5d28022ac04a7dc294,0,0.35917594623631216,-0.8370189063411453,0.0,3.0,1,0.0,0.05263157894736842
2018,TRLH4/1002490488,oe:team:b3c72a20aa56f5d28022ac04a7dc294,oe:team:7d6673d3a9d00363c6bebc1a630da6e,1,0.6408240537636878,0.8370189063411453,-3.0,-3.0,0,0.05263157894736842,0.0
2018,TRLH4/1002490497,oe:team:7cd8dc1c987b84b99e3d246d1943c92,oe:team:7d6673d3a9d00363c6bebc1a630da6e,0,0.6487229930475007,0.7034121601454995,-4.0,-7.0,0,0.0,0.0
2018,TRLH4/1002490497,oe:team:7d6673d3a9d00363c6bebc1a630da6e,oe:team:7cd8dc1c987b84b99e3d246d1943c92,1,0.3512770069524993,-0.7034121601454995,3.0,7.0,2,0.0,0.0
2018,TRLH4/1002490513,oe:team:8eb884e168f28402ce685bedebb5250,oe:team:d723992568441c6bafa2658129eade7,0,0.31791953039890847,-1.0752546479663159,2.0,3.0,1,0.0,0.08333333333333333
2018,TRLH4/1002490513,oe:team:d723992568441c6bafa2658129eade7,oe:team:8eb884e168f28402ce685bedebb5250,1,0.6820804696010916,1.0752546479663159,-1.0,-3.0,0,0.08333333333333333,0.0
2018,TRLH4/1002490525,oe:team:d17e6a2f130f0cf8dd071ce88d5b870,oe:team:056c3140a119e44a03d462e2c832f27,0,0.2874062628135921,-1.2621483178888946,2.0,3.0,1,0.1739130434782609,0.0
2018,TRLH4/1002490525,oe:team:056c3140a119e44a03d462e2c832f27,oe:team:d17e6a2f130f0cf8dd071ce88d5b870,1,0.712593737186408,1.2621483178888946,-1.0,-3.0,0,0.0,0.1739130434782609
2018,TRLH4/1002490532,oe:team:d17e6a2f130f0cf8dd071ce88d5b870,oe:team:8eb884e168f28402ce685bedebb5250,0,0.4893516747150341,-0.14411579471622082,2.0,4.0,1,0.0,0.0
2018,TRLH4/1002490532,oe:team:8eb884e168f28402ce685bedebb5250,oe:team:d17e6a2f130f0cf8dd071ce88d5b870,1,0.5106483252849658,0.14411579471622082,-2.0,-4.0,0,0.0,0.0
2018,TRLH4/1002490539,oe:team:056c3140a119e44a03d462e2c832f27,oe:team:d723992568441c6bafa2658129eade7,1,0.5254942762839718,0.042777875206357674,-3.0,-7.0,0,0.0,0.0
2018,TRLH4/1002490539,oe:team:d723992568441c6bafa2658129eade7,oe:team:056c3140a119e44a03d462e2c832f27,0,0.47450572371602817,-0.042777875206357674,4.0,7.0,2,0.0,0.0
2018,TRLH4/1002490548,oe:team:056c3140a119e44a03d462e2c832f27,oe:team:8eb884e168f28402ce685bedebb5250,0,0.7445906399711242,1.2932129578582463,1.0,1.0,1,0.24000000000000002,0.0
2018,TRLH4/1002490548,oe:team:8eb884e168f28402ce685bedebb5250,oe:team:056c3140a119e44a03d462e2c832f27,1,0.2554093600288758,-1.2932129578582463,0.0,-1.0,0,0.0,0.24000000000000002
2018,TRLH4/1002490550,oe:team:d723992568441c6bafa2658129eade7,oe:team:d17e6a2f130f0cf8dd071ce88d5b870,1,0.805276517961933,1.7449117467392548,2.0,2.0,2,0.0,0.0
2018,TRLH4/1002490550,oe:team:d17e6a2f130f0cf8dd071ce88d5b870,oe:team:d723992568441c6bafa2658129eade7,0,0.194723482038067,-1.7449117467392548,0.0,-2.0,0,0.0,0.0
2018,TRLH4/1002490569,oe:team:78f183fa5a7d8ecb22b9ad272c3abd7,oe:team:4bd1751425ef6a9bc9d4d8e9385b4a6,1,0.6777014572691415,0.8710985035528225,0.0,0.0,1,0.12499999999999999,0.1
2018,TRLH4/1002490569,oe:team:4bd1751425ef6a9bc9d4d8e9385b4a6,oe:team:78f183fa5a7d8ecb22b9ad272c3abd7,0,0.32229854273085845,-0.8710985035528225,0.0,0.0,1,0.1,0.12499999999999999
2018,TRLH4/1002490580,oe:team:0b63f14fd7de22a26869bb1c76f87fc,oe:team:53a258f289c26d94431c0496a54e151,0,0.23437171091507278,-1.6184213321452678,4.0,7.0,2,0.0,0.0851063829787234
2018,TRLH4/1002490580,oe:team:53a258f289c26d94431c0496a54e151,oe:team:0b63f14fd7de22a26869bb1c76f87fc,1,0.7656282890849272,1.6184213321452678,-3.0,-7.0,0,0.0851063829787234,0.0
2018,TRLH4/1002490588,oe:team:78f183fa5a7d8ecb22b9ad272c3abd7,oe:team:0b63f14fd7de22a26869bb1c76f87fc,1,0.6503334672332688,0.7125518889457145,0.0,0.0,1,0.12499999999999999,0.0
2018,TRLH4/1002490588,oe:team:0b63f14fd7de22a26869bb1c76f87fc,oe:team:78f183fa5a7d8ecb22b9ad272c3abd7,0,0.3496665327667312,-0.7125518889457145,0.0,0.0,0,0.0,0.12499999999999999
2018,TRLH4/1002490594,oe:team:4bd1751425ef6a9bc9d4d8e9385b4a6,oe:team:53a258f289c26d94431c0496a54e151,0,0.21307114827353715,-1.776967946752376,0.0,3.0,0,0.2,0.0851063829787234
2018,TRLH4/1002490594,oe:team:53a258f289c26d94431c0496a54e151,oe:team:4bd1751425ef6a9bc9d4d8e9385b4a6,1,0.7869288517264629,1.776967946752376,-3.0,-3.0,0,0.0851063829787234,0.2
2018,TRLH4/1002490604,oe:team:0b63f14fd7de22a26869bb1c76f87fc,oe:team:4bd1751425ef6a9bc9d4d8e9385b4a6,0,0.581096271924632,0.3337270492926807,0.0,-1.0,0,0.0,0.2
2018,TRLH4/1002490604,oe:team:4bd1751425ef6a9bc9d4d8e9385b4a6,oe:team:0b63f14fd7de22a26869bb1c76f87fc,1,0.418903728075368,-0.3337270492926807,1.0,1.0,2,0.2,0.0
2018,TRLH4/1002490615,oe:team:53a258f289c26d94431c0496a54e151,oe:team:78f183fa5a7d8ecb22b9ad272c3abd7,0,0.7643970231315449,1.4314107472562714,0.0,-1.0,1,0.0851063829787234,0.0
2018,TRLH4/1002490615,oe:team:78f183fa5a7d8ecb22b9ad272c3abd7,oe:team:53a258f289c26d94431c0496a54e151,1,0.2356029768684551,-1.4314107472562714,1.0,1.0,1,0.0,0.0851063829787234
2018,TRLH4/1002490617,oe:team:78f183fa5a7d8ecb22b9ad272c3abd7,oe:team:53a258f289c26d94431c0496a54e151,1,0.3169475933252484,-1.081049877885126,-2.0,-3.0,0,0.12499999999999999,0.0
2018,TRLH4/1002490617,oe:team:53a258f289c26d94431c0496a54e151,oe:team:78f183fa5a7d8ecb22b9ad272c3abd7,0,0.6830524066747516,1.081049877885126,1.0,3.0,1,0.0,0.12499999999999999
2018,TRLH4/1002490638,oe:team:d723992568441c6bafa2658129eade7,oe:team:53a258f289c26d94431c0496a54e151,0,0.4806589918289605,-0.18907779451863505,-1.0,-1.0,0,0.0,0.0851063829787234
2018,TRLH4/1002490638,oe:team:53a258f289c26d94431c0496a54e151,oe:team:d723992568441c6bafa2658129eade7,1,0.5193410081710395,0.18907779451863505,0.0,1.0,0,0.0851063829787234,0.0
2018,TRLH4/1002490648,oe:team:d723992568441c6bafa2658129eade7,oe:team:53a258f289c26d94431c0496a54e151,0,0.4806589918289605,-0.18907779451863505,1.0,1.0,1,0.0,0.0
2018,TRLH4/1002490648,oe:team:53a258f289c26d94431c0496a54e151,oe:team:d723992568441c6bafa2658129eade7,1,0.5193410081710395,0.18907779451863505,0.0,-1.0,0,0.0,0.0
2018,TRLH4/1002490650,oe:team:d723992568441c6bafa2658129eade7,oe:team:53a258f289c26d94431c0496a54e151,1,0.4806589918289605,-0.18907779451863505,-2.0,-5.0,1,0.0,0.0
2018,TRLH4/1002490650,oe:team:53a258f289c26d94431c0496a54e151,oe:team:d723992568441c6bafa2658129eade7,0,0.5193410081710395,0.18907779451863505,3.0,5.0,1,0.0,0.0
2018,TRLH4/1002490651,oe:team:d723992568441c6bafa2658129eade7,oe:team:53a258f289c26d94431c0496a54e151,1,0.4806589918289605,-0.18907779451863505,-1.0,-1.0,1,0.0,0.0
2018,TRLH4/1002490651,oe:team:53a258f289c26d94431c0496a54e151,oe:team:d723992568441c6bafa2658129eade7,0,0.5193410081710395,0.18907779451863505,0.0,1.0,1,0.0,0.0
2018,TRLH4/1002490653,oe:team:d723992568441c6bafa2658129eade7,oe:team:53a258f289c26d94431c0496a54e151,0,0.4806589918289605,-0.18907779451863505,-3.0,-3.0,0,0.0,0.0
2018,TRLH4/1002490653,oe:team:53a258f289c26d94431c0496a54e151,oe:team:d723992568441c6bafa2658129eade7,1,0.5193410081710395,0.18907779451863505,0.0,3.0,0,0.0,0.0
2018,TRLH4/1002490657,oe:team:73f3126d91d35faa5d5ce34abadb865,oe:team:7d6673d3a9d00363c6bebc1a630da6e,1,0.7774105212501751,1.526624219779767,1.0,1.0,1,0.07142857142857142,0.0
2018,TRLH4/1002490657,oe:team:7d6673d3a9d00363c6bebc1a630da6e,oe:team:73f3126d91d35faa5d5ce34abadb865,0,0.22258947874982493,-1.526624219779767,0.0,-1.0,1,0.0,0.07142857142857142
2018,TRLH4/1002490666,oe:team:7d6673d3a9d00363c6bebc1a630da6e,oe:team:73f3126d91d35faa5d5ce34abadb865,1,0.3012115314651327,-1.1762633504086217,-4.0,-5.0,1,0.0,0.3333333333333333
2018,TRLH4/1002490666,oe:team:73f3126d91d35faa5d5ce34abadb865,oe:team:7d6673d3a9d00363c6bebc1a630da6e,0,0.6987884685348673,1.1762633504086217,1.0,5.0,1,0.3333333333333333,0.0
2018,TRLH4/1002490668,oe:team:73f3126d91d35faa5d5ce34abadb865,oe:team:7d6673d3a9d00363c6bebc1a630da6e,1,0.7774105212501751,1.526624219779767,-1.0,-2.0,0,0.0,0.0
2018,TRLH4/1002490668,oe:team:7d6673d3a9d00363c6bebc1a630da6e,oe:team:73f3126d91d35faa5d5ce34abadb865,0,0.22258947874982493,-1.526624219779767,1.0,2.0,1,0.0,0.0
2018,TRLH4/1002490670,oe:team:7d6673d3a9d00363c6bebc1a630da6e,oe:team:73f3126d91d35faa5d5ce34abadb865,1,0.3012115314651327,-1.1762633504086217,-2.0,-3.0,1,0.0,0.0
2018,TRLH4/1002490670,oe:team:73f3126d91d35faa5d5ce34abadb865,oe:team:7d6673d3a9d00363c6bebc1a630da6e,0,0.6987884685348673,1.1762633504086217,1.0,3.0,1,0.0,0.0
2018,TRLH4/1002490671,oe:team:73f3126d91d35faa5d5ce34abadb865,oe:team:7d6673d3a9d00363c6bebc1a630da6e,0,0.7774105212501751,1.526624219779767,0.0,-1.0,1,0.0,0.0
2018,TRLH4/1002490671,oe:team:7d6673d3a9d00363c6bebc1a630da6e,oe:team:73f3126d91d35faa5d5ce34abadb865,1,0.22258947874982493,-1.526624219779767,1.0,1.0,1,0.0,0.0
2018,TRLH4/1002490678,oe:team:fc8e90107dabb9a35c490b0d86adea0,oe:team:b3c72a20aa56f5d28022ac04a7dc294,1,0.3044724115075541,-1.1563097748392495,2.0,0.0,2,0.0,0.05263157894736842
2018,TRLH4/1002490678,oe:team:b3c72a20aa56f5d28022ac04a7dc294,oe:team:fc8e90107dabb9a35c490b0d86adea0,0,0.6955275884924459,1.1563097748392495,2.0,0.0,2,0.05263157894736842,0.0
2018,TRLH4/1002490693,oe:team:fc8e90107dabb9a35c490b0d86adea0,oe:team:b3c72a20aa56f5d28022ac04a7dc294,1,0.3044724115075541,-1.1563097748392495,2.0,4.0,2,0.0,0.05263157894736842
2018,TRLH4/1002490693,oe:team:b3c72a20aa56f5d28022ac04a7dc294,oe:team:fc8e90107dabb9a35c490b0d86adea0,0,0.6955275884924459,1.1563097748392495,-2.0,-4.0,1,0.05263157894736842,0.0
2018,TRLH4/1002490696,oe:team:fc8e90107dabb9a35c490b0d86adea0,oe:team:b3c72a20aa56f5d28022ac04a7dc294,1,0.3044724115075541,-1.1563097748392495,1.0,0.0,1,0.2666666666666667,0.05263157894736842
2018,TRLH4/1002490696,oe:team:b3c72a20aa56f5d28022ac04a7dc294,oe:team:fc8e90107dabb9a35c490b0d86adea0,0,0.6955275884924459,1.1563097748392495,1.0,0.0,1,0.05263157894736842,0.2666666666666667
2018,TRLH4/1002490708,oe:team:78f183fa5a7d8ecb22b9ad272c3abd7,oe:team:056c3140a119e44a03d462e2c832f27,0,0.4053085604545753,-0.5843890892017036,-1.0,-1.0,1,0.12499999999999999,0.0
2018,TRLH4/1002490708,oe:team:056c3140a119e44a03d462e2c832f27,oe:team:78f183fa5a7d8ecb22b9ad272c3abd7,1,0.5946914395454247,0.5843890892017036,0.0,1.0,0,0.0,0.12499999999999999
2018,TRLH4/1002490710,oe:team:78f183fa5a7d8ecb22b9ad272c3abd7,oe:team:056c3140a119e44a03d462e2c832f27,1,0.4053085604545753,-0.5843890892017036,1.0,2.0,2,0.12499999999999999,0.0
2018,TRLH4/1002490710,oe:team:056c3140a119e44a03d462e2c832f27,oe:team:78f183fa5a7d8ecb22b9ad272c3abd7,0,0.5946914395454247,0.5843890892017036,-1.0,-2.0,0,0.0,0.12499999999999999
2018,TRLH4/1002490712,oe:team:78f183fa5a7d8ecb22b9ad272c3abd7,oe:team:056c3140a119e44a03d462e2c832f27,1,0.4053085604545753,-0.5843890892017036,-1.0,2.0,0,0.18749999999999997,0.0
2018,TRLH4/1002490712,oe:team:056c3140a119e44a03d462e2c832f27,oe:team:78f183fa5a7d8ecb22b9ad272c3abd7,0,0.5946914395454247,0.5843890892017036,-3.0,-2.0,0,0.0,0.18749999999999997
2018,TRLH4/1002490714,oe:team:056c3140a119e44a03d462e2c832f27,oe:team:78f183fa5a7d8ecb22b9ad272c3abd7,0,0.6883674716223599,0.9347499585728489,-1.0,-3.0,0,0.0,0.15624999999999997
2018,TRLH4/1002490714,oe:team:78f183fa5a7d8ecb22b9ad272c3abd7,oe:team:056c3140a119e44a03d462e2c832f27,1,0.3116325283776401,-0.9347499585728489,2.0,3.0,1,0.15624999999999997,0.0
2018,TRLH2/2002890034,oe:team:53a258f289c26d94431c0496a54e151,oe:team:7d6673d3a9d00363c6bebc1a630da6e,1,0.8038466648186634,1.7331640198464455,0.0,-2.0,2,0.0851063829787234,0.0
2018,TRLH2/2002890034,oe:team:7d6673d3a9d00363c6bebc1a630da6e,oe:team:53a258f289c26d94431c0496a54e151,0,0.1961533351813366,-1.7331640198464455,2.0,2.0,1,0.0,0.0851063829787234
2018,TRLH2/2002890038,oe:team:53a258f289c26d94431c0496a54e151,oe:team:7d6673d3a9d00363c6bebc1a630da6e,1,0.8038466648186634,1.7331640198464455,0.0,-1.0,0,0.25531914893617025,0.0
2018,TRLH2/2002890038,oe:team:7d6673d3a9d00363c6bebc1a630da6e,oe:team:53a258f289c26d94431c0496a54e151,0,0.1961533351813366,-1.7331640198464455,1.0,1.0,2,0.0,0.25531914893617025
2018,TRLH2/2002890039,oe:team:53a258f289c26d94431c0496a54e151,oe:team:7d6673d3a9d00363c6bebc1a630da6e,1,0.8038466648186634,1.7331640198464455,0.0,-1.0,1,0.0,0.0
2018,TRLH2/2002890039,oe:team:7d6673d3a9d00363c6bebc1a630da6e,oe:team:53a258f289c26d94431c0496a54e151,0,0.1961533351813366,-1.7331640198464455,1.0,1.0,1,0.0,0.0
2018,TRLH2/2002890051,oe:team:78f183fa5a7d8ecb22b9ad272c3abd7,oe:team:fc8e90107dabb9a35c490b0d86adea0,1,0.664914403614315,0.7962245757738511,1.0,2.0,1,0.15624999999999997,0.0
2018,TRLH2/2002890051,oe:team:fc8e90107dabb9a35c490b0d86adea0,oe:team:78f183fa5a7d8ecb22b9ad272c3abd7,0,0.335085596385685,-0.7962245757738511,-1.0,-2.0,0,0.0,0.15624999999999997
2018,TRLH2/2002890057,oe:team:fc8e90107dabb9a35c490b0d86adea0,oe:team:78f183fa5a7d8ecb22b9ad272c3abd7,0,0.4313934368695931,-0.44586370640270556,3.0,3.0,2,0.0,0.031249999999999997
2018,TRLH2/2002890057,oe:team:78f183fa5a7d8ecb22b9ad272c3abd7,oe:team:fc8e90107dabb9a35c490b0d86adea0,1,0.5686065631304069,0.44586370640270556,0.0,-3.0,0,0.031249999999999997,0.0
2018,TRLH2/2002890058,oe:team:78f183fa5a7d8ecb22b9ad272c3abd7,oe:team:fc8e90107dabb9a35c490b0d86adea0,1,0.664914403614315,0.7962245757738511,3.0,3.0,2,0.031249999999999997,0.0
2018,TRLH2/2002890058,oe:team:fc8e90107dabb9a35c490b0d86adea0,oe:team:78f183fa5a7d8ecb22b9ad272c3abd7,0,0.335085596385685,-0.7962245757738511,0.0,-3.0,1,0.0,0.031249999999999997
2018,TRLH4/1002520047,oe:team:78f183fa5a7d8ecb22b9ad272c3abd7,oe:team:53a258f289c26d94431c0496a54e151,0,0.3169475933252484,-1.081049877885126,0.0,1.0,1,0.031249999999999997,0.5106382978723405
2018,TRLH4/1002520047,oe:team:53a258f289c26d94431c0496a54e151,oe:team:78f183fa5a7d8ecb22b9ad272c3abd7,1,0.6830524066747516,1.081049877885126,-1.0,-1.0,0,0.5106382978723405,0.031249999999999997
2018,TRLH4/1002520051,oe:team:78f183fa5a7d8ecb22b9ad272c3abd7,oe:team:53a258f289c26d94431c0496a54e151,0,0.3169475933252484,-1.081049877885126,-1.0,-3.0,0,0.031249999999999997,0.25531914893617025
2018,TRLH4/1002520051,oe:team:53a258f289c26d94431c0496a54e151,oe:team:78f183fa5a7d8ecb22b9ad272c3abd7,1,0.6830524066747516,1.081049877885126,2.0,3.0,2,0.25531914893617025,0.031249999999999997
2018,TRLH4/1002520052,oe:team:53a258f289c26d94431c0496a54e151,oe:team:78f183fa5a7d8ecb22b9ad272c3abd7,1,0.7643970231315449,1.4314107472562714,1.0,-2.0,1,0.25531914893617025,0.031249999999999997
2018,TRLH4/1002520052,oe:team:78f183fa5a7d8ecb22b9ad272c3abd7,oe:team:53a258f289c26d94431c0496a54e151,0,0.2356029768684551,-1.4314107472562714,3.0,2.0,2,0.031249999999999997,0.25531914893617025
2019,ESPORTSTMNT06/1070330,oe:team:7b13b2cc48c457832262d00d5ffa6d6,oe:team:e84133caa1e561518201cc7d33f14ed,0,0.7077263852417084,1.053435891201428,0.0,-4.0,1,0.125,0.0
2019,ESPORTSTMNT06/1070330,oe:team:e84133caa1e561518201cc7d33f14ed,oe:team:7b13b2cc48c457832262d00d5ffa6d6,1,0.2922736147582916,-1.053435891201428,4.0,4.0,2,0.0,0.125
2019,ESPORTSTMNT06/1070340,oe:team:e435aa3ecb82a89e60544f5f5857a81,oe:team:3413ca4510110b5181f3e4b24d52719,0,0.16616037352130317,-2.1730344726605257,3.0,4.0,2,0.37499999999999994,0.0
2019,ESPORTSTMNT06/1070340,oe:team:3413ca4510110b5181f3e4b24d52719,oe:team:e435aa3ecb82a89e60544f5f5857a81,1,0.8338396264786968,2.1730344726605257,-1.0,-4.0,1,0.0,0.37499999999999994
2019,ESPORTSTMNT06/1070349,oe:team:7bd8d762a338118fce3df129202eaed,oe:team:e84133caa1e561518201cc7d33f14ed,1,0.4018236725001736,-0.6030934970704566,0.0,0.0,0,0.0,0.0
2019,ESPORTSTMNT06/1070349,oe:team:e84133caa1e561518201cc7d33f14ed,oe:team:7bd8d762a338118fce3df129202eaed,0,0.5981763274998264,0.6030934970704566,0.0,0.0,1,0.0,0.0
2019,ESPORTSTMNT06/1070359,oe:team:e435aa3ecb82a89e60544f5f5857a81,oe:team:5737b101780a9835142549164be1ac4,0,0.4814472216383637,-0.1849986692210332,-1.0,1.0,2,0.37499999999999994,0.05
2019,ESPORTSTMNT06/1070359,oe:team:5737b101780a9835142549164be1ac4,oe:team:e435aa3ecb82a89e60544f5f5857a81,1,0.5185527783616364,0.1849986692210332,-2.0,-1.0,2,0.05,0.37499999999999994
2019,ESPORTSTMNT06/1070365,oe:team:7bd8d762a338118fce3df129202eaed,oe:team:7b13b2cc48c457832262d00d5ffa6d6,0,0.2456931759152029,-1.538229377133492,-4.0,-4.0,0,0.0,0.0
2019,ESPORTSTMNT06/1070365,oe:team:7b13b2cc48c457832262d00d5ffa6d6,oe:team:7bd8d762a338118fce3df129202eaed,1,0.7543068240847971,1.538229377133492,0.0,4.0,1,0.0,0.0
2019,ESPORTSTMNT06/1070378,oe:team:3413ca4510110b5181f3e4b24d52719,oe:team:5737b101780a9835142549164be1ac4,1,0.845451927896148,2.106335814577885,-2.0,-2.0,0,0.0,0.15
2019,ESPORTSTMNT06/1070378,oe:team:5737b101780a9835142549164be1ac4,oe:team:3413ca4510110b5181f3e4b24d52719,0,0.15454807210385202,-2.106335814577885,0.0,2.0,1,0.15,0.0
2019,ESPORTSTMNT06/1070393,oe:team:1fcd541d3a51d70860c46eaae858ba8,oe:team:ef69efa6acebe94107f0cf1ba716806,0,0.2601760877037239,-1.4391892602259073,-5.0,-6.0,0,0.0,0.0
2019,ESPORTSTMNT06/1070393,oe:team:ef69efa6acebe94107f0cf1ba716806,oe:team:1fcd541d3a51d70860c46eaae858ba8,1,0.7398239122962761,1.4391892602259073,1.0,6.0,2,0.0,0.0
2019,ESPORTSTMNT06/1070420,oe:team:f589eafcf087c11af27e475bafb047f,oe:team:6f0162b86d2a0d206ba9a08a1da14be,0,0.18130697405176496,-2.0366481690755887,2.0,2.0,1,0.0,0.0
2019,ESPORTSTMNT06/1070420,oe:team:6f0162b86d2a0d206ba9a08a1da14be,oe:team:f589eafcf087c11af27e475bafb047f,1,0.818693025948235,2.0366481690755887,0.0,-2.0,1,0.0,0.0
2019,ESPORTSTMNT06/1070445,oe:team:ef69efa6acebe94107f0cf1ba716806,oe:team:50b9075ca20fb326456aded56aa7937,1,0.9434564264584143,3.5470309691495894,-1.0,-4.0,1,0.0,0.0
2019,ESPORTSTMNT06/1070445,oe:team:50b9075ca20fb326456aded56aa7937,oe:team:ef69efa6acebe94107f0cf1ba716806,0,0.05654357354158568,-3.5470309691495894,3.0,4.0,3,0.0,0.0
2019,ESPORTSTMNT06/1070457,oe:team:f589eafcf087c11af27e475bafb047f,oe:team:246827ba8505ab1bac1083d093120bc,1,0.27525941302276397,-1.3397724715719006,-1.0,-1.0,1,0.0,0.13636363636363638
2019,ESPORTSTMNT06/1070457,oe:team:246827ba8505ab1bac1083d093120bc,oe:team:f589eafcf087c11af27e475bafb047f,0,0.7247405869772361,1.3397724715719006,0.0,1.0,1,0.13636363636363638,0.0
2019,ESPORTSTMNT06/1070463,oe:team:1fcd541d3a51d70860c46eaae858ba8,oe:team:50b9075ca20fb326456aded56aa7937,0,0.8332671451580168,1.9895416977852896,-2.0,-7.0,0,0.0,0.1739130434782609
2019,ESPORTSTMNT06/1070463,oe:team:50b9075ca20fb326456aded56aa7937,oe:team:1fcd541d3a51d70860c46eaae858ba8,1,0.1667328548419832,-1.9895416977852896,5.0,7.0,3,0.1739130434782609,0.0
2019,ESPORTSTMNT06/1070475,oe:team:6f0162b86d2a0d206ba9a08a1da14be,oe:team:246827ba8505ab1bac1083d093120bc,0,0.6681747933077061,0.8151757086420804,-1.0,0.0,1,0.0,0.0
2019,ESPORTSTMNT06/1070475,oe:team:246827ba8505ab1bac1083d093120bc,oe:team:6f0162b86d2a0d206ba9a08a1da14be,1,0.3318252066922939,-0.8151757086420804,-1.0,0.0,1,0.0,0.0
2019,ESPORTSTMNT06/1070523,oe:team:e84133caa1e561518201cc7d33f14ed,oe:team:7b13b2cc48c457832262d00d5ffa6d6,1,0.36277965931636896,-0.816835868924643,2.0,0.0,2,0.0,0.0
2019,ESPORTSTMNT06/1070523,oe:team:7b13b2cc48c457832262d00d5ffa6d6,oe:team:e84133caa1e561518201cc7d33f14ed,0,0.637220340683631,0.816835868924643,2.0,0.0,2,0.0,0.0
2019,ESPORTSTMNT06/1070531,oe:team:3413ca4510110b5181f3e4b24d52719,oe:team:e435aa3ecb82a89e60544f5f5857a81,0,0.8737063926091397,2.4096344949373107,-2.0,-6.0,0,0.0,0.3333333333333333
2019,ESPORTSTMNT06/1070531,oe:team:e435aa3ecb82a89e60544f5f5857a81,oe:team:3413ca4510110b5181f3e4b24d52719,1,0.12629360739086026,-2.4096344949373107,4.0,6.0,2,0.3333333333333333,0.0
2019,ESPORTSTMNT06/1070547,oe:team:e84133caa1e561518201cc7d33f14ed,oe:team:7bd8d762a338118fce3df129202eaed,0,0.6723690423685721,0.8396935193472416,2.0,2.0,1,0.0,0.2
2019,ESPORTSTMNT06/1070547,oe:team:7bd8d762a338118fce3df129202eaed,oe:team:e84133caa1e561518201cc7d33f14ed,1,0.3276309576314279,-0.8396935193472416,0.0,-2.0,1,0.2,0.0
2019,ESPORTSTMNT06/1070555,oe:team:5737b101780a9835142549164be1ac4,oe:team:e435aa3ecb82a89e60544f5f5857a81,1,0.5975561111127153,0.4215986914978182,-2.0,-2.0,1,0.225,0.3333333333333333
2019,ESPORTSTMNT06/1070555,oe:team:e435aa3ecb82a89e60544f5f5857a81,oe:team:5737b101780a9835142549164be1ac4,0,0.40244388888728466,-0.4215986914978182,0.0,2.0,0,0.3333333333333333,0.225
2019,ESPORTSTMNT06/1070569,oe:team:7b13b2cc48c457832262d00d5ffa6d6,oe:team:7bd8d762a338118fce3df129202eaed,1,0.8088821558413458,1.774829399410277,1.0,3.0,2,0.2,0.0
2019,ESPORTSTMNT06/1070569,oe:team:7bd8d762a338118fce3df129202eaed,oe:team:7b13b2cc48c457832262d00d5ffa6d6,0,0.19111784415865418,-1.774829399410277,-2.0,-3.0,0,0.0,0.2
2019,ESPORTSTMNT06/1070580,oe:team:5737b101780a9835142549164be1ac4,oe:team:3413ca4510110b5181f3e4b24d52719,0,0.20127914234106292,-1.8697357923011002,3.0,4.0,2,0.275,0.0
2019,ESPORTSTMNT06/1070580,oe:team:3413ca4510110b5181f3e4b24d52719,oe:team:5737b101780a9835142549164be1ac4,1,0.7987208576589371,1.8697357923011002,-1.0,-4.0,1,0.0,0.275
2019,ESPORTSTMNT06/1070599,oe:team:7bd8d762a338118fce3df129202eaed,oe:team:e84133caa1e561518201cc7d33f14ed,0,0.4018236725001736,-0.6030934970704566,-1.0,1.0,1,0.0,0.23529411764705885
2019,ESPORTSTMNT06/1070599,oe:team:e84133caa1e561518201cc7d33f14ed,oe:team:7bd8d762a338118fce3df129202eaed,1,0.5981763274998264,0.6030934970704566,-2.0,-1.0,0,0.23529411764705885,0.0
2019,ESPORTSTMNT06/1070624,oe:team:7b13b2cc48c457832262d00d5ffa6d6,oe:team:e84133caa1e561518201cc7d33f14ed,1,0.7077263852417084,1.053435891201428,4.0,5.0,2,0.125,0.0
2019,ESPORTSTMNT06/1070624,oe:team:e84133caa1e561518201cc7d33f14ed,oe:team:7b13b2cc48c457832262d00d5ffa6d6,0,0.2922736147582916,-1.053435891201428,-1.0,-5.0,1,0.0,0.125
2019,ESPORTSTMNT06/1070668,oe:team:ef69efa6acebe94107f0cf1ba716806,oe:team:1fcd541d3a51d70860c46eaae858ba8,1,0.7967494563561527,1.6757892825026923,-2.0,-4.0,1,0.03703703703703703,0.0
2019,ESPORTSTMNT06/1070668,oe:team:1fcd541d3a51d70860c46eaae858ba8,oe:team:ef69efa6acebe94107f0cf1ba716806,0,0.20325054364384731,-1.6757892825026923,2.0,4.0,2,0.0,0.03703703703703703
2019,ESPORTSTMNT06/1060543,oe:team:6f0162b86d2a0d206ba9a08a1da14be,oe:team:f589eafcf087c11af27e475bafb047f,1,0.8615906794829573,2.2732481913523737,2.0,4.0,1,0.0,0.0
2019,ESPORTSTMNT06/1060543,oe:team:f589eafcf087c11af27e475bafb047f,oe:team:6f0162b86d2a0d206ba9a08a1da14be,0,0.1384093205170427,-2.2732481913523737,-2.0,-4.0,1,0.0,0.0
2019,ESPORTSTMNT06/1060559,oe:team:50b9075ca20fb326456aded56aa7937,oe:team:ef69efa6acebe94107f0cf1ba716806,0,0.07631572427594803,-3.3104309468728044,1.0,2.0,2,0.0,0.0
2019,ESPORTSTMNT06/1060559,oe:team:ef69efa6acebe94107f0cf1ba716806,oe:team:50b9075ca20fb326456aded56aa7937,1,0.923684275724052,3.3104309468728044,-1.0,-2.0,2,0.0,0.0
2019,ESPORTSTMNT06/1060585,oe:team:246827ba8505ab1bac1083d093120bc,oe:team:f589eafcf087c11af27e475bafb047f,1,0.7840027945749799,1.5763724938486856,-1.0,-1.0,1,0.045454545454545456,0.0
2019,ESPORTSTMNT06/1060585,oe:team:f589eafcf087c11af27e475bafb047f,oe:team:246827ba8505ab1bac1083d093120bc,0,0.2159972054250201,-1.5763724938486856,0.0,1.0,1,0.0,0.045454545454545456
2019,ESPORTSTMNT06/1060612,oe:team:50b9075ca20fb326456aded56aa7937,oe:team:1fcd541d3a51d70860c46eaae858ba8,0,0.21620607608993428,-1.7529416755085045,2.0,-4.0,1,0.0,0.0
2019,ESPORTSTMNT06/1060612,oe:team:1fcd541d3a51d70860c46eaae858ba8,oe:team:50b9075ca20fb326456aded56aa7937,1,0.7837939239100657,1.7529416755085045,6.0,4.0,3,0.0,0.0
2019,ESPORTSTMNT06/1060652,oe:team:246827ba8505ab1bac1083d093120bc,oe:team:6f0162b86d2a0d206ba9a08a1da14be,0,0.40639364155848423,-0.5785756863652954,-1.0,-1.0,1,0.0,0.0
2019,ESPORTSTMNT06/1060652,oe:team:6f0162b86d2a0d206ba9a08a1da14be,oe:team:246827ba8505ab1bac1083d093120bc,1,0.5936063584415158,0.5785756863652954,0.0,1.0,1,0.0,0.0
2019,ESPORTSTMNT06/1060665,oe:team:1fcd541d3a51d70860c46eaae858ba8,oe:team:50b9075ca20fb326456aded56aa7937,1,0.8332671451580168,1.9895416977852896,2.0,0.0,2,0.0,0.2173913043478261
2019,ESPORTSTMNT06/1060665,oe:team:50b9075ca20fb326456aded56aa7937,oe:team:1fcd541d3a51d70860c46eaae858ba8,0,0.1667328548419832,-1.9895416977852896,2.0,0.0,1,0.2173913043478261,0.0
2019,ESPORTSTMNT06/1070910,oe:team:246827ba8505ab1bac1083d093120bc,oe:team:ef69efa6acebe94107f0cf1ba716806,1,0.1915912631892535,-1.9490389207248877,1.0,7.0,2,0.27272727272727276,0.3703703703703703
2019,ESPORTSTMNT06/1070910,oe:team:ef69efa6acebe94107f0cf1ba716806,oe:team:246827ba8505ab1bac1083d093120bc,0,0.8084087368107464,1.9490389207248877,-6.0,-7.0,0,0.3703703703703703,0.27272727272727276
2019,ESPORTSTMNT06/1070918,oe:team:ef69efa6acebe94107f0cf1ba716806,oe:team:246827ba8505ab1bac1083d093120bc,1,0.8533036721886161,2.1856389430016727,-4.0,-5.0,0,0.07407407407407406,0.20454545454545456
2019,ESPORTSTMNT06/1070918,oe:team:246827ba8505ab1bac1083d093120bc,oe:team:ef69efa6acebe94107f0cf1ba716806,0,0.14669632781138386,-2.1856389430016727,1.0,5.0,2,0.20454545454545456,0.07407407407407406
2019,ESPORTSTMNT06/1070920,oe:team:ef69efa6acebe94107f0cf1ba716806,oe:team:246827ba8505ab1bac1083d093120bc,1,0.8533036721886161,2.1856389430016727,-2.0,1.0,0,0.0,0.15909090909090912
2019,ESPORTSTMNT06/1070920,oe:team:246827ba8505ab1bac1083d093120bc,oe:team:ef69efa6acebe94107f0cf1ba716806,0,0.14669632781138386,-2.1856389430016727,-3.0,-1.0,1,0.15909090909090912,0.0
2019,ESPORTSTMNT06/1070922,oe:team:246827ba8505ab1bac1083d093120bc,oe:team:ef69efa6acebe94107f0cf1ba716806,0,0.1915912631892535,-1.9490389207248877,-3.0,1.0,0,0.0,0.0
2019,ESPORTSTMNT06/1070922,oe:team:ef69efa6acebe94107f0cf1ba716806,oe:team:246827ba8505ab1bac1083d093120bc,1,0.8084087368107464,1.9490389207248877,-4.0,-1.0,1,0.0,0.0
2019,ESPORTSTMNT06/1060775,oe:team:7b13b2cc48c457832262d00d5ffa6d6,oe:team:1fcd541d3a51d70860c46eaae858ba8,1,0.6477146281192104,0.6976992978840385,-1.0,-1.0,1,0.325,0.19999999999999998
2019,ESPORTSTMNT06/1060775,oe:team:1fcd541d3a51d70860c46eaae858ba8,oe:team:7b13b2cc48c457832262d00d5ffa6d6,0,0.35228537188078957,-0.6976992978840385,0.0,1.0,0,0.19999999999999998,0.325
2019,ESPORTSTMNT06/1060784,oe:team:7b13b2cc48c457832262d00d5ffa6d6,oe:team:1fcd541d3a51d70860c46eaae858ba8,1,0.6477146281192104,0.6976992978840385,-1.0,-1.0,1,0.325,0.5
2019,ESPORTSTMNT06/1060784,oe:team:1fcd541d3a51d70860c46eaae858ba8,oe:team:7b13b2cc48c457832262d00d5ffa6d6,0,0.35228537188078957,-0.6976992978840385,0.0,1.0,0,0.5,0.325
2019,ESPORTSTMNT06/1060790,oe:team:7b13b2cc48c457832262d00d5ffa6d6,oe:team:1fcd541d3a51d70860c46eaae858ba8,1,0.6477146281192104,0.6976992978840385,3.0,1.0,3,0.125,0.19999999999999998
2019,ESPORTSTMNT06/1060790,oe:team:1fcd541d3a51d70860c46eaae858ba8,oe:team:7b13b2cc48c457832262d00d5ffa6d6,0,0.35228537188078957,-0.6976992978840385,2.0,-1.0,2,0.19999999999999998,0.125
2019,ESPORTSTMNT06/1070971,oe:team:6f0162b86d2a0d206ba9a08a1da14be,oe:team:5737b101780a9835142549164be1ac4,1,0.7197108771707447,1.129219929933284,4.0,10.0,2,0.0,0.05
2019,ESPORTSTMNT06/1070971,oe:team:5737b101780a9835142549164be1ac4,oe:team:6f0162b86d2a0d206ba9a08a1da14be,0,0.28028912282925533,-1.129219929933284,-6.0,-10.0,0,0.05,0.0
2019,ESPORTSTMNT06/1070985,oe:team:5737b101780a9835142549164be1ac4,oe:team:6f0162b86d2a0d206ba9a08a1da14be,1,0.3493311263972955,-0.8926199076564989,-4.0,-8.0,0,0.17500000000000002,0.0
2019,ESPORTSTMNT06/1070985,oe:team:6f0162b86d2a0d206ba9a08a1da14be,oe:team:5737b101780a9835142549164be1ac4,0,0.6506688736027044,0.8926199076564989,4.0,8.0,2,0.0,0.17500000000000002
2019,ESPORTSTMNT06/1070986,oe:team:6f0162b86d2a0d206ba9a08a1da14be,oe:team:5737b101780a9835142549164be1ac4,1,0.7197108771707447,1.129219929933284,2.0,4.0,1,0.04878048780487805,0.05
2019,ESPORTSTMNT06/1070986,oe:team:5737b101780a9835142549164be1ac4,oe:team:6f0162b86d2a0d206ba9a08a1da14be,0,0.28028912282925533,-1.129219929933284,-2.0,-4.0,1,0.05,0.04878048780487805
2019,ESPORTSTMNT06/1070996,oe:team:5737b101780a9835142549164be1ac4,oe:team:6f0162b86d2a0d206ba9a08a1da14be,0,0.3493311263972955,-0.8926199076564989,-4.0,-5.0,0,0.125,0.34146341463414637
2019,ESPORTSTMNT06/1070996,oe:team:6f0162b86d2a0d206ba9a08a1da14be,oe:team:5737b101780a9835142549164be1ac4,1,0.6506688736027044,0.8926199076564989,1.0,5.0,1,0.34146341463414637,0.125
2019,ESPORTSTMNT06/1071000,oe:team:e84133caa1e561518201cc7d33f14ed,oe:team:3413ca4510110b5181f3e4b24d52719,1,0.26581882360777226,-1.4015785038283055,-1.0,0.0,1,0.11764705882352942,0.0
2019,ESPORTSTMNT06/1071000,oe:team:3413ca4510110b5181f3e4b24d52719,oe:team:e84133caa1e561518201cc7d33f14ed,0,0.7341811763922277,1.4015785038283055,-1.0,0.0,1,0.0,0.11764705882352942
2019,ESPORTSTMNT06/1071009,oe:team:3413ca4510110b5181f3e4b24d52719,oe:team:e84133caa1e561518201cc7d33f14ed,1,0.7919942121630308,1.6381785261050905,-4.0,-5.0,0,0.0,0.11764705882352942
2019,ESPORTSTMNT06/1071009,oe:team:e84133caa1e561518201cc7d33f14ed,oe:team:3413ca4510110b5181f3e4b24d52719,0,0.2080057878369692,-1.6381785261050905,1.0,5.0,1,0.11764705882352942,0.0
2019,ESPORTSTMNT06/1071014,oe:team:3413ca4510110b5181f3e4b24d52719,oe:team:e84133caa1e561518201cc7d33f14ed,1,0.7919942121630308,1.6381785261050905,-6.0,-7.0,0,0.0,0.35294117647058826
2019,ESPORTSTMNT06/1071014,oe:team:e84133caa1e561518201cc7d33f14ed,oe:team:3413ca4510110b5181f3e4b24d52719,0,0.2080057878369692,-1.6381785261050905,1.0,7.0,1,0.35294117647058826,0.0
2019,ESPORTSTMNT06/1071024,oe:team:e84133caa1e561518201cc7d33f14ed,oe:team:3413ca4510110b5181f3e4b24d52719,1,0.26581882360777226,-1.4015785038283055,2.0,4.0,1,0.11764705882352942,0.0
2019,ESPORTSTMNT06/1071024,oe:team:3413ca4510110b5181f3e4b24d52719,oe:team:e84133caa1e561518201cc7d33f14ed,0,0.7341811763922277,1.4015785038283055,-2.0,-4.0,0,0.0,0.11764705882352942
2019,ESPORTSTMNT06/1071025,oe:team:3413ca4510110b5181f3e4b24d52719,oe:team:e84133caa1e561518201cc7d33f14ed,1,0.7919942121630308,1.6381785261050905,-4.0,-4.0,0,0.0,0.0
2019,ESPORTSTMNT06/1071025,oe:team:e84133caa1e561518201cc7d33f14ed,oe:team:3413ca4510110b5181f3e4b24d52719,0,0.2080057878369692,-1.6381785261050905,0.0,4.0,1,0.0,0.0
2019,ESPORTSTMNT06/1061005,oe:team:78f183fa5a7d8ecb22b9ad272c3abd7,oe:team:3354e252e33ed55fd8fa14595ca1564,0,0.4779108950157554,-0.20330335052189463,1.0,0.0,2,0.44999999999999996,0.0
2019,ESPORTSTMNT06/1061005,oe:team:3354e252e33ed55fd8fa14595ca1564,oe:team:78f183fa5a7d8ecb22b9ad272c3abd7,1,0.5220891049842447,0.20330335052189463,1.0,0.0,2,0.0,0.44999999999999996
2019,ESPORTSTMNT06/1061019,oe:team:73f3126d91d35faa5d5ce34abadb865,oe:team:7b13b2cc48c457832262d00d5ffa6d6,1,0.7190165241103015,1.1247765014076851,3.0,-2.0,3,0.0,0.1
2019,ESPORTSTMNT06/1061019,oe:team:7b13b2cc48c457832262d00d5ffa6d6,oe:team:73f3126d91d35faa5d5ce34abadb865,0,0.2809834758896985,-1.1247765014076851,5.0,2.0,3,0.1,0.0
2019,ESPORTSTMNT06/1061026,oe:team:53a258f289c26d94431c0496a54e151,oe:team:d15303823a1dccff9f3068fb357e356,1,0.7860814221733693,1.5922858980715564,-4.0,-2.0,0,0.13333333333333333,0.36363636363636365
2019,ESPORTSTMNT06/1061026,oe:team:d15303823a1dccff9f3068fb357e356,oe:team:53a258f289c26d94431c0496a54e151,0,0.2139185778266307,-1.5922858980715564,-2.0,2.0,1,0.36363636363636365,0.13333333333333333
2019,ESPORTSTMNT06/1061031,oe:team:ef69efa6acebe94107f0cf1ba716806,oe:team:8eb884e168f28402ce685bedebb5250,0,0.6317537499155098,0.6082209858281011,-1.0,-2.0,1,0.3703703703703703,0.0
2019,ESPORTSTMNT06/1061031,oe:team:8eb884e168f28402ce685bedebb5250,oe:team:ef69efa6acebe94107f0cf1ba716806,1,0.3682462500844902,-0.6082209858281011,1.0,2.0,2,0.0,0.3703703703703703
2019,ESPORTSTMNT06/1061043,oe:team:b41d715b166da7092724123264e4560,oe:team:33d17f3717f58e12a3da80b377221fb,1,0.2562745624435188,-1.4655040567069963,-4.0,-9.0,0,0.0,0.1875
2019,ESPORTSTMNT06/1061043,oe:team:33d17f3717f58e12a3da80b377221fb,oe:team:b41d715b166da7092724123264e4560,0,0.7437254375564812,1.4655040567069963,5.0,9.0,3,0.1875,0.0
2019,ESPORTSTMNT06/1061051,oe:team:9cae7677cd0dbcc1cd86653870b73c2,oe:team:3413ca4510110b5181f3e4b24d52719,0,0.2585491376799355,-1.4501311503383776,-2.0,0.0,0,0.25,0.0
2019,ESPORTSTMNT06/1061051,oe:team:3413ca4510110b5181f3e4b24d52719,oe:team:9cae7677cd0dbcc1cd86653870b73c2,1,0.7414508623200645,1.4501311503383776,-2.0,0.0,0,0.0,0.25
2019,ESPORTSTMNT06/1071246,oe:team:3354e252e33ed55fd8fa14595ca1564,oe:team:73f3126d91d35faa5d5ce34abadb865,1,0.5897364290936254,0.37971956183479616,0.0,-5.0,1,0.13333333333333333,0.0
2019,ESPORTSTMNT06/1071246,oe:team:73f3126d91d35faa5d5ce34abadb865,oe:team:3354e252e33ed55fd8fa14595ca1564,0,0.41026357090637455,-0.37971956183479616,5.0,5.0,4,0.0,0.13333333333333333
2019,ESPORTSTMNT06/1071259,oe:team:78f183fa5a7d8ecb22b9ad272c3abd7,oe:team:7b13b2cc48c457832262d00d5ffa6d6,1,0.7095095172407646,1.0645926904438017,-2.0,-5.0,1,0.44999999999999996,0.0
2019,ESPORTSTMNT06/1071259,oe:team:7b13b2cc48c457832262d00d5ffa6d6,oe:team:78f183fa5a7d8ecb22b9ad272c3abd7,0,0.2904904827592354,-1.0645926904438017,3.0,5.0,2,0.0,0.44999999999999996
2019,ESPORTSTMNT06/1071266,oe:team:8eb884e168f28402ce685bedebb5250,oe:team:53a258f289c26d94431c0496a54e151,0,0.4392720341757722,-0.4044566109632024,-6.0,-6.0,0,0.11764705882352941,0.0
2019,ESPORTSTMNT06/1071266,oe:team:53a258f289c26d94431c0496a54e151,oe:team:8eb884e168f28402ce685bedebb5250,1,0.5607279658242278,0.4044566109632024,0.0,6.0,1,0.0,0.11764705882352941
2019,ESPORTSTMNT06/1071272,oe:team:d15303823a1dccff9f3068fb357e356,oe:team:ef69efa6acebe94107f0cf1ba716806,0,0.27788017024779577,-1.3228502283828851,-4.0,-3.0,0,0.0,0.0
2019,ESPORTSTMNT06/1071272,oe:team:ef69efa6acebe94107f0cf1ba716806,oe:team:d15303823a1dccff9f3068fb357e356,1,0.7221198297522042,1.3228502283828851,-1.0,3.0,2,0.0,0.0
2019,ESPORTSTMNT06/1071286,oe:team:76b516358ee227ba806ba5d955b6314,oe:team:7d6673d3a9d00363c6bebc1a630da6e,0,0.5994234683730993,0.4316380213859299,1.0,-1.0,1,0.0,0.13793103448275862
2019,ESPORTSTMNT06/1071286,oe:team:7d6673d3a9d00363c6bebc1a630da6e,oe:team:76b516358ee227ba806ba5d955b6314,1,0.40057653162690066,-0.4316380213859299,2.0,1.0,3,0.13793103448275862,0.0
2019,ESPORTSTMNT06/1071297,oe:team:fc8e90107dabb9a35c490b0d86adea0,oe:team:6f0162b86d2a0d206ba9a08a1da14be,1,0.6628765189283223,0.7844258103456963,2.0,8.0,1,0.0,0.0
2019,ESPORTSTMNT06/1071297,oe:team:6f0162b86d2a0d206ba9a08a1da14be,oe:team:fc8e90107dabb9a35c490b0d86adea0,0,0.33712348107167767,-0.7844258103456963,-6.0,-8.0,0,0.0,0.0
2019,ESPORTSTMNT06/1061143,oe:team:53a258f289c26d94431c0496a54e151,oe:team:ef69efa6acebe94107f0cf1ba716806,0,0.5463515669179102,0.15113565855027877,-5.0,-4.0,1,0.13333333333333333,0.3703703703703703
2019,ESPORTSTMNT06/1061143,oe:team:ef69efa6acebe94107f0cf1ba716806,oe:team:53a258f289c26d94431c0496a54e151,1,0.4536484330820898,-0.15113565855027877,-1.0,4.0,1,0.3703703703703703,0.13333333333333333
2019,ESPORTSTMNT06/1061147,oe:team:d15303823a1dccff9f3068fb357e356,oe:team:8eb884e168f28402ce685bedebb5250,0,0.35990489284230687,-0.8329292536931765,-5.0,-3.0,0,0.0,0.11764705882352941
2019,ESPORTSTMNT06/1061147,oe:team:8eb884e168f28402ce685bedebb5250,oe:team:d15303823a1dccff9f3068fb357e356,1,0.6400951071576931,0.8329292536931765,-2.0,3.0,1,0.11764705882352941,0.0
2019,ESPORTSTMNT06/1061156,oe:team:33d17f3717f58e12a3da80b377221fb,oe:team:3413ca4510110b5181f3e4b24d52719,1,0.6904095451604109,0.9470702515590319,2.0,3.0,3,0.25,0.1111111111111111
2019,ESPORTSTMNT06/1061156,oe:team:3413ca4510110b5181f3e4b24d52719,oe:team:33d17f3717f58e12a3da80b377221fb,0,0.30959045483958914,-0.9470702515590319,-1.0,-3.0,1,0.1111111111111111,0.25
2019,ESPORTSTMNT06/1061161,oe:team:b41d715b166da7092724123264e4560,oe:team:9cae7677cd0dbcc1cd86653870b73c2,0,0.6878603664646414,0.9316973451904131,1.0,5.0,1,0.0,0.39999999999999997
2019,ESPORTSTMNT06/1061161,oe:team:9cae7677cd0dbcc1cd86653870b73c2,oe:team:b41d715b166da7092724123264e4560,1,0.31213963353535856,-0.9316973451904131,-4.0,-5.0,0,0.39999999999999997,0.0
2019,ESPORTSTMNT06/1061175,oe:team:76b516358ee227ba806ba5d955b6314,oe:team:6f0162b86d2a0d206ba9a08a1da14be,1,0.8075869798285497,1.7640336588264385,2.0,-1.0,1,0.08695652173913042,0.0
2019,ESPORTSTMNT06/1061175,oe:team:6f0162b86d2a0d206ba9a08a1da14be,oe:team:76b516358ee227ba806ba5d955b6314,0,0.19241302017145034,-1.7640336588264385,3.0,1.0,3,0.0,0.08695652173913042
2019,ESPORTSTMNT06/1061189,oe:team:7d6673d3a9d00363c6bebc1a630da6e,oe:team:fc8e90107dabb9a35c490b0d86adea0,1,0.6629014341001461,0.7845698493715973,-2.0,-1.0,1,0.0,0.1
2019,ESPORTSTMNT06/1061189,oe:team:fc8e90107dabb9a35c490b0d86adea0,oe:team:7d6673d3a9d00363c6bebc1a630da6e,0,0.3370985658998539,-0.7845698493715973,-1.0,1.0,0,0.1,0.0
2019,ESPORTSTMNT06/1061209,oe:team:73f3126d91d35faa5d5ce34abadb865,oe:team:78f183fa5a7d8ecb22b9ad272c3abd7,1,0.5515929705944752,0.17848382210227598,-1.0,-6.0,2,0.0,0.44999999999999996
2019,ESPORTSTMNT06/1061209,oe:team:78f183fa5a7d8ecb22b9ad272c3abd7,oe:team:73f3126d91d35faa5d5ce34abadb865,0,0.4484070294055248,-0.17848382210227598,5.0,6.0,3,0.44999999999999996,0.0
2019,ESPORTSTMNT06/1061221,oe:team:7b13b2cc48c457832262d00d5ffa6d6,oe:team:3354e252e33ed55fd8fa14595ca1564,0,0.3055740463159591,-1.1495960298273038,-9.0,-6.0,0,0.125,0.022222222222222223
2019,ESPORTSTMNT06/1061221,oe:team:3354e252e33ed55fd8fa14595ca1564,oe:team:7b13b2cc48c457832262d00d5ffa6d6,1,0.6944259536840409,1.1495960298273038,-3.0,6.0,1,0.022222222222222223,0.125
2019,ESPORTSTMNT06/1061227,oe:team:33d17f3717f58e12a3da80b377221fb,oe:team:9cae7677cd0dbcc1cd86653870b73c2,1,0.8824752130013267,2.515501413035802,1.0,-1.0,2,0.4375,0.0
2019,ESPORTSTMNT06/1061227,oe:team:9cae7677cd0dbcc1cd86653870b73c2,oe:team:33d17f3717f58e12a3da80b377221fb,0,0.1175247869986733,-2.515501413035802,2.0,1.0,2,0.0,0.4375
2019,ESPORTSTMNT06/1071398,oe:team:3413ca4510110b5181f3e4b24d52719,oe:team:b41d715b166da7092724123264e4560,0,0.6780792692457421,0.873333838563142,3.0,7.0,2,0.0,0.0
2019,ESPORTSTMNT06/1071398,oe:team:b41d715b166da7092724123264e4560,oe:team:3413ca4510110b5181f3e4b24d52719,1,0.32192073075425787,-0.873333838563142,-4.0,-7.0,0,0.0,0.0
2019,ESPORTSTMNT06/1071409,oe:team:fc8e90107dabb9a35c490b0d86adea0,oe:team:76b516358ee227ba806ba5d955b6314,0,0.3548601262101025,-0.8613078373423497,2.0,2.0,2,0.13333333333333333,0.0
2019,ESPORTSTMNT06/1071409,oe:team:76b516358ee227ba806ba5d955b6314,oe:team:fc8e90107dabb9a35c490b0d86adea0,1,0.6451398737898975,0.8613078373423497,0.0,-2.0,1,0.0,0.13333333333333333
2019,ESPORTSTMNT06/1071415,oe:team:6f0162b86d2a0d206ba9a08a1da14be,oe:team:7d6673d3a9d00363c6bebc1a630da6e,0,0.29508382366883906,-1.214095626302116,-2.0,-4.0,1,0.0,0.0
2019,ESPORTSTMNT06/1071415,oe:team:7d6673d3a9d00363c6bebc1a630da6e,oe:team:6f0162b86d2a0d206ba9a08a1da14be,1,0.7049161763311609,1.214095626302116,2.0,4.0,1,0.0,0.0
2019,ESPORTSTMNT06/1071461,oe:team:9cae7677cd0dbcc1cd86653870b73c2,oe:team:33d17f3717f58e12a3da80b377221fb,0,0.15511494992590527,-2.278901390759017,2.0,6.0,1,0.0,0.075
2019,ESPORTSTMNT06/1071461,oe:team:33d17f3717f58e12a3da80b377221fb,oe:team:9cae7677cd0dbcc1cd86653870b73c2,1,0.8448850500740948,2.278901390759017,-4.0,-6.0,0,0.075,0.0
2019,ESPORTSTMNT06/1071479,oe:team:b41d715b166da7092724123264e4560,oe:team:3413ca4510110b5181f3e4b24d52719,0,0.3955811301299974,-0.636733816286357,-1.0,3.0,1,0.0,0.0
2019,ESPORTSTMNT06/1071479,oe:team:3413ca4510110b5181f3e4b24d52719,oe:team:b41d715b166da7092724123264e4560,1,0.6044188698700026,0.636733816286357,-4.0,-3.0,0,0.0,0.0
2019,ESPORTSTMNT06/1071486,oe:team:9cae7677cd0dbcc1cd86653870b73c2,oe:team:b41d715b166da7092724123264e4560,0,0.3848321429222696,-0.6950973229136281,1.0,5.0,2,0.15,0.0
2019,ESPORTSTMNT06/1071486,oe:team:b41d715b166da7092724123264e4560,oe:team:9cae7677cd0dbcc1cd86653870b73c2,1,0.6151678570777304,0.6950973229136281,-4.0,-5.0,0,0.0,0.15
2019,ESPORTSTMNT06/1071491,oe:team:3413ca4510110b5181f3e4b24d52719,oe:team:33d17f3717f58e12a3da80b377221fb,1,0.38201900493317364,-0.7104702292822469,-2.0,-4.0,1,0.0,0.075
2019,ESPORTSTMNT06/1071491,oe:team:33d17f3717f58e12a3da80b377221fb,oe:team:3413ca4510110b5181f3e4b24d52719,0,0.6179809950668264,0.7104702292822469,2.0,4.0,2,0.075,0.0
2019,ESPORTSTMNT06/1071497,oe:team:3413ca4510110b5181f3e4b24d52719,oe:team:9cae7677cd0dbcc1cd86653870b73c2,1,0.7981175727535756,1.6867311726151626,-1.0,-3.0,1,0.1111111111111111,0.0
2019,ESPORTSTMNT06/1071497,oe:team:9cae7677cd0dbcc1cd86653870b73c2,oe:team:3413ca4510110b5181f3e4b24d52719,0,0.20188242724642436,-1.6867311726151626,2.0,3.0,2,0.0,0.1111111111111111
2019,ESPORTSTMNT06/1071502,oe:team:33d17f3717f58e12a3da80b377221fb,oe:team:b41d715b166da7092724123264e4560,1,0.8000280783946336,1.7021040789837814,-3.0,0.0,1,0.3625,0.0
2019,ESPORTSTMNT06/1071502,oe:team:b41d715b166da7092724123264e4560,oe:team:33d17f3717f58e12a3da80b377221fb,0,0.19997192160536637,-1.7021040789837814,-3.0,0.0,1,0.0,0.3625
2019,ESPORTSTMNT06/1071514,oe:team:33d17f3717f58e12a3da80b377221fb,oe:team:3413ca4510110b5181f3e4b24d52719,1,0.6904095451604109,0.9470702515590319,1.0,3.0,2,0.3625,0.0
2019,ESPORTSTMNT06/1071514,oe:team:3413ca4510110b5181f3e4b24d52719,oe:team:33d17f3717f58e12a3da80b377221fb,0,0.30959045483958914,-0.9470702515590319,-2.0,-3.0,0,0.0,0.3625
2019,ESPORTSTMNT06/1071527,oe:team:76b516358ee227ba806ba5d955b6314,oe:team:fc8e90107dabb9a35c490b0d86adea0,1,0.7147956504872677,1.0979078596191347,-4.0,-9.0,0,0.0,0.1
2019,ESPORTSTMNT06/1071527,oe:team:fc8e90107dabb9a35c490b0d86adea0,oe:team:76b516358ee227ba806ba5d955b6314,0,0.2852043495127323,-1.0979078596191347,5.0,9.0,4,0.1,0.0
2019,ESPORTSTMNT06/1071536,oe:team:7d6673d3a9d00363c6bebc1a630da6e,oe:team:6f0162b86d2a0d206ba9a08a1da14be,1,0.7670747631778752,1.450695648578901,0.0,1.0,2,0.06896551724137931,0.0
2019,ESPORTSTMNT06/1071536,oe:team:6f0162b86d2a0d206ba9a08a1da14be,oe:team:7d6673d3a9d00363c6bebc1a630da6e,0,0.23292523682212485,-1.450695648578901,-1.0,-1.0,1,0.0,0.06896551724137931
2019,ESPORTSTMNT06/1071547,oe:team:6f0162b86d2a0d206ba9a08a1da14be,oe:team:76b516358ee227ba806ba5d955b6314,0,0.24724515156079327,-1.5274336365496535,0.0,2.0,1,0.0,0.0
2019,ESPORTSTMNT06/1071547,oe:team:76b516358ee227ba806ba5d955b6314,oe:team:6f0162b86d2a0d206ba9a08a1da14be,1,0.7527548484392067,1.5274336365496535,-2.0,-2.0,0,0.0,0.0
2019,ESPORTSTMNT06/1071552,oe:team:fc8e90107dabb9a35c490b0d86adea0,oe:team:7d6673d3a9d00363c6bebc1a630da6e,0,0.41212112421218267,-0.5479698270948123,4.0,1.0,3,0.1,0.0
2019,ESPORTSTMNT06/1071552,oe:team:7d6673d3a9d00363c6bebc1a630da6e,oe:team:fc8e90107dabb9a35c490b0d86adea0,1,0.5878788757878173,0.5479698270948123,3.0,-1.0,3,0.0,0.1
2019,ESPORTSTMNT06/1071560,oe:team:6f0162b86d2a0d206ba9a08a1da14be,oe:team:fc8e90107dabb9a35c490b0d86adea0,0,0.41214813685780927,-0.5478257880689112,3.0,0.0,2,0.0,0.0
2019,ESPORTSTMNT06/1071560,oe:team:fc8e90107dabb9a35c490b0d86adea0,oe:team:6f0162b86d2a0d206ba9a08a1da14be,1,0.5878518631421907,0.5478257880689112,3.0,0.0,2,0.0,0.0
2019,ESPORTSTMNT06/1071569,oe:team:7d6673d3a9d00363c6bebc1a630da6e,oe:team:76b516358ee227ba806ba5d955b6314,0,0.47950744581898946,-0.19503799910914488,2.0,8.0,3,0.0,0.0
2019,ESPORTSTMNT06/1071569,oe:team:76b516358ee227ba806ba5d955b6314,oe:team:7d6673d3a9d00363c6bebc1a630da6e,1,0.5204925541810106,0.19503799910914488,-6.0,-8.0,0,0.0,0.0
2019,ESPORTSTMNT06/1071575,oe:team:7d6673d3a9d00363c6bebc1a630da6e,oe:team:76b516358ee227ba806ba5d955b6314,0,0.47950744581898946,-0.19503799910914488,0.0,-3.0,1,0.13793103448275862,0.0
2019,ESPORTSTMNT06/1071575,oe:team:76b516358ee227ba806ba5d955b6314,oe:team:7d6673d3a9d00363c6bebc1a630da6e,1,0.5204925541810106,0.19503799910914488,3.0,3.0,3,0.0,0.13793103448275862
2019,ESPORTSTMNT06/1071615,oe:team:73f3126d91d35faa5d5ce34abadb865,oe:team:3354e252e33ed55fd8fa14595ca1564,0,0.48954437709503235,-0.14311953955801116,2.0,0.0,3,0.0,0.0
2019,ESPORTSTMNT06/1071615,oe:team:3354e252e33ed55fd8fa14595ca1564,oe:team:73f3126d91d35faa5d5ce34abadb865,1,0.5104556229049677,0.14311953955801116,2.0,0.0,3,0.0,0.0
2019,ESPORTSTMNT06/1071627,oe:team:7b13b2cc48c457832262d00d5ffa6d6,oe:team:78f183fa5a7d8ecb22b9ad272c3abd7,0,0.360785659584173,-0.8279926681670167,5.0,6.0,3,0.125,0.44999999999999996
2019,ESPORTSTMNT06/1071627,oe:team:78f183fa5a7d8ecb22b9ad272c3abd7,oe:team:7b13b2cc48c457832262d00d5ffa6d6,1,0.639214340415827,0.8279926681670167,-1.0,-6.0,1,0.44999999999999996,0.125
2019,ESPORTSTMNT06/1071642,oe:team:3354e252e33ed55fd8fa14595ca1564,oe:team:78f183fa5a7d8ecb22b9ad272c3abd7,0,0.6009586963744245,0.43990337279867964,-2.0,0.0,1,0.022222222222222223,0.44999999999999996
2019,ESPORTSTMNT06/1071642,oe:team:78f183fa5a7d8ecb22b9ad272c3abd7,oe:team:3354e252e33ed55fd8fa14595ca1564,1,0.39904130362557555,-0.43990337279867964,-2.0,0.0,2,0.44999999999999996,0.022222222222222223
2019,ESPORTSTMNT06/1071659,oe:team:7b13b2cc48c457832262d00d5ffa6d6,oe:team:73f3126d91d35faa5d5ce34abadb865,0,0.35011331262222983,-0.8881764791309001,-1.0,4.0,2,0.125,0.0625
2019,ESPORTSTMNT06/1071659,oe:team:73f3126d91d35faa5d5ce34abadb865,oe:team:7b13b2cc48c457832262d00d5ffa6d6,1,0.6498866873777702,0.8881764791309001,-5.0,-4.0,0,0.0625,0.125
2019,ESPORTSTMNT06/1071668,oe:team:3354e252e33ed55fd8fa14595ca1564,oe:team:7b13b2cc48c457832262d00d5ffa6d6,1,0.7580357793341729,1.3861960521040888,-4.0,-5.0,0,0.0,0.0
2019,ESPORTSTMNT06/1071668,oe:team:7b13b2cc48c457832262d00d5ffa6d6,oe:team:3354e252e33ed55fd8fa14595ca1564,0,0.24196422066582712,-1.3861960521040888,1.0,5.0,2,0.0,0.0
2019,ESPORTSTMNT06/1071675,oe:team:78f183fa5a7d8ecb22b9ad272c3abd7,oe:team:73f3126d91d35faa5d5ce34abadb865,1,0.5284537930580044,0.058116200174509025,-4.0,-5.0,0,0.5249999999999999,0.0
2019,ESPORTSTMNT06/1071675,oe:team:73f3126d91d35faa5d5ce34abadb865,oe:team:78f183fa5a7d8ecb22b9ad272c3abd7,0,0.47154620694199556,-0.058116200174509025,1.0,5.0,2,0.0,0.5249999999999999
2019,ESPORTSTMNT06/1071696,oe:team:d15303823a1dccff9f3068fb357e356,oe:team:53a258f289c26d94431c0496a54e151,0,0.2728089297572023,-1.3556858757947714,-4.0,-4.0,0,0.0,0.13333333333333333
2019,ESPORTSTMNT06/1071696,oe:team:53a258f289c26d94431c0496a54e151,oe:team:d15303823a1dccff9f3068fb357e356,1,0.7271910702427977,1.3556858757947714,0.0,4.0,1,0.13333333333333333,0.0
2019,ESPORTSTMNT06/1071705,oe:team:8eb884e168f28402ce685bedebb5250,oe:team:ef69efa6acebe94107f0cf1ba716806,0,0.4455417628721373,-0.37162096355131613,4.0,3.0,2,0.11764705882352941,0.0
2019,ESPORTSTMNT06/1071705,oe:team:ef69efa6acebe94107f0cf1ba716806,oe:team:8eb884e168f28402ce685bedebb5250,1,0.5544582371278627,0.37162096355131613,1.0,-3.0,2,0.0,0.11764705882352941
2019,ESPORTSTMNT06/1071716,oe:team:8eb884e168f28402ce685bedebb5250,oe:team:d15303823a1dccff9f3068fb357e356,1,0.7102964519230801,1.0695292759699615,-2.0,0.0,1,0.0,0.0
2019,ESPORTSTMNT06/1071716,oe:team:d15303823a1dccff9f3068fb357e356,oe:team:8eb884e168f28402ce685bedebb5250,0,0.2897035480769199,-1.0695292759699615,-2.0,0.0,0,0.0,0.0
2019,ESPORTSTMNT06/1071720,oe:team:ef69efa6acebe94107f0cf1ba716806,oe:team:53a258f289c26d94431c0496a54e151,1,0.5337255051479878,0.08546436372650623,-1.0,-7.0,2,0.0,0.15555555555555556
2019,ESPORTSTMNT06/1071720,oe:team:53a258f289c26d94431c0496a54e151,oe:team:ef69efa6acebe94107f0cf1ba716806,0,0.4662744948520122,-0.08546436372650623,6.0,7.0,3,0.15555555555555556,0.0
2019,ESPORTSTMNT06/1071724,oe:team:ef69efa6acebe94107f0cf1ba716806,oe:team:d15303823a1dccff9f3068fb357e356,1,0.7817763800921851,1.5594502506596701,-1.0,-3.0,1,0.0,0.0
2019,ESPORTSTMNT06/1071724,oe:team:d15303823a1dccff9f3068fb357e356,oe:team:ef69efa6acebe94107f0cf1ba716806,0,0.21822361990781491,-1.5594502506596701,2.0,3.0,2,0.0,0.0
2019,ESPORTSTMNT06/1071731,oe:team:53a258f289c26d94431c0496a54e151,oe:team:8eb884e168f28402ce685bedebb5250,1,0.6376466150860712,0.6410566332399874,-6.0,-5.0,0,0.0,0.058823529411764705
2019,ESPORTSTMNT06/1071731,oe:team:8eb884e168f28402ce685bedebb5250,oe:team:53a258f289c26d94431c0496a54e151,0,0.36235338491392877,-0.6410566332399874,-1.0,5.0,1,0.058823529411764705,0.0
2019,ESPORTSTMNT06/1061881,oe:team:53a258f289c26d94431c0496a54e151,oe:team:76b516358ee227ba806ba5d955b6314,1,0.4932170699801225,-0.12413475477817482,-4.0,-2.0,0,0.044444444444444446,0.0
2019,ESPORTSTMNT06/1061881,oe:team:76b516358ee227ba806ba5d955b6314,oe:team:53a258f289c26d94431c0496a54e151,0,0.5067829300198775,0.12413475477817482,-2.0,2.0,0,0.0,0.044444444444444446
2019,ESPORTSTMNT06/1061934,oe:team:76b516358ee227ba806ba5d955b6314,oe:team:53a258f289c26d94431c0496a54e151,0,0.5861763323167168,0.3607347770549598,0.0,-3.0,1,0.0,0.022222222222222223
2019,ESPORTSTMNT06/1061934,oe:team:53a258f289c26d94431c0496a54e151,oe:team:76b516358ee227ba806ba5d955b6314,1,0.41382366768328316,-0.3607347770549598,3.0,3.0,3,0.022222222222222223,0.0
2019,ESPORTSTMNT06/1061950,oe:team:53a258f289c26d94431c0496a54e151,oe:team:76b516358ee227ba806ba5d955b6314,0,0.4932170699801225,-0.12413475477817482,-2.0,-3.0,1,0.0,0.0
2019,ESPORTSTMNT06/1061950,oe:team:76b516358ee227ba806ba5d955b6314,oe:team:53a258f289c26d94431c0496a54e151,1,0.5067829300198775,0.12413475477817482,1.0,3.0,2,0.0,0.0
2019,ESPORTSTMNT06/1061960,oe:team:76b516358ee227ba806ba5d955b6314,oe:team:53a258f289c26d94431c0496a54e151,0,0.5861763323167168,0.3607347770549598,0.0,3.0,1,0.0,0.24444444444444446
2019,ESPORTSTMNT06/1061960,oe:team:53a258f289c26d94431c0496a54e151,oe:team:76b516358ee227ba806ba5d955b6314,1,0.41382366768328316,-0.3607347770549598,-3.0,-3.0,2,0.24444444444444446,0.0
2019,ESPORTSTMNT06/1061976,oe:team:33d17f3717f58e12a3da80b377221fb,oe:team:78f183fa5a7d8ecb22b9ad272c3abd7,1,0.6276565015975729,0.5855202071572854,-1.0,-1.0,1,0.25,0.39999999999999997
2019,ESPORTSTMNT06/1061976,oe:team:78f183fa5a7d8ecb22b9ad272c3abd7,oe:team:33d17f3717f58e12a3da80b377221fb,0,0.3723434984024271,-0.5855202071572854,0.0,1.0,1,0.39999999999999997,0.25
2019,ESPORTSTMNT06/1072089,oe:team:78f183fa5a7d8ecb22b9ad272c3abd7,oe:team:33d17f3717f58e12a3da80b377221fb,0,0.44988659069487696,-0.34892018488050036,2.0,7.0,2,0.0,0.075
2019,ESPORTSTMNT06/1072089,oe:team:33d17f3717f58e12a3da80b377221fb,oe:team:78f183fa5a7d8ecb22b9ad272c3abd7,1,0.550113409305123,0.34892018488050036,-5.0,-7.0,1,0.075,0.0
2019,ESPORTSTMNT06/1072107,oe:team:33d17f3717f58e12a3da80b377221fb,oe:team:78f183fa5a7d8ecb22b9ad272c3abd7,0,0.6276565015975729,0.5855202071572854,4.0,2.0,3,0.275,0.0
2019,ESPORTSTMNT06/1072107,oe:team:78f183fa5a7d8ecb22b9ad272c3abd7,oe:team:33d17f3717f58e12a3da80b377221fb,1,0.3723434984024271,-0.5855202071572854,2.0,-2.0,3,0.0,0.275
2019,ESPORTSTMNT06/1072121,oe:team:33d17f3717f58e12a3da80b377221fb,oe:team:78f183fa5a7d8ecb22b9ad272c3abd7,1,0.6276565015975729,0.5855202071572854,-5.0,-6.0,1,0.25,0.049999999999999996
2019,ESPORTSTMNT06/1072121,oe:team:78f183fa5a7d8ecb22b9ad272c3abd7,oe:team:33d17f3717f58e12a3da80b377221fb,0,0.3723434984024271,-0.5855202071572854,1.0,6.0,2,0.049999999999999996,0.25
2019,ESPORTSTMNT06/1062051,oe:team:3413ca4510110b5181f3e4b24d52719,oe:team:3354e252e33ed55fd8fa14595ca1564,0,0.4089585388479512,-0.5648533949236412,-2.0,-3.0,1,0.0,0.022222222222222223
2019,ESPORTSTMNT06/1062051,oe:team:3354e252e33ed55fd8fa14595ca1564,oe:team:3413ca4510110b5181f3e4b24d52719,1,0.5910414611520488,0.5648533949236412,1.0,3.0,1,0.022222222222222223,0.0
2019,ESPORTSTMNT06/1062060,oe:team:3354e252e33ed55fd8fa14595ca1564,oe:team:3413ca4510110b5181f3e4b24d52719,1,0.6658155732632983,0.8014534172004262,0.0,-1.0,1,0.0,0.0
2019,ESPORTSTMNT06/1062060,oe:team:3413ca4510110b5181f3e4b24d52719,oe:team:3354e252e33ed55fd8fa14595ca1564,0,0.3341844267367017,-0.8014534172004262,1.0,1.0,1,0.0,0.0
2019,ESPORTSTMNT06/1062065,oe:team:3354e252e33ed55fd8fa14595ca1564,oe:team:3413ca4510110b5181f3e4b24d52719,0,0.6658155732632983,0.8014534172004262,0.0,-2.0,0,0.0,0.0
2019,ESPORTSTMNT06/1062065,oe:team:3413ca4510110b5181f3e4b24d52719,oe:team:3354e252e33ed55fd8fa14595ca1564,1,0.3341844267367017,-0.8014534172004262,2.0,2.0,3,0.0,0.0
2019,ESPORTSTMNT06/1062070,oe:team:3354e252e33ed55fd8fa14595ca1564,oe:team:3413ca4510110b5181f3e4b24d52719,1,0.6658155732632983,0.8014534172004262,0.0,2.0,2,0.0,0.0
2019,ESPORTSTMNT06/1062070,oe:team:3413ca4510110b5181f3e4b24d52719,oe:team:3354e252e33ed55fd8fa14595ca1564,0,0.3341844267367017,-0.8014534172004262,-2.0,-2.0,0,0.0,0.0
2019,ESPORTSTMNT06/1072179,oe:team:7d6673d3a9d00363c6bebc1a630da6e,oe:team:ef69efa6acebe94107f0cf1ba716806,1,0.5327175253033544,0.08023241421930871,-4.0,-6.0,0,0.0,0.0
2019,ESPORTSTMNT06/1072179,oe:team:ef69efa6acebe94107f0cf1ba716806,oe:team:7d6673d3a9d00363c6bebc1a630da6e,0,0.46728247469664563,-0.08023241421930871,2.0,6.0,3,0.0,0.0
2019,ESPORTSTMNT06/1072193,oe:team:7d6673d3a9d00363c6bebc1a630da6e,oe:team:ef69efa6acebe94107f0cf1ba716806,0,0.5327175253033544,0.08023241421930871,2.0,0.0,1,0.0,0.0
2019,ESPORTSTMNT06/1072193,oe:team:ef69efa6acebe94107f0cf1ba716806,oe:team:7d6673d3a9d00363c6bebc1a630da6e,1,0.46728247469664563,-0.08023241421930871,2.0,0.0,3,0.0,0.0
2019,ESPORTSTMNT06/1072194,oe:team:7d6673d3a9d00363c6bebc1a630da6e,oe:team:ef69efa6acebe94107f0cf1ba716806,1,0.5327175253033544,0.08023241421930871,1.0,1.0,2,0.0,0.0
2019,ESPORTSTMNT06/1072194,oe:team:ef69efa6acebe94107f0cf1ba716806,oe:team:7d6673d3a9d00363c6bebc1a630da6e,0,0.46728247469664563,-0.08023241421930871,0.0,-1.0,1,0.0,0.0
2019,ESPORTSTMNT06/1072195,oe:team:7d6673d3a9d00363c6bebc1a630da6e,oe:team:ef69efa6acebe94107f0cf1ba716806,1,0.5327175253033544,0.08023241421930871,-3.0,-3.0,1,0.0,0.03703703703703703
2019,ESPORTSTMNT06/1072195,oe:team:ef69efa6acebe94107f0cf1ba716806,oe:team:7d6673d3a9d00363c6bebc1a630da6e,0,0.46728247469664563,-0.08023241421930871,0.0,3.0,2,0.03703703703703703,0.0
2019,ESPORTSTMNT06/1072304,oe:team:33d17f3717f58e12a3da80b377221fb,oe:team:53a258f289c26d94431c0496a54e151,1,0.6158917935873758,0.5208872544321546,-4.0,-4.0,0,0.4375,0.0
2019,ESPORTSTMNT06/1072304,oe:team:53a258f289c26d94431c0496a54e151,oe:team:33d17f3717f58e12a3da80b377221fb,0,0.3841082064126242,-0.5208872544321546,0.0,4.0,1,0.0,0.4375
2019,ESPORTSTMNT06/1072311,oe:team:53a258f289c26d94431c0496a54e151,oe:team:33d17f3717f58e12a3da80b377221fb,1,0.4622967867110041,-0.28428723215536955,-5.0,-8.0,1,0.0,0.075
2019,ESPORTSTMNT06/1072311,oe:team:33d17f3717f58e12a3da80b377221fb,oe:team:53a258f289c26d94431c0496a54e151,0,0.5377032132889958,0.28428723215536955,3.0,8.0,3,0.075,0.0
2019,ESPORTSTMNT06/1072314,oe:team:33d17f3717f58e12a3da80b377221fb,oe:team:53a258f289c26d94431c0496a54e151,1,0.6158917935873758,0.5208872544321546,-4.0,-1.0,0,0.325,0.022222222222222223
2019,ESPORTSTMNT06/1072314,oe:team:53a258f289c26d94431c0496a54e151,oe:team:33d17f3717f58e12a3da80b377221fb,0,0.3841082064126242,-0.5208872544321546,-3.0,1.0,1,0.022222222222222223,0.325
2019,ESPORTSTMNT06/1072327,oe:team:53a258f289c26d94431c0496a54e151,oe:team:33d17f3717f58e12a3da80b377221fb,0,0.4622967867110041,-0.28428723215536955,1.0,7.0,2,0.022222222222222223,0.175
2019,ESPORTSTMNT06/1072327,oe:team:33d17f3717f58e12a3da80b377221fb,oe:team:53a258f289c26d94431c0496a54e151,1,0.5377032132889958,0.28428723215536955,-6.0,-7.0,0,0.175,0.022222222222222223
2019,ESPORTSTMNT06/1062258,oe:team:3354e252e33ed55fd8fa14595ca1564,oe:team:7d6673d3a9d00363c6bebc1a630da6e,0,0.6021220361207129,0.4461736644045189,-2.0,-3.0,2,0.0,0.0
2019,ESPORTSTMNT06/1062258,oe:team:7d6673d3a9d00363c6bebc1a630da6e,oe:team:3354e252e33ed55fd8fa14595ca1564,1,0.3978779638792871,-0.4461736644045189,1.0,3.0,2,0.0,0.0
2019,ESPORTSTMNT06/1062262,oe:team:7d6673d3a9d00363c6bebc1a630da6e,oe:team:3354e252e33ed55fd8fa14595ca1564,0,0.4767000129429773,-0.20957364212773388,4.0,4.0,3,0.06896551724137931,0.0
2019,ESPORTSTMNT06/1062262,oe:team:3354e252e33ed55fd8fa14595ca1564,oe:team:7d6673d3a9d00363c6bebc1a630da6e,1,0.5232999870570227,0.20957364212773388,0.0,-4.0,1,0.0,0.06896551724137931
2019,ESPORTSTMNT06/1062263,oe:team:3354e252e33ed55fd8fa14595ca1564,oe:team:7d6673d3a9d00363c6bebc1a630da6e,0,0.6021220361207129,0.4461736644045189,2.0,2.0,3,0.08888888888888889,0.0
2019,ESPORTSTMNT06/1062263,oe:team:7d6673d3a9d00363c6bebc1a630da6e,oe:team:3354e252e33ed55fd8fa14595ca1564,1,0.3978779638792871,-0.4461736644045189,0.0,-2.0,1,0.0,0.08888888888888889
2019,ESPORTSTMNT06/1062265,oe:team:7d6673d3a9d00363c6bebc1a630da6e,oe:team:3354e252e33ed55fd8fa14595ca1564,1,0.4767000129429773,-0.20957364212773388,-1.0,1.0,1,0.0,0.0
2019,ESPORTSTMNT06/1062265,oe:team:3354e252e33ed55fd8fa14595ca1564,oe:team:7d6673d3a9d00363c6bebc1a630da6e,0,0.5232999870570227,0.20957364212773388,-2.0,-1.0,0,0.0,0.0
2019,ESPORTSTMNT06/1072511,oe:team:33d17f3717f58e12a3da80b377221fb,oe:team:7d6673d3a9d00363c6bebc1a630da6e,1,0.6287900854590242,0.5917904987631246,0.0,1.0,1,0.25,0.06896551724137931
2019,ESPORTSTMNT06/1072511,oe:team:7d6673d3a9d00363c6bebc1a630da6e,oe:team:33d17f3717f58e12a3da80b377221fb,0,0.37120991454097585,-0.5917904987631246,-1.0,-1.0,1,0.06896551724137931,0.25
2019,ESPORTSTMNT06/1072516,oe:team:7d6673d3a9d00363c6bebc1a630da6e,oe:team:33d17f3717f58e12a3da80b377221fb,0,0.4486856916292869,-0.3551904764863396,-4.0,-7.0,0,0.06896551724137931,0.0
2019,ESPORTSTMNT06/1072516,oe:team:33d17f3717f58e12a3da80b377221fb,oe:team:7d6673d3a9d00363c6bebc1a630da6e,1,0.551314308370713,0.3551904764863396,3.0,7.0,3,0.0,0.06896551724137931
2019,ESPORTSTMNT06/1072517,oe:team:33d17f3717f58e12a3da80b377221fb,oe:team:7d6673d3a9d00363c6bebc1a630da6e,1,0.6287900854590242,0.5917904987631246,2.0,0.0,2,0.25,0.06896551724137931
2019,ESPORTSTMNT06/1072517,oe:team:7d6673d3a9d00363c6bebc1a630da6e,oe:team:33d17f3717f58e12a3da80b377221fb,0,0.37120991454097585,-0.5917904987631246,2.0,0.0,2,0.06896551724137931,0.25
2020,ESPORTSTMNT03/1530954,oe:team:6a0084dacefb228be863fbb64cefe11,oe:team:bcb21457414eb9be1d27489ff7e8e59,1,0.9105815897768896,2.9091126959944336,-2.0,-2.0,0,0.0,0.0
2020,ESPORTSTMNT03/1530954,oe:team:bcb21457414eb9be1d27489ff7e8e59,oe:team:6a0084dacefb228be863fbb64cefe11,0,0.08941841022311037,-2.9091126959944336,0.0,2.0,1,0.0,0.0
2020,ESPORTSTMNT03/1530963,oe:team:4880b157399745e82e26e229d8bbf48,oe:team:2cb996a4b0ffaca3bcf66fe91450243,1,0.7492212966859698,1.3248600778804485,-5.0,-3.0,0,0.0,0.0
2020,ESPORTSTMNT03/1530963,oe:team:2cb996a4b0ffaca3bcf66fe91450243,oe:team:4880b157399745e82e26e229d8bbf48,0,0.2507787033140302,-1.3248600778804485,-2.0,3.0,0,0.0,0.0
2020,ESPORTSTMNT03/1530972,oe:team:4f5a0b869cd5960c307d1c45e9399a3,oe:team:bcb21457414eb9be1d27489ff7e8e59,1,0.893391396237572,2.6573254345079986,-3.0,-3.0,0,0.0,0.0
2020,ESPORTSTMNT03/1530972,oe:team:bcb21457414eb9be1d27489ff7e8e59,oe:team:4f5a0b869cd5960c307d1c45e9399a3,0,0.10660860376242798,-2.6573254345079986,0.0,3.0,0,0.0,0.0
2020,ESPORTSTMNT03/1530980,oe:team:5f401785b6b78326f9a46b3c6b206ed,oe:team:4880b157399745e82e26e229d8bbf48,0,0.7454011108459029,1.2987244178934088,-2.0,-2.0,0,0.0,0.0
2020,ESPORTSTMNT03/1530980,oe:team:4880b157399745e82e26e229d8bbf48,oe:team:5f401785b6b78326f9a46b3c6b206ed,1,0.2545988891540971,-1.2987244178934088,0.0,2.0,0,0.0,0.0
2020,ESPORTSTMNT03/1530987,oe:team:8eb884e168f28402ce685bedebb5250,oe:team:6a0084dacefb228be863fbb64cefe11,1,0.40358753442373996,-0.5936198095910095,1.0,3.0,1,0.0,0.0
2020,ESPORTSTMNT03/1530987,oe:team:6a0084dacefb228be863fbb64cefe11,oe:team:8eb884e168f28402ce685bedebb5250,0,0.59641246557626,0.5936198095910095,-2.0,-3.0,0,0.0,0.0
2020,ESPORTSTMNT03/1531041,oe:team:2cb996a4b0ffaca3bcf66fe91450243,oe:team:af4b23d4634c4e6ecb5659fb1e689e9,0,0.6101814953777653,0.4897888147146554,2.0,6.0,1,0.0,0.0
2020,ESPORTSTMNT03/1531041,oe:team:af4b23d4634c4e6ecb5659fb1e689e9,oe:team:2cb996a4b0ffaca3bcf66fe91450243,1,0.38981850462223466,-0.4897888147146554,-4.0,-6.0,0,0.0,0.0
2020,ESPORTSTMNT03/1531053,oe:team:bcb21457414eb9be1d27489ff7e8e59,oe:team:5203ff881d5c82c5f720eb3a2f3b44c,0,0.3563652791570501,-0.8528221519764352,2.0,6.0,1,0.0,0.0
2020,ESPORTSTMNT03/1531053,oe:team:5203ff881d5c82c5f720eb3a2f3b44c,oe:team:bcb21457414eb9be1d27489ff7e8e59,1,0.6436347208429499,0.8528221519764352,-4.0,-6.0,0,0.0,0.0
2020,ESPORTSTMNT03/1531064,oe:team:af4b23d4634c4e6ecb5659fb1e689e9,oe:team:e84133caa1e561518201cc7d33f14ed,0,0.3137811218527529,-1.099996694390915,-7.0,-7.0,0,0.0,0.0
2020,ESPORTSTMNT03/1531064,oe:team:e84133caa1e561518201cc7d33f14ed,oe:team:af4b23d4634c4e6ecb5659fb1e689e9,1,0.6862188781472471,1.099996694390915,0.0,7.0,0,0.0,0.0
2020,ESPORTSTMNT03/1531071,oe:team:5f401785b6b78326f9a46b3c6b206ed,oe:team:2cb996a4b0ffaca3bcf66fe91450243,0,0.8824975134702134,2.515779222966325,1.0,1.0,1,0.0,0.0
2020,ESPORTSTMNT03/1531071,oe:team:2cb996a4b0ffaca3bcf66fe91450243,oe:team:5f401785b6b78326f9a46b3c6b206ed,1,0.11750248652978657,-2.515779222966325,0.0,-1.0,0,0.0,0.0
2020,ESPORTSTMNT03/1531088,oe:team:e84133caa1e561518201cc7d33f14ed,oe:team:4880b157399745e82e26e229d8bbf48,1,0.4624615200771862,-0.2834311069740607,-1.0,2.0,0,0.0,0.0
2020,ESPORTSTMNT03/1531088,oe:team:4880b157399745e82e26e229d8bbf48,oe:team:e84133caa1e561518201cc7d33f14ed,0,0.5375384799228138,0.2834311069740607,-3.0,-2.0,0,0.0,0.0
2020,ESPORTSTMNT03/1531100,oe:team:5203ff881d5c82c5f720eb3a2f3b44c,oe:team:6a0084dacefb228be863fbb64cefe11,1,0.2188498907237501,-1.7328747255954022,-3.0,-4.0,0,0.0,0.0
2020,ESPORTSTMNT03/1531100,oe:team:6a0084dacefb228be863fbb64cefe11,oe:team:5203ff881d5c82c5f720eb3a2f3b44c,0,0.7811501092762498,1.7328747255954022,1.0,4.0,1,0.0,0.0
2020,ESPORTSTMNT03/1531119,oe:team:8eb884e168f28402ce685bedebb5250,oe:team:4f5a0b869cd5960c307d1c45e9399a3,1,0.45124473219870387,-0.3418325481045743,-1.0,-3.0,0,0.0,0.0
2020,ESPORTSTMNT03/1531119,oe:team:4f5a0b869cd5960c307d1c45e9399a3,oe:team:8eb884e168f28402ce685bedebb5250,0,0.5487552678012961,0.3418325481045743,2.0,3.0,2,0.0,0.0
2020,ESPORTSTMNT03/1531158,oe:team:af4b23d4634c4e6ecb5659fb1e689e9,oe:team:5f401785b6b78326f9a46b3c6b206ed,0,0.11845205499083997,-2.682152219258384,-1.0,-1.0,0,0.0,0.0
2020,ESPORTSTMNT03/1531158,oe:team:5f401785b6b78326f9a46b3c6b206ed,oe:team:af4b23d4634c4e6ecb5659fb1e689e9,1,0.88154794500916,2.682152219258384,0.0,1.0,0,0.0,0.0
2020,ESPORTSTMNT03/1531172,oe:team:2cb996a4b0ffaca3bcf66fe91450243,oe:team:e84133caa1e561518201cc7d33f14ed,1,0.38064157523434183,-0.7180131524837916,-2.0,0.0,0,0.0,0.0
2020,ESPORTSTMNT03/1531172,oe:team:e84133caa1e561518201cc7d33f14ed,oe:team:2cb996a4b0ffaca3bcf66fe91450243,0,0.6193584247656582,0.7180131524837916,-2.0,0.0,0,0.0,0.0
2020,ESPORTSTMNT03/1531188,oe:team:4880b157399745e82e26e229d8bbf48,oe:team:af4b23d4634c4e6ecb5659fb1e689e9,1,0.8006143545420182,1.7068436197875718,-2.0,-2.0,0,0.0,0.0
2020,ESPORTSTMNT03/1531188,oe:team:af4b23d4634c4e6ecb5659fb1e689e9,oe:team:4880b157399745e82e26e229d8bbf48,0,0.19938564545798176,-1.7068436197875718,0.0,2.0,1,0.0,0.0
2020,ESPORTSTMNT03/1531200,oe:team:e84133caa1e561518201cc7d33f14ed,oe:team:5f401785b6b78326f9a46b3c6b206ed,1,0.25497163946568174,-1.4743502520599374,2.0,0.0,1,0.0,0.0
2020,ESPORTSTMNT03/1531200,oe:team:5f401785b6b78326f9a46b3c6b206ed,oe:team:e84133caa1e561518201cc7d33f14ed,0,0.7450283605343182,1.4743502520599374,2.0,0.0,1,0.0,0.0
2020,ESPORTSTMNT03/1531210,oe:team:e84133caa1e561518201cc7d33f14ed,oe:team:4880b157399745e82e26e229d8bbf48,0,0.4624615200771862,-0.2834311069740607,-1.0,1.0,0,0.0,0.0
2020,ESPORTSTMNT03/1531210,oe:team:4880b157399745e82e26e229d8bbf48,oe:team:e84133caa1e561518201cc7d33f14ed,1,0.5375384799228138,0.2834311069740607,-2.0,-1.0,0,0.0,0.0
2020,ESPORTSTMNT03/1531221,oe:team:5f401785b6b78326f9a46b3c6b206ed,oe:team:af4b23d4634c4e6ecb5659fb1e689e9,1,0.9098636705507472,2.8977627648734483,0.0,2.0,0,0.0,0.0
2020,ESPORTSTMNT03/1531221,oe:team:af4b23d4634c4e6ecb5659fb1e689e9,oe:team:5f401785b6b78326f9a46b3c6b206ed,0,0.09013632944925276,-2.8977627648734483,-2.0,-2.0,1,0.0,0.0
2020,ESPORTSTMNT03/1531269,oe:team:5203ff881d5c82c5f720eb3a2f3b44c,oe:team:8eb884e168f28402ce685bedebb5250,0,0.32531718816079097,-1.0314496431968605,-1.0,-4.0,0,0.13333333333333333,0.0
2020,ESPORTSTMNT03/1531269,oe:team:8eb884e168f28402ce685bedebb5250,oe:team:5203ff881d5c82c5f720eb3a2f3b44c,1,0.674682811839209,1.0314496431968605,3.0,4.0,2,0.0,0.13333333333333333
2020,ESPORTSTMNT03/1531281,oe:team:6a0084dacefb228be863fbb64cefe11,oe:team:4f5a0b869cd5960c307d1c45e9399a3,0,0.5859618433079108,0.3595925342939672,-1.0,0.0,0,0.0,0.0
2020,ESPORTSTMNT03/1531281,oe:team:4f5a0b869cd5960c307d1c45e9399a3,oe:team:6a0084dacefb228be863fbb64cefe11,1,0.4140381566920892,-0.3595925342939672,-1.0,0.0,0,0.0,0.0
2020,ESPORTSTMNT03/1531286,oe:team:bcb21457414eb9be1d27489ff7e8e59,oe:team:8eb884e168f28402ce685bedebb5250,1,0.1864844356975858,-1.992077067980828,-5.0,-3.0,0,0.0,0.0
2020,ESPORTSTMNT03/1531286,oe:team:8eb884e168f28402ce685bedebb5250,oe:team:bcb21457414eb9be1d27489ff7e8e59,0,0.8135155643024142,1.992077067980828,-2.0,3.0,0,0.0,0.0
2020,ESPORTSTMNT03/1531295,oe:team:4f5a0b869cd5960c307d1c45e9399a3,oe:team:5203ff881d5c82c5f720eb3a2f3b44c,1,0.7993577759929751,1.6966980097240312,-3.0,-4.0,0,0.0,0.0
2020,ESPORTSTMNT03/1531295,oe:team:5203ff881d5c82c5f720eb3a2f3b44c,oe:team:4f5a0b869cd5960c307d1c45e9399a3,0,0.20064222400702492,-1.6966980097240312,1.0,4.0,1,0.0,0.0
2020,ESPORTSTMNT03/1531302,oe:team:6a0084dacefb228be863fbb64cefe11,oe:team:bcb21457414eb9be1d27489ff7e8e59,1,0.9105815897768896,2.9091126959944336,0.0,6.0,0,0.0,0.0
2020,ESPORTSTMNT03/1531302,oe:team:bcb21457414eb9be1d27489ff7e8e59,oe:team:6a0084dacefb228be863fbb64cefe11,0,0.08941841022311037,-2.9091126959944336,-6.0,-6.0,0,0.0,0.0
2020,ESPORTSTMNT03/1531323,oe:team:8eb884e168f28402ce685bedebb5250,oe:team:4f5a0b869cd5960c307d1c45e9399a3,1,0.45124473219870387,-0.3418325481045743,-4.0,-3.0,0,0.0,0.0
2020,ESPORTSTMNT03/1531323,oe:team:4f5a0b869cd5960c307d1c45e9399a3,oe:team:8eb884e168f28402ce685bedebb5250,0,0.5487552678012961,0.3418325481045743,-1.0,3.0,0,0.0,0.0
2020,ESPORTSTMNT03/1531382,oe:team:2cb996a4b0ffaca3bcf66fe91450243,oe:team:5f401785b6b78326f9a46b3c6b206ed,0,0.15296976446866695,-2.300168677351261,-2.0,-1.0,0,0.0,0.0
2020,ESPORTSTMNT03/1531382,oe:team:5f401785b6b78326f9a46b3c6b206ed,oe:team:2cb996a4b0ffaca3bcf66fe91450243,1,0.847030235531333,2.300168677351261,-1.0,1.0,0,0.0,0.0
2020,ESPORTSTMNT03/1531400,oe:team:2cb996a4b0ffaca3bcf66fe91450243,oe:team:5f401785b6b78326f9a46b3c6b206ed,0,0.15296976446866695,-2.300168677351261,-2.0,-2.0,1,0.0,0.0
2020,ESPORTSTMNT03/1531400,oe:team:5f401785b6b78326f9a46b3c6b206ed,oe:team:2cb996a4b0ffaca3bcf66fe91450243,1,0.847030235531333,2.300168677351261,0.0,2.0,0,0.0,0.0
2020,ESPORTSTMNT03/1531408,oe:team:5f401785b6b78326f9a46b3c6b206ed,oe:team:2cb996a4b0ffaca3bcf66fe91450243,1,0.8824975134702134,2.515779222966325,0.0,3.0,0,0.0,0.0
2020,ESPORTSTMNT03/1531408,oe:team:2cb996a4b0ffaca3bcf66fe91450243,oe:team:5f401785b6b78326f9a46b3c6b206ed,0,0.11750248652978657,-2.515779222966325,-3.0,-3.0,1,0.0,0.0
2020,ESPORTSTMNT03/1531413,oe:team:5203ff881d5c82c5f720eb3a2f3b44c,oe:team:6a0084dacefb228be863fbb64cefe11,1,0.2188498907237501,-1.7328747255954022,-3.0,2.0,0,0.0,0.0
2020,ESPORTSTMNT03/1531413,oe:team:6a0084dacefb228be863fbb64cefe11,oe:team:5203ff881d5c82c5f720eb3a2f3b44c,0,0.7811501092762498,1.7328747255954022,-5.0,-2.0,0,0.0,0.0
2020,ESPORTSTMNT03/1531424,oe:team:6a0084dacefb228be863fbb64cefe11,oe:team:5203ff881d5c82c5f720eb3a2f3b44c,1,0.8288049986498479,1.9484852712104663,-3.0,-2.0,0,0.0,0.0
2020,ESPORTSTMNT03/1531424,oe:team:5203ff881d5c82c5f720eb3a2f3b44c,oe:team:6a0084dacefb228be863fbb64cefe11,0,0.1711950013501521,-1.9484852712104663,-1.0,2.0,0,0.0,0.0
2020,ESPORTSTMNT03/1531427,oe:team:5203ff881d5c82c5f720eb3a2f3b44c,oe:team:6a0084dacefb228be863fbb64cefe11,1,0.2188498907237501,-1.7328747255954022,1.0,6.0,1,0.0,0.0
2020,ESPORTSTMNT03/1531427,oe:team:6a0084dacefb228be863fbb64cefe11,oe:team:5203ff881d5c82c5f720eb3a2f3b44c,0,0.7811501092762498,1.7328747255954022,-5.0,-6.0,0,0.0,0.0
2020,ESPORTSTMNT03/1531429,oe:team:6a0084dacefb228be863fbb64cefe11,oe:team:5203ff881d5c82c5f720eb3a2f3b44c,1,0.8288049986498479,1.9484852712104663,0.0,2.0,0,0.0,0.0
2020,ESPORTSTMNT03/1531429,oe:team:5203ff881d5c82c5f720eb3a2f3b44c,oe:team:6a0084dacefb228be863fbb64cefe11,0,0.1711950013501521,-1.9484852712104663,-2.0,-2.0,1,0.0,0.0
2020,ESPORTSTMNT03/1531439,oe:team:5203ff881d5c82c5f720eb3a2f3b44c,oe:team:6a0084dacefb228be863fbb64cefe11,1,0.2188498907237501,-1.7328747255954022,-6.0,-4.0,0,0.0,0.0
2020,ESPORTSTMNT03/1531439,oe:team:6a0084dacefb228be863fbb64cefe11,oe:team:5203ff881d5c82c5f720eb3a2f3b44c,0,0.7811501092762498,1.7328747255954022,-2.0,4.0,0,0.0,0.0
2020,ESPORTSTMNT03/1531478,oe:team:4f5a0b869cd5960c307d1c45e9399a3,oe:team:5f401785b6b78326f9a46b3c6b206ed,0,0.38679793213897234,-0.6843799244225648,-1.0,-2.0,0,0.0,0.0
2020,ESPORTSTMNT03/1531478,oe:team:5f401785b6b78326f9a46b3c6b206ed,oe:team:4f5a0b869cd5960c307d1c45e9399a3,1,0.6132020678610277,0.6843799244225648,1.0,2.0,1,0.0,0.0
2020,ESPORTSTMNT03/1531493,oe:team:4f5a0b869cd5960c307d1c45e9399a3,oe:team:5f401785b6b78326f9a46b3c6b206ed,0,0.38679793213897234,-0.6843799244225648,-1.0,-1.0,0,0.0,0.0
2020,ESPORTSTMNT03/1531493,oe:team:5f401785b6b78326f9a46b3c6b206ed,oe:team:4f5a0b869cd5960c307d1c45e9399a3,1,0.6132020678610277,0.6843799244225648,0.0,1.0,0,0.0,0.0
2020,ESPORTSTMNT03/1531500,oe:team:4f5a0b869cd5960c307d1c45e9399a3,oe:team:5f401785b6b78326f9a46b3c6b206ed,0,0.38679793213897234,-0.6843799244225648,1.0,2.0,1,0.0,0.0
2020,ESPORTSTMNT03/1531500,oe:team:5f401785b6b78326f9a46b3c6b206ed,oe:team:4f5a0b869cd5960c307d1c45e9399a3,1,0.6132020678610277,0.6843799244225648,-1.0,-2.0,0,0.0,0.0
2020,ESPORTSTMNT03/1531511,oe:team:e84133caa1e561518201cc7d33f14ed,oe:team:5203ff881d5c82c5f720eb3a2f3b44c,1,0.683695529174721,0.9067276820866585,2.0,1.0,1,0.2222222222222222,0.0
2020,ESPORTSTMNT03/1531511,oe:team:5203ff881d5c82c5f720eb3a2f3b44c,oe:team:e84133caa1e561518201cc7d33f14ed,0,0.316304470825279,-0.9067276820866585,1.0,-1.0,1,0.0,0.2222222222222222
2020,ESPORTSTMNT03/1531521,oe:team:5203ff881d5c82c5f720eb3a2f3b44c,oe:team:e84133caa1e561518201cc7d33f14ed,0,0.38556175519248265,-0.6911171364715943,-3.0,-3.0,0,0.0,0.0
2020,ESPORTSTMNT03/1531521,oe:team:e84133caa1e561518201cc7d33f14ed,oe:team:5203ff881d5c82c5f720eb3a2f3b44c,1,0.6144382448075174,0.6911171364715943,0.0,3.0,0,0.0,0.0
2020,ESPORTSTMNT03/1531524,oe:team:e84133caa1e561518201cc7d33f14ed,oe:team:5203ff881d5c82c5f720eb3a2f3b44c,1,0.683695529174721,0.9067276820866585,1.0,7.0,1,0.0,0.0
2020,ESPORTSTMNT03/1531524,oe:team:5203ff881d5c82c5f720eb3a2f3b44c,oe:team:e84133caa1e561518201cc7d33f14ed,0,0.316304470825279,-0.9067276820866585,-6.0,-7.0,0,0.0,0.0
2020,ESPORTSTMNT03/1551530,oe:team:2e66da41dc460dd378e3bcc57042d31,oe:team:fcec508e780bbd1ad493852640f5b36,0,0.2168131131367658,-1.7483185611670171,0.0,6.0,0,0.0,0.0
2020,ESPORTSTMNT03/1551530,oe:team:fcec508e780bbd1ad493852640f5b36,oe:team:2e66da41dc460dd378e3bcc57042d31,1,0.7831868868632342,1.7483185611670171,-6.0,-6.0,0,0.0,0.0
2020,ESPORTSTMNT03/1551544,oe:team:e84133caa1e561518201cc7d33f14ed,oe:team:1d0389df0c5eea93b04122ba167c010,0,0.25467973957052237,-1.4763361774737171,-1.0,3.0,0,0.0,0.4864864864864865
2020,ESPORTSTMNT03/1551544,oe:team:1d0389df0c5eea93b04122ba167c010,oe:team:e84133caa1e561518201cc7d33f14ed,1,0.7453202604294776,1.4763361774737171,-4.0,-3.0,0,0.4864864864864865,0.0
2020,ESPORTSTMNT03/1551557,oe:team:cd62e47544f14f1d239afa659b9d243,oe:team:4880b157399745e82e26e229d8bbf48,1,0.6676469826144029,0.8121014873001844,-2.0,0.0,0,0.0,0.0
2020,ESPORTSTMNT03/1551557,oe:team:4880b157399745e82e26e229d8bbf48,oe:team:cd62e47544f14f1d239afa659b9d243,0,0.3323530173855971,-0.8121014873001844,-2.0,0.0,0,0.0,0.0
2020,ESPORTSTMNT03/1551575,oe:team:ef69efa6acebe94107f0cf1ba716806,oe:team:b42d0f31f2727621b963042276817c4,1,0.4415618635171546,-0.3924531801198601,-1.0,0.0,0,0.0,0.0
2020,ESPORTSTMNT03/1551575,oe:team:b42d0f31f2727621b963042276817c4,oe:team:ef69efa6acebe94107f0cf1ba716806,0,0.5584381364828455,0.3924531801198601,-1.0,0.0,0,0.0,0.0
2020,ESPORTSTMNT03/1551583,oe:team:50f58982d91a36557ec8aec52ab014f,oe:team:5f401785b6b78326f9a46b3c6b206ed,1,0.5624528357719598,0.2353453283198923,-4.0,-2.0,1,0.0,0.0
2020,ESPORTSTMNT03/1551583,oe:team:5f401785b6b78326f9a46b3c6b206ed,oe:team:50f58982d91a36557ec8aec52ab014f,0,0.4375471642280402,-0.2353453283198923,-2.0,2.0,0,0.0,0.0
2020,ESPORTSTMNT03/1551597,oe:team:a22510a4756fa424cb0771b13261139,oe:team:78f183fa5a7d8ecb22b9ad272c3abd7,0,0.375692331869455,-0.745203590144799,-2.0,0.0,0,0.0,0.0
2020,ESPORTSTMNT03/1551597,oe:team:78f183fa5a7d8ecb22b9ad272c3abd7,oe:team:a22510a4756fa424cb0771b13261139,1,0.6243076681305451,0.745203590144799,-2.0,0.0,0,0.0,0.0
2020,ESPORTSTMNT03/1551654,oe:team:274c62a6d7e34e0e66e5f267a39d5f7,oe:team:8eb884e168f28402ce685bedebb5250,1,0.55327910916458,0.18729403952735213,0.0,5.0,0,0.0,0.0
2020,ESPORTSTMNT03/1551654,oe:team:8eb884e168f28402ce685bedebb5250,oe:team:274c62a6d7e34e0e66e5f267a39d5f7,0,0.44672089083542,-0.18729403952735213,-5.0,-5.0,0,0.0,0.0
2020,ESPORTSTMNT03/1551661,oe:team:7d6673d3a9d00363c6bebc1a630da6e,oe:team:8d47748b0e2a0ac34c90891889805a8,1,0.4659519994276668,-0.2653006716427804,-1.0,0.0,0,0.0,0.0
2020,ESPORTSTMNT03/1551661,oe:team:8d47748b0e2a0ac34c90891889805a8,oe:team:7d6673d3a9d00363c6bebc1a630da6e,0,0.5340480005723331,0.2653006716427804,-1.0,0.0,0,0.0,0.0
2020,ESPORTSTMNT03/1551672,oe:team:cd62e47544f14f1d239afa659b9d243,oe:team:ef69efa6acebe94107f0cf1ba716806,0,0.4242841286883809,-0.48338406000711975,-1.0,-2.0,0,0.0,0.0
2020,ESPORTSTMNT03/1551672,oe:team:ef69efa6acebe94107f0cf1ba716806,oe:team:cd62e47544f14f1d239afa659b9d243,1,0.575715871311619,0.48338406000711975,1.0,2.0,1,0.0,0.0
2020,ESPORTSTMNT03/1551682,oe:team:4880b157399745e82e26e229d8bbf48,oe:team:b42d0f31f2727621b963042276817c4,0,0.2248542810747564,-1.6879387274271642,0.0,2.0,0,0.0,0.0
2020,ESPORTSTMNT03/1551682,oe:team:b42d0f31f2727621b963042276817c4,oe:team:4880b157399745e82e26e229d8bbf48,1,0.7751457189252435,1.6879387274271642,-2.0,-2.0,1,0.0,0.0
2020,ESPORTSTMNT03/1551690,oe:team:50f58982d91a36557ec8aec52ab014f,oe:team:a22510a4756fa424cb0771b13261139,1,0.7739595026422655,1.5010006016255728,-3.0,-1.0,0,0.0,0.0
2020,ESPORTSTMNT03/1551690,oe:team:a22510a4756fa424cb0771b13261139,oe:team:50f58982d91a36557ec8aec52ab014f,0,0.22604049735773446,-1.5010006016255728,-2.0,1.0,0,0.0,0.0
2020,ESPORTSTMNT03/1551701,oe:team:5f401785b6b78326f9a46b3c6b206ed,oe:team:78f183fa5a7d8ecb22b9ad272c3abd7,1,0.6158120300958461,0.5204516831608816,2.0,5.0,1,0.0,0.0
2020,ESPORTSTMNT03/1551701,oe:team:78f183fa5a7d8ecb22b9ad272c3abd7,oe:team:5f401785b6b78326f9a46b3c6b206ed,0,0.38418796990415394,-0.5204516831608816,-3.0,-5.0,0,0.0,0.0
2020,ESPORTSTMNT03/1551729,oe:team:274c62a6d7e34e0e66e5f267a39d5f7,oe:team:7d6673d3a9d00363c6bebc1a630da6e,0,0.35230764082734173,-0.8757353041966902,-2.0,0.0,0,0.0,0.0
2020,ESPORTSTMNT03/1551729,oe:team:7d6673d3a9d00363c6bebc1a630da6e,oe:team:274c62a6d7e34e0e66e5f267a39d5f7,1,0.6476923591726582,0.8757353041966902,-2.0,0.0,0,0.0,0.0
2020,ESPORTSTMNT03/1551740,oe:team:8eb884e168f28402ce685bedebb5250,oe:team:8d47748b0e2a0ac34c90891889805a8,0,0.2770298337219049,-1.328330015366823,2.0,3.0,1,0.0,0.0
2020,ESPORTSTMNT03/1551740,oe:team:8d47748b0e2a0ac34c90891889805a8,oe:team:8eb884e168f28402ce685bedebb5250,1,0.7229701662780952,1.328330015366823,-1.0,-3.0,0,0.0,0.0
2020,ESPORTSTMNT03/1551746,oe:team:ef69efa6acebe94107f0cf1ba716806,oe:team:4880b157399745e82e26e229d8bbf48,1,0.7604545093137176,1.4032908201148362,-2.0,0.0,0,0.0,0.0
2020,ESPORTSTMNT03/1551746,oe:team:4880b157399745e82e26e229d8bbf48,oe:team:ef69efa6acebe94107f0cf1ba716806,0,0.2395454906862824,-1.4032908201148362,-2.0,0.0,0,0.0,0.0
2020,ESPORTSTMNT03/1551755,oe:team:b42d0f31f2727621b963042276817c4,oe:team:cd62e47544f14f1d239afa659b9d243,1,0.730515028818102,1.199253058549576,-3.0,-1.0,0,0.0,0.0
2020,ESPORTSTMNT03/1551755,oe:team:cd62e47544f14f1d239afa659b9d243,oe:team:b42d0f31f2727621b963042276817c4,0,0.26948497118189796,-1.199253058549576,-2.0,1.0,0,0.0,0.0
2020,ESPORTSTMNT03/1551764,oe:team:2e66da41dc460dd378e3bcc57042d31,oe:team:e84133caa1e561518201cc7d33f14ed,1,0.5992258418034373,0.43057480755940014,2.0,4.0,1,0.0,0.0
2020,ESPORTSTMNT03/1551764,oe:team:e84133caa1e561518201cc7d33f14ed,oe:team:2e66da41dc460dd378e3bcc57042d31,0,0.4007741581965627,-0.43057480755940014,-2.0,-4.0,0,0.0,0.0
2020,ESPORTSTMNT03/1551775,oe:team:fcec508e780bbd1ad493852640f5b36,oe:team:1d0389df0c5eea93b04122ba167c010,1,0.648572168504041,0.7025571912527,-2.0,-1.0,0,0.0,0.0
2020,ESPORTSTMNT03/1551775,oe:team:1d0389df0c5eea93b04122ba167c010,oe:team:fcec508e780bbd1ad493852640f5b36,0,0.351427831495959,-0.7025571912527,-1.0,1.0,0,0.0,0.0
2020,ESPORTSTMNT03/1551799,oe:team:7d6673d3a9d00363c6bebc1a630da6e,oe:team:8eb884e168f28402ce685bedebb5250,0,0.726162675774067,1.1708346165315746,-1.0,2.0,0,0.0,0.0
2020,ESPORTSTMNT03/1551799,oe:team:8eb884e168f28402ce685bedebb5250,oe:team:7d6673d3a9d00363c6bebc1a630da6e,1,0.273837324225933,-1.1708346165315746,-3.0,-2.0,0,0.0,0.0
2020,ESPORTSTMNT03/1551806,oe:team:8d47748b0e2a0ac34c90891889805a8,oe:team:274c62a6d7e34e0e66e5f267a39d5f7,1,0.7689718341544696,1.464451794262067,0.0,3.0,0,0.0,0.0
2020,ESPORTSTMNT03/1551806,oe:team:274c62a6d7e34e0e66e5f267a39d5f7,oe:team:8d47748b0e2a0ac34c90891889805a8,0,0.23102816584553043,-1.464451794262067,-3.0,-3.0,0,0.0,0.0
2020,ESPORTSTMNT03/1551814,oe:team:1d0389df0c5eea93b04122ba167c010,oe:team:2e66da41dc460dd378e3bcc57042d31,1,0.7556113258432112,1.3691771883369133,-5.0,-4.0,0,0.2702702702702703,0.0
2020,ESPORTSTMNT03/1551814,oe:team:2e66da41dc460dd378e3bcc57042d31,oe:team:1d0389df0c5eea93b04122ba167c010,0,0.24438867415678878,-1.3691771883369133,-1.0,4.0,0,0.0,0.2702702702702703
2020,ESPORTSTMNT03/1551821,oe:team:fcec508e780bbd1ad493852640f5b36,oe:team:e84133caa1e561518201cc7d33f14ed,1,0.8628275872199255,2.286698641533949,-2.0,-2.0,1,0.0,0.0
2020,ESPORTSTMNT03/1551821,oe:team:e84133caa1e561518201cc7d33f14ed,oe:team:fcec508e780bbd1ad493852640f5b36,0,0.13717241278007453,-2.286698641533949,0.0,2.0,0,0.0,0.0
2020,ESPORTSTMNT03/1551831,oe:team:78f183fa5a7d8ecb22b9ad272c3abd7,oe:team:50f58982d91a36557ec8aec52ab014f,1,0.43395516677083296,-0.4323811930581778,-2.0,-1.0,0,0.0,0.0
2020,ESPORTSTMNT03/1551831,oe:team:50f58982d91a36557ec8aec52ab014f,oe:team:78f183fa5a7d8ecb22b9ad272c3abd7,0,0.566044833229167,0.4323811930581778,-1.0,1.0,0,0.0,0.0
2020,ESPORTSTMNT03/1551839,oe:team:a22510a4756fa424cb0771b13261139,oe:team:5f401785b6b78326f9a46b3c6b206ed,0,0.3042199964005326,-1.1578500004981485,-1.0,1.0,0,0.0,0.5517241379310345
2020,ESPORTSTMNT03/1551839,oe:team:5f401785b6b78326f9a46b3c6b206ed,oe:team:a22510a4756fa424cb0771b13261139,1,0.6957800035994675,1.1578500004981485,-2.0,-1.0,0,0.5517241379310345,0.0
2020,ESPORTSTMNT03/1551906,oe:team:8eb884e168f28402ce685bedebb5250,oe:team:7d6673d3a9d00363c6bebc1a630da6e,0,0.3383984432124419,-0.9552240709165103,-4.0,-5.0,0,0.0,0.36363636363636365
2020,ESPORTSTMNT03/1551906,oe:team:7d6673d3a9d00363c6bebc1a630da6e,oe:team:8eb884e168f28402ce685bedebb5250,1,0.6616015567875582,0.9552240709165103,1.0,5.0,1,0.36363636363636365,0.0
2020,ESPORTSTMNT03/1551915,oe:team:274c62a6d7e34e0e66e5f267a39d5f7,oe:team:8d47748b0e2a0ac34c90891889805a8,0,0.28952042749991314,-1.2488412486470029,-1.0,-2.0,0,0.0,0.0
2020,ESPORTSTMNT03/1551915,oe:team:8d47748b0e2a0ac34c90891889805a8,oe:team:274c62a6d7e34e0e66e5f267a39d5f7,1,0.7104795725000869,1.2488412486470029,1.0,2.0,1,0.0,0.0
2020,ESPORTSTMNT03/1551921,oe:team:7d6673d3a9d00363c6bebc1a630da6e,oe:team:274c62a6d7e34e0e66e5f267a39d5f7,1,0.7137590342001346,1.0913458498117545,-2.0,-2.0,0,0.0,0.0
2020,ESPORTSTMNT03/1551921,oe:team:274c62a6d7e34e0e66e5f267a39d5f7,oe:team:7d6673d3a9d00363c6bebc1a630da6e,0,0.28624096579986535,-1.0913458498117545,0.0,2.0,0,0.0,0.0
2020,ESPORTSTMNT03/1551926,oe:team:8d47748b0e2a0ac34c90891889805a8,oe:team:8eb884e168f28402ce685bedebb5250,0,0.7797213236162152,1.543940560981887,-3.0,0.0,0,0.0,0.0
2020,ESPORTSTMNT03/1551926,oe:team:8eb884e168f28402ce685bedebb5250,oe:team:8d47748b0e2a0ac34c90891889805a8,1,0.22027867638378484,-1.543940560981887,-3.0,0.0,0,0.0,0.0
2020,ESPORTSTMNT03/1551936,oe:team:8eb884e168f28402ce685bedebb5250,oe:team:274c62a6d7e34e0e66e5f267a39d5f7,1,0.5227023224234479,0.028316506087711968,-3.0,-2.0,0,0.0,0.0
2020,ESPORTSTMNT03/1551936,oe:team:274c62a6d7e34e0e66e5f267a39d5f7,oe:team:8eb884e168f28402ce685bedebb5250,0,0.47729767757655206,-0.028316506087711968,-1.0,2.0,0,0.0,0.0
2020,ESPORTSTMNT03/1551941,oe:team:8d47748b0e2a0ac34c90891889805a8,oe:team:7d6673d3a9d00363c6bebc1a630da6e,1,0.6085457559312498,0.4809112172578447,1.0,3.0,1,0.0,0.0
2020,ESPORTSTMNT03/1551941,oe:team:7d6673d3a9d00363c6bebc1a630da6e,oe:team:8d47748b0e2a0ac34c90891889805a8,0,0.3914542440687502,-0.4809112172578447,-2.0,-3.0,0,0.0,0.0
2020,ESPORTSTMNT03/1551948,oe:team:8d47748b0e2a0ac34c90891889805a8,oe:team:7d6673d3a9d00363c6bebc1a630da6e,1,0.6085457559312498,0.4809112172578447,-2.0,3.0,0,0.0,0.0
2020,ESPORTSTMNT03/1551948,oe:team:7d6673d3a9d00363c6bebc1a630da6e,oe:team:8d47748b0e2a0ac34c90891889805a8,0,0.3914542440687502,-0.4809112172578447,-5.0,-3.0,0,0.0,0.0
2020,ESPORTSTMNT03/1532201,oe:team:4880b157399745e82e26e229d8bbf48,oe:team:ef69efa6acebe94107f0cf1ba716806,0,0.29935470508405443,-1.187680274499772,-1.0,-1.0,0,0.13333333333333333,0.0
2020,ESPORTSTMNT03/1532201,oe:team:ef69efa6acebe94107f0cf1ba716806,oe:team:4880b157399745e82e26e229d8bbf48,1,0.7006452949159456,1.187680274499772,0.0,1.0,0,0.0,0.13333333333333333
2020,ESPORTSTMNT03/1532217,oe:team:cd62e47544f14f1d239afa659b9d243,oe:team:b42d0f31f2727621b963042276817c4,0,0.3334912116116746,-0.9836425129345119,0.0,1.0,0,0.0,0.0
2020,ESPORTSTMNT03/1532217,oe:team:b42d0f31f2727621b963042276817c4,oe:team:cd62e47544f14f1d239afa659b9d243,1,0.6665087883883254,0.9836425129345119,-1.0,-1.0,1,0.0,0.0
2020,ESPORTSTMNT03/1532231,oe:team:ef69efa6acebe94107f0cf1ba716806,oe:team:cd62e47544f14f1d239afa659b9d243,1,0.6479433758966624,0.6989946056221839,-3.0,-2.0,0,0.0,0.0
2020,ESPORTSTMNT03/1532231,oe:team:cd62e47544f14f1d239afa659b9d243,oe:team:ef69efa6acebe94107f0cf1ba716806,0,0.3520566241033376,-0.6989946056221839,-1.0,2.0,0,0.0,0.0
2020,ESPORTSTMNT03/1532233,oe:team:b42d0f31f2727621b963042276817c4,oe:team:4880b157399745e82e26e229d8bbf48,0,0.8238131771687645,1.9035492730422283,1.0,6.0,1,0.0,0.0
2020,ESPORTSTMNT03/1532233,oe:team:4880b157399745e82e26e229d8bbf48,oe:team:b42d0f31f2727621b963042276817c4,1,0.17618682283123555,-1.9035492730422283,-5.0,-6.0,0,0.0,0.0
2020,ESPORTSTMNT03/1532242,oe:team:4880b157399745e82e26e229d8bbf48,oe:team:cd62e47544f14f1d239afa659b9d243,1,0.4030527061409152,-0.5964909416851203,1.0,1.0,1,0.0,0.0
2020,ESPORTSTMNT03/1532242,oe:team:cd62e47544f14f1d239afa659b9d243,oe:team:4880b157399745e82e26e229d8bbf48,0,0.5969472938590847,0.5964909416851203,0.0,-1.0,1,0.0,0.0
2020,ESPORTSTMNT03/1532251,oe:team:b42d0f31f2727621b963042276817c4,oe:team:ef69efa6acebe94107f0cf1ba716806,1,0.6317254306741575,0.6080637257349242,1.0,5.0,1,0.0,0.0
2020,ESPORTSTMNT03/1532251,oe:team:ef69efa6acebe94107f0cf1ba716806,oe:team:b42d0f31f2727621b963042276817c4,0,0.36827456932584246,-0.6080637257349242,-4.0,-5.0,0,0.0,0.0
2020,ESPORTSTMNT03/1532272,oe:team:78f183fa5a7d8ecb22b9ad272c3abd7,oe:team:a22510a4756fa424cb0771b13261139,1,0.6926788396701332,0.9608141357598631,-2.0,-1.0,0,0.0,0.0
2020,ESPORTSTMNT03/1532272,oe:team:a22510a4756fa424cb0771b13261139,oe:team:78f183fa5a7d8ecb22b9ad272c3abd7,0,0.3073211603298668,-0.9608141357598631,-1.0,1.0,0,0.0,0.0
2020,ESPORTSTMNT03/1532280,oe:team:5f401785b6b78326f9a46b3c6b206ed,oe:team:50f58982d91a36557ec8aec52ab014f,0,0.5134161762306929,-0.019734782704828202,0.0,3.0,0,0.0,0.0
2020,ESPORTSTMNT03/1532280,oe:team:50f58982d91a36557ec8aec52ab014f,oe:team:5f401785b6b78326f9a46b3c6b206ed,1,0.4865838237693071,0.019734782704828202,-3.0,-3.0,0,0.0,0.0
2020,ESPORTSTMNT03/1532287,oe:team:a22510a4756fa424cb0771b13261139,oe:team:50f58982d91a36557ec8aec52ab014f,0,0.2837359145239863,-1.2853900560105087,0.0,2.0,1,0.0,0.0
2020,ESPORTSTMNT03/1532287,oe:team:50f58982d91a36557ec8aec52ab014f,oe:team:a22510a4756fa424cb0771b13261139,1,0.7162640854760137,1.2853900560105087,-2.0,-2.0,0,0.0,0.0
2020,ESPORTSTMNT03/1532290,oe:team:78f183fa5a7d8ecb22b9ad272c3abd7,oe:team:5f401785b6b78326f9a46b3c6b206ed,1,0.45834441091489364,-0.30484113754581754,-2.0,0.0,0,0.0,0.0
2020,ESPORTSTMNT03/1532290,oe:team:5f401785b6b78326f9a46b3c6b206ed,oe:team:78f183fa5a7d8ecb22b9ad272c3abd7,0,0.5416555890851064,0.30484113754581754,-2.0,0.0,0,0.0,0.0
2020,ESPORTSTMNT03/1532298,oe:team:5f401785b6b78326f9a46b3c6b206ed,oe:team:a22510a4756fa424cb0771b13261139,1,0.75622306396263,1.3734605461132126,-1.0,0.0,0,0.0,0.0
2020,ESPORTSTMNT03/1532298,oe:team:a22510a4756fa424cb0771b13261139,oe:team:5f401785b6b78326f9a46b3c6b206ed,0,0.24377693603737005,-1.3734605461132126,-1.0,0.0,0,0.0,0.0
2020,ESPORTSTMNT03/1532304,oe:team:50f58982d91a36557ec8aec52ab014f,oe:team:78f183fa5a7d8ecb22b9ad272c3abd7,1,0.6388860210542974,0.6479917386732419,0.0,2.0,1,0.0,0.0
2020,ESPORTSTMNT03/1532304,oe:team:78f183fa5a7d8ecb22b9ad272c3abd7,oe:team:50f58982d91a36557ec8aec52ab014f,0,0.36111397894570263,-0.6479917386732419,-2.0,-2.0,0,0.0,0.0
2020,ESPORTSTMNT03/1532345,oe:team:2e66da41dc460dd378e3bcc57042d31,oe:team:1d0389df0c5eea93b04122ba167c010,0,0.30492225264935047,-1.1535666427218492,-1.0,2.0,0,0.0,0.2702702702702703
2020,ESPORTSTMNT03/1532345,oe:team:1d0389df0c5eea93b04122ba167c010,oe:team:2e66da41dc460dd378e3bcc57042d31,1,0.6950777473506495,1.1535666427218492,-3.0,-2.0,0,0.2702702702702703,0.0
2020,ESPORTSTMNT03/1532355,oe:team:e84133caa1e561518201cc7d33f14ed,oe:team:fcec508e780bbd1ad493852640f5b36,0,0.17738352352269277,-2.071088095918885,-1.0,0.0,0,0.0,0.038461538461538464
2020,ESPORTSTMNT03/1532355,oe:team:fcec508e780bbd1ad493852640f5b36,oe:team:e84133caa1e561518201cc7d33f14ed,1,0.8226164764773072,2.071088095918885,-1.0,0.0,0,0.038461538461538464,0.0
2020,ESPORTSTMNT03/1532359,oe:team:1d0389df0c5eea93b04122ba167c010,oe:team:e84133caa1e561518201cc7d33f14ed,1,0.798767272266362,1.6919467230887812,-3.0,-2.0,0,0.0,0.0
2020,ESPORTSTMNT03/1532359,oe:team:e84133caa1e561518201cc7d33f14ed,oe:team:1d0389df0c5eea93b04122ba167c010,0,0.20123272773363798,-1.6919467230887812,-1.0,2.0,0,0.0,0.0
2020,ESPORTSTMNT03/1532365,oe:team:fcec508e780bbd1ad493852640f5b36,oe:team:2e66da41dc460dd378e3bcc57042d31,0,0.8304945045339152,1.9639291067820812,-6.0,-4.0,0,0.0,0.0
2020,ESPORTSTMNT03/1532365,oe:team:2e66da41dc460dd378e3bcc57042d31,oe:team:fcec508e780bbd1ad493852640f5b36,1,0.16950549546608484,-1.9639291067820812,-2.0,4.0,0,0.0,0.0
2020,ESPORTSTMNT03/1532371,oe:team:e84133caa1e561518201cc7d33f14ed,oe:team:2e66da41dc460dd378e3bcc57042d31,0,0.4756592263236807,-0.21496426194433604,2.0,1.0,1,0.0,0.0
2020,ESPORTSTMNT03/1532371,oe:team:2e66da41dc460dd378e3bcc57042d31,oe:team:e84133caa1e561518201cc7d33f14ed,1,0.5243407736763193,0.21496426194433604,1.0,-1.0,1,0.0,0.0
2020,ESPORTSTMNT03/1532374,oe:team:1d0389df0c5eea93b04122ba167c010,oe:team:fcec508e780bbd1ad493852640f5b36,0,0.42361067255014734,-0.4869466456376359,-4.0,-3.0,0,0.0,0.0
2020,ESPORTSTMNT03/1532374,oe:team:fcec508e780bbd1ad493852640f5b36,oe:team:1d0389df0c5eea93b04122ba167c010,1,0.5763893274498526,0.4869466456376359,-1.0,3.0,0,0.0,0.0
2020,ESPORTSTMNT03/1552288,oe:team:ef69efa6acebe94107f0cf1ba716806,oe:team:1d0389df0c5eea93b04122ba167c010,1,0.5576925941075721,0.21038574961517975,0.0,3.0,0,0.0,0.0
2020,ESPORTSTMNT03/1552288,oe:team:1d0389df0c5eea93b04122ba167c010,oe:team:ef69efa6acebe94107f0cf1ba716806,0,0.4423074058924279,-0.21038574961517975,-3.0,-3.0,0,0.0,0.0
2020,ESPORTSTMNT03/1552298,oe:team:1d0389df0c5eea93b04122ba167c010,oe:team:ef69efa6acebe94107f0cf1ba716806,0,0.5182412989730433,0.005224795999884346,-3.0,-3.0,0,0.0,0.0
2020,ESPORTSTMNT03/1552298,oe:team:ef69efa6acebe94107f0cf1ba716806,oe:team:1d0389df0c5eea93b04122ba167c010,1,0.4817587010269567,-0.005224795999884346,0.0,3.0,1,0.0,0.0
2020,ESPORTSTMNT03/1552301,oe:team:1d0389df0c5eea93b04122ba167c010,oe:team:ef69efa6acebe94107f0cf1ba716806,0,0.5182412989730433,0.005224795999884346,-2.0,-1.0,0,0.0,0.16666666666666666
2020,ESPORTSTMNT03/1552301,oe:team:ef69efa6acebe94107f0cf1ba716806,oe:team:1d0389df0c5eea93b04122ba167c010,1,0.4817587010269567,-0.005224795999884346,-1.0,1.0,0,0.16666666666666666,0.0
2020,ESPORTSTMNT03/1552364,oe:team:8d47748b0e2a0ac34c90891889805a8,oe:team:b42d0f31f2727621b963042276817c4,0,0.4587544957963308,-0.3027073123091357,1.0,1.0,1,0.0,0.0
2020,ESPORTSTMNT03/1552364,oe:team:b42d0f31f2727621b963042276817c4,oe:team:8d47748b0e2a0ac34c90891889805a8,1,0.5412455042036692,0.3027073123091357,0.0,-1.0,0,0.0,0.0
2020,ESPORTSTMNT03/1552374,oe:team:8d47748b0e2a0ac34c90891889805a8,oe:team:b42d0f31f2727621b963042276817c4,1,0.4587544957963308,-0.3027073123091357,0.0,2.0,0,0.0,0.0
2020,ESPORTSTMNT03/1552374,oe:team:b42d0f31f2727621b963042276817c4,oe:team:8d47748b0e2a0ac34c90891889805a8,0,0.5412455042036692,0.3027073123091357,-2.0,-2.0,1,0.0,0.0
2020,ESPORTSTMNT03/1552382,oe:team:b42d0f31f2727621b963042276817c4,oe:team:8d47748b0e2a0ac34c90891889805a8,0,0.6154211858513234,0.5183178579241998,-1.0,0.0,0,0.0,0.0
2020,ESPORTSTMNT03/1552382,oe:team:8d47748b0e2a0ac34c90891889805a8,oe:team:b42d0f31f2727621b963042276817c4,1,0.38457881414867656,-0.5183178579241998,-1.0,0.0,0,0.0,0.0
2020,ESPORTSTMNT03/1552386,oe:team:b42d0f31f2727621b963042276817c4,oe:team:8d47748b0e2a0ac34c90891889805a8,0,0.6154211858513234,0.5183178579241998,-2.0,-2.0,0,0.5555555555555556,0.0
2020,ESPORTSTMNT03/1552386,oe:team:8d47748b0e2a0ac34c90891889805a8,oe:team:b42d0f31f2727621b963042276817c4,1,0.38457881414867656,-0.5183178579241998,0.0,2.0,0,0.0,0.5555555555555556
2020,ESPORTSTMNT03/1552420,oe:team:fcec508e780bbd1ad493852640f5b36,oe:team:78f183fa5a7d8ecb22b9ad272c3abd7,0,0.7178285254852405,1.1171895270198293,0.0,3.0,0,0.0,0.0
2020,ESPORTSTMNT03/1552420,oe:team:78f183fa5a7d8ecb22b9ad272c3abd7,oe:team:fcec508e780bbd1ad493852640f5b36,1,0.28217147451475955,-1.1171895270198293,-3.0,-3.0,0,0.0,0.0
2020,ESPORTSTMNT03/1552433,oe:team:fcec508e780bbd1ad493852640f5b36,oe:team:78f183fa5a7d8ecb22b9ad272c3abd7,0,0.7178285254852405,1.1171895270198293,1.0,2.0,2,0.0,0.0
2020,ESPORTSTMNT03/1552433,oe:team:78f183fa5a7d8ecb22b9ad272c3abd7,oe:team:fcec508e780bbd1ad493852640f5b36,1,0.28217147451475955,-1.1171895270198293,-1.0,-2.0,0,0.0,0.0
2020,ESPORTSTMNT03/1552434,oe:team:fcec508e780bbd1ad493852640f5b36,oe:team:78f183fa5a7d8ecb22b9ad272c3abd7,1,0.7178285254852405,1.1171895270198293,0.0,0.0,0,0.0,0.0
2020,ESPORTSTMNT03/1552434,oe:team:78f183fa5a7d8ecb22b9ad272c3abd7,oe:team:fcec508e780bbd1ad493852640f5b36,0,0.28217147451475955,-1.1171895270198293,0.0,0.0,0,0.0,0.0
2020,ESPORTSTMNT03/1552437,oe:team:78f183fa5a7d8ecb22b9ad272c3abd7,oe:team:fcec508e780bbd1ad493852640f5b36,0,0.3477565087651722,-0.9015789814047652,-5.0,-3.0,0,0.0,0.2307692307692308
2020,ESPORTSTMNT03/1552437,oe:team:fcec508e780bbd1ad493852640f5b36,oe:team:78f183fa5a7d8ecb22b9ad272c3abd7,1,0.6522434912348278,0.9015789814047652,-2.0,3.0,0,0.2307692307692308,0.0
2020,ESPORTSTMNT03/1552438,oe:team:78f183fa5a7d8ecb22b9ad272c3abd7,oe:team:fcec508e780bbd1ad493852640f5b36,0,0.3477565087651722,-0.9015789814047652,-2.0,-4.0,1,0.0,0.0
2020,ESPORTSTMNT03/1552438,oe:team:fcec508e780bbd1ad493852640f5b36,oe:team:78f183fa5a7d8ecb22b9ad272c3abd7,1,0.6522434912348278,0.9015789814047652,2.0,4.0,1,0.0,0.0
2020,ESPORTSTMNT03/1532710,oe:team:50f58982d91a36557ec8aec52ab014f,oe:team:7d6673d3a9d00363c6bebc1a630da6e,0,0.5961667402088653,0.41413900273805315,-1.0,0.0,0,0.2222222222222222,0.0
2020,ESPORTSTMNT03/1532710,oe:team:7d6673d3a9d00363c6bebc1a630da6e,oe:team:50f58982d91a36557ec8aec52ab014f,1,0.4038332597911347,-0.41413900273805315,-1.0,0.0,0,0.0,0.2222222222222222
2020,ESPORTSTMNT03/1532721,oe:team:50f58982d91a36557ec8aec52ab014f,oe:team:7d6673d3a9d00363c6bebc1a630da6e,0,0.5961667402088653,0.41413900273805315,-2.0,-3.0,0,0.0,0.0
2020,ESPORTSTMNT03/1532721,oe:team:7d6673d3a9d00363c6bebc1a630da6e,oe:team:50f58982d91a36557ec8aec52ab014f,1,0.4038332597911347,-0.41413900273805315,1.0,3.0,1,0.0,0.0
2020,ESPORTSTMNT03/1532722,oe:team:7d6673d3a9d00363c6bebc1a630da6e,oe:team:50f58982d91a36557ec8aec52ab014f,1,0.4788331694402271,-0.19852845712298883,2.0,3.0,1,0.0,0.2222222222222222
2020,ESPORTSTMNT03/1532722,oe:team:50f58982d91a36557ec8aec52ab014f,oe:team:7d6673d3a9d00363c6bebc1a630da6e,0,0.521166830559773,0.19852845712298883,-1.0,-3.0,0,0.2222222222222222,0.0
2020,ESPORTSTMNT03/1552615,oe:team:7d6673d3a9d00363c6bebc1a630da6e,oe:team:ef69efa6acebe94107f0cf1ba716806,0,0.483272454872245,-0.17555480383205602,1.0,3.0,1,0.0,0.0
2020,ESPORTSTMNT03/1552615,oe:team:ef69efa6acebe94107f0cf1ba716806,oe:team:7d6673d3a9d00363c6bebc1a630da6e,1,0.516727545127755,0.17555480383205602,-2.0,-3.0,0,0.0,0.0
2020,ESPORTSTMNT03/1552617,oe:team:ef69efa6acebe94107f0cf1ba716806,oe:team:7d6673d3a9d00363c6bebc1a630da6e,0,0.5918782767387777,0.39116534944712034,-2.0,-1.0,1,0.0,0.0
2020,ESPORTSTMNT03/1552617,oe:team:7d6673d3a9d00363c6bebc1a630da6e,oe:team:ef69efa6acebe94107f0cf1ba716806,1,0.4081217232612223,-0.39116534944712034,-1.0,1.0,0,0.0,0.0
2020,ESPORTSTMNT03/1552620,oe:team:7d6673d3a9d00363c6bebc1a630da6e,oe:team:ef69efa6acebe94107f0cf1ba716806,0,0.483272454872245,-0.17555480383205602,-1.0,0.0,0,0.18181818181818182,0.0
2020,ESPORTSTMNT03/1552620,oe:team:ef69efa6acebe94107f0cf1ba716806,oe:team:7d6673d3a9d00363c6bebc1a630da6e,1,0.516727545127755,0.17555480383205602,-1.0,0.0,0,0.0,0.18181818181818182
2020,ESPORTSTMNT03/1552621,oe:team:ef69efa6acebe94107f0cf1ba716806,oe:team:7d6673d3a9d00363c6bebc1a630da6e,1,0.5918782767387777,0.39116534944712034,-7.0,-7.0,0,0.0,0.0
2020,ESPORTSTMNT03/1552621,oe:team:7d6673d3a9d00363c6bebc1a630da6e,oe:team:ef69efa6acebe94107f0cf1ba716806,0,0.4081217232612223,-0.39116534944712034,0.0,7.0,1,0.0,0.0
2020,ESPORTSTMNT03/1532920,oe:team:fcec508e780bbd1ad493852640f5b36,oe:team:8d47748b0e2a0ac34c90891889805a8,0,0.613938571211658,0.5102308466343279,-3.0,-2.0,0,0.0,0.0
2020,ESPORTSTMNT03/1532920,oe:team:8d47748b0e2a0ac34c90891889805a8,oe:team:fcec508e780bbd1ad493852640f5b36,1,0.38606142878834204,-0.5102308466343279,-1.0,2.0,0,0.0,0.0
2020,ESPORTSTMNT03/1532929,oe:team:8d47748b0e2a0ac34c90891889805a8,oe:team:fcec508e780bbd1ad493852640f5b36,0,0.46030918423820555,-0.29462030101926384,0.0,0.0,0,0.0,0.0
2020,ESPORTSTMNT03/1532929,oe:team:fcec508e780bbd1ad493852640f5b36,oe:team:8d47748b0e2a0ac34c90891889805a8,1,0.5396908157617945,0.29462030101926384,0.0,0.0,0,0.0,0.0
2020,ESPORTSTMNT03/1532930,oe:team:fcec508e780bbd1ad493852640f5b36,oe:team:8d47748b0e2a0ac34c90891889805a8,0,0.613938571211658,0.5102308466343279,-5.0,-4.0,0,0.2307692307692308,0.19999999999999998
2020,ESPORTSTMNT03/1532930,oe:team:8d47748b0e2a0ac34c90891889805a8,oe:team:fcec508e780bbd1ad493852640f5b36,1,0.38606142878834204,-0.5102308466343279,-1.0,4.0,0,0.19999999999999998,0.2307692307692308
2020,ESPORTSTMNT03/1532935,oe:team:8d47748b0e2a0ac34c90891889805a8,oe:team:fcec508e780bbd1ad493852640f5b36,1,0.46030918423820555,-0.29462030101926384,0.0,1.0,1,0.0,0.0
2020,ESPORTSTMNT03/1532935,oe:team:fcec508e780bbd1ad493852640f5b36,oe:team:8d47748b0e2a0ac34c90891889805a8,0,0.5396908157617945,0.29462030101926384,-1.0,-1.0,0,0.0,0.0
2020,ESPORTSTMNT03/1533024,oe:team:ef69efa6acebe94107f0cf1ba716806,oe:team:8d47748b0e2a0ac34c90891889805a8,1,0.5207211861412846,0.018059404996807693,-1.0,1.0,0,0.0,0.19999999999999998
2020,ESPORTSTMNT03/1533024,oe:team:8d47748b0e2a0ac34c90891889805a8,oe:team:ef69efa6acebe94107f0cf1ba716806,0,0.4792788138587154,-0.018059404996807693,-2.0,-1.0,0,0.19999999999999998,0.0
2020,ESPORTSTMNT03/1533025,oe:team:ef69efa6acebe94107f0cf1ba716806,oe:team:8d47748b0e2a0ac34c90891889805a8,0,0.5207211861412846,0.018059404996807693,-1.0,-1.0,1,0.0,0.09999999999999999
2020,ESPORTSTMNT03/1533025,oe:team:8d47748b0e2a0ac34c90891889805a8,oe:team:ef69efa6acebe94107f0cf1ba716806,1,0.4792788138587154,-0.018059404996807693,0.0,1.0,0,0.09999999999999999,0.0
2020,ESPORTSTMNT03/1533026,oe:team:8d47748b0e2a0ac34c90891889805a8,oe:team:ef69efa6acebe94107f0cf1ba716806,0,0.555240613073284,0.1975511406182564,-1.0,-1.0,0,0.0,0.0
2020,ESPORTSTMNT03/1533026,oe:team:ef69efa6acebe94107f0cf1ba716806,oe:team:8d47748b0e2a0ac34c90891889805a8,1,0.444759386926716,-0.1975511406182564,0.0,1.0,0,0.0,0.0
2020,ESPORTSTMNT03/1533027,oe:team:ef69efa6acebe94107f0cf1ba716806,oe:team:8d47748b0e2a0ac34c90891889805a8,1,0.5207211861412846,0.018059404996807693,-3.0,-4.0,0,0.0,0.0
2020,ESPORTSTMNT03/1533027,oe:team:8d47748b0e2a0ac34c90891889805a8,oe:team:ef69efa6acebe94107f0cf1ba716806,0,0.4792788138587154,-0.018059404996807693,1.0,4.0,1,0.0,0.0
2021,ESPORTSTMNT04_1970393,oe:team:3a1d18f46bcb3716ebcfcf4ef068934,oe:team:a9145b7711873f53e610fbba0493484,0,0.45929805275262353,-0.2998794293885714,2.0,-2.0,2,0.15384615384615385,0.0
2021,ESPORTSTMNT04_1970393,oe:team:a9145b7711873f53e610fbba0493484,oe:team:3a1d18f46bcb3716ebcfcf4ef068934,1,0.5407019472473764,0.2998794293885714,4.0,2.0,3,0.0,0.15384615384615385
2021,ESPORTSTMNT04_1970397,oe:team:7e3dd5ff49e1a44784d225d2de40260,oe:team:67169969ecc058b307edfa9c6b7a3c0,0,0.37356832107409516,-0.7569160440873544,2.0,3.0,3,0.36363636363636365,0.0
2021,ESPORTSTMNT04_1970397,oe:team:67169969ecc058b307edfa9c6b7a3c0,oe:team:7e3dd5ff49e1a44784d225d2de40260,1,0.6264316789259048,0.7569160440873544,-1.0,-3.0,1,0.0,0.36363636363636365
2021,ESPORTSTMNT04_1970407,oe:team:a9145b7711873f53e610fbba0493484,oe:team:b61ee1b18ac8e03518fc61ac07d497c,1,0.9214053868302312,3.0910644005669203,-3.0,-11.0,1,0.0,0.0
2021,ESPORTSTMNT04_1970407,oe:team:b61ee1b18ac8e03518fc61ac07d497c,oe:team:a9145b7711873f53e610fbba0493484,0,0.07859461316976879,-3.0910644005669203,8.0,11.0,4,0.0,0.0
2021,ESPORTSTMNT04_1970417,oe:team:3a1d18f46bcb3716ebcfcf4ef068934,oe:team:7e3dd5ff49e1a44784d225d2de40260,1,0.8846058685491717,2.5422531978531437,-2.0,-7.0,0,0.0,0.0
2021,ESPORTSTMNT04_1970417,oe:team:7e3dd5ff49e1a44784d225d2de40260,oe:team:3a1d18f46bcb3716ebcfcf4ef068934,0,0.11539413145082833,-2.5422531978531437,5.0,7.0,3,0.0,0.0
2021,ESPORTSTMNT04_1970423,oe:team:e84133caa1e561518201cc7d33f14ed,oe:team:e435aa3ecb82a89e60544f5f5857a81,0,0.29136276011758194,-1.2372920400744138,-3.0,-3.0,0,0.303030303030303,0.0
2021,ESPORTSTMNT04_1970423,oe:team:e435aa3ecb82a89e60544f5f5857a81,oe:team:e84133caa1e561518201cc7d33f14ed,1,0.7086372398824181,1.2372920400744138,0.0,3.0,1,0.0,0.303030303030303
2021,ESPORTSTMNT04_1970431,oe:team:0edc9f071bd123368afdc0c53a3db20,oe:team:89008bdacc273b554227d6b76869381,1,0.29907092871432284,-1.189428671087502,-1.0,-2.0,2,0.0,0.125
2021,ESPORTSTMNT04_1970431,oe:team:89008bdacc273b554227d6b76869381,oe:team:0edc9f071bd123368afdc0c53a3db20,0,0.7009290712856772,1.189428671087502,1.0,2.0,1,0.125,0.0
2021,ESPORTSTMNT04_1970442,oe:team:e435aa3ecb82a89e60544f5f5857a81,oe:team:fc8e90107dabb9a35c490b0d86adea0,0,0.35208565360243277,-0.8769922878336749,0.0,-2.0,0,0.0,0.0
2021,ESPORTSTMNT04_1970442,oe:team:fc8e90107dabb9a35c490b0d86adea0,oe:team:e435aa3ecb82a89e60544f5f5857a81,1,0.6479143463975672,0.8769922878336749,2.0,2.0,3,0.0,0.0
2021,ESPORTSTMNT04_1970451,oe:team:e84133caa1e561518201cc7d33f14ed,oe:team:0edc9f071bd123368afdc0c53a3db20,0,0.32314487984170825,-1.044258191189907,-1.0,-3.0,1,0.2727272727272727,0.0
2021,ESPORTSTMNT04_1970451,oe:team:0edc9f071bd123368afdc0c53a3db20,oe:team:e84133caa1e561518201cc7d33f14ed,1,0.6768551201582917,1.044258191189907,2.0,3.0,2,0.0,0.2727272727272727
2021,ESPORTSTMNT04_1970467,oe:team:b61ee1b18ac8e03518fc61ac07d497c,oe:team:3a1d18f46bcb3716ebcfcf4ef068934,0,0.13657185003177402,-2.471428209136966,-1.0,-6.0,0,0.0,0.0
2021,ESPORTSTMNT04_1970467,oe:team:3a1d18f46bcb3716ebcfcf4ef068934,oe:team:b61ee1b18ac8e03518fc61ac07d497c,1,0.8634281499682259,2.471428209136966,5.0,6.0,3,0.0,0.0
2021,ESPORTSTMNT04_1970482,oe:team:67169969ecc058b307edfa9c6b7a3c0,oe:team:a9145b7711873f53e610fbba0493484,0,0.20099188470444596,-1.8720454084601053,-4.0,-3.0,1,0.0,0.10256410256410259
2021,ESPORTSTMNT04_1970482,oe:team:a9145b7711873f53e610fbba0493484,oe:team:67169969ecc058b307edfa9c6b7a3c0,1,0.799008115295554,1.8720454084601053,-1.0,3.0,1,0.10256410256410259,0.0
2021,ESPORTSTMNT04_1970490,oe:team:7e3dd5ff49e1a44784d225d2de40260,oe:team:b61ee1b18ac8e03518fc61ac07d497c,0,0.5650392473261077,0.24893177332520544,-3.0,-1.0,1,0.060606060606060615,0.0
2021,ESPORTSTMNT04_1970490,oe:team:b61ee1b18ac8e03518fc61ac07d497c,oe:team:7e3dd5ff49e1a44784d225d2de40260,1,0.43496075267389234,-0.24893177332520544,-2.0,1.0,1,0.0,0.060606060606060615
2021,ESPORTSTMNT04_1970496,oe:team:67169969ecc058b307edfa9c6b7a3c0,oe:team:3a1d18f46bcb3716ebcfcf4ef068934,0,0.25626330069951253,-1.4655803917244061,4.0,7.0,2,0.19230769230769235,0.0
2021,ESPORTSTMNT04_1970496,oe:team:3a1d18f46bcb3716ebcfcf4ef068934,oe:team:67169969ecc058b307edfa9c6b7a3c0,1,0.7437366993004875,1.4655803917244061,-3.0,-7.0,2,0.0,0.19230769230769235
2021,ESPORTSTMNT04_1970501,oe:team:89008bdacc273b554227d6b76869381,oe:team:fc8e90107dabb9a35c490b0d86adea0,0,0.5606695466596389,0.22598812171644778,5.0,8.0,3,0.16666666666666669,0.3703703703703703
2021,ESPORTSTMNT04_1970501,oe:team:fc8e90107dabb9a35c490b0d86adea0,oe:team:89008bdacc273b554227d6b76869381,1,0.43933045334036114,-0.22598812171644778,-3.0,-8.0,1,0.3703703703703703,0.16666666666666669
2021,ESPORTSTMNT04_1970517,oe:team:0edc9f071bd123368afdc0c53a3db20,oe:team:e435aa3ecb82a89e60544f5f5857a81,0,0.5005094770553626,-0.08644826153737917,-4.0,-3.0,1,0.2142857142857143,0.0
2021,ESPORTSTMNT04_1970517,oe:team:e435aa3ecb82a89e60544f5f5857a81,oe:team:0edc9f071bd123368afdc0c53a3db20,1,0.49949052294463736,0.08644826153737917,-1.0,3.0,2,0.0,0.2142857142857143
2021,ESPORTSTMNT04_1970523,oe:team:89008bdacc273b554227d6b76869381,oe:team:e84133caa1e561518201cc7d33f14ed,1,0.8854871264164017,2.553443624318792,-3.0,-5.0,0,0.0,0.18181818181818182
2021,ESPORTSTMNT04_1970523,oe:team:e84133caa1e561518201cc7d33f14ed,oe:team:89008bdacc273b554227d6b76869381,0,0.1145128735835983,-2.553443624318792,2.0,5.0,2,0.18181818181818182,0.0
2021,ESPORTSTMNT04_1970530,oe:team:fc8e90107dabb9a35c490b0d86adea0,oe:team:0edc9f071bd123368afdc0c53a3db20,1,0.7431134870855015,1.2831973114124373,-1.0,2.0,1,0.0,0.2142857142857143
2021,ESPORTSTMNT04_1970530,oe:team:0edc9f071bd123368afdc0c53a3db20,oe:team:fc8e90107dabb9a35c490b0d86adea0,0,0.2568865129144985,-1.2831973114124373,-3.0,-2.0,2,0.2142857142857143,0.0
2021,ESPORTSTMNT04_1970541,oe:team:a9145b7711873f53e610fbba0493484,oe:team:7e3dd5ff49e1a44784d225d2de40260,1,0.9130465249460228,2.948718214588843,1.0,2.0,2,0.0,0.36363636363636365
2021,ESPORTSTMNT04_1970541,oe:team:7e3dd5ff49e1a44784d225d2de40260,oe:team:a9145b7711873f53e610fbba0493484,0,0.08695347505397721,-2.948718214588843,-1.0,-2.0,1,0.36363636363636365,0.0
2021,ESPORTSTMNT04_1970547,oe:team:b61ee1b18ac8e03518fc61ac07d497c,oe:team:67169969ecc058b307edfa9c6b7a3c0,1,0.3481633761457387,-0.899262230065432,-2.0,1.0,0,0.0,0.0
2021,ESPORTSTMNT04_1970547,oe:team:67169969ecc058b307edfa9c6b7a3c0,oe:team:b61ee1b18ac8e03518fc61ac07d497c,0,0.6518366238542612,0.899262230065432,-3.0,-1.0,1,0.0,0.0
2021,ESPORTSTMNT04_1970553,oe:team:e435aa3ecb82a89e60544f5f5857a81,oe:team:89008bdacc273b554227d6b76869381,1,0.33130076672853015,-0.9963948222029949,3.0,-2.0,3,0.16666666666666666,0.16666666666666669
2021,ESPORTSTMNT04_1970553,oe:team:89008bdacc273b554227d6b76869381,oe:team:e435aa3ecb82a89e60544f5f5857a81,0,0.6686992332714699,0.9963948222029949,5.0,2.0,3,0.16666666666666669,0.16666666666666666
2021,ESPORTSTMNT04_1970564,oe:team:fc8e90107dabb9a35c490b0d86adea0,oe:team:e84133caa1e561518201cc7d33f14ed,0,0.8757763234872283,2.434041089949472,3.0,2.0,2,0.0,0.18181818181818182
2021,ESPORTSTMNT04_1970564,oe:team:e84133caa1e561518201cc7d33f14ed,oe:team:fc8e90107dabb9a35c490b0d86adea0,1,0.12422367651277166,-2.434041089949472,1.0,-2.0,3,0.18181818181818182,0.0
2021,ESPORTSTMNT04_1970572,oe:team:e84133caa1e561518201cc7d33f14ed,oe:team:89008bdacc273b554227d6b76869381,0,0.1489907848580179,-2.3402724496245364,-1.0,2.0,1,0.0,0.0
2021,ESPORTSTMNT04_1970572,oe:team:89008bdacc273b554227d6b76869381,oe:team:e84133caa1e561518201cc7d33f14ed,1,0.8510092151419821,2.3402724496245364,-3.0,-2.0,1,0.0,0.0
2021,ESPORTSTMNT04_1970577,oe:team:e435aa3ecb82a89e60544f5f5857a81,oe:team:fc8e90107dabb9a35c490b0d86adea0,1,0.35208565360243277,-0.8769922878336749,-1.0,-6.0,0,0.0,0.5555555555555555
2021,ESPORTSTMNT04_1970577,oe:team:fc8e90107dabb9a35c490b0d86adea0,oe:team:e435aa3ecb82a89e60544f5f5857a81,0,0.6479143463975672,0.8769922878336749,5.0,6.0,3,0.5555555555555555,0.0
2021,ESPORTSTMNT04_1960519,oe:team:0edc9f071bd123368afdc0c53a3db20,oe:team:89008bdacc273b554227d6b76869381,1,0.29907092871432284,-1.189428671087502,-1.0,-1.0,1,0.0,0.08333333333333334
2021,ESPORTSTMNT04_1960519,oe:team:89008bdacc273b554227d6b76869381,oe:team:0edc9f071bd123368afdc0c53a3db20,0,0.7009290712856772,1.189428671087502,0.0,1.0,2,0.08333333333333334,0.0
2021,ESPORTSTMNT04_1960531,oe:team:0edc9f071bd123368afdc0c53a3db20,oe:team:89008bdacc273b554227d6b76869381,1,0.29907092871432284,-1.189428671087502,-1.0,4.0,2,0.2142857142857143,0.08333333333333334
2021,ESPORTSTMNT04_1960531,oe:team:89008bdacc273b554227d6b76869381,oe:team:0edc9f071bd123368afdc0c53a3db20,0,0.7009290712856772,1.189428671087502,-5.0,-4.0,0,0.08333333333333334,0.2142857142857143
2021,ESPORTSTMNT04_1960532,oe:team:0edc9f071bd123368afdc0c53a3db20,oe:team:89008bdacc273b554227d6b76869381,0,0.29907092871432284,-1.189428671087502,-3.0,-4.0,0,0.4285714285714286,0.08333333333333334
2021,ESPORTSTMNT04_1960532,oe:team:89008bdacc273b554227d6b76869381,oe:team:0edc9f071bd123368afdc0c53a3db20,1,0.7009290712856772,1.189428671087502,1.0,4.0,2,0.08333333333333334,0.4285714285714286
2021,ESPORTSTMNT04_1960539,oe:team:89008bdacc273b554227d6b76869381,oe:team:0edc9f071bd123368afdc0c53a3db20,1,0.7603570656492813,1.4025998457817574,-1.0,3.0,1,0.0,0.4285714285714286
2021,ESPORTSTMNT04_1960539,oe:team:0edc9f071bd123368afdc0c53a3db20,oe:team:89008bdacc273b554227d6b76869381,0,0.2396429343507187,-1.4025998457817574,-4.0,-3.0,0,0.4285714285714286,0.0
2021,ESPORTSTMNT04_1960540,oe:team:0edc9f071bd123368afdc0c53a3db20,oe:team:89008bdacc273b554227d6b76869381,0,0.29907092871432284,-1.189428671087502,-1.0,1.0,1,0.2142857142857143,0.20833333333333334
2021,ESPORTSTMNT04_1960540,oe:team:89008bdacc273b554227d6b76869381,oe:team:0edc9f071bd123368afdc0c53a3db20,1,0.7009290712856772,1.189428671087502,-2.0,-1.0,1,0.20833333333333334,0.2142857142857143
2021,ESPORTSTMNT04_1960541,oe:team:b61ee1b18ac8e03518fc61ac07d497c,oe:team:67169969ecc058b307edfa9c6b7a3c0,0,0.3481633761457387,-0.899262230065432,5.0,11.0,4,0.0,0.11538461538461539
2021,ESPORTSTMNT04_1960541,oe:team:67169969ecc058b307edfa9c6b7a3c0,oe:team:b61ee1b18ac8e03518fc61ac07d497c,1,0.6518366238542612,0.899262230065432,-6.0,-11.0,0,0.11538461538461539,0.0
2021,ESPORTSTMNT04_1960553,oe:team:b61ee1b18ac8e03518fc61ac07d497c,oe:team:67169969ecc058b307edfa9c6b7a3c0,1,0.3481633761457387,-0.899262230065432,2.0,7.0,2,0.0,0.0
2021,ESPORTSTMNT04_1960553,oe:team:67169969ecc058b307edfa9c6b7a3c0,oe:team:b61ee1b18ac8e03518fc61ac07d497c,0,0.6518366238542612,0.899262230065432,-5.0,-7.0,0,0.0,0.0
2021,ESPORTSTMNT04_1960554,oe:team:67169969ecc058b307edfa9c6b7a3c0,oe:team:b61ee1b18ac8e03518fc61ac07d497c,0,0.717082240483296,1.1124334047596875,1.0,-1.0,3,0.07692307692307693,0.0
2021,ESPORTSTMNT04_1960554,oe:team:b61ee1b18ac8e03518fc61ac07d497c,oe:team:67169969ecc058b307edfa9c6b7a3c0,1,0.28291775951670395,-1.1124334047596875,2.0,1.0,2,0.0,0.07692307692307693
2021,ESPORTSTMNT04_1960555,oe:team:b61ee1b18ac8e03518fc61ac07d497c,oe:team:67169969ecc058b307edfa9c6b7a3c0,0,0.3481633761457387,-0.899262230065432,-1.0,2.0,1,0.0,0.0
2021,ESPORTSTMNT04_1960555,oe:team:67169969ecc058b307edfa9c6b7a3c0,oe:team:b61ee1b18ac8e03518fc61ac07d497c,1,0.6518366238542612,0.899262230065432,-3.0,-2.0,1,0.0,0.0
2021,ESPORTSTMNT04_1960557,oe:team:67169969ecc058b307edfa9c6b7a3c0,oe:team:b61ee1b18ac8e03518fc61ac07d497c,0,0.717082240483296,1.1124334047596875,-5.0,-8.0,1,0.07692307692307693,0.0
2021,ESPORTSTMNT04_1960557,oe:team:b61ee1b18ac8e03518fc61ac07d497c,oe:team:67169969ecc058b307edfa9c6b7a3c0,1,0.28291775951670395,-1.1124334047596875,3.0,8.0,2,0.0,0.07692307692307693
2021,ESPORTSTMNT04_1970653,oe:team:89008bdacc273b554227d6b76869381,oe:team:3a1d18f46bcb3716ebcfcf4ef068934,0,0.424958526433822,-0.47981798347154225,-6.0,-6.0,1,0.0,0.12820512820512822
2021,ESPORTSTMNT04_1970653,oe:team:3a1d18f46bcb3716ebcfcf4ef068934,oe:team:89008bdacc273b554227d6b76869381,1,0.575041473566178,0.47981798347154225,0.0,6.0,1,0.12820512820512822,0.0
2021,ESPORTSTMNT04_1970668,oe:team:3a1d18f46bcb3716ebcfcf4ef068934,oe:team:89008bdacc273b554227d6b76869381,1,0.6468822598099973,0.6929891581657978,4.0,10.0,2,0.12820512820512822,0.04166666666666667
2021,ESPORTSTMNT04_1970668,oe:team:89008bdacc273b554227d6b76869381,oe:team:3a1d18f46bcb3716ebcfcf4ef068934,0,0.35311774019000275,-0.6929891581657978,-6.0,-10.0,0,0.04166666666666667,0.12820512820512822
2021,ESPORTSTMNT04_1970669,oe:team:3a1d18f46bcb3716ebcfcf4ef068934,oe:team:89008bdacc273b554227d6b76869381,1,0.6468822598099973,0.6929891581657978,0.0,1.0,2,0.12820512820512822,0.16666666666666669
2021,ESPORTSTMNT04_1970669,oe:team:89008bdacc273b554227d6b76869381,oe:team:3a1d18f46bcb3716ebcfcf4ef068934,0,0.35311774019000275,-0.6929891581657978,-1.0,-1.0,1,0.16666666666666669,0.12820512820512822
2021,ESPORTSTMNT04_1970670,oe:team:b61ee1b18ac8e03518fc61ac07d497c,oe:team:fc8e90107dabb9a35c490b0d86adea0,0,0.21454739787137692,-1.765622103948976,-1.0,1.0,1,0.0,0.0
2021,ESPORTSTMNT04_1970670,oe:team:fc8e90107dabb9a35c490b0d86adea0,oe:team:b61ee1b18ac8e03518fc61ac07d497c,1,0.7854526021286231,1.765622103948976,-2.0,-1.0,1,0.0,0.0
2021,ESPORTSTMNT04_1970677,oe:team:b61ee1b18ac8e03518fc61ac07d497c,oe:team:fc8e90107dabb9a35c490b0d86adea0,0,0.21454739787137692,-1.765622103948976,3.0,7.0,3,0.03225806451612903,0.07407407407407407
2021,ESPORTSTMNT04_1970677,oe:team:fc8e90107dabb9a35c490b0d86adea0,oe:team:b61ee1b18ac8e03518fc61ac07d497c,1,0.7854526021286231,1.765622103948976,-4.0,-7.0,1,0.07407407407407407,0.03225806451612903
2021,ESPORTSTMNT04_1970678,oe:team:fc8e90107dabb9a35c490b0d86adea0,oe:team:b61ee1b18ac8e03518fc61ac07d497c,1,0.8321080386649969,1.9787932786432314,-1.0,-2.0,2,0.07407407407407407,0.0
2021,ESPORTSTMNT04_1970678,oe:team:b61ee1b18ac8e03518fc61ac07d497c,oe:team:fc8e90107dabb9a35c490b0d86adea0,0,0.16789196133500306,-1.9787932786432314,1.0,2.0,1,0.0,0.07407407407407407
2021,ESPORTSTMNT04_1960677,oe:team:ef69efa6acebe94107f0cf1ba716806,oe:team:33d17f3717f58e12a3da80b377221fb,1,0.5159504146040902,-0.006627486208656386,0.0,-2.0,2,0.0,0.0
2021,ESPORTSTMNT04_1960677,oe:team:33d17f3717f58e12a3da80b377221fb,oe:team:ef69efa6acebe94107f0cf1ba716806,0,0.4840495853959098,0.006627486208656386,2.0,2.0,3,0.0,0.0
2021,ESPORTSTMNT04_1960694,oe:team:73f3126d91d35faa5d5ce34abadb865,oe:team:4880b157399745e82e26e229d8bbf48,1,0.6986647728361618,0.9973421336361499,4.0,13.0,2,0.0,0.40816326530612246
2021,ESPORTSTMNT04_1960694,oe:team:4880b157399745e82e26e229d8bbf48,oe:team:73f3126d91d35faa5d5ce34abadb865,0,0.3013352271638382,-0.9973421336361499,-9.0,-13.0,0,0.40816326530612246,0.0
2021,ESPORTSTMNT04_1960703,oe:team:3a1d18f46bcb3716ebcfcf4ef068934,oe:team:78f183fa5a7d8ecb22b9ad272c3abd7,1,0.558064285497249,0.2123325942316463,-7.0,-6.0,0,0.0,0.06666666666666667
2021,ESPORTSTMNT04_1960703,oe:team:78f183fa5a7d8ecb22b9ad272c3abd7,oe:team:3a1d18f46bcb3716ebcfcf4ef068934,0,0.44193571450275104,-0.2123325942316463,-1.0,6.0,1,0.06666666666666667,0.0
2021,ESPORTSTMNT04_1960714,oe:team:a9145b7711873f53e610fbba0493484,oe:team:50f58982d91a36557ec8aec52ab014f,0,0.5815153780850297,0.33595165229925605,-2.0,-5.0,2,0.0,0.0
2021,ESPORTSTMNT04_1960714,oe:team:50f58982d91a36557ec8aec52ab014f,oe:team:a9145b7711873f53e610fbba0493484,1,0.41848462191497027,-0.33595165229925605,3.0,5.0,2,0.0,0.0
2021,ESPORTSTMNT04_1960720,oe:team:ce499dea30cfce118f4fe85da0227e8,oe:team:e435aa3ecb82a89e60544f5f5857a81,1,0.8335632687576272,1.9922972356418935,-1.0,0.0,1,0.0,0.16666666666666666
2021,ESPORTSTMNT04_1960720,oe:team:e435aa3ecb82a89e60544f5f5857a81,oe:team:ce499dea30cfce118f4fe85da0227e8,0,0.1664367312423728,-1.9922972356418935,-1.0,0.0,0,0.16666666666666666,0.0
2021,ESPORTSTMNT04_1960728,oe:team:056c3140a119e44a03d462e2c832f27,oe:team:4bd1751425ef6a9bc9d4d8e9385b4a6,1,0.7976604989358578,1.6830694607809513,-3.0,-12.0,1,0.08333333333333333,0.0303030303030303
2021,ESPORTSTMNT04_1960728,oe:team:4bd1751425ef6a9bc9d4d8e9385b4a6,oe:team:056c3140a119e44a03d462e2c832f27,0,0.20233950106414222,-1.6830694607809513,9.0,12.0,5,0.0303030303030303,0.08333333333333333
2021,ESPORTSTMNT04_1960739,oe:team:8eb884e168f28402ce685bedebb5250,oe:team:6a0084dacefb228be863fbb64cefe11,1,0.3727365428799117,-0.7615100281651526,-4.0,-5.0,0,0.0,0.22727272727272727
2021,ESPORTSTMNT04_1960739,oe:team:6a0084dacefb228be863fbb64cefe11,oe:team:8eb884e168f28402ce685bedebb5250,0,0.6272634571200884,0.7615100281651526,1.0,5.0,1,0.22727272727272727,0.0
2021,ESPORTSTMNT04_1960743,oe:team:cd62e47544f14f1d239afa659b9d243,oe:team:fc8e90107dabb9a35c490b0d86adea0,1,0.653724951703233,0.7318632379978927,3.0,0.0,3,0.0,0.0
2021,ESPORTSTMNT04_1960743,oe:team:fc8e90107dabb9a35c490b0d86adea0,oe:team:cd62e47544f14f1d239afa659b9d243,0,0.34627504829676703,-0.7318632379978927,3.0,0.0,3,0.0,0.0
2021,ESPORTSTMNT04_1970810,oe:team:ce499dea30cfce118f4fe85da0227e8,oe:team:056c3140a119e44a03d462e2c832f27,0,0.4074980755417808,-0.5726636236214679,-2.0,-5.0,0,0.0,0.0
2021,ESPORTSTMNT04_1970810,oe:team:056c3140a119e44a03d462e2c832f27,oe:team:ce499dea30cfce118f4fe85da0227e8,1,0.5925019244582193,0.5726636236214679,3.0,5.0,3,0.0,0.0
2021,ESPORTSTMNT04_1960793,oe:team:cd62e47544f14f1d239afa659b9d243,oe:team:ef69efa6acebe94107f0cf1ba716806,0,0.38891155440054037,-0.6728789498267511,0.0,4.0,1,0.0,0.0
2021,ESPORTSTMNT04_1960793,oe:team:ef69efa6acebe94107f0cf1ba716806,oe:team:cd62e47544f14f1d239afa659b9d243,1,0.6110884455994596,0.6728789498267511,-4.0,-4.0,0,0.0,0.0
2021,ESPORTSTMNT04_1960799,oe:team:4880b157399745e82e26e229d8bbf48,oe:team:3a1d18f46bcb3716ebcfcf4ef068934,1,0.5078470101137911,-0.04852739721832888,3.0,3.0,3,0.326530612244898,0.0
2021,ESPORTSTMNT04_1960799,oe:team:3a1d18f46bcb3716ebcfcf4ef068934,oe:team:4880b157399745e82e26e229d8bbf48,0,0.4921529898862089,0.04852739721832888,0.0,-3.0,1,0.0,0.326530612244898
2021,ESPORTSTMNT04_1960826,oe:team:78f183fa5a7d8ecb22b9ad272c3abd7,oe:team:73f3126d91d35faa5d5ce34abadb865,0,0.3775821003967908,-0.7348049812609563,-4.0,0.0,1,0.06666666666666667,0.0
2021,ESPORTSTMNT04_1960826,oe:team:73f3126d91d35faa5d5ce34abadb865,oe:team:78f183fa5a7d8ecb22b9ad272c3abd7,1,0.6224178996032093,0.7348049812609563,-4.0,0.0,1,0.0,0.06666666666666667
2021,ESPORTSTMNT04_1960844,oe:team:fc8e90107dabb9a35c490b0d86adea0,oe:team:33d17f3717f58e12a3da80b377221fb,0,0.26434236475942813,-1.4113696740333002,-4.0,-6.0,1,0.037037037037037035,0.16129032258064516
2021,ESPORTSTMNT04_1960844,oe:team:33d17f3717f58e12a3da80b377221fb,oe:team:fc8e90107dabb9a35c490b0d86adea0,1,0.7356576352405719,1.4113696740333002,2.0,6.0,2,0.16129032258064516,0.037037037037037035
2021,ESPORTSTMNT04_1960850,oe:team:e435aa3ecb82a89e60544f5f5857a81,oe:team:4bd1751425ef6a9bc9d4d8e9385b4a6,0,0.3512210658492775,-0.8818913984824102,3.0,8.0,2,0.0,0.0
2021,ESPORTSTMNT04_1960850,oe:team:4bd1751425ef6a9bc9d4d8e9385b4a6,oe:team:e435aa3ecb82a89e60544f5f5857a81,1,0.6487789341507225,0.8818913984824102,-5.0,-8.0,1,0.0,0.0
2021,ESPORTSTMNT04_1960857,oe:team:6a0084dacefb228be863fbb64cefe11,oe:team:50f58982d91a36557ec8aec52ab014f,1,0.5348445895401254,0.09127468119447335,2.0,4.0,2,0.22727272727272727,0.0
2021,ESPORTSTMNT04_1960857,oe:team:50f58982d91a36557ec8aec52ab014f,oe:team:6a0084dacefb228be863fbb64cefe11,0,0.46515541045987463,-0.09127468119447335,-2.0,-4.0,0,0.0,0.22727272727272727
2021,ESPORTSTMNT04_1960863,oe:team:8eb884e168f28402ce685bedebb5250,oe:team:a9145b7711873f53e610fbba0493484,0,0.3296237189409117,-1.0061869992699353,-2.0,7.0,0,0.0,0.0
2021,ESPORTSTMNT04_1960863,oe:team:a9145b7711873f53e610fbba0493484,oe:team:8eb884e168f28402ce685bedebb5250,1,0.6703762810590883,1.0061869992699353,-9.0,-7.0,0,0.0,0.0
2021,ESPORTSTMNT04_1970872,oe:team:73f3126d91d35faa5d5ce34abadb865,oe:team:3a1d18f46bcb3716ebcfcf4ef068934,1,0.6728012589197393,0.8422291490706932,-3.0,1.0,0,0.125,0.02564102564102564
2021,ESPORTSTMNT04_1970872,oe:team:3a1d18f46bcb3716ebcfcf4ef068934,oe:team:73f3126d91d35faa5d5ce34abadb865,0,0.3271987410802607,-0.8422291490706932,-4.0,-1.0,2,0.02564102564102564,0.125
2021,ESPORTSTMNT04_1970887,oe:team:6a0084dacefb228be863fbb64cefe11,oe:team:a9145b7711873f53e610fbba0493484,0,0.4905170030841354,-0.13809138375765495,-7.0,-3.0,0,0.0,0.0
2021,ESPORTSTMNT04_1970887,oe:team:a9145b7711873f53e610fbba0493484,oe:team:6a0084dacefb228be863fbb64cefe11,1,0.5094829969158646,0.13809138375765495,-4.0,3.0,1,0.0,0.0
2021,ESPORTSTMNT04_1970896,oe:team:33d17f3717f58e12a3da80b377221fb,oe:team:cd62e47544f14f1d239afa659b9d243,1,0.6989777425310266,0.9992631980767908,-6.0,-6.0,1,0.0,0.0
2021,ESPORTSTMNT04_1970896,oe:team:cd62e47544f14f1d239afa659b9d243,oe:team:33d17f3717f58e12a3da80b377221fb,0,0.3010222574689734,-0.9992631980767908,0.0,6.0,2,0.0,0.0
2021,ESPORTSTMNT04_1970905,oe:team:4880b157399745e82e26e229d8bbf48,oe:team:78f183fa5a7d8ecb22b9ad272c3abd7,1,0.5282808496826784,0.057219609666189664,2.0,3.0,3,0.326530612244898,0.0
2021,ESPORTSTMNT04_1970905,oe:team:78f183fa5a7d8ecb22b9ad272c3abd7,oe:team:4880b157399745e82e26e229d8bbf48,0,0.4717191503173216,-0.057219609666189664,-1.0,-3.0,2,0.0,0.326530612244898
2021,ESPORTSTMNT04_1970915,oe:team:50f58982d91a36557ec8aec52ab014f,oe:team:8eb884e168f28402ce685bedebb5250,1,0.6974656394975431,0.9899921090120625,2.0,1.0,3,0.0,0.0
2021,ESPORTSTMNT04_1970915,oe:team:8eb884e168f28402ce685bedebb5250,oe:team:50f58982d91a36557ec8aec52ab014f,0,0.30253436050245686,-0.9899921090120625,1.0,-1.0,1,0.0,0.0
2021,ESPORTSTMNT04_1970922,oe:team:ef69efa6acebe94107f0cf1ba716806,oe:team:fc8e90107dabb9a35c490b0d86adea0,1,0.7753549182219929,1.5113277751717715,-1.0,-1.0,0,0.0,0.037037037037037035
2021,ESPORTSTMNT04_1970922,oe:team:fc8e90107dabb9a35c490b0d86adea0,oe:team:ef69efa6acebe94107f0cf1ba716806,0,0.22464508177800713,-1.5113277751717715,0.0,1.0,2,0.037037037037037035,0.0
2021,ESPORTSTMNT04_1970931,oe:team:056c3140a119e44a03d462e2c832f27,oe:team:e435aa3ecb82a89e60544f5f5857a81,1,0.8944352833208551,2.6715464466104892,-5.0,-6.0,0,0.08333333333333333,0.0
2021,ESPORTSTMNT04_1970931,oe:team:e435aa3ecb82a89e60544f5f5857a81,oe:team:056c3140a119e44a03d462e2c832f27,0,0.10556471667914491,-2.6715464466104892,1.0,6.0,2,0.0,0.08333333333333333
2021,ESPORTSTMNT04_1970939,oe:team:4bd1751425ef6a9bc9d4d8e9385b4a6,oe:team:ce499dea30cfce118f4fe85da0227e8,0,0.367478379541814,-0.7906490751181001,-1.0,0.0,1,0.0,0.0
2021,ESPORTSTMNT04_1970939,oe:team:ce499dea30cfce118f4fe85da0227e8,oe:team:4bd1751425ef6a9bc9d4d8e9385b4a6,1,0.632521620458186,0.7906490751181001,-1.0,0.0,1,0.0,0.0
2021,ESPORTSTMNT04_1970966,oe:team:33d17f3717f58e12a3da80b377221fb,oe:team:ef69efa6acebe94107f0cf1ba716806,0,0.5594890997063867,0.2197986609029119,-1.0,-2.0,2,0.3225806451612903,0.06896551724137931
2021,ESPORTSTMNT04_1970966,oe:team:ef69efa6acebe94107f0cf1ba716806,oe:team:33d17f3717f58e12a3da80b377221fb,1,0.4405109002936133,-0.2197986609029119,1.0,2.0,2,0.06896551724137931,0.3225806451612903
2021,ESPORTSTMNT04_1970975,oe:team:fc8e90107dabb9a35c490b0d86adea0,oe:team:cd62e47544f14f1d239afa659b9d243,1,0.41762245492426825,-0.5186920633036372,-1.0,-3.0,1,0.0,0.0
2021,ESPORTSTMNT04_1970975,oe:team:cd62e47544f14f1d239afa659b9d243,oe:team:fc8e90107dabb9a35c490b0d86adea0,0,0.5823775450757318,0.5186920633036372,2.0,3.0,3,0.0,0.0
2021,ESPORTSTMNT04_1970983,oe:team:33d17f3717f58e12a3da80b377221fb,oe:team:fc8e90107dabb9a35c490b0d86adea0,0,0.7902498185925511,1.6245408487275557,3.0,6.0,3,0.0,0.0
2021,ESPORTSTMNT04_1970983,oe:team:fc8e90107dabb9a35c490b0d86adea0,oe:team:33d17f3717f58e12a3da80b377221fb,1,0.20975018140744894,-1.6245408487275557,-3.0,-6.0,0,0.0,0.0
2021,ESPORTSTMNT04_1970989,oe:team:ef69efa6acebe94107f0cf1ba716806,oe:team:cd62e47544f14f1d239afa659b9d243,1,0.6802241125646409,0.8860501245210066,0.0,3.0,2,0.0,0.0
2021,ESPORTSTMNT04_1970989,oe:team:cd62e47544f14f1d239afa659b9d243,oe:team:ef69efa6acebe94107f0cf1ba716806,0,0.3197758874353591,-0.8860501245210066,-3.0,-3.0,1,0.0,0.0
2021,ESPORTSTMNT04_1970997,oe:team:cd62e47544f14f1d239afa659b9d243,oe:team:33d17f3717f58e12a3da80b377221fb,1,0.36829866251514526,-0.7860920233825353,-1.0,6.0,1,0.0,0.16129032258064516
2021,ESPORTSTMNT04_1970997,oe:team:33d17f3717f58e12a3da80b377221fb,oe:team:cd62e47544f14f1d239afa659b9d243,0,0.6317013374848548,0.7860920233825353,-7.0,-6.0,1,0.16129032258064516,0.0
2021,ESPORTSTMNT04_1970999,oe:team:fc8e90107dabb9a35c490b0d86adea0,oe:team:ef69efa6acebe94107f0cf1ba716806,0,0.281731903364335,-1.298156600477516,-3.0,-4.0,1,0.07407407407407407,0.06896551724137931
2021,ESPORTSTMNT04_1970999,oe:team:ef69efa6acebe94107f0cf1ba716806,oe:team:fc8e90107dabb9a35c490b0d86adea0,1,0.7182680966356649,1.298156600477516,1.0,4.0,1,0.06896551724137931,0.07407407407407407
2021,ESPORTSTMNT04_1971005,oe:team:33d17f3717f58e12a3da80b377221fb,oe:team:cd62e47544f14f1d239afa659b9d243,0,0.6989777425310266,0.9992631980767908,-6.0,-9.0,1,0.0,0.0
2021,ESPORTSTMNT04_1971005,oe:team:cd62e47544f14f1d239afa659b9d243,oe:team:33d17f3717f58e12a3da80b377221fb,1,0.3010222574689734,-0.9992631980767908,3.0,9.0,3,0.0,0.0
2021,ESPORTSTMNT04_1971013,oe:team:fc8e90107dabb9a35c490b0d86adea0,oe:team:cd62e47544f14f1d239afa659b9d243,1,0.41762245492426825,-0.5186920633036372,-1.0,1.0,1,0.0,0.0
2021,ESPORTSTMNT04_1971013,oe:team:cd62e47544f14f1d239afa659b9d243,oe:team:fc8e90107dabb9a35c490b0d86adea0,0,0.5823775450757318,0.5186920633036372,-2.0,-1.0,1,0.0,0.0
2021,ESPORTSTMNT04_1961041,oe:team:e435aa3ecb82a89e60544f5f5857a81,oe:team:056c3140a119e44a03d462e2c832f27,0,0.1377676527598673,-2.4583752719162337,2.0,2.0,1,0.0,0.08333333333333333
2021,ESPORTSTMNT04_1961041,oe:team:056c3140a119e44a03d462e2c832f27,oe:team:e435aa3ecb82a89e60544f5f5857a81,1,0.8622323472401328,2.4583752719162337,0.0,-2.0,2,0.08333333333333333,0.0
2021,ESPORTSTMNT04_1961055,oe:team:ce499dea30cfce118f4fe85da0227e8,oe:team:4bd1751425ef6a9bc9d4d8e9385b4a6,1,0.6997194125294651,1.0038202498123556,-4.0,0.0,1,0.0,0.0
2021,ESPORTSTMNT04_1961055,oe:team:4bd1751425ef6a9bc9d4d8e9385b4a6,oe:team:ce499dea30cfce118f4fe85da0227e8,0,0.3002805874705349,-1.0038202498123556,-4.0,0.0,0,0.0,0.0
2021,ESPORTSTMNT04_1961065,oe:team:056c3140a119e44a03d462e2c832f27,oe:team:ce499dea30cfce118f4fe85da0227e8,0,0.66312019994596,0.7858347983157234,-2.0,-1.0,2,0.20833333333333331,0.0
2021,ESPORTSTMNT04_1961065,oe:team:ce499dea30cfce118f4fe85da0227e8,oe:team:056c3140a119e44a03d462e2c832f27,1,0.33687980005403995,-0.7858347983157234,-1.0,1.0,1,0.0,0.20833333333333331
2021,ESPORTSTMNT04_1961071,oe:team:4bd1751425ef6a9bc9d4d8e9385b4a6,oe:team:e435aa3ecb82a89e60544f5f5857a81,1,0.7143464509266222,1.0950625731766657,1.0,-2.0,3,0.0,0.0
2021,ESPORTSTMNT04_1961071,oe:team:e435aa3ecb82a89e60544f5f5857a81,oe:team:4bd1751425ef6a9bc9d4d8e9385b4a6,0,0.2856535490733778,-1.0950625731766657,3.0,2.0,2,0.0,0.0
2021,ESPORTSTMNT04_1961082,oe:team:e435aa3ecb82a89e60544f5f5857a81,oe:team:ce499dea30cfce118f4fe85da0227e8,0,0.21279118808177386,-1.779126060947638,3.0,4.0,2,0.0,0.0
2021,ESPORTSTMNT04_1961082,oe:team:ce499dea30cfce118f4fe85da0227e8,oe:team:e435aa3ecb82a89e60544f5f5857a81,1,0.7872088119182261,1.779126060947638,-1.0,-4.0,1,0.0,0.0
2021,ESPORTSTMNT04_1961085,oe:team:4bd1751425ef6a9bc9d4d8e9385b4a6,oe:team:056c3140a119e44a03d462e2c832f27,1,0.25562680782026065,-1.4698982860866958,-6.0,-1.0,1,0.2424242424242424,0.0
2021,ESPORTSTMNT04_1961085,oe:team:056c3140a119e44a03d462e2c832f27,oe:team:4bd1751425ef6a9bc9d4d8e9385b4a6,0,0.7443731921797394,1.4698982860866958,-5.0,1.0,0,0.0,0.2424242424242424
2021,ESPORTSTMNT04_1961106,oe:team:3a1d18f46bcb3716ebcfcf4ef068934,oe:team:4880b157399745e82e26e229d8bbf48,1,0.567466405487522,0.2616985719125844,-7.0,-7.0,0,0.0,0.0
2021,ESPORTSTMNT04_1961106,oe:team:4880b157399745e82e26e229d8bbf48,oe:team:3a1d18f46bcb3716ebcfcf4ef068934,0,0.43253359451247797,-0.2616985719125844,0.0,7.0,2,0.0,0.0
2021,ESPORTSTMNT04_1961114,oe:team:73f3126d91d35faa5d5ce34abadb865,oe:team:78f183fa5a7d8ecb22b9ad272c3abd7,0,0.6905594061776327,0.9479761559552118,-3.0,2.0,1,0.0,0.0
2021,ESPORTSTMNT04_1961114,oe:team:78f183fa5a7d8ecb22b9ad272c3abd7,oe:team:73f3126d91d35faa5d5ce34abadb865,1,0.3094405938223673,-0.9479761559552118,-5.0,-2.0,1,0.0,0.0
2021,ESPORTSTMNT04_1961133,oe:team:4880b157399745e82e26e229d8bbf48,oe:team:73f3126d91d35faa5d5ce34abadb865,0,0.36864468857844984,-0.7841709589418944,3.0,1.0,3,0.326530612244898,0.0
2021,ESPORTSTMNT04_1961133,oe:team:73f3126d91d35faa5d5ce34abadb865,oe:team:4880b157399745e82e26e229d8bbf48,1,0.6313553114215502,0.7841709589418944,2.0,-1.0,2,0.0,0.326530612244898
2021,ESPORTSTMNT04_1961139,oe:team:78f183fa5a7d8ecb22b9ad272c3abd7,oe:team:3a1d18f46bcb3716ebcfcf4ef068934,0,0.5173935876275318,0.0008385804626092064,1.0,5.0,1,0.0,0.07692307692307693
2021,ESPORTSTMNT04_1961139,oe:team:3a1d18f46bcb3716ebcfcf4ef068934,oe:team:78f183fa5a7d8ecb22b9ad272c3abd7,1,0.48260641237246815,-0.0008385804626092064,-4.0,-5.0,0,0.07692307692307693,0.0
2021,ESPORTSTMNT04_1961148,oe:team:3a1d18f46bcb3716ebcfcf4ef068934,oe:team:73f3126d91d35faa5d5ce34abadb865,1,0.39700260048311786,-0.6290579743764377,1.0,-4.0,2,0.0,0.0
2021,ESPORTSTMNT04_1961148,oe:team:73f3126d91d35faa5d5ce34abadb865,oe:team:3a1d18f46bcb3716ebcfcf4ef068934,0,0.6029973995168821,0.6290579743764377,5.0,4.0,3,0.0,0.0
2021,ESPORTSTMNT04_1961155,oe:team:78f183fa5a7d8ecb22b9ad272c3abd7,oe:team:4880b157399745e82e26e229d8bbf48,0,0.5472753373888418,0.15595156502806584,0.0,-2.0,2,0.06666666666666667,0.326530612244898
2021,ESPORTSTMNT04_1961155,oe:team:4880b157399745e82e26e229d8bbf48,oe:team:78f183fa5a7d8ecb22b9ad272c3abd7,1,0.4527246626111582,-0.15595156502806584,2.0,2.0,2,0.326530612244898,0.06666666666666667
2021,ESPORTSTMNT04_1961159,oe:team:3a1d18f46bcb3716ebcfcf4ef068934,oe:team:73f3126d91d35faa5d5ce34abadb865,0,0.39700260048311786,-0.6290579743764377,-3.0,-3.0,1,0.0,0.0
2021,ESPORTSTMNT04_1961159,oe:team:73f3126d91d35faa5d5ce34abadb865,oe:team:3a1d18f46bcb3716ebcfcf4ef068934,1,0.6029973995168821,0.6290579743764377,0.0,3.0,2,0.0,0.0
2021,ESPORTSTMNT04_1971129,oe:team:50f58982d91a36557ec8aec52ab014f,oe:team:6a0084dacefb228be863fbb64cefe11,1,0.5407363851852066,0.12189649349978215,-3.0,-2.0,0,0.0,0.0
2021,ESPORTSTMNT04_1971129,oe:team:6a0084dacefb228be863fbb64cefe11,oe:team:50f58982d91a36557ec8aec52ab014f,0,0.4592636148147934,-0.12189649349978215,-1.0,2.0,2,0.0,0.0
2021,ESPORTSTMNT04_1971143,oe:team:a9145b7711873f53e610fbba0493484,oe:team:8eb884e168f28402ce685bedebb5250,0,0.7335676739187448,1.2193581739641908,0.0,3.0,3,0.0,0.3
2021,ESPORTSTMNT04_1971143,oe:team:8eb884e168f28402ce685bedebb5250,oe:team:a9145b7711873f53e610fbba0493484,1,0.2664323260812552,-1.2193581739641908,-3.0,-3.0,0,0.3,0.0
2021,ESPORTSTMNT04_1971152,oe:team:50f58982d91a36557ec8aec52ab014f,oe:team:a9145b7711873f53e610fbba0493484,0,0.493479093721469,-0.12278047760500055,-3.0,-2.0,0,0.0,0.20512820512820518
2021,ESPORTSTMNT04_1971152,oe:team:a9145b7711873f53e610fbba0493484,oe:team:50f58982d91a36557ec8aec52ab014f,1,0.506520906278531,0.12278047760500055,-1.0,2.0,1,0.20512820512820518,0.0
2021,ESPORTSTMNT04_1971157,oe:team:6a0084dacefb228be863fbb64cefe11,oe:team:8eb884e168f28402ce685bedebb5250,1,0.6949590637552143,0.9746812028594081,-2.0,2.0,2,0.0,0.0
2021,ESPORTSTMNT04_1971157,oe:team:8eb884e168f28402ce685bedebb5250,oe:team:6a0084dacefb228be863fbb64cefe11,0,0.3050409362447857,-0.9746812028594081,-4.0,-2.0,1,0.0,0.0
2021,ESPORTSTMNT04_1971165,oe:team:8eb884e168f28402ce685bedebb5250,oe:team:50f58982d91a36557ec8aec52ab014f,1,0.36996983564398733,-0.776820934317807,-1.0,-1.0,1,0.0,0.0
2021,ESPORTSTMNT04_1971165,oe:team:50f58982d91a36557ec8aec52ab014f,oe:team:8eb884e168f28402ce685bedebb5250,0,0.6300301643560127,0.776820934317807,0.0,1.0,2,0.0,0.0
2021,ESPORTSTMNT04_1971171,oe:team:a9145b7711873f53e610fbba0493484,oe:team:6a0084dacefb228be863fbb64cefe11,0,0.5843966691047086,0.35126255845191046,-5.0,-9.0,0,0.0,0.0
2021,ESPORTSTMNT04_1971171,oe:team:6a0084dacefb228be863fbb64cefe11,oe:team:a9145b7711873f53e610fbba0493484,1,0.41560333089529145,-0.35126255845191046,4.0,9.0,3,0.0,0.0
2021,ESPORTSTMNT04_1971180,oe:team:50f58982d91a36557ec8aec52ab014f,oe:team:8eb884e168f28402ce685bedebb5250,1,0.6974656394975431,0.9899921090120625,4.0,7.0,3,0.0,0.0
2021,ESPORTSTMNT04_1971180,oe:team:8eb884e168f28402ce685bedebb5250,oe:team:50f58982d91a36557ec8aec52ab014f,0,0.30253436050245686,-0.9899921090120625,-3.0,-7.0,0,0.0,0.0
2021,ESPORTSTMNT04_1971182,oe:team:6a0084dacefb228be863fbb64cefe11,oe:team:a9145b7711873f53e610fbba0493484,1,0.4905170030841354,-0.13809138375765495,1.0,7.0,1,0.0,0.0
2021,ESPORTSTMNT04_1971182,oe:team:a9145b7711873f53e610fbba0493484,oe:team:6a0084dacefb228be863fbb64cefe11,0,0.5094829969158646,0.13809138375765495,-6.0,-7.0,1,0.0,0.0
2021,ESPORTSTMNT04_1971193,oe:team:50f58982d91a36557ec8aec52ab014f,oe:team:6a0084dacefb228be863fbb64cefe11,1,0.5407363851852066,0.12189649349978215,1.0,4.0,2,0.0,0.0
2021,ESPORTSTMNT04_1971193,oe:team:6a0084dacefb228be863fbb64cefe11,oe:team:50f58982d91a36557ec8aec52ab014f,0,0.4592636148147934,-0.12189649349978215,-3.0,-4.0,1,0.0,0.0
2021,ESPORTSTMNT04_1971225,oe:team:ce499dea30cfce118f4fe85da0227e8,oe:team:3a1d18f46bcb3716ebcfcf4ef068934,1,0.5752792905167875,0.30291325527310087,-6.0,-9.0,0,0.0,0.12820512820512822
2021,ESPORTSTMNT04_1971225,oe:team:3a1d18f46bcb3716ebcfcf4ef068934,oe:team:ce499dea30cfce118f4fe85da0227e8,0,0.4247207094832125,-0.30291325527310087,3.0,9.0,2,0.12820512820512822,0.0
2021,ESPORTSTMNT04_1971235,oe:team:3a1d18f46bcb3716ebcfcf4ef068934,oe:team:ce499dea30cfce118f4fe85da0227e8,0,0.4998720806903818,-0.08974208057884536,-4.0,-7.0,0,0.0,0.0
2021,ESPORTSTMNT04_1971235,oe:team:ce499dea30cfce118f4fe85da0227e8,oe:team:3a1d18f46bcb3716ebcfcf4ef068934,1,0.5001279193096182,0.08974208057884536,3.0,7.0,3,0.0,0.0
2021,ESPORTSTMNT04_1971236,oe:team:3a1d18f46bcb3716ebcfcf4ef068934,oe:team:ce499dea30cfce118f4fe85da0227e8,0,0.4998720806903818,-0.08974208057884536,-4.0,0.0,0,0.0,0.13333333333333333
2021,ESPORTSTMNT04_1971236,oe:team:ce499dea30cfce118f4fe85da0227e8,oe:team:3a1d18f46bcb3716ebcfcf4ef068934,1,0.5001279193096182,0.08974208057884536,-4.0,0.0,1,0.13333333333333333,0.0
2021,ESPORTSTMNT04_1961268,oe:team:056c3140a119e44a03d462e2c832f27,oe:team:73f3126d91d35faa5d5ce34abadb865,0,0.5645801709052012,0.24651890451813108,1.0,6.0,2,0.0,0.16666666666666669
2021,ESPORTSTMNT04_1961268,oe:team:73f3126d91d35faa5d5ce34abadb865,oe:team:056c3140a119e44a03d462e2c832f27,1,0.4354198290947988,-0.24651890451813108,-5.0,-6.0,0,0.16666666666666669,0.0
2021,ESPORTSTMNT04_1961282,oe:team:056c3140a119e44a03d462e2c832f27,oe:team:73f3126d91d35faa5d5ce34abadb865,1,0.5645801709052012,0.24651890451813108,-2.0,-1.0,1,0.0,0.125
2021,ESPORTSTMNT04_1961282,oe:team:73f3126d91d35faa5d5ce34abadb865,oe:team:056c3140a119e44a03d462e2c832f27,0,0.4354198290947988,-0.24651890451813108,-1.0,1.0,1,0.125,0.0
2021,ESPORTSTMNT04_1961283,oe:team:73f3126d91d35faa5d5ce34abadb865,oe:team:056c3140a119e44a03d462e2c832f27,0,0.510783443862274,-0.03334772982387557,2.0,6.0,2,0.0,0.0
2021,ESPORTSTMNT04_1961283,oe:team:056c3140a119e44a03d462e2c832f27,oe:team:73f3126d91d35faa5d5ce34abadb865,1,0.48921655613772597,0.03334772982387557,-4.0,-6.0,0,0.0,0.0
2021,ESPORTSTMNT04_1961284,oe:team:056c3140a119e44a03d462e2c832f27,oe:team:73f3126d91d35faa5d5ce34abadb865,0,0.5645801709052012,0.24651890451813108,-1.0,2.0,2,0.0,0.125
2021,ESPORTSTMNT04_1961284,oe:team:73f3126d91d35faa5d5ce34abadb865,oe:team:056c3140a119e44a03d462e2c832f27,1,0.4354198290947988,-0.24651890451813108,-3.0,-2.0,1,0.125,0.0
2021,ESPORTSTMNT04_1961285,oe:team:056c3140a119e44a03d462e2c832f27,oe:team:73f3126d91d35faa5d5ce34abadb865,1,0.5645801709052012,0.24651890451813108,0.0,0.0,2,0.0,0.125
2021,ESPORTSTMNT04_1961285,oe:team:73f3126d91d35faa5d5ce34abadb865,oe:team:056c3140a119e44a03d462e2c832f27,0,0.4354198290947988,-0.24651890451813108,0.0,0.0,2,0.125,0.0
2021,ESPORTSTMNT04_1961288,oe:team:ef69efa6acebe94107f0cf1ba716806,oe:team:6a0084dacefb228be863fbb64cefe11,1,0.638125250978357,0.6437336243528651,2.0,5.0,2,0.0,0.0
2021,ESPORTSTMNT04_1961288,oe:team:6a0084dacefb228be863fbb64cefe11,oe:team:ef69efa6acebe94107f0cf1ba716806,0,0.36187474902164296,-0.6437336243528651,-3.0,-5.0,0,0.0,0.0
2021,ESPORTSTMNT04_1961306,oe:team:6a0084dacefb228be863fbb64cefe11,oe:team:ef69efa6acebe94107f0cf1ba716806,0,0.4343010085002244,-0.43056244965860957,2.0,6.0,2,0.0,0.0
2021,ESPORTSTMNT04_1961306,oe:team:ef69efa6acebe94107f0cf1ba716806,oe:team:6a0084dacefb228be863fbb64cefe11,1,0.5656989914997756,0.43056244965860957,-4.0,-6.0,0,0.0,0.0
2021,ESPORTSTMNT04_1961307,oe:team:6a0084dacefb228be863fbb64cefe11,oe:team:ef69efa6acebe94107f0cf1ba716806,0,0.4343010085002244,-0.43056244965860957,3.0,6.0,2,0.0,0.0
2021,ESPORTSTMNT04_1961307,oe:team:ef69efa6acebe94107f0cf1ba716806,oe:team:6a0084dacefb228be863fbb64cefe11,1,0.5656989914997756,0.43056244965860957,-3.0,-6.0,0,0.0,0.0
2021,ESPORTSTMNT04_1961309,oe:team:50f58982d91a36557ec8aec52ab014f,oe:team:fc8e90107dabb9a35c490b0d86adea0,1,0.6973837287048711,0.9894906443186886,-1.0,0.0,1,0.0,0.0
2021,ESPORTSTMNT04_1961309,oe:team:fc8e90107dabb9a35c490b0d86adea0,oe:team:50f58982d91a36557ec8aec52ab014f,0,0.3026162712951289,-0.9894906443186886,-1.0,0.0,1,0.0,0.0
2021,ESPORTSTMNT04_1961320,oe:team:fc8e90107dabb9a35c490b0d86adea0,oe:team:50f58982d91a36557ec8aec52ab014f,0,0.37006031716562604,-0.7763194696244331,4.0,6.0,3,0.0,0.0
2021,ESPORTSTMNT04_1961320,oe:team:50f58982d91a36557ec8aec52ab014f,oe:team:fc8e90107dabb9a35c490b0d86adea0,1,0.629939682834374,0.7763194696244331,-2.0,-6.0,0,0.0,0.0
2021,ESPORTSTMNT04_1961321,oe:team:fc8e90107dabb9a35c490b0d86adea0,oe:team:50f58982d91a36557ec8aec52ab014f,0,0.37006031716562604,-0.7763194696244331,2.0,1.0,2,0.0,0.0
2021,ESPORTSTMNT04_1961321,oe:team:50f58982d91a36557ec8aec52ab014f,oe:team:fc8e90107dabb9a35c490b0d86adea0,1,0.629939682834374,0.7763194696244331,1.0,-1.0,1,0.0,0.0
2021,ESPORTSTMNT04_1961333,oe:team:ef69efa6acebe94107f0cf1ba716806,oe:team:ce499dea30cfce118f4fe85da0227e8,1,0.631928949507825,0.6091940020578084,-1.0,0.0,0,0.0,0.26666666666666666
2021,ESPORTSTMNT04_1961333,oe:team:ce499dea30cfce118f4fe85da0227e8,oe:team:ef69efa6acebe94107f0cf1ba716806,0,0.36807105049217503,-0.6091940020578084,-1.0,0.0,2,0.26666666666666666,0.0
2021,ESPORTSTMNT04_1961376,oe:team:ce499dea30cfce118f4fe85da0227e8,oe:team:ef69efa6acebe94107f0cf1ba716806,1,0.44088063708390995,-0.3960228273635529,0.0,-1.0,1,0.13333333333333333,0.0
2021,ESPORTSTMNT04_1961376,oe:team:ef69efa6acebe94107f0cf1ba716806,oe:team:ce499dea30cfce118f4fe85da0227e8,0,0.55911936291609,0.3960228273635529,1.0,1.0,1,0.0,0.13333333333333333
2021,ESPORTSTMNT04_1961377,oe:team:ef69efa6acebe94107f0cf1ba716806,oe:team:ce499dea30cfce118f4fe85da0227e8,0,0.631928949507825,0.6091940020578084,2.0,6.0,1,0.0,0.13333333333333333
2021,ESPORTSTMNT04_1961377,oe:team:ce499dea30cfce118f4fe85da0227e8,oe:team:ef69efa6acebe94107f0cf1ba716806,1,0.36807105049217503,-0.6091940020578084,-4.0,-6.0,0,0.13333333333333333,0.0
2021,ESPORTSTMNT04_1971308,oe:team:ef69efa6acebe94107f0cf1ba716806,oe:team:ce499dea30cfce118f4fe85da0227e8,1,0.631928949507825,0.6091940020578084,2.0,6.0,2,0.0,0.26666666666666666
2021,ESPORTSTMNT04_1971308,oe:team:ce499dea30cfce118f4fe85da0227e8,oe:team:ef69efa6acebe94107f0cf1ba716806,0,0.36807105049217503,-0.6091940020578084,-4.0,-6.0,0,0.26666666666666666,0.0
2021,ESPORTSTMNT04_1971325,oe:team:ce499dea30cfce118f4fe85da0227e8,oe:team:ef69efa6acebe94107f0cf1ba716806,0,0.44088063708390995,-0.3960228273635529,-3.0,-3.0,0,0.0,0.0
2021,ESPORTSTMNT04_1971325,oe:team:ef69efa6acebe94107f0cf1ba716806,oe:team:ce499dea30cfce118f4fe85da0227e8,1,0.55911936291609,0.3960228273635529,0.0,3.0,1,0.0,0.0
2021,ESPORTSTMNT04_1961379,oe:team:056c3140a119e44a03d462e2c832f27,oe:team:50f58982d91a36557ec8aec52ab014f,1,0.6664370538256837,0.8050635144581257,3.0,-1.0,2,0.0,0.0
2021,ESPORTSTMNT04_1961379,oe:team:50f58982d91a36557ec8aec52ab014f,oe:team:056c3140a119e44a03d462e2c832f27,0,0.33356294617431625,-0.8050635144581257,4.0,1.0,3,0.0,0.0
2021,ESPORTSTMNT04_1961389,oe:team:50f58982d91a36557ec8aec52ab014f,oe:team:056c3140a119e44a03d462e2c832f27,1,0.40390943430276827,-0.5918923397638702,-1.0,1.0,0,0.06666666666666667,0.08333333333333333
2021,ESPORTSTMNT04_1961389,oe:team:056c3140a119e44a03d462e2c832f27,oe:team:50f58982d91a36557ec8aec52ab014f,0,0.5960905656972317,0.5918923397638702,-2.0,-1.0,2,0.08333333333333333,0.06666666666666667
2021,ESPORTSTMNT04_1961390,oe:team:056c3140a119e44a03d462e2c832f27,oe:team:50f58982d91a36557ec8aec52ab014f,0,0.6664370538256837,0.8050635144581257,4.0,1.0,3,0.0,0.0
2021,ESPORTSTMNT04_1961390,oe:team:50f58982d91a36557ec8aec52ab014f,oe:team:056c3140a119e44a03d462e2c832f27,1,0.33356294617431625,-0.8050635144581257,3.0,-1.0,2,0.0,0.0
2021,ESPORTSTMNT04_1961391,oe:team:056c3140a119e44a03d462e2c832f27,oe:team:50f58982d91a36557ec8aec52ab014f,1,0.6664370538256837,0.8050635144581257,3.0,5.0,3,0.0,0.0
2021,ESPORTSTMNT04_1961391,oe:team:50f58982d91a36557ec8aec52ab014f,oe:team:056c3140a119e44a03d462e2c832f27,0,0.33356294617431625,-0.8050635144581257,-2.0,-5.0,1,0.0,0.0
2021,ESPORTSTMNT04_1961392,oe:team:50f58982d91a36557ec8aec52ab014f,oe:team:056c3140a119e44a03d462e2c832f27,0,0.40390943430276827,-0.5918923397638702,2.0,2.0,1,0.0,0.0
2021,ESPORTSTMNT04_1961392,oe:team:056c3140a119e44a03d462e2c832f27,oe:team:50f58982d91a36557ec8aec52ab014f,1,0.5960905656972317,0.5918923397638702,0.0,-2.0,2,0.0,0.0
2021,ESPORTSTMNT04_1961415,oe:team:ef69efa6acebe94107f0cf1ba716806,oe:team:056c3140a119e44a03d462e2c832f27,0,0.5036816781890906,-0.07005520891078731,0.0,-1.0,0,0.0,0.08333333333333333
2021,ESPORTSTMNT04_1961415,oe:team:056c3140a119e44a03d462e2c832f27,oe:team:ef69efa6acebe94107f0cf1ba716806,1,0.4963183218109094,0.07005520891078731,1.0,1.0,2,0.08333333333333333,0.0
2021,ESPORTSTMNT04_1961427,oe:team:ef69efa6acebe94107f0cf1ba716806,oe:team:056c3140a119e44a03d462e2c832f27,1,0.5036816781890906,-0.07005520891078731,-1.0,0.0,1,0.0,0.0
2021,ESPORTSTMNT04_1961427,oe:team:056c3140a119e44a03d462e2c832f27,oe:team:ef69efa6acebe94107f0cf1ba716806,0,0.4963183218109094,0.07005520891078731,-1.0,0.0,1,0.0,0.0
2021,ESPORTSTMNT04_1961428,oe:team:056c3140a119e44a03d462e2c832f27,oe:team:ef69efa6acebe94107f0cf1ba716806,0,0.5715517796041862,0.2832263836050428,-2.0,-2.0,1,0.041666666666666664,0.0
2021,ESPORTSTMNT04_1961428,oe:team:ef69efa6acebe94107f0cf1ba716806,oe:team:056c3140a119e44a03d462e2c832f27,1,0.42844822039581376,-0.2832263836050428,0.0,2.0,2,0.0,0.041666666666666664
2021,ESPORTSTMNT04_1961429,oe:team:056c3140a119e44a03d462e2c832f27,oe:team:ef69efa6acebe94107f0cf1ba716806,1,0.5715517796041862,0.2832263836050428,-4.0,-5.0,1,0.0,0.0
2021,ESPORTSTMNT04_1961429,oe:team:ef69efa6acebe94107f0cf1ba716806,oe:team:056c3140a119e44a03d462e2c832f27,0,0.42844822039581376,-0.2832263836050428,1.0,5.0,2,0.0,0.0
2021,ESPORTSTMNT04_1961430,oe:team:ef69efa6acebe94107f0cf1ba716806,oe:team:056c3140a119e44a03d462e2c832f27,0,0.5036816781890906,-0.07005520891078731,-4.0,-2.0,0,0.0,0.0
2021,ESPORTSTMNT04_1961430,oe:team:056c3140a119e44a03d462e2c832f27,oe:team:ef69efa6acebe94107f0cf1ba716806,1,0.4963183218109094,0.07005520891078731,-2.0,2.0,1,0.0,0.0
2022,ESPORTSTMNT02_3041846,oe:team:5737b101780a9835142549164be1ac4,oe:team:6a0084dacefb228be863fbb64cefe11,0,0.1328273477117184,-2.5129346247671087,-1.0,1.0,1,0.0,0.0
2022,ESPORTSTMNT02_3041846,oe:team:6a0084dacefb228be863fbb64cefe11,oe:team:5737b101780a9835142549164be1ac4,1,0.8671726522882817,2.5129346247671087,-2.0,-1.0,0,0.0,0.0
2022,ESPORTSTMNT02_3041862,oe:team:78f183fa5a7d8ecb22b9ad272c3abd7,oe:team:f7f7324c151aa6ed770b244ce08e027,1,0.579632825929296,0.3259639695718233,-1.0,1.0,1,0.0,0.30769230769230765
2022,ESPORTSTMNT02_3041862,oe:team:f7f7324c151aa6ed770b244ce08e027,oe:team:78f183fa5a7d8ecb22b9ad272c3abd7,0,0.420367174070704,-0.3259639695718233,-2.0,-1.0,1,0.30769230769230765,0.0
2022,ESPORTSTMNT02_3041903,oe:team:658a021a796aa5501503220adb38cf4,oe:team:89008bdacc273b554227d6b76869381,0,0.40584139882770326,-0.5815337523776954,-4.0,-6.0,0,0.07407407407407408,0.08333333333333333
2022,ESPORTSTMNT02_3041903,oe:team:89008bdacc273b554227d6b76869381,oe:team:658a021a796aa5501503220adb38cf4,1,0.5941586011722968,0.5815337523776954,2.0,6.0,1,0.08333333333333333,0.07407407407407408
2022,ESPORTSTMNT02_3041937,oe:team:6a0084dacefb228be863fbb64cefe11,oe:team:a65adb2808377018a2a7832eb2bd7f4,1,0.8279720873397977,1.9409160856942234,-2.0,5.0,1,0.0,0.0
2022,ESPORTSTMNT02_3041937,oe:team:a65adb2808377018a2a7832eb2bd7f4,oe:team:6a0084dacefb228be863fbb64cefe11,0,0.17202791266020234,-1.9409160856942234,-7.0,-5.0,0,0.0,0.0
2022,ESPORTSTMNT02_3041983,oe:team:692bccdba8ec7050f5aeb916815439e,oe:team:78f183fa5a7d8ecb22b9ad272c3abd7,0,0.2504582117447571,-1.5052267681884846,4.0,0.0,2,0.0,0.25
2022,ESPORTSTMNT02_3041983,oe:team:78f183fa5a7d8ecb22b9ad272c3abd7,oe:team:692bccdba8ec7050f5aeb916815439e,1,0.7495417882552429,1.5052267681884846,4.0,0.0,2,0.25,0.0
2022,ESPORTSTMNT02_3041990,oe:team:e435aa3ecb82a89e60544f5f5857a81,oe:team:658a021a796aa5501503220adb38cf4,0,0.545861062247156,0.1485791815815789,-1.0,0.0,0,0.0,0.07407407407407408
2022,ESPORTSTMNT02_3041990,oe:team:658a021a796aa5501503220adb38cf4,oe:team:e435aa3ecb82a89e60544f5f5857a81,1,0.454138937752844,-0.1485791815815789,-1.0,0.0,1,0.07407407407407408,0.0
2022,ESPORTSTMNT02_3042003,oe:team:8e27b674a472ab529e758f13f0bace0,oe:team:a65adb2808377018a2a7832eb2bd7f4,1,0.713283645187798,1.0883412958242773,-5.0,-3.0,0,0.0,0.0
2022,ESPORTSTMNT02_3042003,oe:team:a65adb2808377018a2a7832eb2bd7f4,oe:team:8e27b674a472ab529e758f13f0bace0,0,0.28671635481220203,-1.0883412958242773,-2.0,3.0,1,0.0,0.0
2022,ESPORTSTMNT02_3042025,oe:team:1d0389df0c5eea93b04122ba167c010,oe:team:73f3126d91d35faa5d5ce34abadb865,1,0.4344311649498454,-0.429878058507251,6.0,6.0,3,0.0,0.0
2022,ESPORTSTMNT02_3042025,oe:team:73f3126d91d35faa5d5ce34abadb865,oe:team:1d0389df0c5eea93b04122ba167c010,0,0.5655688350501547,0.429878058507251,0.0,-6.0,0,0.0,0.0
2022,ESPORTSTMNT02_3042187,oe:team:78f183fa5a7d8ecb22b9ad272c3abd7,oe:team:e435aa3ecb82a89e60544f5f5857a81,1,0.847826434765297,2.1299622431887677,7.0,12.0,3,0.0,0.07692307692307691
2022,ESPORTSTMNT02_3042187,oe:team:e435aa3ecb82a89e60544f5f5857a81,oe:team:78f183fa5a7d8ecb22b9ad272c3abd7,0,0.15217356523470305,-2.1299622431887677,-5.0,-12.0,0,0.07692307692307691,0.0
2022,ESPORTSTMNT02_3042251,oe:team:f7f7324c151aa6ed770b244ce08e027,oe:team:658a021a796aa5501503220adb38cf4,1,0.8292539673896713,1.9525774551985233,1.0,6.0,2,0.0,0.07407407407407408
2022,ESPORTSTMNT02_3042251,oe:team:658a021a796aa5501503220adb38cf4,oe:team:f7f7324c151aa6ed770b244ce08e027,0,0.17074603261032872,-1.9525774551985233,-5.0,-6.0,0,0.07407407407407408,0.0
2022,ESPORTSTMNT02_3052761,oe:team:8e27b674a472ab529e758f13f0bace0,oe:team:5737b101780a9835142549164be1ac4,1,0.8194370906732615,1.8649724336600082,-1.0,1.0,0,0.0,0.0
2022,ESPORTSTMNT02_3052761,oe:team:5737b101780a9835142549164be1ac4,oe:team:8e27b674a472ab529e758f13f0bace0,0,0.18056290932673846,-1.8649724336600082,-2.0,-1.0,1,0.0,0.0
2022,ESPORTSTMNT02_3052797,oe:team:e435aa3ecb82a89e60544f5f5857a81,oe:team:692bccdba8ec7050f5aeb916815439e,1,0.4558519871113841,-0.31781657685601444,-3.0,-1.0,1,0.0,0.0
2022,ESPORTSTMNT02_3052797,oe:team:692bccdba8ec7050f5aeb916815439e,oe:team:e435aa3ecb82a89e60544f5f5857a81,0,0.5441480128886159,0.31781657685601444,-2.0,1.0,0,0.0,0.0
2022,ESPORTSTMNT02_3042301,oe:team:f7f7324c151aa6ed770b244ce08e027,oe:team:89008bdacc273b554227d6b76869381,1,0.7409710367696006,1.268737403439405,2.0,0.0,2,0.0,0.020833333333333332
2022,ESPORTSTMNT02_3042301,oe:team:89008bdacc273b554227d6b76869381,oe:team:f7f7324c151aa6ed770b244ce08e027,0,0.25902896323039937,-1.268737403439405,2.0,0.0,1,0.020833333333333332,0.0
2022,ESPORTSTMNT02_3052843,oe:team:1d0389df0c5eea93b04122ba167c010,oe:team:8e27b674a472ab529e758f13f0bace0,1,0.8170545875179139,1.844275762405557,2.0,-1.0,2,0.0,0.0
2022,ESPORTSTMNT02_3052843,oe:team:8e27b674a472ab529e758f13f0bace0,oe:team:1d0389df0c5eea93b04122ba167c010,0,0.18294541248208607,-1.844275762405557,3.0,1.0,2,0.0,0.0
2022,ESPORTSTMNT02_3052853,oe:team:6a0084dacefb228be863fbb64cefe11,oe:team:73f3126d91d35faa5d5ce34abadb865,0,0.27843618071191034,-1.319272731661439,0.0,-2.0,1,0.0,0.0
2022,ESPORTSTMNT02_3052853,oe:team:73f3126d91d35faa5d5ce34abadb865,oe:team:6a0084dacefb228be863fbb64cefe11,1,0.7215638192880897,1.319272731661439,2.0,2.0,1,0.0,0.0
2022,ESPORTSTMNT02_3052865,oe:team:a65adb2808377018a2a7832eb2bd7f4,oe:team:1d0389df0c5eea93b04122ba167c010,0,0.12309170737009748,-2.625698160085566,-5.0,-7.0,0,0.0,0.06153846153846154
2022,ESPORTSTMNT02_3052865,oe:team:1d0389df0c5eea93b04122ba167c010,oe:team:a65adb2808377018a2a7832eb2bd7f4,1,0.8769082926299026,2.625698160085566,2.0,7.0,2,0.06153846153846154,0.0
2022,ESPORTSTMNT02_3053150,oe:team:658a021a796aa5501503220adb38cf4,oe:team:78f183fa5a7d8ecb22b9ad272c3abd7,1,0.18889834076844184,-1.971622526626078,-2.0,-5.0,1,0.0,0.0
2022,ESPORTSTMNT02_3053150,oe:team:78f183fa5a7d8ecb22b9ad272c3abd7,oe:team:658a021a796aa5501503220adb38cf4,0,0.8111016592315582,1.971622526626078,3.0,5.0,2,0.0,0.0
2022,ESPORTSTMNT02_3053187,oe:team:6a0084dacefb228be863fbb64cefe11,oe:team:8e27b674a472ab529e758f13f0bace0,1,0.6917003510030909,0.954881089251369,-2.0,-4.0,0,0.0,0.12499999999999999
2022,ESPORTSTMNT02_3053187,oe:team:8e27b674a472ab529e758f13f0bace0,oe:team:6a0084dacefb228be863fbb64cefe11,0,0.3082996489969091,-0.954881089251369,2.0,4.0,2,0.12499999999999999,0.0
2022,ESPORTSTMNT02_3053204,oe:team:89008bdacc273b554227d6b76869381,oe:team:e435aa3ecb82a89e60544f5f5857a81,0,0.6551271715786307,0.739873468940385,3.0,3.0,2,0.0,0.0
2022,ESPORTSTMNT02_3053204,oe:team:e435aa3ecb82a89e60544f5f5857a81,oe:team:89008bdacc273b554227d6b76869381,1,0.34487282842136935,-0.739873468940385,0.0,-3.0,1,0.0,0.0
2022,ESPORTSTMNT02_3053238,oe:team:f7f7324c151aa6ed770b244ce08e027,oe:team:692bccdba8ec7050f5aeb916815439e,1,0.7719464612989042,1.48618169676093,-3.0,-5.0,1,0.0,0.3529411764705882
2022,ESPORTSTMNT02_3053238,oe:team:692bccdba8ec7050f5aeb916815439e,oe:team:f7f7324c151aa6ed770b244ce08e027,0,0.2280535387010958,-1.48618169676093,2.0,5.0,1,0.3529411764705882,0.0
2022,ESPORTSTMNT02_3053254,oe:team:73f3126d91d35faa5d5ce34abadb865,oe:team:5737b101780a9835142549164be1ac4,1,0.963485604953255,4.139126254572816,6.0,8.0,3,0.0,0.0
2022,ESPORTSTMNT02_3053254,oe:team:5737b101780a9835142549164be1ac4,oe:team:73f3126d91d35faa5d5ce34abadb865,0,0.03651439504674503,-4.139126254572816,-2.0,-8.0,1,0.0,0.0
2022,ESPORTSTMNT02_3053274,oe:team:692bccdba8ec7050f5aeb916815439e,oe:team:89008bdacc273b554227d6b76869381,0,0.494957814241902,-0.1151379939401021,2.0,0.0,1,0.0,0.0
2022,ESPORTSTMNT02_3053274,oe:team:89008bdacc273b554227d6b76869381,oe:team:692bccdba8ec7050f5aeb916815439e,1,0.505042185758098,0.1151379939401021,2.0,0.0,2,0.0,0.0
2022,ESPORTSTMNT02_3053295,oe:team:73f3126d91d35faa5d5ce34abadb865,oe:team:a65adb2808377018a2a7832eb2bd7f4,1,0.9353358275568078,3.3624951167370853,0.0,-6.0,1,0.0,0.0
2022,ESPORTSTMNT02_3053295,oe:team:a65adb2808377018a2a7832eb2bd7f4,oe:team:73f3126d91d35faa5d5ce34abadb865,0,0.06466417244319222,-3.3624951167370853,6.0,6.0,3,0.0,0.0
2022,ESPORTSTMNT02_3053311,oe:team:5737b101780a9835142549164be1ac4,oe:team:1d0389df0c5eea93b04122ba167c010,0,0.0714500619318358,-3.402329297921297,1.0,6.0,1,0.23529411764705882,0.15384615384615385
2022,ESPORTSTMNT02_3053311,oe:team:1d0389df0c5eea93b04122ba167c010,oe:team:5737b101780a9835142549164be1ac4,1,0.9285499380681642,3.402329297921297,-5.0,-6.0,0,0.15384615384615385,0.23529411764705882
2022,ESPORTSTMNT02_3042846,oe:team:89008bdacc273b554227d6b76869381,oe:team:78f183fa5a7d8ecb22b9ad272c3abd7,0,0.2833597129194722,-1.2877824748669597,0.0,-6.0,1,0.0,0.25
2022,ESPORTSTMNT02_3042846,oe:team:78f183fa5a7d8ecb22b9ad272c3abd7,oe:team:89008bdacc273b554227d6b76869381,1,0.7166402870805277,1.2877824748669597,6.0,6.0,3,0.25,0.0
2022,ESPORTSTMNT02_3042864,oe:team:658a021a796aa5501503220adb38cf4,oe:team:692bccdba8ec7050f5aeb916815439e,1,0.44698237023204096,-0.3640894590561705,-4.0,-6.0,0,0.0,0.0
2022,ESPORTSTMNT02_3042864,oe:team:692bccdba8ec7050f5aeb916815439e,oe:team:658a021a796aa5501503220adb38cf4,0,0.553017629767959,0.3640894590561705,2.0,6.0,2,0.0,0.0
2022,ESPORTSTMNT02_3042881,oe:team:e435aa3ecb82a89e60544f5f5857a81,oe:team:f7f7324c151aa6ed770b244ce08e027,1,0.22300422293415753,-1.7016919742355217,0.0,3.0,1,0.30769230769230765,0.15384615384615383
2022,ESPORTSTMNT02_3042881,oe:team:f7f7324c151aa6ed770b244ce08e027,oe:team:e435aa3ecb82a89e60544f5f5857a81,0,0.7769957770658424,1.7016919742355217,-3.0,-3.0,0,0.15384615384615383,0.30769230769230765
2022,ESPORTSTMNT02_3042903,oe:team:a65adb2808377018a2a7832eb2bd7f4,oe:team:5737b101780a9835142549164be1ac4,0,0.6790253547490238,0.8789374372171539,3.0,6.0,1,0.0,0.0
2022,ESPORTSTMNT02_3042903,oe:team:5737b101780a9835142549164be1ac4,oe:team:a65adb2808377018a2a7832eb2bd7f4,1,0.3209746452509762,-0.8789374372171539,-3.0,-6.0,1,0.0,0.0
2022,ESPORTSTMNT02_3042921,oe:team:1d0389df0c5eea93b04122ba167c010,oe:team:6a0084dacefb228be863fbb64cefe11,1,0.6977446762305708,0.9917009725356107,-4.0,-1.0,1,0.15384615384615385,0.0
2022,ESPORTSTMNT02_3042921,oe:team:6a0084dacefb228be863fbb64cefe11,oe:team:1d0389df0c5eea93b04122ba167c010,0,0.3022553237694292,-0.9917009725356107,-3.0,1.0,0,0.0,0.15384615384615385
2022,ESPORTSTMNT02_3042943,oe:team:73f3126d91d35faa5d5ce34abadb865,oe:team:8e27b674a472ab529e758f13f0bace0,1,0.8708456207034198,2.376460120294231,0.0,-2.0,1,0.0,0.0
2022,ESPORTSTMNT02_3042943,oe:team:8e27b674a472ab529e758f13f0bace0,oe:team:73f3126d91d35faa5d5ce34abadb865,0,0.12915437929658025,-2.376460120294231,2.0,2.0,1,0.0,0.0
2022,ESPORTSTMNT02_3042965,oe:team:f7f7324c151aa6ed770b244ce08e027,oe:team:e435aa3ecb82a89e60544f5f5857a81,1,0.8241225206824321,1.9063045729983672,1.0,-1.0,2,0.15384615384615383,0.0
2022,ESPORTSTMNT02_3042965,oe:team:e435aa3ecb82a89e60544f5f5857a81,oe:team:f7f7324c151aa6ed770b244ce08e027,0,0.17587747931756792,-1.9063045729983672,2.0,1.0,2,0.0,0.15384615384615383
2022,ESPORTSTMNT02_3042987,oe:team:658a021a796aa5501503220adb38cf4,oe:team:f7f7324c151aa6ed770b244ce08e027,0,0.21685960698057705,-1.7479648564356778,-5.0,-3.0,0,0.0,0.4615384615384615
2022,ESPORTSTMNT02_3042987,oe:team:f7f7324c151aa6ed770b244ce08e027,oe:team:658a021a796aa5501503220adb38cf4,1,0.783140393019423,1.7479648564356778,-2.0,3.0,1,0.4615384615384615,0.0
2022,ESPORTSTMNT02_3043190,oe:team:6a0084dacefb228be863fbb64cefe11,oe:team:8e27b674a472ab529e758f13f0bace0,1,0.6917003510030909,0.954881089251369,-3.0,-8.0,1,0.0,0.0
2022,ESPORTSTMNT02_3043190,oe:team:8e27b674a472ab529e758f13f0bace0,oe:team:6a0084dacefb228be863fbb64cefe11,0,0.3082996489969091,-0.954881089251369,5.0,8.0,2,0.0,0.0
2022,ESPORTSTMNT02_3043245,oe:team:6a0084dacefb228be863fbb64cefe11,oe:team:8e27b674a472ab529e758f13f0bace0,0,0.6917003510030909,0.954881089251369,-2.0,-2.0,0,0.0,0.0
2022,ESPORTSTMNT02_3043245,oe:team:8e27b674a472ab529e758f13f0bace0,oe:team:6a0084dacefb228be863fbb64cefe11,1,0.3082996489969091,-0.954881089251369,0.0,2.0,1,0.0,0.0
2022,ESPORTSTMNT02_3043269,oe:team:8e27b674a472ab529e758f13f0bace0,oe:team:6a0084dacefb228be863fbb64cefe11,0,0.374773238341467,-0.7502684904885235,0.0,0.0,1,0.0,0.0
2022,ESPORTSTMNT02_3043269,oe:team:6a0084dacefb228be863fbb64cefe11,oe:team:8e27b674a472ab529e758f13f0bace0,1,0.625226761658533,0.7502684904885235,0.0,0.0,0,0.0,0.0
2022,ESPORTSTMNT02_3043280,oe:team:8e27b674a472ab529e758f13f0bace0,oe:team:6a0084dacefb228be863fbb64cefe11,0,0.374773238341467,-0.7502684904885235,1.0,1.0,1,0.0,0.0
2022,ESPORTSTMNT02_3043280,oe:team:6a0084dacefb228be863fbb64cefe11,oe:team:8e27b674a472ab529e758f13f0bace0,1,0.625226761658533,0.7502684904885235,0.0,-1.0,0,0.0,0.0
2022,ESPORTSTMNT02_3043302,oe:team:658a021a796aa5501503220adb38cf4,oe:team:e435aa3ecb82a89e60544f5f5857a81,1,0.5280520345462213,0.05603341718126674,2.0,2.0,2,0.07407407407407408,0.3846153846153846
2022,ESPORTSTMNT02_3043302,oe:team:e435aa3ecb82a89e60544f5f5857a81,oe:team:658a021a796aa5501503220adb38cf4,0,0.4719479654537787,-0.05603341718126674,0.0,-2.0,1,0.3846153846153846,0.07407407407407408
2022,ESPORTSTMNT02_3043333,oe:team:e435aa3ecb82a89e60544f5f5857a81,oe:team:658a021a796aa5501503220adb38cf4,1,0.545861062247156,0.1485791815815789,0.0,2.0,1,0.30769230769230765,0.0
2022,ESPORTSTMNT02_3043333,oe:team:658a021a796aa5501503220adb38cf4,oe:team:e435aa3ecb82a89e60544f5f5857a81,0,0.454138937752844,-0.1485791815815789,-2.0,-2.0,0,0.0,0.30769230769230765
2022,ESPORTSTMNT02_3043345,oe:team:658a021a796aa5501503220adb38cf4,oe:team:e435aa3ecb82a89e60544f5f5857a81,0,0.5280520345462213,0.05603341718126674,4.0,8.0,2,0.0,0.0
2022,ESPORTSTMNT02_3043345,oe:team:e435aa3ecb82a89e60544f5f5857a81,oe:team:658a021a796aa5501503220adb38cf4,1,0.4719479654537787,-0.05603341718126674,-4.0,-8.0,0,0.0,0.0
2022,ESPORTSTMNT02_3043363,oe:team:658a021a796aa5501503220adb38cf4,oe:team:e435aa3ecb82a89e60544f5f5857a81,0,0.5280520345462213,0.05603341718126674,5.0,0.0,3,0.0,0.0
2022,ESPORTSTMNT02_3043363,oe:team:e435aa3ecb82a89e60544f5f5857a81,oe:team:658a021a796aa5501503220adb38cf4,1,0.4719479654537787,-0.05603341718126674,5.0,0.0,2,0.0,0.0
2022,ESPORTSTMNT02_3043656,oe:team:f7f7324c151aa6ed770b244ce08e027,oe:team:6a0084dacefb228be863fbb64cefe11,1,0.5175584964168344,0.0016918077140859467,3.0,6.0,1,0.15384615384615383,0.0
2022,ESPORTSTMNT02_3043656,oe:team:6a0084dacefb228be863fbb64cefe11,oe:team:f7f7324c151aa6ed770b244ce08e027,0,0.4824415035831656,-0.0016918077140859467,-3.0,-6.0,0,0.0,0.15384615384615383
2022,ESPORTSTMNT02_3043674,oe:team:6a0084dacefb228be863fbb64cefe11,oe:team:f7f7324c151aa6ed770b244ce08e027,0,0.556266789404166,0.2029207910487596,-5.0,-5.0,0,0.0,0.4615384615384615
2022,ESPORTSTMNT02_3043674,oe:team:f7f7324c151aa6ed770b244ce08e027,oe:team:6a0084dacefb228be863fbb64cefe11,1,0.44373321059583404,-0.2029207910487596,0.0,5.0,1,0.4615384615384615,0.0
2022,ESPORTSTMNT02_3043685,oe:team:f7f7324c151aa6ed770b244ce08e027,oe:team:6a0084dacefb228be863fbb64cefe11,1,0.5175584964168344,0.0016918077140859467,2.0,1.0,1,0.15384615384615383,0.0
2022,ESPORTSTMNT02_3043685,oe:team:6a0084dacefb228be863fbb64cefe11,oe:team:f7f7324c151aa6ed770b244ce08e027,0,0.4824415035831656,-0.0016918077140859467,1.0,-1.0,1,0.0,0.15384615384615383
2022,ESPORTSTMNT02_3043709,oe:team:73f3126d91d35faa5d5ce34abadb865,oe:team:e435aa3ecb82a89e60544f5f5857a81,0,0.9383579984724334,3.428498095708566,2.0,-3.0,1,0.0,0.0
2022,ESPORTSTMNT02_3043709,oe:team:e435aa3ecb82a89e60544f5f5857a81,oe:team:73f3126d91d35faa5d5ce34abadb865,1,0.0616420015275666,-3.428498095708566,5.0,3.0,2,0.0,0.0
2022,ESPORTSTMNT02_3043731,oe:team:73f3126d91d35faa5d5ce34abadb865,oe:team:e435aa3ecb82a89e60544f5f5857a81,1,0.9383579984724334,3.428498095708566,2.0,2.0,1,0.0,0.30769230769230765
2022,ESPORTSTMNT02_3043731,oe:team:e435aa3ecb82a89e60544f5f5857a81,oe:team:73f3126d91d35faa5d5ce34abadb865,0,0.0616420015275666,-3.428498095708566,0.0,-2.0,0,0.30769230769230765,0.0
2022,ESPORTSTMNT02_3043753,oe:team:73f3126d91d35faa5d5ce34abadb865,oe:team:e435aa3ecb82a89e60544f5f5857a81,1,0.9383579984724334,3.428498095708566,-3.0,-1.0,0,0.0,0.0
2022,ESPORTSTMNT02_3043753,oe:team:e435aa3ecb82a89e60544f5f5857a81,oe:team:73f3126d91d35faa5d5ce34abadb865,0,0.0616420015275666,-3.428498095708566,-2.0,1.0,0,0.0,0.0
2022,ESPORTSTMNT02_3043758,oe:team:e435aa3ecb82a89e60544f5f5857a81,oe:team:73f3126d91d35faa5d5ce34abadb865,0,0.0811740822102641,-3.2238854969457202,0.0,0.0,1,0.0,0.0
2022,ESPORTSTMNT02_3043758,oe:team:73f3126d91d35faa5d5ce34abadb865,oe:team:e435aa3ecb82a89e60544f5f5857a81,1,0.9188259177897359,3.2238854969457202,0.0,0.0,0,0.0,0.0
2022,ESPORTSTMNT02_3045120,oe:team:fc8e90107dabb9a35c490b0d86adea0,oe:team:78f183fa5a7d8ecb22b9ad272c3abd7,0,0.47369690267318926,-0.2251308808473207,-3.0,-4.0,0,0.0,0.25
2022,ESPORTSTMNT02_3045120,oe:team:78f183fa5a7d8ecb22b9ad272c3abd7,oe:team:fc8e90107dabb9a35c490b0d86adea0,1,0.5263030973268108,0.2251308808473207,1.0,4.0,1,0.25,0.0
2022,ESPORTSTMNT02_3045181,oe:team:7d6673d3a9d00363c6bebc1a630da6e,oe:team:ef69efa6acebe94107f0cf1ba716806,0,0.36565775612458495,-0.8007787674846343,2.0,-2.0,1,0.0,0.0
2022,ESPORTSTMNT02_3045181,oe:team:ef69efa6acebe94107f0cf1ba716806,oe:team:7d6673d3a9d00363c6bebc1a630da6e,1,0.634342243875415,0.8007787674846343,4.0,2.0,3,0.0,0.0
2022,ESPORTSTMNT02_3045196,oe:team:0916b3c324c8577b0c6344f3e067f62,oe:team:4bd1751425ef6a9bc9d4d8e9385b4a6,1,0.41327483237166035,-0.5418204320896784,1.0,3.0,1,0.0,0.0
2022,ESPORTSTMNT02_3045196,oe:team:4bd1751425ef6a9bc9d4d8e9385b4a6,oe:team:0916b3c324c8577b0c6344f3e067f62,0,0.5867251676283396,0.5418204320896784,-2.0,-3.0,1,0.0,0.0
2022,ESPORTSTMNT02_3045209,oe:team:b42d0f31f2727621b963042276817c4,oe:team:f7f7324c151aa6ed770b244ce08e027,1,0.8015946407475193,1.7147918330981267,0.0,-2.0,1,0.0,0.15384615384615383
2022,ESPORTSTMNT02_3045209,oe:team:f7f7324c151aa6ed770b244ce08e027,oe:team:b42d0f31f2727621b963042276817c4,0,0.1984053592524807,-1.7147918330981267,2.0,2.0,1,0.15384615384615383,0.0
2022,ESPORTSTMNT02_3045232,oe:team:ce499dea30cfce118f4fe85da0227e8,oe:team:056c3140a119e44a03d462e2c832f27,1,0.5665876124627797,0.25707420578255524,2.0,5.0,2,0.0,0.0
2022,ESPORTSTMNT02_3045232,oe:team:056c3140a119e44a03d462e2c832f27,oe:team:ce499dea30cfce118f4fe85da0227e8,0,0.43341238753722033,-0.25707420578255524,-3.0,-5.0,0,0.0,0.0
2022,ESPORTSTMNT02_3045259,oe:team:50f58982d91a36557ec8aec52ab014f,oe:team:73f3126d91d35faa5d5ce34abadb865,0,0.5904150278900346,0.38334392592237077,-1.0,-3.0,1,0.0,0.0
2022,ESPORTSTMNT02_3045259,oe:team:73f3126d91d35faa5d5ce34abadb865,oe:team:50f58982d91a36557ec8aec52ab014f,1,0.40958497210996536,-0.38334392592237077,2.0,3.0,1,0.0,0.0
2022,ESPORTSTMNT02_3045416,oe:team:cd62e47544f14f1d239afa659b9d243,oe:team:1d0389df0c5eea93b04122ba167c010,1,0.4144537621269719,-0.5355418429695078,-2.0,-5.0,1,0.5,0.0
2022,ESPORTSTMNT02_3045416,oe:team:1d0389df0c5eea93b04122ba167c010,oe:team:cd62e47544f14f1d239afa659b9d243,0,0.5855462378730281,0.5355418429695078,3.0,5.0,2,0.0,0.5
2022,ESPORTSTMNT02_3045459,oe:team:f7f7324c151aa6ed770b244ce08e027,oe:team:7d6673d3a9d00363c6bebc1a630da6e,0,0.4445070315843303,-0.37703349052612123,5.0,8.0,2,0.15384615384615383,0.0
2022,ESPORTSTMNT02_3045459,oe:team:7d6673d3a9d00363c6bebc1a630da6e,oe:team:f7f7324c151aa6ed770b244ce08e027,1,0.5554929684156698,0.37703349052612123,-3.0,-8.0,0,0.0,0.15384615384615383
2022,ESPORTSTMNT02_3045472,oe:team:78f183fa5a7d8ecb22b9ad272c3abd7,oe:team:ce499dea30cfce118f4fe85da0227e8,1,0.27967988925979465,-1.3112862707592243,-4.0,-10.0,0,0.0,0.0
2022,ESPORTSTMNT02_3045472,oe:team:ce499dea30cfce118f4fe85da0227e8,oe:team:78f183fa5a7d8ecb22b9ad272c3abd7,0,0.7203201107402053,1.3112862707592243,6.0,10.0,2,0.0,0.0
2022,ESPORTSTMNT02_3045480,oe:team:056c3140a119e44a03d462e2c832f27,oe:team:fc8e90107dabb9a35c490b0d86adea0,1,0.7983465822322368,1.688568143349681,0.0,0.0,2,0.0,0.0
2022,ESPORTSTMNT02_3045480,oe:team:fc8e90107dabb9a35c490b0d86adea0,oe:team:056c3140a119e44a03d462e2c832f27,0,0.20165341776776324,-1.688568143349681,0.0,0.0,0,0.0,0.0
2022,ESPORTSTMNT02_3045503,oe:team:fcec508e780bbd1ad493852640f5b36,oe:team:9cae7677cd0dbcc1cd86653870b73c2,1,0.831283037795842,1.9711790629633619,-4.0,-5.0,0,0.15789473684210523,0.0
2022,ESPORTSTMNT02_3045503,oe:team:9cae7677cd0dbcc1cd86653870b73c2,oe:team:fcec508e780bbd1ad493852640f5b36,0,0.168716962204158,-1.9711790629633619,1.0,5.0,1,0.0,0.15789473684210523
2022,ESPORTSTMNT02_3045518,oe:team:ef69efa6acebe94107f0cf1ba716806,oe:team:b42d0f31f2727621b963042276817c4,0,0.4925167688734824,-0.12775437756168007,-1.0,-2.0,1,0.17647058823529413,0.0
2022,ESPORTSTMNT02_3045518,oe:team:b42d0f31f2727621b963042276817c4,oe:team:ef69efa6acebe94107f0cf1ba716806,1,0.5074832311265176,0.12775437756168007,1.0,2.0,2,0.0,0.17647058823529413
2022,ESPORTSTMNT02_3045836,oe:team:9cae7677cd0dbcc1cd86653870b73c2,oe:team:cd62e47544f14f1d239afa659b9d243,0,0.43346516312756506,-0.43495864763373104,4.0,5.0,2,0.0,0.0
2022,ESPORTSTMNT02_3045836,oe:team:cd62e47544f14f1d239afa659b9d243,oe:team:9cae7677cd0dbcc1cd86653870b73c2,1,0.566534836872435,0.43495864763373104,-1.0,-5.0,0,0.0,0.0
2022,ESPORTSTMNT02_3045853,oe:team:4bd1751425ef6a9bc9d4d8e9385b4a6,oe:team:50f58982d91a36557ec8aec52ab014f,0,0.20793032874230882,-1.8169324493655847,-4.0,-2.0,0,0.0,0.0
2022,ESPORTSTMNT02_3045853,oe:team:50f58982d91a36557ec8aec52ab014f,oe:team:4bd1751425ef6a9bc9d4d8e9385b4a6,1,0.7920696712576911,1.8169324493655847,-2.0,2.0,1,0.0,0.0
2022,ESPORTSTMNT02_3045864,oe:team:056c3140a119e44a03d462e2c832f27,oe:team:78f183fa5a7d8ecb22b9ad272c3abd7,1,0.7544593795837706,1.3611309631209376,0.0,4.0,1,0.0,0.0
2022,ESPORTSTMNT02_3045864,oe:team:78f183fa5a7d8ecb22b9ad272c3abd7,oe:team:056c3140a119e44a03d462e2c832f27,0,0.24554062041622937,-1.3611309631209376,-4.0,-4.0,0,0.0,0.0
2022,ESPORTSTMNT02_3045877,oe:team:fc8e90107dabb9a35c490b0d86adea0,oe:team:ce499dea30cfce118f4fe85da0227e8,0,0.23156358565078317,-1.638723450987968,-1.0,-3.0,1,0.0,0.04597701149425287
2022,ESPORTSTMNT02_3045877,oe:team:ce499dea30cfce118f4fe85da0227e8,oe:team:fc8e90107dabb9a35c490b0d86adea0,1,0.7684364143492168,1.638723450987968,2.0,3.0,1,0.04597701149425287,0.0
2022,ESPORTSTMNT02_3056381,oe:team:73f3126d91d35faa5d5ce34abadb865,oe:team:0916b3c324c8577b0c6344f3e067f62,1,0.8715555864050863,2.3846341530585837,2.0,-1.0,1,0.0,0.0
2022,ESPORTSTMNT02_3056381,oe:team:0916b3c324c8577b0c6344f3e067f62,oe:team:73f3126d91d35faa5d5ce34abadb865,0,0.12844441359491365,-2.3846341530585837,3.0,1.0,2,0.0,0.0
2022,ESPORTSTMNT02_3056394,oe:team:1d0389df0c5eea93b04122ba167c010,oe:team:fcec508e780bbd1ad493852640f5b36,1,0.40399124502099865,-0.5914533748344319,2.0,5.0,2,0.0,0.31578947368421045
2022,ESPORTSTMNT02_3056394,oe:team:fcec508e780bbd1ad493852640f5b36,oe:team:1d0389df0c5eea93b04122ba167c010,0,0.5960087549790014,0.5914533748344319,-3.0,-5.0,0,0.31578947368421045,0.0
2022,ESPORTSTMNT02_3056626,oe:team:b42d0f31f2727621b963042276817c4,oe:team:7d6673d3a9d00363c6bebc1a630da6e,1,0.7359953464936445,1.2354520431905827,-4.0,-4.0,0,0.0,0.0
2022,ESPORTSTMNT02_3056626,oe:team:7d6673d3a9d00363c6bebc1a630da6e,oe:team:b42d0f31f2727621b963042276817c4,0,0.2640046535063555,-1.2354520431905827,0.0,4.0,1,0.0,0.0
2022,ESPORTSTMNT02_3056652,oe:team:cd62e47544f14f1d239afa659b9d243,oe:team:fcec508e780bbd1ad493852640f5b36,1,0.2926414421989755,-1.2293015171853625,4.0,8.0,2,0.5,0.0
2022,ESPORTSTMNT02_3056652,oe:team:fcec508e780bbd1ad493852640f5b36,oe:team:cd62e47544f14f1d239afa659b9d243,0,0.7073585578010245,1.2293015171853625,-4.0,-8.0,0,0.0,0.5
2022,ESPORTSTMNT02_3056673,oe:team:ef69efa6acebe94107f0cf1ba716806,oe:team:f7f7324c151aa6ed770b244ce08e027,1,0.7717487386459928,1.4847311561550238,4.0,7.0,2,0.17647058823529413,0.15384615384615383
2022,ESPORTSTMNT02_3056673,oe:team:f7f7324c151aa6ed770b244ce08e027,oe:team:ef69efa6acebe94107f0cf1ba716806,0,0.2282512613540072,-1.4847311561550238,-3.0,-7.0,1,0.15384615384615383,0.17647058823529413
2022,ESPORTSTMNT02_3056681,oe:team:4bd1751425ef6a9bc9d4d8e9385b4a6,oe:team:73f3126d91d35faa5d5ce34abadb865,0,0.24602822973964197,-1.5358948228246367,0.0,-5.0,0,0.0,0.0
2022,ESPORTSTMNT02_3056681,oe:team:73f3126d91d35faa5d5ce34abadb865,oe:team:4bd1751425ef6a9bc9d4d8e9385b4a6,1,0.753971770260358,1.5358948228246367,5.0,5.0,3,0.0,0.0
2022,ESPORTSTMNT02_3056705,oe:team:50f58982d91a36557ec8aec52ab014f,oe:team:0916b3c324c8577b0c6344f3e067f62,1,0.8940051532255099,2.6656717795995313,-1.0,-1.0,1,0.24,0.0
2022,ESPORTSTMNT02_3056705,oe:team:0916b3c324c8577b0c6344f3e067f62,oe:team:50f58982d91a36557ec8aec52ab014f,0,0.10599484677449011,-2.6656717795995313,0.0,1.0,1,0.0,0.24
2022,ESPORTSTMNT02_3056721,oe:team:9cae7677cd0dbcc1cd86653870b73c2,oe:team:1d0389df0c5eea93b04122ba167c010,0,0.31833054639823455,-1.0728067899846616,4.0,5.0,2,0.20512820512820512,0.0
2022,ESPORTSTMNT02_3056721,oe:team:1d0389df0c5eea93b04122ba167c010,oe:team:9cae7677cd0dbcc1cd86653870b73c2,1,0.6816694536017655,1.0728067899846616,-1.0,-5.0,1,0.0,0.20512820512820512
2022,ESPORTSTMNT02_3057453,oe:team:78f183fa5a7d8ecb22b9ad272c3abd7,oe:team:fc8e90107dabb9a35c490b0d86adea0,0,0.5990712949019235,0.42974347961016646,3.0,6.0,1,0.25,0.0
2022,ESPORTSTMNT02_3057453,oe:team:fc8e90107dabb9a35c490b0d86adea0,oe:team:78f183fa5a7d8ecb22b9ad272c3abd7,1,0.40092870509807654,-0.42974347961016646,-3.0,-6.0,1,0.0,0.25
2022,ESPORTSTMNT02_3057478,oe:team:ce499dea30cfce118f4fe85da0227e8,oe:team:78f183fa5a7d8ecb22b9ad272c3abd7,1,0.775970611250404,1.51589886952207,-6.0,-8.0,0,0.09195402298850575,0.0
2022,ESPORTSTMNT02_3057478,oe:team:78f183fa5a7d8ecb22b9ad272c3abd7,oe:team:ce499dea30cfce118f4fe85da0227e8,0,0.224029388749596,-1.51589886952207,2.0,8.0,2,0.0,0.09195402298850575
2022,ESPORTSTMNT02_3057490,oe:team:fc8e90107dabb9a35c490b0d86adea0,oe:team:056c3140a119e44a03d462e2c832f27,0,0.2535618548426911,-1.4839555445868355,-2.0,-8.0,0,0.0,0.0
2022,ESPORTSTMNT02_3057490,oe:team:056c3140a119e44a03d462e2c832f27,oe:team:fc8e90107dabb9a35c490b0d86adea0,1,0.7464381451573089,1.4839555445868355,6.0,8.0,3,0.0,0.0
2022,ESPORTSTMNT02_3057502,oe:team:78f183fa5a7d8ecb22b9ad272c3abd7,oe:team:056c3140a119e44a03d462e2c832f27,0,0.3044382205676918,-1.1565183643580919,-1.0,-5.0,0,0.0,0.0
2022,ESPORTSTMNT02_3057502,oe:team:056c3140a119e44a03d462e2c832f27,oe:team:78f183fa5a7d8ecb22b9ad272c3abd7,1,0.6955617794323081,1.1565183643580919,4.0,5.0,3,0.0,0.0
2022,ESPORTSTMNT02_3057505,oe:team:ce499dea30cfce118f4fe85da0227e8,oe:team:fc8e90107dabb9a35c490b0d86adea0,1,0.8169458353854502,1.8433360497508136,-1.0,-4.0,1,0.0,0.0
2022,ESPORTSTMNT02_3057505,oe:team:fc8e90107dabb9a35c490b0d86adea0,oe:team:ce499dea30cfce118f4fe85da0227e8,0,0.18305416461454982,-1.8433360497508136,3.0,4.0,2,0.0,0.0
2022,ESPORTSTMNT02_3057516,oe:team:056c3140a119e44a03d462e2c832f27,oe:team:ce499dea30cfce118f4fe85da0227e8,0,0.5070858595975886,-0.0524616070197097,7.0,9.0,3,0.07142857142857142,0.0
2022,ESPORTSTMNT02_3057516,oe:team:ce499dea30cfce118f4fe85da0227e8,oe:team:056c3140a119e44a03d462e2c832f27,1,0.49291414040241144,0.0524616070197097,-2.0,-9.0,0,0.0,0.07142857142857142
2022,ESPORTSTMNT02_3057653,oe:team:7d6673d3a9d00363c6bebc1a630da6e,oe:team:f7f7324c151aa6ed770b244ce08e027,0,0.6269554103330521,0.5816460892889668,1.0,3.0,2,0.0,0.0
2022,ESPORTSTMNT02_3057653,oe:team:f7f7324c151aa6ed770b244ce08e027,oe:team:7d6673d3a9d00363c6bebc1a630da6e,1,0.37304458966694787,-0.5816460892889668,-2.0,-3.0,1,0.0,0.0
2022,ESPORTSTMNT02_3057673,oe:team:f7f7324c151aa6ed770b244ce08e027,oe:team:b42d0f31f2727621b963042276817c4,0,0.24973924828535798,-1.5101792343352811,4.0,5.0,2,0.15384615384615383,0.0
2022,ESPORTSTMNT02_3057673,oe:team:b42d0f31f2727621b963042276817c4,oe:team:f7f7324c151aa6ed770b244ce08e027,1,0.750260751714642,1.5101792343352811,-1.0,-5.0,1,0.0,0.15384615384615383
2022,ESPORTSTMNT02_3057686,oe:team:ef69efa6acebe94107f0cf1ba716806,oe:team:7d6673d3a9d00363c6bebc1a630da6e,1,0.6999748731645402,1.0053913662474798,-1.0,-1.0,0,0.0,0.0
2022,ESPORTSTMNT02_3057686,oe:team:7d6673d3a9d00363c6bebc1a630da6e,oe:team:ef69efa6acebe94107f0cf1ba716806,0,0.3000251268354598,-1.0053913662474798,0.0,1.0,0,0.0,0.0
2022,ESPORTSTMNT02_3057715,oe:team:7d6673d3a9d00363c6bebc1a630da6e,oe:team:b42d0f31f2727621b963042276817c4,0,0.3254208654823845,-1.0308394444277371,7.0,12.0,4,0.0,0.0
2022,ESPORTSTMNT02_3057715,oe:team:b42d0f31f2727621b963042276817c4,oe:team:7d6673d3a9d00363c6bebc1a630da6e,1,0.6745791345176155,1.0308394444277371,-5.0,-12.0,0,0.0,0.0
2022,ESPORTSTMNT02_3057724,oe:team:f7f7324c151aa6ed770b244ce08e027,oe:team:ef69efa6acebe94107f0cf1ba716806,0,0.2845659073744145,-1.2801185573921783,0.0,3.0,1,0.0,0.35294117647058826
2022,ESPORTSTMNT02_3057724,oe:team:ef69efa6acebe94107f0cf1ba716806,oe:team:f7f7324c151aa6ed770b244ce08e027,1,0.7154340926255855,1.2801185573921783,-3.0,-3.0,0,0.35294117647058826,0.0
2022,ESPORTSTMNT02_3057747,oe:team:b42d0f31f2727621b963042276817c4,oe:team:ef69efa6acebe94107f0cf1ba716806,0,0.5808399820060867,0.3323669763245256,-1.0,-1.0,1,0.0,0.0
2022,ESPORTSTMNT02_3057747,oe:team:ef69efa6acebe94107f0cf1ba716806,oe:team:b42d0f31f2727621b963042276817c4,1,0.41916001799391334,-0.3323669763245256,0.0,1.0,1,0.0,0.0
2022,ESPORTSTMNT02_3047499,oe:team:b42d0f31f2727621b963042276817c4,oe:team:ef69efa6acebe94107f0cf1ba716806,1,0.5808399820060867,0.3323669763245256,0.0,-6.0,1,0.0,0.0
2022,ESPORTSTMNT02_3047499,oe:team:ef69efa6acebe94107f0cf1ba716806,oe:team:b42d0f31f2727621b963042276817c4,0,0.41916001799391334,-0.3323669763245256,6.0,6.0,3,0.0,0.0
2022,ESPORTSTMNT02_3057859,oe:team:cd62e47544f14f1d239afa659b9d243,oe:team:9cae7677cd0dbcc1cd86653870b73c2,1,0.6373809156677251,0.6395712463965766,-3.0,-4.0,0,0.5,0.0
2022,ESPORTSTMNT02_3057859,oe:team:9cae7677cd0dbcc1cd86653870b73c2,oe:team:cd62e47544f14f1d239afa659b9d243,0,0.36261908433227485,-0.6395712463965766,1.0,4.0,2,0.0,0.5
2022,ESPORTSTMNT02_3057882,oe:team:9cae7677cd0dbcc1cd86653870b73c2,oe:team:fcec508e780bbd1ad493852640f5b36,1,0.21442424054189005,-1.7665664642005163,1.0,3.0,1,0.0,0.15789473684210523
2022,ESPORTSTMNT02_3057882,oe:team:fcec508e780bbd1ad493852640f5b36,oe:team:9cae7677cd0dbcc1cd86653870b73c2,0,0.78557575945811,1.7665664642005163,-2.0,-3.0,1,0.15789473684210523,0.0
2022,ESPORTSTMNT02_3057894,oe:team:1d0389df0c5eea93b04122ba167c010,oe:team:cd62e47544f14f1d239afa659b9d243,1,0.655176308072505,0.7401544417323533,4.0,7.0,2,0.0,0.0
2022,ESPORTSTMNT02_3057894,oe:team:cd62e47544f14f1d239afa659b9d243,oe:team:1d0389df0c5eea93b04122ba167c010,0,0.34482369192749496,-0.7401544417323533,-3.0,-7.0,0,0.0,0.0
2022,ESPORTSTMNT02_3057911,oe:team:1d0389df0c5eea93b04122ba167c010,oe:team:9cae7677cd0dbcc1cd86653870b73c2,1,0.7422587946234452,1.2774193887475072,0.0,1.0,1,0.15384615384615385,0.20512820512820512
2022,ESPORTSTMNT02_3057911,oe:team:9cae7677cd0dbcc1cd86653870b73c2,oe:team:1d0389df0c5eea93b04122ba167c010,0,0.25774120537655476,-1.2774193887475072,-1.0,-1.0,0,0.20512820512820512,0.15384615384615385
2022,ESPORTSTMNT02_3057916,oe:team:fcec508e780bbd1ad493852640f5b36,oe:team:cd62e47544f14f1d239afa659b9d243,1,0.7647458195005378,1.433914115948208,2.0,2.0,2,0.0,0.0
2022,ESPORTSTMNT02_3057916,oe:team:cd62e47544f14f1d239afa659b9d243,oe:team:fcec508e780bbd1ad493852640f5b36,0,0.23525418049946223,-1.433914115948208,0.0,-2.0,1,0.0,0.0
2022,ESPORTSTMNT02_3057923,oe:team:fcec508e780bbd1ad493852640f5b36,oe:team:1d0389df0c5eea93b04122ba167c010,1,0.664887050335253,0.7960659735972775,-3.0,-1.0,0,0.0,0.15384615384615385
2022,ESPORTSTMNT02_3057923,oe:team:1d0389df0c5eea93b04122ba167c010,oe:team:fcec508e780bbd1ad493852640f5b36,0,0.33511294966474703,-0.7960659735972775,-2.0,1.0,2,0.15384615384615385,0.0
2022,ESPORTSTMNT02_3057927,oe:team:1d0389df0c5eea93b04122ba167c010,oe:team:cd62e47544f14f1d239afa659b9d243,1,0.655176308072505,0.7401544417323533,2.0,-1.0,2,0.0,0.0
2022,ESPORTSTMNT02_3057927,oe:team:cd62e47544f14f1d239afa659b9d243,oe:team:1d0389df0c5eea93b04122ba167c010,0,0.34482369192749496,-0.7401544417323533,3.0,1.0,2,0.0,0.0
2022,ESPORTSTMNT02_3047802,oe:team:4bd1751425ef6a9bc9d4d8e9385b4a6,oe:team:0916b3c324c8577b0c6344f3e067f62,1,0.6562734404992628,0.746433030852524,-3.0,-5.0,0,0.0,0.0
2022,ESPORTSTMNT02_3047802,oe:team:0916b3c324c8577b0c6344f3e067f62,oe:team:4bd1751425ef6a9bc9d4d8e9385b4a6,0,0.34372655950073716,-0.746433030852524,2.0,5.0,1,0.0,0.0
2022,ESPORTSTMNT02_3047839,oe:team:0916b3c324c8577b0c6344f3e067f62,oe:team:50f58982d91a36557ec8aec52ab014f,0,0.13752105879083593,-2.4610591808366857,3.0,0.0,2,0.6896551724137931,0.0
2022,ESPORTSTMNT02_3047839,oe:team:50f58982d91a36557ec8aec52ab014f,oe:team:0916b3c324c8577b0c6344f3e067f62,1,0.862478941209164,2.4610591808366857,3.0,0.0,2,0.0,0.6896551724137931
2022,ESPORTSTMNT02_3047847,oe:team:73f3126d91d35faa5d5ce34abadb865,oe:team:4bd1751425ef6a9bc9d4d8e9385b4a6,1,0.8047413815553967,1.7405074215874823,-1.0,1.0,1,0.0,0.0
2022,ESPORTSTMNT02_3047847,oe:team:4bd1751425ef6a9bc9d4d8e9385b4a6,oe:team:73f3126d91d35faa5d5ce34abadb865,0,0.19525861844460335,-1.7405074215874823,-2.0,-1.0,0,0.0,0.0
2022,ESPORTSTMNT02_3047861,oe:team:50f58982d91a36557ec8aec52ab014f,oe:team:4bd1751425ef6a9bc9d4d8e9385b4a6,1,0.83668047380096,2.0215450481284303,2.0,4.0,2,0.0,0.0
2022,ESPORTSTMNT02_3047861,oe:team:4bd1751425ef6a9bc9d4d8e9385b4a6,oe:team:50f58982d91a36557ec8aec52ab014f,0,0.16331952619904,-2.0215450481284303,-2.0,-4.0,0,0.0,0.0
2022,ESPORTSTMNT02_3047878,oe:team:0916b3c324c8577b0c6344f3e067f62,oe:team:73f3126d91d35faa5d5ce34abadb865,0,0.16541239127829557,-2.180021554295738,-3.0,-1.0,0,0.0,0.04
2022,ESPORTSTMNT02_3047878,oe:team:73f3126d91d35faa5d5ce34abadb865,oe:team:0916b3c324c8577b0c6344f3e067f62,1,0.8345876087217045,2.180021554295738,-2.0,1.0,0,0.04,0.0
2022,ESPORTSTMNT02_3047898,oe:team:73f3126d91d35faa5d5ce34abadb865,oe:team:50f58982d91a36557ec8aec52ab014f,0,0.48265847012346785,-0.17873132715952522,6.0,12.0,3,0.0,0.0
2022,ESPORTSTMNT02_3047898,oe:team:50f58982d91a36557ec8aec52ab014f,oe:team:73f3126d91d35faa5d5ce34abadb865,1,0.5173415298765321,0.17873132715952522,-6.0,-12.0,0,0.0,0.0
2022,ESPORTSTMNT02_3047918,oe:team:50f58982d91a36557ec8aec52ab014f,oe:team:73f3126d91d35faa5d5ce34abadb865,1,0.5904150278900346,0.38334392592237077,-2.0,-1.0,1,0.0,0.0
2022,ESPORTSTMNT02_3047918,oe:team:73f3126d91d35faa5d5ce34abadb865,oe:team:50f58982d91a36557ec8aec52ab014f,0,0.40958497210996536,-0.38334392592237077,-1.0,1.0,0,0.0,0.0
2022,ESPORTSTMNT02_3048340,oe:team:b42d0f31f2727621b963042276817c4,oe:team:cd62e47544f14f1d239afa659b9d243,1,0.754674384281223,1.3626308106275324,0.0,5.0,1,0.0,0.5
2022,ESPORTSTMNT02_3048340,oe:team:cd62e47544f14f1d239afa659b9d243,oe:team:b42d0f31f2727621b963042276817c4,0,0.24532561571877698,-1.3626308106275324,-5.0,-5.0,0,0.5,0.0
2022,ESPORTSTMNT02_3048354,oe:team:cd62e47544f14f1d239afa659b9d243,oe:team:b42d0f31f2727621b963042276817c4,0,0.30419243673594676,-1.158018211864687,2.0,6.0,2,0.5,0.21052631578947367
2022,ESPORTSTMNT02_3048354,oe:team:b42d0f31f2727621b963042276817c4,oe:team:cd62e47544f14f1d239afa659b9d243,1,0.6958075632640532,1.158018211864687,-4.0,-6.0,0,0.21052631578947367,0.5
2022,ESPORTSTMNT02_3048364,oe:team:cd62e47544f14f1d239afa659b9d243,oe:team:b42d0f31f2727621b963042276817c4,0,0.30419243673594676,-1.158018211864687,4.0,7.0,2,0.5,0.21052631578947367
2022,ESPORTSTMNT02_3048364,oe:team:b42d0f31f2727621b963042276817c4,oe:team:cd62e47544f14f1d239afa659b9d243,1,0.6958075632640532,1.158018211864687,-3.0,-7.0,0,0.21052631578947367,0.5
2022,ESPORTSTMNT02_3048468,oe:team:ce499dea30cfce118f4fe85da0227e8,oe:team:73f3126d91d35faa5d5ce34abadb865,1,0.5590243911970575,0.21736301700227179,6.0,7.0,3,0.0,0.0
2022,ESPORTSTMNT02_3048468,oe:team:73f3126d91d35faa5d5ce34abadb865,oe:team:ce499dea30cfce118f4fe85da0227e8,0,0.4409756088029425,-0.21736301700227179,-1.0,-7.0,1,0.0,0.0
2022,ESPORTSTMNT02_3048492,oe:team:73f3126d91d35faa5d5ce34abadb865,oe:team:ce499dea30cfce118f4fe85da0227e8,0,0.5147666666648172,-0.012750418239426242,0.0,-4.0,1,0.0,0.0
2022,ESPORTSTMNT02_3048492,oe:team:ce499dea30cfce118f4fe85da0227e8,oe:team:73f3126d91d35faa5d5ce34abadb865,1,0.4852333333351828,0.012750418239426242,4.0,4.0,2,0.0,0.0
2022,ESPORTSTMNT02_3048494,oe:team:73f3126d91d35faa5d5ce34abadb865,oe:team:ce499dea30cfce118f4fe85da0227e8,0,0.5147666666648172,-0.012750418239426242,-2.0,-4.0,0,0.0,0.13793103448275862
2022,ESPORTSTMNT02_3048494,oe:team:ce499dea30cfce118f4fe85da0227e8,oe:team:73f3126d91d35faa5d5ce34abadb865,1,0.4852333333351828,0.012750418239426242,2.0,4.0,1,0.13793103448275862,0.0
2022,ESPORTSTMNT02_3048616,oe:team:50f58982d91a36557ec8aec52ab014f,oe:team:ef69efa6acebe94107f0cf1ba716806,1,0.6162992086111251,0.5231125918589683,-2.0,0.0,1,0.0,0.17647058823529413
2022,ESPORTSTMNT02_3048616,oe:team:ef69efa6acebe94107f0cf1ba716806,oe:team:50f58982d91a36557ec8aec52ab014f,0,0.3837007913888749,-0.5231125918589683,-2.0,0.0,0,0.17647058823529413,0.0
2022,ESPORTSTMNT02_3048629,oe:team:ef69efa6acebe94107f0cf1ba716806,oe:team:50f58982d91a36557ec8aec52ab014f,0,0.45572077135087696,-0.31849999309612276,-5.0,-4.0,0,0.0,0.0
2022,ESPORTSTMNT02_3048629,oe:team:50f58982d91a36557ec8aec52ab014f,oe:team:ef69efa6acebe94107f0cf1ba716806,1,0.544279228649123,0.31849999309612276,-1.0,4.0,1,0.0,0.0
2022,ESPORTSTMNT02_3048640,oe:team:ef69efa6acebe94107f0cf1ba716806,oe:team:50f58982d91a36557ec8aec52ab014f,1,0.45572077135087696,-0.31849999309612276,-2.0,-1.0,0,0.17647058823529413,0.0
2022,ESPORTSTMNT02_3048640,oe:team:50f58982d91a36557ec8aec52ab014f,oe:team:ef69efa6acebe94107f0cf1ba716806,0,0.544279228649123,0.31849999309612276,-1.0,1.0,1,0.0,0.17647058823529413
2022,ESPORTSTMNT02_3048649,oe:team:50f58982d91a36557ec8aec52ab014f,oe:team:ef69efa6acebe94107f0cf1ba716806,0,0.6162992086111251,0.5231125918589683,-3.0,-1.0,1,0.0,0.0
2022,ESPORTSTMNT02_3048649,oe:team:ef69efa6acebe94107f0cf1ba716806,oe:team:50f58982d91a36557ec8aec52ab014f,1,0.3837007913888749,-0.5231125918589683,-2.0,1.0,0,0.0,0.0
2022,ESPORTSTMNT02_3048651,oe:team:50f58982d91a36557ec8aec52ab014f,oe:team:ef69efa6acebe94107f0cf1ba716806,1,0.6162992086111251,0.5231125918589683,-1.0,4.0,0,0.0,0.0
2022,ESPORTSTMNT02_3048651,oe:team:ef69efa6acebe94107f0cf1ba716806,oe:team:50f58982d91a36557ec8aec52ab014f,0,0.3837007913888749,-0.5231125918589683,-5.0,-4.0,0,0.0,0.0
2022,ESPORTSTMNT02_3048763,oe:team:1d0389df0c5eea93b04122ba167c010,oe:team:056c3140a119e44a03d462e2c832f27,0,0.4419982955112832,-0.39016686972696757,4.0,6.0,2,0.0,0.14285714285714285
2022,ESPORTSTMNT02_3048763,oe:team:056c3140a119e44a03d462e2c832f27,oe:team:1d0389df0c5eea93b04122ba167c010,1,0.5580017044887168,0.39016686972696757,-2.0,-6.0,1,0.14285714285714285,0.0
2022,ESPORTSTMNT02_3048774,oe:team:1d0389df0c5eea93b04122ba167c010,oe:team:056c3140a119e44a03d462e2c832f27,0,0.4419982955112832,-0.39016686972696757,2.0,6.0,2,0.09230769230769231,0.0
2022,ESPORTSTMNT02_3048774,oe:team:056c3140a119e44a03d462e2c832f27,oe:team:1d0389df0c5eea93b04122ba167c010,1,0.5580017044887168,0.39016686972696757,-4.0,-6.0,0,0.0,0.09230769230769231
2022,ESPORTSTMNT02_3048779,oe:team:1d0389df0c5eea93b04122ba167c010,oe:team:056c3140a119e44a03d462e2c832f27,1,0.4419982955112832,-0.39016686972696757,-3.0,-4.0,0,0.07692307692307693,0.0
2022,ESPORTSTMNT02_3048779,oe:team:056c3140a119e44a03d462e2c832f27,oe:team:1d0389df0c5eea93b04122ba167c010,0,0.5580017044887168,0.39016686972696757,1.0,4.0,1,0.0,0.07692307692307693
2022,ESPORTSTMNT02_3048784,oe:team:056c3140a119e44a03d462e2c832f27,oe:team:1d0389df0c5eea93b04122ba167c010,0,0.62932995291358,0.5947794684898131,2.0,2.0,1,0.0,0.15384615384615385
2022,ESPORTSTMNT02_3048784,oe:team:1d0389df0c5eea93b04122ba167c010,oe:team:056c3140a119e44a03d462e2c832f27,1,0.37067004708642004,-0.5947794684898131,0.0,-2.0,2,0.15384615384615385,0.0
2022,ESPORTSTMNT02_3048787,oe:team:056c3140a119e44a03d462e2c832f27,oe:team:1d0389df0c5eea93b04122ba167c010,0,0.62932995291358,0.5947794684898131,-1.0,0.0,1,0.0,0.0
2022,ESPORTSTMNT02_3048787,oe:team:1d0389df0c5eea93b04122ba167c010,oe:team:056c3140a119e44a03d462e2c832f27,1,0.37067004708642004,-0.5947794684898131,-1.0,0.0,1,0.0,0.0
2022,ESPORTSTMNT02_3059738,oe:team:ce499dea30cfce118f4fe85da0227e8,oe:team:b42d0f31f2727621b963042276817c4,0,0.5417309099399975,0.12707100599576648,1.0,3.0,1,0.022988505747126436,0.0
2022,ESPORTSTMNT02_3059738,oe:team:b42d0f31f2727621b963042276817c4,oe:team:ce499dea30cfce118f4fe85da0227e8,1,0.4582690900600025,-0.12707100599576648,-2.0,-3.0,0,0.0,0.022988505747126436
2022,ESPORTSTMNT02_3059755,oe:team:ce499dea30cfce118f4fe85da0227e8,oe:team:b42d0f31f2727621b963042276817c4,1,0.5417309099399975,0.12707100599576648,-2.0,0.0,0,0.6436781609195402,0.0
2022,ESPORTSTMNT02_3059755,oe:team:b42d0f31f2727621b963042276817c4,oe:team:ce499dea30cfce118f4fe85da0227e8,0,0.4582690900600025,-0.12707100599576648,-2.0,0.0,1,0.0,0.6436781609195402
2022,ESPORTSTMNT02_3059756,oe:team:b42d0f31f2727621b963042276817c4,oe:team:ce499dea30cfce118f4fe85da0227e8,0,0.5321990109797167,0.07754159276707906,-6.0,-5.0,0,0.21052631578947367,0.6666666666666666
2022,ESPORTSTMNT02_3059756,oe:team:ce499dea30cfce118f4fe85da0227e8,oe:team:b42d0f31f2727621b963042276817c4,1,0.46780098902028333,-0.07754159276707906,-1.0,5.0,0,0.6666666666666666,0.21052631578947367
2022,ESPORTSTMNT02_3059758,oe:team:b42d0f31f2727621b963042276817c4,oe:team:ce499dea30cfce118f4fe85da0227e8,0,0.5321990109797167,0.07754159276707906,-2.0,0.0,0,0.21052631578947367,0.0
2022,ESPORTSTMNT02_3059758,oe:team:ce499dea30cfce118f4fe85da0227e8,oe:team:b42d0f31f2727621b963042276817c4,1,0.46780098902028333,-0.07754159276707906,-2.0,0.0,0,0.0,0.21052631578947367
2022,ESPORTSTMNT02_3059851,oe:team:50f58982d91a36557ec8aec52ab014f,oe:team:1d0389df0c5eea93b04122ba167c010,1,0.6851668439726701,0.9155282838110446,-2.0,1.0,0,0.0,0.1846153846153846
2022,ESPORTSTMNT02_3059851,oe:team:1d0389df0c5eea93b04122ba167c010,oe:team:50f58982d91a36557ec8aec52ab014f,0,0.31483315602732986,-0.9155282838110446,-3.0,-1.0,1,0.1846153846153846,0.0
2022,ESPORTSTMNT02_3059852,oe:team:1d0389df0c5eea93b04122ba167c010,oe:team:50f58982d91a36557ec8aec52ab014f,1,0.3819376063282305,-0.710915685048199,1.0,1.0,1,0.15384615384615385,0.24
2022,ESPORTSTMNT02_3059852,oe:team:50f58982d91a36557ec8aec52ab014f,oe:team:1d0389df0c5eea93b04122ba167c010,0,0.6180623936717695,0.710915685048199,0.0,-1.0,1,0.24,0.15384615384615385
2022,ESPORTSTMNT02_3059853,oe:team:50f58982d91a36557ec8aec52ab014f,oe:team:1d0389df0c5eea93b04122ba167c010,0,0.6851668439726701,0.9155282838110446,-3.0,-5.0,1,0.0,0.06153846153846154
2022,ESPORTSTMNT02_3059853,oe:team:1d0389df0c5eea93b04122ba167c010,oe:team:50f58982d91a36557ec8aec52ab014f,1,0.31483315602732986,-0.9155282838110446,2.0,5.0,1,0.06153846153846154,0.0
2022,ESPORTSTMNT02_3059854,oe:team:50f58982d91a36557ec8aec52ab014f,oe:team:1d0389df0c5eea93b04122ba167c010,0,0.6851668439726701,0.9155282838110446,-2.0,-2.0,0,0.0,0.15384615384615385
2022,ESPORTSTMNT02_3059854,oe:team:1d0389df0c5eea93b04122ba167c010,oe:team:50f58982d91a36557ec8aec52ab014f,1,0.31483315602732986,-0.9155282838110446,0.0,2.0,0,0.15384615384615385,0.0
2022,ESPORTSTMNT02_3080864,oe:team:ce499dea30cfce118f4fe85da0227e8,oe:team:1d0389df0c5eea93b04122ba167c010,1,0.6568170295227154,0.7495473748909456,2.0,8.0,1,0.0,0.23076923076923075
2022,ESPORTSTMNT02_3080864,oe:team:1d0389df0c5eea93b04122ba167c010,oe:team:ce499dea30cfce118f4fe85da0227e8,0,0.34318297047728463,-0.7495473748909456,-6.0,-8.0,0,0.23076923076923075,0.0
2022,ESPORTSTMNT02_3080870,oe:team:1d0389df0c5eea93b04122ba167c010,oe:team:ce499dea30cfce118f4fe85da0227e8,1,0.41269042023518304,-0.5449347761281,0.0,-4.0,1,0.15384615384615385,0.0
2022,ESPORTSTMNT02_3080870,oe:team:ce499dea30cfce118f4fe85da0227e8,oe:team:1d0389df0c5eea93b04122ba167c010,0,0.5873095797648169,0.5449347761281,4.0,4.0,2,0.0,0.15384615384615385
2022,ESPORTSTMNT02_3080871,oe:team:ce499dea30cfce118f4fe85da0227e8,oe:team:1d0389df0c5eea93b04122ba167c010,1,0.6568170295227154,0.7495473748909456,0.0,4.0,1,0.6436781609195402,0.1846153846153846
2022,ESPORTSTMNT02_3080871,oe:team:1d0389df0c5eea93b04122ba167c010,oe:team:ce499dea30cfce118f4fe85da0227e8,0,0.34318297047728463,-0.7495473748909456,-4.0,-4.0,0,0.1846153846153846,0.6436781609195402
2022,ESPORTSTMNT02_3080872,oe:team:1d0389df0c5eea93b04122ba167c010,oe:team:ce499dea30cfce118f4fe85da0227e8,1,0.41269042023518304,-0.5449347761281,1.0,1.0,1,0.0,0.0689655172413793
2022,ESPORTSTMNT02_3080872,oe:team:ce499dea30cfce118f4fe85da0227e8,oe:team:1d0389df0c5eea93b04122ba167c010,0,0.5873095797648169,0.5449347761281,0.0,-1.0,1,0.0689655172413793,0.0
2022,ESPORTSTMNT02_3080905,oe:team:ce499dea30cfce118f4fe85da0227e8,oe:team:1d0389df0c5eea93b04122ba167c010,0,0.6568170295227154,0.7495473748909456,-2.0,0.0,0,0.6436781609195402,0.15384615384615385
2022,ESPORTSTMNT02_3080905,oe:team:1d0389df0c5eea93b04122ba167c010,oe:team:ce499dea30cfce118f4fe85da0227e8,1,0.34318297047728463,-0.7495473748909456,-2.0,0.0,1,0.15384615384615385,0.6436781609195402
2023,ESPORTSTMNT06_2829811,oe:team:4880b157399745e82e26e229d8bbf48,oe:team:2cb996a4b0ffaca3bcf66fe91450243,1,0.18556419977712352,-1.9999284986537698,-2.0,-3.0,1,0.0,1.0
2023,ESPORTSTMNT06_2829811,oe:team:2cb996a4b0ffaca3bcf66fe91450243,oe:team:4880b157399745e82e26e229d8bbf48,0,0.8144358002228764,1.9999284986537698,1.0,3.0,1,1.0,0.0
2023,ESPORTSTMNT06_2829821,oe:team:4880b157399745e82e26e229d8bbf48,oe:team:2cb996a4b0ffaca3bcf66fe91450243,1,0.18556419977712352,-1.9999284986537698,0.0,2.0,0,0.0,1.0
2023,ESPORTSTMNT06_2829821,oe:team:2cb996a4b0ffaca3bcf66fe91450243,oe:team:4880b157399745e82e26e229d8bbf48,0,0.8144358002228764,1.9999284986537698,-2.0,-2.0,1,1.0,0.0
2023,ESPORTSTMNT06_2827855,oe:team:658a021a796aa5501503220adb38cf4,oe:team:9cae7677cd0dbcc1cd86653870b73c2,1,0.150856037508691,-2.3213644761967895,-1.0,1.0,0,0.0,0.10256410256410256
2023,ESPORTSTMNT06_2827855,oe:team:9cae7677cd0dbcc1cd86653870b73c2,oe:team:658a021a796aa5501503220adb38cf4,0,0.849143962491309,2.3213644761967895,-2.0,-1.0,1,0.10256410256410256,0.0
2023,ESPORTSTMNT06_2828853,oe:team:9cae7677cd0dbcc1cd86653870b73c2,oe:team:658a021a796aa5501503220adb38cf4,0,0.8865836726326198,2.567473018251075,-1.0,-1.0,1,0.15384615384615383,0.0
2023,ESPORTSTMNT06_2828853,oe:team:658a021a796aa5501503220adb38cf4,oe:team:9cae7677cd0dbcc1cd86653870b73c2,1,0.11341632736738017,-2.567473018251075,0.0,1.0,1,0.0,0.15384615384615383
2023,ESPORTSTMNT06_2828871,oe:team:e435aa3ecb82a89e60544f5f5857a81,oe:team:0916b3c324c8577b0c6344f3e067f62,0,0.13786710502800253,-2.457293983630383,0.0,0.0,1,0.0,0.2
2023,ESPORTSTMNT06_2828871,oe:team:0916b3c324c8577b0c6344f3e067f62,oe:team:e435aa3ecb82a89e60544f5f5857a81,1,0.8621328949719975,2.457293983630383,0.0,0.0,0,0.2,0.0
2023,ESPORTSTMNT06_2828884,oe:team:0916b3c324c8577b0c6344f3e067f62,oe:team:e435aa3ecb82a89e60544f5f5857a81,1,0.8967409929941869,2.7034025256846683,0.0,3.0,0,0.2,0.0
2023,ESPORTSTMNT06_2828884,oe:team:e435aa3ecb82a89e60544f5f5857a81,oe:team:0916b3c324c8577b0c6344f3e067f62,0,0.10325900700581314,-2.7034025256846683,-3.0,-3.0,1,0.0,0.2
2023,ESPORTSTMNT06_2829857,oe:team:7338408a0fe0217451d2c9a567db999,oe:team:407a64574852482edb8c1560eab637c,1,0.8509711353605381,2.1617224053280615,0.0,1.0,0,,0.0
2023,ESPORTSTMNT06_2829857,oe:team:407a64574852482edb8c1560eab637c,oe:team:7338408a0fe0217451d2c9a567db999,0,0.14902886463946186,-2.1617224053280615,-1.0,-1.0,0,0.0,
2023,ESPORTSTMNT06_2829862,oe:team:7338408a0fe0217451d2c9a567db999,oe:team:407a64574852482edb8c1560eab637c,0,0.8509711353605381,2.1617224053280615,0.0,-1.0,0,,0.0
2023,ESPORTSTMNT06_2829862,oe:team:407a64574852482edb8c1560eab637c,oe:team:7338408a0fe0217451d2c9a567db999,1,0.14902886463946186,-2.1617224053280615,1.0,1.0,1,0.0,
2023,ESPORTSTMNT06_2829863,oe:team:407a64574852482edb8c1560eab637c,oe:team:7338408a0fe0217451d2c9a567db999,1,0.19563054077005335,-1.9156138632737763,0.0,0.0,1,0.0,
2023,ESPORTSTMNT06_2829863,oe:team:7338408a0fe0217451d2c9a567db999,oe:team:407a64574852482edb8c1560eab637c,0,0.8043694592299466,1.9156138632737763,0.0,0.0,0,,0.0
2023,ESPORTSTMNT06_2828898,oe:team:4880b157399745e82e26e229d8bbf48,oe:team:658a021a796aa5501503220adb38cf4,1,0.7473108473987372,1.3117571193417075,-4.0,-3.0,1,0.0,0.18181818181818182
2023,ESPORTSTMNT06_2828898,oe:team:658a021a796aa5501503220adb38cf4,oe:team:4880b157399745e82e26e229d8bbf48,0,0.2526891526012628,-1.3117571193417075,-1.0,3.0,0,0.18181818181818182,0.0
2023,ESPORTSTMNT06_2828912,oe:team:658a021a796aa5501503220adb38cf4,oe:team:4880b157399745e82e26e229d8bbf48,0,0.3195340931770839,-1.0656485772874222,-1.0,-1.0,0,0.18181818181818182,0.0
2023,ESPORTSTMNT06_2828912,oe:team:4880b157399745e82e26e229d8bbf48,oe:team:658a021a796aa5501503220adb38cf4,1,0.6804659068229161,1.0656485772874222,0.0,1.0,1,0.0,0.18181818181818182
2023,ESPORTSTMNT06_2827908,oe:team:0916b3c324c8577b0c6344f3e067f62,oe:team:407a64574852482edb8c1560eab637c,1,0.300361644921238,-1.181483981359808,2.0,1.0,2,0.0,0.0
2023,ESPORTSTMNT06_2827908,oe:team:407a64574852482edb8c1560eab637c,oe:team:0916b3c324c8577b0c6344f3e067f62,0,0.6996383550787619,1.181483981359808,1.0,-1.0,1,0.0,0.0
2023,ESPORTSTMNT06_2828919,oe:team:407a64574852482edb8c1560eab637c,oe:team:0916b3c324c8577b0c6344f3e067f62,1,0.7638643383481153,1.4275925234140932,-4.0,-8.0,0,0.0,0.0
2023,ESPORTSTMNT06_2828919,oe:team:0916b3c324c8577b0c6344f3e067f62,oe:team:407a64574852482edb8c1560eab637c,0,0.2361356616518847,-1.4275925234140932,4.0,8.0,2,0.0,0.0
2023,ESPORTSTMNT06_2827915,oe:team:0916b3c324c8577b0c6344f3e067f62,oe:team:407a64574852482edb8c1560eab637c,0,0.300361644921238,-1.181483981359808,-6.0,-6.0,0,0.0,0.0
2023,ESPORTSTMNT06_2827915,oe:team:407a64574852482edb8c1560eab637c,oe:team:0916b3c324c8577b0c6344f3e067f62,1,0.6996383550787619,1.181483981359808,0.0,6.0,1,0.0,0.0
2023,ESPORTSTMNT06_2827919,oe:team:2cb996a4b0ffaca3bcf66fe91450243,oe:team:9cae7677cd0dbcc1cd86653870b73c2,0,0.6975193779079941,0.9903211417986876,1.0,0.0,2,0.7999999999999999,0.10256410256410256
2023,ESPORTSTMNT06_2827919,oe:team:9cae7677cd0dbcc1cd86653870b73c2,oe:team:2cb996a4b0ffaca3bcf66fe91450243,1,0.3024806220920059,-0.9903211417986876,1.0,0.0,2,0.10256410256410256,0.7999999999999999
2023,ESPORTSTMNT06_2828947,oe:team:2cb996a4b0ffaca3bcf66fe91450243,oe:team:9cae7677cd0dbcc1cd86653870b73c2,0,0.6975193779079941,0.9903211417986876,0.0,3.0,1,0.7999999999999999,0.0
2023,ESPORTSTMNT06_2828947,oe:team:9cae7677cd0dbcc1cd86653870b73c2,oe:team:2cb996a4b0ffaca3bcf66fe91450243,1,0.3024806220920059,-0.9903211417986876,-3.0,-3.0,1,0.0,0.7999999999999999
2023,ESPORTSTMNT06_2829912,oe:team:e435aa3ecb82a89e60544f5f5857a81,oe:team:7338408a0fe0217451d2c9a567db999,0,0.011880165338834528,-5.800500370318252,-3.0,-3.0,1,0.0,
2023,ESPORTSTMNT06_2829912,oe:team:7338408a0fe0217451d2c9a567db999,oe:team:e435aa3ecb82a89e60544f5f5857a81,1,0.9881198346611655,5.800500370318252,0.0,3.0,0,,0.0
2023,ESPORTSTMNT06_2828951,oe:team:7338408a0fe0217451d2c9a567db999,oe:team:e435aa3ecb82a89e60544f5f5857a81,1,0.9914169099138435,6.0466089123725375,0.0,4.0,0,,0.0
2023,ESPORTSTMNT06_2828951,oe:team:e435aa3ecb82a89e60544f5f5857a81,oe:team:7338408a0fe0217451d2c9a567db999,0,0.008583090086156542,-6.0466089123725375,-4.0,-4.0,0,0.0,
2023,ESPORTSTMNT06_2828968,oe:team:658a021a796aa5501503220adb38cf4,oe:team:9cae7677cd0dbcc1cd86653870b73c2,0,0.150856037508691,-2.3213644761967895,0.0,0.0,1,0.0,0.15384615384615383
2023,ESPORTSTMNT06_2828968,oe:team:9cae7677cd0dbcc1cd86653870b73c2,oe:team:658a021a796aa5501503220adb38cf4,1,0.849143962491309,2.3213644761967895,0.0,0.0,0,0.15384615384615383,0.0
2023,ESPORTSTMNT06_2827957,oe:team:658a021a796aa5501503220adb38cf4,oe:team:9cae7677cd0dbcc1cd86653870b73c2,0,0.150856037508691,-2.3213644761967895,-2.0,-3.0,0,0.0,0.10256410256410256
2023,ESPORTSTMNT06_2827957,oe:team:9cae7677cd0dbcc1cd86653870b73c2,oe:team:658a021a796aa5501503220adb38cf4,1,0.849143962491309,2.3213644761967895,1.0,3.0,3,0.10256410256410256,0.0
2023,ESPORTSTMNT06_2829943,oe:team:0916b3c324c8577b0c6344f3e067f62,oe:team:7338408a0fe0217451d2c9a567db999,0,0.08138988079290983,-3.220152115660727,-2.0,-2.0,0,0.0,
2023,ESPORTSTMNT06_2829943,oe:team:7338408a0fe0217451d2c9a567db999,oe:team:0916b3c324c8577b0c6344f3e067f62,1,0.9186101192070901,3.220152115660727,0.0,2.0,0,,0.0
2023,ESPORTSTMNT06_2828992,oe:team:0916b3c324c8577b0c6344f3e067f62,oe:team:7338408a0fe0217451d2c9a567db999,0,0.08138988079290983,-3.220152115660727,2.0,2.0,1,0.0,
2023,ESPORTSTMNT06_2828992,oe:team:7338408a0fe0217451d2c9a567db999,oe:team:0916b3c324c8577b0c6344f3e067f62,1,0.9186101192070901,3.220152115660727,0.0,-2.0,0,,0.0
2023,ESPORTSTMNT06_2829978,oe:team:9cae7677cd0dbcc1cd86653870b73c2,oe:team:407a64574852482edb8c1560eab637c,1,0.6162742859712071,0.5229764365891294,-2.0,-6.0,1,0.41025641025641024,0.0
2023,ESPORTSTMNT06_2829978,oe:team:407a64574852482edb8c1560eab637c,oe:team:9cae7677cd0dbcc1cd86653870b73c2,0,0.38372571402879285,-0.5229764365891294,4.0,6.0,2,0.0,0.41025641025641024
2023,ESPORTSTMNT06_2829990,oe:team:9cae7677cd0dbcc1cd86653870b73c2,oe:team:407a64574852482edb8c1560eab637c,0,0.6162742859712071,0.5229764365891294,0.0,2.0,1,0.5641025641025641,0.0
2023,ESPORTSTMNT06_2829990,oe:team:407a64574852482edb8c1560eab637c,oe:team:9cae7677cd0dbcc1cd86653870b73c2,1,0.38372571402879285,-0.5229764365891294,-2.0,-2.0,0,0.0,0.5641025641025641
2023,ESPORTSTMNT06_2830023,oe:team:9cae7677cd0dbcc1cd86653870b73c2,oe:team:407a64574852482edb8c1560eab637c,1,0.6162742859712071,0.5229764365891294,-2.0,3.0,0,0.5641025641025641,0.0
2023,ESPORTSTMNT06_2830023,oe:team:407a64574852482edb8c1560eab637c,oe:team:9cae7677cd0dbcc1cd86653870b73c2,0,0.38372571402879285,-0.5229764365891294,-5.0,-3.0,0,0.0,0.5641025641025641
2023,ESPORTSTMNT06_2831004,oe:team:9cae7677cd0dbcc1cd86653870b73c2,oe:team:407a64574852482edb8c1560eab637c,1,0.6162742859712071,0.5229764365891294,3.0,0.0,2,0.0,0.0
2023,ESPORTSTMNT06_2831004,oe:team:407a64574852482edb8c1560eab637c,oe:team:9cae7677cd0dbcc1cd86653870b73c2,0,0.38372571402879285,-0.5229764365891294,3.0,0.0,2,0.0,0.0
2023,ESPORTSTMNT06_2829991,oe:team:4880b157399745e82e26e229d8bbf48,oe:team:7338408a0fe0217451d2c9a567db999,1,0.11142578720866167,-2.771407596621157,2.0,2.0,1,0.0,
2023,ESPORTSTMNT06_2829991,oe:team:7338408a0fe0217451d2c9a567db999,oe:team:4880b157399745e82e26e229d8bbf48,0,0.8885742127913383,2.771407596621157,0.0,-2.0,0,,0.0
2023,ESPORTSTMNT06_2829999,oe:team:7338408a0fe0217451d2c9a567db999,oe:team:4880b157399745e82e26e229d8bbf48,0,0.917182477305476,3.017516138675442,0.0,0.0,0,,0.0
2023,ESPORTSTMNT06_2829999,oe:team:4880b157399745e82e26e229d8bbf48,oe:team:7338408a0fe0217451d2c9a567db999,1,0.08281752269452403,-3.017516138675442,0.0,0.0,1,0.0,
2023,ESPORTSTMNT06_2831008,oe:team:7338408a0fe0217451d2c9a567db999,oe:team:4880b157399745e82e26e229d8bbf48,1,0.917182477305476,3.017516138675442,0.0,-2.0,0,,0.0
2023,ESPORTSTMNT06_2831008,oe:team:4880b157399745e82e26e229d8bbf48,oe:team:7338408a0fe0217451d2c9a567db999,0,0.08281752269452403,-3.017516138675442,2.0,2.0,3,0.0,
2023,ESPORTSTMNT06_2830032,oe:team:4880b157399745e82e26e229d8bbf48,oe:team:7338408a0fe0217451d2c9a567db999,0,0.11142578720866167,-2.771407596621157,0.0,0.0,0,0.5454545454545454,
2023,ESPORTSTMNT06_2830032,oe:team:7338408a0fe0217451d2c9a567db999,oe:team:4880b157399745e82e26e229d8bbf48,1,0.8885742127913383,2.771407596621157,0.0,0.0,0,,0.5454545454545454
2023,ESPORTSTMNT06_2830000,oe:team:4880b157399745e82e26e229d8bbf48,oe:team:7338408a0fe0217451d2c9a567db999,0,0.11142578720866167,-2.771407596621157,-2.0,-2.0,1,0.0,
2023,ESPORTSTMNT06_2830000,oe:team:7338408a0fe0217451d2c9a567db999,oe:team:4880b157399745e82e26e229d8bbf48,1,0.8885742127913383,2.771407596621157,0.0,2.0,0,,0.0
2023,ESPORTSTMNT03_3216888,oe:team:ce499dea30cfce118f4fe85da0227e8,oe:team:8eb884e168f28402ce685bedebb5250,1,0.8966057578395155,2.7015168231670366,0.0,-2.0,1,0.3404255319148936,0.15789473684210525
2023,ESPORTSTMNT03_3216888,oe:team:8eb884e168f28402ce685bedebb5250,oe:team:ce499dea30cfce118f4fe85da0227e8,0,0.10339424216048454,-2.7015168231670366,2.0,2.0,2,0.15789473684210525,0.3404255319148936
2023,ESPORTSTMNT03_3218003,oe:team:fc8e90107dabb9a35c490b0d86adea0,oe:team:6a0084dacefb228be863fbb64cefe11,1,0.5370418178418543,0.10268810742438217,0.0,-1.0,1,0.14285714285714285,0.0
2023,ESPORTSTMNT03_3218003,oe:team:6a0084dacefb228be863fbb64cefe11,oe:team:fc8e90107dabb9a35c490b0d86adea0,0,0.46295818215814566,-0.10268810742438217,1.0,1.0,2,0.0,0.14285714285714285
2023,ESPORTSTMNT03_3217922,oe:team:50f58982d91a36557ec8aec52ab014f,oe:team:9cae7677cd0dbcc1cd86653870b73c2,1,0.9590045816075473,3.983561136981229,-2.0,-2.0,0,0.16,0.15384615384615383
2023,ESPORTSTMNT03_3217922,oe:team:9cae7677cd0dbcc1cd86653870b73c2,oe:team:50f58982d91a36557ec8aec52ab014f,0,0.04099541839245269,-3.983561136981229,0.0,2.0,1,0.15384615384615383,0.16
2023,ESPORTSTMNT03_3217931,oe:team:7338408a0fe0217451d2c9a567db999,oe:team:b42d0f31f2727621b963042276817c4,0,0.17876244998649818,-2.0589166646413624,0.0,4.0,0,,0.25
2023,ESPORTSTMNT03_3217931,oe:team:b42d0f31f2727621b963042276817c4,oe:team:7338408a0fe0217451d2c9a567db999,1,0.8212375500135018,2.0589166646413624,-4.0,-4.0,0,0.25,
2023,ESPORTSTMNT03_3216935,oe:team:7d6673d3a9d00363c6bebc1a630da6e,oe:team:ef69efa6acebe94107f0cf1ba716806,1,0.28945765715086114,-1.2492355077008903,1.0,3.0,1,0.0,0.27586206896551724
2023,ESPORTSTMNT03_3216935,oe:team:ef69efa6acebe94107f0cf1ba716806,oe:team:7d6673d3a9d00363c6bebc1a630da6e,0,0.7105423428491389,1.2492355077008903,-2.0,-3.0,0,0.27586206896551724,0.0
2023,ESPORTSTMNT03_3216952,oe:team:606c6ac695907af3823ee6405c58ff1,oe:team:e758ebe9a5a2cc81b9c8078479c2d87,1,0.8690635538286802,2.356109935840987,-3.0,-5.0,0,0.0,0.0
2023,ESPORTSTMNT03_3216952,oe:team:e758ebe9a5a2cc81b9c8078479c2d87,oe:team:606c6ac695907af3823ee6405c58ff1,0,0.13093644617131983,-2.356109935840987,2.0,5.0,1,0.0,0.0
2023,ESPORTSTMNT03_3216971,oe:team:a9145b7711873f53e610fbba0493484,oe:team:78f183fa5a7d8ecb22b9ad272c3abd7,1,0.8428761995333276,2.081040270523216,-7.0,-4.0,0,0.0,0.0
2023,ESPORTSTMNT03_3216971,oe:team:78f183fa5a7d8ecb22b9ad272c3abd7,oe:team:a9145b7711873f53e610fbba0493484,0,0.1571238004666724,-2.081040270523216,-3.0,4.0,0,0.0,0.0
2023,ESPORTSTMNT03_3219025,oe:team:d356a144644879dabb5f34cd99c886d,oe:team:d723992568441c6bafa2658129eade7,1,0.47894929763089045,-0.197927280014345,-6.0,-5.0,0,0.0,0.0
2023,ESPORTSTMNT03_3219025,oe:team:d723992568441c6bafa2658129eade7,oe:team:d356a144644879dabb5f34cd99c886d,0,0.5210507023691096,0.197927280014345,-1.0,5.0,1,0.0,0.0
2023,ESPORTSTMNT03_3220077,oe:team:e758ebe9a5a2cc81b9c8078479c2d87,oe:team:8eb884e168f28402ce685bedebb5250,1,0.5622344665373568,0.2341990595237211,2.0,2.0,2,0.0,0.3157894736842105
2023,ESPORTSTMNT03_3220077,oe:team:8eb884e168f28402ce685bedebb5250,oe:team:e758ebe9a5a2cc81b9c8078479c2d87,0,0.43776553346264324,-0.2341990595237211,0.0,-2.0,1,0.3157894736842105,0.0
2023,ESPORTSTMNT03_3220092,oe:team:fc8e90107dabb9a35c490b0d86adea0,oe:team:a9145b7711873f53e610fbba0493484,0,0.20042641847672735,-1.8765991138491076,-4.0,-3.0,1,0.21428571428571425,0.0
2023,ESPORTSTMNT03_3220092,oe:team:a9145b7711873f53e610fbba0493484,oe:team:fc8e90107dabb9a35c490b0d86adea0,1,0.7995735815232726,1.8765991138491076,-1.0,3.0,1,0.0,0.21428571428571425
2023,ESPORTSTMNT03_3219136,oe:team:6a0084dacefb228be863fbb64cefe11,oe:team:7338408a0fe0217451d2c9a567db999,1,0.5143322460609916,-0.014997238683817082,-1.0,-1.0,2,0.2,
2023,ESPORTSTMNT03_3219136,oe:team:7338408a0fe0217451d2c9a567db999,oe:team:6a0084dacefb228be863fbb64cefe11,0,0.4856677539390084,0.014997238683817082,0.0,1.0,0,,0.2
2023,ESPORTSTMNT03_3220115,oe:team:78f183fa5a7d8ecb22b9ad272c3abd7,oe:team:9cae7677cd0dbcc1cd86653870b73c2,1,0.7928690735624611,1.6450499518325317,-6.0,-6.0,0,0.0,0.2564102564102564
2023,ESPORTSTMNT03_3220115,oe:team:9cae7677cd0dbcc1cd86653870b73c2,oe:team:78f183fa5a7d8ecb22b9ad272c3abd7,0,0.20713092643753894,-1.6450499518325317,0.0,6.0,0,0.2564102564102564,0.0
2023,ESPORTSTMNT03_3220119,oe:team:50f58982d91a36557ec8aec52ab014f,oe:team:ce499dea30cfce118f4fe85da0227e8,1,0.5961786098193796,0.4142026967697481,-1.0,2.0,1,0.08,0.12765957446808512
2023,ESPORTSTMNT03_3220119,oe:team:ce499dea30cfce118f4fe85da0227e8,oe:team:50f58982d91a36557ec8aec52ab014f,0,0.40382139018062035,-0.4142026967697481,-3.0,-2.0,1,0.12765957446808512,0.08
2023,ESPORTSTMNT03_3221117,oe:team:7d6673d3a9d00363c6bebc1a630da6e,oe:team:606c6ac695907af3823ee6405c58ff1,1,0.31016996483639864,-1.1217314936777036,-2.0,1.0,1,0.0,0.0
2023,ESPORTSTMNT03_3221117,oe:team:606c6ac695907af3823ee6405c58ff1,oe:team:7d6673d3a9d00363c6bebc1a630da6e,0,0.6898300351636013,1.1217314936777036,-3.0,-1.0,0,0.0,0.0
2023,ESPORTSTMNT03_3221130,oe:team:b42d0f31f2727621b963042276817c4,oe:team:d356a144644879dabb5f34cd99c886d,1,0.5969775010923623,0.4184910547836811,-1.0,-2.0,1,0.0,0.4444444444444444
2023,ESPORTSTMNT03_3221130,oe:team:d356a144644879dabb5f34cd99c886d,oe:team:b42d0f31f2727621b963042276817c4,0,0.40302249890763775,-0.4184910547836811,1.0,2.0,2,0.4444444444444444,0.0
2023,ESPORTSTMNT03_3220154,oe:team:ef69efa6acebe94107f0cf1ba716806,oe:team:d723992568441c6bafa2658129eade7,0,0.4668561758899858,-0.2606070452600471,-3.0,0.0,0,0.27586206896551724,0.0
2023,ESPORTSTMNT03_3220154,oe:team:d723992568441c6bafa2658129eade7,oe:team:ef69efa6acebe94107f0cf1ba716806,1,0.5331438241100142,0.2606070452600471,-3.0,0.0,1,0.0,0.27586206896551724
2023,ESPORTSTMNT03_3219305,oe:team:b42d0f31f2727621b963042276817c4,oe:team:a9145b7711873f53e610fbba0493484,1,0.6053841299332612,0.4637894951331174,3.0,-1.0,2,0.0,0.4000000000000001
2023,ESPORTSTMNT03_3219305,oe:team:a9145b7711873f53e610fbba0493484,oe:team:b42d0f31f2727621b963042276817c4,0,0.3946158700667388,-0.4637894951331174,4.0,1.0,3,0.4000000000000001,0.0
2023,ESPORTSTMNT03_3221271,oe:team:a9145b7711873f53e610fbba0493484,oe:team:b42d0f31f2727621b963042276817c4,1,0.4751347844115507,-0.21768095307883195,-3.0,3.0,1,0.0,0.0
2023,ESPORTSTMNT03_3221271,oe:team:b42d0f31f2727621b963042276817c4,oe:team:a9145b7711873f53e610fbba0493484,0,0.5248652155884492,0.21768095307883195,-6.0,-3.0,0,0.0,0.0
2023,ESPORTSTMNT03_3219318,oe:team:b42d0f31f2727621b963042276817c4,oe:team:a9145b7711873f53e610fbba0493484,1,0.6053841299332612,0.4637894951331174,1.0,1.0,2,0.0,0.0
2023,ESPORTSTMNT03_3219318,oe:team:a9145b7711873f53e610fbba0493484,oe:team:b42d0f31f2727621b963042276817c4,0,0.3946158700667388,-0.4637894951331174,0.0,-1.0,0,0.0,0.0
2023,ESPORTSTMNT03_3221276,oe:team:7d6673d3a9d00363c6bebc1a630da6e,oe:team:50f58982d91a36557ec8aec52ab014f,0,0.23040607287638207,-1.64714201824978,0.0,-2.0,1,0.0,0.0
2023,ESPORTSTMNT03_3221276,oe:team:50f58982d91a36557ec8aec52ab014f,oe:team:7d6673d3a9d00363c6bebc1a630da6e,1,0.769593927123618,1.64714201824978,2.0,2.0,2,0.0,0.0
2023,ESPORTSTMNT03_3219326,oe:team:7d6673d3a9d00363c6bebc1a630da6e,oe:team:50f58982d91a36557ec8aec52ab014f,0,0.23040607287638207,-1.64714201824978,1.0,3.0,1,0.0,0.08
2023,ESPORTSTMNT03_3219326,oe:team:50f58982d91a36557ec8aec52ab014f,oe:team:7d6673d3a9d00363c6bebc1a630da6e,1,0.769593927123618,1.64714201824978,-2.0,-3.0,1,0.08,0.0
2023,ESPORTSTMNT03_3221373,oe:team:ce499dea30cfce118f4fe85da0227e8,oe:team:fc8e90107dabb9a35c490b0d86adea0,1,0.8558475690707942,2.2120844158134116,0.0,-1.0,2,0.0,0.0
2023,ESPORTSTMNT03_3221373,oe:team:fc8e90107dabb9a35c490b0d86adea0,oe:team:ce499dea30cfce118f4fe85da0227e8,0,0.14415243092920582,-2.2120844158134116,1.0,1.0,1,0.0,0.0
2023,ESPORTSTMNT03_3219448,oe:team:e758ebe9a5a2cc81b9c8078479c2d87,oe:team:6a0084dacefb228be863fbb64cefe11,1,0.4639688311198008,-0.27559951143266415,-2.0,0.0,1,0.15384615384615385,0.2
2023,ESPORTSTMNT03_3219448,oe:team:6a0084dacefb228be863fbb64cefe11,oe:team:e758ebe9a5a2cc81b9c8078479c2d87,0,0.5360311688801992,0.27559951143266415,-2.0,0.0,0,0.2,0.15384615384615385
2023,ESPORTSTMNT03_3220442,oe:team:d356a144644879dabb5f34cd99c886d,oe:team:78f183fa5a7d8ecb22b9ad272c3abd7,1,0.8474642152203936,2.1263387108726524,-2.0,-4.0,1,0.1111111111111111,0.0
2023,ESPORTSTMNT03_3220442,oe:team:78f183fa5a7d8ecb22b9ad272c3abd7,oe:team:d356a144644879dabb5f34cd99c886d,0,0.1525357847796064,-2.1263387108726524,2.0,4.0,1,0.0,0.1111111111111111
2023,ESPORTSTMNT03_3220452,oe:team:d723992568441c6bafa2658129eade7,oe:team:606c6ac695907af3823ee6405c58ff1,1,0.6364229419870913,0.6342196013375192,-2.0,-2.0,0,0.0,0.0
2023,ESPORTSTMNT03_3220452,oe:team:606c6ac695907af3823ee6405c58ff1,oe:team:d723992568441c6bafa2658129eade7,0,0.36357705801290874,-0.6342196013375192,0.0,2.0,1,0.0,0.0
2023,ESPORTSTMNT03_3220521,oe:team:8eb884e168f28402ce685bedebb5250,oe:team:9cae7677cd0dbcc1cd86653870b73c2,0,0.7173203647528218,1.1139501590987297,1.0,2.0,2,0.15789473684210525,0.15384615384615383
2023,ESPORTSTMNT03_3220521,oe:team:9cae7677cd0dbcc1cd86653870b73c2,oe:team:8eb884e168f28402ce685bedebb5250,1,0.2826796352471782,-1.1139501590987297,-1.0,-2.0,0,0.15384615384615383,0.15789473684210525
2023,ESPORTSTMNT03_3219546,oe:team:8eb884e168f28402ce685bedebb5250,oe:team:9cae7677cd0dbcc1cd86653870b73c2,1,0.7173203647528218,1.1139501590987297,-5.0,-8.0,0,0.15789473684210525,0.41025641025641024
2023,ESPORTSTMNT03_3219546,oe:team:9cae7677cd0dbcc1cd86653870b73c2,oe:team:8eb884e168f28402ce685bedebb5250,0,0.2826796352471782,-1.1139501590987297,3.0,8.0,2,0.41025641025641024,0.15789473684210525
2023,ESPORTSTMNT03_3221490,oe:team:9cae7677cd0dbcc1cd86653870b73c2,oe:team:8eb884e168f28402ce685bedebb5250,1,0.3537031459848131,-0.8678416170444445,-1.0,3.0,2,0.0,0.15789473684210525
2023,ESPORTSTMNT03_3221490,oe:team:8eb884e168f28402ce685bedebb5250,oe:team:9cae7677cd0dbcc1cd86653870b73c2,0,0.6462968540151869,0.8678416170444445,-4.0,-3.0,0,0.15789473684210525,0.0
2023,ESPORTSTMNT03_3220544,oe:team:ef69efa6acebe94107f0cf1ba716806,oe:team:7338408a0fe0217451d2c9a567db999,1,0.8286317727220155,1.9469086576934072,5.0,5.0,2,0.0,
2023,ESPORTSTMNT03_3220544,oe:team:7338408a0fe0217451d2c9a567db999,oe:team:ef69efa6acebe94107f0cf1ba716806,0,0.1713682272779845,-1.9469086576934072,0.0,-5.0,0,,0.0
2023,ESPORTSTMNT03_3220561,oe:team:7338408a0fe0217451d2c9a567db999,oe:team:ef69efa6acebe94107f0cf1ba716806,0,0.223123864130158,-1.700800115639122,0.0,-1.0,0,,0.06896551724137931
2023,ESPORTSTMNT03_3220561,oe:team:ef69efa6acebe94107f0cf1ba716806,oe:team:7338408a0fe0217451d2c9a567db999,1,0.7768761358698419,1.700800115639122,1.0,1.0,1,0.06896551724137931,
2023,ESPORTSTMNT03_3221871,oe:team:fc8e90107dabb9a35c490b0d86adea0,oe:team:78f183fa5a7d8ecb22b9ad272c3abd7,1,0.5329399673592033,0.08138688564696572,-3.0,-7.0,1,0.0,0.0
2023,ESPORTSTMNT03_3221871,oe:team:78f183fa5a7d8ecb22b9ad272c3abd7,oe:team:fc8e90107dabb9a35c490b0d86adea0,0,0.46706003264079665,-0.08138688564696572,4.0,7.0,2,0.0,0.0
2023,ESPORTSTMNT03_3221880,oe:team:78f183fa5a7d8ecb22b9ad272c3abd7,oe:team:fc8e90107dabb9a35c490b0d86adea0,1,0.5489567453019525,0.16472165640731973,-2.0,0.0,1,0.0,0.0
2023,ESPORTSTMNT03_3221880,oe:team:fc8e90107dabb9a35c490b0d86adea0,oe:team:78f183fa5a7d8ecb22b9ad272c3abd7,0,0.4510432546980475,-0.16472165640731973,-2.0,0.0,1,0.0,0.0
2023,ESPORTSTMNT03_3220950,oe:team:fc8e90107dabb9a35c490b0d86adea0,oe:team:78f183fa5a7d8ecb22b9ad272c3abd7,0,0.5329399673592033,0.08138688564696572,-4.0,-2.0,0,0.07142857142857142,0.0
2023,ESPORTSTMNT03_3220950,oe:team:78f183fa5a7d8ecb22b9ad272c3abd7,oe:team:fc8e90107dabb9a35c490b0d86adea0,1,0.46706003264079665,-0.08138688564696572,-2.0,2.0,1,0.0,0.07142857142857142
2023,ESPORTSTMNT03_3219949,oe:team:6a0084dacefb228be863fbb64cefe11,oe:team:606c6ac695907af3823ee6405c58ff1,0,0.22171186607823173,-1.7113476113268948,2.0,4.0,1,0.0,0.0
2023,ESPORTSTMNT03_3219949,oe:team:606c6ac695907af3823ee6405c58ff1,oe:team:6a0084dacefb228be863fbb64cefe11,1,0.7782881339217682,1.7113476113268948,-2.0,-4.0,1,0.0,0.0
2023,ESPORTSTMNT03_3220979,oe:team:6a0084dacefb228be863fbb64cefe11,oe:team:606c6ac695907af3823ee6405c58ff1,0,0.22171186607823173,-1.7113476113268948,0.0,2.0,0,0.0,0.0
2023,ESPORTSTMNT03_3220979,oe:team:606c6ac695907af3823ee6405c58ff1,oe:team:6a0084dacefb228be863fbb64cefe11,1,0.7782881339217682,1.7113476113268948,-2.0,-2.0,1,0.0,0.0
2023,ESPORTSTMNT03_3222049,oe:team:ef69efa6acebe94107f0cf1ba716806,oe:team:9cae7677cd0dbcc1cd86653870b73c2,1,0.9450303242937197,3.5856546264323392,1.0,2.0,2,0.0,0.41025641025641024
2023,ESPORTSTMNT03_3222049,oe:team:9cae7677cd0dbcc1cd86653870b73c2,oe:team:ef69efa6acebe94107f0cf1ba716806,0,0.05496967570628031,-3.5856546264323392,-1.0,-2.0,1,0.41025641025641024,0.0
2023,ESPORTSTMNT03_3223036,oe:team:9cae7677cd0dbcc1cd86653870b73c2,oe:team:ef69efa6acebe94107f0cf1ba716806,0,0.074742172530256,-3.339546084378054,2.0,1.0,1,0.41025641025641024,0.0
2023,ESPORTSTMNT03_3223036,oe:team:ef69efa6acebe94107f0cf1ba716806,oe:team:9cae7677cd0dbcc1cd86653870b73c2,1,0.925257827469744,3.339546084378054,1.0,-1.0,1,0.0,0.41025641025641024
2023,ESPORTSTMNT03_3223037,oe:team:d723992568441c6bafa2658129eade7,oe:team:a9145b7711873f53e610fbba0493484,0,0.6100978018002261,0.48933426241806677,-1.0,3.0,0,0.0,0.0
2023,ESPORTSTMNT03_3223037,oe:team:a9145b7711873f53e610fbba0493484,oe:team:d723992568441c6bafa2658129eade7,1,0.3899021981997739,-0.48933426241806677,-4.0,-3.0,0,0.0,0.0
2023,ESPORTSTMNT03_3222000,oe:team:d723992568441c6bafa2658129eade7,oe:team:a9145b7711873f53e610fbba0493484,1,0.6100978018002261,0.48933426241806677,-3.0,2.0,1,0.0,0.0
2023,ESPORTSTMNT03_3222000,oe:team:a9145b7711873f53e610fbba0493484,oe:team:d723992568441c6bafa2658129eade7,0,0.3899021981997739,-0.48933426241806677,-5.0,-2.0,0,0.0,0.0
2023,ESPORTSTMNT03_3224008,oe:team:a9145b7711873f53e610fbba0493484,oe:team:d723992568441c6bafa2658129eade7,1,0.47020635076919876,-0.24322572036378132,1.0,2.0,2,0.0,0.0
2023,ESPORTSTMNT03_3224008,oe:team:d723992568441c6bafa2658129eade7,oe:team:a9145b7711873f53e610fbba0493484,0,0.5297936492308013,0.24322572036378132,-1.0,-2.0,0,0.0,0.0
2023,ESPORTSTMNT03_3223190,oe:team:e758ebe9a5a2cc81b9c8078479c2d87,oe:team:7d6673d3a9d00363c6bebc1a630da6e,1,0.3541679422946049,-0.8652156290818551,2.0,3.0,1,0.0,0.0
2023,ESPORTSTMNT03_3223190,oe:team:7d6673d3a9d00363c6bebc1a630da6e,oe:team:e758ebe9a5a2cc81b9c8078479c2d87,0,0.6458320577053951,0.8652156290818551,-1.0,-3.0,1,0.0,0.0
2023,ESPORTSTMNT03_3224155,oe:team:7d6673d3a9d00363c6bebc1a630da6e,oe:team:e758ebe9a5a2cc81b9c8078479c2d87,0,0.7169080184449943,1.1113241711361406,-3.0,-3.0,0,0.0,0.0
2023,ESPORTSTMNT03_3224155,oe:team:e758ebe9a5a2cc81b9c8078479c2d87,oe:team:7d6673d3a9d00363c6bebc1a630da6e,1,0.2830919815550057,-1.1113241711361406,0.0,3.0,1,0.0,0.0
2023,ESPORTSTMNT03_3223206,oe:team:ce499dea30cfce118f4fe85da0227e8,oe:team:d356a144644879dabb5f34cd99c886d,1,0.5494187770618112,0.167132590587725,1.0,4.0,2,0.0,0.0
2023,ESPORTSTMNT03_3223206,oe:team:d356a144644879dabb5f34cd99c886d,oe:team:ce499dea30cfce118f4fe85da0227e8,0,0.4505812229381888,-0.167132590587725,-3.0,-4.0,2,0.0,0.0
2023,ESPORTSTMNT03_3224164,oe:team:d356a144644879dabb5f34cd99c886d,oe:team:ce499dea30cfce118f4fe85da0227e8,0,0.5324754169123839,0.07897595146656045,-3.0,-3.0,1,0.0,0.0
2023,ESPORTSTMNT03_3224164,oe:team:ce499dea30cfce118f4fe85da0227e8,oe:team:d356a144644879dabb5f34cd99c886d,1,0.46752458308761613,-0.07897595146656045,0.0,3.0,1,0.0,0.0
2023,ESPORTSTMNT03_3224254,oe:team:d723992568441c6bafa2658129eade7,oe:team:ef69efa6acebe94107f0cf1ba716806,1,0.6132934474232007,0.5067155873143325,-2.0,1.0,0,0.0,0.27586206896551724
2023,ESPORTSTMNT03_3224254,oe:team:ef69efa6acebe94107f0cf1ba716806,oe:team:d723992568441c6bafa2658129eade7,0,0.3867065525767993,-0.5067155873143325,-3.0,-1.0,0,0.27586206896551724,0.0
2023,ESPORTSTMNT03_3222348,oe:team:ef69efa6acebe94107f0cf1ba716806,oe:team:d723992568441c6bafa2658129eade7,0,0.4668561758899858,-0.2606070452600471,-3.0,-4.0,0,0.27586206896551724,0.0
2023,ESPORTSTMNT03_3222348,oe:team:d723992568441c6bafa2658129eade7,oe:team:ef69efa6acebe94107f0cf1ba716806,1,0.5331438241100142,0.2606070452600471,1.0,4.0,1,0.0,0.27586206896551724
2023,ESPORTSTMNT03_3224291,oe:team:78f183fa5a7d8ecb22b9ad272c3abd7,oe:team:606c6ac695907af3823ee6405c58ff1,1,0.22457005726015328,-1.6900463895494782,4.0,2.0,2,0.0,0.0
2023,ESPORTSTMNT03_3224291,oe:team:606c6ac695907af3823ee6405c58ff1,oe:team:78f183fa5a7d8ecb22b9ad272c3abd7,0,0.7754299427398468,1.6900463895494782,2.0,-2.0,2,0.0,0.0
2023,ESPORTSTMNT03_3224306,oe:team:606c6ac695907af3823ee6405c58ff1,oe:team:78f183fa5a7d8ecb22b9ad272c3abd7,1,0.8274465282270915,1.9361549316037636,3.0,2.0,2,0.0,0.0
2023,ESPORTSTMNT03_3224306,oe:team:78f183fa5a7d8ecb22b9ad272c3abd7,oe:team:606c6ac695907af3823ee6405c58ff1,0,0.17255347177290847,-1.9361549316037636,1.0,-2.0,2,0.0,0.0
2023,ESPORTSTMNT03_3224309,oe:team:78f183fa5a7d8ecb22b9ad272c3abd7,oe:team:606c6ac695907af3823ee6405c58ff1,0,0.22457005726015328,-1.6900463895494782,2.0,-1.0,1,0.0,0.0
2023,ESPORTSTMNT03_3224309,oe:team:606c6ac695907af3823ee6405c58ff1,oe:team:78f183fa5a7d8ecb22b9ad272c3abd7,1,0.7754299427398468,1.6900463895494782,3.0,1.0,2,0.0,0.0
2023,ESPORTSTMNT03_3223353,oe:team:7d6673d3a9d00363c6bebc1a630da6e,oe:team:d356a144644879dabb5f34cd99c886d,0,0.27958181335981275,-1.3119152729465924,0.0,4.0,0,0.0,0.0
2023,ESPORTSTMNT03_3223353,oe:team:d356a144644879dabb5f34cd99c886d,oe:team:7d6673d3a9d00363c6bebc1a630da6e,1,0.7204181866401873,1.3119152729465924,-4.0,-4.0,1,0.0,0.0
2023,ESPORTSTMNT03_3223364,oe:team:7d6673d3a9d00363c6bebc1a630da6e,oe:team:d356a144644879dabb5f34cd99c886d,1,0.27958181335981275,-1.3119152729465924,1.0,4.0,1,0.0,0.0
2023,ESPORTSTMNT03_3223364,oe:team:d356a144644879dabb5f34cd99c886d,oe:team:7d6673d3a9d00363c6bebc1a630da6e,0,0.7204181866401873,1.3119152729465924,-3.0,-4.0,0,0.0,0.0
2023,ESPORTSTMNT03_3224326,oe:team:d356a144644879dabb5f34cd99c886d,oe:team:7d6673d3a9d00363c6bebc1a630da6e,1,0.7815879537829041,1.5580238150008778,-1.0,-4.0,1,0.0,0.0
2023,ESPORTSTMNT03_3224326,oe:team:7d6673d3a9d00363c6bebc1a630da6e,oe:team:d356a144644879dabb5f34cd99c886d,0,0.21841204621709587,-1.5580238150008778,3.0,4.0,2,0.0,0.0
2023,ESPORTSTMNT03_3222743,oe:team:e758ebe9a5a2cc81b9c8078479c2d87,oe:team:606c6ac695907af3823ee6405c58ff1,0,0.17303094836539995,-2.1100013937867015,3.0,6.0,2,0.0,0.16666666666666666
2023,ESPORTSTMNT03_3222743,oe:team:606c6ac695907af3823ee6405c58ff1,oe:team:e758ebe9a5a2cc81b9c8078479c2d87,1,0.8269690516346,2.1100013937867015,-3.0,-6.0,0,0.16666666666666666,0.0
2023,ESPORTSTMNT03_3224688,oe:team:e758ebe9a5a2cc81b9c8078479c2d87,oe:team:606c6ac695907af3823ee6405c58ff1,0,0.17303094836539995,-2.1100013937867015,0.0,2.0,1,0.0,0.16666666666666666
2023,ESPORTSTMNT03_3224688,oe:team:606c6ac695907af3823ee6405c58ff1,oe:team:e758ebe9a5a2cc81b9c8078479c2d87,1,0.8269690516346,2.1100013937867015,-2.0,-2.0,1,0.16666666666666666,0.0
2023,ESPORTSTMNT03_3222767,oe:team:e758ebe9a5a2cc81b9c8078479c2d87,oe:team:606c6ac695907af3823ee6405c58ff1,0,0.17303094836539995,-2.1100013937867015,1.0,-4.0,2,0.0,0.0
2023,ESPORTSTMNT03_3222767,oe:team:606c6ac695907af3823ee6405c58ff1,oe:team:e758ebe9a5a2cc81b9c8078479c2d87,1,0.8269690516346,2.1100013937867015,5.0,4.0,2,0.0,0.0
2023,ESPORTSTMNT03_3225383,oe:team:50f58982d91a36557ec8aec52ab014f,oe:team:d356a144644879dabb5f34cd99c886d,0,0.6043650652437209,0.45828101633033036,-2.0,-3.0,0,0.08,0.0
2023,ESPORTSTMNT03_3225383,oe:team:d356a144644879dabb5f34cd99c886d,oe:team:50f58982d91a36557ec8aec52ab014f,1,0.3956349347562791,-0.45828101633033036,1.0,3.0,2,0.0,0.08
2023,ESPORTSTMNT03_3225421,oe:team:d356a144644879dabb5f34cd99c886d,oe:team:50f58982d91a36557ec8aec52ab014f,1,0.4761982211241566,-0.2121724742760449,-2.0,-1.0,1,0.0,0.24
2023,ESPORTSTMNT03_3225421,oe:team:50f58982d91a36557ec8aec52ab014f,oe:team:d356a144644879dabb5f34cd99c886d,0,0.5238017788758433,0.2121724742760449,-1.0,1.0,1,0.24,0.0
2023,ESPORTSTMNT03_3225426,oe:team:50f58982d91a36557ec8aec52ab014f,oe:team:d356a144644879dabb5f34cd99c886d,1,0.6043650652437209,0.45828101633033036,-3.0,-6.0,1,0.08,0.0
2023,ESPORTSTMNT03_3225426,oe:team:d356a144644879dabb5f34cd99c886d,oe:team:50f58982d91a36557ec8aec52ab014f,0,0.3956349347562791,-0.45828101633033036,3.0,6.0,2,0.0,0.08
2023,ESPORTSTMNT03_3222932,oe:team:d356a144644879dabb5f34cd99c886d,oe:team:50f58982d91a36557ec8aec52ab014f,0,0.4761982211241566,-0.2121724742760449,-2.0,-3.0,0,0.0,0.24
2023,ESPORTSTMNT03_3222932,oe:team:50f58982d91a36557ec8aec52ab014f,oe:team:d356a144644879dabb5f34cd99c886d,1,0.5238017788758433,0.2121724742760449,1.0,3.0,1,0.24,0.0
2023,ESPORTSTMNT03_3222943,oe:team:d356a144644879dabb5f34cd99c886d,oe:team:50f58982d91a36557ec8aec52ab014f,1,0.4761982211241566,-0.2121724742760449,2.0,1.0,2,0.0,0.08
2023,ESPORTSTMNT03_3222943,oe:team:50f58982d91a36557ec8aec52ab014f,oe:team:d356a144644879dabb5f34cd99c886d,0,0.5238017788758433,0.2121724742760449,1.0,-1.0,2,0.08,0.0
2023,ESPORTSTMNT03_3225556,oe:team:b42d0f31f2727621b963042276817c4,oe:team:d723992568441c6bafa2658129eade7,0,0.5360450445051719,0.09750950374219336,-3.0,-5.0,1,0.125,0.0
2023,ESPORTSTMNT03_3225556,oe:team:d723992568441c6bafa2658129eade7,oe:team:b42d0f31f2727621b963042276817c4,1,0.4639549554948281,-0.09750950374219336,2.0,5.0,2,0.0,0.125
2023,ESPORTSTMNT03_3227010,oe:team:b42d0f31f2727621b963042276817c4,oe:team:d723992568441c6bafa2658129eade7,1,0.5360450445051719,0.09750950374219336,1.0,0.0,1,0.0,0.0
2023,ESPORTSTMNT03_3227010,oe:team:d723992568441c6bafa2658129eade7,oe:team:b42d0f31f2727621b963042276817c4,0,0.4639549554948281,-0.09750950374219336,1.0,0.0,1,0.0,0.0
2023,ESPORTSTMNT03_3225580,oe:team:d723992568441c6bafa2658129eade7,oe:team:b42d0f31f2727621b963042276817c4,0,0.5458648724513556,0.1485990383120921,-4.0,-9.0,0,0.0,0.0
2023,ESPORTSTMNT03_3225580,oe:team:b42d0f31f2727621b963042276817c4,oe:team:d723992568441c6bafa2658129eade7,1,0.4541351275486444,-0.1485990383120921,5.0,9.0,3,0.0,0.0
2023,ESPORTSTMNT03_3226069,oe:team:d723992568441c6bafa2658129eade7,oe:team:b42d0f31f2727621b963042276817c4,0,0.5458648724513556,0.1485990383120921,1.0,-1.0,2,0.0,0.125
2023,ESPORTSTMNT03_3226069,oe:team:b42d0f31f2727621b963042276817c4,oe:team:d723992568441c6bafa2658129eade7,1,0.4541351275486444,-0.1485990383120921,2.0,1.0,2,0.125,0.0
2023,ESPORTSTMNT03_3225718,oe:team:a9145b7711873f53e610fbba0493484,oe:team:ce499dea30cfce118f4fe85da0227e8,0,0.523737508424533,0.03367751111712414,-1.0,-3.0,1,0.0,0.0
2023,ESPORTSTMNT03_3225718,oe:team:ce499dea30cfce118f4fe85da0227e8,oe:team:a9145b7711873f53e610fbba0493484,1,0.47626249157546696,-0.03367751111712414,2.0,3.0,2,0.0,0.0
2023,ESPORTSTMNT03_3227177,oe:team:a9145b7711873f53e610fbba0493484,oe:team:ce499dea30cfce118f4fe85da0227e8,0,0.523737508424533,0.03367751111712414,3.0,3.0,1,0.0,0.0
2023,ESPORTSTMNT03_3227177,oe:team:ce499dea30cfce118f4fe85da0227e8,oe:team:a9145b7711873f53e610fbba0493484,1,0.47626249157546696,-0.03367751111712414,0.0,-3.0,1,0.0,0.0
2023,ESPORTSTMNT03_3226221,oe:team:a9145b7711873f53e610fbba0493484,oe:team:ce499dea30cfce118f4fe85da0227e8,0,0.523737508424533,0.03367751111712414,-1.0,0.0,1,0.0,0.3404255319148936
2023,ESPORTSTMNT03_3226221,oe:team:ce499dea30cfce118f4fe85da0227e8,oe:team:a9145b7711873f53e610fbba0493484,1,0.47626249157546696,-0.03367751111712414,-1.0,0.0,0,0.3404255319148936,0.0
2023,ESPORTSTMNT03_3226447,oe:team:606c6ac695907af3823ee6405c58ff1,oe:team:d356a144644879dabb5f34cd99c886d,1,0.5042478034128345,-0.06712950824174602,0.0,3.0,0,0.3333333333333333,0.0
2023,ESPORTSTMNT03_3226447,oe:team:d356a144644879dabb5f34cd99c886d,oe:team:606c6ac695907af3823ee6405c58ff1,0,0.4957521965871655,0.06712950824174602,-3.0,-3.0,2,0.0,0.3333333333333333
2023,ESPORTSTMNT03_3227417,oe:team:d356a144644879dabb5f34cd99c886d,oe:team:606c6ac695907af3823ee6405c58ff1,1,0.5772307972840172,0.31323805029603147,0.0,-4.0,1,0.0,0.0
2023,ESPORTSTMNT03_3227417,oe:team:606c6ac695907af3823ee6405c58ff1,oe:team:d356a144644879dabb5f34cd99c886d,0,0.42276920271598284,-0.31323805029603147,4.0,4.0,3,0.0,0.0
2023,ESPORTSTMNT03_3225986,oe:team:606c6ac695907af3823ee6405c58ff1,oe:team:d356a144644879dabb5f34cd99c886d,1,0.5042478034128345,-0.06712950824174602,1.0,-6.0,1,0.0,0.0
2023,ESPORTSTMNT03_3225986,oe:team:d356a144644879dabb5f34cd99c886d,oe:team:606c6ac695907af3823ee6405c58ff1,0,0.4957521965871655,0.06712950824174602,7.0,6.0,3,0.0,0.0
2023,ESPORTSTMNT03_3227424,oe:team:d356a144644879dabb5f34cd99c886d,oe:team:606c6ac695907af3823ee6405c58ff1,1,0.5772307972840172,0.31323805029603147,0.0,2.0,2,0.0,0.0
2023,ESPORTSTMNT03_3227424,oe:team:606c6ac695907af3823ee6405c58ff1,oe:team:d356a144644879dabb5f34cd99c886d,0,0.42276920271598284,-0.31323805029603147,-2.0,-2.0,1,0.0,0.0
2023,ESPORTSTMNT03_3226463,oe:team:606c6ac695907af3823ee6405c58ff1,oe:team:d356a144644879dabb5f34cd99c886d,1,0.5042478034128345,-0.06712950824174602,-2.0,-5.0,0,0.16666666666666666,0.0
2023,ESPORTSTMNT03_3226463,oe:team:d356a144644879dabb5f34cd99c886d,oe:team:606c6ac695907af3823ee6405c58ff1,0,0.4957521965871655,0.06712950824174602,3.0,5.0,2,0.0,0.16666666666666666
2023,ESPORTSTMNT03_3228010,oe:team:ce499dea30cfce118f4fe85da0227e8,oe:team:b42d0f31f2727621b963042276817c4,1,0.49241039662195324,-0.12830419316881336,4.0,4.0,3,0.0,0.0
2023,ESPORTSTMNT03_3228010,oe:team:b42d0f31f2727621b963042276817c4,oe:team:ce499dea30cfce118f4fe85da0227e8,0,0.5075896033780467,0.12830419316881336,0.0,-4.0,1,0.0,0.0
2023,ESPORTSTMNT03_3227454,oe:team:b42d0f31f2727621b963042276817c4,oe:team:ce499dea30cfce118f4fe85da0227e8,1,0.5887422027276552,0.3744127352230988,4.0,3.0,2,0.0,0.0
2023,ESPORTSTMNT03_3227454,oe:team:ce499dea30cfce118f4fe85da0227e8,oe:team:b42d0f31f2727621b963042276817c4,0,0.4112577972723448,-0.3744127352230988,1.0,-3.0,1,0.0,0.0
2023,ESPORTSTMNT03_3227455,oe:team:ce499dea30cfce118f4fe85da0227e8,oe:team:b42d0f31f2727621b963042276817c4,1,0.49241039662195324,-0.12830419316881336,-3.0,-6.0,0,0.0,0.0
2023,ESPORTSTMNT03_3227455,oe:team:b42d0f31f2727621b963042276817c4,oe:team:ce499dea30cfce118f4fe85da0227e8,0,0.5075896033780467,0.12830419316881336,3.0,6.0,2,0.0,0.0
2023,ESPORTSTMNT03_3228025,oe:team:b42d0f31f2727621b963042276817c4,oe:team:ce499dea30cfce118f4fe85da0227e8,0,0.5887422027276552,0.3744127352230988,4.0,4.0,3,0.0,0.0
2023,ESPORTSTMNT03_3228025,oe:team:ce499dea30cfce118f4fe85da0227e8,oe:team:b42d0f31f2727621b963042276817c4,1,0.4112577972723448,-0.3744127352230988,0.0,-4.0,2,0.0,0.0
2023,ESPORTSTMNT03_3228396,oe:team:606c6ac695907af3823ee6405c58ff1,oe:team:ce499dea30cfce118f4fe85da0227e8,0,0.49571828590729206,-0.1112078278023283,2.0,-1.0,2,0.0,0.0
2023,ESPORTSTMNT03_3228396,oe:team:ce499dea30cfce118f4fe85da0227e8,oe:team:606c6ac695907af3823ee6405c58ff1,1,0.5042817140927079,0.1112078278023283,3.0,1.0,2,0.0,0.0
2023,ESPORTSTMNT03_3227846,oe:team:606c6ac695907af3823ee6405c58ff1,oe:team:ce499dea30cfce118f4fe85da0227e8,0,0.49571828590729206,-0.1112078278023283,2.0,-4.0,2,0.0,0.0
2023,ESPORTSTMNT03_3227846,oe:team:ce499dea30cfce118f4fe85da0227e8,oe:team:606c6ac695907af3823ee6405c58ff1,1,0.5042817140927079,0.1112078278023283,6.0,4.0,2,0.0,0.0
2023,ESPORTSTMNT03_3227847,oe:team:606c6ac695907af3823ee6405c58ff1,oe:team:ce499dea30cfce118f4fe85da0227e8,0,0.49571828590729206,-0.1112078278023283,3.0,2.0,2,0.0,0.0425531914893617
2023,ESPORTSTMNT03_3227847,oe:team:ce499dea30cfce118f4fe85da0227e8,oe:team:606c6ac695907af3823ee6405c58ff1,1,0.5042817140927079,0.1112078278023283,1.0,-2.0,2,0.0425531914893617,0.0
2024,LOLTMNT05_83571,oe:team:6a0084dacefb228be863fbb64cefe11,oe:team:fe099196385a285d6d6edde504dc1f6,1,0.6320030818506761,0.6096057734009416,2.0,2.0,2,0.2222222222222222,0.4782608695652174
2024,LOLTMNT05_83571,oe:team:fe099196385a285d6d6edde504dc1f6,oe:team:6a0084dacefb228be863fbb64cefe11,0,0.3679969181493239,-0.6096057734009416,0.0,-2.0,1,0.4782608695652174,0.2222222222222222
2024,LOLTMNT05_82749,oe:team:6a0084dacefb228be863fbb64cefe11,oe:team:fe099196385a285d6d6edde504dc1f6,1,0.6320030818506761,0.6096057734009416,1.0,-1.0,2,0.4444444444444444,0.4782608695652174
2024,LOLTMNT05_82749,oe:team:fe099196385a285d6d6edde504dc1f6,oe:team:6a0084dacefb228be863fbb64cefe11,0,0.3679969181493239,-0.6096057734009416,2.0,1.0,2,0.4782608695652174,0.4444444444444444
2024,LOLTMNT05_82750,oe:team:4880b157399745e82e26e229d8bbf48,oe:team:61450737f7b683db4da7b3e0bf0dced,0,0.7064150751678879,1.0452567000434665,-3.0,-5.0,1,0.0,0.0
2024,LOLTMNT05_82750,oe:team:61450737f7b683db4da7b3e0bf0dced,oe:team:4880b157399745e82e26e229d8bbf48,1,0.29358492483211207,-1.0452567000434665,2.0,5.0,1,0.0,0.0
2024,LOLTMNT05_83593,oe:team:4880b157399745e82e26e229d8bbf48,oe:team:61450737f7b683db4da7b3e0bf0dced,1,0.7064150751678879,1.0452567000434665,2.0,6.0,2,0.0,0.0
2024,LOLTMNT05_83593,oe:team:61450737f7b683db4da7b3e0bf0dced,oe:team:4880b157399745e82e26e229d8bbf48,0,0.29358492483211207,-1.0452567000434665,-4.0,-6.0,0,0.0,0.0
2024,LOLTMNT05_83597,oe:team:61450737f7b683db4da7b3e0bf0dced,oe:team:4880b157399745e82e26e229d8bbf48,0,0.37048839715469417,-0.7739476591177183,1.0,0.0,2,0.39999999999999997,0.6086956521739131
2024,LOLTMNT05_83597,oe:team:4880b157399745e82e26e229d8bbf48,oe:team:61450737f7b683db4da7b3e0bf0dced,1,0.6295116028453058,0.7739476591177183,1.0,0.0,1,0.6086956521739131,0.39999999999999997
2024,LOLTMNT05_82854,oe:team:9cae7677cd0dbcc1cd86653870b73c2,oe:team:d8ca3fc1f0827ec76369af7b70d43e3,1,0.5870483368007949,0.3653803595990466,-5.0,-1.0,0,0.0,0.6666666666666666
2024,LOLTMNT05_82854,oe:team:d8ca3fc1f0827ec76369af7b70d43e3,oe:team:9cae7677cd0dbcc1cd86653870b73c2,0,0.41295166319920507,-0.3653803595990466,-4.0,1.0,1,0.6666666666666666,0.0
2024,LOLTMNT05_82860,oe:team:d8ca3fc1f0827ec76369af7b70d43e3,oe:team:9cae7677cd0dbcc1cd86653870b73c2,0,0.4990343183787687,-0.09407131867329832,-6.0,-2.0,0,0.6666666666666666,0.0
2024,LOLTMNT05_82860,oe:team:9cae7677cd0dbcc1cd86653870b73c2,oe:team:d8ca3fc1f0827ec76369af7b70d43e3,1,0.5009656816212313,0.09407131867329832,-4.0,2.0,1,0.0,0.6666666666666666
2024,LOLTMNT05_82864,oe:team:4bd1751425ef6a9bc9d4d8e9385b4a6,oe:team:2cb996a4b0ffaca3bcf66fe91450243,1,0.9301088757170456,3.254833890693557,1.0,2.0,2,0.0,0.4999999999999999
2024,LOLTMNT05_82864,oe:team:2cb996a4b0ffaca3bcf66fe91450243,oe:team:4bd1751425ef6a9bc9d4d8e9385b4a6,0,0.06989112428295441,-3.254833890693557,-1.0,-2.0,1,0.4999999999999999,0.0
2024,LOLTMNT05_82873,oe:team:4bd1751425ef6a9bc9d4d8e9385b4a6,oe:team:2cb996a4b0ffaca3bcf66fe91450243,0,0.9301088757170456,3.254833890693557,-5.0,-5.0,0,0.08333333333333333,0.4999999999999999
2024,LOLTMNT05_82873,oe:team:2cb996a4b0ffaca3bcf66fe91450243,oe:team:4bd1751425ef6a9bc9d4d8e9385b4a6,1,0.06989112428295441,-3.254833890693557,0.0,5.0,1,0.4999999999999999,0.08333333333333333
2024,LOLTMNT05_83703,oe:team:2cb996a4b0ffaca3bcf66fe91450243,oe:team:4bd1751425ef6a9bc9d4d8e9385b4a6,1,0.09617649561284194,-2.983524849767809,0.0,-2.0,1,0.4999999999999999,0.0
2024,LOLTMNT05_83703,oe:team:4bd1751425ef6a9bc9d4d8e9385b4a6,oe:team:2cb996a4b0ffaca3bcf66fe91450243,0,0.9038235043871581,2.983524849767809,2.0,2.0,2,0.0,0.4999999999999999
2024,LOLTMNT05_82955,oe:team:6a0084dacefb228be863fbb64cefe11,oe:team:4880b157399745e82e26e229d8bbf48,1,0.5200402303005972,0.014534631407110421,0.0,-1.0,1,0.0,0.043478260869565216
2024,LOLTMNT05_82955,oe:team:4880b157399745e82e26e229d8bbf48,oe:team:6a0084dacefb228be863fbb64cefe11,0,0.4799597696994028,-0.014534631407110421,1.0,1.0,1,0.043478260869565216,0.0
2024,LOLTMNT05_82960,oe:team:4880b157399745e82e26e229d8bbf48,oe:team:6a0084dacefb228be863fbb64cefe11,1,0.5665306260551677,0.2567744095186377,1.0,1.0,2,0.6086956521739131,0.0
2024,LOLTMNT05_82960,oe:team:6a0084dacefb228be863fbb64cefe11,oe:team:4880b157399745e82e26e229d8bbf48,0,0.4334693739448323,-0.2567744095186377,0.0,-1.0,2,0.0,0.6086956521739131
2024,LOLTMNT05_83774,oe:team:6a0084dacefb228be863fbb64cefe11,oe:team:4880b157399745e82e26e229d8bbf48,1,0.5200402303005972,0.014534631407110421,-5.0,1.0,1,0.0,0.043478260869565216
2024,LOLTMNT05_83774,oe:team:4880b157399745e82e26e229d8bbf48,oe:team:6a0084dacefb228be863fbb64cefe11,0,0.4799597696994028,-0.014534631407110421,-6.0,-1.0,1,0.043478260869565216,0.0
2024,LOLTMNT05_82961,oe:team:9cae7677cd0dbcc1cd86653870b73c2,oe:team:2cb996a4b0ffaca3bcf66fe91450243,1,0.9122060719335374,2.9351014846909766,-4.0,-7.0,0,0.0,0.19999999999999996
2024,LOLTMNT05_82961,oe:team:2cb996a4b0ffaca3bcf66fe91450243,oe:team:9cae7677cd0dbcc1cd86653870b73c2,0,0.08779392806646258,-2.9351014846909766,3.0,7.0,3,0.19999999999999996,0.0
2024,LOLTMNT05_82970,oe:team:9cae7677cd0dbcc1cd86653870b73c2,oe:team:2cb996a4b0ffaca3bcf66fe91450243,1,0.9122060719335374,2.9351014846909766,-1.0,-2.0,1,0.0,0.19999999999999996
2024,LOLTMNT05_82970,oe:team:2cb996a4b0ffaca3bcf66fe91450243,oe:team:9cae7677cd0dbcc1cd86653870b73c2,0,0.08779392806646258,-2.9351014846909766,1.0,2.0,2,0.19999999999999996,0.0
2024,LOLTMNT05_84084,oe:team:61450737f7b683db4da7b3e0bf0dced,oe:team:fe099196385a285d6d6edde504dc1f6,1,0.4826304078413298,-0.1788765171238872,-1.0,5.0,1,0.26666666666666666,0.4782608695652174
2024,LOLTMNT05_84084,oe:team:fe099196385a285d6d6edde504dc1f6,oe:team:61450737f7b683db4da7b3e0bf0dced,0,0.5173695921586702,0.1788765171238872,-6.0,-5.0,0,0.4782608695652174,0.26666666666666666
2024,LOLTMNT05_84093,oe:team:fe099196385a285d6d6edde504dc1f6,oe:team:61450737f7b683db4da7b3e0bf0dced,0,0.6028657668472137,0.4501855580496354,-1.0,-3.0,0,0.0,0.0
2024,LOLTMNT05_84093,oe:team:61450737f7b683db4da7b3e0bf0dced,oe:team:fe099196385a285d6d6edde504dc1f6,1,0.3971342331527863,-0.4501855580496354,2.0,3.0,1,0.0,0.0
2024,LOLTMNT05_85045,oe:team:d8ca3fc1f0827ec76369af7b70d43e3,oe:team:4bd1751425ef6a9bc9d4d8e9385b4a6,0,0.437490719739035,-0.4138037246758788,-4.0,-1.0,1,0.6666666666666666,0.8333333333333333
2024,LOLTMNT05_85045,oe:team:4bd1751425ef6a9bc9d4d8e9385b4a6,oe:team:d8ca3fc1f0827ec76369af7b70d43e3,1,0.562509280260965,0.4138037246758788,-3.0,1.0,0,0.8333333333333333,0.6666666666666666
2024,LOLTMNT05_84108,oe:team:d8ca3fc1f0827ec76369af7b70d43e3,oe:team:4bd1751425ef6a9bc9d4d8e9385b4a6,0,0.437490719739035,-0.4138037246758788,1.0,2.0,1,0.6666666666666666,0.08333333333333333
2024,LOLTMNT05_84108,oe:team:4bd1751425ef6a9bc9d4d8e9385b4a6,oe:team:d8ca3fc1f0827ec76369af7b70d43e3,1,0.562509280260965,0.4138037246758788,-1.0,-2.0,0,0.08333333333333333,0.6666666666666666
2024,LOLTMNT05_85079,oe:team:61450737f7b683db4da7b3e0bf0dced,oe:team:2cb996a4b0ffaca3bcf66fe91450243,0,0.8805608872714136,2.4918220059727725,2.0,1.0,2,0.26666666666666666,0.0
2024,LOLTMNT05_85079,oe:team:2cb996a4b0ffaca3bcf66fe91450243,oe:team:61450737f7b683db4da7b3e0bf0dced,1,0.11943911272858643,-2.4918220059727725,1.0,-1.0,1,0.0,0.26666666666666666
2024,LOLTMNT05_85086,oe:team:61450737f7b683db4da7b3e0bf0dced,oe:team:2cb996a4b0ffaca3bcf66fe91450243,1,0.8805608872714136,2.4918220059727725,4.0,3.0,2,0.26666666666666666,0.0
2024,LOLTMNT05_85086,oe:team:2cb996a4b0ffaca3bcf66fe91450243,oe:team:61450737f7b683db4da7b3e0bf0dced,0,0.11943911272858643,-2.4918220059727725,1.0,-3.0,1,0.0,0.26666666666666666
2024,LOLTMNT05_84136,oe:team:2cb996a4b0ffaca3bcf66fe91450243,oe:team:61450737f7b683db4da7b3e0bf0dced,0,0.16113078215519366,-2.2205129650470243,-2.0,-5.0,0,0.0,0.6666666666666666
2024,LOLTMNT05_84136,oe:team:61450737f7b683db4da7b3e0bf0dced,oe:team:2cb996a4b0ffaca3bcf66fe91450243,1,0.8388692178448063,2.2205129650470243,3.0,5.0,2,0.6666666666666666,0.0
2024,LOLTMNT05_84137,oe:team:4880b157399745e82e26e229d8bbf48,oe:team:4bd1751425ef6a9bc9d4d8e9385b4a6,1,0.5713657131888917,0.28224481532268175,4.0,3.0,3,0.0,0.16666666666666666
2024,LOLTMNT05_84137,oe:team:4bd1751425ef6a9bc9d4d8e9385b4a6,oe:team:4880b157399745e82e26e229d8bbf48,0,0.42863428681110827,-0.28224481532268175,1.0,-3.0,1,0.16666666666666666,0.0
2024,LOLTMNT05_84144,oe:team:4880b157399745e82e26e229d8bbf48,oe:team:4bd1751425ef6a9bc9d4d8e9385b4a6,1,0.5713657131888917,0.28224481532268175,-4.0,1.0,0,0.6521739130434783,0.16666666666666666
2024,LOLTMNT05_84144,oe:team:4bd1751425ef6a9bc9d4d8e9385b4a6,oe:team:4880b157399745e82e26e229d8bbf48,0,0.42863428681110827,-0.28224481532268175,-5.0,-1.0,0,0.16666666666666666,0.6521739130434783
2024,LOLTMNT05_87210,oe:team:d356a144644879dabb5f34cd99c886d,oe:team:6a0084dacefb228be863fbb64cefe11,1,0.818108919624616,1.853408668755796,2.0,-1.0,2,0.0,0.0
2024,LOLTMNT05_87210,oe:team:6a0084dacefb228be863fbb64cefe11,oe:team:d356a144644879dabb5f34cd99c886d,0,0.18189108037538404,-1.853408668755796,3.0,1.0,2,0.0,0.0
2024,LOLTMNT05_87211,oe:team:fcec508e780bbd1ad493852640f5b36,oe:team:ce499dea30cfce118f4fe85da0227e8,1,0.5125707883205801,-0.02410637403273519,-4.0,-5.0,1,0.0,0.28
2024,LOLTMNT05_87211,oe:team:ce499dea30cfce118f4fe85da0227e8,oe:team:fcec508e780bbd1ad493852640f5b36,0,0.4874292116794199,0.02410637403273519,1.0,5.0,1,0.28,0.0
2024,LOLTMNT05_87219,oe:team:50f58982d91a36557ec8aec52ab014f,oe:team:606c6ac695907af3823ee6405c58ff1,1,0.7755823554073611,1.5130153004646618,-7.0,-8.0,0,0.0,0.0
2024,LOLTMNT05_87219,oe:team:606c6ac695907af3823ee6405c58ff1,oe:team:50f58982d91a36557ec8aec52ab014f,0,0.2244176445926389,-1.5130153004646618,1.0,8.0,2,0.0,0.0
2024,LOLTMNT05_87230,oe:team:78f183fa5a7d8ecb22b9ad272c3abd7,oe:team:ef69efa6acebe94107f0cf1ba716806,0,0.32604345699939,-1.027177259657171,-1.0,1.0,0,0.0,0.0
2024,LOLTMNT05_87230,oe:team:ef69efa6acebe94107f0cf1ba716806,oe:team:78f183fa5a7d8ecb22b9ad272c3abd7,1,0.67395654300061,1.027177259657171,-2.0,-1.0,1,0.0,0.0
2024,LOLTMNT05_87239,oe:team:8eb884e168f28402ce685bedebb5250,oe:team:a9145b7711873f53e610fbba0493484,0,0.42894840760989594,-0.4587500407727878,1.0,5.0,1,0.0,0.0
2024,LOLTMNT05_87239,oe:team:a9145b7711873f53e610fbba0493484,oe:team:8eb884e168f28402ce685bedebb5250,1,0.5710515923901041,0.4587500407727878,-4.0,-5.0,0,0.0,0.0
2024,LOLTMNT05_86248,oe:team:3a1d18f46bcb3716ebcfcf4ef068934,oe:team:4880b157399745e82e26e229d8bbf48,1,0.8391445465804652,2.0449842305615062,-1.0,-3.0,1,0.0,0.6086956521739131
2024,LOLTMNT05_86248,oe:team:4880b157399745e82e26e229d8bbf48,oe:team:3a1d18f46bcb3716ebcfcf4ef068934,0,0.16085545341953478,-2.0449842305615062,2.0,3.0,1,0.6086956521739131,0.0
2024,LOLTMNT05_86264,oe:team:9cae7677cd0dbcc1cd86653870b73c2,oe:team:2e66da41dc460dd378e3bcc57042d31,0,0.40594256894771247,-0.5809917434745022,1.0,4.0,1,0.18181818181818182,0.0
2024,LOLTMNT05_86264,oe:team:2e66da41dc460dd378e3bcc57042d31,oe:team:9cae7677cd0dbcc1cd86653870b73c2,1,0.5940574310522875,0.5809917434745022,-3.0,-4.0,0,0.0,0.18181818181818182
2024,LOLTMNT05_86274,oe:team:7d6673d3a9d00363c6bebc1a630da6e,oe:team:61450737f7b683db4da7b3e0bf0dced,1,0.8044706958773172,1.7382830827261726,-3.0,6.0,0,0.04545454545454546,0.39999999999999997
2024,LOLTMNT05_86274,oe:team:61450737f7b683db4da7b3e0bf0dced,oe:team:7d6673d3a9d00363c6bebc1a630da6e,0,0.19552930412268277,-1.7382830827261726,-9.0,-6.0,0,0.39999999999999997,0.04545454545454546
2024,LOLTMNT05_89019,oe:team:d356a144644879dabb5f34cd99c886d,oe:team:a9145b7711873f53e610fbba0493484,0,0.662207414337658,0.7805595509123333,0.0,4.0,1,0.4782608695652174,0.21052631578947367
2024,LOLTMNT05_89019,oe:team:a9145b7711873f53e610fbba0493484,oe:team:d356a144644879dabb5f34cd99c886d,1,0.33779258566234205,-0.7805595509123333,-4.0,-4.0,0,0.21052631578947367,0.4782608695652174
2024,LOLTMNT05_88031,oe:team:50f58982d91a36557ec8aec52ab014f,oe:team:fcec508e780bbd1ad493852640f5b36,1,0.6789595211854813,0.8785472282869087,-2.0,2.0,1,0.0,0.25
2024,LOLTMNT05_88031,oe:team:fcec508e780bbd1ad493852640f5b36,oe:team:50f58982d91a36557ec8aec52ab014f,0,0.3210404788145187,-0.8785472282869087,-4.0,-2.0,0,0.25,0.0
2024,LOLTMNT05_88034,oe:team:7d6673d3a9d00363c6bebc1a630da6e,oe:team:3a1d18f46bcb3716ebcfcf4ef068934,0,0.31701480694875983,-1.080648806953052,-4.0,-3.0,0,0.0,0.21428571428571427
2024,LOLTMNT05_88034,oe:team:3a1d18f46bcb3716ebcfcf4ef068934,oe:team:7d6673d3a9d00363c6bebc1a630da6e,1,0.6829851930512402,1.080648806953052,-1.0,3.0,1,0.21428571428571427,0.0
2024,LOLTMNT05_89043,oe:team:8eb884e168f28402ce685bedebb5250,oe:team:606c6ac695907af3823ee6405c58ff1,0,0.4478367683433688,-0.35962486678749417,0.0,-4.0,0,0.0,0.10526315789473684
2024,LOLTMNT05_89043,oe:team:606c6ac695907af3823ee6405c58ff1,oe:team:8eb884e168f28402ce685bedebb5250,1,0.5521632316566312,0.35962486678749417,4.0,4.0,3,0.10526315789473684,0.0
2024,LOLTMNT05_88058,oe:team:ce499dea30cfce118f4fe85da0227e8,oe:team:61450737f7b683db4da7b3e0bf0dced,1,0.8959273313599573,2.6920897215192348,-4.0,-4.0,0,0.18,0.6666666666666666
2024,LOLTMNT05_88058,oe:team:61450737f7b683db4da7b3e0bf0dced,oe:team:ce499dea30cfce118f4fe85da0227e8,0,0.10407266864004272,-2.6920897215192348,0.0,4.0,0,0.6666666666666666,0.18
2024,LOLTMNT05_89058,oe:team:ef69efa6acebe94107f0cf1ba716806,oe:team:2e66da41dc460dd378e3bcc57042d31,1,0.7437588822078491,1.2875686736426346,-5.0,-3.0,0,0.0,0.0
2024,LOLTMNT05_89058,oe:team:2e66da41dc460dd378e3bcc57042d31,oe:team:ef69efa6acebe94107f0cf1ba716806,0,0.25624111779215086,-1.2875686736426346,-2.0,3.0,0,0.0,0.0
2024,LOLTMNT05_89068,oe:team:78f183fa5a7d8ecb22b9ad272c3abd7,oe:team:9cae7677cd0dbcc1cd86653870b73c2,1,0.6726570860421929,0.8413831574599661,0.0,1.0,2,0.2,0.0
2024,LOLTMNT05_89068,oe:team:9cae7677cd0dbcc1cd86653870b73c2,oe:team:78f183fa5a7d8ecb22b9ad272c3abd7,0,0.3273429139578071,-0.8413831574599661,-1.0,-1.0,1,0.0,0.2
2024,LOLTMNT05_88097,oe:team:4880b157399745e82e26e229d8bbf48,oe:team:6a0084dacefb228be863fbb64cefe11,1,0.5665306260551677,0.2567744095186377,-6.0,-3.0,0,0.6086956521739131,0.0
2024,LOLTMNT05_88097,oe:team:6a0084dacefb228be863fbb64cefe11,oe:team:4880b157399745e82e26e229d8bbf48,0,0.4334693739448323,-0.2567744095186377,-3.0,3.0,0,0.0,0.6086956521739131
2024,LOLTMNT05_89252,oe:team:ef69efa6acebe94107f0cf1ba716806,oe:team:a9145b7711873f53e610fbba0493484,0,0.6277727761197903,0.5861630079299238,-5.0,-5.0,0,0.4666666666666666,0.0
2024,LOLTMNT05_89252,oe:team:a9145b7711873f53e610fbba0493484,oe:team:ef69efa6acebe94107f0cf1ba716806,1,0.3722272238802097,-0.5861630079299238,0.0,5.0,1,0.0,0.4666666666666666
2024,LOLTMNT05_89260,oe:team:ef69efa6acebe94107f0cf1ba716806,oe:team:a9145b7711873f53e610fbba0493484,0,0.6277727761197903,0.5861630079299238,0.0,1.0,1,0.4666666666666666,0.0
2024,LOLTMNT05_89260,oe:team:a9145b7711873f53e610fbba0493484,oe:team:ef69efa6acebe94107f0cf1ba716806,1,0.3722272238802097,-0.5861630079299238,-1.0,-1.0,0,0.0,0.4666666666666666
2024,LOLTMNT05_88269,oe:team:3a1d18f46bcb3716ebcfcf4ef068934,oe:team:50f58982d91a36557ec8aec52ab014f,1,0.48145071263289285,-0.18498060424268692,0.0,3.0,1,0.5714285714285714,0.0
2024,LOLTMNT05_88269,oe:team:50f58982d91a36557ec8aec52ab014f,oe:team:3a1d18f46bcb3716ebcfcf4ef068934,0,0.5185492873671071,0.18498060424268692,-3.0,-3.0,1,0.0,0.5714285714285714
2024,LOLTMNT05_88283,oe:team:50f58982d91a36557ec8aec52ab014f,oe:team:3a1d18f46bcb3716ebcfcf4ef068934,1,0.6039964392605601,0.45628964516843507,-4.0,1.0,1,0.0,0.5714285714285714
2024,LOLTMNT05_88283,oe:team:3a1d18f46bcb3716ebcfcf4ef068934,oe:team:50f58982d91a36557ec8aec52ab014f,0,0.3960035607394399,-0.45628964516843507,-5.0,-1.0,0,0.5714285714285714,0.0
2024,LOLTMNT05_89287,oe:team:3a1d18f46bcb3716ebcfcf4ef068934,oe:team:50f58982d91a36557ec8aec52ab014f,0,0.48145071263289285,-0.18498060424268692,-1.0,3.0,1,0.5714285714285714,0.0
2024,LOLTMNT05_89287,oe:team:50f58982d91a36557ec8aec52ab014f,oe:team:3a1d18f46bcb3716ebcfcf4ef068934,1,0.5185492873671071,0.18498060424268692,-4.0,-3.0,1,0.0,0.5714285714285714
2024,LOLTMNT05_88332,oe:team:fcec508e780bbd1ad493852640f5b36,oe:team:78f183fa5a7d8ecb22b9ad272c3abd7,1,0.7576273194120187,1.383320711308329,-5.0,-4.0,0,0.0,0.0
2024,LOLTMNT05_88332,oe:team:78f183fa5a7d8ecb22b9ad272c3abd7,oe:team:fcec508e780bbd1ad493852640f5b36,0,0.24237268058798134,-1.383320711308329,-1.0,4.0,1,0.0,0.0
2024,LOLTMNT05_89304,oe:team:d356a144644879dabb5f34cd99c886d,oe:team:ce499dea30cfce118f4fe85da0227e8,0,0.5337238474481433,0.08545575822426432,6.0,7.0,3,0.0,0.0
2024,LOLTMNT05_89304,oe:team:ce499dea30cfce118f4fe85da0227e8,oe:team:d356a144644879dabb5f34cd99c886d,1,0.4662761525518567,-0.08545575822426432,-1.0,-7.0,1,0.0,0.0
2024,LOLTMNT05_89309,oe:team:2e66da41dc460dd378e3bcc57042d31,oe:team:4880b157399745e82e26e229d8bbf48,1,0.5909080120070141,0.38597808353786234,-3.0,-5.0,0,0.0,0.0
2024,LOLTMNT05_89309,oe:team:4880b157399745e82e26e229d8bbf48,oe:team:2e66da41dc460dd378e3bcc57042d31,0,0.40909198799298585,-0.38597808353786234,2.0,5.0,2,0.0,0.0
2024,LOLTMNT05_88353,oe:team:7d6673d3a9d00363c6bebc1a630da6e,oe:team:606c6ac695907af3823ee6405c58ff1,1,0.5126062217428786,-0.023923151656825237,0.0,6.0,1,0.0,0.21052631578947367
2024,LOLTMNT05_88353,oe:team:606c6ac695907af3823ee6405c58ff1,oe:team:7d6673d3a9d00363c6bebc1a630da6e,0,0.4873937782571214,0.023923151656825237,-6.0,-6.0,0,0.21052631578947367,0.0
2024,LOLTMNT05_89359,oe:team:6a0084dacefb228be863fbb64cefe11,oe:team:9cae7677cd0dbcc1cd86653870b73c2,1,0.6085358198767892,0.48085733226949856,-2.0,-2.0,1,0.2222222222222222,0.18181818181818182
2024,LOLTMNT05_89359,oe:team:9cae7677cd0dbcc1cd86653870b73c2,oe:team:6a0084dacefb228be863fbb64cefe11,0,0.3914641801232108,-0.48085733226949856,0.0,2.0,1,0.18181818181818182,0.2222222222222222
2024,LOLTMNT05_88393,oe:team:9cae7677cd0dbcc1cd86653870b73c2,oe:team:6a0084dacefb228be863fbb64cefe11,1,0.47670490799645515,-0.2095482913437503,-1.0,0.0,1,0.0,0.2222222222222222
2024,LOLTMNT05_88393,oe:team:6a0084dacefb228be863fbb64cefe11,oe:team:9cae7677cd0dbcc1cd86653870b73c2,0,0.5232950920035448,0.2095482913437503,-1.0,0.0,1,0.2222222222222222,0.0
2024,LOLTMNT05_89368,oe:team:6a0084dacefb228be863fbb64cefe11,oe:team:9cae7677cd0dbcc1cd86653870b73c2,0,0.6085358198767892,0.48085733226949856,1.0,4.0,1,0.2222222222222222,0.0
2024,LOLTMNT05_89368,oe:team:9cae7677cd0dbcc1cd86653870b73c2,oe:team:6a0084dacefb228be863fbb64cefe11,1,0.3914641801232108,-0.48085733226949856,-3.0,-4.0,1,0.0,0.2222222222222222
2024,LOLTMNT05_89371,oe:team:8eb884e168f28402ce685bedebb5250,oe:team:61450737f7b683db4da7b3e0bf0dced,1,0.7603544594169249,1.4025813675955037,2.0,1.0,2,0.0,0.26666666666666666
2024,LOLTMNT05_89371,oe:team:61450737f7b683db4da7b3e0bf0dced,oe:team:8eb884e168f28402ce685bedebb5250,0,0.23964554058307508,-1.4025813675955037,1.0,-1.0,2,0.26666666666666666,0.0
2024,LOLTMNT05_89381,oe:team:61450737f7b683db4da7b3e0bf0dced,oe:team:8eb884e168f28402ce685bedebb5250,0,0.30859203493456305,-1.1312723266697555,0.0,1.0,1,0.0,0.5333333333333333
2024,LOLTMNT05_89381,oe:team:8eb884e168f28402ce685bedebb5250,oe:team:61450737f7b683db4da7b3e0bf0dced,1,0.691407965065437,1.1312723266697555,-1.0,-1.0,1,0.5333333333333333,0.0
2024,LOLTMNT05_89529,oe:team:fcec508e780bbd1ad493852640f5b36,oe:team:ef69efa6acebe94107f0cf1ba716806,1,0.559620780857119,0.22048893118828383,-4.0,-3.0,1,0.0,0.4666666666666666
2024,LOLTMNT05_89529,oe:team:ef69efa6acebe94107f0cf1ba716806,oe:team:fcec508e780bbd1ad493852640f5b36,0,0.44037921914288103,-0.22048893118828383,-1.0,3.0,1,0.4666666666666666,0.0
2024,LOLTMNT05_88568,oe:team:ef69efa6acebe94107f0cf1ba716806,oe:team:fcec508e780bbd1ad493852640f5b36,0,0.5270462552041414,0.050820109737464314,0.0,4.0,1,0.4666666666666666,0.0
2024,LOLTMNT05_88568,oe:team:fcec508e780bbd1ad493852640f5b36,oe:team:ef69efa6acebe94107f0cf1ba716806,1,0.4729537447958586,-0.050820109737464314,-4.0,-4.0,1,0.0,0.4666666666666666
2024,LOLTMNT05_88569,oe:team:3a1d18f46bcb3716ebcfcf4ef068934,oe:team:2e66da41dc460dd378e3bcc57042d31,1,0.8112439612961511,1.7946606674865182,1.0,1.0,1,0.0,0.0
2024,LOLTMNT05_88569,oe:team:2e66da41dc460dd378e3bcc57042d31,oe:team:3a1d18f46bcb3716ebcfcf4ef068934,0,0.18875603870384894,-1.7946606674865182,0.0,-1.0,0,0.0,0.0
2024,LOLTMNT05_88577,oe:team:3a1d18f46bcb3716ebcfcf4ef068934,oe:team:2e66da41dc460dd378e3bcc57042d31,0,0.8112439612961511,1.7946606674865182,-1.0,-1.0,0,0.0,0.0
2024,LOLTMNT05_88577,oe:team:2e66da41dc460dd378e3bcc57042d31,oe:team:3a1d18f46bcb3716ebcfcf4ef068934,1,0.18875603870384894,-1.7946606674865182,0.0,1.0,1,0.0,0.0
2024,LOLTMNT05_89548,oe:team:3a1d18f46bcb3716ebcfcf4ef068934,oe:team:2e66da41dc460dd378e3bcc57042d31,1,0.8112439612961511,1.7946606674865182,0.0,2.0,1,0.5714285714285714,0.0
2024,LOLTMNT05_89548,oe:team:2e66da41dc460dd378e3bcc57042d31,oe:team:3a1d18f46bcb3716ebcfcf4ef068934,0,0.18875603870384894,-1.7946606674865182,-2.0,-2.0,0,0.0,0.5714285714285714
2024,LOLTMNT05_88620,oe:team:7d6673d3a9d00363c6bebc1a630da6e,oe:team:ce499dea30cfce118f4fe85da0227e8,0,0.3625441652566544,-0.8181521183301879,3.0,2.0,2,0.0,0.0
2024,LOLTMNT05_88620,oe:team:ce499dea30cfce118f4fe85da0227e8,oe:team:7d6673d3a9d00363c6bebc1a630da6e,1,0.6374558347433457,0.8181521183301879,1.0,-2.0,1,0.0,0.0
2024,LOLTMNT05_89569,oe:team:7d6673d3a9d00363c6bebc1a630da6e,oe:team:ce499dea30cfce118f4fe85da0227e8,0,0.3625441652566544,-0.8181521183301879,2.0,0.0,2,0.0,0.0
2024,LOLTMNT05_89569,oe:team:ce499dea30cfce118f4fe85da0227e8,oe:team:7d6673d3a9d00363c6bebc1a630da6e,1,0.6374558347433457,0.8181521183301879,2.0,0.0,2,0.0,0.0
2024,LOLTMNT05_88621,oe:team:d356a144644879dabb5f34cd99c886d,oe:team:4880b157399745e82e26e229d8bbf48,1,0.8037398195013227,1.7322887797000324,-3.0,0.0,2,0.4782608695652174,0.6086956521739131
2024,LOLTMNT05_88621,oe:team:4880b157399745e82e26e229d8bbf48,oe:team:d356a144644879dabb5f34cd99c886d,0,0.19626018049867733,-1.7322887797000324,-3.0,0.0,0,0.6086956521739131,0.4782608695652174
2024,LOLTMNT05_88637,oe:team:4880b157399745e82e26e229d8bbf48,oe:team:d356a144644879dabb5f34cd99c886d,0,0.2569426165137013,-1.4609797387742844,0.0,-4.0,1,0.0,0.4782608695652174
2024,LOLTMNT05_88637,oe:team:d356a144644879dabb5f34cd99c886d,oe:team:4880b157399745e82e26e229d8bbf48,1,0.7430573834862987,1.4609797387742844,4.0,4.0,2,0.4782608695652174,0.0
2024,LOLTMNT05_89600,oe:team:78f183fa5a7d8ecb22b9ad272c3abd7,oe:team:606c6ac695907af3823ee6405c58ff1,1,0.42538879238043775,-0.4775435982048275,4.0,6.0,3,0.0,0.0
2024,LOLTMNT05_89600,oe:team:606c6ac695907af3823ee6405c58ff1,oe:team:78f183fa5a7d8ecb22b9ad272c3abd7,0,0.5746112076195622,0.4775435982048275,-2.0,-6.0,0,0.0,0.0
2024,LOLTMNT05_89602,oe:team:606c6ac695907af3823ee6405c58ff1,oe:team:78f183fa5a7d8ecb22b9ad272c3abd7,1,0.6566958033588075,0.7488526391305754,4.0,7.0,3,0.0,0.0
2024,LOLTMNT05_89602,oe:team:78f183fa5a7d8ecb22b9ad272c3abd7,oe:team:606c6ac695907af3823ee6405c58ff1,0,0.3433041966411925,-0.7488526391305754,-3.0,-7.0,1,0.0,0.0
2024,LOLTMNT05_88663,oe:team:606c6ac695907af3823ee6405c58ff1,oe:team:78f183fa5a7d8ecb22b9ad272c3abd7,1,0.6566958033588075,0.7488526391305754,4.0,4.0,3,0.0,0.0
2024,LOLTMNT05_88663,oe:team:78f183fa5a7d8ecb22b9ad272c3abd7,oe:team:606c6ac695907af3823ee6405c58ff1,0,0.3433041966411925,-0.7488526391305754,0.0,-4.0,1,0.0,0.0
2024,LOLTMNT05_88668,oe:team:8eb884e168f28402ce685bedebb5250,oe:team:9cae7677cd0dbcc1cd86653870b73c2,0,0.6924296012694762,0.9593018888772994,-9.0,-11.0,0,0.0,0.0
2024,LOLTMNT05_88668,oe:team:9cae7677cd0dbcc1cd86653870b73c2,oe:team:8eb884e168f28402ce685bedebb5250,1,0.30757039873052383,-0.9593018888772994,2.0,11.0,2,0.0,0.0
2024,LOLTMNT05_88671,oe:team:8eb884e168f28402ce685bedebb5250,oe:team:9cae7677cd0dbcc1cd86653870b73c2,1,0.6924296012694762,0.9593018888772994,0.0,-1.0,0,0.5333333333333333,0.0
2024,LOLTMNT05_88671,oe:team:9cae7677cd0dbcc1cd86653870b73c2,oe:team:8eb884e168f28402ce685bedebb5250,0,0.30757039873052383,-0.9593018888772994,1.0,1.0,2,0.0,0.5333333333333333
2024,LOLTMNT05_88673,oe:team:9cae7677cd0dbcc1cd86653870b73c2,oe:team:8eb884e168f28402ce685bedebb5250,0,0.38613483258826964,-0.6879928479515511,4.0,5.0,2,0.0,0.0
2024,LOLTMNT05_88673,oe:team:8eb884e168f28402ce685bedebb5250,oe:team:9cae7677cd0dbcc1cd86653870b73c2,1,0.6138651674117304,0.6879928479515511,-1.0,-5.0,0,0.0,0.0
2024,LOLTMNT05_89633,oe:team:ef69efa6acebe94107f0cf1ba716806,oe:team:606c6ac695907af3823ee6405c58ff1,1,0.6455194361924039,0.6852881819152175,-5.0,-10.0,0,0.4666666666666666,0.21052631578947367
2024,LOLTMNT05_89633,oe:team:606c6ac695907af3823ee6405c58ff1,oe:team:ef69efa6acebe94107f0cf1ba716806,0,0.35448056380759607,-0.6852881819152175,5.0,10.0,3,0.21052631578947367,0.4666666666666666
2024,LOLTMNT05_88694,oe:team:606c6ac695907af3823ee6405c58ff1,oe:team:ef69efa6acebe94107f0cf1ba716806,1,0.4374573052526515,-0.41397914098946975,-2.0,3.0,1,0.21052631578947367,0.0
2024,LOLTMNT05_88694,oe:team:ef69efa6acebe94107f0cf1ba716806,oe:team:606c6ac695907af3823ee6405c58ff1,0,0.5625426947473485,0.41397914098946975,-5.0,-3.0,0,0.0,0.21052631578947367
2024,LOLTMNT05_89634,oe:team:ef69efa6acebe94107f0cf1ba716806,oe:team:606c6ac695907af3823ee6405c58ff1,0,0.6455194361924039,0.6852881819152175,-3.0,2.0,0,0.0,0.21052631578947367
2024,LOLTMNT05_89634,oe:team:606c6ac695907af3823ee6405c58ff1,oe:team:ef69efa6acebe94107f0cf1ba716806,1,0.35448056380759607,-0.6852881819152175,-5.0,-2.0,1,0.21052631578947367,0.0
2024,LOLTMNT05_88695,oe:team:7d6673d3a9d00363c6bebc1a630da6e,oe:team:d356a144644879dabb5f34cd99c886d,0,0.3715711947429752,-0.7679533560915783,0.0,-2.0,2,0.0,0.08695652173913045
2024,LOLTMNT05_88695,oe:team:d356a144644879dabb5f34cd99c886d,oe:team:7d6673d3a9d00363c6bebc1a630da6e,1,0.6284288052570248,0.7679533560915783,2.0,2.0,2,0.08695652173913045,0.0
2024,LOLTMNT05_88706,oe:team:7d6673d3a9d00363c6bebc1a630da6e,oe:team:d356a144644879dabb5f34cd99c886d,1,0.3715711947429752,-0.7679533560915783,2.0,-1.0,2,0.0,0.1739130434782609
2024,LOLTMNT05_88706,oe:team:d356a144644879dabb5f34cd99c886d,oe:team:7d6673d3a9d00363c6bebc1a630da6e,0,0.6284288052570248,0.7679533560915783,3.0,1.0,2,0.1739130434782609,0.0
2024,LOLTMNT05_88707,oe:team:d356a144644879dabb5f34cd99c886d,oe:team:7d6673d3a9d00363c6bebc1a630da6e,1,0.7054518723893429,1.039262397017326,-2.0,-6.0,2,0.1739130434782609,0.0
2024,LOLTMNT05_88707,oe:team:7d6673d3a9d00363c6bebc1a630da6e,oe:team:d356a144644879dabb5f34cd99c886d,0,0.2945481276106571,-1.039262397017326,4.0,6.0,2,0.0,0.1739130434782609
2024,LOLTMNT05_89647,oe:team:2e66da41dc460dd378e3bcc57042d31,oe:team:8eb884e168f28402ce685bedebb5250,1,0.5227673840486494,0.02865341598582516,0.0,-4.0,1,0.0,0.0
2024,LOLTMNT05_89647,oe:team:8eb884e168f28402ce685bedebb5250,oe:team:2e66da41dc460dd378e3bcc57042d31,0,0.4772326159513506,-0.02865341598582516,4.0,4.0,2,0.0,0.0
2024,LOLTMNT05_89655,oe:team:8eb884e168f28402ce685bedebb5250,oe:team:2e66da41dc460dd378e3bcc57042d31,1,0.5638449066097306,0.242655624939923,-3.0,-2.0,0,0.0,0.0
2024,LOLTMNT05_89655,oe:team:2e66da41dc460dd378e3bcc57042d31,oe:team:8eb884e168f28402ce685bedebb5250,0,0.43615509339026937,-0.242655624939923,-1.0,2.0,1,0.0,0.0
2024,LOLTMNT05_89656,oe:team:2e66da41dc460dd378e3bcc57042d31,oe:team:8eb884e168f28402ce685bedebb5250,1,0.5227673840486494,0.02865341598582516,-1.0,2.0,0,0.0,0.5333333333333333
2024,LOLTMNT05_89656,oe:team:8eb884e168f28402ce685bedebb5250,oe:team:2e66da41dc460dd378e3bcc57042d31,0,0.4772326159513506,-0.02865341598582516,-3.0,-2.0,0,0.5333333333333333,0.0
2024,LOLTMNT05_89822,oe:team:606c6ac695907af3823ee6405c58ff1,oe:team:a9145b7711873f53e610fbba0493484,1,0.5242881025004257,0.036529346477580216,3.0,2.0,3,0.10526315789473684,0.0
2024,LOLTMNT05_89822,oe:team:a9145b7711873f53e610fbba0493484,oe:team:606c6ac695907af3823ee6405c58ff1,0,0.4757118974995743,-0.036529346477580216,1.0,-2.0,1,0.0,0.10526315789473684
2024,LOLTMNT05_89823,oe:team:a9145b7711873f53e610fbba0493484,oe:team:606c6ac695907af3823ee6405c58ff1,1,0.5623450830571552,0.2347796944481675,0.0,6.0,1,0.0,0.21052631578947367
2024,LOLTMNT05_89823,oe:team:606c6ac695907af3823ee6405c58ff1,oe:team:a9145b7711873f53e610fbba0493484,0,0.43765491694284475,-0.2347796944481675,-6.0,-6.0,0,0.21052631578947367,0.0
2024,LOLTMNT05_88881,oe:team:606c6ac695907af3823ee6405c58ff1,oe:team:a9145b7711873f53e610fbba0493484,1,0.5242881025004257,0.036529346477580216,-1.0,-5.0,2,0.21052631578947367,0.0
2024,LOLTMNT05_88881,oe:team:a9145b7711873f53e610fbba0493484,oe:team:606c6ac695907af3823ee6405c58ff1,0,0.4757118974995743,-0.036529346477580216,4.0,5.0,2,0.0,0.21052631578947367
2024,LOLTMNT05_89824,oe:team:a9145b7711873f53e610fbba0493484,oe:team:606c6ac695907af3823ee6405c58ff1,0,0.5623450830571552,0.2347796944481675,0.0,6.0,0,0.0,0.47368421052631576
2024,LOLTMNT05_89824,oe:team:606c6ac695907af3823ee6405c58ff1,oe:team:a9145b7711873f53e610fbba0493484,1,0.43765491694284475,-0.2347796944481675,-6.0,-6.0,1,0.47368421052631576,0.0
2024,LOLTMNT05_88903,oe:team:3a1d18f46bcb3716ebcfcf4ef068934,oe:team:d356a144644879dabb5f34cd99c886d,1,0.602525541847024,0.44834997132434795,-1.0,2.0,1,0.5714285714285714,0.2608695652173913
2024,LOLTMNT05_88903,oe:team:d356a144644879dabb5f34cd99c886d,oe:team:3a1d18f46bcb3716ebcfcf4ef068934,0,0.397474458152976,-0.44834997132434795,-3.0,-2.0,1,0.2608695652173913,0.5714285714285714
2024,LOLTMNT05_89856,oe:team:d356a144644879dabb5f34cd99c886d,oe:team:3a1d18f46bcb3716ebcfcf4ef068934,1,0.4829851976156682,-0.1770409303985998,-3.0,-6.0,0,0.0,0.5714285714285714
2024,LOLTMNT05_89856,oe:team:3a1d18f46bcb3716ebcfcf4ef068934,oe:team:d356a144644879dabb5f34cd99c886d,0,0.5170148023843317,0.1770409303985998,3.0,6.0,2,0.5714285714285714,0.0
2024,LOLTMNT05_89857,oe:team:3a1d18f46bcb3716ebcfcf4ef068934,oe:team:d356a144644879dabb5f34cd99c886d,0,0.602525541847024,0.44834997132434795,1.0,-2.0,2,0.0,0.2608695652173913
2024,LOLTMNT05_89857,oe:team:d356a144644879dabb5f34cd99c886d,oe:team:3a1d18f46bcb3716ebcfcf4ef068934,1,0.397474458152976,-0.44834997132434795,3.0,2.0,3,0.2608695652173913,0.0
2024,LOLTMNT05_88905,oe:team:3a1d18f46bcb3716ebcfcf4ef068934,oe:team:d356a144644879dabb5f34cd99c886d,0,0.602525541847024,0.44834997132434795,-2.0,-6.0,1,0.0,0.2608695652173913
2024,LOLTMNT05_88905,oe:team:d356a144644879dabb5f34cd99c886d,oe:team:3a1d18f46bcb3716ebcfcf4ef068934,1,0.397474458152976,-0.44834997132434795,4.0,6.0,2,0.2608695652173913,0.0
2024,LOLTMNT05_89869,oe:team:fcec508e780bbd1ad493852640f5b36,oe:team:ce499dea30cfce118f4fe85da0227e8,0,0.5125707883205801,-0.02410637403273519,-7.0,-8.0,0,0.25,0.18
2024,LOLTMNT05_89869,oe:team:ce499dea30cfce118f4fe85da0227e8,oe:team:fcec508e780bbd1ad493852640f5b36,1,0.4874292116794199,0.02410637403273519,1.0,8.0,1,0.18,0.25
2024,LOLTMNT05_89870,oe:team:fcec508e780bbd1ad493852640f5b36,oe:team:ce499dea30cfce118f4fe85da0227e8,0,0.5125707883205801,-0.02410637403273519,0.0,-1.0,2,0.25,0.18
2024,LOLTMNT05_89870,oe:team:ce499dea30cfce118f4fe85da0227e8,oe:team:fcec508e780bbd1ad493852640f5b36,1,0.4874292116794199,0.02410637403273519,1.0,1.0,2,0.18,0.25
2024,LOLTMNT05_88932,oe:team:fcec508e780bbd1ad493852640f5b36,oe:team:ce499dea30cfce118f4fe85da0227e8,0,0.5125707883205801,-0.02410637403273519,1.0,1.0,2,0.25,0.0
2024,LOLTMNT05_88932,oe:team:ce499dea30cfce118f4fe85da0227e8,oe:team:fcec508e780bbd1ad493852640f5b36,1,0.4874292116794199,0.02410637403273519,0.0,-1.0,1,0.0,0.25
2024,LOLTMNT05_88946,oe:team:50f58982d91a36557ec8aec52ab014f,oe:team:2e66da41dc460dd378e3bcc57042d31,0,0.8463559694370906,2.1152957921920787,-1.0,0.0,2,0.0,0.0
2024,LOLTMNT05_88946,oe:team:2e66da41dc460dd378e3bcc57042d31,oe:team:50f58982d91a36557ec8aec52ab014f,1,0.15364403056290943,-2.1152957921920787,-1.0,0.0,1,0.0,0.0
2024,LOLTMNT05_88947,oe:team:50f58982d91a36557ec8aec52ab014f,oe:team:2e66da41dc460dd378e3bcc57042d31,1,0.8463559694370906,2.1152957921920787,1.0,2.0,1,0.0,0.0
2024,LOLTMNT05_88947,oe:team:2e66da41dc460dd378e3bcc57042d31,oe:team:50f58982d91a36557ec8aec52ab014f,0,0.15364403056290943,-2.1152957921920787,-1.0,-2.0,0,0.0,0.0
2024,LOLTMNT05_88948,oe:team:2e66da41dc460dd378e3bcc57042d31,oe:team:50f58982d91a36557ec8aec52ab014f,1,0.20450246513964548,-1.843986751266331,-2.0,0.0,0,0.0,0.375
2024,LOLTMNT05_88948,oe:team:50f58982d91a36557ec8aec52ab014f,oe:team:2e66da41dc460dd378e3bcc57042d31,0,0.7954975348603546,1.843986751266331,-2.0,0.0,0,0.375,0.0
2024,LOLTMNT05_88950,oe:team:50f58982d91a36557ec8aec52ab014f,oe:team:2e66da41dc460dd378e3bcc57042d31,1,0.8463559694370906,2.1152957921920787,-3.0,-2.0,0,0.375,0.0
2024,LOLTMNT05_88950,oe:team:2e66da41dc460dd378e3bcc57042d31,oe:team:50f58982d91a36557ec8aec52ab014f,0,0.15364403056290943,-2.1152957921920787,-1.0,2.0,0,0.0,0.375
2024,LOLTMNT05_88951,oe:team:2e66da41dc460dd378e3bcc57042d31,oe:team:50f58982d91a36557ec8aec52ab014f,0,0.20450246513964548,-1.843986751266331,0.0,8.0,0,0.0,0.375
2024,LOLTMNT05_88951,oe:team:50f58982d91a36557ec8aec52ab014f,oe:team:2e66da41dc460dd378e3bcc57042d31,1,0.7954975348603546,1.843986751266331,-8.0,-8.0,0,0.375,0.0
2024,LOLTMNT05_90077,oe:team:606c6ac695907af3823ee6405c58ff1,oe:team:d356a144644879dabb5f34cd99c886d,0,0.400841305955822,-0.6083756839718792,-2.0,-4.0,0,0.2631578947368421,0.0
2024,LOLTMNT05_90077,oe:team:d356a144644879dabb5f34cd99c886d,oe:team:606c6ac695907af3823ee6405c58ff1,1,0.599158694044178,0.6083756839718792,2.0,4.0,2,0.0,0.2631578947368421
2024,LOLTMNT05_90079,oe:team:606c6ac695907af3823ee6405c58ff1,oe:team:d356a144644879dabb5f34cd99c886d,0,0.400841305955822,-0.6083756839718792,-2.0,-5.0,0,0.2631578947368421,0.0
2024,LOLTMNT05_90079,oe:team:d356a144644879dabb5f34cd99c886d,oe:team:606c6ac695907af3823ee6405c58ff1,1,0.599158694044178,0.6083756839718792,3.0,5.0,3,0.0,0.2631578947368421
2024,LOLTMNT05_91047,oe:team:606c6ac695907af3823ee6405c58ff1,oe:team:d356a144644879dabb5f34cd99c886d,0,0.400841305955822,-0.6083756839718792,-6.0,-10.0,0,0.2631578947368421,0.08695652173913045
2024,LOLTMNT05_91047,oe:team:d356a144644879dabb5f34cd99c886d,oe:team:606c6ac695907af3823ee6405c58ff1,1,0.599158694044178,0.6083756839718792,4.0,10.0,2,0.08695652173913045,0.2631578947368421
2024,LOLTMNT05_90106,oe:team:ce499dea30cfce118f4fe85da0227e8,oe:team:50f58982d91a36557ec8aec52ab014f,1,0.4310870921957423,-0.44747729286555105,-2.0,1.0,0,0.0,0.375
2024,LOLTMNT05_90106,oe:team:50f58982d91a36557ec8aec52ab014f,oe:team:ce499dea30cfce118f4fe85da0227e8,0,0.5689129078042576,0.44747729286555105,-3.0,-1.0,0,0.375,0.0
2024,LOLTMNT05_91067,oe:team:50f58982d91a36557ec8aec52ab014f,oe:team:ce499dea30cfce118f4fe85da0227e8,1,0.6514300517761251,0.7187863337912992,3.0,2.0,2,0.0625,0.0
2024,LOLTMNT05_91067,oe:team:ce499dea30cfce118f4fe85da0227e8,oe:team:50f58982d91a36557ec8aec52ab014f,0,0.3485699482238749,-0.7187863337912992,1.0,-2.0,2,0.0,0.0625
2024,LOLTMNT05_91068,oe:team:ce499dea30cfce118f4fe85da0227e8,oe:team:50f58982d91a36557ec8aec52ab014f,1,0.4310870921957423,-0.44747729286555105,-2.0,-4.0,0,0.0,0.0
2024,LOLTMNT05_91068,oe:team:50f58982d91a36557ec8aec52ab014f,oe:team:ce499dea30cfce118f4fe85da0227e8,0,0.5689129078042576,0.44747729286555105,2.0,4.0,2,0.0,0.0
2024,LOLTMNT05_90107,oe:team:50f58982d91a36557ec8aec52ab014f,oe:team:ce499dea30cfce118f4fe85da0227e8,0,0.6514300517761251,0.7187863337912992,-3.0,-6.0,0,0.0,0.0
2024,LOLTMNT05_90107,oe:team:ce499dea30cfce118f4fe85da0227e8,oe:team:50f58982d91a36557ec8aec52ab014f,1,0.3485699482238749,-0.7187863337912992,3.0,6.0,2,0.0,0.0
2024,LOLTMNT05_90304,oe:team:ce499dea30cfce118f4fe85da0227e8,oe:team:d356a144644879dabb5f34cd99c886d,0,0.553003453487354,0.18585328270148382,3.0,5.0,2,0.0,0.08695652173913045
2024,LOLTMNT05_90304,oe:team:d356a144644879dabb5f34cd99c886d,oe:team:ce499dea30cfce118f4fe85da0227e8,1,0.446996546512646,-0.18585328270148382,-2.0,-5.0,2,0.08695652173913045,0.0
2024,LOLTMNT05_91213,oe:team:ce499dea30cfce118f4fe85da0227e8,oe:team:d356a144644879dabb5f34cd99c886d,1,0.553003453487354,0.18585328270148382,-1.0,1.0,0,0.18,0.26086956521739135
2024,LOLTMNT05_91213,oe:team:d356a144644879dabb5f34cd99c886d,oe:team:ce499dea30cfce118f4fe85da0227e8,0,0.446996546512646,-0.18585328270148382,-2.0,-1.0,1,0.26086956521739135,0.18
2024,LOLTMNT05_90306,oe:team:d356a144644879dabb5f34cd99c886d,oe:team:ce499dea30cfce118f4fe85da0227e8,1,0.5337238474481433,0.08545575822426432,-1.0,-1.0,1,0.0,0.0
2024,LOLTMNT05_90306,oe:team:ce499dea30cfce118f4fe85da0227e8,oe:team:d356a144644879dabb5f34cd99c886d,0,0.4662761525518567,-0.08545575822426432,0.0,1.0,1,0.0,0.0
2024,LOLTMNT05_91214,oe:team:ce499dea30cfce118f4fe85da0227e8,oe:team:d356a144644879dabb5f34cd99c886d,1,0.553003453487354,0.18585328270148382,-5.0,-3.0,0,0.0,0.08695652173913045
2024,LOLTMNT05_91214,oe:team:d356a144644879dabb5f34cd99c886d,oe:team:ce499dea30cfce118f4fe85da0227e8,0,0.446996546512646,-0.18585328270148382,-2.0,3.0,1,0.08695652173913045,0.0
2024,LOLTMNT05_90307,oe:team:d356a144644879dabb5f34cd99c886d,oe:team:ce499dea30cfce118f4fe85da0227e8,0,0.5337238474481433,0.08545575822426432,4.0,2.0,3,0.1739130434782609,0.0
2024,LOLTMNT05_90307,oe:team:ce499dea30cfce118f4fe85da0227e8,oe:team:d356a144644879dabb5f34cd99c886d,1,0.4662761525518567,-0.08545575822426432,2.0,-2.0,1,0.0,0.1739130434782609
2025,LOLTMNT01_296586,oe:team:53a258f289c26d94431c0496a54e151,oe:team:ce499dea30cfce118f4fe85da0227e8,0,0.38754164351184606,-0.680330503361894,-3.0,-2.0,0,0.0,0.043478260869565216
2025,LOLTMNT01_296586,oe:team:ce499dea30cfce118f4fe85da0227e8,oe:team:53a258f289c26d94431c0496a54e151,1,0.6124583564881539,0.680330503361894,-1.0,2.0,0,0.043478260869565216,0.0
2025,LOLTMNT01_297545,oe:team:53a258f289c26d94431c0496a54e151,oe:team:ce499dea30cfce118f4fe85da0227e8,1,0.38754164351184606,-0.680330503361894,0.0,0.0,1,0.0,0.0
2025,LOLTMNT01_297545,oe:team:ce499dea30cfce118f4fe85da0227e8,oe:team:53a258f289c26d94431c0496a54e151,0,0.6124583564881539,0.680330503361894,0.0,0.0,0,0.0,0.0
2025,LOLTMNT01_296589,oe:team:ce499dea30cfce118f4fe85da0227e8,oe:team:53a258f289c26d94431c0496a54e151,1,0.6928091137904843,0.9616048417532861,-6.0,-8.0,0,0.0,0.0
2025,LOLTMNT01_296589,oe:team:53a258f289c26d94431c0496a54e151,oe:team:ce499dea30cfce118f4fe85da0227e8,0,0.30719088620951573,-0.9616048417532861,2.0,8.0,1,0.0,0.0
2025,LOLTMNT01_297554,oe:team:53a258f289c26d94431c0496a54e151,oe:team:ce499dea30cfce118f4fe85da0227e8,0,0.38754164351184606,-0.680330503361894,-3.0,-6.0,0,0.0,0.0
2025,LOLTMNT01_297554,oe:team:ce499dea30cfce118f4fe85da0227e8,oe:team:53a258f289c26d94431c0496a54e151,1,0.6124583564881539,0.680330503361894,3.0,6.0,2,0.0,0.0
2025,LOLTMNT01_297691,oe:team:740de582f50775c516c77ed7b923fd5,oe:team:b9e44c69c1a70fb35df9be96f9eafea,1,0.5836736860256961,0.3474178567561507,-2.0,-2.0,0,0.0,0.0
2025,LOLTMNT01_297691,oe:team:b9e44c69c1a70fb35df9be96f9eafea,oe:team:740de582f50775c516c77ed7b923fd5,0,0.41632631397430386,-0.3474178567561507,0.0,2.0,0,0.0,0.0
2025,LOLTMNT01_296718,oe:team:0916b3c324c8577b0c6344f3e067f62,oe:team:78f183fa5a7d8ecb22b9ad272c3abd7,1,0.5851814590308174,0.3554381262186954,1.0,1.0,1,0.0,0.0
2025,LOLTMNT01_296718,oe:team:78f183fa5a7d8ecb22b9ad272c3abd7,oe:team:0916b3c324c8577b0c6344f3e067f62,0,0.4148185409691826,-0.3554381262186954,0.0,-1.0,0,0.0,0.0
2025,LOLTMNT01_297721,oe:team:d723992568441c6bafa2658129eade7,oe:team:4acc40654379b4da680be1bd3129dfa,1,0.723194029431767,1.1516122846433092,0.0,0.0,1,0.0,0.0
2025,LOLTMNT01_297721,oe:team:4acc40654379b4da680be1bd3129dfa,oe:team:d723992568441c6bafa2658129eade7,0,0.276805970568233,-1.1516122846433092,0.0,0.0,0,0.0,0.0
2025,LOLTMNT01_297733,oe:team:d356a144644879dabb5f34cd99c886d,oe:team:4bd1751425ef6a9bc9d4d8e9385b4a6,0,0.67471624044147,0.853484324597442,1.0,1.0,1,0.0,0.0
2025,LOLTMNT01_297733,oe:team:4bd1751425ef6a9bc9d4d8e9385b4a6,oe:team:d356a144644879dabb5f34cd99c886d,1,0.32528375955852995,-0.853484324597442,0.0,-1.0,0,0.0,0.0
2025,LOLTMNT01_296748,oe:team:2e66da41dc460dd378e3bcc57042d31,oe:team:ce499dea30cfce118f4fe85da0227e8,0,0.3912932630252951,-0.6599464000859445,0.0,0.0,0,0.0,0.043478260869565216
2025,LOLTMNT01_296748,oe:team:ce499dea30cfce118f4fe85da0227e8,oe:team:2e66da41dc460dd378e3bcc57042d31,1,0.6087067369747049,0.6599464000859445,0.0,0.0,0,0.043478260869565216,0.0
2025,LOLTMNT01_296764,oe:team:3a1d18f46bcb3716ebcfcf4ef068934,oe:team:ed28f87f0cfdba0a2a8f183cebae73a,0,0.6630952392608545,0.7856904501072164,0.0,2.0,0,0.0,0.0
2025,LOLTMNT01_296764,oe:team:ed28f87f0cfdba0a2a8f183cebae73a,oe:team:3a1d18f46bcb3716ebcfcf4ef068934,1,0.33690476073914555,-0.7856904501072164,-2.0,-2.0,1,0.0,0.0
2025,LOLTMNT01_297767,oe:team:7d6673d3a9d00363c6bebc1a630da6e,oe:team:fcec508e780bbd1ad493852640f5b36,0,0.43397272520671387,-0.43228884705109216,-2.0,1.0,0,0.0,0.0
2025,LOLTMNT01_297767,oe:team:fcec508e780bbd1ad493852640f5b36,oe:team:7d6673d3a9d00363c6bebc1a630da6e,1,0.5660272747932862,0.43228884705109216,-3.0,-1.0,0,0.0,0.0
2025,LOLTMNT01_296795,oe:team:50f58982d91a36557ec8aec52ab014f,oe:team:4880b157399745e82e26e229d8bbf48,1,0.8665463357897456,2.3277617694681516,-2.0,-1.0,0,0.0,0.0
2025,LOLTMNT01_296795,oe:team:4880b157399745e82e26e229d8bbf48,oe:team:50f58982d91a36557ec8aec52ab014f,0,0.1334536642102544,-2.3277617694681516,-1.0,1.0,0,0.0,0.0
2025,LOLTMNT01_296903,oe:team:b9e44c69c1a70fb35df9be96f9eafea,oe:team:2e66da41dc460dd378e3bcc57042d31,0,0.3319548944542179,-0.9925822034880045,-1.0,-1.0,0,0.0,0.0
2025,LOLTMNT01_296903,oe:team:2e66da41dc460dd378e3bcc57042d31,oe:team:b9e44c69c1a70fb35df9be96f9eafea,1,0.6680451055457821,0.9925822034880045,0.0,1.0,0,0.0,0.0
2025,LOLTMNT01_296921,oe:team:d723992568441c6bafa2658129eade7,oe:team:740de582f50775c516c77ed7b923fd5,1,0.7665551037530567,1.446941100294404,0.0,2.0,1,0.0,0.0
2025,LOLTMNT01_296921,oe:team:740de582f50775c516c77ed7b923fd5,oe:team:d723992568441c6bafa2658129eade7,0,0.2334448962469433,-1.446941100294404,-2.0,-2.0,0,0.0,0.0
2025,LOLTMNT01_296936,oe:team:4acc40654379b4da680be1bd3129dfa,oe:team:7d6673d3a9d00363c6bebc1a630da6e,0,0.4990508328336396,-0.09398597803900666,1.0,-1.0,1,0.0,0.0
2025,LOLTMNT01_296936,oe:team:7d6673d3a9d00363c6bebc1a630da6e,oe:team:4acc40654379b4da680be1bd3129dfa,1,0.5009491671663604,0.09398597803900666,2.0,1.0,1,0.0,0.0
2025,LOLTMNT01_297965,oe:team:fcec508e780bbd1ad493852640f5b36,oe:team:4bd1751425ef6a9bc9d4d8e9385b4a6,1,0.6788331824060932,0.8777985107487685,-4.0,-4.0,0,0.0,0.0
2025,LOLTMNT01_297965,oe:team:4bd1751425ef6a9bc9d4d8e9385b4a6,oe:team:fcec508e780bbd1ad493852640f5b36,0,0.32116681759390675,-0.8777985107487685,0.0,4.0,0,0.0,0.0
2025,LOLTMNT01_296949,oe:team:0916b3c324c8577b0c6344f3e067f62,oe:team:ce499dea30cfce118f4fe85da0227e8,1,0.3245883680786323,-1.0357420028008046,0.0,-3.0,1,0.0,0.0
2025,LOLTMNT01_296949,oe:team:ce499dea30cfce118f4fe85da0227e8,oe:team:0916b3c324c8577b0c6344f3e067f62,0,0.6754116319213677,1.0357420028008046,3.0,3.0,2,0.0,0.0
2025,LOLTMNT01_297998,oe:team:50f58982d91a36557ec8aec52ab014f,oe:team:ed28f87f0cfdba0a2a8f183cebae73a,0,0.7148949722468,1.0985373395062676,0.0,5.0,0,0.0,0.0
2025,LOLTMNT01_297998,oe:team:ed28f87f0cfdba0a2a8f183cebae73a,oe:team:50f58982d91a36557ec8aec52ab014f,1,0.2851050277532,-1.0985373395062676,-5.0,-5.0,0,0.0,0.0
2025,LOLTMNT01_296976,oe:team:d356a144644879dabb5f34cd99c886d,oe:team:78f183fa5a7d8ecb22b9ad272c3abd7,1,0.6797708073106694,0.8833588367915688,-1.0,0.0,0,0.0,0.0
2025,LOLTMNT01_296976,oe:team:78f183fa5a7d8ecb22b9ad272c3abd7,oe:team:d356a144644879dabb5f34cd99c886d,0,0.3202291926893306,-0.8833588367915688,-1.0,0.0,1,0.0,0.0
2025,LOLTMNT01_296993,oe:team:3a1d18f46bcb3716ebcfcf4ef068934,oe:team:4880b157399745e82e26e229d8bbf48,1,0.83597798024826,2.0149148800691004,-2.0,-3.0,0,0.0,0.0
2025,LOLTMNT01_296993,oe:team:4880b157399745e82e26e229d8bbf48,oe:team:3a1d18f46bcb3716ebcfcf4ef068934,0,0.16402201975174002,-2.0149148800691004,1.0,3.0,1,0.0,0.0
2025,LOLTMNT01_298178,oe:team:d723992568441c6bafa2658129eade7,oe:team:fcec508e780bbd1ad493852640f5b36,1,0.5830425450725494,0.34406312116181836,-3.0,-1.0,0,0.0,0.0
2025,LOLTMNT01_298178,oe:team:fcec508e780bbd1ad493852640f5b36,oe:team:d723992568441c6bafa2658129eade7,0,0.4169574549274506,-0.34406312116181836,-2.0,1.0,0,0.0,0.0
2025,LOLTMNT01_298180,oe:team:fcec508e780bbd1ad493852640f5b36,oe:team:d723992568441c6bafa2658129eade7,0,0.5050877164741931,-0.06278878277042632,0.0,-2.0,0,0.0,0.0
2025,LOLTMNT01_298180,oe:team:d723992568441c6bafa2658129eade7,oe:team:fcec508e780bbd1ad493852640f5b36,1,0.49491228352580685,0.06278878277042632,2.0,2.0,1,0.0,0.0
2025,LOLTMNT01_299149,oe:team:0916b3c324c8577b0c6344f3e067f62,oe:team:ed28f87f0cfdba0a2a8f183cebae73a,1,0.43003803415310143,-0.45300503087698774,-3.0,-1.0,0,0.0,0.0
2025,LOLTMNT01_299149,oe:team:ed28f87f0cfdba0a2a8f183cebae73a,oe:team:0916b3c324c8577b0c6344f3e067f62,0,0.5699619658468986,0.45300503087698774,-2.0,1.0,0,0.0,0.0
2025,LOLTMNT01_299154,oe:team:ed28f87f0cfdba0a2a8f183cebae73a,oe:team:0916b3c324c8577b0c6344f3e067f62,1,0.6541481869018042,0.7342793692683798,-1.0,1.0,0,0.0,1.0
2025,LOLTMNT01_299154,oe:team:0916b3c324c8577b0c6344f3e067f62,oe:team:ed28f87f0cfdba0a2a8f183cebae73a,0,0.3458518130981958,-0.7342793692683798,-2.0,-1.0,0,1.0,0.0
2025,LOLTMNT01_299160,oe:team:0916b3c324c8577b0c6344f3e067f62,oe:team:ed28f87f0cfdba0a2a8f183cebae73a,0,0.43003803415310143,-0.45300503087698774,0.0,-2.0,0,1.0,0.3571428571428572
2025,LOLTMNT01_299160,oe:team:ed28f87f0cfdba0a2a8f183cebae73a,oe:team:0916b3c324c8577b0c6344f3e067f62,1,0.5699619658468986,0.45300503087698774,2.0,2.0,1,0.3571428571428572,1.0
2025,LOLTMNT01_298440,oe:team:2e66da41dc460dd378e3bcc57042d31,oe:team:740de582f50775c516c77ed7b923fd5,1,0.7099055129565025,1.0670758543189418,-3.0,1.0,0,0.0,0.0
2025,LOLTMNT01_298440,oe:team:740de582f50775c516c77ed7b923fd5,oe:team:2e66da41dc460dd378e3bcc57042d31,0,0.2900944870434975,-1.0670758543189418,-4.0,-1.0,0,0.0,0.0
2025,LOLTMNT01_299401,oe:team:50f58982d91a36557ec8aec52ab014f,oe:team:ce499dea30cfce118f4fe85da0227e8,1,0.614959875578807,0.5158003675824507,-4.0,-2.0,0,0.0,0.043478260869565216
2025,LOLTMNT01_299401,oe:team:ce499dea30cfce118f4fe85da0227e8,oe:team:50f58982d91a36557ec8aec52ab014f,0,0.38504012442119295,-0.5158003675824507,-2.0,2.0,0,0.043478260869565216,0.0
2025,LOLTMNT01_298463,oe:team:d356a144644879dabb5f34cd99c886d,oe:team:7d6673d3a9d00363c6bebc1a630da6e,0,0.6462206694000039,0.6892489992911577,-2.0,-2.0,0,0.0,0.0
2025,LOLTMNT01_298463,oe:team:7d6673d3a9d00363c6bebc1a630da6e,oe:team:d356a144644879dabb5f34cd99c886d,1,0.3537793305999961,-0.6892489992911577,0.0,2.0,1,0.0,0.0
2025,LOLTMNT01_298478,oe:team:3a1d18f46bcb3716ebcfcf4ef068934,oe:team:4bd1751425ef6a9bc9d4d8e9385b4a6,1,0.782410745082199,1.5642590950087727,-4.0,-2.0,0,0.0,0.0
2025,LOLTMNT01_298478,oe:team:4bd1751425ef6a9bc9d4d8e9385b4a6,oe:team:3a1d18f46bcb3716ebcfcf4ef068934,0,0.217589254917801,-1.5642590950087727,-2.0,2.0,0,0.0,0.0
2025,LOLTMNT01_298640,oe:team:4acc40654379b4da680be1bd3129dfa,oe:team:78f183fa5a7d8ecb22b9ad272c3abd7,1,0.5365482900243493,0.10012385946140445,0.0,2.0,0,0.0,0.0
2025,LOLTMNT01_298640,oe:team:78f183fa5a7d8ecb22b9ad272c3abd7,oe:team:4acc40654379b4da680be1bd3129dfa,0,0.46345170997565066,-0.10012385946140445,-2.0,-2.0,0,0.0,0.0
2025,LOLTMNT01_299650,oe:team:78f183fa5a7d8ecb22b9ad272c3abd7,oe:team:4acc40654379b4da680be1bd3129dfa,1,0.5521034542283787,0.1811504789299876,-2.0,-1.0,0,0.0,0.0
2025,LOLTMNT01_299650,oe:team:4acc40654379b4da680be1bd3129dfa,oe:team:78f183fa5a7d8ecb22b9ad272c3abd7,0,0.4478965457716213,-0.1811504789299876,-1.0,1.0,0,0.0,0.0
2025,LOLTMNT01_298653,oe:team:4acc40654379b4da680be1bd3129dfa,oe:team:78f183fa5a7d8ecb22b9ad272c3abd7,1,0.5365482900243493,0.10012385946140445,0.0,2.0,0,0.0,1.0
2025,LOLTMNT01_298653,oe:team:78f183fa5a7d8ecb22b9ad272c3abd7,oe:team:4acc40654379b4da680be1bd3129dfa,0,0.46345170997565066,-0.10012385946140445,-2.0,-2.0,0,1.0,0.0
2025,LOLTMNT01_299677,oe:team:4880b157399745e82e26e229d8bbf48,oe:team:b9e44c69c1a70fb35df9be96f9eafea,0,0.56761461747527,0.2624787092753364,-1.0,0.0,0,0.0,0.0
2025,LOLTMNT01_299677,oe:team:b9e44c69c1a70fb35df9be96f9eafea,oe:team:4880b157399745e82e26e229d8bbf48,1,0.43238538252473,-0.2624787092753364,-1.0,0.0,0,0.0,0.0
2025,LOLTMNT01_299686,oe:team:4880b157399745e82e26e229d8bbf48,oe:team:b9e44c69c1a70fb35df9be96f9eafea,1,0.56761461747527,0.2624787092753364,-2.0,0.0,0,0.0,0.0
2025,LOLTMNT01_299686,oe:team:b9e44c69c1a70fb35df9be96f9eafea,oe:team:4880b157399745e82e26e229d8bbf48,0,0.43238538252473,-0.2624787092753364,-2.0,0.0,0,0.0,0.0
2025,LOLTMNT01_299703,oe:team:b9e44c69c1a70fb35df9be96f9eafea,oe:team:4880b157399745e82e26e229d8bbf48,1,0.5208634086518,0.0187956291160557,-2.0,-1.0,0,0.0,0.0
2025,LOLTMNT01_299703,oe:team:4880b157399745e82e26e229d8bbf48,oe:team:b9e44c69c1a70fb35df9be96f9eafea,0,0.47913659134819997,-0.0187956291160557,-1.0,1.0,0,0.0,0.0
2025,LOLTMNT01_301255,oe:team:0916b3c324c8577b0c6344f3e067f62,oe:team:3a1d18f46bcb3716ebcfcf4ef068934,0,0.3141042837991682,-1.098058311788508,-1.0,5.0,0,1.0,0.0
2025,LOLTMNT01_301255,oe:team:3a1d18f46bcb3716ebcfcf4ef068934,oe:team:0916b3c324c8577b0c6344f3e067f62,1,0.6858957162008318,1.098058311788508,-6.0,-5.0,0,0.0,1.0
2025,LOLTMNT01_301259,oe:team:0916b3c324c8577b0c6344f3e067f62,oe:team:3a1d18f46bcb3716ebcfcf4ef068934,0,0.3141042837991682,-1.098058311788508,0.0,-1.0,0,0.0,0.0
2025,LOLTMNT01_301259,oe:team:3a1d18f46bcb3716ebcfcf4ef068934,oe:team:0916b3c324c8577b0c6344f3e067f62,1,0.6858957162008318,1.098058311788508,1.0,1.0,1,0.0,0.0
2025,LOLTMNT01_301279,oe:team:2e66da41dc460dd378e3bcc57042d31,oe:team:7d6673d3a9d00363c6bebc1a630da6e,1,0.6188606297724238,0.5371238914331444,-1.0,-2.0,0,0.0,0.5
2025,LOLTMNT01_301279,oe:team:7d6673d3a9d00363c6bebc1a630da6e,oe:team:2e66da41dc460dd378e3bcc57042d31,0,0.38113937022757616,-0.5371238914331444,1.0,2.0,1,0.5,0.0
2025,LOLTMNT01_301282,oe:team:2e66da41dc460dd378e3bcc57042d31,oe:team:7d6673d3a9d00363c6bebc1a630da6e,0,0.6188606297724238,0.5371238914331444,0.0,0.0,0,0.0,0.0
2025,LOLTMNT01_301282,oe:team:7d6673d3a9d00363c6bebc1a630da6e,oe:team:2e66da41dc460dd378e3bcc57042d31,1,0.38113937022757616,-0.5371238914331444,0.0,0.0,0,0.0,0.0
2025,LOLTMNT01_301286,oe:team:2e66da41dc460dd378e3bcc57042d31,oe:team:7d6673d3a9d00363c6bebc1a630da6e,0,0.6188606297724238,0.5371238914331444,-2.0,-1.0,0,0.0,0.0
2025,LOLTMNT01_301286,oe:team:7d6673d3a9d00363c6bebc1a630da6e,oe:team:2e66da41dc460dd378e3bcc57042d31,1,0.38113937022757616,-0.5371238914331444,-1.0,1.0,0,0.0,0.0
2025,LOLTMNT01_301407,oe:team:4acc40654379b4da680be1bd3129dfa,oe:team:740de582f50775c516c77ed7b923fd5,0,0.6002276011321119,0.4359659848467907,-2.0,2.0,0,0.0,0.0
2025,LOLTMNT01_301407,oe:team:740de582f50775c516c77ed7b923fd5,oe:team:4acc40654379b4da680be1bd3129dfa,1,0.39977239886788807,-0.4359659848467907,-4.0,-2.0,0,0.0,0.0
2025,LOLTMNT01_301409,oe:team:740de582f50775c516c77ed7b923fd5,oe:team:4acc40654379b4da680be1bd3129dfa,0,0.48730622869036627,-0.15469164645539868,1.0,1.0,1,0.0,0.0
2025,LOLTMNT01_301409,oe:team:4acc40654379b4da680be1bd3129dfa,oe:team:740de582f50775c516c77ed7b923fd5,1,0.5126937713096338,0.15469164645539868,0.0,-1.0,0,0.0,0.0
2025,LOLTMNT01_301411,oe:team:740de582f50775c516c77ed7b923fd5,oe:team:4acc40654379b4da680be1bd3129dfa,0,0.48730622869036627,-0.15469164645539868,-1.0,-3.0,1,0.0,0.0
2025,LOLTMNT01_301411,oe:team:4acc40654379b4da680be1bd3129dfa,oe:team:740de582f50775c516c77ed7b923fd5,1,0.5126937713096338,0.15469164645539868,2.0,3.0,1,0.0,0.0
2025,LOLTMNT01_301421,oe:team:50f58982d91a36557ec8aec52ab014f,oe:team:fcec508e780bbd1ad493852640f5b36,1,0.7213824529031445,1.1399446428547515,0.0,3.0,0,0.0,0.0
2025,LOLTMNT01_301421,oe:team:fcec508e780bbd1ad493852640f5b36,oe:team:50f58982d91a36557ec8aec52ab014f,0,0.2786175470968555,-1.1399446428547515,-3.0,-3.0,0,0.0,0.0
2025,LOLTMNT01_300439,oe:team:fcec508e780bbd1ad493852640f5b36,oe:team:50f58982d91a36557ec8aec52ab014f,0,0.3553276540598661,-0.8586703044633595,-8.0,-8.0,0,0.0,0.26666666666666666
2025,LOLTMNT01_300439,oe:team:50f58982d91a36557ec8aec52ab014f,oe:team:fcec508e780bbd1ad493852640f5b36,1,0.6446723459401339,0.8586703044633595,0.0,8.0,0,0.26666666666666666,0.0
2025,LOLTMNT01_300568,oe:team:d356a144644879dabb5f34cd99c886d,oe:team:b9e44c69c1a70fb35df9be96f9eafea,1,0.7636393540987465,1.4259816497374098,0.0,2.0,0,0.15000000000000002,0.0
2025,LOLTMNT01_300568,oe:team:b9e44c69c1a70fb35df9be96f9eafea,oe:team:d356a144644879dabb5f34cd99c886d,0,0.2363606459012535,-1.4259816497374098,-2.0,-2.0,0,0.0,0.15000000000000002
2025,LOLTMNT01_301547,oe:team:b9e44c69c1a70fb35df9be96f9eafea,oe:team:d356a144644879dabb5f34cd99c886d,0,0.3063776215081573,-1.1447073113460178,-1.0,0.0,0,0.0,0.45
2025,LOLTMNT01_301547,oe:team:d356a144644879dabb5f34cd99c886d,oe:team:b9e44c69c1a70fb35df9be96f9eafea,1,0.6936223784918427,1.1447073113460178,-1.0,0.0,1,0.45,0.0
2025,LOLTMNT01_300584,oe:team:4bd1751425ef6a9bc9d4d8e9385b4a6,oe:team:ce499dea30cfce118f4fe85da0227e8,0,0.2940266381855004,-1.2206684476296772,0.0,1.0,0,0.0,0.0
2025,LOLTMNT01_300584,oe:team:ce499dea30cfce118f4fe85da0227e8,oe:team:4bd1751425ef6a9bc9d4d8e9385b4a6,1,0.7059733618144997,1.2206684476296772,-1.0,-1.0,0,0.0,0.0
2025,LOLTMNT01_300598,oe:team:4bd1751425ef6a9bc9d4d8e9385b4a6,oe:team:ce499dea30cfce118f4fe85da0227e8,0,0.2940266381855004,-1.2206684476296772,-2.0,1.0,0,0.0,0.043478260869565216
2025,LOLTMNT01_300598,oe:team:ce499dea30cfce118f4fe85da0227e8,oe:team:4bd1751425ef6a9bc9d4d8e9385b4a6,1,0.7059733618144997,1.2206684476296772,-3.0,-1.0,0,0.043478260869565216,0.0
2025,LOLTMNT01_300730,oe:team:0916b3c324c8577b0c6344f3e067f62,oe:team:2e66da41dc460dd378e3bcc57042d31,1,0.47176221641899924,-0.2351584335191641,-5.0,-5.0,0,1.0,0.0
2025,LOLTMNT01_300730,oe:team:2e66da41dc460dd378e3bcc57042d31,oe:team:0916b3c324c8577b0c6344f3e067f62,0,0.5282377835810008,0.2351584335191641,0.0,5.0,0,0.0,1.0
2025,LOLTMNT01_300740,oe:team:2e66da41dc460dd378e3bcc57042d31,oe:team:0916b3c324c8577b0c6344f3e067f62,0,0.6150757781618718,0.5164327719105561,0.0,-2.0,0,0.0,1.0
2025,LOLTMNT01_300740,oe:team:0916b3c324c8577b0c6344f3e067f62,oe:team:2e66da41dc460dd378e3bcc57042d31,1,0.38492422183812824,-0.5164327719105561,2.0,2.0,1,1.0,0.0
2025,LOLTMNT01_301758,oe:team:fcec508e780bbd1ad493852640f5b36,oe:team:d356a144644879dabb5f34cd99c886d,0,0.5490007684897289,0.16495135534702254,-1.0,1.0,0,0.0,0.0
2025,LOLTMNT01_301758,oe:team:d356a144644879dabb5f34cd99c886d,oe:team:fcec508e780bbd1ad493852640f5b36,1,0.4509992315102711,-0.16495135534702254,-2.0,-1.0,0,0.0,0.0
2025,LOLTMNT01_300765,oe:team:d356a144644879dabb5f34cd99c886d,oe:team:fcec508e780bbd1ad493852640f5b36,0,0.5396648114233964,0.1163229830443695,-3.0,3.0,0,0.15000000000000002,0.0
2025,LOLTMNT01_300765,oe:team:fcec508e780bbd1ad493852640f5b36,oe:team:d356a144644879dabb5f34cd99c886d,1,0.4603351885766036,-0.1163229830443695,-6.0,-3.0,0,0.0,0.15000000000000002
2025,LOLTMNT01_300771,oe:team:fcec508e780bbd1ad493852640f5b36,oe:team:d356a144644879dabb5f34cd99c886d,1,0.5490007684897289,0.16495135534702254,-3.0,-1.0,0,0.0,0.45
2025,LOLTMNT01_300771,oe:team:d356a144644879dabb5f34cd99c886d,oe:team:fcec508e780bbd1ad493852640f5b36,0,0.4509992315102711,-0.16495135534702254,-2.0,1.0,0,0.45,0.0
2025,LOLTMNT01_300794,oe:team:4acc40654379b4da680be1bd3129dfa,oe:team:ce499dea30cfce118f4fe85da0227e8,0,0.28284540627534177,-1.2910562695580956,-2.0,4.0,0,0.0,0.0
2025,LOLTMNT01_300794,oe:team:ce499dea30cfce118f4fe85da0227e8,oe:team:4acc40654379b4da680be1bd3129dfa,1,0.7171545937246582,1.2910562695580956,-6.0,-4.0,0,0.0,0.0
2025,LOLTMNT01_301778,oe:team:ce499dea30cfce118f4fe85da0227e8,oe:team:4acc40654379b4da680be1bd3129dfa,1,0.7834725143193351,1.5723306079494876,-1.0,-1.0,0,0.043478260869565216,0.0
2025,LOLTMNT01_301778,oe:team:4acc40654379b4da680be1bd3129dfa,oe:team:ce499dea30cfce118f4fe85da0227e8,0,0.21652748568066493,-1.5723306079494876,0.0,1.0,0,0.0,0.043478260869565216
2025,LOLTMNT01_303065,oe:team:50f58982d91a36557ec8aec52ab014f,oe:team:3a1d18f46bcb3716ebcfcf4ef068934,1,0.6034768920377126,0.4534840585947473,0.0,3.0,0,0.0,0.0
2025,LOLTMNT01_303065,oe:team:3a1d18f46bcb3716ebcfcf4ef068934,oe:team:50f58982d91a36557ec8aec52ab014f,0,0.3965231079622874,-0.4534840585947473,-3.0,-3.0,0,0.0,0.0
2025,LOLTMNT01_303066,oe:team:3a1d18f46bcb3716ebcfcf4ef068934,oe:team:50f58982d91a36557ec8aec52ab014f,0,0.48391907491661246,-0.17220972020335523,-6.0,-5.0,0,0.0,0.0
2025,LOLTMNT01_303066,oe:team:50f58982d91a36557ec8aec52ab014f,oe:team:3a1d18f46bcb3716ebcfcf4ef068934,1,0.5160809250833875,0.17220972020335523,-1.0,5.0,0,0.0,0.0
2025,LOLTMNT01_303068,oe:team:3a1d18f46bcb3716ebcfcf4ef068934,oe:team:50f58982d91a36557ec8aec52ab014f,1,0.48391907491661246,-0.17220972020335523,-1.0,-1.0,0,0.0,0.0
2025,LOLTMNT01_303068,oe:team:50f58982d91a36557ec8aec52ab014f,oe:team:3a1d18f46bcb3716ebcfcf4ef068934,0,0.5160809250833875,0.17220972020335523,0.0,1.0,0,0.0,0.0
2025,LOLTMNT01_302140,oe:team:50f58982d91a36557ec8aec52ab014f,oe:team:3a1d18f46bcb3716ebcfcf4ef068934,1,0.6034768920377126,0.4534840585947473,0.0,2.0,1,0.39999999999999997,0.0
2025,LOLTMNT01_302140,oe:team:3a1d18f46bcb3716ebcfcf4ef068934,oe:team:50f58982d91a36557ec8aec52ab014f,0,0.3965231079622874,-0.4534840585947473,-2.0,-2.0,0,0.0,0.39999999999999997
2025,LOLTMNT01_303118,oe:team:d723992568441c6bafa2658129eade7,oe:team:0916b3c324c8577b0c6344f3e067f62,1,0.6819470900046298,0.8962980178860183,0.0,3.0,0,0.0,0.0
2025,LOLTMNT01_303118,oe:team:0916b3c324c8577b0c6344f3e067f62,oe:team:d723992568441c6bafa2658129eade7,0,0.31805290999537017,-0.8962980178860183,-3.0,-3.0,0,0.0,0.0
2025,LOLTMNT01_303120,oe:team:0916b3c324c8577b0c6344f3e067f62,oe:team:d723992568441c6bafa2658129eade7,0,0.3996060626537199,-0.6150236794946262,-4.0,-2.0,0,0.0,0.0
2025,LOLTMNT01_303120,oe:team:d723992568441c6bafa2658129eade7,oe:team:0916b3c324c8577b0c6344f3e067f62,1,0.6003939373462801,0.6150236794946262,-2.0,2.0,0,0.0,0.0
2025,LOLTMNT01_302189,oe:team:d723992568441c6bafa2658129eade7,oe:team:0916b3c324c8577b0c6344f3e067f62,1,0.6819470900046298,0.8962980178860183,0.0,-3.0,0,0.0,0.0
2025,LOLTMNT01_302189,oe:team:0916b3c324c8577b0c6344f3e067f62,oe:team:d723992568441c6bafa2658129eade7,0,0.31805290999537017,-0.8962980178860183,3.0,3.0,2,0.0,0.0
2025,LOLTMNT01_302227,oe:team:fcec508e780bbd1ad493852640f5b36,oe:team:7d6673d3a9d00363c6bebc1a630da6e,1,0.6505114539151756,0.7135631854424842,0.0,2.0,0,0.0,0.0
2025,LOLTMNT01_302227,oe:team:7d6673d3a9d00363c6bebc1a630da6e,oe:team:fcec508e780bbd1ad493852640f5b36,0,0.3494885460848244,-0.7135631854424842,-2.0,-2.0,0,0.0,0.0
2025,LOLTMNT01_303163,oe:team:fcec508e780bbd1ad493852640f5b36,oe:team:7d6673d3a9d00363c6bebc1a630da6e,0,0.6505114539151756,0.7135631854424842,-3.0,-3.0,0,0.0,0.25
2025,LOLTMNT01_303163,oe:team:7d6673d3a9d00363c6bebc1a630da6e,oe:team:fcec508e780bbd1ad493852640f5b36,1,0.3494885460848244,-0.7135631854424842,0.0,3.0,0,0.25,0.0
2025,LOLTMNT01_303164,oe:team:fcec508e780bbd1ad493852640f5b36,oe:team:7d6673d3a9d00363c6bebc1a630da6e,1,0.6505114539151756,0.7135631854424842,2.0,1.0,1,0.0,0.5
2025,LOLTMNT01_303164,oe:team:7d6673d3a9d00363c6bebc1a630da6e,oe:team:fcec508e780bbd1ad493852640f5b36,0,0.3494885460848244,-0.7135631854424842,1.0,-1.0,1,0.5,0.0
2025,LOLTMNT01_303171,oe:team:7d6673d3a9d00363c6bebc1a630da6e,oe:team:fcec508e780bbd1ad493852640f5b36,0,0.43397272520671387,-0.43228884705109216,0.0,0.0,1,0.0,0.0
2025,LOLTMNT01_303171,oe:team:fcec508e780bbd1ad493852640f5b36,oe:team:7d6673d3a9d00363c6bebc1a630da6e,1,0.5660272747932862,0.43228884705109216,0.0,0.0,0,0.0,0.0
2025,LOLTMNT01_303213,oe:team:ed28f87f0cfdba0a2a8f183cebae73a,oe:team:ce499dea30cfce118f4fe85da0227e8,0,0.4321082300021191,-0.4420998027281209,-2.0,0.0,0,0.0,0.0
2025,LOLTMNT01_303213,oe:team:ce499dea30cfce118f4fe85da0227e8,oe:team:ed28f87f0cfdba0a2a8f183cebae73a,1,0.5678917699978809,0.4420998027281209,-2.0,0.0,0,0.0,0.0
2025,LOLTMNT01_302251,oe:team:ed28f87f0cfdba0a2a8f183cebae73a,oe:team:ce499dea30cfce118f4fe85da0227e8,1,0.4321082300021191,-0.4420998027281209,-5.0,-9.0,0,0.0,0.0
2025,LOLTMNT01_302251,oe:team:ce499dea30cfce118f4fe85da0227e8,oe:team:ed28f87f0cfdba0a2a8f183cebae73a,0,0.5678917699978809,0.4420998027281209,4.0,9.0,2,0.0,0.0
2025,LOLTMNT01_303214,oe:team:ce499dea30cfce118f4fe85da0227e8,oe:team:ed28f87f0cfdba0a2a8f183cebae73a,0,0.6522359847471069,0.7233741411195129,-1.0,1.0,0,0.0,0.0
2025,LOLTMNT01_303214,oe:team:ed28f87f0cfdba0a2a8f183cebae73a,oe:team:ce499dea30cfce118f4fe85da0227e8,1,0.34776401525289313,-0.7233741411195129,-2.0,-1.0,0,0.0,0.0
2025,LOLTMNT01_303216,oe:team:ce499dea30cfce118f4fe85da0227e8,oe:team:ed28f87f0cfdba0a2a8f183cebae73a,1,0.6522359847471069,0.7233741411195129,0.0,-1.0,0,0.17391304347826086,0.0
2025,LOLTMNT01_303216,oe:team:ed28f87f0cfdba0a2a8f183cebae73a,oe:team:ce499dea30cfce118f4fe85da0227e8,0,0.34776401525289313,-0.7233741411195129,1.0,1.0,1,0.0,0.17391304347826086
2025,LOLTMNT01_303219,oe:team:ed28f87f0cfdba0a2a8f183cebae73a,oe:team:ce499dea30cfce118f4fe85da0227e8,0,0.4321082300021191,-0.4420998027281209,2.0,-3.0,1,0.0,0.043478260869565216
2025,LOLTMNT01_303219,oe:team:ce499dea30cfce118f4fe85da0227e8,oe:team:ed28f87f0cfdba0a2a8f183cebae73a,1,0.5678917699978809,0.4420998027281209,5.0,3.0,3,0.043478260869565216,0.0
2025,LOLTMNT01_303255,oe:team:50f58982d91a36557ec8aec52ab014f,oe:team:d723992568441c6bafa2658129eade7,0,0.6886610899354617,0.9365186908886292,-1.0,-2.0,0,0.0,0.0
2025,LOLTMNT01_303255,oe:team:d723992568441c6bafa2658129eade7,oe:team:50f58982d91a36557ec8aec52ab014f,1,0.3113389100645383,-0.9365186908886292,1.0,2.0,1,0.0,0.0
2025,LOLTMNT01_303257,oe:team:50f58982d91a36557ec8aec52ab014f,oe:team:d723992568441c6bafa2658129eade7,1,0.6886610899354617,0.9365186908886292,-2.0,0.0,0,0.0,0.0
2025,LOLTMNT01_303257,oe:team:d723992568441c6bafa2658129eade7,oe:team:50f58982d91a36557ec8aec52ab014f,0,0.3113389100645383,-0.9365186908886292,-2.0,0.0,0,0.0,0.0
2025,LOLTMNT01_303258,oe:team:d723992568441c6bafa2658129eade7,oe:team:50f58982d91a36557ec8aec52ab014f,1,0.3921605021113666,-0.6552443524972371,-5.0,-1.0,1,0.0,0.0
2025,LOLTMNT01_303258,oe:team:50f58982d91a36557ec8aec52ab014f,oe:team:d723992568441c6bafa2658129eade7,0,0.6078394978886335,0.6552443524972371,-4.0,1.0,0,0.0,0.0
2025,LOLTMNT01_302318,oe:team:50f58982d91a36557ec8aec52ab014f,oe:team:d723992568441c6bafa2658129eade7,0,0.6886610899354617,0.9365186908886292,2.0,0.0,1,0.0,0.0
2025,LOLTMNT01_302318,oe:team:d723992568441c6bafa2658129eade7,oe:team:50f58982d91a36557ec8aec52ab014f,1,0.3113389100645383,-0.9365186908886292,2.0,0.0,1,0.0,0.0
2025,LOLTMNT01_303337,oe:team:ce499dea30cfce118f4fe85da0227e8,oe:team:fcec508e780bbd1ad493852640f5b36,1,0.6594700992128902,0.7647814444679968,-1.0,0.0,0,0.0,0.0
2025,LOLTMNT01_303337,oe:team:fcec508e780bbd1ad493852640f5b36,oe:team:ce499dea30cfce118f4fe85da0227e8,0,0.34052990078710976,-0.7647814444679968,-1.0,0.0,0,0.0,0.0
2025,LOLTMNT01_303341,oe:team:fcec508e780bbd1ad493852640f5b36,oe:team:ce499dea30cfce118f4fe85da0227e8,0,0.42426086387561973,-0.48350710607660474,-1.0,1.0,0,0.0,0.043478260869565216
2025,LOLTMNT01_303341,oe:team:ce499dea30cfce118f4fe85da0227e8,oe:team:fcec508e780bbd1ad493852640f5b36,1,0.5757391361243802,0.48350710607660474,-2.0,-1.0,0,0.043478260869565216,0.0
2025,LOLTMNT01_303342,oe:team:fcec508e780bbd1ad493852640f5b36,oe:team:ce499dea30cfce118f4fe85da0227e8,0,0.42426086387561973,-0.48350710607660474,-2.0,-3.0,1,0.0,0.0
2025,LOLTMNT01_303342,oe:team:ce499dea30cfce118f4fe85da0227e8,oe:team:fcec508e780bbd1ad493852640f5b36,1,0.5757391361243802,0.48350710607660474,1.0,3.0,2,0.0,0.0
2025,LOLTMNT01_307101,oe:team:d723992568441c6bafa2658129eade7,oe:team:ce499dea30cfce118f4fe85da0227e8,0,0.4631061876859005,-0.2800811541104824,1.0,3.0,1,0.0,0.0
2025,LOLTMNT01_307101,oe:team:ce499dea30cfce118f4fe85da0227e8,oe:team:d723992568441c6bafa2658129eade7,1,0.5368938123140995,0.2800811541104824,-2.0,-3.0,0,0.0,0.0
2025,LOLTMNT01_307103,oe:team:d723992568441c6bafa2658129eade7,oe:team:ce499dea30cfce118f4fe85da0227e8,1,0.4631061876859005,-0.2800811541104824,2.0,4.0,1,0.0,0.043478260869565216
2025,LOLTMNT01_307103,oe:team:ce499dea30cfce118f4fe85da0227e8,oe:team:d723992568441c6bafa2658129eade7,0,0.5368938123140995,0.2800811541104824,-2.0,-4.0,0,0.043478260869565216,0.0
2025,LOLTMNT01_306141,oe:team:ce499dea30cfce118f4fe85da0227e8,oe:team:d723992568441c6bafa2658129eade7,0,0.6232747981021474,0.5613554925018744,-2.0,-1.0,0,0.17391304347826086,0.36363636363636365
2025,LOLTMNT01_306141,oe:team:d723992568441c6bafa2658129eade7,oe:team:ce499dea30cfce118f4fe85da0227e8,1,0.37672520189785264,-0.5613554925018744,-1.0,1.0,0,0.36363636363636365,0.17391304347826086
2025,LOLTMNT01_307104,oe:team:ce499dea30cfce118f4fe85da0227e8,oe:team:d723992568441c6bafa2658129eade7,1,0.6232747981021474,0.5613554925018744,2.0,-1.0,1,0.17391304347826086,0.0
2025,LOLTMNT01_307104,oe:team:d723992568441c6bafa2658129eade7,oe:team:ce499dea30cfce118f4fe85da0227e8,0,0.37672520189785264,-0.5613554925018744,3.0,1.0,2,0.0,0.17391304347826086
2025,LOLTMNT01_307105,oe:team:d723992568441c6bafa2658129eade7,oe:team:ce499dea30cfce118f4fe85da0227e8,0,0.4631061876859005,-0.2800811541104824,0.0,4.0,0,0.0,0.08695652173913043
2025,LOLTMNT01_307105,oe:team:ce499dea30cfce118f4fe85da0227e8,oe:team:d723992568441c6bafa2658129eade7,1,0.5368938123140995,0.2800811541104824,-4.0,-4.0,0,0.08695652173913043,0.0
