year,T,games,buffs_z,denied,denied_exp,other_denied,other_denied_exp,pull,cb_obs,cb_exp,other_pull,co_obs,co_exp,comfort,comfort_other,core_picks,familiar,breadth_z,resid,pexp,denied_excess,other_excess,buffs_z_rb,pull_rb,other_pull_rb,comfort_rb,familiar_rb,resid_rb,tercile
2016,oe:team:056c3140a119e44a03d462e2c832f27,11,2.2660256287377845,0.05714285714285714,0.008874458874458873,0.06222943722943723,0.03526334776334777,0.15151515151515152,0.18181818181818182,0.030303030303030307,0.5757575757575757,1.1818181818181819,0.6060606060606061,0.07272727272727272,0.07735042735042735,1.5454545454545454,0.5272727272727272,0.8457365318252569,-0.10187579766878002,0.5564212522142346,0.048268398268398266,0.026966089466089464,2.111563725249161,0.13206736050592396,0.3569127655705697,-0.02277484344908544,-0.04044510940235086,-0.08786758251115165,high
2016,oe:team:2f758c15b9c1781b2d4032011ae1628,6,1.33745773618084,0.02314814814814815,0.036776212832550864,0.06850282485875707,0.04120878756531657,-0.04225352112676056,0.0,0.04225352112676056,0.5962441314553991,1.1666666666666667,0.5704225352112676,0.13836477987421383,0.1641509433962264,2.3333333333333335,0.6333333333333333,0.6383142911731602,-0.12095851958772785,0.45429185292106117,-0.013628064684402714,0.0272940372934405,1.2208785927615404,-0.06446334843144018,0.3480707416274915,0.04093074313511902,0.06872656969836571,-0.10161931716968257,high
2016,oe:team:3354e252e33ed55fd8fa14595ca1564,20,-0.3925872206633127,0.07222222222222223,0.019493177387914232,0.036875000000000005,0.04698464912280701,-0.008771929824561403,0.0,0.008771929824561403,-0.2385964912280701,0.7,0.93859649122807,0.08484848484848485,0.10474747474747474,1.7,0.53,-0.014680557867212108,0.10492803691334451,0.5950719630866554,0.052729044834308,-0.010109649122807006,-0.38990602288230797,-0.0396770420134587,-0.5791004400884644,-0.018667513845394494,-0.02481266120991505,0.141049948892371,mid
2016,oe:team:3413ca4510110b5181f3e4b24d52719,6,-0.4333122407444764,0.0,0.02464788732394366,0.06702898550724638,0.0591319657072872,-0.007042253521126761,0.0,0.007042253521126761,0.5023474178403756,1.8333333333333333,1.3309859154929577,0.1175438596491228,0.12631578947368421,2.6666666666666665,0.6333333333333333,0.8515726408734708,-0.22521035367479672,0.3918770203414634,-0.02464788732394366,0.00789701979995918,-0.5888400276124173,-0.026412330853341166,0.28432780744137415,0.02209610070582302,0.06552796235401685,-0.21135213315076512,low
2016,oe:team:3b84bb916852d07609c83d1ce91c1a9,17,-1.007639447017298,0.047058823529411764,0.05,0.06405913150600553,0.05117801047120418,0.0,0.0,0.0,0.36813725490196075,1.1764705882352942,0.8083333333333333,0.09984917043740572,0.11372549019607843,1.9411764705882353,0.5647058823529412,-0.17760895453473816,0.1836647608116685,0.5810411215412726,-0.0029411764705882387,0.012881121034801352,-0.9752016650820035,-0.03307466808483572,0.004595957479496295,-0.00518433534147158,0.012336942417790202,0.22397411770626482,low
2016,oe:team:5b90b1fda6971ccdccf9eb32286aa50,13,-0.1730023150905514,0.05128205128205128,0.03125,0.042832167832167825,0.05029296874999999,0.0,0.0,0.0,0.024639423076923076,0.9230769230769231,0.8984375,0.10686070686070687,0.13371448371448372,2.3846153846153846,0.6307692307692307,0.5535523714362546,0.09085100486681186,0.5245336105178036,0.02003205128205128,-0.007460800917832168,-0.2741008839180731,-0.02333851773849959,-0.23551892412924924,0.008637201763918332,0.06743378945000168,0.11236868492961377,mid
2016,oe:team:73f3126d91d35faa5d5ce34abadb865,10,-0.4386452790884384,0.0,0.035278154681139755,0.04702970297029703,0.049024678587261714,0.0,0.0,0.0,-0.3134328358208956,0.5,0.8134328358208955,0.09952380952380953,0.11488095238095238,2.2,0.58,1.5826697975827566,-0.05952483826097282,0.45952483826097285,-0.035278154681139755,-0.0019949756169646837,-0.7276976971044744,-0.009634781464305131,-0.4280785692509894,0.01088545359324639,0.001229090094919779,-0.0644566453457999,low
2016,oe:team:7cd8dc1c987b84b99e3d246d1943c92,6,0.2909143663655517,0.0,0.05850487540628386,0.05717761557177616,0.03773002981392001,-0.056338028169014086,0.0,0.056338028169014086,0.2629107981220657,0.8333333333333334,0.5704225352112676,0.09666666666666666,0.09749999999999999,2.0,0.6666666666666666,-1.2398166678071076,-0.08451077498279047,0.4178441083161238,-0.05850487540628386,0.01944758575785615,0.5173494738488548,-0.10355706306882545,-0.25082193207997594,-0.018260189587631936,0.13022950805530248,-0.016901472963845983,high
2016,oe:team:7d6673d3a9d00363c6bebc1a630da6e,6,-0.3563164996535262,0.0,0.12832550860719874,0.11513157894736843,0.05068569310600444,-0.19014084507042253,0.0,0.19014084507042253,0.9460093896713616,1.8333333333333333,0.8873239436619716,0.10520833333333333,0.12534722222222222,2.3333333333333335,0.5333333333333333,1.2590179495918299,-0.38803143802236917,0.5546981046890358,-0.12832550860719874,0.06444588584136399,-0.5862584516708931,-0.20408537725591694,0.7856007285538366,0.013555499985422574,-0.04058320543246596,-0.38464502487668606,mid
2016,oe:team:93c730021ff69abdfccc4911a2f666f,16,-0.4893091433560764,0.0,0.00702576112412178,0.06295955882352941,0.0506268081002893,-0.00819672131147541,0.0,0.00819672131147541,0.28176229508196715,1.4375,1.1557377049180328,0.0875,0.10695684523809523,1.8125,0.45,-0.061427526308718165,-0.04355395538969031,0.6685539553896903,-0.00702576112412178,0.01233275072324011,-0.4780902681116018,-0.039724316524044,-0.06535146660562056,-0.016451397662156933,-0.10411151540815315,-0.006230593207246322,low
2016,oe:team:a22510a4756fa424cb0771b13261139,6,1.3256492883493152,0.0,0.023576240048989585,0.08067940552016985,0.057504261236207034,-0.007042253521126761,0.0,0.007042253521126761,0.352112676056338,1.5,1.147887323943662,0.12549019607843137,0.14844771241830065,2.6666666666666665,0.6,-0.8553227701915509,0.026277043198165873,0.4737229568018341,-0.023576240048989585,0.023175144283962813,1.4818619836857942,-0.04914136445687666,-0.107254332021563,0.014144497103675192,0.057795915936484844,0.0840044151817747,high
2016,oe:team:bcb21457414eb9be1d27489ff7e8e59,6,-1.3505948359059257,0.0,0.0,0.07532051282051282,0.04611685213409968,0.0,0.0,0.0,0.8028169014084506,1.5,0.6971830985915494,0.10476190476190476,0.13227513227513227,1.8333333333333333,0.3666666666666667,-0.9360703608394252,-0.09569153282453116,0.2623581994911978,0.0,0.029203660686413134,-1.1796347268250351,-0.04317434652976612,0.3320325441799383,-0.007335873306557286,-0.17432630497453191,-0.03588885601488305,low
2016,oe:team:cbfaf0ca2181f0903d2fcceb6c28f3b,6,0.7230889108625214,0.0,0.028475199020208206,0.05555555555555555,0.0588325363928133,-0.007042253521126761,0.0,0.007042253521126761,-0.295774647887324,0.5,0.795774647887324,0.08992248062015505,0.10775193798449613,1.6666666666666667,0.5666666666666667,1.0451533025616297,0.05305149165105977,0.44694850834894023,-0.028475199020208206,-0.003276980837257748,0.5322063339887514,-0.023834609139414084,-0.48642281617186967,-0.0037222775471055184,-0.004042171056483249,0.06193446922101706,high
2016,oe:team:d15303823a1dccff9f3068fb357e356,6,0.1017692730997022,0.1904761904761905,0.012072434607645876,0.06804733727810651,0.04079506625552129,0.6666666666666666,0.6666666666666666,0.0,0.5657276995305164,1.3333333333333333,0.7676056338028169,0.1212962962962963,0.15733024691358025,2.3333333333333335,0.5666666666666668,-1.3691720423369096,-0.01905000728546624,0.5190500072854662,0.17840375586854462,0.02725227102258522,0.3518293236054326,0.6177251345151629,0.033704696347385876,0.0051646304363885225,0.032169676173378514,0.051883874834034886,mid
2016,oe:team:f2357aab765dfb94659ba2223a6d4f0,10,-1.3895670391887245,0.0,0.1791044776119403,0.08217054263565891,0.036040726599560334,0.0,0.0,0.0,0.6582089552238807,1.3,0.6417910447761194,0.11461538461538463,0.12769230769230772,2.5,0.52,-1.4834451317222748,0.16607444920570524,0.23392555079429478,-0.1791044776119403,0.04612981603609858,-1.1186366132885492,-0.050463193567770084,0.11002824690597693,-0.0025806151870019414,-0.012783037705586763,0.23994527956087622,low
2016,oe:team:fc8e90107dabb9a35c490b0d86adea0,9,-0.0139311828873863,0.0196078431372549,0.018166089965397925,0.06606606606606608,0.04372019077901431,0.0,0.0,0.0,0.32598039215686275,1.3333333333333333,1.0073529411764706,0.08888888888888888,0.10685579196217493,1.5555555555555556,0.5111111111111111,-0.6384728734364138,-0.058353248335418995,0.3916865816687523,0.001441753171856977,0.022345875287051765,0.10267692335581884,-0.03921153589259282,-0.10272500775833594,-0.020437080797187788,-0.034345448990772576,-0.006199165085892074,mid
2017,oe:team:056c3140a119e44a03d462e2c832f27,6,0.1873430909128746,0.0,0.0,0.10687593423019431,0.0979999206317711,0.0,0.0,0.0,0.1961651917404129,2.8333333333333335,2.6371681415929205,0.10592592592592592,0.10592592592592592,2.8333333333333335,0.9,0.5037322535966399,-0.13673038557131523,0.47006371890464854,0.0,0.008876013598423216,0.09534346713970268,0.006707702911942834,-0.35348445361684594,0.008631137664561611,0.23751088149916277,-0.1037328111088672,mid
2017,oe:team:3354e252e33ed55fd8fa14595ca1564,19,1.804216566806122,0.0,0.0,0.08521303258145363,0.10547619047619049,0.0,0.0,0.0,-0.5728947368421053,1.8421052631578947,2.415,0.0902575587905935,0.09132138857782754,1.631578947368421,0.8210526315789474,1.3845961109357583,-0.10005726236890744,0.6790046307899601,0.0,-0.020263157894736858,1.5513395267230639,0.018437293421011254,-0.9979941617816147,0.0011670932364516995,0.14535166178405376,-0.08969888988824105,high
2017,oe:team:364547a649dd1c75e258f0d5168509f,9,-0.9728561971326616,,,0.1309941520467836,0.08722488038277512,0.0,0.0,0.0,0.7888888888888889,2.888888888888889,2.1,0.12514619883040934,0.1286549707602339,3.0,0.6000000000000001,-0.7468469145928844,-0.05320105808620418,0.3865343914195375,,0.043769271664008486,-0.8364550938320212,-0.009945019775925695,0.06241292723984232,0.016203577613620717,-0.04373200199082943,0.011937821921887762,low
2017,oe:team:3b84bb916852d07609c83d1ce91c1a9,16,0.1148306354100284,0.0,0.0,0.09322478991596639,0.09037692747001715,0.0,0.0,0.0,-0.04490291262135937,2.125,2.1699029126213594,0.10416666666666666,0.1052734375,2.0625,0.875,0.04976074148381899,0.18083456837073342,0.6316654316292666,0.0,0.0028478624459492424,0.10574253461342706,0.0006626144507687678,-0.6587421048943376,0.0026436100364419417,0.21931988388903312,0.22549972650240252,mid
2017,oe:team:418bd4b8f699d70c4509d7f9c768a3a,4,1.9935624370746756,0.0,0.0,0.1355140186915888,0.07899227956115401,0.0,0.0,0.0,2.0478260869565217,3.0,0.9521739130434783,0.10227272727272728,0.10227272727272728,2.0,0.45,0.5676182608004777,-0.20980173966253027,0.20980173966253027,0.0,0.05652173913043479,1.889894931038341,0.007558409519458827,1.507209638060387,0.005572970144958953,-0.21344732835349006,-0.17844610817327478,high
2017,oe:team:418c28593a78b57ef74e47d0c18640a,15,0.6092337411112514,0.0,0.0,0.14028629856850713,0.11733128834355828,0.0,0.0,0.0,0.5506410256410255,2.7333333333333334,2.182692307692308,0.11757575757575758,0.11757575757575758,2.4,0.6,-0.5894452839419425,0.015056373564933723,0.45161029310173295,0.0,0.02295501022494885,0.716887646475335,-0.007849058342597864,-0.15357904750907836,0.010099167416713016,-0.04609282871822429,0.07614985282366038,high
2017,oe:team:594b183f8fb081ef64820f31ab8d641,12,0.1459074020541054,0.0,0.0,0.18362403100775193,0.11462182134318626,0.0,0.0,0.0,1.1744548286604364,3.3333333333333335,2.158878504672897,0.10333333333333333,0.10678571428571428,2.0,0.5666666666666667,0.4675527406004691,0.2193830043471809,0.2806169956528191,0.0,0.06900220966456568,0.060515458373242154,0.006225936213574114,0.619689561540818,0.005701570864731838,-0.09527980458895305,0.25331043340123066,mid
2017,oe:team:62c1cd9465dc63824593ee5046f5aa8,22,0.3773757329203332,0.022727272727272728,0.00945017182130584,0.13524327784891163,0.12641571075940175,0.0,0.0,0.0,0.6344892221180879,3.727272727272727,3.0927835051546393,0.11050156739811912,0.11234326018808778,2.772727272727273,0.8363636363636363,0.4549132079992328,0.1361900263160184,0.5910827009567089,0.013277100905966888,0.00882756708950988,0.2942922224114177,0.006057628091492263,0.07793678146609559,0.012752080943608775,0.1746067422188977,0.1704423057191097,high
2017,oe:team:6c951ee7222ac9acd244aa88c9e8330,7,-0.9728561971326616,,,0.19047619047619047,0.12857142857142856,0.0,0.0,0.0,0.8035714285714286,3.5714285714285716,2.767857142857143,0.11972789115646257,0.11972789115646257,2.0,0.7142857142857143,-2.1693252599355946,-0.2445253690866772,0.5302396548009629,,0.06190476190476191,-0.5766593954969992,-0.028886753347886422,-0.12403662627882933,-0.0024636235096284764,0.09188910051759397,-0.14282717936618075,low
2017,oe:team:6f0162b86d2a0d206ba9a08a1da14be,8,-0.9728561971326616,,,0.16428571428571428,0.11495495495495496,0.0,0.0,0.0,1.2623873873873874,3.875,2.6126126126126126,0.10571428571428572,0.10910714285714286,2.5,0.675,-0.02708179727449704,-0.23209063006793684,0.6070906300679368,,0.049330759330759325,-0.9679100870859737,-0.00036062143954801234,0.6376830028828665,0.0034755214518737867,0.020472425438642663,-0.1854505313807573,low
2017,oe:team:73f3126d91d35faa5d5ce34abadb865,15,-0.417441644344905,0.06666666666666667,0.07211538461538461,0.11158798283261803,0.11759243974909211,0.0,0.0,0.0,-0.3858974358974358,2.1333333333333333,2.519230769230769,0.0527659574468085,0.0527659574468085,0.6666666666666666,0.64,1.4348872685119334,0.1813545782218407,0.48531208844482593,-0.005448717948717943,-0.006004456916474082,-0.679503658276849,0.01910697089691258,-0.8038859154746303,-0.03585609873551379,-0.036455273981365145,0.190420410811378,mid
2017,oe:team:78f183fa5a7d8ecb22b9ad272c3abd7,19,-0.6465501473698546,0.0,0.0,0.10050251256281409,0.090678391959799,0.0,0.0,0.0,0.3857894736842106,2.3157894736842106,1.9300000000000002,0.09263157894736843,0.09342105263157896,2.0526315789473686,0.6421052631578948,0.5581449297059151,0.04283990201778454,0.5361074664032681,0.0,0.009824120603015088,-0.7484874824863095,0.00743226256318376,-0.15616646197379697,-0.004156412320970655,-0.0211999771298426,0.07443900887988361,mid
2017,oe:team:7cd8dc1c987b84b99e3d246d1943c92,6,1.8492501791943183,0.0,0.0,0.10555555555555556,0.11750245821042282,0.0,0.0,0.0,-0.17699115044247815,2.0,2.176991150442478,0.0954954954954955,0.0954954954954955,1.8333333333333333,0.6,0.20024652037437804,-0.38485130516487887,0.5515179718315455,0.0,-0.011946902654867267,1.8126779636873849,0.0026664843440761523,-0.7695523248079285,-0.004625943980637525,-0.05793721374984402,-0.34405380253445883,high
2017,oe:team:7d6673d3a9d00363c6bebc1a630da6e,6,-0.6620885306918931,0.0,0.0,0.1251993620414673,0.10884108904602614,0.0,0.0,0.0,0.3908554572271384,2.8333333333333335,2.442477876106195,0.0857142857142857,0.08928571428571429,2.0,0.6,0.5352957154967111,0.04925186981041252,0.4507481301895875,0.0,0.016358272995441167,-0.7598527776335283,0.00712800223521713,-0.15433125540328974,-0.011286522013051987,-0.06296253077842698,0.08143822743924163,mid
2017,oe:team:9cae7677cd0dbcc1cd86653870b73c2,7,-0.9728561971326616,,,0.13406593406593406,0.10274725274725276,0.0,0.0,0.0,0.7366071428571427,2.5714285714285716,1.8348214285714286,0.05714285714285715,0.06208791208791209,1.5714285714285714,0.31428571428571433,-1.538977773452661,-0.09774784850061713,0.38346213421490283,,0.031318681318681305,-0.6917835138927033,-0.020493040933348236,-0.10187258900982968,-0.05917763199107655,-0.3175653199193528,-0.01225030539116849,low
2017,oe:team:a22510a4756fa424cb0771b13261139,7,-0.7009344889969892,0.0,0.0,0.1404662283323371,0.0946279139270771,0.0,0.0,0.0,0.8392857142857143,2.5714285714285716,1.7321428571428572,0.12916666666666668,0.12916666666666668,2.142857142857143,0.7999999999999999,-0.3080857718014637,-0.1413304031994646,0.5699018317708932,0.0,0.04583831440526,-0.6446669482683027,-0.0041024727201518455,0.1748486211747563,0.024310645185874166,0.14968713205142595,-0.0874681830868282,low
2017,oe:team:a9744fc5b0ca952b17ef07c0aa99602,4,-0.0727015770973318,0.0,0.013043478260869565,0.11363636363636363,0.10614168440255395,0.0,0.0,0.0,0.1217391304347828,2.5,2.378260869565217,0.1396551724137931,0.1396551724137931,3.0,0.65,-0.9166734413811383,-0.20497401548469824,0.20497401548469824,-0.013043478260869565,0.007494679233809684,0.09471595697515,-0.01220643123038235,-0.6287495446069472,0.029130795266835582,0.008815182570119845,-0.13547040077919487,mid
2017,oe:team:c334c629fea759876e9e04afbe4aee7,7,-0.9728561971326616,,,0.16598639455782313,0.11024659863945578,0.0,0.0,0.0,0.44642857142857145,2.142857142857143,1.6964285714285714,0.09387755102040816,0.09846938775510204,1.8571428571428572,0.6285714285714287,-0.5153483310120499,-0.20600404260666255,0.49171832832094825,,0.05573979591836735,-0.8787350599080331,-0.006862382696190047,-0.2473145230797026,-0.012908903758016878,-0.018632761358061134,-0.14681493922808805,low
2017,oe:team:c5b7f439779b465529ff283c53f41c0,4,-0.9728561971326616,,,0.16136363636363638,0.10075098814229248,0.0,0.0,0.0,1.6304347826086953,3.5,1.8695652173913044,0.1181818181818182,0.1181818181818182,1.5,0.7,-1.2570702004947694,0.20274777510723901,0.047252224892760986,,0.06061264822134389,-0.7432699741416864,-0.016739157328462873,0.8318155241358774,0.004487002337674163,0.06392070634081143,0.2809999732848766,low
2017,oe:team:cd6e0eea04af23b9c0735dab41a9941,5,0.8274530429379979,0.0,0.0,0.11748251748251748,0.0826278984173721,0.0,0.0,0.0,0.8973684210526315,3.2,2.3026315789473686,0.12137931034482759,0.12275862068965518,2.6,0.64,-0.34161474033219397,-0.1580879573316819,0.3580879573316819,0.0,0.03485461906514538,0.8898441790257374,-0.004548944746197864,0.22819048134422415,0.016211001697778327,-0.009809975540649269,-0.10336400463178626,high
2017,oe:team:d15303823a1dccff9f3068fb357e356,6,-0.9728561971326616,,,0.12416666666666666,0.10409292035398228,0.0,0.0,0.0,0.7787610619469025,3.5,2.7212389380530975,0.07083333333333333,0.07083333333333333,1.3333333333333333,0.5,0.15946294402257472,-0.06740158630907978,0.4007349196424131,,0.020073746312684382,-1.0019798650159306,0.002123409899465567,0.18043327179659582,-0.029667962370021457,-0.15732551133804623,-0.02555589942762577,low
2017,oe:team:d996d27c1737a1f7494fc09d6911339,7,0.2137112565502731,0.0,0.0,0.13327526132404183,0.10368575783972125,0.0,0.0,0.0,0.7455357142857145,3.142857142857143,2.3973214285714284,0.10043290043290043,0.10043290043290043,2.142857142857143,0.7428571428571429,1.8107856900222865,-0.00447505700254941,0.2901893427168351,0.0,0.029589503484320573,-0.11700332649743259,0.024112437429096786,0.3806975948506939,0.015311943687808426,0.06076386476732519,-0.005070240946160126,high
2017,oe:team:fbf53cf218dfaa8c2b2a864d13d2206,9,1.637592200969795,0.0,0.0,0.1647286821705426,0.1052061310782241,0.0,0.0,0.0,0.8732323232323234,2.7777777777777777,1.9045454545454545,0.11555555555555556,0.11555555555555556,2.111111111111111,0.6444444444444445,-1.1150865800344134,0.03416045926170541,0.6325062074049612,0.0,0.05952255109231849,1.8412471091183316,-0.014848502248090095,0.09468891538807694,0.003183168179433128,0.0062355748421806,0.10876351707000535,high
2017,oe:team:fc8e90107dabb9a35c490b0d86adea0,18,-0.4507665175121703,0.0,0.0,0.1267921146953405,0.09829128074097732,0.0,0.0,0.0,0.7772277227722775,3.5,2.7227722772277225,0.09022222222222222,0.09472222222222222,2.4444444444444446,0.5777777777777778,1.3985597107033916,0.0768025259879288,0.5898641406787378,0.0,0.028500833954363175,-0.7061938130453592,0.018623232832581195,0.35410268855659416,0.0012618129505509341,-0.09813262847216227,0.0868020180889561,mid
2018,oe:team:056c3140a119e44a03d462e2c832f27,17,-0.2771931484008241,0.054901960784313725,0.030718954248366008,0.11013310433662517,0.08777014455417202,0.06862745098039215,0.11764705882352941,0.049019607843137254,0.38725490196078416,2.588235294117647,2.200980392156863,0.10629514963880288,0.10794633642930856,2.411764705882353,0.7529411764705882,1.4518102512198392,-0.10241906290516822,0.74947788643458,0.024183006535947717,0.022362959782453146,-0.5423459075275239,0.0764577526141356,0.013818352309428905,0.033976394957785,0.12621992369371998,-0.09192080932669133,mid
2018,oe:team:0b63f14fd7de22a26869bb1c76f87fc,14,-0.4915354038048933,0.03896103896103897,0.012554112554112555,0.09645909645909646,0.07395197395197395,0.0,0.0,0.0,0.6523809523809524,2.5,1.8476190476190477,0.05773809523809524,0.05848214285714286,1.3571428571428572,0.5142857142857143,1.5189666450253827,-0.04138662849468855,0.5413866284946885,0.026406926406926413,0.022507122507122515,-0.7689533353916839,0.00872455673666511,0.2884400172689521,-0.013955168089130056,-0.11344280003448039,-0.03261437054092084,low
2018,oe:team:418bd4b8f699d70c4509d7f9c768a3a,9,-0.4915354038048933,0.0,0.03636363636363636,0.08831908831908832,0.07037684537684538,0.0,0.0,0.0,0.193939393939394,1.6666666666666667,1.4727272727272727,0.08009259259259259,0.08842592592592592,1.6666666666666667,0.6444444444444444,1.3576437454872938,-0.03240151442192546,0.4768459588663699,-0.03636363636363636,0.017942242942242934,-0.73948997274708,0.006576379653961987,-0.1928118796017423,0.006896775701785474,0.019135570958942985,-0.019483074652999664,mid
2018,oe:team:4bd1751425ef6a9bc9d4d8e9385b4a6,6,-0.081966805717801,0.09999999999999999,0.04247787610619469,0.09918200408997956,0.07549269775775015,0.11799410029498525,0.16666666666666666,0.048672566371681415,0.3643067846607669,1.3333333333333333,0.9690265486725664,0.08529411764705881,0.09019607843137255,1.5,0.5666666666666667,-0.0031365552798011303,-0.007398891669394891,0.3407322250027282,0.0575221238938053,0.023689306332229404,-0.08139395793284165,0.10645031805580225,-0.2148527537768867,-0.0005759401359211511,-0.03823221175793542,0.0404931479642778,mid
2018,oe:team:50f58982d91a36557ec8aec52ab014f,6,-0.521026866200845,0.0,0.006436041834271922,0.12482566248256627,0.07486947828340801,0.0,0.0,0.0,1.2920353982300885,3.0,1.7079646017699115,0.07551020408163266,0.07789115646258503,1.8333333333333333,0.5333333333333333,-0.6920886062271019,-0.4579183285220091,0.6245849951886757,-0.006436041834271922,0.04995618419915826,-0.3946265991224993,-0.020717873525441292,0.61546111279401,-0.01677671926880172,-0.06123212980806385,-0.39231943838333955,low
2018,oe:team:5203ff881d5c82c5f720eb3a2f3b44c,9,1.7417726121794417,0.005291005291005292,0.03874458874458875,0.1170282708744247,0.0708445400753093,-0.08636363636363636,0.0,0.08636363636363636,0.9444444444444444,2.4444444444444446,1.5,0.06790123456790123,0.06856995884773662,1.2222222222222223,0.5777777777777778,0.37485389792784884,-0.002421347557785336,0.44686579200222976,-0.03345358345358346,0.046183730799115405,1.6733108106310266,-0.09287409455901535,0.41873107009965277,-0.014448238697361419,-0.03279048260266698,0.03575590795112708,high
2018,oe:team:53a258f289c26d94431c0496a54e151,18,0.5857072862581385,0.09090909090909093,0.03150315031503151,0.07945736434108527,0.09451991710798988,0.12211221122112209,0.16666666666666666,0.04455445544554455,-0.2024202420242024,1.7777777777777777,1.9801980198019804,0.08909090909090908,0.0898989898989899,2.0,0.7111111111111111,0.15558961656931777,0.08331156787013094,0.6944662099076468,0.05940594059405942,-0.015062552766904602,0.5572910272531089,0.11268202801696617,-0.7591366077454819,0.004699219077343556,0.10383153950506768,0.12712416454068548,high
2018,oe:team:6db10eb2b230fe5af5947ce5d46bc9a,4,1.3664267271400568,0.02272727272727273,0.013833992094861662,0.1313131313131313,0.0909090909090909,-0.017391304347826087,0.0,0.017391304347826087,1.5260869565217392,3.0,1.4739130434782608,0.07619047619047618,0.08888888888888888,1.0,0.45,-0.5149895045000151,-0.14492267499356498,0.14492267499356498,0.00889328063241107,0.0404040404040404,1.4604823297401475,-0.03575092474995544,0.8745536941360618,-0.014446954823971842,-0.14722172719041515,-0.08387543299142246,high
2018,oe:team:73f3126d91d35faa5d5ce34abadb865,12,0.7658733110770425,0.006944444444444444,0.012071651090342679,0.10237203495630463,0.08889005565473067,0.0,0.0,0.0,0.10591900311526474,2.1666666666666665,2.060747663551402,0.07261904761904761,0.07619047619047618,1.4166666666666667,0.7666666666666666,1.0588330124841419,-0.14076119279777521,0.7240945261311086,-0.005127206645898235,0.013481979301573965,0.5724923272475704,0.0025974134282059375,-0.3230827752554776,-0.0033598777640809936,0.145839578801739,-0.1201629776783003,high
2018,oe:team:78f183fa5a7d8ecb22b9ad272c3abd7,17,-1.035786937112,0.0,0.00980392156862745,0.08673250322026622,0.07159725203950193,0.0,0.0,0.0,-0.0637254901960785,1.2941176470588236,1.357843137254902,0.0542016806722689,0.05514705882352941,1.0588235294117647,0.5294117647058824,0.9704632555959519,0.2571504832106211,0.4487318697305554,-0.00980392156862745,0.015135251180764295,-1.2130284255476549,0.0014206810046330804,-0.5052223580258605,-0.022600316286596284,-0.09008988781830428,0.2800199014889089,low
2018,oe:team:7cd8dc1c987b84b99e3d246d1943c92,7,-1.595762419657243,0.0,0.013392857142857142,0.07841614906832298,0.0882909549689441,0.0,0.0,0.0,-0.16964285714285715,2.142857142857143,2.3125,0.05405405405405406,0.05444015444015444,1.1428571428571428,0.5142857142857143,-0.05816003575955046,-0.15182406140306276,0.5803954899744913,-0.013392857142857142,-0.00987480590062112,-1.5851403056863609,-0.012276475366541839,-0.7565824702933118,-0.03232848972386057,-0.08978788105374011,-0.10251785580271663,low
2018,oe:team:7d6673d3a9d00363c6bebc1a630da6e,24,-0.9811911720153624,0.0,0.025263157894736838,0.10688405797101448,0.10369401765282771,0.0,0.0,0.0,0.30394736842105274,2.125,1.8210526315789473,0.09494949494949495,0.09494949494949495,1.7083333333333333,0.6833333333333335,1.0777470066545574,0.0843242142829238,0.49900911905040957,-0.025263157894736838,0.0031900403181867737,-1.1780265313296323,0.00284927233314506,-0.12238005553807665,0.01914673357918595,0.06222255931614274,0.10443631826191016,low
2018,oe:team:7e3dd5ff49e1a44784d225d2de40260,8,-0.4652611918521364,0.053571428571428575,0.021235521235521238,0.1543103448275862,0.08431189810500155,0.07545045045045043,0.125,0.04954954954954955,1.2545045045045045,3.25,1.9954954954954955,0.09833333333333333,0.09979166666666667,2.125,0.65,-0.08287633459573955,0.14716504157970606,0.22783495842029394,0.03233590733590734,0.06999844672258466,-0.45012499291298164,0.06284485264139628,0.6640701169433281,0.011720583161898602,0.04629711809377646,0.19710648414309986,mid
2018,oe:team:86e551648da70c86cb473ce5d5f26f7,5,0.3564050728522606,0.0,0.02631578947368421,0.09230769230769229,0.06629554655870445,-0.05263157894736842,0.0,0.05263157894736842,0.843859649122807,1.8,0.956140350877193,0.09454545454545454,0.09227272727272727,1.4,0.48,-1.4607046582951724,-0.33624776206679813,0.5362477620667981,-0.02631578947368421,0.02601214574898783,0.6231822705547583,-0.08358435026585702,0.05860648226357612,-0.00490032096650074,-0.1030371879175466,-0.2508945660791266,mid
2018,oe:team:8eb884e168f28402ce685bedebb5250,6,0.632416996396373,0.0,0.05390185036202736,0.10465116279069768,0.07364341085271318,-0.084070796460177,0.0,0.084070796460177,1.3672566371681416,3.0,1.6327433628318584,0.10987654320987654,0.10987654320987654,2.3333333333333335,0.7000000000000001,-0.9733031537735943,0.12133682132475121,0.3786631786752488,-0.05390185036202736,0.031007751937984496,0.8101771523623115,-0.10853332525831547,0.6509198690399061,0.014970401374299157,0.10965240180215143,0.19416324485473505,high
2018,oe:team:b24f151e143d152c7cf8be9f13ec015,6,-1.576285011568713,0.0,0.026548672566371678,0.10693641618497109,0.0736354800757072,0.0,0.0,0.0,0.9011799410029498,2.6666666666666665,1.7654867256637168,0.08095238095238096,0.08071428571428572,1.8333333333333333,0.5,-0.6558324735059576,0.025752660327433174,0.30758067300590014,-0.026548672566371678,0.03330093610926389,-1.4565064180997096,-0.02023508655817248,0.229732111016587,-0.010996854558460698,-0.09510925958623748,0.09041972666051291,low
2018,oe:team:b3c72a20aa56f5d28022ac04a7dc294,9,0.0416765446481139,0.09722222222222224,0.014204545454545458,0.09896536212325686,0.08299595141700405,0.09747474747474746,0.1111111111111111,0.013636363636363636,0.6267676767676768,2.2222222222222223,1.5954545454545455,0.1028322440087146,0.11535947712418301,1.8888888888888888,0.7111111111111111,0.7437792526775229,-0.24235762663851856,0.686802071082963,0.08301767676767678,0.01596941070625281,-0.09416429327332665,0.09587690239610862,0.1532187020278043,0.023918923379327,0.09500943386386076,-0.21366217192412196,mid
2018,oe:team:c5b7f439779b465529ff283c53f41c0,4,0.9460393358959472,0.0,0.0375,0.07981927710843373,0.08656364588789943,0.0,0.0,0.0,-0.8717391304347828,1.25,2.121739130434783,0.07857142857142857,0.08142857142857143,2.0,0.7,0.5697101064504932,-0.2408855452586252,0.2408855452586252,-0.0375,-0.006744368779465701,0.8419897836209234,-0.003915751289110322,-1.3699007060321784,-0.00196316353722175,0.08650914127558232,-0.2077163157067251,high
2018,oe:team:cd6e0eea04af23b9c0735dab41a9941,4,-0.1709900179812592,0.0,0.029813664596273288,0.08193277310924371,0.06876141761052247,-0.05217391304347826,0.0,0.05217391304347826,0.38043478260869557,1.75,1.3695652173913044,0.112,0.1145,2.75,0.65,-1.8247116663344252,-0.08204610622276431,0.3320461062227643,-0.029813664596273288,0.01317135549872124,0.16226794912066014,-0.08797380473267796,-0.4562873515684217,0.009163881091886004,0.07242245992716859,0.01266248346068024,mid
2018,oe:team:d17e6a2f130f0cf8dd071ce88d5b870,6,0.3154582490297819,0.13333333333333333,0.02123893805309735,0.12935323383084577,0.07775282877647162,0.15339233038348082,0.16666666666666666,0.01327433628318584,1.0457227138643066,2.3333333333333335,1.2876106194690267,0.10714285714285714,0.11507936507936507,1.6666666666666667,0.6333333333333333,-1.687323519384557,-0.3064361676419321,0.3064361676419321,0.11209439528023599,0.051600405054374146,0.6236242000060032,0.11942190041086198,0.22842665085905317,0.005586364688175978,0.05369514364712033,-0.21525860943717307,mid
2018,oe:team:d723992568441c6bafa2658129eade7,11,-1.2033832392691204,0.0,0.010185185185185184,0.09305317324185249,0.08117138364779874,0.0,0.0,0.0,0.5021043771043773,2.6363636363636362,2.134259259259259,0.07906976744186046,0.09027484143763215,2.0,0.6545454545454545,0.07358708153053352,0.05108851851257401,0.5852751178510623,-0.010185185185185184,0.01188178959405374,-1.2168228865560218,-0.010522129648202346,-0.06620678130682728,-0.006085690155836397,0.04849581795109471,0.0970086735058972,low
2018,oe:team:e435aa3ecb82a89e60544f5f5857a81,8,1.800159749852234,0.0,0.0045045045045045045,0.1673228346456693,0.07909484287437044,0.0,0.0,0.0,1.3772522522522521,3.125,1.7477477477477479,0.12685185185185185,0.1326388888888889,2.75,0.65,-0.7488465021915676,0.0762380233919642,0.1737619766080358,-0.0045045045045045045,0.08822799177129886,1.9369260497537806,-0.021473662143935132,0.6926526534900299,0.03403628824583691,0.05628583399719955,0.14329565594592825,high
2018,oe:team:e8d8ae992fe72acb7adc7bfcee31dbb,6,1.3424045904975368,0.025641025641025644,0.03165418652144316,0.10113960113960115,0.07911655699266319,-0.0663716814159292,0.0,0.0663716814159292,0.44690265486725655,2.0,1.5530973451327437,0.08266666666666667,0.09133333333333334,2.0,0.5,-1.117510165422989,0.11745748484659524,0.38254251515340476,-0.006013160880417517,0.022023044146937953,1.5465021324904205,-0.09275447199015353,-0.2898243414864542,-0.013582612193274233,-0.08818467418002443,0.19399019242571894,high
2018,oe:team:fc8e90107dabb9a35c490b0d86adea0,22,-1.0024228584418329,0.0,0.0,0.09090909090909091,0.06549879854274862,0.0,0.0,0.0,0.6804123711340206,2.0,1.3195876288659794,0.0734006734006734,0.08005050505050505,1.4545454545454546,0.4454545454545455,0.46649930364759634,0.1781278568667587,0.45823577949687766,0.0,0.02541029236634229,-1.0876224066533946,-0.0052901072045036385,0.16765724838232873,-0.008095219056505672,-0.16648828088415119,0.21394972132005544,low
2019,oe:team:1fcd541d3a51d70860c46eaae858ba8,8,-0.0650962659819946,0.125,0.03655133928571428,0.045454545454545456,0.05204951298701298,0.4017857142857143,0.5,0.09821428571428571,-0.28125,0.75,1.03125,0.09875,0.12041666666666667,2.625,0.525,-0.9574842998986803,-0.24632637015200493,0.4963263701520049,0.08844866071428573,-0.006594967532467522,0.10977479841868497,0.2654529266107706,-0.9203184690113493,-0.004374605057867858,-0.0017753019566755686,-0.21197689309080398,mid
2019,oe:team:246827ba8505ab1bac1083d093120bc,8,0.2342499418566716,0.1111111111111111,0.037078373015873016,0.08588957055214726,0.06704645048203331,0.1875,0.25,0.06249999999999999,0.3794642857142856,1.625,1.2455357142857144,0.0769736842105263,0.08146929824561402,1.75,0.5,1.5027120443616775,0.00955782352446638,0.3654421764755336,0.07403273809523808,0.018843120070113947,-0.040199315131725116,0.08392720747033511,0.08825660630802404,-0.003236772919405327,-0.0636751565525209,-0.019322540766659388,mid
2019,oe:team:3354e252e33ed55fd8fa14595ca1564,14,-0.272947951823461,0.02142857142857143,0.044496855345911954,0.09451659451659451,0.05600819515913855,-0.06132075471698113,0.0,0.06132075471698113,1.2493261455525606,2.4285714285714284,1.179245283018868,0.08803986710963455,0.09936323366555924,2.0,0.6,-0.6903895557487284,0.034640441880507744,0.6082167009766352,-0.023068283917340525,0.03850839935745596,-0.14685799246050557,-0.1940969065396297,0.6480236820131463,-0.012597030618489158,0.06921861241302857,0.062125280540776866,mid
2019,oe:team:33d17f3717f58e12a3da80b377221fb,18,3.1341663302937564,0.2404970760233918,0.1512512899896801,0.06666666666666667,0.07787723785166241,0.7516339869281046,1.3888888888888888,0.6372549019607844,-0.03431372549019618,1.0,1.0343137254901962,0.11840277777777779,0.1363425925925926,2.5,0.6777777777777778,-0.01859354309165196,0.12116215158035948,0.6566156261974183,0.0892457860337117,-0.011210571184995743,3.1375621798881164,0.6278034764420137,-0.5406272293225356,0.024022955119022162,0.1369202939300555,0.13138106941258867,high
2019,oe:team:3413ca4510110b5181f3e4b24d52719,20,-1.0651099712891892,0.0125,0.033125,0.14153225806451614,0.08028225806451612,-0.05500000000000001,0.0,0.05500000000000001,1.57,3.0,1.43,0.13192307692307692,0.14875,2.4,0.5599999999999999,-1.4165562834126038,-0.07154210508881309,0.6215421050888131,-0.020625,0.06125000000000001,-0.8063958544205934,-0.19744579405605478,0.8660208001669862,0.024522697956207623,0.040110201096855175,-0.025393956448165445,low
2019,oe:team:50b9075ca20fb326456aded56aa7937,5,0.0509767533840187,0.1,0.04251207729468599,0.06666666666666668,0.06741467975689576,-0.05217391304347826,0.0,0.05217391304347826,-0.19565217391304338,0.8,0.9956521739130434,0.060952380952380945,0.055079365079365075,0.6,0.36,1.1384675587730857,0.06349378328171315,0.13650621671828686,0.05748792270531401,-0.0007480130902290799,-0.15694836226472858,-0.16059698819689214,-0.5383623989034216,-0.0226506314279412,-0.1982119468428917,0.043974916129203234,mid
2019,oe:team:53a258f289c26d94431c0496a54e151,14,-0.0367528542763402,0.0836734693877551,0.06509433962264151,0.06885125184094257,0.06890682746547364,-0.06536388140161724,0.07142857142857142,0.13679245283018868,0.22371967654986533,1.7142857142857142,1.490566037735849,0.09036544850498339,0.11691583610188261,1.8571428571428572,0.6285714285714287,1.2723164408960175,0.054916814523538804,0.5165117569050326,0.018579129765113597,-5.55756245310679e-05,-0.2691235890210403,-0.17200462371855724,-0.1000649135286216,0.008009098039312547,0.06835191664143517,0.03195787901975114,mid
2019,oe:team:5737b101780a9835142549164be1ac4,8,1.598617011597534,0.16176470588235292,0.13169642857142858,0.06250000000000001,0.06904423701298702,-0.05357142857142857,0.0,0.05357142857142857,-0.0044642857142858094,1.0,1.0044642857142858,0.08571428571428572,0.09692460317460316,1.375,0.525,2.1975426297768768,0.03360292470345394,0.34139707529654606,0.030068277310924346,-0.006544237012987009,1.1972667035291762,-0.1478918512005778,-0.19742601956900907,0.011975446533142267,-0.04909674246796342,-0.013135375107755629,high
2019,oe:team:6f0162b86d2a0d206ba9a08a1da14be,14,0.059037379728881,0.03686635944700461,0.03362751065124772,0.10070984915705412,0.07778624165006445,-0.03706199460916442,0.07142857142857142,0.10849056603773585,0.4730458221024259,2.142857142857143,1.669811320754717,0.10277777777777777,0.09715608465608465,2.7142857142857144,0.6571428571428573,-0.2158633269425071,-0.09998308634857195,0.5285545149200005,0.0032388487957568865,0.02292360750698967,0.09846178569721124,-0.1635193511908287,-0.06116074926319379,0.006560594040335767,0.1192441722370295,-0.08469411093106194,mid
2019,oe:team:73f3126d91d35faa5d5ce34abadb865,6,-0.7873283864816354,0.020833333333333332,0.05893640350877193,0.10392156862745099,0.06390608875128999,0.0,0.0,0.0,1.131578947368421,2.5,1.368421052631579,0.10462962962962963,0.16944444444444443,2.0,0.5,-0.3175694702810822,-0.04864172283765822,0.5486417228376582,-0.0381030701754386,0.040015479876161,-0.7293287813757456,-0.12781167643901634,0.5829915809853689,0.007465159868014356,-0.036373220521875936,-0.030738783976596927,low
2019,oe:team:76b516358ee227ba806ba5d955b6314,11,-0.993680420910104,0.01515151515151515,0.010321100917431193,0.08214676889375684,0.04772300210014369,0.0,0.0,0.0,0.8907422852376979,1.9090909090909092,1.0183486238532111,0.06597402597402596,0.078008658008658,1.7272727272727273,0.5818181818181819,0.09131105143417562,0.02303595873152442,0.6133276776321119,0.004830414234083957,0.03442376679361315,-1.0103571024572888,-0.12236701998399749,0.39996880085225167,-0.027382150688831805,0.0393122671178247,0.03043020360951055,low
2019,oe:team:78f183fa5a7d8ecb22b9ad272c3abd7,10,0.7104825452363688,0.32820512820512815,0.06585081585081584,0.12847222222222224,0.077114898989899,0.5681818181818181,0.7,0.1318181818181818,1.1681818181818184,2.6,1.4318181818181817,0.12303030303030302,0.1146969696969697,2.7,0.7,-0.44716186192096974,0.02305460353363903,0.47694539646636097,0.2623543123543123,0.05135732323232324,0.7921503812121484,0.4386444883692845,0.6012706656555037,0.024658816097355353,0.1655705025551036,0.04428821410428787,high
2019,oe:team:7b13b2cc48c457832262d00d5ffa6d6,14,0.3411593017990529,0.1312741312741313,0.14660887302396736,0.13803680981595093,0.07668711656441718,-0.17318059299191374,0.14285714285714285,0.3160377358490566,1.3942048517520218,2.7857142857142856,1.391509433962264,0.09343629343629345,0.11985199485199485,2.0,0.5142857142857143,-0.47185821250668236,-0.0992083695205675,0.527779798091996,-0.015334741749836067,0.06134969325153375,0.42733757947522694,-0.3030467796158891,0.8238017454086255,-0.005165214093149055,-0.019773368924648697,-0.07734003467957368,high
2019,oe:team:7bd8d762a338118fce3df129202eaed,5,-1.3999359886911515,0.0,0.06666666666666667,0.11456310679611652,0.0480793583790629,0.0,0.0,0.0,1.5695652173913044,2.4,0.8304347826086957,0.09142857142857144,0.10285714285714284,2.0,0.44000000000000006,-1.2058485654147175,0.08638213545887363,0.3136178645411264,-0.06666666666666667,0.06648374841705362,-1.1797046782013418,-0.13964000831672235,0.8953791490413255,-0.014009286200915329,-0.0830501499761327,0.12711485633831848,low
2019,oe:team:7d6673d3a9d00363c6bebc1a630da6e,18,0.2630332310719286,0.039999999999999994,0.055490196078431364,0.10380116959064328,0.08384932920536635,-0.12254901960784312,0.0,0.12254901960784312,0.29411764705882354,1.6666666666666667,1.3725490196078431,0.06923076923076923,0.08928062678062679,1.5,0.3888888888888889,1.3046809583677794,0.10258365287605198,0.5085274582350592,-0.01549019607843137,0.019951840385276934,0.024751571605329342,-0.22875879573880054,-0.02509074460802832,-0.01282413970862083,-0.17181605014596105,0.07879291250028392,high
2019,oe:team:8eb884e168f28402ce685bedebb5250,6,0.7643421849043108,0.08045977011494253,0.047489413188142766,0.12297734627831718,0.06472491909385114,-0.017543859649122806,0.0,0.017543859649122806,0.9956140350877193,2.1666666666666665,1.1710526315789473,0.13055555555555556,0.1587962962962963,2.6666666666666665,0.7999999999999999,-0.7060583037528989,0.005699168145483047,0.49430083185451695,0.03297035692679976,0.058252427184466035,0.8932938211027039,-0.15052865665155418,0.3920960804694852,0.02977271987802764,0.26945362394956773,0.03358671143248031,high
2019,oe:team:9cae7677cd0dbcc1cd86653870b73c2,6,0.2180515539866141,0.17204301075268816,0.046689303904923596,0.13605442176870747,0.08127461510920157,0.2412280701754386,0.3333333333333333,0.09210526315789473,0.6140350877192982,2.0,1.3859649122807018,0.07474747474747474,0.06759259259259259,1.8333333333333333,0.6333333333333333,0.6036450603802843,-0.07167384638476113,0.23834051305142778,0.12535370684776456,0.054779806659505895,0.10780425881938976,0.12568329414973045,0.1957033469813958,-0.013836848117253265,0.08314305210722159,-0.07744716765678619,mid
2019,oe:team:b41d715b166da7092724123264e4560,6,-0.4205698877904115,0.0,0.02368421052631579,0.08562691131498469,0.05492515692901979,-0.043859649122807015,0.0,0.043859649122807015,0.6578947368421053,1.5,0.8421052631578947,0.075,0.07604166666666666,1.3333333333333333,0.39999999999999997,-0.40070896737693845,0.08720390525408134,0.41279609474591866,-0.02368421052631579,0.030701754385964904,-0.34738602080949355,-0.17277841180215348,0.09755181640556991,-0.022938826954508926,-0.1351262325076201,0.10724362365460807,mid
2019,oe:team:d15303823a1dccff9f3068fb357e356,6,-1.1003927129078908,0.07407407407407408,0.07602339181286549,0.03424657534246575,0.05428382600336457,0.05701754385964911,0.16666666666666666,0.10964912280701754,-0.5789473684210525,0.8333333333333334,1.412280701754386,0.10537634408602149,0.11917562724014337,2.8333333333333335,0.6,-0.6950956290210792,-0.27207328977644507,0.27207328977644507,-0.001949317738791409,-0.02003725066089882,-0.9734432553344992,-0.07582127407414752,-1.1809152497301822,0.004695614222558698,0.06928919760021181,-0.24446749968597917,low
2019,oe:team:e435aa3ecb82a89e60544f5f5857a81,4,0.4378868179373973,0.3863636363636364,0.053683385579937314,0.07692307692307693,0.050682076544145506,0.9612068965517241,1.0,0.03879310344827586,0.4525862068965517,1.25,0.7974137931034483,0.1523809523809524,0.1986111111111111,2.5,0.55,-1.328056051149015,-0.044086272859452935,0.29408627285945294,0.3326802507836991,0.02624100037893142,0.6804376099167193,0.8199395723304348,-0.23887945484131423,0.04580486023105838,0.028782808789390178,-0.00021268074301358797,high
2019,oe:team:e84133caa1e561518201cc7d33f14ed,11,-0.9283893475167212,0.09696969696969698,0.04740061162079511,0.04688995215311005,0.0755673587638822,-0.0045871559633027525,0.0,0.0045871559633027525,-0.8148457047539616,0.8181818181818182,1.63302752293578,0.07227272727272728,0.08382575757575758,1.4545454545454546,0.5454545454545454,1.4923079412721918,0.09348149118839733,0.3610639633570572,0.04956908534890187,-0.028677406610772144,-1.2009384411483033,-0.10829848961693023,-1.1075244779305575,-0.008034633162424752,-0.018064562621561052,0.06486852416793908,low
2019,oe:team:ef69efa6acebe94107f0cf1ba716806,18,-0.6744796176535665,0.09941520467836257,0.04695562435500516,0.09019975031210986,0.0611368142762723,0.11764705882352941,0.16666666666666666,0.049019607843137254,0.892156862745098,2.3333333333333335,1.4411764705882353,0.1172514619883041,0.14785575048732943,2.3333333333333335,0.6666666666666666,-0.34494723330989585,0.04034717095899765,0.6818750512632246,0.05245958032335741,0.02906293603583756,-0.6114798485112901,-0.010529180137500656,0.3396984027856966,0.019831997086385583,0.13070407819750454,0.058953749436844866,low
2019,oe:team:f589eafcf087c11af27e475bafb047f,4,-0.9162984079994282,0.0,0.07866379310344827,0.09438775510204082,0.07670654468684027,-0.11206896551724138,0.0,0.11206896551724138,0.125,1.5,1.375,0.09285714285714285,0.11607142857142856,2.0,0.4,0.09950481148526562,0.04725677174585208,0.20274322825414792,-0.07866379310344827,0.017681210415200557,-0.9344715647804415,-0.234326877323706,-0.3646149232617146,-0.00042271752700216,-0.14262881080789097,0.054440427680675946,low
2019,oe:team:fc8e90107dabb9a35c490b0d86adea0,6,0.8489787615253627,0.07222222222222223,0.035672514619883036,0.05228758169934641,0.06256449948400412,0.47807017543859653,0.5,0.021929824561403508,-0.08333333333333326,1.5,1.5833333333333333,0.03888888888888889,0.06377314814814815,0.6666666666666666,0.2333333333333333,-0.4862971929199095,-0.10666875798423081,0.4400020913175641,0.03654970760233919,-0.010276917784657717,0.9377941162522923,0.34801171923038915,-0.6557780471034521,-0.059847102595010804,-0.30050918330948595,-0.08442932494087291,high
2020,oe:team:1d0389df0c5eea93b04122ba167c010,9,1.5060149590466554,0.11728395061728397,0.017460317460317464,0.10971641097164112,0.09942219565650529,-0.004761904761904762,0.0,0.004761904761904762,0.4523809523809523,2.6666666666666665,2.2142857142857144,0.06079664570230608,0.06079664570230609,1.0,0.6666666666666666,2.5900072305801576,-0.13873390153048015,0.5831783459749246,0.0998236331569665,0.01029421531513583,1.0329865018020445,0.02202881983756618,-0.13397403963926546,-0.02604444110659583,-0.017071285811762406,-0.1793068241769621,high
2020,oe:team:274c62a6d7e34e0e66e5f267a39d5f7,6,-1.6752622086472002,0.0,0.004629629629629629,0.1761904761904762,0.10798941798941801,0.0,0.0,0.0,0.9166666666666666,3.1666666666666665,2.25,0.1787037037037037,0.1787037037037037,3.5,0.7333333333333334,-1.3936627037628464,-0.19827899778563043,0.3649456644522971,-0.004629629629629629,0.06820105820105819,-1.4207292826782556,-0.026255857643421383,-0.23296148528633115,0.054758910768024714,0.10934542547148197,-0.13646707682554643,low
2020,oe:team:2cb996a4b0ffaca3bcf66fe91450243,7,1.3632966198518004,0.0,0.0026702269692923893,0.10638297872340426,0.09176774706701132,-0.009345794392523364,0.0,0.009345794392523364,0.457943925233645,2.0,1.542056074766355,0.09732142857142857,0.09575892857142856,1.8571428571428572,0.5142857142857143,0.8832071757119668,0.03106481772527936,0.25464946798900634,-0.0026702269692923893,0.014615231656392932,1.2019912293410489,-0.0052828336326714905,-0.3697449815245676,-0.005416710125995481,-0.1438523815000767,0.03435859577577124,high
2020,oe:team:2e66da41dc460dd378e3bcc57042d31,6,-1.6457078370630156,0.0,0.008487654320987652,0.1903353057199211,0.10878259916721454,-0.009259259259259259,0.0,0.009259259259259259,1.6296296296296298,3.8333333333333335,2.2037037037037037,0.15238095238095237,0.16095238095238093,3.0,0.6,-1.1226884684899994,0.15680064151854228,0.3431993584814577,-0.008487654320987652,0.08155270655270656,-1.440664550717757,-0.031906821714069195,0.5183160258892408,0.03096000016481081,-0.028052180985464487,0.21164821674791132,low
2020,oe:team:4880b157399745e82e26e229d8bbf48,11,0.1114338916694269,0.012121212121212121,0.012297734627831713,0.1291866028708134,0.10162238119570771,-0.009708737864077669,0.0,0.009708737864077669,0.474845542806708,2.727272727272727,2.2524271844660193,0.12672176308539945,0.12699724517906333,3.6363636363636362,0.7636363636363637,-0.5506880873933745,0.13137649786994965,0.41407804758459577,-0.0001765225066195919,0.027564221675105693,0.21200933923075385,-0.024739538448827692,-0.5555897584002691,0.01062839432732716,0.12700489549746707,0.1715230133913857,mid
2020,oe:team:4f5a0b869cd5960c307d1c45e9399a3,8,0.7659288842064652,0.0,0.007412398921832883,0.11956521739130435,0.08753076292042658,-0.009433962264150943,0.0,0.009433962264150943,0.7735849056603774,2.75,1.9764150943396226,0.082,0.085,1.75,0.42500000000000004,0.5188402634182832,-0.17058645761776825,0.5455864576177683,-0.007412398921832883,0.03203445447087777,0.6711699945541906,-0.010222914363079457,-0.10562385727197919,-0.024131834224133304,-0.22767304982938127,-0.15792803592323695,high
2020,oe:team:50f58982d91a36557ec8aec52ab014f,9,0.3935438022457362,0.04938271604938271,0.01904761904761905,0.13866666666666666,0.09546666666666666,0.21746031746031746,0.2222222222222222,0.004761904761904762,1.592063492063492,3.4444444444444446,1.8523809523809522,0.12181069958847737,0.12530864197530864,2.5555555555555554,0.8444444444444444,0.9099516194477896,-0.05085460143561271,0.6064101569911683,0.030335097001763664,0.0432,0.22735391457572862,0.22187940745716817,0.7681561303584605,0.019321657326564545,0.18590521559974085,-0.04824818597649185,mid
2020,oe:team:5203ff881d5c82c5f720eb3a2f3b44c,12,0.8709605739902605,0.011111111111111112,0.00392156862745098,0.16810344827586207,0.11354800540906017,-0.00980392156862745,0.0,0.00980392156862745,0.7745098039215687,2.6666666666666665,1.8921568627450978,0.08525641025641027,0.08461538461538463,1.3333333333333333,0.38333333333333336,-1.0229530017576562,0.13287046704590744,0.28379619962075925,0.007189542483660131,0.054555442866801904,1.0577885776120022,-0.03112340571229512,-0.32270164968349224,-0.035235610720686726,-0.24621475436260898,0.18515472745961195,high
2020,oe:team:5f401785b6b78326f9a46b3c6b206ed,17,0.6862993698249253,0.032454361054766734,0.030927835051546386,0.17909025958561564,0.1101465002712968,-0.003032140691328073,0.058823529411764705,0.06185567010309277,1.572771376591874,3.588235294117647,2.015463917525773,0.14628190899001112,0.15221975582685907,3.3529411764705883,0.7999999999999999,-0.4263284599580007,-0.06711393033694635,0.7141727538663581,0.0015265260032203479,0.06894375931431884,0.7641622774308745,-0.0164069674345771,0.5599199720098915,0.03134681969445624,0.1615032936736454,-0.030163598539511893,high
2020,oe:team:6a0084dacefb228be863fbb64cefe11,10,-1.038706512987835,0.0,0.00206043956043956,0.12661290322580646,0.10084522332506204,0.0,0.0,0.0,1.0538461538461537,3.4,2.3461538461538463,0.1030769230769231,0.10461538461538462,2.6,0.64,0.32257372918027305,-0.3785747922842645,0.7785747922842645,-0.00206043956043956,0.02576767990074441,-1.0976200757224097,-0.003402438914246482,0.14688617840087295,-0.004882928008273066,-0.009729298371368957,-0.36087209765940687,low
2020,oe:team:78f183fa5a7d8ecb22b9ad272c3abd7,11,-0.7999981271155733,0.0,0.006067961165048544,0.12390029325513198,0.08984497337926715,0.0,0.0,0.0,0.846425419240953,2.5454545454545454,1.6990291262135921,0.13426573426573427,0.13583916083916084,2.6363636363636362,0.6545454545454545,0.10051512478994398,0.13667132041719232,0.4087832250373531,-0.006067961165048544,0.034055319875864826,-0.818355803436997,-0.006359373151941096,-0.09193265239369788,0.024237640244748837,0.008146756283656473,0.16008117348055292,low
2020,oe:team:7d6673d3a9d00363c6bebc1a630da6e,14,-0.5762090153603278,0.03896103896103896,0.019090909090909092,0.08998144712430427,0.08376623376623378,0.0,0.0,0.0,0.36999999999999983,1.5,1.1300000000000001,0.0642857142857143,0.0685267857142857,0.7857142857142857,0.4714285714285714,1.0802444325743348,0.06661684580078453,0.5048117256277869,0.019870129870129868,0.006215213358070487,-0.773500494455256,0.00668671052409716,-0.4298287175039399,-0.03661722907797454,-0.18966483568639383,0.0648465424737997,low
2020,oe:team:8d47748b0e2a0ac34c90891889805a8,19,-0.0112225911898383,0.02631578947368421,0.007105263157894737,0.11144057326414629,0.08636026686434396,-0.005263157894736842,0.0,0.005263157894736842,0.7526315789473683,2.210526315789474,1.4578947368421054,0.13318077803203662,0.13712814645308927,3.3157894736842106,0.7894736842105263,-0.7313294622909577,0.09969645739072419,0.5318824899776968,0.019210526315789473,0.025080306399802327,0.12234446731120359,-0.02269938054203386,-0.3033456069363434,0.01540492437963227,0.15555160976830168,0.14448566149394262,mid
2020,oe:team:8eb884e168f28402ce685bedebb5250,11,-1.4255787245739149,0.0,0.003236245954692556,0.15584415584415587,0.09611650485436894,0.0,0.0,0.0,1.5216240070609004,3.1818181818181817,1.6601941747572815,0.109717868338558,0.11964472309299895,2.0,0.6,-1.2169932202424136,0.19334155765766325,0.4430220787059731,-0.003236245954692556,0.059727650989786926,-1.2033119993495731,-0.02390332531975096,0.39697613206015425,-0.012581433704012471,-0.026637728177468154,0.25061287215726863,low
2020,oe:team:a22510a4756fa424cb0771b13261139,6,0.0151036783019063,0.0,0.014917695473251025,0.1343804537521815,0.10822668217956177,-0.009259259259259259,0.0,0.009259259259259259,0.8055555555555558,3.0,2.194444444444444,0.10650406504065041,0.10264227642276423,2.5,0.8333333333333334,0.8737855443575635,-0.2901311394198242,0.2901311394198242,-0.014917695473251025,0.026153771572619722,-0.14448098352064667,-0.005321757021509067,-0.023465527851873003,0.0036781737314964223,0.17533655018213926,-0.2865952147385527,mid
2020,oe:team:af4b23d4634c4e6ecb5659fb1e689e9,5,-0.9364029190425802,0.0,0.022935779816513763,0.20400000000000001,0.09660550458715596,-0.009174311926605505,0.0,0.009174311926605505,2.2449541284403667,3.8,1.5550458715596331,0.14476190476190476,0.15476190476190474,3.0,0.6799999999999999,-1.2409564724528324,-0.022314731274612393,0.2223147312746124,-0.022935779816513763,0.10739449541284406,-0.7097596422434697,-0.03339673211368682,1.1169179564628897,0.0222394101651038,0.05372169050237456,0.035572466034137676,low
2020,oe:team:b42d0f31f2727621b963042276817c4,10,-0.170676018906883,0.05555555555555556,0.014957264957264956,0.12233009708737866,0.10378547423450338,0.09519230769230769,0.1,0.004807692307692308,0.6875,2.5,1.8125,0.12,0.13011363636363638,1.9,0.82,-0.1616213739174962,-0.14994796605674243,0.6499479660567424,0.04059829059829061,0.01854462285287528,-0.1411581441074286,0.08534232272595146,-0.28792300331680004,0.007530379503817968,0.17753301991554785,-0.11980090713394098,mid
2020,oe:team:bcb21457414eb9be1d27489ff7e8e59,5,1.348377345734784,0.0,0.011063140852671344,0.14957983193277308,0.09347775807570734,-0.013761467889908258,0.0,0.013761467889908258,1.115596330275229,3.4,2.284403669724771,0.09846153846153846,0.09576923076923077,2.2,0.64,0.6666929072643728,0.03434097218734311,0.1656590278126569,-0.011063140852671344,0.05610207385706574,1.2266152465191187,-0.012581612943856483,0.25729327169996236,-0.006293203498991665,-0.014890653750409908,0.0431994129430681,high
2020,oe:team:cd62e47544f14f1d239afa659b9d243,6,0.1548354163734744,0.0,0.006944444444444445,0.1285310734463277,0.08709981167608287,-0.009259259259259259,0.0,0.009259259259259259,0.9351851851851852,2.6666666666666665,1.7314814814814816,0.10000000000000002,0.10512820512820514,2.0,0.6333333333333333,-1.0938834108372268,-0.2739852020097965,0.4406518686764631,-0.006944444444444445,0.04143126177024482,0.35461786335834233,-0.03152325332487707,-0.17205551188533957,-0.021152663323806484,0.004849112668803383,-0.2198779494907585,mid
2020,oe:team:e84133caa1e561518201cc7d33f14ed,14,-0.4230901494225283,0.02040816326530612,0.014285714285714282,0.09149277688603531,0.0897191011235955,0.0,0.0,0.0,0.2614285714285714,2.0714285714285716,1.81,0.09473684210526315,0.10037593984962405,2.2857142857142856,0.4571428571428572,0.1482197992131066,-0.008157362415506464,0.436728790986935,0.006122448979591839,0.001773675762439808,-0.45016041475888324,-0.005724137307389118,-0.6701842720248369,-0.014846932920965374,-0.18997135130733037,0.014026426312550912,low
2020,oe:team:ef69efa6acebe94107f0cf1ba716806,17,-0.049771771517036,0.00980392156862745,0.023768613974799544,0.14795008912655971,0.09663646777048839,-0.041237113402061855,0.0,0.041237113402061855,1.388114008489994,3.4705882352941178,2.082474226804124,0.08235294117647059,0.08165266106442577,1.8235294117647058,0.5176470588235295,0.34721647434862224,0.28000352532199635,0.5435258864427095,-0.013964692406172093,0.05131362135607133,-0.1131859856751379,-0.04431140931505363,0.48463840729488145,-0.025377388590455446,-0.132451849768453,0.29707287339664235,mid
2020,oe:team:fcec508e780bbd1ad493852640f5b36,15,1.5368313345813058,0.03333333333333333,0.012432012432012434,0.10443159922928709,0.08860279091492965,0.0,0.0,0.0,0.3292929292929295,2.4,2.0707070707070705,0.09859649122807017,0.09929824561403508,2.3333333333333335,0.7200000000000001,0.5198503602163482,-0.0859545522613705,0.6859545522613705,0.0209013209013209,0.015828808314357443,1.441887964930514,-0.0007755016414973098,-0.549773010457622,-0.007525935004092744,0.06731179998755989,-0.07332209120223368,high
2021,oe:team:056c3140a119e44a03d462e2c832f27,21,-0.9831533089467616,0.015873015873015872,0.04119047619047619,0.0955026455026455,0.09355555555555556,-0.05238095238095238,0.047619047619047616,0.1,0.06476190476190469,1.9047619047619047,1.84,0.06214285714285714,0.07908730158730158,1.5238095238095237,0.44761904761904764,1.0678861117936296,-0.005971976350090946,0.62501959539771,-0.025317460317460315,0.0019470899470899472,-1.1781877142605786,-0.20536050892281946,-0.31445301197076364,-0.018724916159368835,-0.11321467051400548,-0.007019679973029776,low
2021,oe:team:0edc9f071bd123368afdc0c53a3db20,9,1.6044489092460148,0.1904761904761905,0.04017857142857142,0.07876230661040787,0.07402802893309222,0.6924603174603176,0.8888888888888888,0.19642857142857142,0.046130952380952474,1.6666666666666667,1.6205357142857142,0.08333333333333333,0.08462962962962964,2.2222222222222223,0.4444444444444444,-0.6717722191874564,0.09230570132772381,0.3521387431167206,0.15029761904761907,0.004734277677315643,1.7271386734714416,0.516315455998644,-0.5790638927708384,-0.013737532227430143,-0.0902965841317708,0.13596919343183084,high
2021,oe:team:33d17f3717f58e12a3da80b377221fb,7,-0.1003243168574615,0.1020408163265306,0.041823308270676686,0.09722222222222222,0.08461257309941521,0.3696741854636592,0.5714285714285714,0.20175438596491227,0.25877192982456143,2.0,1.7412280701754386,0.1142857142857143,0.1456582633053221,2.857142857142857,0.6,-0.11678694625127153,-0.371300423068904,0.6570147087831897,0.060217508055853915,0.012609649122807015,-0.07899482080073689,0.20091951254913468,-0.2879504731934216,0.02238395430124136,0.0569348895179003,-0.34190068306023497,mid
2021,oe:team:3a1d18f46bcb3716ebcfcf4ef068934,17,-0.1554812405492114,0.053475935828877,0.040646853146853144,0.10259917920656635,0.07887969588550983,0.1546945701357466,0.29411764705882354,0.13942307692307693,0.5783371040723981,1.8235294117647058,1.2451923076923077,0.09411764705882353,0.10734098517455762,2.0588235294117645,0.6941176470588236,2.200257593866439,0.031421548828788115,0.556813745288859,0.012829082682023853,0.023719483321056514,-0.5573273986907262,0.016793681742421254,0.3592344640688283,0.023796726128818942,0.11629977921168305,0.0012706115024072942,mid
2021,oe:team:4880b157399745e82e26e229d8bbf48,6,1.726218425396262,0.2857142857142857,0.04596273291925466,0.08816425120772947,0.08991808443604286,0.8173913043478261,1.0,0.18260869565217389,0.2202898550724638,1.3333333333333333,1.1130434782608696,0.09901960784313725,0.10833333333333334,2.0,0.5333333333333333,-0.21953869388432115,0.06810566122293443,0.43189433877706557,0.23975155279503105,-0.0017538332283133923,1.766314085534761,0.6472683883003985,-0.34096118674637127,0.006160823127442902,-0.00819063001391504,0.10014623789355094,high
2021,oe:team:4bd1751425ef6a9bc9d4d8e9385b4a6,6,-0.1161385397341169,0.05555555555555555,0.03832528180354267,0.11921296296296298,0.08372584541062801,-0.020289855072463777,0.16666666666666666,0.18695652173913044,0.5159420289855073,1.8333333333333333,1.317391304347826,0.09898989898989898,0.14242424242424243,2.0,0.4666666666666666,-0.651960440189943,0.08519155650431726,0.41480844349568274,0.01723027375201288,0.03548711755233497,0.0029328812126444143,-0.19617090271891394,-0.1064515189846033,0.00210355936574366,-0.06837151370639555,0.12834586337780532,mid
2021,oe:team:50f58982d91a36557ec8aec52ab014f,16,-0.361258994322279,0.004999999999999999,0.026285714285714284,0.12248322147651006,0.07503994886545222,-0.009523809523809525,0.0,0.009523809523809525,1.1178571428571429,2.375,1.2571428571428571,0.08088235294117647,0.10134803921568628,1.875,0.6,0.7150413556563361,0.1094172411675044,0.5155827588324956,-0.021285714285714283,0.04744327261105784,-0.4918512588297599,-0.16720184979648225,0.6887515514373553,-0.003271799091181818,0.04445850995546838,0.1174380486837726,low
2021,oe:team:67169969ecc058b307edfa9c6b7a3c0,9,0.5559659325237467,0.057971014492753624,0.03493788819875776,0.1294261294261294,0.08938383045525902,0.1284722222222222,0.2222222222222222,0.09375,0.8303571428571428,2.0,1.1696428571428572,0.1272727272727273,0.1553030303030303,2.2222222222222223,0.5777777777777778,-0.5032424792309114,-0.23613309341261118,0.5694664267459445,0.023033126293995863,0.04004229897087039,0.6478761058853971,-0.04542849580931732,0.2289916512242269,0.031771539433268575,0.0405090148140287,-0.1968010071109158,high
2021,oe:team:6a0084dacefb228be863fbb64cefe11,11,0.1527032491690283,0.04545454545454545,0.04772727272727272,0.1075268817204301,0.09193548387096774,-0.0090909090909091,0.18181818181818182,0.19090909090909092,0.6727272727272728,2.1818181818181817,1.5090909090909088,0.09752066115702479,0.12107438016528925,2.090909090909091,0.5272727272727272,-1.6105286424429934,-0.12751894937551533,0.491155313011879,-0.0022727272727272735,0.015591397849462355,0.44684369406362334,-0.19773625895473762,-0.08520354343852918,-0.00829373562674957,0.006611865753039944,-0.05972835056734127,mid
2021,oe:team:73f3126d91d35faa5d5ce34abadb865,12,-1.3856692095545269,0.09523809523809525,0.028178243774574053,0.08785140562248996,0.08839946943738258,0.0,0.0,0.0,0.2996941896024465,2.1666666666666665,1.8669724770642204,0.09999999999999999,0.13371913580246914,1.8333333333333333,0.65,-1.020301184991803,0.018811982647206182,0.5645213506861272,0.0670598514635212,-0.000548063814892627,-1.1993255230338482,-0.18078587609222413,-0.37478109673355986,-0.0003170472316871599,0.12048646807892971,0.07143306517531034,low
2021,oe:team:78f183fa5a7d8ecb22b9ad272c3abd7,6,1.4969121936847565,0.04444444444444443,0.034202898550724635,0.13740458015267176,0.07268503153003651,0.07971014492753621,0.16666666666666666,0.08695652173913045,0.9942028985507245,2.3333333333333335,1.3391304347826087,0.10303030303030304,0.11784511784511785,2.1666666666666665,0.6,-0.5129655244108016,-0.27755774734260075,0.44422441400926743,0.010241545893719797,0.06471954862263525,1.590598144738013,-0.0943200452551321,0.39146261169809643,0.007438555225546523,0.06287707049958552,-0.23797576773234064,high
2021,oe:team:7e3dd5ff49e1a44784d225d2de40260,4,1.752311893142745,0.22413793103448276,0.041556145004420876,0.07594936708860758,0.08795845504706264,0.33760683760683763,0.5,0.1623931623931624,0.3141025641025641,1.75,1.435897435897436,0.1,0.09062500000000001,2.5,0.5,-0.617374233794829,-0.2852387937262521,0.2852387937262521,0.1825817860300619,-0.012009087958455053,1.8650666290780287,0.162186340174699,-0.30340064855178295,0.003435794603648382,-0.03555693002082058,-0.24297339165438436,high
2021,oe:team:89008bdacc273b554227d6b76869381,13,-0.8330499768091718,0.07692307692307693,0.04044834307992202,0.13565488565488565,0.08064314314314315,0.18269230769230768,0.3076923076923077,0.125,1.1200142450142452,2.6153846153846154,1.4953703703703702,0.09743589743589744,0.10823620823620825,2.076923076923077,0.49230769230769234,-0.22923367666695565,-0.25862011926007594,0.6432355038754606,0.03647473384315491,0.0550117425117425,-0.7911836641819324,0.012440293172868357,0.5573923758735002,0.0044868141266951505,-0.04907085847692742,-0.22633037051638905,low
2021,oe:team:8eb884e168f28402ce685bedebb5250,7,0.8836168627494554,0.04633204633204634,0.01600284495021337,0.1510791366906475,0.08923387605704909,0.10776942355889725,0.14285714285714285,0.03508771929824561,1.2976190476190477,2.7142857142857144,1.4166666666666665,0.10892857142857142,0.11205357142857143,2.2857142857142856,0.7142857142857143,0.8092550801757892,0.1073039884577478,0.32126744011368075,0.030329201381832968,0.061845260633598395,0.7358177842089793,-0.0486540659682317,0.8818348566148949,0.025651921399464664,0.15733113672732982,0.11290339620709301,high
2021,oe:team:a9145b7711873f53e610fbba0493484,11,-0.7613588331016665,0.03305785123966942,0.043250688705234165,0.11773472429210133,0.0852645305514158,0.009090909090909096,0.09090909090909091,0.08181818181818182,0.8818181818181817,2.6363636363636362,1.7545454545454546,0.0912396694214876,0.11297520661157025,1.9090909090909092,0.6727272727272727,2.0723335442289086,-0.02450044332700141,0.6608640796906378,-0.010192837465564743,0.032470193740685535,-1.139841459616681,-0.1305134170198436,0.6446276517890008,0.01972727017562677,0.0968281049228947,-0.05136358722884561,low
2021,oe:team:b61ee1b18ac8e03518fc61ac07d497c,12,0.421545038072174,0.0026881720430107525,0.015389168393015686,0.08397435897435897,0.09177840508115738,-0.013761467889908258,0.0,0.013761467889908258,-0.1207951070336392,1.3333333333333333,1.4541284403669728,0.06881720430107525,0.08328853046594982,1.1666666666666667,0.5,0.3374401235551228,0.1495330836192038,0.2671335830474629,-0.012700996350004934,-0.007804046106798412,0.3599163371275992,-0.17646764933486864,-0.6032918284179225,-0.018853907062730005,-0.04987794591633486,0.16725867183555915,high
2021,oe:team:cd62e47544f14f1d239afa659b9d243,8,-1.3259265897982722,0.0,0.032448377581120944,0.07888349514563106,0.08166509150270641,0.0,0.0,0.0,0.07632743362831862,1.625,1.5486725663716814,0.05113636363636363,0.07575757575757576,1.0,0.30000000000000004,-0.3648202456245317,-0.062188832642961045,0.43718883264296104,-0.032448377581120944,-0.0027815963570753527,-1.2592972939716671,-0.17205748640837126,-0.5054657715919485,-0.04307556631732844,-0.23934492257792947,-0.026414355021965263,low
2021,oe:team:ce499dea30cfce118f4fe85da0227e8,14,-1.2079653967081163,0.03896103896103896,0.020815632965165677,0.09064702114029467,0.0850341561543942,-0.004672897196261682,0.0,0.004672897196261682,0.4666221628838453,2.2142857142857144,1.747663551401869,0.0868804664723032,0.10801749271137026,2.2142857142857144,0.5857142857142856,0.20071199301727385,0.19579281828287898,0.5184928960028353,0.018145405995873283,0.0056128649859004676,-1.2446226242580896,-0.16919975157372721,-0.03520730629558322,-0.0020641239844873677,0.03788708999428325,0.2170324748062123,low
2021,oe:team:e435aa3ecb82a89e60544f5f5857a81,11,-1.0570848008951266,0.0303030303030303,0.035227272727272725,0.12927439532944118,0.07956630525437865,-0.08636363636363636,0.0,0.08636363636363636,1.3909090909090909,3.1818181818181817,1.7909090909090908,0.12348484848484849,0.15845959595959597,2.909090909090909,0.6181818181818182,-1.7192890381744557,0.045178659959430434,0.3184577036769332,-0.004924242424242425,0.049708090075062536,-0.7430807967043503,-0.2764572405688201,0.6176000399023284,0.01665746271655433,0.0991522259702251,0.11576452451277985,low
2021,oe:team:e84133caa1e561518201cc7d33f14ed,5,0.2024887656325736,0.24800000000000005,0.040344827586206895,0.08392857142857144,0.056188423645320194,1.0232758620689655,1.2,0.17672413793103448,1.0362068965517242,2.2,1.1637931034482758,0.08,0.08987654320987654,1.8,0.52,0.055125033047218705,-0.00044699498273559346,0.2004469949827356,0.20765517241379317,0.02774014778325124,0.19242095229598932,0.8568103705120074,0.5137920806094082,-0.01030058025204218,-0.025643574210898266,0.024534411829492515,mid
2021,oe:team:ef69efa6acebe94107f0cf1ba716806,19,-0.2544000311700207,0.007797270955165692,0.033042846768336964,0.0801513587891297,0.08897219018326284,-0.08823529411764705,0.0,0.08823529411764705,-0.23116615067079466,1.631578947368421,1.8627450980392155,0.06526315789473684,0.07807017543859648,1.5263157894736843,0.4526315789473684,0.8820289969688525,0.16353225412568817,0.5733098511374697,-0.025245575813171273,-0.008820831394133144,-0.41549024387484407,-0.24368972555865792,-0.6366604344415876,-0.01733567944735329,-0.10541451594226453,0.16726128952684738,mid
2021,oe:team:fc8e90107dabb9a35c490b0d86adea0,18,-0.2544000311700207,0.06790123456790124,0.035239122617763394,0.08725071225071225,0.08541822255414487,0.05987055016181231,0.16666666666666666,0.10679611650485436,-0.1661272923408844,1.7222222222222223,1.8883495145631066,0.06412698412698413,0.08357142857142857,1.6666666666666667,0.48888888888888893,-0.10226650745934093,0.0021228558493682215,0.4978771441506318,0.03266211195013785,0.0018324896965673798,-0.23572248939325507,-0.10869076846802649,-0.7107965700807336,-0.027639533203692866,-0.054394009934104814,0.031149404082786446,mid
2022,oe:team:056c3140a119e44a03d462e2c832f27,11,-0.9012731400727866,0.018181818181818184,0.01810344827586207,0.08062375580623757,0.06904417316889001,0.0,0.0,0.0,0.8205329153605014,2.3636363636363638,1.543103448275862,0.07597402597402597,0.0873917748917749,1.4545454545454546,0.5818181818181819,0.390039208261099,-0.07890628662124943,0.6243608320757948,7.836990595611396e-05,0.011579582637347555,-0.9725083253534584,-0.004494501816150287,0.2626414393929132,-0.006101108917679469,0.00387685131813316,-0.038865094343126697,low
2022,oe:team:0916b3c324c8577b0c6344f3e067f62,6,0.686084531885969,0.11904761904761905,0.04161747343565526,0.11212121212121211,0.07528174305033809,0.12121212121212122,0.16666666666666666,0.04545454545454545,0.9352617079889806,2.6666666666666665,1.731404958677686,0.11333333333333333,0.13103174603174603,2.8333333333333335,0.6333333333333333,-0.9523455500470182,-0.04906235038515547,0.21572901705182213,0.07743014561196379,0.036839469070874015,0.8600170757737335,0.09884241270042911,0.1875630147769955,0.018755292728495958,0.07552608786629866,0.025479655415280647,high
2022,oe:team:1d0389df0c5eea93b04122ba167c010,26,1.243401332072115,0.0576923076923077,0.04791371994342291,0.05531719276739197,0.06786714528026508,-0.034653465346534656,0.0,0.034653465346534656,-0.04303122619954295,1.6153846153846154,1.6584158415841583,0.06979020979020979,0.07487179487179486,1.7692307692307692,0.5769230769230769,1.7200809771380732,0.22837223987136457,0.5023969908978662,0.009778587748884793,-0.012549952512873108,0.929252691348371,-0.021437119817885944,-0.41286072857355993,0.00010301861425017836,-0.020967209274130396,0.23422984747980816,high
2022,oe:team:4bd1751425ef6a9bc9d4d8e9385b4a6,6,-0.718818235249941,0.0,0.0371900826446281,0.09294871794871795,0.07697605424878153,0.0,0.0,0.0,0.4421487603305785,2.0,1.5578512396694215,0.08437499999999999,0.08437499999999999,1.3333333333333333,0.5,-0.6810066402048116,-0.17592255187553277,0.3425892185421994,-0.0371900826446281,0.015972663699936426,-0.5944419336759645,-0.018756557313457805,-0.2671838213112868,-0.007675803324270441,-0.061876988251073586,-0.1083542643565918,low
2022,oe:team:50f58982d91a36557ec8aec52ab014f,16,-0.3475437196220577,0.03308823529411764,0.03709591944886063,0.12561274509803924,0.07825472531354885,0.0,0.0,0.0,1.03490990990991,2.625,1.59009009009009,0.09127906976744186,0.10075096899224806,1.5625,0.65,-0.10501357238653551,-0.04340155211695795,0.668401552116958,-0.004007684154742987,0.04735801978449039,-0.3283644650048338,-0.011086628793539612,0.40702017889489617,0.00459303758928164,0.07948383931039525,0.009363059108764636,mid
2022,oe:team:5737b101780a9835142549164be1ac4,5,-0.1242669074651516,0.05714285714285715,0.03483606557377049,0.1318840579710145,0.07320622475647422,0.0,0.0,0.0,1.4336065573770491,3.2,1.766393442622951,0.08551724137931035,0.09275862068965518,1.8,0.4,0.21067999494192569,0.05153412814639724,0.14846587185360277,0.02230679156908666,0.05867783321454027,-0.16274465061699545,-0.006882850604370145,0.8503544886609529,0.00177156358324603,-0.17525116761636536,0.09618505599692975,mid
2022,oe:team:658a021a796aa5501503220adb38cf4,10,1.0207949090092576,0.029629629629629627,0.039727761949984175,0.10151515151515152,0.07575757575757576,-0.07692307692307693,0.0,0.07692307692307693,0.7299145299145298,2.7,1.9700854700854702,0.0896551724137931,0.09206896551724138,2.5,0.6,-1.2219342495971468,0.007823827143655704,0.3921761728563443,-0.010098132320354548,0.025757575757575757,1.2439640438737252,-0.10288263081808109,-0.055902802938922885,-0.007433804098905233,0.046236246361286676,0.08929456883247047,high
2022,oe:team:692bccdba8ec7050f5aeb916815439e,5,0.4195417144056381,0.075,0.049692622950819665,0.10093457943925233,0.0681400337061437,0.09344262295081966,0.2,0.10655737704918034,0.6967213114754098,2.0,1.3032786885245902,0.10434782608695652,0.10797101449275362,1.8,0.4800000000000001,-1.4301222585543343,-0.4141270414688659,0.4141270414688659,0.025307377049180332,0.032794545733108624,0.6807334661690501,0.06471083578319303,-0.1185328772416471,0.005319796683135496,-0.0706411950360061,-0.32730563140411817,high
2022,oe:team:6a0084dacefb228be863fbb64cefe11,12,0.1326379872566708,0.0,0.029813664596273288,0.09144542772861357,0.07021931512120046,-0.05217391304347826,0.0,0.05217391304347826,0.1601449275362318,1.9166666666666667,1.756521739130435,0.07708333333333334,0.08472222222222221,1.6666666666666667,0.45,-0.8277951951856115,-0.09354505141718794,0.5935450514171879,-0.029813664596273288,0.02122611260741311,0.283823157502485,-0.07288510798566533,-0.5699429010434394,-0.01633465138310735,-0.10967534432628587,-0.022204131252309255,mid
2022,oe:team:73f3126d91d35faa5d5ce34abadb865,19,-0.5059541796232879,0.0,0.03652263374485596,0.0748987854251012,0.057336182336182324,0.0,0.0,0.0,0.5494639376218323,1.5263157894736843,0.976851851851852,0.08557504873294346,0.0964749837556855,2.0526315789473686,0.6526315789473685,-0.2436736645559045,-0.09620491179880442,0.7277838591672254,-0.03652263374485596,0.017562603088918875,-0.4614506059439971,-0.012933027743326737,-0.09803171194569128,-0.0024024567339576393,0.08419514545158426,-0.039876578657055614,low
2022,oe:team:78f183fa5a7d8ecb22b9ad272c3abd7,11,-0.8784662769699308,0.0,0.015804597701149423,0.07284382284382285,0.06694849690539345,0.0,0.0,0.0,-0.02625391849529776,0.9090909090909091,0.9353448275862069,0.09602272727272726,0.1008996212121212,1.5454545454545454,0.6181818181818182,-0.7918208261469498,0.010563135774184662,0.5348914096803608,-0.015804597701149423,0.0058953259384293966,-0.7338513201527852,-0.02023215994247638,-0.7512551317531759,0.002939806062778322,0.05796690351196974,0.08097947378025663,low
2022,oe:team:7d6673d3a9d00363c6bebc1a630da6e,6,-0.437837681822759,0.0,0.021579430670339763,0.08333333333333333,0.059504132231404966,0.0,0.0,0.0,0.6611570247933884,2.0,1.3388429752066113,0.050666666666666665,0.061,1.0,0.3333333333333333,0.32433603197863153,-0.23959279678291776,0.4062594634495844,-0.021579430670339763,0.023829201101928363,-0.49707310442091335,-0.0053694058623515875,0.09397541276226873,-0.03202042438219027,-0.24362253206066223,-0.19786295822159222,mid
2022,oe:team:89008bdacc273b554227d6b76869381,5,1.6802172024882838,0.013636363636363636,0.042008196721311473,0.09146341463414635,0.0660485805677729,-0.08196721311475409,0.0,0.08196721311475409,0.569672131147541,2.0,1.430327868852459,0.09297297297297298,0.10135135135135136,2.2,0.64,-1.028224493214057,-0.05934332693177935,0.45934332693177937,-0.02837183308494784,0.02541483406637346,1.8680079700133685,-0.10534732626979121,-0.18875550617740722,-0.002311800382037517,0.08333084335920168,0.017148853922622432,high
2022,oe:team:8e27b674a472ab529e758f13f0bace0,9,-0.4334898202610231,0.0196078431372549,0.03090727816550349,0.12197530864197531,0.05342749529190207,0.0,0.0,0.0,2.2349340866290017,3.2222222222222223,0.9872881355932203,0.07328605200945626,0.08112687155240346,1.7777777777777777,0.5333333333333334,1.706286468997321,-0.057696216812598566,0.3910295501459319,-0.011299435028248588,0.06854781335007323,-0.7451190877462582,0.013032657742599906,1.8631541023329825,0.0034703794621346595,-0.06435005257081287,-0.051484074671450705,mid
2022,oe:team:9cae7677cd0dbcc1cd86653870b73c2,6,0.1543588092593907,0.09195402298850575,0.03818751781134226,0.09347826086956523,0.05571325907294287,-0.028925619834710745,0.0,0.028925619834710745,1.3305785123966942,2.5,1.1694214876033058,0.05646258503401361,0.0776077097505669,1.5,0.5333333333333333,0.5033178650798965,-0.12588286699677956,0.2925495336634462,0.053766505177163484,0.037765001796622365,0.06243486773083198,-0.03191170210698791,0.788704133234539,-0.024557478011300555,-0.04630703471515262,-0.08875306490747958,high
2022,oe:team:a65adb2808377018a2a7832eb2bd7f4,5,-1.246350894846429,0.0,0.02868852459016393,0.07192982456140351,0.07653868277250504,0.0,0.0,0.0,0.1598360655737705,2.0,1.8401639344262297,0.08,0.08695652173913043,1.6,0.44000000000000006,-1.2950774835393042,-0.2651051004069436,0.2651051004069436,-0.02868852459016393,-0.0046088582111015325,-1.009823175225505,-0.02693352981137577,-0.6363233943106196,-0.017770229001504108,-0.11266669701417503,-0.18175449449958847,low
2022,oe:team:b42d0f31f2727621b963042276817c4,14,-0.312441401780876,0.0634920634920635,0.06686332350049164,0.10646258503401361,0.07153392330383482,0.0,0.0,0.0,0.8482932996207333,2.357142857142857,1.508849557522124,0.12954545454545455,0.14155844155844155,2.642857142857143,0.8571428571428571,-0.483675854514241,0.08865580132136575,0.6256299129643486,-0.003371260008428134,0.03492866173017879,-0.22410479771043457,-0.016128898916875363,0.16686241090019113,0.03933258046800975,0.2923061549989254,0.1511524634384342,mid
2022,oe:team:cd62e47544f14f1d239afa659b9d243,10,-0.8465366686259328,0.0,0.037037037037037035,0.14863013698630137,0.0737618545837724,0.0,0.0,0.0,1.8905982905982905,3.6,1.7094017094017093,0.134,0.13899999999999998,3.3,0.72,-0.44335893980456437,0.03103769895887698,0.36896230104112304,-0.037037037037037035,0.07486828240252898,-0.7655633829821001,-0.015592038542603607,1.2148680337879083,0.044162635686160384,0.15455859478266895,0.09249817055934072,low
2022,oe:team:ce499dea30cfce118f4fe85da0227e8,18,3.207844237692786,0.16997354497354497,0.03473132372214941,0.040992448759439054,0.0660238710252071,0.1855249745158002,0.2222222222222222,0.03669724770642202,-0.719164118246687,0.6111111111111112,1.3302752293577982,0.05531914893617021,0.056126871552403465,1.1666666666666667,0.47777777777777775,1.915520534656767,0.12028889841798707,0.6019333238042351,0.13524222125139557,-0.025031422265768044,2.858001305738462,0.20134379483083947,-1.06135933892724,-0.012547727799276678,-0.12304385626552361,0.12112348733741167,high
2022,oe:team:e435aa3ecb82a89e60544f5f5857a81,14,-0.3539084256042502,0.11038961038961038,0.027353177795655676,0.0730277185501066,0.05197464007396645,0.0,0.0,0.0,0.6125158027812895,2.2142857142857144,1.6017699115044248,0.06326530612244897,0.06607142857142857,1.7142857142857142,0.4857142857142857,0.5162090012359895,0.2053252720951576,0.2946747279048424,0.08303643259395471,0.021053078476140158,-0.44818675216156456,-0.002814423795149526,0.07246417277191108,-0.017634689513802888,-0.09411943318233268,0.24212375733818123,mid
2022,oe:team:ef69efa6acebe94107f0cf1ba716806,12,0.345502042883324,0.08823529411764706,0.03452685421994885,0.06241283124128313,0.07454975441149718,0.0,0.0,0.0,-0.1760869565217391,1.25,1.4260869565217391,0.09313725490196079,0.10130718954248367,2.0833333333333335,0.7666666666666666,1.6078918834428835,0.0654266108298982,0.5179067225034352,0.05370843989769821,-0.012136923170214052,0.051843165000288016,0.011722434616463938,-0.5617794963354044,0.022405140017033733,0.17045907593978235,0.07416760561691302,high
2022,oe:team:f7f7324c151aa6ed770b244ce08e027,16,-0.7563824803605269,0.09375,0.032657657657657664,0.0777439024390244,0.08050428477257747,0.10698198198198199,0.125,0.018018018018018018,-0.24268018018018012,1.4375,1.6801801801801801,0.07022058823529412,0.07720588235294118,1.5,0.5,0.43620763609975677,0.03723994179727386,0.5252600582027261,0.061092342342342336,-0.002760382333553066,-0.8360496807862057,0.10310225933798525,-0.794043646381292,-0.01142453618689601,-0.07863379891954696,0.0760945530228171,low
2022,oe:team:fc8e90107dabb9a35c490b0d86adea0,6,-0.3995221518099615,0.0,0.027548209366391185,0.08874458874458874,0.06297627991842869,0.0,0.0,0.0,0.7630853994490358,1.8333333333333333,1.0702479338842976,0.07291666666666667,0.07604166666666667,1.1666666666666667,0.4666666666666666,0.5293575176755816,-0.12407643844117552,0.2907431051078422,-0.027548209366391185,0.025768308826160047,-0.4962018702912214,-0.0026393380400090522,0.22489291101650052,-0.007860864333202565,-0.11336426345900832,-0.0876158850101528,mid
2022,oe:team:fcec508e780bbd1ad493852640f5b36,6,-0.6275907828385183,0.07142857142857144,0.04309327036599764,0.0805084745762712,0.06823434654713545,0.0,0.0,0.0,0.04683195592286508,1.6666666666666667,1.6198347107438016,0.11224489795918367,0.11615646258503402,2.6666666666666665,0.8333333333333334,-0.3558783917574538,-0.22497649664496144,0.7249764966449614,0.0283353010625738,0.012274128029135745,-0.5625945910780755,-0.014427146831413263,-0.6165289415923743,0.02322232317360468,0.26657982979082834,-0.16576437452576498,low
2023,oe:team:0916b3c324c8577b0c6344f3e067f62,7,-1.2057722211166595,0.0,0.01941747572815535,0.13986537023186238,0.11942764194581405,0.0,0.0,0.0,0.3599167822468793,2.7142857142857144,2.354368932038835,0.14871794871794872,0.16202686202686203,3.4285714285714284,0.7714285714285715,-0.4159103133071357,0.03449819985051927,0.3940732287209093,-0.01941747572815535,0.020437728286048326,-1.1298120417268407,-0.08268830743773428,-0.22131998079550047,0.01749238248181554,0.15333925013585198,0.07410915986895496,low
2023,oe:team:2cb996a4b0ffaca3bcf66fe91450243,4,-0.2942091885696563,1.0,0.03773584905660377,0.10174418604651163,0.11315269855199649,0.9622641509433962,1.0,0.03773584905660377,-0.679245283018868,1.25,1.929245283018868,0.16111111111111112,0.19907407407407407,3.25,0.65,-1.2032787410239068,-0.7559775890654352,0.7559775890654352,0.9622641509433962,-0.011408512505484858,-0.07444722042477242,0.8690912389212656,-1.3718124297579266,0.02255203400761145,0.04372021600859825,-0.6961303658371499,mid
2023,oe:team:407a64574852482edb8c1560eab637c,10,-1.1898728658978166,0.0,0.04611111111111111,0.15167464114832535,0.11244019138755981,0.0,0.0,0.0,0.9750000000000002,3.4,2.425,0.16,0.171046511627907,3.1,0.7,0.4367266385118396,0.08082678253302122,0.4191732174669788,-0.04611111111111111,0.03923444976076554,-1.2696348548273249,-0.07133458663921294,0.5143222988382666,0.03671585245932402,0.06912219553659114,0.09852400411329433,low
2023,oe:team:4880b157399745e82e26e229d8bbf48,9,-0.5423070090042471,0.060606060606060615,0.018901890189018902,0.11750599520383694,0.10812735949853979,0.0814081408140814,0.1111111111111111,0.029702970297029705,-0.5440044004400438,1.7777777777777777,2.3217821782178216,0.15325670498084293,0.17835249042145593,3.3333333333333335,0.7333333333333334,-0.19296450343530766,0.4112424932454518,0.2554241734212148,0.04170417041704171,0.00937863570529715,-0.5070647516525062,0.0016885816496712848,-1.0937176203952657,0.024107645068782223,0.11190010496335306,0.44512349263645645,low
2023,oe:team:50f58982d91a36557ec8aec52ab014f,9,0.8985177663538579,0.11555555555555556,0.020594059405940595,0.14074074074074072,0.11178217821782176,0.1925192519251925,0.2222222222222222,0.029702970297029705,0.639163916391639,2.7777777777777777,2.1386138613861387,0.14343434343434344,0.17154882154882156,2.888888888888889,0.7333333333333333,0.1671064198348607,0.013943720801207204,0.6527229458654594,0.09496149614961497,0.028958562522918965,0.8679981249270468,0.11759440019371013,0.14036311892448933,0.01763896641820694,0.10649949344555334,0.03857048834723144,high
2023,oe:team:606c6ac695907af3823ee6405c58ff1,19,-0.558725247121242,0.043859649122807015,0.02701465201465202,0.08544087491455912,0.09693877551020408,0.0,0.0,0.0,-0.28253325621746667,1.0526315789473684,1.335164835164835,0.08947368421052633,0.09805372807017544,1.1578947368421053,0.4842105263157894,-0.7796024046612092,-0.062299850360613473,0.6412472187816661,0.016844997108154996,-0.011497900595644955,-0.41634181344315335,-0.08753123437522543,-0.9151944587631046,-0.04513929230322565,-0.1284238704868854,-0.013341590363026064,low
2023,oe:team:658a021a796aa5501503220adb38cf4,6,1.1293681447261508,0.0,0.03418803418803419,0.2193877551020408,0.1027276295133438,-0.09615384615384616,0.0,0.09615384615384616,1.5929487179487183,3.3333333333333335,1.7403846153846152,0.16969696969696968,0.1765151515151515,3.1666666666666665,0.7333333333333334,-0.9730861949034612,0.1436320523880333,0.1897012809453,-0.03418803418803419,0.11666012558869701,1.3070886762005383,-0.18626151230201288,0.9329297704789898,0.033281894663068225,0.12360095032449607,0.1975630656334687,high
2023,oe:team:6a0084dacefb228be863fbb64cefe11,5,0.1290165051128811,0.07999999999999999,0.022857142857142857,0.14523809523809525,0.10935374149659864,-0.03333333333333333,0.0,0.03333333333333333,-0.023809523809523635,2.4,2.4238095238095236,0.10888888888888888,0.1303703703703704,2.6,0.52,0.9781179531081396,-0.19134906585115996,0.39134906585115997,0.057142857142857134,0.03588435374149661,-0.049623006352251336,-0.09745874868861644,-0.40793690791214243,-0.009352766535862462,-0.11899799407130898,-0.18756621619137004,mid
2023,oe:team:7338408a0fe0217451d2c9a567db999,16,-1.987111963299805,,,0.16510416666666666,0.0809840425531915,0.0,0.0,0.0,1.881648936170213,3.3125,1.430851063829787,0.15677083333333333,0.15677083333333333,3.0,0.75,-0.7782386495527939,-0.24262991257867672,0.7426299125786767,,0.08412012411347516,-1.8449776003452947,-0.08751307460076871,1.2491805625140042,0.022170558767685866,0.1373451485838866,-0.19370670263689063,low
2023,oe:team:78f183fa5a7d8ecb22b9ad272c3abd7,9,-0.7899878583120571,0.0,0.0171017101710171,0.15036593479707253,0.08827888776901642,-0.039603960396039604,0.0,0.039603960396039604,1.44994499449945,3.2222222222222223,1.7722772277227723,0.11174603174603176,0.1261904761904762,2.111111111111111,0.7333333333333333,-0.0278542681881983,0.08807788270161104,0.3563665617428334,-0.0171017101710171,0.062087047028056105,-0.7849006672983897,-0.11712491028369408,0.9235776253495667,-0.01586519954365285,0.10942365885078228,0.11771536144651912,low
2023,oe:team:7d6673d3a9d00363c6bebc1a630da6e,9,-0.522099946706407,0.0,0.011881188118811881,0.13296903460837886,0.08330628144781692,0.0,0.0,0.0,1.180968096809681,2.888888888888889,1.7079207920792079,0.1188034188034188,0.1354700854700855,2.4444444444444446,0.5555555555555556,0.16104127808998672,-0.022306168536348314,0.35563950186968163,-0.011881188118811881,0.04966275316056194,-0.5515118751474498,-0.07500561520980437,0.6813097153527977,-0.007048448645064771,-0.07118731482525342,0.002476480043806569,low
2023,oe:team:8eb884e168f28402ce685bedebb5250,5,1.944791255428283,0.075,0.026785714285714284,0.12428571428571429,0.09874149659863947,0.0,0.0,0.0,0.9,2.2,1.3,0.12387096774193548,0.13881720430107528,2.8,0.72,1.669601170673367,-0.32441947182879166,0.5244194718287917,0.04821428571428571,0.02554421768707482,1.6398620426243047,-0.05491761903312041,0.6136452585655514,0.012069753046209998,0.07063062632594008,-0.3384085265320214,high
2023,oe:team:9cae7677cd0dbcc1cd86653870b73c2,17,1.6103064330017616,0.23875432525951557,0.018026565464895637,0.10876803551609325,0.08899709204030569,0.7163187855787476,0.7647058823529411,0.04838709677419355,0.5154965211891209,2.1176470588235294,1.6021505376344085,0.15261437908496733,0.16511437908496732,3.3529411764705883,0.7999999999999999,1.4309175714705498,0.070530908369348,0.45888085633653436,0.22072775979461992,0.01977094347578756,1.3489694285003098,0.6582228537376335,0.1953929834530347,0.038590077068237846,0.15421058047291072,0.06267629336082227,high
2023,oe:team:a9145b7711873f53e610fbba0493484,11,0.7475771343412048,0.03896103896103897,0.026695526695526692,0.16996047430830039,0.11778107158541941,-0.050505050505050504,0.0,0.050505050505050504,1.02020202020202,3.3636363636363638,2.3434343434343434,0.1337995337995338,0.15003885003885004,3.0,0.6727272727272727,-1.2550578888988253,-0.06618541618581592,0.5207308707312704,0.012265512265512275,0.05217940272288098,0.9767958368718174,-0.1443674540943751,0.32031353290944437,-0.0052418117443513,0.06722411090756827,-0.005007410025051277,high
2023,oe:team:b42d0f31f2727621b963042276817c4,13,-0.0825963417283876,0.05128205128205128,0.04381443298969072,0.13022941970310392,0.09517996020980288,-0.03608247422680412,0.0,0.03608247422680412,0.6530531324345759,2.3076923076923075,1.6546391752577319,0.08910256410256409,0.10705128205128205,1.7692307692307692,0.38461538461538464,-0.4015372435367981,0.051779039778471425,0.563605575606144,0.007467618292360562,0.035049459493301044,-0.009261201735778851,-0.11857938974697965,0.07384865734800225,-0.04198913206760284,-0.23368951466803414,0.09102059557295375,mid
2023,oe:team:ce499dea30cfce118f4fe85da0227e8,15,1.1870807393192244,0.05666666666666667,0.017105263157894738,0.09357798165137614,0.11518590053114439,0.10701754385964914,0.13333333333333333,0.026315789473684213,-0.31578947368421045,1.8,2.1157894736842104,0.08166666666666668,0.09798611111111111,1.4,0.4266666666666667,1.9415050433333292,0.33852086119776814,0.5281458054688986,0.039561403508771936,-0.021607918879768248,0.8324921016748119,0.055720599074380636,-0.563698220326072,-0.027602048712553135,-0.22678092352397625,0.31754356802670936,high
2023,oe:team:d356a144644879dabb5f34cd99c886d,18,0.4368170096092721,0.03174603174603175,0.03260869565217391,0.12328042328042328,0.10217391304347827,0.0,0.0,0.0,0.2578502415458938,2.111111111111111,1.8532608695652175,0.1101010101010101,0.13093434343434343,1.6111111111111112,0.5,-1.821693637584338,-0.04424998310485184,0.5442499831048518,-0.0008626639061421609,0.021106510236945014,0.7695237761327847,-0.10140772996922365,-0.5221580131855985,-0.0342179529781292,-0.09700433741323641,0.03149120561552,mid
2023,oe:team:d723992568441c6bafa2658129eade7,12,-1.0348541525140966,0.0,0.0,0.1520618556701031,0.09565011571638965,0.0,0.0,0.0,1.0867346938775508,3.25,2.163265306122449,0.1625,0.18489583333333334,3.1666666666666665,0.7999999999999999,0.09912188697998346,-0.05055697072692089,0.5505569707269209,0.0,0.05641173995371346,-1.0529573735104387,-0.0758301343409277,0.5783211867033063,0.0360714183836361,0.17418584270095486,-0.024182923441678005,low
2023,oe:team:e435aa3ecb82a89e60544f5f5857a81,4,-0.4186873337704026,0.0,0.02425876010781671,0.13271604938271606,0.1310272536687631,-0.0330188679245283,0.0,0.0330188679245283,0.2547169811320753,2.75,2.4952830188679247,0.07058823529411765,0.08161764705882353,1.5,0.3,-0.6869490211397701,-0.06539734186470168,0.06539734186470168,-0.02425876010781671,0.0016887957139529453,-0.2932257397490404,-0.11931632906802066,-0.3648434462552934,-0.06316177215580851,-0.3140240811617019,-0.01882037909751,mid
2023,oe:team:e758ebe9a5a2cc81b9c8078479c2d87,8,-0.4109611040682873,0.020833333333333332,0.024509803921568627,0.13959854014598538,0.108308286818377,0.0,0.0,0.0,0.6568627450980391,3.0,2.343137254901961,0.09913793103448276,0.12579022988505748,2.25,0.45,-0.1294384082142934,0.210813435903214,0.289186564096786,-0.003676470588235295,0.03129025332760839,-0.3873209961091717,-0.07887364514787473,0.11613183165492363,-0.029419449946514367,-0.17238603999502236,0.24306174246792098,mid
2023,oe:team:ef69efa6acebe94107f0cf1ba716806,8,0.2745003373162532,0.0,0.033023735810113516,0.06666666666666667,0.09598039215686276,-0.07352941176470588,0.0,0.07352941176470588,-0.24754901960784315,1.875,2.122549019607843,0.128125,0.1322265625,3.25,0.75,1.2332894111571637,-0.18834466344515388,0.6883446634451539,-0.033023735810113516,-0.02931372549019609,0.0492573416180862,-0.1342569618453729,-0.5955962977105071,0.012259999003812305,0.10717475461154069,-0.19112001018612007,mid
2023,oe:team:fc8e90107dabb9a35c490b0d86adea0,6,0.6792099069001793,0.07142857142857144,0.05425824175824176,0.1164874551971326,0.08896815550041355,0.0,0.0,0.0,0.16185897435897414,2.1666666666666665,2.0048076923076925,0.12833333333333333,0.15083333333333335,2.8333333333333335,0.5666666666666667,0.5481839012867848,-0.066423976110707,0.3997573094440403,0.01717032967032968,0.027519299696719055,0.579091813772719,-0.06985042079369745,-0.2830591669909711,0.006087293264374513,-0.06588285672260816,-0.0515913328228397,high
2024,oe:team:2cb996a4b0ffaca3bcf66fe91450243,8,1.008430531723564,0.2375,0.08724489795918366,0.09821428571428571,0.06908001295756398,0.24744897959183676,0.375,0.12755102040816327,0.375,1.625,1.25,0.10535714285714286,0.1279017857142857,2.5,0.6,-0.7945196625223748,0.2735555490094947,0.10144445099050531,0.15025510204081632,0.02913427275672173,1.1535383931133107,0.10762070725559064,-0.34086335649012617,0.006170043226931676,0.00560602509522358,0.338173071759295,high
2024,oe:team:2e66da41dc460dd378e3bcc57042d31,14,-1.8946961780493476,0.0,0.0,0.14171732522796351,0.07004509713228492,0.0,0.0,0.0,1.3920807453416149,2.5714285714285716,1.1793478260869565,0.09511278195488722,0.10084586466165413,1.9285714285714286,0.6142857142857142,0.29658004883974726,0.1886356028272438,0.3113643971727562,0.0,0.0716722280956786,-1.9488623600181803,-0.12529917943249066,0.8304940212909295,0.006088131451392696,0.0035266143807478664,0.22521062327435173,low
2024,oe:team:3a1d18f46bcb3716ebcfcf4ef068934,12,0.2832957185204817,0.30357142857142855,0.13107902735562307,0.11568213783403657,0.08488194631474998,0.2695035460992908,0.5833333333333334,0.31382978723404253,0.8457446808510638,2.5,1.6542553191489364,0.12058823529411765,0.12279411764705883,2.75,0.7666666666666666,0.3244159484053683,-0.13661316978756566,0.6366131697875657,0.17249240121580547,0.03080019151928659,0.224045700309002,0.14457502973877878,0.2880938288395575,0.0318228469921307,0.15549006323645834,-0.10075356358677985,high
2024,oe:team:4880b157399745e82e26e229d8bbf48,13,1.4785391182492909,0.2909698996655518,0.17110799438990182,0.07015384615384615,0.06881720430107525,0.1927212572373863,0.46153846153846156,0.26881720430107525,-0.013234077750206873,1.3846153846153846,1.3978494623655915,0.10659340659340659,0.11982600732600733,2.6923076923076925,0.5538461538461539,-0.7221968752954191,-0.02316955457637726,0.4847080161148388,0.11986190527565,0.001336641852770895,1.6104382379561297,0.053856035742173944,-0.7188713147154001,0.008079917851588687,-0.04163257201310101,0.03958919036766492,high
2024,oe:team:4bd1751425ef6a9bc9d4d8e9385b4a6,7,-0.7544766677479129,0.14285714285714285,0.18181818181818182,0.10599078341013825,0.08110133594004562,-0.03896103896103897,0.14285714285714285,0.18181818181818182,0.3037518037518037,1.5714285714285714,1.2676767676767677,0.1125,0.12343749999999999,1.7142857142857142,0.5142857142857143,0.4747116152687821,-0.24947548428077088,0.6780469128521994,-0.038961038961038974,0.024889447470092627,-0.8411760793771189,-0.16188821696159086,-0.2326479113448363,0.025134458158020484,-0.09914513534178794,-0.21747864748612888,low
2024,oe:team:50f58982d91a36557ec8aec52ab014f,14,-0.6630666648123549,0.11160714285714286,0.06317934782608696,0.08788819875776398,0.06883270321361058,0.0,0.0,0.0,0.30667701863354047,1.7142857142857142,1.4076086956521738,0.07738095238095237,0.08752480158730158,1.7857142857142858,0.5714285714285714,0.7106790133966036,-0.11902755627002604,0.6904561276985974,0.048427795031055904,0.019055495544153395,-0.792862208752908,-0.11978503414884417,-0.19635795887810814,-0.007786800703440527,-0.045541492741945064,-0.0930953497162802,low
2024,oe:team:606c6ac695907af3823ee6405c58ff1,16,-0.5818133288696368,0.17105263157894735,0.11549707602339179,0.0943579766536965,0.07453523562472979,0.0,0.0,0.0,0.5861111111111112,2.375,1.7888888888888888,0.08680555555555555,0.10472608024691357,1.9375,0.6375,-0.32725395839270216,0.03594963384591132,0.4640503661540887,0.05555555555555555,0.01982274102896671,-0.5220449879793232,-0.13360615830272352,-0.06368295900959998,-0.008029454254240263,0.03609762652563951,0.08855789708663576,low
2024,oe:team:61450737f7b683db4da7b3e0bf0dced,12,0.5451351131184997,0.2857142857142857,0.18844984802431608,0.09119496855345911,0.06734243275792853,0.1081560283687943,0.4166666666666667,0.30851063829787234,0.23404255319148937,1.5,1.2659574468085106,0.09347826086956522,0.10507246376811595,2.25,0.5,-1.5035733589820097,-0.023771119040085886,0.44043778570675257,0.09726443768996962,0.02385253579553058,0.819741677129536,-0.041114008933874936,-0.5820778333110154,-0.012312930067191957,-0.08375906019114072,0.059069889344111,high
2024,oe:team:6a0084dacefb228be863fbb64cefe11,10,-0.8970762723273833,0.14285714285714285,0.08556547619047618,0.09833333333333334,0.06553819444444445,0.0,0.0,0.0,0.8947916666666668,2.4,1.5052083333333333,0.0656,0.08433333333333334,1.8,0.48,0.25755743470404774,-0.009328318432471838,0.5093283184324718,0.05729166666666667,0.032795138888888895,-0.9441155216976042,-0.12581880488946856,0.32768731903387655,-0.02378810521511796,-0.13017380971423975,0.02824962753588964,low
2024,oe:team:78f183fa5a7d8ecb22b9ad272c3abd7,6,-0.7102460211661913,0.03333333333333333,0.11,0.0883668903803132,0.06785234899328858,0.0,0.0,0.0,0.3283333333333334,1.3333333333333333,1.005,0.11290322580645161,0.14112903225806453,1.8333333333333333,0.5666666666666668,-0.4690142134922987,-0.05884506821539781,0.3921784015487311,-0.07666666666666666,0.020514541387024618,-0.6245871599805564,-0.13549383904807982,-0.34150500455023797,0.016747867942634637,-0.03260948106443184,-0.002593405348897699,low
2024,oe:team:7d6673d3a9d00363c6bebc1a630da6e,8,-0.0271709922171682,0.005681818181818181,0.013914656771799629,0.08314220183486239,0.06946264744429882,0.0,0.0,0.0,-0.05102040816326525,1.5,1.5510204081632653,0.06956521739130435,0.09017210144927536,1.375,0.42500000000000004,0.482342258099517,-0.049608821522359015,0.424608821522359,-0.008232838589981448,0.013679554390563564,-0.11526403362600948,-0.12282556829664618,-0.5863411843994006,-0.017729253018097593,-0.18854529968413444,-0.01780810091849558,mid
2024,oe:team:8eb884e168f28402ce685bedebb5250,10,-0.4271698830431727,0.2,0.12326388888888888,0.1174496644295302,0.06707913870246085,0.12291666666666665,0.3,0.17708333333333334,1.1927083333333333,2.5,1.3072916666666667,0.1032258064516129,0.10274193548387096,2.1,0.5599999999999999,-1.0605012394548134,-0.08455821088987414,0.5845582108898741,0.07673611111111113,0.05037052572706935,-0.23348422097923335,-0.02045341857787399,0.43923636825065127,0.0015613674764528157,-0.030404585384351267,-0.013104659401426126,mid
2024,oe:team:9cae7677cd0dbcc1cd86653870b73c2,12,0.3494749061661344,0.030303030303030304,0.1455512572533849,0.10694444444444445,0.07358156028368795,-0.14361702127659576,0.0,0.14361702127659576,0.847517730496454,2.6666666666666665,1.8191489361702127,0.08333333333333333,0.0959045584045584,2.25,0.7999999999999999,0.7235359162916002,0.09111495470943215,0.4922183786239012,-0.11524822695035461,0.0333628841607565,0.2173312294213336,-0.26323085279870406,0.34630066170715734,-0.0017146711889098939,0.1828370984372627,0.11671672425060806,high
2024,oe:team:a9145b7711873f53e610fbba0493484,8,0.0682133586721096,0.02631578947368421,0.11170784103114931,0.12150837988826815,0.08197468931706761,0.0,0.0,0.0,1.336734693877551,3.0,1.663265306122449,0.1118421052631579,0.12308114035087718,3.0,0.8,-0.20425103930600666,0.15882342663420945,0.46617657336579055,-0.0853920515574651,0.03953369057120054,0.10551694333889326,-0.13196825040096752,0.7043326878728007,0.018152738600949098,0.19675273725907655,0.20827037509700178,mid
2024,oe:team:ce499dea30cfce118f4fe85da0227e8,17,0.5069813727627882,0.058823529411764705,0.05580524344569289,0.08238684522800474,0.07283942622154584,0.1649041639127561,0.29411764705882354,0.12921348314606743,-0.2534699272967614,1.2352941176470589,1.4887640449438202,0.05976470588235294,0.06261437908496732,0.8823529411764706,0.7176470588235295,3.035007445153173,0.25072301491051796,0.5139828674424232,0.0030182859660718153,0.009547419006458904,-0.047320125918792755,0.07606990664723882,-0.42785523200537245,-0.0037543663385658926,0.06581498806361949,0.21691733983804956,high
2024,oe:team:d356a144644879dabb5f34cd99c886d,20,0.2771505082390992,0.16739130434782606,0.13498483316481294,0.07860824742268041,0.0822644449772237,0.03372093023255815,0.15,0.11627906976744187,0.1965116279069766,1.65,1.4534883720930234,0.08142857142857143,0.10918650793650793,1.65,0.53,-0.5273823878914832,0.0797765572028607,0.5702234427971393,0.032406471183013125,-0.003656197554543286,0.37346949699590165,-0.10255013991515205,-0.48157970949091283,-0.015270424745084827,-0.06840069843885829,0.13752834847004541,mid
2024,oe:team:d8ca3fc1f0827ec76369af7b70d43e3,4,0.1972627745811328,0.6666666666666666,0.19417211328976033,0.1170886075949367,0.06108835939439067,0.7450980392156863,1.0,0.2549019607843137,0.9656862745098038,2.25,1.2843137254901962,0.07647058823529412,0.08602941176470588,1.5,0.55,-0.5323501476105951,-0.44674185526401095,0.44674185526401095,0.47249455337690627,0.05600024820054603,0.29448905490382293,0.6087608183379091,0.28689251804585475,-0.020274677408414696,-0.04832618828371152,-0.3888623869276164,mid
2024,oe:team:ef69efa6acebe94107f0cf1ba716806,9,0.0283253573911388,0.2880658436213992,0.06204658266513937,0.09866666666666668,0.06888659793814433,0.4369988545246277,0.5555555555555556,0.11855670103092783,1.0836197021764031,2.4444444444444446,1.3608247422680413,0.09454545454545454,0.09787878787878788,2.111111111111111,0.6888888888888889,0.950073778784069,-0.27714089099191325,0.6104742243252466,0.22601926095625982,0.029780068728522346,-0.14519227937087048,0.3204016030786541,0.6144340766928118,0.011607412548983436,0.06832820397201905,-0.2573614019118525,mid
2024,oe:team:fcec508e780bbd1ad493852640f5b36,8,-1.36255190466706,0.125,0.0701530612244898,0.09679203539823009,0.06253386310276324,0.0,0.0,0.0,0.5331632653061225,1.625,1.0918367346938775,0.10543478260869564,0.1233695652173913,1.625,0.65,-1.2818748483957727,-0.02019068464522944,0.5201906846452294,0.054846938775510196,0.03425817229546685,-1.1284354609915352,-0.14631789807708878,-0.2516099406647463,0.0017084807117209583,0.06291574065398978,0.056952420120372604,low
2024,oe:team:fe099196385a285d6d6edde504dc1f6,4,2.5754591534759874,0.3666666666666667,0.11546840958605666,0.0787292817679558,0.06036724081897953,0.446078431372549,0.75,0.303921568627451,0.965686274509804,1.75,0.7843137254901961,0.0738095238095238,0.0806547619047619,1.0,0.6,0.1680142724005437,-0.4640572988261329,0.4640572988261329,0.25119825708061005,0.018362040948976262,2.544773705524206,0.31906726898315996,0.38592092312611276,-0.016412582021741964,-0.008830774766334055,-0.4241779918465476,high
2025,oe:team:0916b3c324c8577b0c6344f3e067f62,12,-1.5552086413139328,0.4166666666666667,0.13709677419354838,0.0787037037037037,0.08966364181085044,0.0,0.0,0.0,-0.23683737990603573,2.1666666666666665,2.4035040465727024,0.09195402298850575,0.0975095785440613,2.5833333333333335,0.65,-0.9506974197976542,0.0303079502488523,0.3863587164178144,0.2795698924731183,-0.010959938107146738,-1.3815771052766443,-0.011160626033936876,-0.778305624325733,-0.005142799670762246,-0.07474364185180712,0.09561287904587343,low
2025,oe:team:2e66da41dc460dd378e3bcc57042d31,8,-1.3215274491223783,0.0,0.006578947368421052,0.10576923076923077,0.09068355963386239,0.0,0.0,0.0,0.6429338619913111,2.25,1.607066138008689,0.10294117647058823,0.10294117647058823,2.5,0.8,-0.1875281556994203,-0.22114241657346545,0.5961424165734655,-0.006578947368421052,0.015085671135368378,-1.287278064358864,-0.0009982577151591765,0.20937434747071423,0.012952474857186855,0.06380977790148114,-0.1754518049859152,low
2025,oe:team:3a1d18f46bcb3716ebcfcf4ef068934,9,-0.5466659765647237,0.0,0.025571205007824723,0.13731656184486374,0.09619485560584132,0.0,0.0,0.0,1.3616621685330448,3.7777777777777777,2.416115609244733,0.09974160206718347,0.10245478036175709,2.4444444444444446,0.8,-0.18205096209762361,-0.04601775141675302,0.6015733069723086,-0.025571205007824723,0.04112170623902242,-0.5134169243133728,-0.0009253233592394837,0.9288771047572375,0.00980391476599921,0.06372762687805932,-0.0004679099280225363,low
2025,oe:team:4880b157399745e82e26e229d8bbf48,5,-0.286189944829241,0.0,0.012658227848101267,0.0983050847457627,0.090134817603819,0.0,0.0,0.0,0.12086416303744549,2.4,2.2791358369625545,0.1,0.10416666666666667,2.6,0.6,-1.3951548334694155,-0.18236830205214688,0.3823683020521469,-0.012658227848101267,0.008170267141943702,-0.031384502318730245,-0.017079024680508148,-0.48344837721514244,-0.0012364771824944845,-0.1180773389866738,-0.10564031272587361,mid
2025,oe:team:4acc40654379b4da680be1bd3129dfa,10,1.1138687257489792,0.0,0.004054054054054054,0.09870967741935484,0.09563943198165478,0.0,0.0,0.0,-0.12535407129460024,2.4,2.5253540712946,0.0875,0.09078125000000001,1.8,0.7,-0.936782641199834,-0.04218379649295789,0.4421837964929579,-0.004054054054054054,0.003070245437700056,1.2849589228373595,-0.010975336725473461,-0.664854828086121,-0.009467221094775474,-0.024952346050637026,0.022763506683959555,high
2025,oe:team:4bd1751425ef6a9bc9d4d8e9385b4a6,5,-1.3529013128888372,0.0,0.012658227848101267,0.10614525139664806,0.09762455671816683,0.0,0.0,0.0,0.08025067809003605,2.6,2.519749321909964,0.09666666666666666,0.09666666666666666,2.2,0.8800000000000001,0.019665414024498104,-0.09041862168824771,0.2904186216882477,-0.012658227848101267,0.008520694678481225,-1.3564929246601298,0.0017607335962961813,-0.32401258983893855,0.00860775578620713,0.1407021346380305,-0.050053120258441504,low
2025,oe:team:50f58982d91a36557ec8aec52ab014f,13,0.2956526195669027,0.05128205128205128,0.025699037316127916,0.09393721543254255,0.07298053320610735,0.0,0.0,0.0,0.6851827565136689,1.8461538461538463,1.1609710896401773,0.09324009324009325,0.09586247086247085,2.1538461538461537,0.9076923076923078,1.2241506710742727,-0.03656879879968078,0.6519534141842962,0.025583013965923364,0.020956682226435194,0.07207868643795562,0.017799669376998527,0.45122833143885654,0.01639969889041676,0.15032867658295504,-0.027159937026767715,mid
2025,oe:team:53a258f289c26d94431c0496a54e151,4,-0.1581845806620894,0.0,0.009027777777777779,0.11522633744855967,0.07377305499393838,-0.00625,0.0,0.00625,1.444045049892428,3.5,2.055954950107572,0.061,0.07100000000000001,1.5,0.55,0.47410794832190883,-0.11745395418626348,0.3674539541862635,-0.009027777777777779,0.04145328245462129,-0.24477374099886745,0.0015620941928290695,1.104037929315124,-0.022826255434104194,-0.1961139324928974,-0.0887681422310034,mid
2025,oe:team:740de582f50775c516c77ed7b923fd5,6,1.7138938702825022,0.0,0.010683760683760682,0.1304824561403509,0.10287529534986935,-0.019230769230769232,0.0,0.019230769230769232,1.1029935768900658,3.5,2.397006423109934,0.11041666666666666,0.11302083333333333,2.6666666666666665,0.9333333333333332,-0.3338496802517397,-0.08026632092745961,0.4135996542607929,-0.010683760683760682,0.027607160790481547,1.7748668271671488,-0.02217744559355668,0.6487448514511052,0.019065133559569604,0.19933775028987163,-0.0308150799066292,high
2025,oe:team:78f183fa5a7d8ecb22b9ad272c3abd7,5,-1.118224811915726,0.2,0.038461538461538464,0.12258064516129033,0.10624480312898395,0.0,0.0,0.0,0.06181077118035301,3.0,2.9381892288196467,0.0784,0.08,1.8,0.64,0.8778741543780852,-0.24281092156763862,0.4428109215676386,0.16153846153846155,0.016335842032306383,-1.2785562009548854,0.013188648377655618,-0.2211056088216176,-0.0016655968202266298,-0.11216991836124013,-0.224502359872068,low
2025,oe:team:7d6673d3a9d00363c6bebc1a630da6e,10,0.762129847918983,0.125,0.04454866080556123,0.09285714285714286,0.08346276575444932,0.0,0.0,0.0,0.39368351692211245,2.7,2.3063164830778873,0.07931034482758621,0.08103448275862069,2.2,0.58,-1.1353979343315732,0.1085442302883014,0.3914557697116986,0.08045133919443877,0.009394377102693544,0.9694943397606826,-0.013620099633911198,-0.17390055641348853,-0.01950676935323859,-0.14197336615979594,0.1785961721678023,high
2025,oe:team:b9e44c69c1a70fb35df9be96f9eafea,7,-0.5620635744998261,0.0,0.003246753246753247,0.0869130869130869,0.08983246990000941,0.0,0.0,0.0,0.04987248170152471,2.7142857142857144,2.6644132325841894,0.10147783251231526,0.10147783251231526,3.0,0.7428571428571429,-0.996268929240684,-0.09666480707702751,0.3823790927913132,-0.003246753246753247,-0.002919382986922514,-0.3801090420818225,-0.01176745663572997,-0.4980393708860053,0.003956559052153625,0.018797016398765257,-0.03018863870842043,low
2025,oe:team:ce499dea30cfce118f4fe85da0227e8,24,1.3138771072601538,0.03985507246376812,0.01888459883005159,0.08960843373493976,0.0716487210165369,0.0,0.0,0.0,0.6102785448201055,2.25,1.6397214551798946,0.0714975845410628,0.07737520128824477,1.6666666666666667,0.7666666666666667,1.6786164602749098,0.0921565336524457,0.6161767996808877,0.02097047363371653,0.017959712718402868,1.0073013783841431,0.023851339636017738,0.44058355523655346,-0.0011099377672317765,0.002486619632051157,0.0898851082733772,high
2025,oe:team:d356a144644879dabb5f34cd99c886d,8,0.979534738166847,0.15,0.03766945773524721,0.0733695652173913,0.09078396755647347,0.0,0.0,0.0,-0.7727570009811796,1.25,2.0227570009811795,0.0880597014925373,0.09057835820895521,2.0,0.8,1.3058657629589536,-0.11245409052333388,0.6124540905233339,0.11233054226475278,-0.017414402339082174,0.741036690776198,0.018887788225595135,-0.9951572765459441,0.011980397495571431,0.04141074516518101,-0.10514539945753264,high
2025,oe:team:d723992568441c6bafa2658129eade7,16,0.6894606966886827,0.022727272727272728,0.029668860551213497,0.08919597989949749,0.06808752720055951,0.0,0.0,0.0,0.6931401964485692,2.0,1.3068598035514307,0.08658536585365853,0.0960619918699187,2.1875,0.6,-1.0334416496022238,0.24994135760643077,0.5000586423935692,-0.006941587823940769,0.021108452698937977,0.8782043045797558,-0.01226244889170252,0.13997228700732411,-0.01128213249836401,-0.12350258235037467,0.31737290712442384,high
2025,oe:team:ed28f87f0cfdba0a2a8f183cebae73a,10,-0.0941818985785134,0.03571428571428571,0.006081081081081081,0.09863013698630137,0.07963192132407956,0.0,0.0,0.0,0.7500502970217109,2.7,1.949949702978289,0.0608,0.06373333333333334,1.3,0.7,1.2811508138812575,0.15920653723999095,0.440793462760009,0.02963320463320463,0.018998215662221804,-0.32816610751532804,0.01855868375647824,0.5241554378960552,-0.015509497818901662,-0.058218561646269984,0.16715043057851298,mid
2025,oe:team:fcec508e780bbd1ad493852640f5b36,16,0.1267305847422155,0.0,0.02946567103423458,0.08836920529801325,0.07566067042082913,0.0,0.0,0.0,0.05792617499683839,1.375,1.3170738250031615,0.0905241935483871,0.0920866935483871,1.875,0.9125,0.28974098077627614,-0.06661255127443555,0.5041125512744355,-0.02946567103423458,0.01270853487718411,0.07381346253540154,0.005357062107347066,-0.3081496124399805,0.004980753232994198,0.1691513404133006,-0.03318829877327479,mid
