year,teamid,team,major,n_unseen_patches,intended,nerfs,buffs,walkback,walkback_all_reasons,touched,pool_share_changed,buff_share,nerf_share,intended_z,nerfs_z,buffs_z,walkback_z,walkback_all_reasons_z,touched_z,org,breadth,meta,breadth_z,meta_z,buffs_z_res,nerfs_z_res,intended_z_res,buff_pct,buff_res_pct,finish
2016,oe:team:2f758c15b9c1781b2d4032011ae1628,I May,LPL,3,-3.471698113207547,4.150943396226415,0.6792452830188679,-0.4528301886792453,-0.4528301886792453,-0.3018867924528302,0.5245283018867924,0.1094339622641509,0.4150943396226415,1.3032001569900993,-1.0973109323486228,1.33745773618084,0.0968813856166376,0.0968813856166376,-0.8131217710739989,BLG,6.794350814372471,0.435839551352122,0.6383142911731603,0.4188060454823979,1.3240274633737492,-1.18844213387948,1.3957161079047726,0.9375,0.875,
2023,oe:team:d356a144644879dabb5f34cd99c886d,Bilibili Gaming,LPL,6,-3.045454545454546,3.6818181818181825,0.6363636363636365,-0.1818181818181818,-0.1818181818181818,-0.0909090909090909,0.4181818181818181,0.0454545454545454,0.3727272727272727,-1.694322240618498,1.748000441643928,0.4368170096092721,0.645236235947392,0.645236235947392,0.791117995421042,BLG,5.446465670562222,0.4936658506731946,-1.8216936375843384,0.6161254164784083,0.7550865397017903,1.5691078998968204,-1.423341627338814,0.6818181818181818,0.7272727272727273,SF
2024,oe:team:d356a144644879dabb5f34cd99c886d,Bilibili Gaming,LPL,3,-3.0952380952380953,3.642857142857143,0.5476190476190476,-1.119047619047619,-1.6904761904761905,-0.7857142857142858,0.4809523809523809,0.0761904761904761,0.4047619047619046,0.4468606735777642,-0.3055143531196418,0.2771505082390992,0.2044519085153174,0.2292425907886929,0.3317876926843161,BLG,7.339081687940572,0.41592198147468074,-0.5273823878914832,0.566444109035742,0.429265785911348,-0.4513517233530826,0.6399337379528962,0.65,0.8,Runner-up
2025,oe:team:d356a144644879dabb5f34cd99c886d,Bilibili Gaming,LPL,3,-1.0895522388059702,1.388059701492537,0.2985074626865671,-0.0895522388059701,0.208955223880597,-0.1343283582089552,0.1761194029850746,0.0388059701492537,0.1373134328358209,-0.2933070536408467,0.4759164058411321,0.979534738166847,-0.1623163838502056,1.509181809643783,-0.2967416143674997,BLG,11.743469552649483,0.3192110101665585,1.3058657629589536,-0.20800660505835164,0.787497027654067,0.5475284114037539,-0.41854287547343916,0.8235294117647058,0.7647058823529411,
2017,oe:team:fbf53cf218dfaa8c2b2a864d13d2206,Longzhu Gaming,LCK,3,-2.2285714285714286,2.428571428571429,0.2,-0.3428571428571428,-1.8857142857142857,0.1714285714285713,0.3142857142857143,0.0171428571428571,0.2971428571428571,-1.115279054152337,1.3284862361759886,1.637592200969795,-2.4791460952094755,-0.8940026916037026,1.8204979136030728,DRX,6.729544310417369,0.456537183746486,-1.1150865800344136,1.0113935177602853,1.9304319347515884,1.0652756198778126,-0.7620712137862219,0.875,0.9583333333333334,QF
2020,oe:team:1d0389df0c5eea93b04122ba167c010,Kiwoom DRX,LCK,3,-1.2452830188679247,1.9245283018867927,0.679245283018868,0.0377358490566037,-0.2641509433962264,-0.169811320754717,0.3509433962264151,0.0981132075471698,0.2528301886792453,0.1033629224361605,0.3436981326433792,1.5060149590466554,0.1446212992280211,-1.336655774961641,-1.1747485870216208,DRX,12.021902158140913,0.3239109705118065,2.590007230580157,-1.1935771867766407,1.0044292056138575,0.6750075876299824,-0.375712700129483,0.9545454545454546,0.8181818181818182,QF
2022,oe:team:1d0389df0c5eea93b04122ba167c010,Kiwoom DRX,LCK,4,-2.1999999999999997,3.218181818181818,1.018181818181818,-0.7818181818181817,-0.7818181818181817,-0.7636363636363637,0.4399999999999998,0.0872727272727272,0.3527272727272726,0.5829038124936359,0.2825402144732903,1.243401332072115,-0.8813698951689515,-0.8688375738111094,-0.699072474637267,DRX,10.53303223844246,0.3566078455235081,1.7200809771380745,-0.20697187306103343,1.0008068078137342,0.360626898191049,0.4377371797875319,0.9166666666666666,0.875,Champion
2016,oe:team:3b84bb916852d07609c83d1ce91c1a9,Samsung Galaxy,LCK,3,-5.333333333333333,5.461538461538461,0.1282051282051282,-0.3076923076923077,-0.3076923076923077,0.1538461538461539,0.5282051282051282,0.0205128205128205,0.5076923076923078,-1.104296007865344,0.976563910401146,-1.007639447017298,0.9271821007030598,0.9271821007030598,0.5680721520746788,GENG,6.368733971448188,0.4271487563622395,-0.17760895453473818,0.11952341398239358,-0.9674209148708754,0.9447143337646468,-1.0603158900874425,0.1875,0.1875,Runner-up
2017,oe:team:3b84bb916852d07609c83d1ce91c1a9,Samsung Galaxy,LCK,3,-2.1249999999999996,2.208333333333333,0.0833333333333333,-0.1666666666666666,-1.9166666666666667,-0.0833333333333333,0.3291666666666666,0.0083333333333333,0.3208333333333333,-0.913919969039792,0.9099848566609096,0.1148306354100284,-0.9730876778260904,-0.9661737714648224,-1.321904836977364,GENG,7.709449094296116,0.40221547458389556,0.04976074148381794,-0.7832370783096059,-0.01230912395986751,1.10060581688688,-1.1476919774879284,0.5833333333333334,0.5833333333333334,Champion
2018,oe:team:50f58982d91a36557ec8aec52ab014f,Gen.G,LCK,4,-2.5306122448979593,2.7551020408163263,0.2244897959183673,-1.1428571428571428,-1.1428571428571428,-1.0408163265306123,0.326530612244898,0.0244897959183673,0.3020408163265306,-2.34092547589734,2.317201393894798,-0.521026866200845,-2.8321583385122,-2.8321583385122,-2.69326672074532,GENG,8.309764079789758,0.3833819241982507,-0.6920886062271018,0.6196160189979872,-0.3405273074714082,2.1558038499901793,-2.1241005786910008,0.2916666666666667,0.4583333333333333,
2020,oe:team:50f58982d91a36557ec8aec52ab014f,Gen.G,LCK,3,-1.0925925925925926,1.5925925925925928,0.5,0.0,-0.2407407407407407,0.0555555555555555,0.3074074074074074,0.074074074074074,0.2333333333333334,0.3701875333948618,-0.2780052665225088,0.3935438022457362,-0.7062224707277746,-1.0732494429506194,0.5101713085992982,GENG,9.52563578652013,0.3797778132708654,0.9099516194477895,0.45473090187433846,0.35240619494260816,-0.3734321891452604,0.46004362652117187,0.6818181818181818,0.6818181818181818,QF
2021,oe:team:50f58982d91a36557ec8aec52ab014f,Gen.G,LCK,3,-2.676470588235294,3.4117647058823524,0.7352941176470589,-1.411764705882353,-1.411764705882353,-1.2941176470588236,0.488235294117647,0.1235294117647058,0.3647058823529411,0.8396713005722557,-1.1599148533966752,-0.361258994322279,0.4735982204755758,0.4701665301436207,0.4832907417566148,GENG,8.784613961494905,0.39172756371542466,0.7150413556563362,-0.42014639362474077,-0.5137414453380107,-1.0464849554838838,0.6806414295029872,0.36363636363636365,0.36363636363636365,SF
2022,oe:team:50f58982d91a36557ec8aec52ab014f,Gen.G,LCK,4,-2.9767441860465116,3.3720930232558137,0.3953488372093023,-0.8604651162790697,-0.8604651162790697,-0.8372093023255814,0.4232558139534884,0.0511627906976744,0.3720930232558139,-0.7060611099394686,0.6034465126091165,-0.3475437196220577,-1.2451888206488475,-1.2321571480214704,-1.024767309620264,GENG,8.301297480570323,0.3834953064033699,-0.1050135723865355,1.103185219396902,-0.16419171357439005,0.3343908374175347,-0.37508819372865,0.5416666666666666,0.6666666666666666,SF
2023,oe:team:50f58982d91a36557ec8aec52ab014f,Gen.G,LCK,5,-1.575757575757576,2.333333333333333,0.7575757575757576,-0.4848484848484848,-0.4848484848484848,-0.2424242424242425,0.4303030303030303,0.0909090909090909,0.3393939393939394,-0.0978244285833587,0.340267280621478,0.8985177663538579,-0.5458239800394568,-0.5458239800394568,0.1904789114341778,GENG,6.954106776687846,0.4697890790000095,0.16710641983486074,-0.11290402466954756,0.8606081775752906,0.3703421609334572,-0.13933630923193255,0.8181818181818182,0.8181818181818182,QF
2024,oe:team:50f58982d91a36557ec8aec52ab014f,Gen.G,LCK,2,-3.2708333333333335,3.604166666666667,0.3333333333333333,-1.8125,-2.7291666666666665,-1.375,0.4750000000000001,0.0416666666666666,0.4333333333333334,0.0591449440233023,-0.3904218362018574,-0.6630666648123549,-1.544381441666024,-1.543035123437765,-0.949175918900204,GENG,9.151869332601098,0.3773700524558894,0.7106790133966037,-0.9216234763278228,-0.8925168229314596,-0.1555326716608951,-0.2477906695046568,0.3,0.2,SF
2025,oe:team:50f58982d91a36557ec8aec52ab014f,Gen.G,LCK,3,-1.3333333333333333,1.5606060606060606,0.2272727272727273,-0.0303030303030303,0.0909090909090909,-0.0757575757575757,0.1969696969696969,0.0272727272727272,0.1696969696969696,-0.8306213319069655,0.8251973017195207,0.2956526195669027,0.390154793477144,0.1535126308918763,0.1735515776394471,GENG,11.656436882962122,0.31987578775988074,1.2241506710742742,-0.17124204282608085,0.11930200476025446,0.8865728525507769,-0.9410060015130061,0.6470588235294118,0.5882352941176471,SF
2016,oe:team:93c730021ff69abdfccc4911a2f666f,ROX Tigers,LCK,3,-4.428571428571428,4.678571428571428,0.25,-0.5,-0.5,0.0714285714285714,0.4357142857142856,0.0285714285714285,0.4071428571428571,0.0657564236063898,-0.2623966773118451,-0.4893091433560764,-0.1729663467864495,-0.1729663467864495,0.3182884466826861,HLE,6.429338658161202,0.43501904171463995,-0.06142752630871818,0.3905503699357287,-0.4214294931971508,-0.3580416936468302,0.18411243475360356,0.25,0.375,SF
2021,oe:team:3a1d18f46bcb3716ebcfcf4ef068934,Hanwha Life Esports,LCK,3,-3.073170731707317,3.8780487804878048,0.8048780487804879,-1.902439024390244,-1.8536585365853655,-1.5609756097560974,0.5463414634146342,0.1609756097560976,0.3853658536585366,0.404115261883299,-0.550111097016636,-0.1554812405492114,-0.5117205823864233,-0.4191274649450464,0.0388188013897607,HLE,10.307028233892039,0.41084610126121823,2.2002575938664375,0.2435069909482909,-0.38724863500455087,-0.5733989562349471,0.3685454246851082,0.5,0.45454545454545453,QF
2024,oe:team:3a1d18f46bcb3716ebcfcf4ef068934,Hanwha Life Esports,LCK,2,-2.92156862745098,3.4705882352941178,0.5490196078431373,-1.1372549019607845,-1.6666666666666667,-1.0980392156862746,0.5137254901960785,0.0705882352941176,0.4431372549019608,0.8303242864571528,-0.6835639610513196,0.2832957185204817,0.1585345471371657,0.2698678679056316,-0.3471306326474677,HLE,8.586297293059026,0.3984569772926353,0.32441594840536714,-0.10768834718643729,0.22693113625157096,-0.6521989011290892,0.7826675971060756,0.7,0.7,QF
2025,oe:team:3a1d18f46bcb3716ebcfcf4ef068934,Hanwha Life Esports,LCK,3,-1.1627906976744184,1.302325581395349,0.1395348837209302,-0.2325581395348837,0.0,-0.2325581395348837,0.1534883720930232,0.013953488372093,0.1395348837209302,-0.4547308496268232,0.302367161285996,-0.5466659765647237,-1.4957795698865362,-0.8905084607906265,-1.085476124586208,HLE,10.158727225774275,0.3522963024928894,-0.18205096209762361,1.6217275811158027,-0.2737422478596559,-0.09360510654108561,0.033165072247255956,0.35294117647058826,0.35294117647058826,QF
2016,oe:team:3413ca4510110b5181f3e4b24d52719,Splyce,LEC,3,-4.2894736842105265,4.552631578947369,0.2631578947368421,-0.7894736842105262,-0.7894736842105262,-0.6842105263157895,0.4421052631578948,0.031578947368421,0.4105263157894736,0.2456398306609072,-0.4616828586411166,-0.4333122407444764,-1.8289792730075003,-1.8289792730075003,-1.9718337364375809,MKOI,6.905594544716173,0.42661785468036906,0.8515726408734676,0.1012408917732135,-0.5219327552023058,-0.4723913788854398,0.23393938459464284,0.375,0.3125,
2019,oe:team:3413ca4510110b5181f3e4b24d52719,Splyce,LEC,3,-2.9615384615384617,3.269230769230769,0.3076923076923077,-0.0769230769230769,-0.6923076923076923,0.6153846153846154,0.3769230769230769,0.0461538461538461,0.3307692307692307,-1.4670270540091357,0.8677849475760121,-1.0651099712891892,0.1590937678241984,-0.5276094862228552,1.9624604320921304,MKOI,6.638115586602017,0.384757004272193,-1.4165562834126024,0.10097957714404202,-0.8760599732691428,0.8203130928969412,-1.367995516436626,0.125,0.16666666666666666,QF
2020,oe:team:6a0084dacefb228be863fbb64cefe11,MAD Lions KOI,LEC,3,-1.5,1.7692307692307692,0.2692307692307693,0.0,-0.3076923076923077,0.0,0.3153846153846154,0.0461538461538461,0.2692307692307693,-0.3417518175841892,0.052831554474917,-1.038706512987835,-0.7062224707277746,-1.8265734074046431,0.0948189622369321,MKOI,8.652895821728071,0.34314978215501774,0.322573729180273,-0.6259508939449121,-1.1749415125332399,0.2097646601982587,-0.542395211159995,0.18181818181818182,0.13636363636363635,
2021,oe:team:6a0084dacefb228be863fbb64cefe11,MAD Lions KOI,LEC,4,-3.772727272727274,4.681818181818182,0.9090909090909092,-1.5454545454545454,-1.5454545454545454,-1.818181818181818,0.5999999999999999,0.1545454545454545,0.4454545454545455,-0.3639612837383416,0.5010541194007034,0.1527032491690283,0.2051368241615013,0.2011209737782478,-0.3895774187487717,MKOI,6.40079882031938,0.409281659998139,-1.6105286424429937,0.1892012294996759,0.3791377263423072,0.42905280480264407,-0.22939564638972182,0.6363636363636364,0.7272727272727273,QF
2022,oe:team:6a0084dacefb228be863fbb64cefe11,MAD Lions KOI,LEC,3,-2.416666666666667,3.0,0.5833333333333333,-0.375,-0.375,-0.375,0.4083333333333334,0.0583333333333333,0.35,0.223357209878812,-0.1723709114555171,0.1326379872566708,1.0005617375049445,1.0105110570337466,1.021354336878522,MKOI,7.417476491475765,0.3602149346332817,-0.8277951951856121,-0.03120766083535516,0.22917061231007574,-0.17824847878711853,0.25458138889965093,0.6666666666666666,0.75,
2023,oe:team:6a0084dacefb228be863fbb64cefe11,MAD Lions KOI,LEC,4,-0.5555555555555556,1.1111111111111112,0.5555555555555556,-0.4444444444444444,-0.4444444444444444,-0.5555555555555556,0.2333333333333333,0.0666666666666666,0.1666666666666666,1.0103974203207584,-0.9356556593314528,0.1290165051128811,-0.3870159512412101,-0.3870159512412101,-1.0508418621386744,MKOI,7.568906801729801,0.43828782939418637,0.9781179531081399,-1.0747316414820343,-0.15684144204535289,-0.6593193142692086,0.6451732900855771,0.5909090909090909,0.45454545454545453,
2024,oe:team:6a0084dacefb228be863fbb64cefe11,MAD Lions KOI,LEC,3,-3.5600000000000005,3.84,0.28,-0.96,-1.5200000000000002,-0.8800000000000001,0.4720000000000001,0.04,0.432,-0.5793374336633342,0.1271219299085135,-0.8970762723273833,0.6055577206770808,0.5201195749459748,0.1268335148307928,MKOI,8.488402077642391,0.40797498578737923,0.25755743470404774,0.25969767677464206,-0.8884762142445017,0.0683675392724988,-0.5152147226332088,0.15,0.25,
2025,oe:team:4acc40654379b4da680be1bd3129dfa,Movistar KOI,LEC,2,-0.59375,0.90625,0.3125,0.09375,0.28125,0.0625,0.14375,0.03125,0.1125,0.7994832737766622,-0.4993978519896647,1.1138687257489792,1.546891321006283,2.339431791602117,1.283688644292911,MKOI,9.354881676379438,0.341580146399761,-0.936782641199834,1.029086084870936,1.387611166662075,-0.7640011138765739,1.1492058646773606,0.8823529411764706,0.9411764705882353,
2016,oe:team:cbfaf0ca2181f0903d2fcceb6c28f3b,Counter Logic Gaming,LCS,3,-3.883720930232558,4.4186046511627906,0.5348837209302326,-0.4186046511627906,-0.4186046511627906,0.0,0.4651162790697674,0.0790697674418604,0.386046511627907,0.7703657213837365,-0.6737659658801154,0.7230889108625214,0.2926778798253895,0.2926778798253895,0.1018092353429595,NRG,7.006573638659534,0.42004540559420206,1.04515330256163,-0.12509281650063103,0.5757870575833397,-0.6264807210395703,0.682356820887143,0.8125,0.8125,
2023,oe:team:e758ebe9a5a2cc81b9c8078479c2d87,NRG,LCS,5,-2.4827586206896552,2.896551724137931,0.4137931034482758,-0.4482758620689655,-0.4482758620689655,-0.2758620689655172,0.4344827586206897,0.0551724137931034,0.3793103448275862,-1.0830786773188728,0.9282317701922648,-0.4109611040682873,-0.4020753332824233,-0.4020753332824233,0.0579240791060425,NRG,6.729306314264275,0.5287736996267275,-0.12943840821429342,1.6880733268923251,-0.13422574075454802,0.5170352392935944,-0.5781569129310933,0.45454545454545453,0.5,QF
2017,oe:team:d996d27c1737a1f7494fc09d6911339,Lyon Gaming,Other,3,-2.1818181818181817,2.2727272727272725,0.0909090909090909,-0.1515151515151515,-1.9090909090909092,0.1515151515151515,0.3454545454545454,0.006060606060606,0.3393939393939393,-1.0243834169855457,1.032347667870478,0.2137112565502731,-0.843574054709583,-0.9485095211491636,1.57487254992134,R7,9.19087652235898,0.4009532320524277,1.8107856900222867,-0.8249378845168028,-0.13549406247530585,1.2616676063892227,-1.3565070540737982,0.7083333333333334,0.5416666666666666,
2020,oe:team:2cb996a4b0ffaca3bcf66fe91450243,Movistar R7,Other,3,-1.5,2.15625,0.65625,0.0625,-0.1875,-0.375,0.4125,0.11875,0.29375,-0.3417518175841892,0.7777043674163548,1.3632966198518004,0.7029875232615121,-0.4741966095151065,-2.7088093757090386,R7,9.485898259331705,0.34797277168732127,0.8832071757119666,-0.4836523092215817,1.1804092016050989,0.9092549981327178,-0.5277548452511891,0.9090909090909091,0.9090909090909091,
2023,oe:team:2cb996a4b0ffaca3bcf66fe91450243,Movistar R7,Other,5,-2.3333333333333335,2.7777777777777777,0.4444444444444444,-0.4444444444444444,-0.4444444444444444,-0.1111111111111111,0.4333333333333333,0.0444444444444444,0.3888888888888889,-0.920761445096317,0.8042392587861804,-0.2942091885696563,-0.3870159512412101,-0.3870159512412101,0.7110327842227936,R7,5.915264791528061,0.4928178484107579,-1.2032787410239072,0.5902333644062799,-0.05566024538433373,0.6416624519511693,-0.6876410278850009,0.5,0.5454545454545454,
2024,oe:team:2cb996a4b0ffaca3bcf66fe91450243,Movistar R7,Other,3,-2.071428571428571,2.7857142857142856,0.7142857142857143,-0.892857142857143,-1.3214285714285712,-0.75,0.3857142857142858,0.1,0.2857142857142857,2.707440520471577,-2.186541670633358,1.008430531723564,0.7748868210208191,0.8589343861012458,0.409421850962166,R7,6.947935376153987,0.4123430197114407,-0.7945196625223749,0.42829960823690577,1.1719044041828393,-2.3032379094583986,2.872761470327653,0.9,0.9,
2016,oe:team:3354e252e33ed55fd8fa14595ca1564,SK Telecom T1,LCK,3,-4.8181818181818175,5.09090909090909,0.2727272727272727,-0.2424242424242424,-0.2424242424242424,0.1212121212121212,0.4666666666666666,0.0303030303030303,0.4363636363636363,-0.4380939057355047,0.3900830452763995,-0.3925872206633127,1.3005658162146512,1.3005658162146512,0.4691678970103745,T1,6.453723668919281,0.42541459369817575,-0.014680557867215517,0.059804508386961046,-0.3815471114180856,0.37535140342230555,-0.4197125200073873,0.4375,0.4375,Champion
2017,oe:team:3354e252e33ed55fd8fa14595ca1564,SK Telecom T1,LCK,3,-2.106382978723404,2.3191489361702127,0.2127659574468085,-0.1489361702127659,-2.0212765957446805,0.0212765957446808,0.3659574468085106,0.0170212765957446,0.3489361702127659,-0.8777255626916096,1.1205591563019066,1.804216566806122,-0.821529182689752,-1.21009075986615,-0.0315764058879618,T1,8.832352963372864,0.4013374406857492,1.3845961109357563,-0.8122447535519949,1.5091558106276,1.3398831250103993,-1.1852786501552601,0.9166666666666666,0.875,Runner-up
2019,oe:team:3354e252e33ed55fd8fa14595ca1564,SK Telecom T1,LCK,3,-1.1395348837209305,1.8372093023255816,0.6976744186046512,-0.0697674418604651,-0.4418604651162791,0.2093023255813954,0.2604651162790697,0.0790697674418604,0.1813953488372093,0.6265222801262589,-0.7838666823220128,-0.272947951823461,0.2127569190328842,0.2969276430883594,-0.5408782624625489,T1,7.551801200629311,0.39376067027244166,-0.6903895557487271,0.42394025166164284,-0.1228975503476546,-0.8978157389964034,0.7854683639912027,0.4166666666666667,0.5,SF
2021,oe:team:ce499dea30cfce118f4fe85da0227e8,T1,LCK,3,-3.8775510204081622,4.326530612244898,0.4489795918367346,-1.5510204081632653,-1.5510204081632653,-1.6326530612244898,0.5224489795918367,0.0897959183673469,0.4326530612244897,-0.4790522839603739,0.0364109837666019,-1.2079653967081163,0.1939600639884255,0.1899198934724241,-0.0805653669247074,T1,8.257402945179676,0.3900656784228765,0.20071199301727388,-0.4778346868077309,-1.3063886492422196,0.15547035766086786,-0.6299937682006239,0.13636363636363635,0.045454545454545456,SF
2022,oe:team:ce499dea30cfce118f4fe85da0227e8,T1,LCK,4,-1.2127659574468086,3.0,1.7872340425531914,-0.6595744680851063,-0.6595744680851063,-0.7021276595744681,0.4340425531914894,0.1234042553191489,0.3106382978723404,2.221165255504547,-0.1723709114555171,3.207844237692786,-0.315873262885627,-0.3041171008792425,-0.426783946050968,T1,10.772016708420319,0.33928635738994456,1.9155205346567665,-1.0510036182494218,2.810877323085555,0.11343529761050755,1.8171528660807075,1.0,1.0,Runner-up
2023,oe:team:ce499dea30cfce118f4fe85da0227e8,T1,LCK,5,-1.5833333333333337,2.416666666666667,0.8333333333333334,-0.5833333333333334,-0.5833333333333334,-0.5416666666666666,0.4458333333333334,0.0916666666666666,0.3541666666666666,-0.1060537987484883,0.4272620265273603,1.1870807393192244,-0.9329185502351828,-0.9329185502351828,-0.9957832794398782,T1,8.299217509895728,0.4444028891630681,1.9415050433333296,-0.8880205288193107,0.8121208334932752,0.6739921178290984,-0.4631961301895442,0.9090909090909091,0.7727272727272727,Champion
2024,oe:team:ce499dea30cfce118f4fe85da0227e8,T1,LCK,2,-2.8133333333333335,3.4133333333333336,0.6,-1.7200000000000002,-2.3733333333333335,-1.4666666666666668,0.48,0.0746666666666666,0.4053333333333334,1.0693087058387578,-0.8092116681427584,0.5069813727627882,-1.311103585341406,-0.9358903569251142,-1.1484369251466853,T1,12.555185079976567,0.3486697424067666,3.0350074451531732,-2.0294279924952665,-0.17826876850469053,-0.2681132793771164,0.3216114351353425,0.8,0.5,Champion
2025,oe:team:ce499dea30cfce118f4fe85da0227e8,T1,LCK,3,-0.9855072463768114,1.3188405797101448,0.3333333333333333,0.0144927536231884,0.1884057971014492,0.0434782608695652,0.1884057971014492,0.0376811594202898,0.1507246376811594,-0.0639830360312603,0.3357980226293338,1.3138771072601538,0.8078545418846127,1.2731874248702129,1.130953884080314,T1,12.14047685652691,0.3083068435570734,1.678616460274908,-0.8110457506800177,0.9830016473655118,0.5596053055418861,-0.38554630875081664,0.9411764705882353,0.8823529411764706,Champion
2017,oe:team:6c951ee7222ac9acd244aa88c9e8330,Young Generation,Other,2,-1.2857142857142856,1.2857142857142856,0.0,0.0,-1.0952380952380951,0.0,0.1999999999999999,0.0,0.1999999999999999,0.717782962044616,-0.8431965980644169,-0.9728561971326616,0.4515621764554905,0.9491356556187334,-0.2940160867875013,VN_BUFFALO_VIKINGS,5.842686859915849,0.4908359788359789,-2.169325259935595,2.144525520137075,-0.37581264730251884,-1.3981324925590957,1.4571832342026818,0.16666666666666666,0.5,
2018,oe:team:b24f151e143d152c7cf8be9f13ec015,Phong Vũ Buffalo,Other,2,-0.6857142857142857,0.7428571428571429,0.0571428571428571,-0.2857142857142857,-0.2857142857142857,-0.3142857142857143,0.0914285714285714,0.0114285714285714,0.08,0.3856481378648111,-0.7885666168464043,-1.576285011568713,0.6846013467694197,0.6846013467694197,0.6297094933997918,VN_BUFFALO_VIKINGS,8.360401827402487,0.393069036226931,-0.6558324735059575,1.0335997986293917,-1.3362446754670336,-1.049702080793601,0.7229781358151234,0.08333333333333333,0.125,
2022,oe:team:8e27b674a472ab529e758f13f0bace0,Saigon Buffalo,Other,3,-1.9148936170212767,2.2765957446808507,0.3617021276595745,-0.4893617021276596,-0.4893617021276596,-0.4680851063829787,0.3106382978723404,0.0425531914893616,0.2680851063829786,1.0560224188804073,-1.6806755311130914,-0.4334898202610231,0.4715271111797612,0.4822025449752553,0.6092824677522444,VN_BUFFALO_VIKINGS,10.516164244785097,0.3330066815144766,1.7062864689973205,-1.356996137340114,-0.8521282658160274,-1.324111035400673,0.5718526020146021,0.4166666666666667,0.20833333333333334,
2024,oe:team:fe099196385a285d6d6edde504dc1f6,MGN Vikings Esports,Other,3,-3.452380952380953,4.523809523809524,1.0714285714285714,-1.3095238095238095,-2.119047619047619,-1.1190476190476188,0.6047619047619047,0.138095238095238,0.4666666666666666,-0.3417136916177515,1.627763723213899,2.5754591534759874,-0.2759143335945789,-0.5020123973162068,-0.3927977845756139,VN_BUFFALO_VIKINGS,8.357291667351962,0.3932291454142353,0.1680142724005437,-0.30947765729295457,2.5070585196455974,1.7054918369109722,-0.44133092986231726,1.0,1.0,
2020,oe:team:8d47748b0e2a0ac34c90891889805a8,Suning,LPL,3,-0.4782608695652173,0.9130434782608694,0.4347826086956521,0.0434782608695652,-0.0217391304347826,0.0,0.1999999999999999,0.0739130434782608,0.1260869565217391,1.4437245389225617,-1.550775813501388,-0.0112225911898383,0.2740975250908596,1.390907391748202,0.0948189622369321,WBG,7.086981527950462,0.37578441769072424,-0.7313294622909576,0.33690884659339243,0.13039006170858075,-1.644298032257966,1.5789646911972326,0.5,0.5454545454545454,Runner-up
2023,oe:team:606c6ac695907af3823ee6405c58ff1,Weibo Gaming,LPL,6,-3.15625,3.53125,0.375,-0.75,-0.75,-0.375,0.41875,0.0375,0.38125,-1.8146767792835177,1.590816753018527,-0.558725247121242,-1.5880016690279497,-1.5880016690279497,-0.3350802870543279,WBG,6.236439289693552,0.49138083179864955,-0.7796024046612094,0.5463569378949773,-0.37883243227436,1.445752202430946,-1.6152145869387091,0.2727272727272727,0.36363636363636365,Runner-up
2024,oe:team:606c6ac695907af3823ee6405c58ff1,Weibo Gaming,LPL,3,-3.4814814814814814,3.833333333333333,0.3518518518518518,-0.9444444444444446,-1.4629629629629628,-0.5,0.4962962962962963,0.0481481481481481,0.4481481481481481,-0.4059678991522004,0.1124917174389611,-0.5818133288696368,0.6447876304493887,0.6174396832394424,0.952860958907114,WBG,7.632112666826802,0.42299395985265864,-0.3272539583927022,0.839415710107414,-0.4120149088678532,-0.09624935367238809,-0.1420457816608055,0.35,0.35,SF
2016,oe:team:056c3140a119e44a03d462e2c832f27,EDward Gaming,LPL,3,-3.1538461538461537,4.05128205128205,0.8974358974358974,-0.1538461538461538,-0.1538461538461538,0.3076923076923077,0.5128205128205129,0.1384615384615384,0.3743589743589744,1.7142513472993572,-1.2550142241930142,2.2660256287377845,1.8073008586946675,1.8073008586946675,1.0343350688063977,oe:team:056c3140a119e44a03d462e2c832f27,6.902550206512636,0.3551586158327731,0.8457365318252537,-2.3595822057907276,1.7978065890568538,-0.6694511324530621,0.9759945892077445,1.0,1.0,QF
2017,oe:team:056c3140a119e44a03d462e2c832f27,EDward Gaming,LPL,2,-1.0444444444444445,1.1333333333333333,0.0888888888888888,0.0,-0.977777777777778,0.0,0.1777777777777777,0.0088888888888888,0.1688888888888889,1.1868493365596609,-1.1327543092964707,0.1873430909128746,0.4515621764554905,1.223015650989135,-0.2940160867875013,oe:team:056c3140a119e44a03d462e2c832f27,8.091343655279626,0.40133173604871725,0.50373225359664,-0.8124332180961868,0.00010664186715333979,-0.9276868860303771,0.9222750814583665,0.6666666666666666,0.625,
2018,oe:team:056c3140a119e44a03d462e2c832f27,EDward Gaming,LPL,3,-0.5614035087719298,0.8245614035087718,0.2631578947368421,-0.2105263157894736,-0.2105263157894736,-0.2105263157894736,0.1333333333333333,0.0385964912280701,0.0947368421052631,0.5693669623288344,-0.6624614497614,-0.2771931484008241,0.99308903846079,0.99308903846079,1.1042800171821954,oe:team:056c3140a119e44a03d462e2c832f27,11.304077071900586,0.3509653955826204,1.451810251219839,-0.7657212207382994,-0.5732935616416561,-0.4533208645853163,0.2722715673078152,0.4583333333333333,0.375,QF
2021,oe:team:056c3140a119e44a03d462e2c832f27,EDward Gaming,LPL,4,-3.875,4.3999999999999995,0.525,-1.4,-1.4,-1.4,0.5700000000000001,0.1,0.4699999999999999,-0.47625139678683,0.1324938462789268,-0.9831533089467616,0.4972228233512143,0.4938425391037734,0.3069357460626696,oe:team:056c3140a119e44a03d462e2c832f27,9.14629590306274,0.4398380462724936,1.0678861117936316,1.249891626070208,-0.9207387054709231,-0.15307140298374006,-0.15924839127633778,0.22727272727272727,0.2727272727272727,Champion
2022,oe:team:056c3140a119e44a03d462e2c832f27,EDward Gaming,LPL,3,-3.0,3.178571428571429,0.1785714285714285,-0.2857142857142857,-0.2857142857142857,-0.2857142857142857,0.3857142857142857,0.0214285714285714,0.3642857142857143,-0.7446528740841724,0.1999521826826448,-0.9012731400727866,1.4135954158651372,1.422977835551173,1.416606946040462,oe:team:056c3140a119e44a03d462e2c832f27,8.906650500686654,0.3646913954155641,0.39003920826109895,0.1869188059672351,-0.9201419842499027,0.16098638541903004,-0.7084988878342275,0.08333333333333333,0.16666666666666666,QF
2022,oe:team:0916b3c324c8577b0c6344f3e067f62,CTBC Flying Oyster,Other,4,-2.542857142857143,3.3428571428571425,0.8,-0.4857142857142856,-0.4857142857142856,-0.4857142857142856,0.4,0.0571428571428571,0.3428571428571428,0.0139509468174316,0.5424894292897522,0.686084531885969,0.4883999763383057,0.4990522516721379,0.531241101517717,oe:team:0916b3c324c8577b0c6344f3e067f62,7.265175693622902,0.3845338579678873,-0.9523455500470179,1.1537911767320148,0.9810053152685787,0.24741191483703684,0.4012674025182327,0.8333333333333334,0.8333333333333334,
2023,oe:team:0916b3c324c8577b0c6344f3e067f62,CTBC Flying Oyster,Other,4,-1.153846153846154,1.358974358974359,0.2051282051282051,-0.4358974358974359,-0.4358974358974359,-0.4358974358974359,0.2153846153846154,0.0205128205128205,0.1948717948717949,0.3604881867669349,-0.676902056124215,-1.2057722211166595,-0.3534219451492735,-0.3534219451492735,-0.5764909958105868,oe:team:0916b3c324c8577b0c6344f3e067f62,6.512141789224716,0.5083974161796371,-0.41591031330713585,1.065924288595513,-0.9901124238896171,-0.9419756589448354,0.6956443448216382,0.09090909090909091,0.18181818181818182,
2025,oe:team:0916b3c324c8577b0c6344f3e067f62,CTBC Flying Oyster,Other,3,-1.206896551724138,1.2413793103448274,0.0344827586206896,-0.1034482758620689,0.1034482758620689,-0.0689655172413793,0.1379310344827586,0.0068965517241379,0.1310344827586206,-0.5519439053889292,0.1789952845200095,-1.5552086413139328,-0.2918904346526982,0.2975155400894629,0.228088306468904,oe:team:0916b3c324c8577b0c6344f3e067f62,9.34006139897969,0.3202202779207411,-0.9506974197976542,-0.15219051328510766,-1.462325353645782,0.20044170580032275,-0.5504494737815255,0.058823529411764705,0.17647058823529413,QF
2018,oe:team:0b63f14fd7de22a26869bb1c76f87fc,G-Rex,Other,2,-0.6666666666666667,0.8958333333333333,0.2291666666666666,-0.2916666666666667,-0.2916666666666667,-0.2916666666666667,0.1333333333333333,0.0249999999999999,0.1083333333333333,0.4137986029036533,-0.5524579010196877,-0.4915354038048933,0.6601794045105195,0.6601794045105195,0.7331635749731297,oe:team:0b63f14fd7de22a26869bb1c76f87fc,11.397872197438698,0.3523243506121982,1.5189666450253823,-0.7076455695196403,-0.7868830570683918,-0.3563012266517019,0.13057581494793302,0.3541666666666667,0.3333333333333333,
2021,oe:team:0edc9f071bd123368afdc0c53a3db20,Galatasaray Esports,Other,4,-2.75,4.15,1.4,-2.1,-2.1,-2.4000000000000004,0.5900000000000001,0.21,0.38,0.7589398467465448,-0.1944547831032927,1.6044489092460148,-0.9084410477492814,-0.9148799940253204,-1.3586392132690386,oe:team:0edc9f071bd123368afdc0c53a3db20,7.363066899741321,0.41376982097186704,-0.6717722191874566,0.34499678727122546,1.7400193098574035,-0.28897006182240476,0.8936592330236718,0.9090909090909091,0.9090909090909091,
2019,oe:team:1fcd541d3a51d70860c46eaae858ba8,Royal Youth,Other,3,-0.5499999999999999,1.35,0.8,-0.05,-0.55,0.25,0.2800000000000001,0.12,0.1599999999999999,1.303919612540907,-1.3457996259856322,-0.0650962659819946,0.3610013742468785,-0.0590957102463758,-0.2899929968188533,oe:team:1fcd541d3a51d70860c46eaae858ba8,7.2157342672169165,0.40240735068912714,-0.957484299898679,0.734095886003671,0.16559101376871777,-1.5392498284679716,1.5675237500349726,0.4583333333333333,0.7083333333333334,
2019,oe:team:246827ba8505ab1bac1083d093120bc,Lowkey Esports.Vietnam,Other,3,-0.5789473684210527,1.526315789473684,0.9473684210526314,-0.0263157894736842,-0.6052631578947367,0.2368421052631578,0.3210526315789473,0.1421052631578947,0.1789473684210526,1.270658018205588,-1.1424421569874053,0.2342499418566716,0.5386193438066798,-0.2410363373325473,-0.371106278192379,oe:team:246827ba8505ab1bac1083d093120bc,10.311230000909774,0.34581557064820967,1.502712044361679,-1.295846079153816,-0.15001217926519347,-0.8040023802722333,0.8144954028460307,0.6666666666666666,0.4583333333333333,
2020,oe:team:274c62a6d7e34e0e66e5f267a39d5f7,Machi Esports,Other,3,-0.8333333333333335,1.0,0.1666666666666666,0.0,-0.1944444444444444,0.0,0.2055555555555555,0.0277777777777777,0.1777777777777777,0.8232398476542576,-1.3879094401912944,-1.6752622086472002,-0.7062224707277746,-0.5523339356153909,0.0948189622369321,oe:team:274c62a6d7e34e0e66e5f267a39d5f7,6.102871129141407,0.4400763358778626,-1.3936627037628466,2.233792284946699,-1.15939526933058,-1.9518845142625731,1.5511115117848824,0.045454545454545456,0.22727272727272727,
2020,oe:team:2e66da41dc460dd378e3bcc57042d31,FlyQuest,LCS,3,-2.628571428571429,2.8000000000000003,0.1714285714285714,0.0,0.0,0.0285714285714285,0.3542857142857142,0.0342857142857142,0.3199999999999999,-2.313916279452132,1.983424487327641,-1.6457078370630156,-0.7062224707277746,1.6355111951925705,0.3084287403661489,oe:team:2e66da41dc460dd378e3bcc57042d31,6.50549105827063,0.3973520493339239,-1.1226884684899991,0.9732451766031326,-1.357833039994134,1.729335474125088,-1.971604741036483,0.09090909090909091,0.045454545454545456,
2024,oe:team:2e66da41dc460dd378e3bcc57042d31,FlyQuest,LCS,2,-3.473684210526316,3.526315789473684,0.0526315789473684,-1.631578947368421,-2.3947368421052633,-1.1842105263157896,0.4473684210526315,0.0105263157894736,0.4368421052631578,-0.3887514607697646,-0.5612680673429981,-1.8946961780493476,-1.0881125192672323,-0.9724103428807624,-0.5344460733632703,oe:team:2e66da41dc460dd378e3bcc57042d31,8.545539561045034,0.38717170958780694,0.29658004883974726,-0.5432888862805983,-2.0149733231983533,-0.42478967383471133,-0.5637094581969984,0.05,0.05,QF
2025,oe:team:2e66da41dc460dd378e3bcc57042d31,FlyQuest,LCS,2,-0.2058823529411764,0.2647058823529412,0.0588235294117647,0.0,0.0,0.0,0.0411764705882352,0.0058823529411764,0.0352941176470588,1.6543765756803377,-1.7980581384686545,-1.3215274491223783,0.6727163879880788,-0.8905084607906265,0.7818458607372355,oe:team:2e66da41dc460dd378e3bcc57042d31,10.152893605930446,0.29477358656467073,-0.18752815569941864,-1.559482933130799,-1.5395799857994064,-1.4231712061074926,1.2029212984127,0.17647058823529413,0.058823529411764705,
2019,oe:team:33d17f3717f58e12a3da80b377221fb,FunPlus Phoenix,LPL,4,-0.375,2.75,2.375,0.0625,-0.125,0.375,0.5625,0.28125,0.28125,1.5050010692044269,0.2689193815823809,3.1341663302937564,1.2046867296559345,1.3401143504401374,0.480583176229641,oe:team:33d17f3717f58e12a3da80b377221fb,8.397075886100424,0.350539886258838,-0.01859354309164914,-1.1263853110399822,2.962363337299957,0.5415905088481822,1.173214464782503,1.0,1.0,Champion
2021,oe:team:33d17f3717f58e12a3da80b377221fb,FunPlus Phoenix,LPL,4,-3.5588235294117645,4.38235294117647,0.8235294117647058,-1.7058823529411764,-1.7058823529411764,-1.7647058823529411,0.5882352941176471,0.1529411764705882,0.4352941176470588,-0.1291061453362731,0.1094151194990054,-0.1003243168574615,-0.1170168514153884,-0.1217336938601999,-0.3005092391053649,oe:team:33d17f3717f58e12a3da80b377221fb,7.93195207534815,0.42209354994564563,-0.11678694625127155,0.6339347299608935,0.011947919593550085,-0.046111549022710946,0.06384170670058542,0.5909090909090909,0.5909090909090909,
2017,oe:team:364547a649dd1c75e258f0d5168509f,Team oNe eSports,Other,2,-0.8421052631578947,0.8421052631578947,0.0,0.0,-0.7894736842105263,0.0,0.1473684210526315,0.0,0.1473684210526315,1.5802284082616829,-1.686152435039311,-0.9728561971326616,0.4515621764554905,1.6620807360281724,-0.2940160867875013,oe:team:364547a649dd1c75e258f0d5168509f,7.039318650036191,0.36042815742731604,-0.7468469145928844,-2.1637679756790678,-1.215815958733308,-1.1739019120283376,0.9776138271717186,0.16666666666666666,0.041666666666666664,
2023,oe:team:407a64574852482edb8c1560eab637c,Team Whales,Other,4,-0.8837209302325582,1.0930232558139537,0.2093023255813953,-0.1627906976744186,-0.1627906976744186,-0.1627906976744186,0.2,0.027906976744186,0.1720930232558139,0.653918966966153,-0.9545382398381556,-1.1898728658978166,0.7200237378814499,0.7200237378814499,0.5061636392970414,oe:team:407a64574852482edb8c1560eab637c,7.158496616281617,0.5195006481832962,0.43672663851183974,1.4049392581801317,-1.0262166010202276,-1.287926266792644,1.0475528632670412,0.13636363636363635,0.13636363636363635,
2017,oe:team:418bd4b8f699d70c4509d7f9c768a3a,Gambit Esports,Other,2,-1.2272727272727273,1.4545454545454546,0.2272727272727273,0.0909090909090909,-1.3181818181818183,0.0909090909090909,0.209090909090909,0.0272727272727272,0.1818181818181818,0.8314025085031045,-0.5223798157334477,1.9935624370746756,1.2286439151545343,0.4293020034722078,0.8273170952378035,oe:team:418bd4b8f699d70c4509d7f9c768a3a,8.145086496015491,0.370944662274142,0.5676182608004778,-1.8163333744344408,1.6433538823884377,-0.07298565424079267,0.2671899690656988,1.0,0.9166666666666666,
2018,oe:team:418bd4b8f699d70c4509d7f9c768a3a,Gambit Esports,Other,3,-0.3125,0.5416666666666667,0.2291666666666666,-0.2083333333333333,-0.2083333333333333,-0.3125,0.0833333333333333,0.0249999999999999,0.0583333333333333,0.9372213122196268,-1.0990909201515802,-0.4915354038048933,1.0020865961351215,1.0020865961351215,0.6378769208924236,oe:team:418bd4b8f699d70c4509d7f9c768a3a,11.172557811765147,0.3288619979402677,1.357643745487295,-1.7103214350834615,-0.922091255166994,-0.6625608304153638,0.3657244069407668,0.3541666666666667,0.2916666666666667,
2017,oe:team:418c28593a78b57ef74e47d0c18640a,Fenerbahçe Esports,Other,3,-2.636363636363636,2.757575757575758,0.1212121212121212,-0.2727272727272727,-2.454545454545454,-0.2121212121212121,0.3878787878787878,0.0121212121212121,0.3757575757575757,-1.9080910005515697,1.9536676581542871,0.6092337411112514,-1.8796830396416415,-2.220335543876583,-2.910460178179879,oe:team:418c28593a78b57ef74e47d0c18640a,7.171729660488739,0.4549868659788231,-0.5894452839419426,0.9601755472220045,0.829798088857034,1.7114040416982939,-1.5956913073495742,0.7916666666666666,0.7916666666666666,
2020,oe:team:4880b157399745e82e26e229d8bbf48,PSG Talon,Other,3,-0.3636363636363636,0.8181818181818182,0.4545454545454546,0.0,-0.0909090909090909,0.0,0.2121212121212121,0.0787878787878787,0.1333333333333333,1.6440294299813456,-1.7284482207487624,0.1114338916694269,-0.7062224707277746,0.61262256260703,0.0948189622369321,oe:team:4880b157399745e82e26e229d8bbf48,7.355382756155194,0.38689637736121646,-0.5506880873933744,0.6647586426634565,0.2815969586253754,-1.8984899595099147,1.8672797805272718,0.5909090909090909,0.6363636363636364,
2021,oe:team:4880b157399745e82e26e229d8bbf48,PSG Talon,Other,4,-2.441176470588235,3.88235294117647,1.441176470588235,-1.2352941176470589,-1.2352941176470589,-1.7058823529411764,0.5941176470588236,0.188235294117647,0.4058823529411763,1.09801195281453,-0.544482139265436,1.726218425396262,0.8279672636101547,0.8253066645459134,-0.2025342414976174,oe:team:4880b157399745e82e26e229d8bbf48,7.826626855298831,0.4219637033458147,-0.21953869388431946,0.6294274220537533,1.8503750484291048,-0.7005848247887356,1.2946484274028727,0.9545454545454546,1.0,
2023,oe:team:4880b157399745e82e26e229d8bbf48,PSG Talon,Other,4,-1.0344827586206895,1.4137931034482758,0.3793103448275862,-0.3103448275862069,-0.3103448275862069,-0.4137931034482758,0.2206896551724138,0.0413793103448275,0.1793103448275862,0.4901498811458997,-0.6196747431675608,-0.5423070090042471,0.1400624202012458,0.1400624202012458,-0.4888646042475164,oe:team:4880b157399745e82e26e229d8bbf48,6.681149360472179,0.5179413972866372,-0.19296450343531005,1.357330652403775,-0.3089088021652406,-0.9517491296534714,0.9004853387759157,0.3181818181818182,0.4090909090909091,
2024,oe:team:4880b157399745e82e26e229d8bbf48,PSG Talon,Other,3,-3.5,4.321428571428571,0.8214285714285714,-0.7142857142857144,-0.9642857142857144,-0.2142857142857145,0.5642857142857143,0.1071428571428571,0.4571428571428571,-0.4468569403104865,1.1836322732453826,1.4785391182492909,1.2252301729988468,1.4683135428553284,1.573934225129911,oe:team:4880b157399745e82e26e229d8bbf48,7.053831460933009,0.42884982727087995,-0.7221968752954192,1.0654465913376199,1.731626976416972,0.9137013905657999,-0.09687828409449356,0.95,0.95,
2025,oe:team:4880b157399745e82e26e229d8bbf48,PSG Talon,Other,3,-1.6666666666666667,1.8333333333333337,0.1666666666666666,-0.25,0.0,-0.2916666666666667,0.2083333333333333,0.0166666666666666,0.1916666666666666,-1.5653163654545166,1.3772716928457809,-0.286189944829241,-1.6584167667271323,-0.8905084607906265,-1.56008712918925,oe:team:4880b157399745e82e26e229d8bbf48,8.866681092086278,0.35300298062593144,-1.3951548334694155,1.660809392027284,0.1413068406302429,0.9521315110279056,-1.0066109935182388,0.4117647058823529,0.6470588235294118,
2018,oe:team:4bd1751425ef6a9bc9d4d8e9385b4a6,100 Thieves,LCS,3,-1.0294117647058822,1.323529411764706,0.2941176470588235,-0.2941176470588235,-0.2941176470588235,-0.2941176470588235,0.2058823529411764,0.0411764705882352,0.1647058823529411,-0.1223021651154748,0.1076629421534287,-0.081966805717801,0.6501233106392077,0.6501233106392077,0.7219533803753996,oe:team:4bd1751425ef6a9bc9d4d8e9385b4a6,9.272000740314663,0.3583673305331699,-0.0031365552798011294,-0.4493956741417555,-0.15103556757075856,0.21652048057711892,-0.2548847591168397,0.5416666666666666,0.5,
2021,oe:team:4bd1751425ef6a9bc9d4d8e9385b4a6,100 Thieves,LCS,4,-4.181818181818182,4.999999999999999,0.8181818181818182,-2.0,-2.0,-2.121212121212121,0.606060606060606,0.1272727272727272,0.4787878787878787,-0.813121735932295,0.9171705567962564,-0.1161385397341169,-0.7076319233063532,-0.713633917864021,-0.8942971033947436,oe:team:4bd1751425ef6a9bc9d4d8e9385b4a6,7.383374875328594,0.42629217502196715,-0.6519604401899431,0.7796797554776095,0.08418509336795334,0.7176340282394714,-0.5509800426118867,0.5454545454545454,0.6363636363636364,
2022,oe:team:4bd1751425ef6a9bc9d4d8e9385b4a6,100 Thieves,LCS,3,-3.40625,3.65625,0.25,-0.59375,-0.59375,-0.65625,0.4375,0.025,0.4125,-1.4188027539869654,1.1959164595022265,-0.718818235249941,-0.0113707744775277,-3.255033394851208e-05,-0.2236913819815882,oe:team:4bd1751425ef6a9bc9d4d8e9385b4a6,7.596970271835694,0.39691315205327415,-0.6810066402048129,1.7570024661156012,-0.36389576827800696,0.7590597637287315,-0.8665749227246741,0.25,0.4583333333333333,
2024,oe:team:4bd1751425ef6a9bc9d4d8e9385b4a6,100 Thieves,LCS,2,-3.125,3.4375,0.3125,-0.5625,-0.84375,0.0,0.45625,0.03125,0.425,0.3811461431448048,-0.7561771479406361,-0.7544766677479129,1.6080220221801709,1.6739790082598316,2.03973917479701,oe:team:4bd1751425ef6a9bc9d4d8e9385b4a6,8.806362410711955,0.3568196382796924,0.47471161526878214,-1.7148498071422649,-1.077625691728801,-0.3328854336235516,-0.14855274207210717,0.2,0.1,
2025,oe:team:4bd1751425ef6a9bc9d4d8e9385b4a6,100 Thieves,LCS,2,-0.3888888888888889,0.4444444444444444,0.0555555555555555,0.0,0.0,-0.0277777777777777,0.0666666666666666,0.0055555555555555,0.0611111111111111,1.2510145964777608,-1.4342182619638753,-1.3529013128888372,0.6727163879880788,-0.8905084607906265,0.5588046236013797,oe:team:4bd1751425ef6a9bc9d4d8e9385b4a6,10.373570216568973,0.3099993352610762,0.01966541402449977,-0.7174449476378298,-1.4661882007922502,-1.2600302927064122,1.0381455955581353,0.11764705882352941,0.11764705882352941,
2020,oe:team:4f5a0b869cd5960c307d1c45e9399a3,Legacy Esports,Other,3,-1.16,1.7200000000000002,0.56,0.16,-0.12,0.0,0.272,0.08,0.192,0.2523939316874189,-0.03937586918372,0.7659288842064652,2.9013551138847995,0.2852982001796572,0.0948189622369321,oe:team:4f5a0b869cd5960c307d1c45e9399a3,8.944513281320784,0.3191111111111112,0.5188402634182832,-1.3351933348141214,0.4960515364829129,0.2926247739731255,-0.16732355456718223,0.7727272727272727,0.7272727272727273,
2019,oe:team:50b9075ca20fb326456aded56aa7937,Flamengo MDL,Other,3,-0.6666666666666666,1.5238095238095235,0.8571428571428571,-0.0476190476190476,-0.238095238095238,0.0952380952380952,0.2571428571428572,0.1142857142857142,0.1428571428571428,1.1698653080985604,-1.1453328104202158,0.0509767533840187,0.3788571489645305,0.967775538772858,-1.2440396872598465,oe:team:50b9075ca20fb326456aded56aa7937,9.85292623430548,0.3505777310924369,1.138467558773087,-1.1250278203261133,-0.2622876129480524,-0.8542039451387915,0.7819515776350747,0.5416666666666666,0.375,
2018,oe:team:5203ff881d5c82c5f720eb3a2f3b44c,Papara SuperMassive,Other,3,-0.0833333333333333,0.6666666666666666,0.5833333333333334,-0.5,-0.5,-0.5833333333333334,0.1333333333333333,0.0611111111111111,0.0722222222222222,1.2759065947181978,-0.9061616192815006,1.7417726121794417,-0.1945885745509852,-0.1945885745509852,-0.6008495821567547,oe:team:5203ff881d5c82c5f720eb3a2f3b44c,9.799927569046384,0.35015004748338086,0.3748538979278475,-0.8005655465641106,1.5721502111109809,-0.7060628022390837,1.0211339730723932,0.9583333333333334,0.9583333333333334,
2020,oe:team:5203ff881d5c82c5f720eb3a2f3b44c,Papara SuperMassive,Other,3,-1.3076923076923077,1.8846153846153848,0.576923076923077,0.0,-0.0384615384615384,-0.3461538461538461,0.3153846153846155,0.1076923076923076,0.2076923076923077,-0.0056965295346372,0.2689427036748492,0.8709605739902605,-0.7062224707277746,1.2027506198679183,-2.493145657405502,oe:team:5203ff881d5c82c5f720eb3a2f3b44c,6.653680374155267,0.36805184344451364,-1.0229530017576562,0.10876520992696476,1.0130208263351552,0.22597481770248098,0.07640517162191839,0.8181818181818182,0.8636363636363636,
2018,oe:team:53a258f289c26d94431c0496a54e151,Invictus Gaming,LPL,3,-0.4909090909090909,0.8909090909090909,0.3999999999999999,-0.2545454545454545,-0.2545454545454545,-0.2545454545454545,0.1709090909090909,0.0618181818181818,0.109090909090909,0.673550621216607,-0.5600581462054787,0.5857072862581385,0.8124835171432968,0.8124835171432968,0.9029470676987514,oe:team:53a258f289c26d94431c0496a54e151,9.493688361866836,0.3904974034912094,0.15558961656931775,0.9236997338210257,0.7094119375043334,-0.7813852377172543,0.9387780387538026,0.7083333333333334,0.75,Champion
2019,oe:team:53a258f289c26d94431c0496a54e151,Invictus Gaming,LPL,4,-3.2325581395348832,4.046511627906977,0.813953488372093,-0.2325581395348837,-0.8837209302325582,0.441860465116279,0.4883720930232558,0.0976744186046511,0.3906976744186046,-1.7784386633576983,1.7642779309497687,-0.0367528542763402,-1.0080797709647162,-1.1577914350535694,0.8927518269299982,oe:team:53a258f289c26d94431c0496a54e151,10.02133907035319,0.4043570578023902,1.2723164408960188,0.8040317015252378,-0.06827517121312619,1.5900835283206245,-1.6031145698355438,0.5,0.5833333333333334,SF
2025,oe:team:53a258f289c26d94431c0496a54e151,Invictus Gaming,LPL,3,-1.28,1.46,0.18,-0.2,0.0,-0.3,0.188,0.028,0.16,-0.7130701265393576,0.6215431929929449,-0.1581845806620894,-1.1921901357840905,-0.8905084607906265,-1.6269995003300064,oe:team:53a258f289c26d94431c0496a54e151,10.85758542192676,0.33356803844998495,0.4741079483219105,0.5859880558607543,-0.12567184573527274,0.4872302398142029,-0.5631521513720739,0.47058823529411764,0.47058823529411764,
2019,oe:team:5737b101780a9835142549164be1ac4,Isurus,Other,4,-1.8571428571428563,3.476190476190476,1.619047619047619,-0.0952380952380952,-0.7142857142857143,0.0,0.4857142857142855,0.1619047619047619,0.3238095238095237,-0.1980357576396685,1.1064862137392582,1.598617011597534,0.021741654611491,-0.5999668261420027,-1.831145342915842,oe:team:5737b101780a9835142549164be1ac4,11.185487503897281,0.3457224556489262,2.1975426297768768,-1.299186105646966,1.1287632768618066,1.4570171008932322,-0.6891307655059264,0.9583333333333334,0.9583333333333334,
2022,oe:team:5737b101780a9835142549164be1ac4,Isurus,Other,4,-2.5517241379310347,3.03448275862069,0.4827586206896551,-0.1034482758620689,-0.1034482758620689,-0.0689655172413793,0.3448275862068966,0.0482758620689655,0.296551724137931,-0.0007633514328149,-0.1004740381046991,-0.1242669074651516,2.2567538213452547,2.26497898342123,2.3761167282818603,oe:team:5737b101780a9835142549164be1ac4,8.687329156149591,0.3441039684239513,0.21067999494192563,-0.8162537735872585,-0.2762123397118621,0.10076110769023292,-0.2521490325696242,0.625,0.5416666666666666,
2017,oe:team:594b183f8fb081ef64820f31ab8d641,Misfits Gaming,LEC,2,-1.2571428571428571,1.3428571428571427,0.0857142857142857,0.0,-1.1428571428571428,0.0,0.2228571428571428,0.0171428571428571,0.2057142857142856,0.7733302958687659,-0.7346124563523967,0.1459074020541054,0.4515621764554905,0.8381032250631648,-0.2940160867875013,oe:team:594b183f8fb081ef64820f31ab8d641,8.060908355126175,0.409468438538206,0.46755274060046914,-0.5436203352936925,0.0046450461539382926,-0.595277725850528,0.5899215495733845,0.625,0.6666666666666666,QF
2016,oe:team:5b90b1fda6971ccdccf9eb32286aa50,H2k-Gaming,LEC,3,-4.216216216216217,4.54054054054054,0.3243243243243243,-0.7567567567567568,-0.7567567567567568,-0.3783783783783784,0.4702702702702702,0.0486486486486486,0.4216216216216216,0.3403775490585021,-0.4808156182846705,-0.1730023150905514,-1.6418131928940654,-1.6418131928940654,-1.0449455058080257,oe:team:5b90b1fda6971ccdccf9eb32286aa50,6.750135747736732,0.4389061130956393,0.5535523714362548,0.5244084293063792,-0.15973375050295818,-0.5989151960527023,0.46822579953895127,0.5625,0.5625,SF
2020,oe:team:5f401785b6b78326f9a46b3c6b206ed,LGD Gaming,LPL,3,-0.6603773584905661,1.207547169811321,0.5471698113207547,0.0377358490566037,-0.1886792452830188,0.0377358490566037,0.2415094339622641,0.0679245283018867,0.1735849056603773,1.1254782513717794,-0.9991812095549388,0.6862993698249253,0.1446212992280211,-0.4874652120604379,0.3769450842943883,oe:team:5f401785b6b78326f9a46b3c6b206ed,7.540159232539198,0.3917324596090837,-0.42632845995800067,0.8074435178571316,0.8632873139256365,-1.2017826344868094,1.3847971697444994,0.7272727272727273,0.7727272727272727,
2024,oe:team:61450737f7b683db4da7b3e0bf0dced,paiN Gaming,Other,3,-3.782608695652174,4.391304347826087,0.6086956521739131,-1.5217391304347825,-2.4782608695652177,-1.434782608695652,0.4695652173913044,0.0782608695652174,0.3913043478260869,-1.0708592640738943,1.3369768915209577,0.5451351131184997,-0.8111049837713648,-1.1149241868630675,-1.0791287490609518,oe:team:61450737f7b683db4da7b3e0bf0dced,5.909728564274058,0.4310276679841897,-1.5035733589820106,1.149509159775677,0.9068867458689783,1.033987043500518,-0.6578773984730515,0.85,0.85,
2017,oe:team:62c1cd9465dc63824593ee5046f5aa8,Team WE,LPL,2,-1.310344827586207,1.413793103448276,0.1034482758620689,0.0,-1.293103448275862,0.0,0.2275862068965517,0.0206896551724137,0.2068965517241379,0.6698973294375895,-0.5998183493995435,0.3773757329203332,0.4515621764554905,0.4877767631378366,-0.2940160867875013,oe:team:62c1cd9465dc63824593ee5046f5aa8,8.05027559816898,0.4274054567835829,0.45491320799923285,0.04896635318969555,0.32924352901721277,-0.6042988285244423,0.6621355544300486,0.75,0.75,SF
2022,oe:team:658a021a796aa5501503220adb38cf4,LOUD,Other,4,-2.3448275862068964,3.275862068965517,0.9310344827586208,-0.7241379310344828,-0.7241379310344828,-0.8275862068965517,0.4482758620689654,0.0896551724137931,0.3586206896551724,0.342570274406274,0.4028040753510213,1.0207949090092576,-0.6145423702897402,-0.602376276893018,-0.9821675095630348,oe:team:658a021a796aa5501503220adb38cf4,6.935521281322846,0.3863920080775939,-1.2219342495971466,1.244334071650997,1.3627174173647552,0.0814068101953826,0.7698006713467056,0.875,0.9166666666666666,
2023,oe:team:658a021a796aa5501503220adb38cf4,LOUD,Other,4,-0.0909090909090908,0.9090909090909092,0.8181818181818181,-0.409090909090909,-0.409090909090909,-0.5909090909090908,0.2636363636363636,0.1090909090909091,0.1545454545454545,1.5151321237820397,-1.146552013042681,1.1293681447261508,-0.2480589260427444,-0.2480589260427444,-1.1909909817356088,oe:team:658a021a796aa5501503220adb38cf4,6.089765864956858,0.47035718259708464,-0.9730861949034614,-0.09555811821457351,1.2337450988604142,-1.139193645244696,1.534447593355932,0.8636363636363636,0.9090909090909091,
2021,oe:team:67169969ecc058b307edfa9c6b7a3c0,RED Canids,Other,4,-3.1818181818181817,4.2272727272727275,1.0454545454545454,-1.2727272727272727,-1.2727272727272727,-1.1818181818181817,0.6,0.1727272727272727,0.4272727272727272,0.284826036097371,-0.0933979340215155,0.5559659325237467,0.752798072642214,0.749973908763609,0.6703339190077696,oe:team:67169969ecc058b307edfa9c6b7a3c0,7.535817557074847,0.426195682516051,-0.5032424792309115,0.7763302535617962,0.7375628044555806,-0.2897080585394623,0.5387128050458889,0.7727272727272727,0.7727272727272727,
2022,oe:team:692bccdba8ec7050f5aeb916815439e,Chiefs Esports Club,Other,3,-1.4347826086956523,2.130434782608696,0.6956521739130435,-0.6956521739130435,-0.6956521739130435,-0.8260869565217391,0.3130434782608696,0.0695652173913043,0.2434782608695652,1.8527406431332776,-1.9854225003022163,0.4195417144056381,-0.4827679073886171,-0.4707826779897069,-0.9755305841917998,oe:team:692bccdba8ec7050f5aeb916815439e,6.6809479410633115,0.372094546435245,-1.430122258554334,0.5476553908872592,0.6792851943162697,-2.1413639428437863,2.084367422798897,0.7916666666666666,0.7916666666666666,
2018,oe:team:6db10eb2b230fe5af5947ce5d46bc9a,Ascension Gaming,Other,4,-1.380952380952381,1.9047619047619049,0.5238095238095237,-0.5714285714285714,-0.5714285714285714,-0.4761904761904761,0.2571428571428571,0.0571428571428571,0.2,-0.6418438360529315,1.0047571702888136,1.3664267271400568,-0.4876518816577868,-0.4876518816577868,-0.1108039325988377,oe:team:6db10eb2b230fe5af5947ce5d46bc9a,8.55711256796614,0.3679948169744088,-0.514989504500015,-0.03796002505520988,1.4236157005909729,1.005594895138605,-0.6278961547879257,0.9166666666666666,0.9166666666666666,
2017,oe:team:6f0162b86d2a0d206ba9a08a1da14be,Hong Kong Attitude,Other,2,-1.6285714285714286,1.6285714285714286,0.0,0.0,-1.3714285714285714,0.0,0.2171428571428571,0.0,0.2171428571428571,0.0512149561548148,-0.1916917477922952,-0.9728561971326616,0.4515621764554905,0.3051475583964362,-0.2940160867875013,oe:team:6f0162b86d2a0d206ba9a08a1da14be,7.64480682749971,0.4173575261947355,-0.027081797274497044,-0.28298792328491806,-1.0132752537517424,-0.12355096271598633,-0.031046742169086643,0.16666666666666666,0.08333333333333333,
2019,oe:team:6f0162b86d2a0d206ba9a08a1da14be,Hong Kong Attitude,Other,3,-1.2222222222222223,2.0833333333333335,0.8611111111111112,-0.0277777777777777,-0.1388888888888889,0.5,0.311111111111111,0.1055555555555555,0.2055555555555555,0.5315114774207197,-0.4999944315452442,0.059037379728881,0.5276552716116303,1.294388531463454,1.2511593492781354,oe:team:6f0162b86d2a0d206ba9a08a1da14be,8.148864894436493,0.37431175404397937,-0.2158633269425071,-0.2736905915534457,0.04316970861245836,-0.4371719684072854,0.4612187860876347,0.5833333333333334,0.625,
2023,oe:team:7338408a0fe0217451d2c9a567db999,Team BDS,LEC,0,0.0,0.0,0.0,0.0,0.0,0.0,0.0,0.0,0.0,1.6138845657635943,-2.095585604743208,-1.987111963299805,1.3598723655395013,1.3598723655395013,1.1515014458131605,oe:team:7338408a0fe0217451d2c9a567db999,6.237473105663371,0.420692998571137,-0.778238649552793,-1.6119545901114793,-2.1409469395774656,-1.7175735868216417,1.1757900789828615,0.045454545454545456,0.045454545454545456,
2016,oe:team:73f3126d91d35faa5d5ce34abadb865,Royal Never Give Up,LPL,3,-3.261904761904762,3.5238095238095237,0.2619047619047618,-0.3333333333333333,-0.3333333333333333,0.1904761904761905,0.3571428571428571,0.038095238095238,0.3190476190476191,1.5745082431357291,-2.08968240959966,-0.4386452790884384,0.7804956410377921,0.7804956410377921,0.6790871322488975,oe:team:73f3126d91d35faa5d5ce34abadb865,7.28696284785792,0.42598647964501624,1.582669797582757,0.07949839499774244,-0.6201419538409961,-2.0832512410497217,1.5206681567894211,0.3125,0.25,QF
2017,oe:team:73f3126d91d35faa5d5ce34abadb865,Royal Never Give Up,LPL,2,-1.4468085106382975,1.4893617021276593,0.0425531914893617,0.0,-1.25531914893617,0.0,0.2042553191489361,0.0085106382978723,0.1957446808510638,0.4045905479297272,-0.456221199409877,-0.417441644344905,0.4515621764554905,0.5758776975808649,-0.2940160867875013,oe:team:73f3126d91d35faa5d5ce34abadb865,8.874659405586652,0.4403279504056329,1.4348872685119336,0.47588779563245115,-0.5195829116733502,-0.548252212943074,0.4750499823449294,0.5,0.4583333333333333,SF
2018,oe:team:73f3126d91d35faa5d5ce34abadb865,Royal Never Give Up,LPL,3,-0.7678571428571429,1.1964285714285714,0.4285714285714285,-0.5357142857142857,-0.5357142857142857,-0.5535714285714286,0.1821428571428571,0.0464285714285714,0.1357142857142857,0.2642492573848038,-0.088508867974972,0.7658733110770425,-0.341120228104386,-0.341120228104386,-0.4647257906128889,oe:team:73f3126d91d35faa5d5ce34abadb865,10.7552186929417,0.3922621096631424,1.0588330124841416,0.9991153715087837,0.7906396350325935,-0.3134469209725764,0.5076239797252462,0.7916666666666666,0.8333333333333334,QF
2019,oe:team:73f3126d91d35faa5d5ce34abadb865,Royal Never Give Up,LPL,4,-3.5833333333333335,4.027777777777778,0.4444444444444443,-0.3055555555555556,-0.9722222222222224,0.0833333333333332,0.4277777777777778,0.0555555555555555,0.3722222222222221,-2.181492302960103,1.7426708567436628,-0.7873283864816354,-1.555518445447767,-1.4491606071375525,-1.3174278942168465,oe:team:73f3126d91d35faa5d5ce34abadb865,8.020895054334336,0.43331794398276396,-0.3175694702810808,1.842856035433523,-0.4636369365181976,1.2909090182366647,-1.621661996933066,0.2916666666666667,0.3333333333333333,
2021,oe:team:73f3126d91d35faa5d5ce34abadb865,Royal Never Give Up,LPL,4,-4.6944444444444455,5.083333333333334,0.3888888888888888,-2.7222222222222223,-2.7222222222222223,-2.7222222222222223,0.4944444444444443,0.0777777777777777,0.4166666666666667,-1.3759585988666958,1.0261534332569984,-1.3856692095545269,-2.1579200442830553,-2.1670778012511813,-1.8953244779425884,oe:team:73f3126d91d35faa5d5ce34abadb865,7.005808839781106,0.43538777606574214,-1.0203011849918031,1.095411353826531,-1.091450335499561,0.7441205669322044,-1.002565545123304,0.045454545454545456,0.13636363636363635,QF
2022,oe:team:73f3126d91d35faa5d5ce34abadb865,Royal Never Give Up,LPL,3,-2.1296296296296293,2.4629629629629632,0.3333333333333333,-0.5555555555555556,-0.5555555555555556,-0.5555555555555556,0.3185185185185185,0.037037037037037,0.2814814814814815,0.6996796321463135,-1.292098142715469,-0.5059541796232879,0.1653158545987768,0.1764115715873949,0.2220657272399326,oe:team:73f3126d91d35faa5d5ce34abadb865,8.131743225255311,0.3701572194545649,-0.243673664555903,0.45325440986903454,-0.40606948823918987,-1.4058981781327031,0.8454598460074219,0.3333333333333333,0.4166666666666667,QF
2025,oe:team:740de582f50775c516c77ed7b923fd5,Team Secret Whales,Other,3,-1.46875,1.84375,0.375,-0.125,0.0,-0.21875,0.25,0.05,0.2,-1.129091189285658,1.3983578675068529,1.7138938702825022,-0.4928501893695268,-0.8905084607906265,-0.9746038817076284,oe:team:740de582f50775c516c77ed7b923fd5,9.997050265112998,0.3313713773528533,-0.3338496802517397,0.46450489454493915,1.8265584903449925,1.2803671913006234,-0.9755824356531453,1.0,1.0,
2019,oe:team:76b516358ee227ba806ba5d955b6314,Griffin,LCK,3,-1.3714285714285714,1.7142857142857144,0.3428571428571428,-0.0285714285714285,-0.4857142857142857,0.3714285714285714,0.2342857142857142,0.0514285714285714,0.1828571428571428,0.3600678771815283,-0.9256431495266084,-0.993680420910104,0.5217033467057464,0.1525495090171303,0.4585667141425409,oe:team:76b516358ee227ba806ba5d955b6314,8.535361273062179,0.4184105494505495,0.09131105143417703,1.3081291593709266,-0.8026930110863064,-1.2411781727184976,0.7419826792424924,0.16666666666666666,0.25,QF
2017,oe:team:78f183fa5a7d8ecb22b9ad272c3abd7,Fnatic,LEC,2,-1.525,1.5500000000000005,0.025,0.05,-1.5,0.05,0.225,0.005,0.22,0.2525740412673586,-0.3409949426463226,-0.6465501473698546,0.8789571327399649,0.0053599958964015,0.3227171633264163,oe:team:78f183fa5a7d8ecb22b9ad272c3abd7,8.137117243489993,0.41604885701479144,0.5581449297059152,-0.326222530344717,-0.7653064557432042,-0.2528744163323263,0.1289511642086173,0.4166666666666667,0.25,QF
2018,oe:team:78f183fa5a7d8ecb22b9ad272c3abd7,Fnatic,LEC,3,-1.3928571428571428,1.5357142857142856,0.1428571428571428,-0.5357142857142857,-0.5357142857142857,-0.5357142857142857,0.1857142857142857,0.0214285714285714,0.1642857142857142,-0.6594378767022079,0.4351563772438158,-1.035786937112,-0.341120228104386,-0.341120228104386,-0.3830515156865693,oe:team:78f183fa5a7d8ecb22b9ad272c3abd7,10.631795561183006,0.34489308850031664,0.9704632555959505,-1.0252244276354658,-1.3130564421873603,0.6993706467138939,-1.009665330935571,0.16666666666666666,0.16666666666666666,Runner-up
2019,oe:team:78f183fa5a7d8ecb22b9ad272c3abd7,Fnatic,LEC,3,-1.787878787878788,2.9696969696969697,1.1818181818181817,-0.303030303030303,-0.5454545454545454,0.0606060606060606,0.4121212121212121,0.1272727272727272,0.2848484848484848,-0.1184487865421727,0.522311433635803,0.7104825452363688,-1.536580502565409,-0.0441308967630973,-1.4575326529529355,oe:team:78f183fa5a7d8ecb22b9ad272c3abd7,7.857837867302814,0.35550337321555037,-0.44716186192096835,-0.9483454886548695,0.6186692227787778,0.744877145709998,-0.37671097454758884,0.8333333333333334,0.8333333333333334,QF
2020,oe:team:78f183fa5a7d8ecb22b9ad272c3abd7,Fnatic,LEC,3,-1.653846153846154,1.961538461538462,0.3076923076923077,0.0,-0.1153846153846153,0.1538461538461538,0.3,0.0461538461538461,0.2538461538461539,-0.6105960480238312,0.4130168031414707,-0.7999981271155733,-0.7062224707277746,0.3372294692186152,1.2450254598557915,oe:team:78f183fa5a7d8ecb22b9ad272c3abd7,8.322955894147336,0.2867206092336983,0.10051512478994397,-2.290850100138437,-1.1663495175469896,0.9698232141982635,-1.2921440334277092,0.2727272727272727,0.18181818181818182,QF
2021,oe:team:78f183fa5a7d8ecb22b9ad272c3abd7,Fnatic,LEC,4,-1.3030303030303032,2.6666666666666665,1.3636363636363638,-0.6060606060606061,-0.6060606060606061,-0.3030303030303029,0.4666666666666666,0.206060606060606,0.2606060606060606,2.3476370017288644,-2.1343499841044697,1.4969121936847565,2.0915255689284007,2.0916144165056028,2.134021004481088,oe:team:78f183fa5a7d8ecb22b9ad272c3abd7,7.525850993033731,0.3175402990645485,-0.5129655244108017,-2.995376280316661,1.0967932103853872,-1.4167665213526202,1.4879680444314176,0.8636363636363636,0.8636363636363636,
2022,oe:team:78f183fa5a7d8ecb22b9ad272c3abd7,Fnatic,LEC,3,-3.15625,3.34375,0.1875,-0.46875,-0.46875,-0.53125,0.4125,0.025,0.3875,-1.0039412894314004,0.5443510447604437,-0.8784662769699308,0.5668763752267421,0.5774209395904487,0.3296622708451274,oe:team:78f183fa5a7d8ecb22b9ad272c3abd7,7.461466130147917,0.36495144284128744,-0.7918208261469497,0.199590250872694,-0.7506692219942954,0.4831250274423642,-0.9063049692965012,0.125,0.25,
2023,oe:team:78f183fa5a7d8ecb22b9ad272c3abd7,Fnatic,LEC,4,-0.6285714285714286,0.9428571428571428,0.3142857142857143,-0.4285714285714285,-0.4285714285714285,-0.4571428571428571,0.2,0.0457142857142857,0.1542857142857143,0.9310819669197,-1.1113021939223755,-0.7899878583120571,-0.3246270827847561,-0.3246270827847561,-0.6607124761586347,oe:team:78f183fa5a7d8ecb22b9ad272c3abd7,6.806313766402276,0.4469484309852974,-0.027854268188198306,-0.8102975033835593,-0.9118065056230579,-0.9153834973224236,0.6931091233980381,0.22727272727272727,0.22727272727272727,
2024,oe:team:78f183fa5a7d8ecb22b9ad272c3abd7,Fnatic,LEC,3,-2.806451612903226,3.129032258064516,0.3225806451612903,-0.9032258064516128,-1.4838709677419355,-0.9677419354838708,0.3999999999999999,0.0387096774193548,0.3612903225806451,1.084503601133708,-1.4331194386184554,-0.7102460211661913,0.7487378521962889,0.5817651567389044,-0.0638960817640788,oe:team:78f183fa5a7d8ecb22b9ad272c3abd7,7.424545224144954,0.4192262473363216,-0.46901421349229877,0.693985610778352,-0.5455662027704065,-1.6089180609551899,1.3123964127827494,0.25,0.3,
2025,oe:team:78f183fa5a7d8ecb22b9ad272c3abd7,Fnatic,LEC,2,-0.36,0.4399999999999999,0.08,0.08,0.08,0.08,0.0639999999999999,0.008,0.0559999999999999,1.314688166051882,-1.443215029819266,-1.118224811915726,1.4186789974969465,0.028230099889976,1.4242046236885002,oe:team:78f183fa5a7d8ecb22b9ad272c3abd7,11.287626556705124,0.32407155635062607,0.8778741543780852,0.060798863811236066,-1.2163158961165248,-1.4436956097349036,1.2897575961991554,0.23529411764705882,0.23529411764705882,
2019,oe:team:7b13b2cc48c457832262d00d5ffa6d6,Clutch Gaming,LCS,4,-2.783783783783784,3.783783783783784,1.0,-0.4054054054054054,-1.135135135135135,0.2972972972972973,0.518918918918919,0.1189189189189189,0.4,-1.2627803709710486,1.4612553282904222,0.3411593017990529,-2.304334943742091,-1.9855121054045952,0.0015763659562527,oe:team:7b13b2cc48c457832262d00d5ffa6d6,7.826764149120033,0.3945380109173212,-0.4718582125066809,0.4518233893739163,0.46876186911237055,1.3440971552346819,-1.1062749019687501,0.75,0.7916666666666666,
2019,oe:team:7bd8d762a338118fce3df129202eaed,MAMMOTH,Other,3,-1.8095238095238095,1.952380952380952,0.1428571428571428,-0.0952380952380952,-0.2857142857142857,0.3333333333333333,0.219047619047619,0.019047619047619,0.2,-0.1433197150101403,-0.6510310734095996,-1.3999359886911515,0.021741654611491,0.811001302281372,0.2237244518801428,oe:team:7bd8d762a338118fce3df129202eaed,6.9032346059194385,0.43019666199813267,-1.2058485654147169,1.730895936615073,-0.9847862891985363,-1.090082640670322,0.4268382460893061,0.041666666666666664,0.08333333333333333,
2016,oe:team:7cd8dc1c987b84b99e3d246d1943c92,Flash Wolves,Other,3,-4.833333333333333,5.266666666666667,0.4333333333333333,-0.6,-0.6,-0.1999999999999999,0.5733333333333334,0.0866666666666666,0.4866666666666666,-0.4576880852099123,0.6682003863481359,0.2909143663655517,-0.7450435394809944,-0.7450435394809944,-0.5043325564082752,oe:team:7cd8dc1c987b84b99e3d246d1943c92,5.814645709064427,0.3788702669149596,-1.2398166678071079,-1.5430302860471174,0.20424729740638256,1.022014544702889,-0.8528743943651125,0.75,0.75,
2017,oe:team:7cd8dc1c987b84b99e3d246d1943c92,Flash Wolves,Other,2,-1.4594594594594594,1.675675675675676,0.2162162162162162,0.1081081081081081,-1.3513513513513515,0.1081081081081081,0.2432432432432432,0.027027027027027,0.2162162162162162,0.3799951212220815,-0.102183198543197,1.8492501791943183,1.375659379232732,0.3519612318198646,1.0394612107561043,oe:team:7cd8dc1c987b84b99e3d246d1943c92,7.836042281159767,0.4829417600232283,0.20024652037438018,1.8837235897149514,2.115855929499343,-0.5554414924640498,0.9265984412080015,0.9583333333333334,1.0,
2018,oe:team:7cd8dc1c987b84b99e3d246d1943c92,Flash Wolves,Other,2,-0.8648648648648649,0.918918918918919,0.054054054054054,-0.4324324324324324,-0.4324324324324324,-0.4324324324324324,0.1027027027027027,0.0054054054054054,0.0972972972972973,0.1208816018238081,-0.5168268139220602,-1.595762419657243,0.0826334727122053,0.0826334727122053,0.0893348311845754,oe:team:7cd8dc1c987b84b99e3d246d1943c92,9.195151255601624,0.3934170148260435,-0.058160035759550456,1.0484708453629208,-1.4266031337271765,-0.771862032913756,0.43340477368584035,0.041666666666666664,0.08333333333333333,
2016,oe:team:7d6673d3a9d00363c6bebc1a630da6e,G2 Esports,LEC,3,-4.75,5.03125,0.28125,-0.4375,-0.4375,-0.1875,0.50625,0.05,0.45625,-0.3499200981006741,0.2956789909255427,-0.3563164996535262,0.184581898647641,0.184581898647641,-0.4664486944238232,oe:team:7d6673d3a9d00363c6bebc1a630da6e,7.118133636932578,0.45731432566811697,1.25901794959183,1.1583272257244563,-0.33145519246405153,0.035407177036683224,-0.0692997503727063,0.5,0.5,
2017,oe:team:7d6673d3a9d00363c6bebc1a630da6e,G2 Esports,LEC,2,-1.738095238095238,1.761904761904762,0.0238095238095238,0.0,-1.6428571428571428,0.0,0.2666666666666666,0.0047619047619047,0.2619047619047619,-0.1617164901710939,0.0616712495357519,-0.6620885306918931,0.4515621764554905,-0.3277372957703036,-0.2940160867875013,oe:team:7d6673d3a9d00363c6bebc1a630da6e,8.117895793693219,0.4325087055908051,0.5352957154967111,0.2175627871013392,-0.6940067192125728,0.01763752839026015,-0.12360782846013031,0.375,0.2916666666666667,
2018,oe:team:7d6673d3a9d00363c6bebc1a630da6e,G2 Esports,LEC,3,-0.8787878787878788,1.0303030303030305,0.1515151515151515,-0.303030303030303,-0.303030303030303,-0.303030303030303,0.1454545454545454,0.0242424242424242,0.1212121212121212,0.1003047876983645,-0.3449127440230867,-0.9811911720153624,0.6135556965617102,0.6135556965617102,0.6811890363836537,oe:team:7d6673d3a9d00363c6bebc1a630da6e,10.781635246260183,0.3830952972346415,1.0777470066545571,0.6073668663725297,-1.0192842873276977,-0.47460569396295194,0.22704660500307444,0.25,0.25,SF
2019,oe:team:7d6673d3a9d00363c6bebc1a630da6e,G2 Esports,LEC,3,-2.0,2.9615384615384617,0.9615384615384616,-0.0384615384615384,-0.653846153846154,0.4230769230769231,0.423076923076923,0.123076923076923,0.3,-0.3621838855282571,0.512901649209416,0.2630332310719286,0.4475332055708842,-0.4009841413643476,0.7769586274021388,oe:team:7d6673d3a9d00363c6bebc1a630da6e,10.062061115156888,0.3476148889465859,1.3046809583677808,-1.2313046966436927,-0.08700717553616805,0.8324848437945402,-0.7896084394388031,0.7083333333333334,0.5416666666666666,Runner-up
2020,oe:team:7d6673d3a9d00363c6bebc1a630da6e,G2 Esports,LEC,3,-2.28125,2.625,0.34375,0.125,-0.15625,0.15625,0.325,0.0375,0.2875,-1.7069764252854946,1.6556559110410771,-0.5762090153603278,2.112197517250799,-0.122578642063827,1.2629974363810863,oe:team:7d6673d3a9d00363c6bebc1a630da6e,9.778660876832456,0.35531905386081986,1.0802444325743346,-0.26690592209687286,-0.7497242508801554,1.7378785090756692,-1.8385863508861235,0.3181818181818182,0.2727272727272727,SF
2022,oe:team:7d6673d3a9d00363c6bebc1a630da6e,G2 Esports,LEC,3,-2.72,3.08,0.36,-0.64,-0.64,-0.6799999999999999,0.392,0.04,0.352,-0.2800080337819399,-0.0055701652816206,-0.437837681822759,-0.2253222198681076,-0.2136903416059755,-0.328828576018664,oe:team:7d6673d3a9d00363c6bebc1a630da6e,8.826308327591908,0.34295390070921994,0.3243360319786315,-0.8722936272571425,-0.6123600165058986,0.21109130341748816,-0.5534985879412546,0.375,0.3333333333333333,
2023,oe:team:7d6673d3a9d00363c6bebc1a630da6e,G2 Esports,LEC,4,-0.8846153846153848,1.2692307692307692,0.3846153846153846,-0.0384615384615384,-0.0384615384615384,-0.3461538461538461,0.2230769230769231,0.0615384615384615,0.1615384615384615,0.6529473418661554,-0.7705887055613184,-0.522099946706407,1.2086993381257858,1.2086993381257858,-0.2207278460645211,oe:team:7d6673d3a9d00363c6bebc1a630da6e,6.94950900077018,0.4299938725490196,0.16104127808998442,-1.3279710159879177,-0.7470520100504543,-0.4461477827337258,0.25284330360960894,0.36363636363636365,0.2727272727272727,
2024,oe:team:7d6673d3a9d00363c6bebc1a630da6e,G2 Esports,LEC,3,-3.130434782608696,3.608695652173913,0.4782608695652174,-1.5,-2.4130434782608696,-1.6304347826086958,0.426086956521739,0.0521739130434782,0.3739130434782608,0.3691460984570467,-0.3804828331654781,-0.0271709922171682,-0.7562805757044753,-1.0036462538905826,-1.5044289204961294,oe:team:7d6673d3a9d00363c6bebc1a630da6e,8.817535309753943,0.396947694296975,0.48234225809951703,-0.16594522719593696,-0.11187558739738707,-0.3324353687783077,0.2965668848528812,0.45,0.55,
2025,oe:team:7d6673d3a9d00363c6bebc1a630da6e,G2 Esports,LEC,2,-0.4482758620689655,0.7241379310344828,0.2758620689655172,-0.1724137931034483,0.0344827586206896,-0.1724137931034483,0.1310344827586206,0.0344827586206896,0.096551724137931,1.1201206537192894,-0.8680423538228963,0.762129847918983,-0.9349616497465496,-0.4945004604972633,-0.6025480249335933,oe:team:7d6673d3a9d00363c6bebc1a630da6e,9.14334157034385,0.290112197632527,-1.1353979343315732,-1.8172742985529917,0.6202940743762919,-0.44607132781834663,0.6388308502642901,0.7647058823529411,0.7058823529411765,QF
2018,oe:team:7e3dd5ff49e1a44784d225d2de40260,inf,Other,3,-1.0666666666666669,1.3,0.2333333333333333,-0.2,-0.2,-0.2,0.1866666666666666,0.0333333333333333,0.1533333333333333,-0.1773611629120344,0.071346838460237,-0.4652611918521364,1.0362773152975815,1.0362773152975815,1.1524248529282362,oe:team:7e3dd5ff49e1a44784d225d2de40260,9.160630814273423,0.37742977368361197,-0.08287633459573954,0.3652477656228043,-0.39866578273876535,-0.018514492119185003,-0.06543078084916021,0.4166666666666667,0.4166666666666667,
2021,oe:team:7e3dd5ff49e1a44784d225d2de40260,inf,Other,4,-3.4499999999999993,4.8999999999999995,1.4500000000000002,-1.4,-1.4,-1.1,0.65,0.21,0.4399999999999999,-0.0096235936742206,0.7863911050433684,1.752311893142745,0.4972228233512143,0.4938425391037734,0.8066082338621816,oe:team:7e3dd5ff49e1a44784d225d2de40260,7.41882731174112,0.39043222506393865,-0.6173742337948291,-0.46511091448141567,1.7560219705665319,0.8890840210930915,-0.11683941412266949,1.0,0.9545454545454546,
2018,oe:team:86e551648da70c86cb473ce5d5f26f7,KaBuM! Esports,Other,4,-2.545454545454546,2.909090909090909,0.3636363636363636,-0.9090909090909092,-0.9090909090909092,-0.7727272727272727,0.3818181818181818,0.0545454545454545,0.3272727272727272,-2.3628609032003345,2.554873111478719,0.3564050728522606,-1.873042060708122,-1.873042060708122,-1.4670918919813547,oe:team:86e551648da70c86cb473ce5d5f26f7,7.236263330135427,0.384580407683504,-1.4607046582951722,0.6708338351626026,0.6389299506189735,2.3685835254579697,-2.093357401831165,0.6666666666666666,0.625,
2021,oe:team:89008bdacc273b554227d6b76869381,Beyond Gaming,Other,4,-4.515151515151515,5.09090909090909,0.5757575757575758,-1.9393939393939392,-1.9393939393939392,-1.7575757575757576,0.6242424242424243,0.103030303030303,0.5212121212121211,-1.17910432660885,1.0360609674807,-0.8330499768091718,-0.5859294236439727,-0.5916665989783852,-0.2886334818195774,oe:team:89008bdacc273b554227d6b76869381,7.8166890564927005,0.4215363799659412,-0.2292336766669557,0.6145939335256189,-0.7099987677920797,0.8833956794773783,-0.9863755006702495,0.2727272727272727,0.3181818181818182,
2022,oe:team:89008bdacc273b554227d6b76869381,Beyond Gaming,Other,4,-2.9729729729729732,4.162162162162163,1.1891891891891893,-1.0270270270270272,-1.0270270270270272,-1.0270270270270272,0.491891891891892,0.1135135135135135,0.3783783783783784,-0.6998029860241117,2.250748036340952,1.6802172024882838,-2.0157004217632744,-2.001611201220542,-1.8650579602986712,oe:team:89008bdacc273b554227d6b76869381,7.1723905418067435,0.37943423423423417,-1.0282244932140567,0.9052995756334279,1.9460249843977757,2.0146590221529213,-0.38217523783710866,0.9583333333333334,0.9583333333333334,
2018,oe:team:8eb884e168f28402ce685bedebb5250,Team Liquid,LCS,3,-1.0,1.4074074074074074,0.4074074074074074,-0.2962962962962963,-0.2962962962962963,-0.2962962962962963,0.2148148148148148,0.0444444444444444,0.1703703703703703,-0.0788345352760862,0.2371231266152685,0.632416996396373,0.6411845605313751,0.6411845605313751,0.7119887629551951,oe:team:8eb884e168f28402ce685bedebb5250,7.917000974215003,0.35327829533691835,-0.9733031537735942,-0.6668782446936375,0.6485246398362479,0.38293412916860026,-0.2282565329213958,0.75,0.6666666666666666,
2019,oe:team:8eb884e168f28402ce685bedebb5250,Team Liquid,LCS,4,-2.166666666666667,3.3750000000000004,1.2083333333333333,-0.125,-0.375,0.1666666666666666,0.4333333333333333,0.1416666666666666,0.2916666666666667,-0.5536900347316097,0.9897760813895302,0.7643421849043108,-0.2014555293591587,0.5170496088598355,-0.8037104455178495,oe:team:8eb884e168f28402ce685bedebb5250,7.5320862934381125,0.377409792497189,-0.7060583037528975,-0.16256423607753104,0.8256685016989254,1.0177086181239892,-0.5672114542353626,0.875,0.875,
2020,oe:team:8eb884e168f28402ce685bedebb5250,Team Liquid,LCS,3,-1.3448275862068966,1.5517241379310345,0.2068965517241379,0.0,-0.2413793103448276,0.0344827586206896,0.2965517241379311,0.0344827586206896,0.2620689655172414,-0.0705899644683438,-0.3545503819479427,-1.4255787245739149,-0.7062224707277746,-1.0804344844311058,0.352623866875642,oe:team:8eb884e168f28402ce685bedebb5250,6.36537082717606,0.38476977277019986,-1.2169932202424134,0.6020148150973895,-1.183529784170215,-0.5202050320921284,0.16668030217746194,0.13636363636363635,0.09090909090909091,
2021,oe:team:8eb884e168f28402ce685bedebb5250,Team Liquid,LCS,4,-3.625,4.78125,1.15625,-1.75,-1.75,-1.3125,0.59375,0.13125,0.4625,-0.201764453779413,0.6310905060868142,0.8836168627494554,-0.2056091121990332,-0.2105187274607732,0.4526735550041939,oe:team:8eb884e168f28402ce685bedebb5250,8.88118731908017,0.39699685736275014,0.8092550801757876,-0.23723572093439524,0.7478671498882453,0.7017227599678058,-0.3113716829995959,0.8181818181818182,0.8181818181818182,
2023,oe:team:8eb884e168f28402ce685bedebb5250,Team Liquid,LCS,5,-0.8387096774193548,1.870967741935484,1.032258064516129,-0.0967741935483871,-0.0967741935483871,0.1612903225806451,0.3096774193548387,0.0967741935483871,0.2129032258064516,0.7028136494176357,-0.1424132450498652,1.944791255428283,0.9795015223695076,0.9795015223695076,1.7908914384443382,oe:team:8eb884e168f28402ce685bedebb5250,8.09309651054858,0.42882934602935785,1.669601170673365,-1.3635275028300828,1.5296351734161924,0.2151384457714725,0.21850695052335306,1.0,1.0,
2024,oe:team:8eb884e168f28402ce685bedebb5250,Team Liquid,LCS,2,-3.741935483870967,4.129032258064515,0.3870967741935484,-1.9032258064516123,-2.8387096774193545,-1.5161290322580645,0.529032258064516,0.0387096774193548,0.4903225806451613,-0.9810524780235772,0.7614124318142109,-0.4271698830431727,-1.7731849188806663,-1.7299441604959394,-1.2559560604820297,oe:team:8eb884e168f28402ce685bedebb5250,6.558481253871524,0.41352597545741787,-1.0605012394548137,0.4739605685393111,-0.22407231695131474,0.6293318891885749,-0.7892503727535087,0.4,0.45,
2017,oe:team:9cae7677cd0dbcc1cd86653870b73c2,GAM Esports,Other,2,-2.0,2.0,0.0,0.0,-1.6923076923076923,0.0,0.2615384615384615,0.0,0.2615384615384615,-0.6709003835591362,0.5141051733358364,-0.9728561971326616,0.4515621764554905,-0.4430402044241637,-0.2940160867875013,oe:team:9cae7677cd0dbcc1cd86653870b73c2,6.372954222942878,0.4275601280915719,-1.5389777734526613,0.05407624140805817,-0.7760656225669194,0.47601236655782153,-0.5797415705256547,0.16666666666666666,0.20833333333333334,
2019,oe:team:9cae7677cd0dbcc1cd86653870b73c2,GAM Esports,Other,3,-1.2727272727272725,2.212121212121212,0.9393939393939392,0.0303030303030303,-0.3333333333333333,0.303030303030303,0.3393939393939393,0.109090909090909,0.2303030303030303,0.4734793109954618,-0.3514542631001351,0.2180515539866141,0.963227957905868,0.6542270657898858,0.0369181068986894,oe:team:9cae7677cd0dbcc1cd86653870b73c2,9.179995894448561,0.3829885571582988,0.6036450603802858,0.037545541192886674,0.14994349038172103,-0.3507520769095188,0.4550779490719035,0.625,0.6666666666666666,
2022,oe:team:9cae7677cd0dbcc1cd86653870b73c2,GAM Esports,Other,3,-1.6122448979591837,2.2040816326530615,0.5918367346938775,-0.3265306122448979,-0.3265306122448979,-0.3265306122448979,0.2979591836734694,0.0612244897959183,0.236734693877551,1.5582515822242695,-1.8318681310427507,0.1543588092593907,1.2247800200433347,1.2344215939432068,1.2359200389950038,oe:team:9cae7677cd0dbcc1cd86653870b73c2,9.045168209708049,0.3148959583833534,0.503317865079898,-2.2394852822171165,-0.2533736762169544,-1.2809695492000353,0.8721960954150905,0.7083333333333334,0.5833333333333334,
2023,oe:team:9cae7677cd0dbcc1cd86653870b73c2,GAM Esports,Other,4,-0.3888888888888889,1.3333333333333333,0.9444444444444444,-0.4444444444444444,-0.4444444444444444,-0.5833333333333333,0.2944444444444444,0.1166666666666666,0.1777777777777777,1.1914435639536094,-0.7036696702491018,1.6103064330017616,-0.3870159512412101,-0.3870159512412101,-1.1609590275362658,oe:team:9cae7677cd0dbcc1cd86653870b73c2,7.912158661027829,0.44504199959024787,1.43091757147055,-0.8685065709050598,1.300878951487016,-0.4699588704208232,0.865009665794725,0.9545454545454546,0.9545454545454546,
2024,oe:team:9cae7677cd0dbcc1cd86653870b73c2,GAM Esports,Other,3,-3.4871794871794877,4.051282051282051,0.5641025641025641,-0.8717948717948719,-1.3846153846153846,-0.3846153846153847,0.4666666666666666,0.0769230769230769,0.3897435897435898,-0.4185491425855204,0.5907871250973634,0.3494749061661344,0.8280042420233558,0.7511211506755231,1.203679008727859,oe:team:9cae7677cd0dbcc1cd86653870b73c2,9.170694598207797,0.37824903407095184,0.7235359162916003,-0.8876956267287174,0.12369399325015815,0.8176628219526427,-0.7160917734736647,0.75,0.6,
2016,oe:team:a22510a4756fa424cb0771b13261139,TSM,LCS,3,-4.0,4.6764705882352935,0.6764705882352942,-0.5882352941176471,-0.5882352941176471,-0.3529411764705882,0.5058823529411764,0.0764705882352941,0.4294117647058823,0.6199917858824732,-0.265721029765977,1.3256492883493152,-0.6777403403404599,-0.6777403403404599,-0.9678527501003962,oe:team:a22510a4756fa424cb0771b13261139,6.015212465420051,0.4693363593103701,-0.8553227701915511,1.5723268504565706,1.6733740309662255,-0.6606529470168256,1.126189066037345,0.875,0.9375,
2017,oe:team:a22510a4756fa424cb0771b13261139,TSM,LCS,2,-1.7916666666666663,1.8125,0.0208333333333333,0.0,-1.770833333333333,0.0,0.2666666666666667,0.0041666666666666,0.2625,-0.2658677410913749,0.1578134583432699,-0.7009344889969892,0.4515621764554905,-0.6261369528883931,-0.2940160867875013,oe:team:a22510a4756fa424cb0771b13261139,7.408417788488981,0.44098253111411,-0.3080857718014637,0.49751323019884275,-0.586323072501235,0.03224171904595577,-0.10386816742266292,0.3333333333333333,0.375,
2020,oe:team:a22510a4756fa424cb0771b13261139,TSM,LCS,3,-2.3170731707317076,2.7560975609756104,0.4390243902439024,0.0,-0.1951219512195122,-0.048780487804878,0.3902439024390244,0.0682926829268292,0.3219512195121951,-1.7695769682727744,1.901196830558887,0.0151036783019063,-0.7062224707277746,-0.5599570893812723,-0.2698806589592917,oe:team:a22510a4756fa424cb0771b13261139,9.471899376580463,0.35041446521463065,0.8737855443575622,-0.4116120257133787,-0.15549653272537303,2.0151359364594708,-1.9338415126283075,0.5454545454545454,0.4090909090909091,
2022,oe:team:a65adb2808377018a2a7832eb2bd7f4,İstanbul Wildcats,Other,3,-3.304347826086956,3.3478260869565215,0.0434782608695652,-0.8695652173913043,-0.8695652173913043,-0.8695652173913043,0.3826086956521738,0.008695652173913,0.3739130434782609,-1.2497016135431205,0.5528497240831621,-1.246350894846429,-1.2872856808902098,-1.2741962291888682,-1.168001419957614,oe:team:a65adb2808377018a2a7832eb2bd7f4,6.846081368451261,0.3724220300129067,-1.295077483539304,0.5636128267289734,-1.0006761925696328,0.39523375408398453,-1.0199591594204205,0.041666666666666664,0.041666666666666664,
2021,oe:team:a9145b7711873f53e610fbba0493484,LNG Esports,LPL,4,-4.254545454545455,4.8545454545454545,0.6,-1.6727272727272726,-1.6727272727272726,-1.6363636363636362,0.5599999999999998,0.1127272727272727,0.4472727272727272,-0.8929724829889986,0.7269458997011471,-0.7613588331016665,-0.0504384251294977,-0.0550103958815872,-0.0867456079611884,oe:team:a9145b7711873f53e610fbba0493484,10.175900258085823,0.4019556598240469,2.072333544228909,-0.06510299221567893,-1.025157921124927,0.7763708513303007,-1.0134452464441082,0.3181818181818182,0.18181818181818182,
2023,oe:team:a9145b7711873f53e610fbba0493484,LNG Esports,LPL,6,-2.230769230769231,2.948717948717949,0.717948717948718,-0.3076923076923077,-0.3076923076923077,-0.1538461538461538,0.3794871794871795,0.0564102564102564,0.3230769230769231,-0.8093484336299471,0.9826900196187583,0.7475771343412048,0.1504881462297778,0.1504881462297778,0.5416217605341909,oe:team:a9145b7711873f53e610fbba0493484,5.876012795589522,0.5137511929268311,-1.2550578888988269,1.229391147660935,1.0912459327676167,0.6643762717240778,-0.3849134045556244,0.7727272727272727,0.8636363636363636,QF
2024,oe:team:a9145b7711873f53e610fbba0493484,LNG Esports,LPL,3,-2.9210526315789473,3.4210526315789473,0.5,-0.8421052631578948,-1.236842105263158,-0.5263157894736842,0.4263157894736842,0.0578947368421052,0.3684210526315789,0.8314636095854019,-0.7922714221253839,0.0682133586721096,0.9028791421093114,1.0032610284903702,0.8956568422813301,oe:team:a9145b7711873f53e610fbba0493484,7.8122153432736665,0.40985659584052864,-0.2042510393060067,0.33232602507392073,0.14458199053450854,-0.8761250680281488,0.9395998027873648,0.55,0.65,QF
2017,oe:team:a9744fc5b0ca952b17ef07c0aa99602,Rampage,Other,3,-2.517241379310345,2.586206896551724,0.0689655172413793,-0.2068965517241379,-2.1724137931034484,0.1379310344827586,0.3862068965517241,0.0137931034482758,0.3724137931034482,-1.6764986683066816,1.6280286960712167,-0.0727015770973318,-1.3169686771354374,-1.562494497638263,1.4073170169750304,oe:team:a9744fc5b0ca952b17ef07c0aa99602,6.8964554413090395,0.42042818911686003,-0.9166734413811384,-0.18154218979799888,0.011479579945417678,1.657140761023676,-1.6853359370342755,0.5416666666666666,0.7083333333333334,
2020,oe:team:af4b23d4634c4e6ecb5659fb1e689e9,V3 Esports,Other,3,-1.238095238095238,1.5238095238095235,0.2857142857142857,0.0,0.0,0.0,0.2285714285714285,0.0476190476190476,0.1809523809523809,0.115923479473772,-0.4068334295376362,-0.9364029190425802,-0.7062224707277746,1.6355111951925705,0.0948189622369321,oe:team:af4b23d4634c4e6ecb5659fb1e689e9,6.329765660149941,0.4124531676231225,-1.2409564724528321,1.4187920196762573,-0.5651893477858658,-0.7708184341680879,0.595612006442739,0.22727272727272727,0.3181818181818182,
2018,oe:team:b3c72a20aa56f5d28022ac04a7dc294,DN SOOPers,LCK,4,-1.5098039215686274,1.8235294117647056,0.3137254901960784,-0.7450980392156863,-0.7450980392156863,-0.6078431372549019,0.2235294117647059,0.0313725490196078,0.192156862745098,-0.8322734524921587,0.8793801456337476,0.0416765446481139,-1.2001979616821674,-1.2001979616821674,-0.7129515281340555,oe:team:b3c72a20aa56f5d28022ac04a7dc294,10.315193473036627,0.39399636143117034,0.7437792526775228,1.0732295243786,0.11647234482819926,0.6313655561827552,-0.5516160770406766,0.5833333333333334,0.5416666666666666,QF
2019,oe:team:b41d715b166da7092724123264e4560,J Team,Other,3,-0.7083333333333334,1.3333333333333337,0.625,0.0,-0.1666666666666666,0.2083333333333333,0.225,0.0916666666666666,0.1333333333333333,1.1219887707977223,-1.3650224713138228,-0.4205698877904115,0.73597264331757,1.2029368935100873,-0.5468517211683516,oe:team:b41d715b166da7092724123264e4560,7.916286347325235,0.4119492998057856,-0.40070896737693706,1.0763647265896648,-0.205157811816651,-1.6323794365218465,1.4594860106690968,0.375,0.4166666666666667,
2020,oe:team:b42d0f31f2727621b963042276817c4,JD Gaming,LPL,3,-1.1590909090909092,1.568181818181818,0.409090909090909,0.0454545454545454,-0.1818181818181818,0.0454545454545454,0.2772727272727272,0.0636363636363636,0.2136363636363636,0.253982556685471,-0.3237257509492068,-0.170676018906883,0.3186575249007976,-0.4102660699785103,0.4346527001697771,oe:team:b42d0f31f2727621b963042276817c4,7.933467283078828,0.39448222666434896,-0.16162137391749676,0.8885732730975914,-0.01356058025988055,-0.541690568511454,0.5243321460917421,0.4090909090909091,0.5,QF
2022,oe:team:b42d0f31f2727621b963042276817c4,JD Gaming,LPL,3,-2.204545454545454,2.6136363636363633,0.4090909090909091,-0.6818181818181818,-0.6818181818181818,-0.6818181818181818,0.359090909090909,0.0454545454545454,0.3136363636363636,0.575360876774444,-0.9779426969544492,-0.312441401780876,-0.4187721754055358,-0.4068747818715917,-0.3368773564234162,oe:team:b42d0f31f2727621b963042276817c4,7.838267345096133,0.36407947716650135,-0.4836758545142409,0.15710159720973277,-0.22894027782351045,-1.0238686113609303,0.6453931427906338,0.5833333333333334,0.625,SF
2023,oe:team:b42d0f31f2727621b963042276817c4,JD Gaming,LPL,6,-2.1666666666666665,2.6666666666666665,0.5,-0.0833333333333333,-0.0833333333333333,0.0416666666666666,0.2833333333333333,0.05,0.2333333333333333,-0.7397153014634658,0.6882462642450048,-0.0825963417283876,1.032330806143118,1.032330806143118,1.3166771939095483,oe:team:b42d0f31f2727621b963042276817c4,6.523037520410028,0.48956164523372114,-0.4015372435367982,0.49081171666797746,0.042421622537862066,0.5627812657976691,-0.5751295610268431,0.5454545454545454,0.5909090909090909,SF
2021,oe:team:b61ee1b18ac8e03518fc61ac07d497c,PEACE,Other,4,-3.3225806451612905,4.32258064516129,1.0,-1.032258064516129,-1.032258064516129,-0.5161290322580645,0.5999999999999999,0.1612903225806451,0.4387096774193548,0.1302762030843971,0.0312452384702394,0.421545038072174,1.235682184205853,1.2339087546646803,1.7790890972139206,oe:team:b61ee1b18ac8e03518fc61ac07d497c,8.397555504796083,0.4013154737773953,0.33744012355512115,-0.08732548886842367,0.3667327898844349,0.057886944509048716,0.0879976983410058,0.7272727272727273,0.6818181818181818,
2025,oe:team:b9e44c69c1a70fb35df9be96f9eafea,Vivo Keyd Stars,Other,2,-0.5862068965517242,0.7241379310344828,0.1379310344827586,0.0344827586206896,0.1034482758620689,0.0,0.1103448275862069,0.0137931034482758,0.096551724137931,0.8161089156996131,-0.8680423538228963,-0.5620635744998261,0.9942519955350044,0.2975155400894629,0.7818458607372355,oe:team:b9e44c69c1a70fb35df9be96f9eafea,9.291524341295084,0.3376160576428204,-0.996268929240684,0.8098578959807824,-0.314918684543938,-1.0804827749361379,1.1039853306282321,0.29411764705882354,0.29411764705882354,
2016,oe:team:bcb21457414eb9be1d27489ff7e8e59,INTZ,Other,2,-5.142857142857142,5.19047619047619,0.0476190476190476,-0.4761904761904761,-0.4761904761904761,0.4761904761904761,0.4666666666666668,0.0095238095238095,0.4571428571428571,-0.8579691801870839,0.5476372040116193,-1.3505948359059257,-0.0367574913829863,-0.0367574913829863,1.5450039776078042,oe:team:bcb21457414eb9be1d27489ff7e8e59,5.973091426724219,0.4533803644914756,-0.9360703608394272,1.0228544347387385,-1.077902690502031,0.28455571180873424,-0.510122000063506,0.125,0.125,
2020,oe:team:bcb21457414eb9be1d27489ff7e8e59,INTZ,Other,3,-0.9615384615384616,1.6153846153846156,0.6538461538461539,0.0769230769230769,-0.1153846153846153,0.1153846153846153,0.2692307692307693,0.0846153846153846,0.1846153846153846,0.5992029889545563,-0.2353166444583246,1.348377345734784,1.0281898295667324,0.3372294692186152,0.9574738354510768,oe:team:bcb21457414eb9be1d27489ff7e8e59,9.164196237255473,0.34797532310621315,0.6666929072643727,-0.483577031575856,1.1920116822862168,-0.10729970864303706,0.4237999743292867,0.8636363636363636,0.9545454545454546,
2017,oe:team:c334c629fea759876e9e04afbe4aee7,Immortals,LCS,2,-1.5952380952380951,1.5952380952380951,0.0,0.0,-1.4999999999999998,0.0,0.2333333333333333,0.0,0.2333333333333333,0.1160201789496568,-0.2550324971243072,-0.9728561971326616,0.4515621764554905,0.005359995896402,-0.2940160867875013,oe:team:c334c629fea759876e9e04afbe4aee7,7.234062257478536,0.4201884253028264,-0.5153483310120499,-0.1894632858593775,-0.9390376801053656,-0.21748465166279018,0.08523660414208625,0.16666666666666666,0.16666666666666666,
2017,oe:team:c5b7f439779b465529ff283c53f41c0,Kaos Latin Gamers,Other,3,-2.363636363636364,2.363636363636364,0.0,-0.2272727272727272,-1.8181818181818183,0.1363636363636363,0.2999999999999999,0.0,0.2999999999999999,-1.3778664504119558,1.2050951660486926,-0.9728561971326616,-1.4911421702921197,-0.7365385173612605,1.3879836862504558,oe:team:c5b7f439779b465529ff283c53f41c0,6.610103396272339,0.45632806499858525,-1.2570702004947696,1.0044848451691628,-0.6636996296103449,0.9412534981715472,-1.0197625985372285,0.16666666666666666,0.3333333333333333,
2018,oe:team:c5b7f439779b465529ff283c53f41c0,Kaos Latin Gamers,Other,3,-0.2285714285714285,0.6857142857142857,0.4571428571428571,-0.1142857142857142,-0.1142857142857142,-0.1428571428571428,0.1428571428571428,0.0514285714285714,0.0914285714285714,1.0612592987970255,-0.8767628686727265,0.9460393358959472,1.3879532838257438,1.3879532838257438,1.4137825326924585,oe:team:c5b7f439779b465529ff283c53f41c0,10.072076824010598,0.34726882140415977,0.5697101064504931,-0.923696244208268,0.7335291445654368,-0.6436602340146621,0.7605984808911719,0.8333333333333334,0.7916666666666666,
2020,oe:team:cd62e47544f14f1d239afa659b9d243,Rogue,LEC,3,-1.5384615384615383,2.0,0.4615384615384615,0.0,-0.1923076923076923,0.0384615384615384,0.3538461538461539,0.0923076923076923,0.2615384615384616,-0.4089628751940998,0.4850538528747806,0.1548354163734744,-0.7062224707277746,-0.528291681430688,0.3823705866416471,oe:team:cd62e47544f14f1d239afa659b9d243,6.54829029436422,0.3429722110350383,-1.0938834108372266,-0.6311899928257145,0.19122248611851667,0.6202582008801891,-0.5419528722185676,0.6363636363636364,0.5909090909090909,
2021,oe:team:cd62e47544f14f1d239afa659b9d243,Rogue,LEC,4,-4.727272727272727,5.136363636363637,0.409090909090909,-2.090909090909091,-2.090909090909091,-1.6363636363636362,0.5909090909090909,0.0636363636363636,0.5272727272727272,-1.4120023388575669,1.0955061728229236,-1.3259265897982722,-0.8901856727999239,-0.8965848961924746,-0.0867456079611884,oe:team:cd62e47544f14f1d239afa659b9d243,7.6777066494762405,0.40645528984832974,-0.3648202456245318,0.09109068566313723,-1.2671800047813617,1.0675074333132897,-1.367274073536323,0.09090909090909091,0.09090909090909091,
2022,oe:team:cd62e47544f14f1d239afa659b9d243,Rogue,LEC,3,-3.2666666666666666,3.466666666666667,0.2,-0.6,-0.6,-0.6,0.42,0.0266666666666666,0.3933333333333333,-1.1871717696101085,0.8006334412255451,-0.8465366686259328,-0.0402831319627411,-0.0289052248301682,0.0253177617904338,oe:team:cd62e47544f14f1d239afa659b9d243,7.88756707036855,0.33839656830116116,-0.44335893980456575,-1.0943607612191542,-0.9613818614670725,1.0586468639979083,-1.4887475748351466,0.16666666666666666,0.08333333333333333,QF
2017,oe:team:cd6e0eea04af23b9c0735dab41a9941,Dire Wolves,Other,2,-0.8620689655172413,1.0,0.1379310344827586,0.0,-0.896551724137931,0.0,0.1517241379310344,0.0137931034482758,0.1379310344827586,1.541415842885462,-1.386117306624518,0.8274530429379979,0.4515621764554905,1.4124089003505875,-0.2940160867875013,oe:team:cd6e0eea04af23b9c0735dab41a9941,7.3802122064742,0.42038820019071643,-0.3416147403321919,-0.182863307109431,0.8410195354379073,-1.3473480883885192,1.5040939381686733,0.8333333333333334,0.8333333333333334,
2018,oe:team:cd6e0eea04af23b9c0735dab41a9941,Dire Wolves,Other,3,-0.52,0.8,0.28,-0.4,-0.4,-0.4,0.152,0.048,0.104,0.6305571837027388,-0.7003703650200821,-0.1709900179812592,0.2157000553985369,0.2157000553985369,0.2376729737534583,oe:team:cd6e0eea04af23b9c0735dab41a9941,6.7278667191640995,0.38895367847411444,-1.824711666334425,0.8577278409187404,0.18498799795122248,-0.9378628717608701,0.973046183767444,0.5,0.5833333333333334,
2016,oe:team:d15303823a1dccff9f3068fb357e356,ahq eSports Club,Other,3,-5.0,5.388888888888889,0.3888888888888888,-0.3333333333333333,-0.3333333333333333,0.3333333333333333,0.5555555555555556,0.0611111111111111,0.4944444444444446,-0.6732240594283898,0.8616038246796305,0.1017692730997022,0.7804956410377921,0.7804956410377921,1.112045554928351,oe:team:d15303823a1dccff9f3068fb357e356,5.747168986943469,0.39545171339563867,-1.3691720423369098,-0.9720193552184293,0.11918863416103771,1.0749364681835614,-0.8934339861647046,0.6875,0.6875,
2017,oe:team:d15303823a1dccff9f3068fb357e356,ahq eSports Club,Other,2,-1.425,1.425,0.0,0.0,-1.2,0.0,0.175,0.0,0.175,0.446989709651884,-0.5785227526413673,-0.9728561971326616,0.4515621764554905,0.7048643083964826,-0.2940160867875013,oe:team:d15303823a1dccff9f3068fb357e356,7.801733903716164,0.4354303003137606,0.15946294402257472,0.3140837427185289,-0.9438401886461423,-0.6520500138747222,0.5319685649274732,0.16666666666666666,0.125,
2019,oe:team:d15303823a1dccff9f3068fb357e356,ahq eSports Club,Other,3,-1.5161290322580645,1.8064516129032255,0.2903225806451612,0.064516129032258,-0.1935483870967742,0.4193548387096774,0.2451612903225806,0.0580645161290322,0.1870967741935483,0.1938017089330882,-0.8193417007071211,-1.1003927129078908,1.2198065388926556,1.1144353083939256,0.7540134311823327,oe:team:d15303823a1dccff9f3068fb357e356,7.545879872532472,0.38835973590816264,-0.6950956290210779,0.2302092308458252,-0.9797066670091275,-0.886417565642408,0.295756311398287,0.08333333333333333,0.125,
2018,oe:team:d17e6a2f130f0cf8dd071ce88d5b870,MAD Team,Other,2,-0.4047619047619047,0.7619047619047619,0.3571428571428571,-0.5714285714285714,-0.5714285714285714,-0.5714285714285714,0.1285714285714285,0.0428571428571428,0.0857142857142857,0.8008674971877346,-0.7591678662376303,0.3154582490297819,-0.4876518816577868,-0.4876518816577868,-0.5464000655392081,oe:team:d17e6a2f130f0cf8dd071ce88d5b870,6.919752223438269,0.3892722556648559,-1.6873235193845568,0.8713424031470947,0.6567184792873562,-0.9977290700950091,1.1406656832894846,0.625,0.7083333333333334,
2018,oe:team:d723992568441c6bafa2658129eade7,KT Rolster,LCK,4,-2.0697674418604652,2.1860465116279073,0.1162790697674418,-0.6046511627906976,-0.6046511627906976,-0.4651162790697675,0.2372093023255813,0.013953488372093,0.2232558139534883,-1.659843211294786,1.4389015106741985,-1.2033832392691204,-0.6239603965911829,-0.6239603965911829,-0.0601532194662369,oe:team:d723992568441c6bafa2658129eade7,9.379158119360408,0.3976616669588919,0.07358708153053477,1.229868265767942,-1.022320692297138,1.1420447896974752,-1.3001780490107195,0.125,0.20833333333333334,QF
2023,oe:team:d723992568441c6bafa2658129eade7,KT Rolster,LCK,5,-2.35,2.6,0.25,-0.95,-0.95,-0.7000000000000001,0.4149999999999999,0.03,0.3849999999999999,-0.938866059459602,0.6186504675202997,-1.0348541525140966,-2.3741014115792702,-2.3741014115792702,-1.6234511222061516,oe:team:d723992568441c6bafa2658129eade7,6.902570034253432,0.45486769230769236,0.09912188697998349,-0.5684987068295834,-1.1348505214621956,0.7580322707701553,-1.1116233649956553,0.18181818181818182,0.09090909090909091,QF
2025,oe:team:d723992568441c6bafa2658129eade7,KT Rolster,LCK,3,-0.7560975609756098,1.024390243902439,0.2682926829268293,-0.1463414634146341,0.0,-0.2195121951219512,0.1560975609756097,0.0292682926829268,0.1268292682926829,0.4416554335046463,-0.2602497735165263,0.6894606966886827,-0.6918493611135081,-0.8905084607906265,-0.9807239156534294,oe:team:d723992568441c6bafa2658129eade7,9.25193262062282,0.32982945827061627,-1.0334416496022238,0.37923129232749453,0.8746049363661729,-0.3689338638452646,0.6041558169094277,0.7058823529411765,0.8235294117647058,Runner-up
2024,oe:team:d8ca3fc1f0827ec76369af7b70d43e3,Fukuoka SoftBank HAWKS gaming,Other,3,-3.5,4.029411764705882,0.5294117647058824,-0.8823529411764706,-1.411764705882353,-0.8529411764705881,0.5352941176470589,0.0705882352941176,0.4647058823529411,-0.4468569403104865,0.5427920841904651,0.1972627745811328,0.8013776064312917,0.7047973052752124,0.1856528065142465,oe:team:d8ca3fc1f0827ec76369af7b70d43e3,7.3318078213689475,0.41674517626942487,-0.5323501476105952,0.5982186407304251,0.3548969694556997,0.38917367891493215,-0.2441560866494355,0.6,0.75,
2018,oe:team:e435aa3ecb82a89e60544f5f5857a81,DetonatioN FocusMe,Other,3,-0.074074074074074,0.6666666666666666,0.5925925925925926,-0.5185185185185185,-0.5185185185185185,-0.8148148148148148,0.1333333333333333,0.0592592592592592,0.074074074074074,1.289590848556524,-0.9061616192815006,1.800159749852234,-0.2705679504675634,-0.2705679504675634,-1.6595901830534878,oe:team:e435aa3ecb82a89e60544f5f5857a81,8.230492194037804,0.361422908934838,-0.7488465021915688,-0.31881393915845635,1.842577135884587,-0.8410575968599121,1.2320091211291202,1.0,1.0,
2019,oe:team:e435aa3ecb82a89e60544f5f5857a81,DetonatioN FocusMe,Other,3,-0.8571428571428572,1.9047619047619049,1.0476190476190474,-0.1904761904761904,-0.6190476190476191,0.2857142857142857,0.3523809523809523,0.1333333333333333,0.219047619047619,0.9510011375804436,-0.7059534886330013,0.4378868179373973,-0.6924893340945879,-0.2864183531590306,-0.069828375947855,oe:team:e435aa3ecb82a89e60544f5f5857a81,6.749469337712938,0.3310399159663865,-1.3280560511490136,-1.8258474588528157,0.3183152483425805,-0.28503291579709705,0.4765914103865657,0.7916666666666666,0.75,
2021,oe:team:e435aa3ecb82a89e60544f5f5857a81,DetonatioN FocusMe,Other,3,-2.4583333333333335,2.9583333333333335,0.5,-1.25,-1.25,-1.0,0.4,0.0916666666666666,0.3083333333333333,1.0791746135885305,-1.7529099164918789,-1.0570848008951266,0.7984365100156067,0.7957116533457225,0.9731657297953524,oe:team:e435aa3ecb82a89e60544f5f5857a81,6.289314462369804,0.3807923707117255,-1.719289038174456,-0.7997349385373195,-0.9701708718551201,-1.5870141172186603,0.9269564268936836,0.18181818181818182,0.22727272727272727,
2022,oe:team:e435aa3ecb82a89e60544f5f5857a81,DetonatioN FocusMe,Other,3,-2.9642857142857144,3.357142857142857,0.3928571428571428,-0.8571428571428572,-0.8571428571428572,-0.8928571428571428,0.4142857142857142,0.0428571428571428,0.3714285714285714,-0.6853869505762348,0.572275276820806,-0.3539084256042502,-1.2298201256400965,-1.216809546960357,-1.2711107962607284,oe:team:e435aa3ecb82a89e60544f5f5857a81,9.060931555577174,0.3741247663403352,0.5162090012359893,0.6465828061529922,-0.31718582210391727,0.42396111050384266,-0.5196282385379368,0.5,0.5,
2023,oe:team:e435aa3ecb82a89e60544f5f5857a81,DetonatioN FocusMe,Other,5,-1.4705882352941178,1.8823529411764708,0.4117647058823529,-0.5882352941176471,-0.5882352941176471,-0.5882352941176471,0.3058823529411765,0.0470588235294117,0.2588235294117647,0.0164185925325578,-0.1305278148691751,-0.4186873337704026,-0.9521857007879112,-0.9521857007879112,-1.1803914684887822,oe:team:e435aa3ecb82a89e60544f5f5857a81,6.306676641657334,0.45888463543070757,-0.6869490211397714,-0.445849387223963,-0.40348166940749564,-0.033632476307942694,-0.08170897572748272,0.4090909090909091,0.3181818181818182,
2019,oe:team:e84133caa1e561518201cc7d33f14ed,Unicorns of Love.CIS,Other,2,-1.95,2.325,0.375,-0.025,-0.725,0.425,0.305,0.05,0.255,-0.3047320407672514,-0.22126317428648,-0.9283893475167212,0.5484870087822242,-0.6352410293525869,0.788813645449039,oe:team:e84133caa1e561518201cc7d33f14ed,10.298139234068525,0.3764345146379044,1.4923079412721931,-0.19754736353560562,-1.141638690794118,-0.14915872212590092,-0.43598717722751457,0.20833333333333334,0.041666666666666664,
2020,oe:team:e84133caa1e561518201cc7d33f14ed,Unicorns of Love.CIS,Other,3,-1.4210526315789471,1.789473684210526,0.3684210526315789,0.0,-0.1052631578947368,-0.1052631578947368,0.2842105263157894,0.0631578947368421,0.2210526315789473,-0.2037922782796362,0.0907457911766591,-0.4230901494225283,-0.7062224707277746,0.4511138311461553,-0.6921644308707087,oe:team:e84133caa1e561518201cc7d33f14ed,8.393836627941258,0.34159132685598526,0.14821979921310657,-0.6719319150359899,-0.5450833961112365,0.25599122178580247,-0.4094988236406388,0.36363636363636365,0.36363636363636365,
2021,oe:team:e84133caa1e561518201cc7d33f14ed,Unicorns of Love.CIS,Other,3,-2.111111111111111,3.037037037037037,0.9259259259259258,-1.2592592592592593,-1.2592592592592593,-1.3333333333333333,0.4444444444444443,0.1703703703703703,0.2740740740740739,1.4604064788766091,-1.6499816442789572,0.2024887656325736,0.7798430725671873,0.7770777574048613,0.4179740766847834,oe:team:e84133caa1e561518201cc7d33f14ed,8.108169682014957,0.3489623366641045,0.05512503304721872,-1.9046369100495821,-0.09861690517655089,-1.1875087657547678,0.8951499458093655,0.6818181818181818,0.5,
2018,oe:team:e8d8ae992fe72acb7adc7bfcee31dbb,Team Vitality,LEC,3,-0.8400000000000001,1.36,0.52,-0.64,-0.64,-0.64,0.232,0.064,0.168,0.1576293710501887,0.1639529028778754,1.3424045904975368,-0.7689926564803166,-0.7689926564803166,-0.860029281256275,oe:team:e8d8ae992fe72acb7adc7bfcee31dbb,7.715591785980503,0.3583705722070845,-1.1175101654229889,-0.44925713951806795,1.4098017294491878,0.25468324910533957,0.07953028457549817,0.875,0.875,
2025,oe:team:ed28f87f0cfdba0a2a8f183cebae73a,Anyone's Legend,LPL,3,-1.4533333333333334,1.64,0.1866666666666666,0.0133333333333333,0.1466666666666666,0.0133333333333333,0.2026666666666667,0.0266666666666666,0.176,-1.095111543984084,0.9859122911362764,-0.0941818985785134,0.79704348957289,0.7938455671238114,0.8889056545624463,oe:team:ed28f87f0cfdba0a2a8f183cebae73a,11.71714628787907,0.32135754640839387,1.2811508138812575,-0.08929552628628395,-0.2648470434133252,1.028354060986332,-1.1840768018871093,0.5294117647058824,0.4117647058823529,QF
2019,oe:team:ef69efa6acebe94107f0cf1ba716806,Dplus Kia,LCK,3,-1.8421052631578947,2.3421052631578947,0.4999999999999999,-0.131578947368421,-0.7105263157894737,0.4210526315789473,0.3157894736842105,0.0631578947368421,0.2526315789473684,-0.1807570073356076,-0.2015344646075478,-0.6744796176535665,-0.2507938542368812,-0.58758991273478,0.7644796610369805,oe:team:ef69efa6acebe94107f0cf1ba716806,7.986447499426182,0.386134569562187,-0.34494723330989446,0.15039271788429262,-0.6090013369301204,-0.2435820418580364,-0.11948388077655286,0.3333333333333333,0.2916666666666667,QF
2020,oe:team:ef69efa6acebe94107f0cf1ba716806,Dplus Kia,LCK,3,-1.3809523809523807,1.809523809523809,0.4285714285714285,0.0476190476190476,-0.2142857142857142,0.0476190476190476,0.2523809523809523,0.0571428571428571,0.1952380952380952,-0.1337175916487518,0.1282989399098135,-0.049771771517036,0.3674613342164438,-0.7755834387590602,0.4508352591189601,oe:team:ef69efa6acebe94107f0cf1ba716806,8.689510595465658,0.3567924828794394,0.3472164743486234,-0.22343353580295047,-0.12681614673249922,0.18808438537879227,-0.21667529536424232,0.45454545454545453,0.45454545454545453,Champion
2021,oe:team:ef69efa6acebe94107f0cf1ba716806,Dplus Kia,LCK,3,-3.142857142857143,3.914285714285714,0.7714285714285714,-1.7142857142857144,-1.7142857142857144,-1.9428571428571428,0.5314285714285714,0.1257142857142857,0.4057142857142857,0.3276032220206046,-0.5027206336636729,-0.2544000311700207,-0.1338915677551306,-0.138645128831738,-0.5972335175745431,oe:team:ef69efa6acebe94107f0cf1ba716806,8.955783897499972,0.3915173299101412,0.8820289969688526,-0.42744414723658697,-0.42845638351811915,-0.38481085837437234,0.15825968749802533,0.4318181818181818,0.4090909090909091,Runner-up
2022,oe:team:ef69efa6acebe94107f0cf1ba716806,Dplus Kia,LCK,4,-2.2941176470588234,2.9607843137254903,0.6666666666666666,-0.6078431372549019,-0.6078431372549019,-0.6274509803921569,0.3803921568627451,0.0627450980392157,0.3176470588235294,0.4267206728962465,-0.2541359831093876,0.345502042883324,-0.0765653060618324,-0.0651376006685616,-0.0962030403989625,oe:team:ef69efa6acebe94107f0cf1ba716806,10.395846852666722,0.35448060633080697,1.6078918834428833,-0.31062678968275553,0.10062444228744968,-0.15275069205657943,0.25641897277402176,0.75,0.7083333333333334,QF
2023,oe:team:ef69efa6acebe94107f0cf1ba716806,Dplus Kia,LCK,5,-1.53125,2.125,0.59375,0.03125,0.03125,0.03125,0.325,0.0625,0.2625,-0.0494768788632222,0.1227804158567741,0.2745003373162532,1.4827004503131451,1.4827004503131451,1.2753832568854513,oe:team:ef69efa6acebe94107f0cf1ba716806,7.762343531495357,0.46407496930632286,1.2332894111571642,-0.2873729291623962,0.07908307733763914,0.21244800315202436,-0.19460903959499445,0.6363636363636364,0.6363636363636364,
2024,oe:team:ef69efa6acebe94107f0cf1ba716806,Dplus Kia,LCK,2,-3.709090909090909,4.199999999999999,0.4909090909090909,-1.6,-2.163636363636364,-1.3636363636363638,0.5854545454545454,0.0909090909090909,0.4945454545454545,-0.9085313868431336,0.917153403264272,0.0283253573911388,-1.0084728528121705,-0.578092461735202,-0.924474141266343,oe:team:ef69efa6acebe94107f0cf1ba716806,9.502394655851862,0.3641096747289408,0.950073778784068,-1.433461373091201,-0.30953949012572246,1.2799705007281559,-1.378341690736471,0.5,0.4,
2016,oe:team:f2357aab765dfb94659ba2223a6d4f0,Albus NoX Luna,Other,2,-5.5769230769230775,5.615384615384616,0.0384615384615384,-0.6153846153846154,-0.6153846153846154,-0.3846153846153846,0.5000000000000001,0.0076923076923076,0.4923076923076924,-1.4193101240308117,1.22000879781142,-1.3895670391887245,-0.8330554152801555,-0.8330554152801555,-1.0638480564863384,oe:team:f2357aab765dfb94659ba2223a6d4f0,5.687559762924846,0.40275779947606577,-1.4834451317222752,-0.7204215818661281,-1.319272311871668,1.3705127588362496,-1.559624033384658,0.0625,0.0625,QF
2019,oe:team:f589eafcf087c11af27e475bafb047f,MEGA,Other,3,-1.9523809523809528,2.3333333333333335,0.3809523809523809,0.0952380952380952,-0.0952380952380952,0.5238095238095237,0.2952380952380952,0.0666666666666666,0.2285714285714285,-0.3074678428987281,-0.2116517516223847,-0.9162984079994282,1.4502036320236489,1.438098248247316,1.3979357631921336,oe:team:f589eafcf087c11af27e475bafb047f,8.545670917388016,0.3968808356676004,0.09950481148526562,0.535860298518014,-0.8456661681606186,-0.3398988049368855,-0.15405466996556205,0.25,0.20833333333333334,
2022,oe:team:f7f7324c151aa6ed770b244ce08e027,Evil Geniuses,LCS,3,-3.176470588235294,3.411764705882353,0.2352941176470588,-0.5882352941176471,-0.6470588235294117,-0.4411764705882353,0.4117647058823529,0.0352941176470588,0.376470588235294,-1.0374962608292768,0.6861623409101255,-0.7563824803605269,0.0141401291858958,-0.2462994798605293,0.7284024030290844,oe:team:f7f7324c151aa6ed770b244ce08e027,8.963105485526032,0.3446081697169207,0.4362076360997567,-0.7916853361672306,-0.9321446545200974,0.8851052649059665,-1.292643407143118,0.20833333333333334,0.125,
2016,oe:team:fc8e90107dabb9a35c490b0d86adea0,Cloud9,LCS,3,-5.51063829787234,5.872340425531915,0.3617021276595744,-0.5106382978723404,-0.5106382978723404,0.2978723404255319,0.5659574468085107,0.0553191489361702,0.5106382978723404,-1.3335895974594687,1.6266135565711288,-0.0139311828873863,-0.2338256226050179,-0.2338256226050179,1.004573606036288,oe:team:fc8e90107dabb9a35c490b0d86adea0,6.128329684387507,0.4315998825382418,-0.6384728734364157,0.27280568063847627,0.10640510132253628,1.5501340462685587,-1.2218197852680923,0.625,0.625,QF
2017,oe:team:fc8e90107dabb9a35c490b0d86adea0,Cloud9,LCS,2,-1.12,1.16,0.04,0.0,-1.08,0.0,0.184,0.008,0.176,1.039957498224686,-1.082081709830861,-0.4507665175121703,0.4515621764554905,0.9846660333965148,-0.2940160867875013,oe:team:fc8e90107dabb9a35c490b0d86adea0,8.844099565661171,0.4352237730751913,1.3985597107033918,0.3072606860258721,-0.5745206522637497,-1.133836745436829,1.0623851361001495,0.4583333333333333,0.4166666666666667,QF
2018,oe:team:fc8e90107dabb9a35c490b0d86adea0,Cloud9,LCS,3,-0.8148148148148148,0.9629629629629628,0.1481481481481481,-0.2962962962962963,-0.2962962962962963,-0.3333333333333333,0.1481481481481481,0.0148148148148148,0.1333333333333333,0.1948505414904358,-0.448847720922793,-1.0024228584418329,0.6411845605313751,0.6411845605313751,0.5425902668117177,oe:team:fc8e90107dabb9a35c490b0d86adea0,9.92792569174733,0.31167916382640304,0.4664993036475963,-2.4446388033741,-1.437353143995719,0.15117083306932022,-0.5500013837202721,0.20833333333333334,0.041666666666666664,SF
2019,oe:team:fc8e90107dabb9a35c490b0d86adea0,Cloud9,LCS,4,-2.2500000000000004,3.5,1.25,-0.3333333333333333,-1.0833333333333337,0.0833333333333333,0.4749999999999999,0.15,0.325,-0.649443109333286,1.1339474213509595,0.8489787615253627,-1.763835817153707,-1.81496715895102,-1.3174278942168458,oe:team:fc8e90107dabb9a35c490b0d86adea0,7.808596573848126,0.3835761014003884,-0.48629719291990814,0.05862069932613354,0.9175809052356982,1.111845226404346,-0.6083706053637706,0.9166666666666666,0.9166666666666666,
2021,oe:team:fc8e90107dabb9a35c490b0d86adea0,Cloud9,LCS,4,-4.7142857142857135,5.485714285714286,0.7714285714285714,-2.6857142857142855,-2.6857142857142855,-2.7142857142857144,0.6000000000000001,0.1085714285714285,0.4914285714285714,-1.3977432768831557,1.552385036738858,-0.2544000311700207,-2.0846087766292873,-2.0936070115415,-1.8821056290590037,oe:team:fc8e90107dabb9a35c490b0d86adea0,7.946836186287404,0.43931927379424174,-0.1022665074593427,1.231883705213785,-0.05149439796706806,1.2521846242502146,-1.0288915179597977,0.4318181818181818,0.5454545454545454,QF
2022,oe:team:fc8e90107dabb9a35c490b0d86adea0,Cloud9,LCS,3,-2.9375,3.3125,0.375,-0.28125,-0.28125,-0.375,0.39375,0.0375,0.35625,-0.6409375079452811,0.4791945032862654,-0.3995221518099615,1.434247099783147,1.4436011744770445,1.021354336878522,oe:team:fc8e90107dabb9a35c490b0d86adea0,9.077009627346294,0.33737236403995563,0.52935751767558,-1.1442676112166228,-0.6411802185931541,0.7650961561226806,-1.004776004442924,0.4583333333333333,0.2916666666666667,
2023,oe:team:fc8e90107dabb9a35c490b0d86adea0,Cloud9,LCS,5,-2.3,3.0,0.7,-0.05,-0.05,-5.551115123125783e-17,0.4600000000000001,0.0699999999999999,0.39,-0.8845522163697465,1.0362252478685317,0.6792099069001793,1.1633474299016713,1.1633474299016713,1.1515014458131605,oe:team:fc8e90107dabb9a35c490b0d86adea0,7.242988544119656,0.4887492354740061,0.5481839012867838,0.4660064104391901,0.6841099264772599,0.9321918989609252,-0.7736916121989883,0.7272727272727273,0.6818181818181818,
2020,oe:team:fcec508e780bbd1ad493852640f5b36,Top Esports,LPL,3,-0.631578947368421,1.3157894736842106,0.6842105263157894,0.0526315789473684,-0.0263157894736842,0.0526315789473684,0.2526315789473684,0.0894736842105263,0.163157894736842,1.1758031147658934,-0.7964473476441126,1.5368313345813058,0.480480682105309,1.3394118541809663,0.4883106587907525,oe:team:fcec508e780bbd1ad493852640f5b36,8.946014107038923,0.36873257128501447,0.5198503602163481,0.12884955961013145,1.4930939104262266,-0.8192327064626215,1.1884635598717272,1.0,1.0,SF
2022,oe:team:fcec508e780bbd1ad493852640f5b36,Top Esports,LPL,3,-2.489795918367347,2.7755102040816326,0.2857142857142857,-0.6326530612244898,-0.6326530612244898,-0.6326530612244898,0.363265306122449,0.036734693877551,0.326530612244898,0.1020031760292253,-0.6404342298006346,-0.6275907828385183,-0.1913354486201833,-0.1797502181165416,-0.1192317638459329,oe:team:fcec508e780bbd1ad493852640f5b36,7.994538722749681,0.38131252501000396,-0.35587839175745367,0.9968238736163676,-0.4299605951802762,-0.8877870299348412,0.41381662587809054,0.2916666666666667,0.375,
2024,oe:team:fcec508e780bbd1ad493852640f5b36,Top Esports,LPL,3,-4.108695652173912,4.282608695652174,0.1739130434782608,-1.173913043478261,-2.0000000000000004,-0.7173913043478262,0.5,0.017391304347826,0.4826086956521739,-1.7908619453393635,1.0984408186478414,-1.36255190466706,0.0660855452988797,-0.2988860117315132,0.4803052128680286,oe:team:fcec508e780bbd1ad493852640f5b36,6.234342771947636,0.44544889408312727,-1.281874848395773,1.7061546933511298,-0.9419171947971905,0.6641507428367805,-1.2242974308342551,0.1,0.15,QF
2025,oe:team:fcec508e780bbd1ad493852640f5b36,Top Esports,LPL,3,-1.2741935483870968,1.4838709677419355,0.2096774193548387,-0.1129032258064516,0.0806451612903225,-0.1129032258064516,0.1838709677419354,0.0258064516129032,0.1580645161290322,-0.7002722130517551,0.6698645429259316,0.1267305847422155,-0.3800534238187907,0.0356392818309485,-0.1247088450407587,oe:team:fcec508e780bbd1ad493852640f5b36,10.661220845719658,0.3033347272603499,0.28974098077627614,-1.0860214430818127,-0.07658693025346283,0.937760017140425,-1.035200382947219,0.5882352941176471,0.5294117647058824,SF
