year_group,patch_oe,riot_patch_title,release_date,champion,direction,magnitude,pro_targeted,hotfix,summary,source_url
2016,6.13,Patch 6.13 notes,2016-06-29,Blitzcrank,adjust,0,0,0,E buff 10s to 5s; R cooldown 30s to 60/40/20s; Q pulls 75 units in front; E uncancellable.,https://web.archive.org/web/20160712/http://na.leagueoflegends.com/en/news/game-updates/patch/patch-613-notes
2016,6.13,Patch 6.13 notes,2016-06-29,Fiora,bugfix,0,0,0,Bug fix: dying during Q no longer locks out Flash/Teleport.,https://web.archive.org/web/20160712/http://na.leagueoflegends.com/en/news/game-updates/patch/patch-613-notes
2016,6.13,Patch 6.13 notes,2016-06-29,Gnar,adjust,0,0,0,Mini Gnar range to 500 at 18; Q return distance 3000; W base damage +5 all ranks.,https://web.archive.org/web/20160712/http://na.leagueoflegends.com/en/news/game-updates/patch/patch-613-notes
2016,6.13,Patch 6.13 notes,2016-06-29,Irelia,nerf,2,0,0,R cooldown increased to 110/85/60s from 70/60/50s.,https://web.archive.org/web/20160712/http://na.leagueoflegends.com/en/news/game-updates/patch/patch-613-notes
2016,6.13,Patch 6.13 notes,2016-06-29,Jarvan IV,adjust,0,0,0,"W base shield lower, shield per enemy champion higher, radius 500 to 600.",https://web.archive.org/web/20160712/http://na.leagueoflegends.com/en/news/game-updates/patch/patch-613-notes
2016,6.13,Patch 6.13 notes,2016-06-29,Kindred,adjust,0,0,0,"Base armor 27 to 20, armor growth up; W heal removed; Wolf now maims jungle monsters.",https://web.archive.org/web/20160712/http://na.leagueoflegends.com/en/news/game-updates/patch/patch-613-notes
2016,6.13,Patch 6.13 notes,2016-06-29,Leona,bugfix,0,0,0,Tooltip fix: Q stun shown as 1s (actual unchanged).,https://web.archive.org/web/20160712/http://na.leagueoflegends.com/en/news/game-updates/patch/patch-613-notes
2016,6.13,Patch 6.13 notes,2016-06-29,Lulu,buff,2,0,0,"Base mana and MS up; Q slow 2s all ranks, less damage to extra targets; W grants attack speed.",https://web.archive.org/web/20160712/http://na.leagueoflegends.com/en/news/game-updates/patch/patch-613-notes
2016,6.13,Patch 6.13 notes,2016-06-29,Miss Fortune,bugfix,0,0,0,Bug fix: passive no longer applies extra Black Cleaver stacks.,https://web.archive.org/web/20160712/http://na.leagueoflegends.com/en/news/game-updates/patch/patch-613-notes
2016,6.13,Patch 6.13 notes,2016-06-29,Nidalee,bugfix,0,0,0,Cosmetic: Challenger Nidalee VFX colors adjusted for readability.,https://web.archive.org/web/20160712/http://na.leagueoflegends.com/en/news/game-updates/patch/patch-613-notes
2016,6.13,Patch 6.13 notes,2016-06-29,Shaco,bugfix,0,0,0,Bug fix: passive no longer applies extra Black Cleaver stacks.,https://web.archive.org/web/20160712/http://na.leagueoflegends.com/en/news/game-updates/patch/patch-613-notes
2016,6.13,Patch 6.13 notes,2016-06-29,Swain,adjust,0,0,0,R cooldown 10s to 20s; recast lockout 0.5s to 2s.,https://web.archive.org/web/20160712/http://na.leagueoflegends.com/en/news/game-updates/patch/patch-613-notes
2016,6.13,Patch 6.13 notes,2016-06-29,Syndra,adjust,0,0,0,W and R bug fixes; R now checks for spheres through entire cast.,https://web.archive.org/web/20160712/http://na.leagueoflegends.com/en/news/game-updates/patch/patch-613-notes
2016,6.13,Patch 6.13 notes,2016-06-29,Tahm Kench,adjust,0,0,0,"R damage moved to passive; Q damage up; E weaker but 6s cooldown; R faster, longer range.",https://web.archive.org/web/20160712/http://na.leagueoflegends.com/en/news/game-updates/patch/patch-613-notes
2016,6.13,Patch 6.13 notes,2016-06-29,Thresh,adjust,0,0,0,Epic monsters drop two souls; W shield scales with souls not AP; lantern/hook QoL.,https://web.archive.org/web/20160712/http://na.leagueoflegends.com/en/news/game-updates/patch/patch-613-notes
2016,6.13,Patch 6.13 notes,2016-06-29,Trundle,nerf,2,0,0,Base health regen reduced to 6 from 9.4.,https://web.archive.org/web/20160712/http://na.leagueoflegends.com/en/news/game-updates/patch/patch-613-notes
2016,6.13,Patch 6.13 notes,2016-06-29,Twitch,bugfix,0,0,0,Bug fix: Q stealth delay no longer completes instantly after a champion kill.,https://web.archive.org/web/20160712/http://na.leagueoflegends.com/en/news/game-updates/patch/patch-613-notes
2016,6.13,Patch 6.13 notes,2016-06-29,Varus,bugfix,0,0,0,Cosmetic: restored Blight Crystal Varus E particles.,https://web.archive.org/web/20160712/http://na.leagueoflegends.com/en/news/game-updates/patch/patch-613-notes
2016,6.13,Patch 6.13 notes,2016-06-29,Vladimir,adjust,0,0,0,"Passive reverted to 1 AP per 40 bonus HP; Q base damage down, AP ratio up.",https://web.archive.org/web/20160712/http://na.leagueoflegends.com/en/news/game-updates/patch/patch-613-notes
2016,6.13,Patch 6.13 notes,2016-06-29,Volibear,nerf,2,0,0,W base damage and attack speed per stack reduced at early ranks.,https://web.archive.org/web/20160712/http://na.leagueoflegends.com/en/news/game-updates/patch/patch-613-notes
2016,6.13,Patch 6.13 notes,2016-06-29,Zac,bugfix,0,0,0,Cosmetic: fixed cracks in Sweet chromas on very low settings.,https://web.archive.org/web/20160712/http://na.leagueoflegends.com/en/news/game-updates/patch/patch-613-notes
2016,6.13,Patch 6.13 notes,2016-06-29,Ziggs,nerf,1,0,0,Bug fix: Q explodes more consistently near large units.,https://web.archive.org/web/20160712/http://na.leagueoflegends.com/en/news/game-updates/patch/patch-613-notes
2016,6.13,Patch 6.13 notes,2016-06-29,Zilean,bugfix,0,0,0,Bug fix: R now procs on-heal effects such as Ardent Censer.,https://web.archive.org/web/20160712/http://na.leagueoflegends.com/en/news/game-updates/patch/patch-613-notes
2016,6.13,Patch 6.13 notes,2016-06-29,Zyra,adjust,0,0,0,Seed spawn time increased; W recharge 20-12s; plants no longer auto-target champions (bug fix).,https://web.archive.org/web/20160712/http://na.leagueoflegends.com/en/news/game-updates/patch/patch-613-notes
2016,6.13,Patch 6.13 notes,2016-06-29,Mordekaiser,bugfix,0,0,0,ARAM (Howling Abyss) only bug fix: W now targets the chosen ally.,https://web.archive.org/web/20160712/http://na.leagueoflegends.com/en/news/game-updates/patch/patch-613-notes
2016,6.13,Patch 6.13 notes,2016-06-29,Taliyah,buff,1,0,0,ARAM (Howling Abyss) only: Q worked ground duration 140s to 100s.,https://web.archive.org/web/20160712/http://na.leagueoflegends.com/en/news/game-updates/patch/patch-613-notes
2016,6.14,Patch 6.14 notes,2016-07-13,Annie,adjust,0,0,0,"Tibbers AI: chases into fog, keeps attacking after CC; two Tibbers bug fixes.",https://web.archive.org/web/20160726/http://na.leagueoflegends.com/en/news/game-updates/patch/patch-614-notes
2016,6.14,Patch 6.14 notes,2016-07-13,Azir,adjust,0,0,0,Soldier damage scales slower levels 2-13 (unchanged at 1 and 18); soldier vision 575 to 350.,https://web.archive.org/web/20160726/http://na.leagueoflegends.com/en/news/game-updates/patch/patch-614-notes
2016,6.14,Patch 6.14 notes,2016-07-13,Bard,bugfix,0,0,0,Cosmetic: restored Snow Day Bard E pathing indicator.,https://web.archive.org/web/20160726/http://na.leagueoflegends.com/en/news/game-updates/patch/patch-614-notes
2016,6.14,Patch 6.14 notes,2016-07-13,Braum,bugfix,0,0,0,Bug fix: no longer dies blocking Baron Acid Shot with E.,https://web.archive.org/web/20160726/http://na.leagueoflegends.com/en/news/game-updates/patch/patch-614-notes
2016,6.14,Patch 6.14 notes,2016-07-13,Darius,bugfix,0,0,0,Bug fix: E pull over walls no longer bumps targets back.,https://web.archive.org/web/20160726/http://na.leagueoflegends.com/en/news/game-updates/patch/patch-614-notes
2016,6.14,Patch 6.14 notes,2016-07-13,Fiora,buff,2,0,0,Passive vital heal +5; Q bonus AD ratio higher at early ranks (0.95 from 0.55 rank 1).,https://web.archive.org/web/20160726/http://na.leagueoflegends.com/en/news/game-updates/patch/patch-614-notes
2016,6.14,Patch 6.14 notes,2016-07-13,Gragas,bugfix,0,0,0,Cosmetic: Fnatic Gragas barrel texture fixed.,https://web.archive.org/web/20160726/http://na.leagueoflegends.com/en/news/game-updates/patch/patch-614-notes
2016,6.14,Patch 6.14 notes,2016-07-13,Graves,bugfix,0,0,0,"Bug fixes: W fizzle, R displacement stun, attacks vs Elise spiderlings.",https://web.archive.org/web/20160726/http://na.leagueoflegends.com/en/news/game-updates/patch/patch-614-notes
2016,6.14,Patch 6.14 notes,2016-07-13,Hecarim,bugfix,0,0,0,Cosmetic: Headless Hecarim smoke effects fixed.,https://web.archive.org/web/20160726/http://na.leagueoflegends.com/en/news/game-updates/patch/patch-614-notes
2016,6.14,Patch 6.14 notes,2016-07-13,Illaoi,adjust,0,0,0,Tentacle slam indicators now more accurately show hit area (clarity for opponents).,https://web.archive.org/web/20160726/http://na.leagueoflegends.com/en/news/game-updates/patch/patch-614-notes
2016,6.14,Patch 6.14 notes,2016-07-13,Jarvan IV,bugfix,0,0,0,Cosmetic: Commando Jarvan IV model fix.,https://web.archive.org/web/20160726/http://na.leagueoflegends.com/en/news/game-updates/patch/patch-614-notes
2016,6.14,Patch 6.14 notes,2016-07-13,Kayle,bugfix,0,0,0,Cosmetic: health bar height fixed on three skins.,https://web.archive.org/web/20160726/http://na.leagueoflegends.com/en/news/game-updates/patch/patch-614-notes
2016,6.14,Patch 6.14 notes,2016-07-13,Lee Sin,buff,1,0,0,W shield 40/100/160/220/280 from 40/80/120/160/200; cosmetic model fix.,https://web.archive.org/web/20160726/http://na.leagueoflegends.com/en/news/game-updates/patch/patch-614-notes
2016,6.14,Patch 6.14 notes,2016-07-13,Leona,adjust,0,1,0,"Q cooldown down, E root 0.5s, R grants empowered attacks; passive, Q, W, R damage reduced.",https://web.archive.org/web/20160726/http://na.leagueoflegends.com/en/news/game-updates/patch/patch-614-notes
2016,6.14,Patch 6.14 notes,2016-07-13,Lulu,bugfix,0,0,0,Cosmetic: Pool Party Lulu hat fix.,https://web.archive.org/web/20160726/http://na.leagueoflegends.com/en/news/game-updates/patch/patch-614-notes
2016,6.14,Patch 6.14 notes,2016-07-13,Lux,nerf,1,1,0,Passive damage up (20-190); Q base damage -10 all ranks.,https://web.archive.org/web/20160726/http://na.leagueoflegends.com/en/news/game-updates/patch/patch-614-notes
2016,6.14,Patch 6.14 notes,2016-07-13,Malzahar,nerf,2,0,0,Base movement speed 340 to 335; attack range 550 to 500.,https://web.archive.org/web/20160726/http://na.leagueoflegends.com/en/news/game-updates/patch/patch-614-notes
2016,6.14,Patch 6.14 notes,2016-07-13,Poppy,buff,1,0,0,"Passive cooldown and damage lower, shield higher; W movement speed +5%.",https://web.archive.org/web/20160726/http://na.leagueoflegends.com/en/news/game-updates/patch/patch-614-notes
2016,6.14,Patch 6.14 notes,2016-07-13,Rek'Sai,adjust,0,0,0,W tremor sense refresh per target 0.75s to 1.5s; ignores minor facing movement.,https://web.archive.org/web/20160726/http://na.leagueoflegends.com/en/news/game-updates/patch/patch-614-notes
2016,6.14,Patch 6.14 notes,2016-07-13,Ryze,rework,0,0,0,"Gameplay and visual update: new passive, reworked Q/W/E, new R Realm Warp group teleport.",https://web.archive.org/web/20160726/http://na.leagueoflegends.com/en/news/game-updates/patch/patch-614-notes
2016,6.14,Patch 6.14 notes,2016-07-13,Shyvana,bugfix,0,0,0,Cosmetic: Championship Shyvana dragon-form teeth fixed.,https://web.archive.org/web/20160726/http://na.leagueoflegends.com/en/news/game-updates/patch/patch-614-notes
2016,6.14,Patch 6.14 notes,2016-07-13,Sona,adjust,0,0,0,"R now cuts basic ability cooldowns; aura radius, heal, shield, E speed up; Q damage down.",https://web.archive.org/web/20160726/http://na.leagueoflegends.com/en/news/game-updates/patch/patch-614-notes
2016,6.14,Patch 6.14 notes,2016-07-13,Taliyah,nerf,2,0,0,"W vector cast, cast lockout removed, cooldown up at late ranks; repeat E mine damage reduced.",https://web.archive.org/web/20160726/http://na.leagueoflegends.com/en/news/game-updates/patch/patch-614-notes
2016,6.14,Patch 6.14 notes,2016-07-13,Veigar,bugfix,0,0,0,Cosmetic: Bad Santa Veigar W particles restored.,https://web.archive.org/web/20160726/http://na.leagueoflegends.com/en/news/game-updates/patch/patch-614-notes
2016,6.14,Patch 6.14 notes,2016-07-13,Viktor,adjust,0,0,0,Hex Core mk-1 cost 1000 to 1250; Perfect Hex Core upgrade 1000 to 750.,https://web.archive.org/web/20160726/http://na.leagueoflegends.com/en/news/game-updates/patch/patch-614-notes
2016,6.14,Patch 6.14 notes,2016-07-13,Vladimir,bugfix,0,0,0,Cosmetic: Blood Lord Vladimir R flicker fixed.,https://web.archive.org/web/20160726/http://na.leagueoflegends.com/en/news/game-updates/patch/patch-614-notes
2016,6.14,Patch 6.14 notes,2016-07-13,Yasuo,bugfix,0,0,0,"Bug fixes: attack lockout, Q crit consistency, Wind Wall on death, E chain-cast exploit.",https://web.archive.org/web/20160726/http://na.leagueoflegends.com/en/news/game-updates/patch/patch-614-notes
2016,6.14,Patch 6.14 notes,2016-07-13,Zyra,bugfix,0,0,0,Bug fix: passive no longer reveals location while recalling in brush.,https://web.archive.org/web/20160726/http://na.leagueoflegends.com/en/news/game-updates/patch/patch-614-notes
2016,6.14,Patch 6.14 notes,2016-07-20,Sona,nerf,2,0,1,Mid-patch: W heal 35-115 from 40-140; E self movement speed 13-17% from 16-20%.,https://web.archive.org/web/20160726/http://na.leagueoflegends.com/en/news/game-updates/patch/patch-614-notes
2016,6.15,Patch 6.15 notes,2016-07-26,Annie,bugfix,0,0,0,Bug fix: Pyromania stun from W/R now applies to invulnerable targets.,https://web.archive.org/web/20160809/http://na.leagueoflegends.com/en/news/game-updates/patch/patch-615-notes
2016,6.15,Patch 6.15 notes,2016-07-26,Braum,nerf,2,0,0,Passive damage lower early (26-196 from 40-176); Q damage -10 all ranks.,https://web.archive.org/web/20160809/http://na.leagueoflegends.com/en/news/game-updates/patch/patch-615-notes
2016,6.15,Patch 6.15 notes,2016-07-26,Caitlyn,bugfix,0,0,0,Bug fix: untargetable champions can't trigger W traps; Lunar Wraith trap visibility.,https://web.archive.org/web/20160809/http://na.leagueoflegends.com/en/news/game-updates/patch/patch-615-notes
2016,6.15,Patch 6.15 notes,2016-07-26,Corki,adjust,0,0,0,Passive Package cooldown 300s to 240s.,https://web.archive.org/web/20160809/http://na.leagueoflegends.com/en/news/game-updates/patch/patch-615-notes
2016,6.15,Patch 6.15 notes,2016-07-26,Darius,bugfix,0,0,0,Cosmetic: Dunkmaster Darius health bar position fixed.,https://web.archive.org/web/20160809/http://na.leagueoflegends.com/en/news/game-updates/patch/patch-615-notes
2016,6.15,Patch 6.15 notes,2016-07-26,Evelynn,bugfix,0,0,0,Cosmetic: Safecracker Evelynn texture fix.,https://web.archive.org/web/20160809/http://na.leagueoflegends.com/en/news/game-updates/patch/patch-615-notes
2016,6.15,Patch 6.15 notes,2016-07-26,Graves,bugfix,0,0,0,Bug fix: cancelling an attack no longer fails to reset attack timer.,https://web.archive.org/web/20160809/http://na.leagueoflegends.com/en/news/game-updates/patch/patch-615-notes
2016,6.15,Patch 6.15 notes,2016-07-26,Hecarim,nerf,2,0,0,Base AD 61.4 to 58; Q damage -10 all ranks.,https://web.archive.org/web/20160809/http://na.leagueoflegends.com/en/news/game-updates/patch/patch-615-notes
2016,6.15,Patch 6.15 notes,2016-07-26,Illaoi,adjust,0,0,0,Tentacles in brush now visible to enemies within vision range.,https://web.archive.org/web/20160809/http://na.leagueoflegends.com/en/news/game-updates/patch/patch-615-notes
2016,6.15,Patch 6.15 notes,2016-07-26,Jarvan IV,buff,1,0,0,E attack speed (passive and aura) 15-25% from 10-22%.,https://web.archive.org/web/20160809/http://na.leagueoflegends.com/en/news/game-updates/patch/patch-615-notes
2016,6.15,Patch 6.15 notes,2016-07-26,Karma,nerf,2,0,0,"E shield -10, can't target minions; Mantra E move speed 40-60% by rank from 60%.",https://web.archive.org/web/20160809/http://na.leagueoflegends.com/en/news/game-updates/patch/patch-615-notes
2016,6.15,Patch 6.15 notes,2016-07-26,Kassadin,buff,2,0,0,Q damage 65-185 from 70-170; E mana cost lower early; W turret damage bug fix.,https://web.archive.org/web/20160809/http://na.leagueoflegends.com/en/news/game-updates/patch/patch-615-notes
2016,6.15,Patch 6.15 notes,2016-07-26,Malzahar,adjust,0,0,0,Passive cooldown longer after level 6; shield lingers 0.25s from 1s after damage.,https://web.archive.org/web/20160809/http://na.leagueoflegends.com/en/news/game-updates/patch/patch-615-notes
2016,6.15,Patch 6.15 notes,2016-07-26,Miss Fortune,bugfix,0,0,0,Cosmetic: Pool Party MF level number position fixed.,https://web.archive.org/web/20160809/http://na.leagueoflegends.com/en/news/game-updates/patch/patch-615-notes
2016,6.15,Patch 6.15 notes,2016-07-26,Mordekaiser,bugfix,0,0,0,Bug fix: Classic skin Dragon Ghost leash range matches other skins.,https://web.archive.org/web/20160809/http://na.leagueoflegends.com/en/news/game-updates/patch/patch-615-notes
2016,6.15,Patch 6.15 notes,2016-07-26,Nami,bugfix,0,0,0,Cosmetic: Koi Nami chroma particles fixed.,https://web.archive.org/web/20160809/http://na.leagueoflegends.com/en/news/game-updates/patch/patch-615-notes
2016,6.15,Patch 6.15 notes,2016-07-26,Nidalee,buff,1,0,0,R no longer resets basic attacks; human and cougar Q damage raised; W minimap bug fix.,https://web.archive.org/web/20160809/http://na.leagueoflegends.com/en/news/game-updates/patch/patch-615-notes
2016,6.15,Patch 6.15 notes,2016-07-26,Rammus,bugfix,0,0,0,Bug fix: Q stun no longer lasts longer than intended.,https://web.archive.org/web/20160809/http://na.leagueoflegends.com/en/news/game-updates/patch/patch-615-notes
2016,6.15,Patch 6.15 notes,2016-07-26,Renekton,buff,2,0,0,R damage per second 40/80/120 from 30/60/120; gains 20 Fury on cast.,https://web.archive.org/web/20160809/http://na.leagueoflegends.com/en/news/game-updates/patch/patch-615-notes
2016,6.15,Patch 6.15 notes,2016-07-26,Shen,nerf,1,0,0,Base health regen 10 to 8.5.,https://web.archive.org/web/20160809/http://na.leagueoflegends.com/en/news/game-updates/patch/patch-615-notes
2016,6.15,Patch 6.15 notes,2016-07-26,Shyvana,nerf,1,0,0,R passive Fury per second 1/1.5/2 from 0.66/1.33/2.,https://web.archive.org/web/20160809/http://na.leagueoflegends.com/en/news/game-updates/patch/patch-615-notes
2016,6.15,Patch 6.15 notes,2016-07-26,Sona,bugfix,0,0,0,Bug fix: W no longer castable instantly after E (notes say bug aided her power).,https://web.archive.org/web/20160809/http://na.leagueoflegends.com/en/news/game-updates/patch/patch-615-notes
2016,6.15,Patch 6.15 notes,2016-07-26,Taliyah,adjust,0,0,0,R cooldown 180/150/120s from 160/140/120s.,https://web.archive.org/web/20160809/http://na.leagueoflegends.com/en/news/game-updates/patch/patch-615-notes
2016,6.15,Patch 6.15 notes,2016-07-26,Taric,bugfix,0,0,0,Cosmetic: Pool Party Taric recall animation fix.,https://web.archive.org/web/20160809/http://na.leagueoflegends.com/en/news/game-updates/patch/patch-615-notes
2016,6.15,Patch 6.15 notes,2016-07-26,Vayne,adjust,0,0,0,Q bonus damage now applies to structures; Tumble and attack crit together.,https://web.archive.org/web/20160809/http://na.leagueoflegends.com/en/news/game-updates/patch/patch-615-notes
2016,6.15,Patch 6.15 notes,2016-07-26,Vel'Koz,bugfix,0,0,0,Cosmetic: Arclight Vel'Koz respawn portal fix.,https://web.archive.org/web/20160809/http://na.leagueoflegends.com/en/news/game-updates/patch/patch-615-notes
2016,6.15,Patch 6.15 notes,2016-07-26,Viktor,adjust,0,0,0,R only moves at max return speed when Viktor targets himself.,https://web.archive.org/web/20160809/http://na.leagueoflegends.com/en/news/game-updates/patch/patch-615-notes
2016,6.15,Patch 6.15 notes,2016-07-26,Vladimir,nerf,2,0,0,Base movement speed 335 to 330; W cooldown +2s all ranks.,https://web.archive.org/web/20160809/http://na.leagueoflegends.com/en/news/game-updates/patch/patch-615-notes
2016,6.15,Patch 6.15 notes,2016-07-26,Zac,bugfix,0,0,0,Bug fix: E no longer jumps randomly when cursor is over minimap.,https://web.archive.org/web/20160809/http://na.leagueoflegends.com/en/news/game-updates/patch/patch-615-notes
2016,6.15,Patch 6.15 notes,2016-07-26,Zyra,buff,1,0,0,Q damage 60-200 from 60-180; AP ratio 0.6 from 0.55.,https://web.archive.org/web/20160809/http://na.leagueoflegends.com/en/news/game-updates/patch/patch-615-notes
2016,6.15,Patch 6.15 notes,2016-08-03,Varus,bugfix,0,0,1,Mid-patch bug fix: Q targets at maximum range now take damage.,https://web.archive.org/web/20160809/http://na.leagueoflegends.com/en/news/game-updates/patch/patch-615-notes
2016,6.16,Patch 6.16 notes,2016-08-10,Ahri,bugfix,0,0,0,Bug fix: R no longer fires oddly when cursor is over minimap.,https://web.archive.org/web/20160823/http://na.leagueoflegends.com/en/news/game-updates/patch/patch-616-notes
2016,6.16,Patch 6.16 notes,2016-08-10,Annie,bugfix,0,0,0,Bug fix: Tibbers no longer cancels attacks when re-ordered onto same target.,https://web.archive.org/web/20160823/http://na.leagueoflegends.com/en/news/game-updates/patch/patch-616-notes
2016,6.16,Patch 6.16 notes,2016-08-10,Azir,bugfix,0,0,0,Cosmetic: Gravelord Azir recall buff particles fixed.,https://web.archive.org/web/20160823/http://na.leagueoflegends.com/en/news/game-updates/patch/patch-616-notes
2016,6.16,Patch 6.16 notes,2016-08-10,Braum,bugfix,0,0,0,Cosmetic: Dragonslayer Braum blur fixed.,https://web.archive.org/web/20160823/http://na.leagueoflegends.com/en/news/game-updates/patch/patch-616-notes
2016,6.16,Patch 6.16 notes,2016-08-10,Fiora,bugfix,0,0,0,Bug fix: Q no longer fires oddly when cursor is over minimap.,https://web.archive.org/web/20160823/http://na.leagueoflegends.com/en/news/game-updates/patch/patch-616-notes
2016,6.16,Patch 6.16 notes,2016-08-10,Fizz,bugfix,0,0,0,Cosmetic: Cottontail Fizz health bar position fixed.,https://web.archive.org/web/20160823/http://na.leagueoflegends.com/en/news/game-updates/patch/patch-616-notes
2016,6.16,Patch 6.16 notes,2016-08-10,Graves,bugfix,0,0,0,Bug fix: multiple shells now apply multiple Black Cleaver stacks.,https://web.archive.org/web/20160823/http://na.leagueoflegends.com/en/news/game-updates/patch/patch-616-notes
2016,6.16,Patch 6.16 notes,2016-08-10,Irelia,buff,2,0,0,Passive tenacity now based on nearby enemies vs allies (0/10/25-40%); range 1400 to 1000.,https://web.archive.org/web/20160823/http://na.leagueoflegends.com/en/news/game-updates/patch/patch-616-notes
2016,6.16,Patch 6.16 notes,2016-08-10,Katarina,bugfix,0,0,0,Cosmetic: PROJECT: Katarina texture crack fixed.,https://web.archive.org/web/20160823/http://na.leagueoflegends.com/en/news/game-updates/patch/patch-616-notes
2016,6.16,Patch 6.16 notes,2016-08-10,Leona,adjust,0,0,0,Leona now sees damage numbers when allies proc Sunlight (clarity only).,https://web.archive.org/web/20160823/http://na.leagueoflegends.com/en/news/game-updates/patch/patch-616-notes
2016,6.16,Patch 6.16 notes,2016-08-10,Lulu,buff,2,0,0,W cooldown 16-12s from 18-12s; W attack speed 25-45% from 15-35%.,https://web.archive.org/web/20160823/http://na.leagueoflegends.com/en/news/game-updates/patch/patch-616-notes
2016,6.16,Patch 6.16 notes,2016-08-10,Lux,bugfix,0,0,0,Bug fix: R now damages champions Lux cannot see.,https://web.archive.org/web/20160823/http://na.leagueoflegends.com/en/news/game-updates/patch/patch-616-notes
2016,6.16,Patch 6.16 notes,2016-08-10,Miss Fortune,bugfix,0,0,0,Cosmetic: Pool Party MF E coconut visuals fixed.,https://web.archive.org/web/20160823/http://na.leagueoflegends.com/en/news/game-updates/patch/patch-616-notes
2016,6.16,Patch 6.16 notes,2016-08-10,Mordekaiser,adjust,0,0,0,"R ghost AI improved: prioritizes champions/towers, follows commands, chases last known location.",https://web.archive.org/web/20160823/http://na.leagueoflegends.com/en/news/game-updates/patch/patch-616-notes
2016,6.16,Patch 6.16 notes,2016-08-10,Nami,bugfix,0,0,0,Cosmetic: Deep Sea Nami voice muting fixed.,https://web.archive.org/web/20160823/http://na.leagueoflegends.com/en/news/game-updates/patch/patch-616-notes
2016,6.16,Patch 6.16 notes,2016-08-10,Nautilus,adjust,0,0,0,R now stuns every target it passes through; knockup duration 0.5s to 1s.,https://web.archive.org/web/20160823/http://na.leagueoflegends.com/en/news/game-updates/patch/patch-616-notes
2016,6.16,Patch 6.16 notes,2016-08-10,Orianna,bugfix,0,0,0,Bug fix: ball no longer vanishes visually when ally holding it dies.,https://web.archive.org/web/20160823/http://na.leagueoflegends.com/en/news/game-updates/patch/patch-616-notes
2016,6.16,Patch 6.16 notes,2016-08-10,Shyvana,bugfix,0,0,0,Cosmetic: Super Galaxy Shyvana death animation fixed.,https://web.archive.org/web/20160823/http://na.leagueoflegends.com/en/news/game-updates/patch/patch-616-notes
2016,6.16,Patch 6.16 notes,2016-08-10,Sona,nerf,2,0,0,"E self MS 10-14% from 13-17%, ally MS ratio lower; R cooldown cut 10/25/40% from 20/30/40%.",https://web.archive.org/web/20160823/http://na.leagueoflegends.com/en/news/game-updates/patch/patch-616-notes
2016,6.16,Patch 6.16 notes,2016-08-10,Soraka,bugfix,0,0,0,Bug fix: R now grants Ardent Censer buff to faraway allies.,https://web.archive.org/web/20160823/http://na.leagueoflegends.com/en/news/game-updates/patch/patch-616-notes
2016,6.16,Patch 6.16 notes,2016-08-10,Syndra,bugfix,0,0,0,Cosmetic: recall animation poses smoothed.,https://web.archive.org/web/20160823/http://na.leagueoflegends.com/en/news/game-updates/patch/patch-616-notes
2016,6.16,Patch 6.16 notes,2016-08-10,Thresh,bugfix,0,0,0,Cosmetic: Championship/Deep Terror lantern trail restored.,https://web.archive.org/web/20160823/http://na.leagueoflegends.com/en/news/game-updates/patch/patch-616-notes
2016,6.16,Patch 6.16 notes,2016-08-10,Tristana,bugfix,0,0,0,Cosmetic: Rocket Girl Punk chroma effects fixed.,https://web.archive.org/web/20160823/http://na.leagueoflegends.com/en/news/game-updates/patch/patch-616-notes
2016,6.16,Patch 6.16 notes,2016-08-10,Twisted Fate,buff,1,0,0,Bug fix: E hotkey no longer cancels recall.,https://web.archive.org/web/20160823/http://na.leagueoflegends.com/en/news/game-updates/patch/patch-616-notes
2016,6.16,Patch 6.16 notes,2016-08-10,Vayne,bugfix,0,0,0,Bug fix: Q now damages inhibitors and nexus.,https://web.archive.org/web/20160823/http://na.leagueoflegends.com/en/news/game-updates/patch/patch-616-notes
2016,6.16,Patch 6.16 notes,2016-08-10,Viktor,adjust,0,0,0,"R max speed 450 to 400, min 170 to 200, decays sooner; self-target snapback removed.",https://web.archive.org/web/20160823/http://na.leagueoflegends.com/en/news/game-updates/patch/patch-616-notes
2016,6.16,Patch 6.16 notes,2016-08-10,Xerath,bugfix,0,0,0,Bug fix: E no longer fires oddly when cursor is over minimap.,https://web.archive.org/web/20160823/http://na.leagueoflegends.com/en/news/game-updates/patch/patch-616-notes
2016,6.16,Patch 6.16 notes,2016-08-10,Yasuo,bugfix,0,0,0,Bug fix: failed E no longer refreshes Grasp of the Undying cooldown.,https://web.archive.org/web/20160823/http://na.leagueoflegends.com/en/news/game-updates/patch/patch-616-notes
2016,6.16,Patch 6.16 notes,2016-08-15,Jhin,bugfix,0,0,1,Mid-patch bug fix: E trap timer bars now count down.,https://web.archive.org/web/20160823/http://na.leagueoflegends.com/en/news/game-updates/patch/patch-616-notes
2016,6.16,Patch 6.16 notes,2016-08-15,Teemo,bugfix,0,0,1,Mid-patch bug fix: R trap timer bars now count down.,https://web.archive.org/web/20160823/http://na.leagueoflegends.com/en/news/game-updates/patch/patch-616-notes
2016,6.16,Patch 6.16 notes,2016-08-15,Twisted Fate,bugfix,0,0,1,Mid-patch: reverted under-the-hood 6.16 changes that introduced several bugs.,https://web.archive.org/web/20160823/http://na.leagueoflegends.com/en/news/game-updates/patch/patch-616-notes
2016,6.17,Patch 6.17 notes,2016-08-24,Ahri,bugfix,0,0,0,Cosmetic: Challenger Ahri orb effects restored.,https://web.archive.org/web/20160907/http://na.leagueoflegends.com/en/news/game-updates/patch/patch-617-notes
2016,6.17,Patch 6.17 notes,2016-08-24,Annie,adjust,0,0,0,Tibbers post-death enrage bonuses decay 20% faster.,https://web.archive.org/web/20160907/http://na.leagueoflegends.com/en/news/game-updates/patch/patch-617-notes
2016,6.17,Patch 6.17 notes,2016-08-24,Ashe,nerf,2,1,0,Q duration 5s to 4s; R damage 200/400/600 from 250/425/600.,https://web.archive.org/web/20160907/http://na.leagueoflegends.com/en/news/game-updates/patch/patch-617-notes
2016,6.17,Patch 6.17 notes,2016-08-24,Corki,adjust,0,0,0,Attacking wards no longer removes Package out-of-combat movement speed.,https://web.archive.org/web/20160907/http://na.leagueoflegends.com/en/news/game-updates/patch/patch-617-notes
2016,6.17,Patch 6.17 notes,2016-08-24,Diana,adjust,0,0,0,E maximum pull distance 150 to 225.,https://web.archive.org/web/20160907/http://na.leagueoflegends.com/en/news/game-updates/patch/patch-617-notes
2016,6.17,Patch 6.17 notes,2016-08-24,Draven,buff,1,0,0,R cost 120 to 100 mana; cooldown 100/90/80s from 110/100/90s.,https://web.archive.org/web/20160907/http://na.leagueoflegends.com/en/news/game-updates/patch/patch-617-notes
2016,6.17,Patch 6.17 notes,2016-08-24,Ekko,bugfix,0,0,0,Cosmetic: PROJECT: Ekko passive ring readability improved.,https://web.archive.org/web/20160907/http://na.leagueoflegends.com/en/news/game-updates/patch/patch-617-notes
2016,6.17,Patch 6.17 notes,2016-08-24,Elise,bugfix,0,0,0,Cosmetic: SKT T1 Elise buff VFX follow animations.,https://web.archive.org/web/20160907/http://na.leagueoflegends.com/en/news/game-updates/patch/patch-617-notes
2016,6.17,Patch 6.17 notes,2016-08-24,Evelynn,buff,1,0,0,R cooldown 120/100/80s from 150/120/90s.,https://web.archive.org/web/20160907/http://na.leagueoflegends.com/en/news/game-updates/patch/patch-617-notes
2016,6.17,Patch 6.17 notes,2016-08-24,Ezreal,adjust,0,0,0,Passive attack speed per stack and maximum increase at levels 7 and 13.,https://web.archive.org/web/20160907/http://na.leagueoflegends.com/en/news/game-updates/patch/patch-617-notes
2016,6.17,Patch 6.17 notes,2016-08-24,Gangplank,nerf,3,0,0,"Base health 580 to 540; W cost up; R cooldown up early, damage down; E lifesteal bug fix.",https://web.archive.org/web/20160907/http://na.leagueoflegends.com/en/news/game-updates/patch/patch-617-notes
2016,6.17,Patch 6.17 notes,2016-08-24,Gragas,nerf,3,1,0,E cooldown 16-12s from flat 12s; R fixed 0.55s travel time; E collision bug fixed.,https://web.archive.org/web/20160907/http://na.leagueoflegends.com/en/news/game-updates/patch/patch-617-notes
2016,6.17,Patch 6.17 notes,2016-08-24,Jayce,buff,2,0,0,E cost flat 40 mana; hammer transform attack ratio now 0.4 bonus AD not AP; bug fix.,https://web.archive.org/web/20160907/http://na.leagueoflegends.com/en/news/game-updates/patch/patch-617-notes
2016,6.17,Patch 6.17 notes,2016-08-24,Jhin,nerf,2,1,0,"W bonus AD ratio 0.7 to 0.5; R base damage down, execute up, no cooldown refund.",https://web.archive.org/web/20160907/http://na.leagueoflegends.com/en/news/game-updates/patch/patch-617-notes
2016,6.17,Patch 6.17 notes,2016-08-24,Jinx,buff,1,0,0,R bonus AD ratio 0.15-1.5 from 0.1-1.0.,https://web.archive.org/web/20160907/http://na.leagueoflegends.com/en/news/game-updates/patch/patch-617-notes
2016,6.17,Patch 6.17 notes,2016-08-24,Kalista,bugfix,0,0,0,Bug fix: passive dash no longer overrides other displacements; SKT T1 cosmetic fix.,https://web.archive.org/web/20160907/http://na.leagueoflegends.com/en/news/game-updates/patch/patch-617-notes
2016,6.17,Patch 6.17 notes,2016-08-24,Katarina,bugfix,0,0,0,Cosmetic: Sandstorm Katarina taunt speed fixed.,https://web.archive.org/web/20160907/http://na.leagueoflegends.com/en/news/game-updates/patch/patch-617-notes
2016,6.17,Patch 6.17 notes,2016-08-24,Kennen,adjust,0,0,0,"Basic attack missile speed 1700 (from 1600), empowered W attacks 1700 (from 1800); animation fix.",https://web.archive.org/web/20160907/http://na.leagueoflegends.com/en/news/game-updates/patch/patch-617-notes
2016,6.17,Patch 6.17 notes,2016-08-24,Kha'Zix,bugfix,0,0,0,Bug fix: Youmuu's Ghostblade no longer breaks R stealth.,https://web.archive.org/web/20160907/http://na.leagueoflegends.com/en/news/game-updates/patch/patch-617-notes
2016,6.17,Patch 6.17 notes,2016-08-24,Kled,adjust,0,0,0,Colorblind mode now recolors Skaarl's health bar (clarity only).,https://web.archive.org/web/20160907/http://na.leagueoflegends.com/en/news/game-updates/patch/patch-617-notes
2016,6.17,Patch 6.17 notes,2016-08-24,Lee Sin,bugfix,0,0,0,Bug fix: Q2 now deals damage when cast during W dash.,https://web.archive.org/web/20160907/http://na.leagueoflegends.com/en/news/game-updates/patch/patch-617-notes
2016,6.17,Patch 6.17 notes,2016-08-24,Leona,bugfix,0,0,0,Bug fix: E visuals now shown when cast from fog of war.,https://web.archive.org/web/20160907/http://na.leagueoflegends.com/en/news/game-updates/patch/patch-617-notes
2016,6.17,Patch 6.17 notes,2016-08-24,Malphite,buff,2,0,0,W cooldown 14s to 12s; W bonus armor and active armor ratio increased.,https://web.archive.org/web/20160907/http://na.leagueoflegends.com/en/news/game-updates/patch/patch-617-notes
2016,6.17,Patch 6.17 notes,2016-08-24,Morgana,buff,1,0,0,E cast range 750 to 800; cosmetic run animation fix.,https://web.archive.org/web/20160907/http://na.leagueoflegends.com/en/news/game-updates/patch/patch-617-notes
2016,6.17,Patch 6.17 notes,2016-08-24,Nasus,bugfix,0,0,0,Bug fix: Q stacks granted when last-hitting Gangplank barrels.,https://web.archive.org/web/20160907/http://na.leagueoflegends.com/en/news/game-updates/patch/patch-617-notes
2016,6.17,Patch 6.17 notes,2016-08-24,Orianna,buff,1,0,0,R cost flat 100 mana; cooldown 110/95/80s from 120/105/90s.,https://web.archive.org/web/20160907/http://na.leagueoflegends.com/en/news/game-updates/patch/patch-617-notes
2016,6.17,Patch 6.17 notes,2016-08-24,Poppy,buff,1,0,0,Base movement speed 340 to 345; W passive resist bonus 12% to 15%.,https://web.archive.org/web/20160907/http://na.leagueoflegends.com/en/news/game-updates/patch/patch-617-notes
2016,6.17,Patch 6.17 notes,2016-08-24,Rek'Sai,adjust,0,1,0,E Tunnel cooldown 26-18s from 20-18s; R cooldown 180/140/100s from 150/110/70s.,https://web.archive.org/web/20160907/http://na.leagueoflegends.com/en/news/game-updates/patch/patch-617-notes
2016,6.17,Patch 6.17 notes,2016-08-24,Riven,buff,2,0,0,"R Wind Slash damage up 25% (min 100-200, max 300-600).",https://web.archive.org/web/20160907/http://na.leagueoflegends.com/en/news/game-updates/patch/patch-617-notes
2016,6.17,Patch 6.17 notes,2016-08-24,Ryze,adjust,0,0,0,R rank 1 range 1500 to 1750.,https://web.archive.org/web/20160907/http://na.leagueoflegends.com/en/news/game-updates/patch/patch-617-notes
2016,6.17,Patch 6.17 notes,2016-08-24,Sion,bugfix,0,0,0,"Bug fixes: snap-cast Q small-area damage, E launched-minion damage; splash art updates.",https://web.archive.org/web/20160907/http://na.leagueoflegends.com/en/news/game-updates/patch/patch-617-notes
2016,6.17,Patch 6.17 notes,2016-08-24,Sivir,nerf,2,1,0,W bounce ratio -0.1 bonus AD; R passive attack speed 30/45/60% from 40/60/80%.,https://web.archive.org/web/20160907/http://na.leagueoflegends.com/en/news/game-updates/patch/patch-617-notes
2016,6.17,Patch 6.17 notes,2016-08-24,Syndra,bugfix,0,0,0,Cosmetic: death animation arm stretching fixed.,https://web.archive.org/web/20160907/http://na.leagueoflegends.com/en/news/game-updates/patch/patch-617-notes
2016,6.17,Patch 6.17 notes,2016-08-24,Tahm Kench,bugfix,0,0,0,Bug fix: R description no longer blank in champion select.,https://web.archive.org/web/20160907/http://na.leagueoflegends.com/en/news/game-updates/patch/patch-617-notes
2016,6.17,Patch 6.17 notes,2016-08-24,Thresh,buff,1,0,0,R cooldown 140/120/100s from 150/140/130s; Dark Star cosmetic fixes.,https://web.archive.org/web/20160907/http://na.leagueoflegends.com/en/news/game-updates/patch/patch-617-notes
2016,6.17,Patch 6.17 notes,2016-08-24,Trundle,adjust,0,0,0,"E cooldown 22-14s from 23-11s (slightly lower early, higher late).",https://web.archive.org/web/20160907/http://na.leagueoflegends.com/en/news/game-updates/patch/patch-617-notes
2016,6.17,Patch 6.17 notes,2016-08-24,Twitch,bugfix,0,0,0,Bug fix: E now damages enemies acquired at edge of range.,https://web.archive.org/web/20160907/http://na.leagueoflegends.com/en/news/game-updates/patch/patch-617-notes
2016,6.17,Patch 6.17 notes,2016-08-24,Vayne,buff,2,0,0,Q total AD ratio 0.3-0.7 from 0.3-0.5 at later ranks.,https://web.archive.org/web/20160907/http://na.leagueoflegends.com/en/news/game-updates/patch/patch-617-notes
2016,6.17,Patch 6.17 notes,2016-08-24,Veigar,adjust,0,0,0,Passive AP per takedown 3 to 5; E warning ring bug fix.,https://web.archive.org/web/20160907/http://na.leagueoflegends.com/en/news/game-updates/patch/patch-617-notes
2016,6.17,Patch 6.17 notes,2016-08-24,Vi,buff,2,0,0,Passive and Q cooldowns lower early; Q knockback 0.7s; two E charges at first rank.,https://web.archive.org/web/20160907/http://na.leagueoflegends.com/en/news/game-updates/patch/patch-617-notes
2016,6.17,Patch 6.17 notes,2016-08-24,Yasuo,bugfix,0,0,0,Bug fix: first crit after R no longer delayed.,https://web.archive.org/web/20160907/http://na.leagueoflegends.com/en/news/game-updates/patch/patch-617-notes
2016,6.17,Patch 6.17 notes,2016-08-24,Zilean,bugfix,0,0,0,Bug fix: Q now damages attached targets that became untargetable.,https://web.archive.org/web/20160907/http://na.leagueoflegends.com/en/news/game-updates/patch/patch-617-notes
2016,6.18,Patch 6.18 notes,2016-09-08,Ahri,bugfix,0,0,0,Cosmetic: several Arcade Ahri visual fixes.,https://web.archive.org/web/20161005/http://na.leagueoflegends.com/en/news/game-updates/patch/patch-618-notes
2016,6.18,Patch 6.18 notes,2016-09-08,Ashe,nerf,1,0,0,W cooldown 15/12.5/10/7.5/5s from 12/10/8/6/4s; PROJECT skin R timing fix.,https://web.archive.org/web/20161005/http://na.leagueoflegends.com/en/news/game-updates/patch/patch-618-notes
2016,6.18,Patch 6.18 notes,2016-09-08,Aurelion Sol,bugfix,0,0,0,Bug fix: passive stars no longer briefly appear at last known location.,https://web.archive.org/web/20161005/http://na.leagueoflegends.com/en/news/game-updates/patch/patch-618-notes
2016,6.18,Patch 6.18 notes,2016-09-08,Ekko,nerf,1,0,0,Base attack damage 59 to 55.,https://web.archive.org/web/20161005/http://na.leagueoflegends.com/en/news/game-updates/patch/patch-618-notes
2016,6.18,Patch 6.18 notes,2016-09-08,Elise,bugfix,0,0,0,Cosmetic: Blood Moon/SKT T1 E trail particles fixed.,https://web.archive.org/web/20161005/http://na.leagueoflegends.com/en/news/game-updates/patch/patch-618-notes
2016,6.18,Patch 6.18 notes,2016-09-08,Gnar,nerf,2,1,0,W base damage -5 all ranks; E cooldown 22-12s from 18-12s.,https://web.archive.org/web/20161005/http://na.leagueoflegends.com/en/news/game-updates/patch/patch-618-notes
2016,6.18,Patch 6.18 notes,2016-09-08,Kalista,bugfix,0,0,0,Cosmetic: SKT T1 Kalista death animation fixed.,https://web.archive.org/web/20161005/http://na.leagueoflegends.com/en/news/game-updates/patch/patch-618-notes
2016,6.18,Patch 6.18 notes,2016-09-08,Kled,bugfix,0,0,0,Bug fix: health bar reappears after Zilean revive at remount; Sir Kled joke loop.,https://web.archive.org/web/20161005/http://na.leagueoflegends.com/en/news/game-updates/patch/patch-618-notes
2016,6.18,Patch 6.18 notes,2016-09-08,Lee Sin,buff,1,1,0,W2 lifesteal/spell vamp 10-30% from 5-25%; Q2 cancel window bug fix.,https://web.archive.org/web/20161005/http://na.leagueoflegends.com/en/news/game-updates/patch/patch-618-notes
2016,6.18,Patch 6.18 notes,2016-09-08,Lissandra,nerf,1,0,0,Health growth 84 to 75.,https://web.archive.org/web/20161005/http://na.leagueoflegends.com/en/news/game-updates/patch/patch-618-notes
2016,6.18,Patch 6.18 notes,2016-09-08,Lulu,adjust,0,0,0,Bug fix makes 6.13's intended 2s Q slow at all ranks actually apply.,https://web.archive.org/web/20161005/http://na.leagueoflegends.com/en/news/game-updates/patch/patch-618-notes
2016,6.18,Patch 6.18 notes,2016-09-08,Lux,buff,1,1,0,E slow 25-45% from 20-36%.,https://web.archive.org/web/20161005/http://na.leagueoflegends.com/en/news/game-updates/patch/patch-618-notes
2016,6.18,Patch 6.18 notes,2016-09-08,Miss Fortune,adjust,0,1,0,Passive deals 100% damage to turrets (from 50%); Love Tap after Q bug fix.,https://web.archive.org/web/20161005/http://na.leagueoflegends.com/en/news/game-updates/patch/patch-618-notes
2016,6.18,Patch 6.18 notes,2016-09-08,Nocturne,buff,1,0,0,E fear duration 1.25-2.25s from 1-2s.,https://web.archive.org/web/20161005/http://na.leagueoflegends.com/en/news/game-updates/patch/patch-618-notes
2016,6.18,Patch 6.18 notes,2016-09-08,Rek'Sai,nerf,2,1,0,Base armor 28.3 to 24; armor growth 3.75 to 3.4.,https://web.archive.org/web/20161005/http://na.leagueoflegends.com/en/news/game-updates/patch/patch-618-notes
2016,6.18,Patch 6.18 notes,2016-09-08,Riven,bugfix,0,0,0,Cosmetic: Championship Riven on-hit particles restored.,https://web.archive.org/web/20161005/http://na.leagueoflegends.com/en/news/game-updates/patch/patch-618-notes
2016,6.18,Patch 6.18 notes,2016-09-08,Ryze,buff,1,0,0,R rank 1 tooltip and range indicator fixed to match 6.17's 1750 range.,https://web.archive.org/web/20161005/http://na.leagueoflegends.com/en/news/game-updates/patch/patch-618-notes
2016,6.18,Patch 6.18 notes,2016-09-08,Shen,nerf,2,0,0,Passive base shield 50-101 from 52-120; Q max-health damage -1% all ranks.,https://web.archive.org/web/20161005/http://na.leagueoflegends.com/en/news/game-updates/patch/patch-618-notes
2016,6.18,Patch 6.18 notes,2016-09-08,Taliyah,nerf,2,0,0,Q no longer deals 50% bonus damage to minions; E damage 70-150 from 80-180.,https://web.archive.org/web/20161005/http://na.leagueoflegends.com/en/news/game-updates/patch/patch-618-notes
2016,6.18,Patch 6.18 notes,2016-09-08,Teemo,bugfix,0,0,0,Cosmetic: Cottontail chromas loading screen splash fixed.,https://web.archive.org/web/20161005/http://na.leagueoflegends.com/en/news/game-updates/patch/patch-618-notes
2016,6.18,Patch 6.18 notes,2016-09-08,Trundle,bugfix,0,0,0,Bug fix: passive heal now procs on Rift Herald and Scuttler kills.,https://web.archive.org/web/20161005/http://na.leagueoflegends.com/en/news/game-updates/patch/patch-618-notes
2016,6.18,Patch 6.18 notes,2016-09-08,Vladimir,nerf,2,1,0,"Base HP 550 to 525; empowered Q heal down; E cooldown up early, max-HP conversion lower.",https://web.archive.org/web/20161005/http://na.leagueoflegends.com/en/news/game-updates/patch/patch-618-notes
2016,6.18,Patch 6.18 notes,2016-09-08,Yasuo,adjust,0,0,0,Base AS up but AS growth 3.2% to 2.5%; R armor pen only on crits; R bug fix.,https://web.archive.org/web/20161005/http://na.leagueoflegends.com/en/news/game-updates/patch/patch-618-notes
2016,6.18,Patch 6.18 notes,2016-09-08,Yorick,rework,0,0,0,"Full gameplay and visual relaunch: new Mist Walkers, Maiden of the Mist ultimate.",https://web.archive.org/web/20161005/http://na.leagueoflegends.com/en/news/game-updates/patch/patch-618-notes
2016,6.18,Patch 6.18 notes,2016-09-08,Zed,bugfix,0,0,0,Cosmetic: PROJECT: Zed emote transition smoothed.,https://web.archive.org/web/20161005/http://na.leagueoflegends.com/en/news/game-updates/patch/patch-618-notes
2016,6.18,Patch 6.18 notes,2016-09-13,Aatrox,bugfix,0,0,1,Mid-patch bug fixes: Q interruptible again during rise; no lockouts after interruption or death.,https://web.archive.org/web/20161005/http://na.leagueoflegends.com/en/news/game-updates/patch/patch-618-notes
2016,6.18,Patch 6.18 notes,2016-09-13,Yasuo,bugfix,0,0,1,Mid-patch bug fix: rapid repeated Q hits no longer fail to deal damage.,https://web.archive.org/web/20161005/http://na.leagueoflegends.com/en/news/game-updates/patch/patch-618-notes
2016,6.18,Patch 6.18 notes,2016-09-13,Yorick,bugfix,0,0,1,Mid-patch bug fix: Q no longer creates graves on non-kills with full ghoul army.,https://web.archive.org/web/20161005/http://na.leagueoflegends.com/en/news/game-updates/patch/patch-618-notes
2016,6.18,Patch 6.18 notes,2016-09-14,Ryze,bugfix,0,0,1,Mid-patch bug fix: R rank 2 cast range indicator fixed.,https://web.archive.org/web/20161005/http://na.leagueoflegends.com/en/news/game-updates/patch/patch-618-notes
2016,6.18,Patch 6.18 notes,2016-09-15,Bard,bugfix,0,0,1,Mid-patch bug fix: tiny E journeys no longer cause infinite travel loops.,https://web.archive.org/web/20161005/http://na.leagueoflegends.com/en/news/game-updates/patch/patch-618-notes
2016,6.18,Patch 6.18 notes,2016-09-15,Kled,bugfix,0,0,1,Mid-patch bug fix: no longer remounts Skaarl too quickly at 100 Courage.,https://web.archive.org/web/20161005/http://na.leagueoflegends.com/en/news/game-updates/patch/patch-618-notes
2017,7.16,Patch 7.16 notes,2017-08-09,Aatrox,adjust,0,0,0,W third-hit effects (heal/Blood Well stacks) no longer proc on wards.,https://web.archive.org/web/20170822/http://na.leagueoflegends.com/en/news/game-updates/patch/patch-716-notes
2017,7.16,Patch 7.16 notes,2017-08-09,Caitlyn,adjust,0,0,0,"Q damage to additional targets 67% to 50%; W trap damage lower early, ratio 0.7 to 0.6.",https://web.archive.org/web/20170822/http://na.leagueoflegends.com/en/news/game-updates/patch/patch-716-notes
2017,7.16,Patch 7.16 notes,2017-08-09,Cassiopeia,adjust,0,1,0,"Base mana 375 to 334, growth up; E base damage vs poisoned lower early, AP ratio up.",https://web.archive.org/web/20170822/http://na.leagueoflegends.com/en/news/game-updates/patch/patch-716-notes
2017,7.16,Patch 7.16 notes,2017-08-09,Corki,nerf,1,1,0,Base attack damage 58 to 55.,https://web.archive.org/web/20170822/http://na.leagueoflegends.com/en/news/game-updates/patch/patch-716-notes
2017,7.16,Patch 7.16 notes,2017-08-09,Fiddlesticks,bugfix,0,0,0,Cosmetic: Pumpkinhead Fiddlesticks load screen border restored.,https://web.archive.org/web/20170822/http://na.leagueoflegends.com/en/news/game-updates/patch/patch-716-notes
2017,7.16,Patch 7.16 notes,2017-08-09,Fiora,buff,1,0,0,Passive bonus movement speed 15/25/35/45% from 15/20/25/30% by R rank.,https://web.archive.org/web/20170822/http://na.leagueoflegends.com/en/news/game-updates/patch/patch-716-notes
2017,7.16,Patch 7.16 notes,2017-08-09,Fizz,buff,1,1,0,E cooldown 16-10s from 18-10s.,https://web.archive.org/web/20170822/http://na.leagueoflegends.com/en/news/game-updates/patch/patch-716-notes
2017,7.16,Patch 7.16 notes,2017-08-09,Galio,nerf,2,1,0,R cooldown 180/150/120s from 160/140/120s; ally damage reduction 20/25/30% from 20/30/40%.,https://web.archive.org/web/20170822/http://na.leagueoflegends.com/en/news/game-updates/patch/patch-716-notes
2017,7.16,Patch 7.16 notes,2017-08-09,Heimerdinger,bugfix,0,0,0,Bug fix: upgraded Q turret beam no longer breaks when target leaves range.,https://web.archive.org/web/20170822/http://na.leagueoflegends.com/en/news/game-updates/patch/patch-716-notes
2017,7.16,Patch 7.16 notes,2017-08-09,Irelia,bugfix,0,0,0,Bug fix: Q across walls now carries Irelia over the wall.,https://web.archive.org/web/20170822/http://na.leagueoflegends.com/en/news/game-updates/patch/patch-716-notes
2017,7.16,Patch 7.16 notes,2017-08-09,Jax,adjust,0,0,0,R third-hit bonus damage no longer consumed on wards.,https://web.archive.org/web/20170822/http://na.leagueoflegends.com/en/news/game-updates/patch/patch-716-notes
2017,7.16,Patch 7.16 notes,2017-08-09,Jayce,adjust,0,0,0,Stance-swap on-hit bonuses no longer consumed on wards.,https://web.archive.org/web/20170822/http://na.leagueoflegends.com/en/news/game-updates/patch/patch-716-notes
2017,7.16,Patch 7.16 notes,2017-08-09,Kayn,bugfix,0,0,0,Bug fixes: DoT ticks no longer give transformation progress; R marks through shields; tooltip.,https://web.archive.org/web/20170822/http://na.leagueoflegends.com/en/news/game-updates/patch/patch-716-notes
2017,7.16,Patch 7.16 notes,2017-08-09,LeBlanc,nerf,1,1,0,Q damage to minions 80% to 60%.,https://web.archive.org/web/20170822/http://na.leagueoflegends.com/en/news/game-updates/patch/patch-716-notes
2017,7.16,Patch 7.16 notes,2017-08-09,Maokai,nerf,1,0,0,E max-health damage 6-8% by rank (brush 12-16%) from flat 8% (16%).,https://web.archive.org/web/20170822/http://na.leagueoflegends.com/en/news/game-updates/patch/patch-716-notes
2017,7.16,Patch 7.16 notes,2017-08-09,Nautilus,bugfix,0,0,0,Bug fix: Q pull now stops at player-created terrain.,https://web.archive.org/web/20170822/http://na.leagueoflegends.com/en/news/game-updates/patch/patch-716-notes
2017,7.16,Patch 7.16 notes,2017-08-09,Orianna,nerf,2,1,0,W base damage -10; buffered W cast distance 275 to 75; E shield -20.,https://web.archive.org/web/20170822/http://na.leagueoflegends.com/en/news/game-updates/patch/patch-716-notes
2017,7.16,Patch 7.16 notes,2017-08-09,Riven,adjust,0,0,0,Passive Runic Blade charges no longer consumed on wards.,https://web.archive.org/web/20170822/http://na.leagueoflegends.com/en/news/game-updates/patch/patch-716-notes
2017,7.16,Patch 7.16 notes,2017-08-09,Sejuani,bugfix,0,0,0,Cosmetic: Poro Rider Sejuani death animation restored.,https://web.archive.org/web/20170822/http://na.leagueoflegends.com/en/news/game-updates/patch/patch-716-notes
2017,7.16,Patch 7.16 notes,2017-08-09,Singed,bugfix,0,0,0,Cosmetic: Snow Day Singed Q VFX more opaque.,https://web.archive.org/web/20170822/http://na.leagueoflegends.com/en/news/game-updates/patch/patch-716-notes
2017,7.16,Patch 7.16 notes,2017-08-09,Sion,buff,2,0,0,W health per small unit 2 to 3; R max damage 400/800/1200 from 300/600/900; bug fix.,https://web.archive.org/web/20170822/http://na.leagueoflegends.com/en/news/game-updates/patch/patch-716-notes
2017,7.16,Patch 7.16 notes,2017-08-09,Syndra,adjust,0,1,0,Q AP ratio 0.75 to 0.65; E AP ratio 0.5 to 0.6.,https://web.archive.org/web/20170822/http://na.leagueoflegends.com/en/news/game-updates/patch/patch-716-notes
2017,7.16,Patch 7.16 notes,2017-08-09,Tahm Kench,bugfix,0,0,0,Cosmetic: Master Chef Tahm Kench animation fix.,https://web.archive.org/web/20170822/http://na.leagueoflegends.com/en/news/game-updates/patch/patch-716-notes
2017,7.16,Patch 7.16 notes,2017-08-09,Taliyah,nerf,1,1,0,Q mana cost 60-100 from 50-70.,https://web.archive.org/web/20170822/http://na.leagueoflegends.com/en/news/game-updates/patch/patch-716-notes
2017,7.16,Patch 7.16 notes,2017-08-09,Teemo,bugfix,0,0,0,Cosmetic: Omega Squad chroma VFX restored.,https://web.archive.org/web/20170822/http://na.leagueoflegends.com/en/news/game-updates/patch/patch-716-notes
2017,7.16,Patch 7.16 notes,2017-08-09,Tristana,bugfix,0,0,0,Cosmetic: Omega Squad Tristana SFX restored.,https://web.archive.org/web/20170822/http://na.leagueoflegends.com/en/news/game-updates/patch/patch-716-notes
2017,7.16,Patch 7.16 notes,2017-08-09,Twitch,bugfix,0,0,0,Bug fix: R no longer double-hits inhibitors/nexus from slightly outside range.,https://web.archive.org/web/20170822/http://na.leagueoflegends.com/en/news/game-updates/patch/patch-716-notes
2017,7.16,Patch 7.16 notes,2017-08-09,Vi,buff,1,0,0,R cooldown 130/100/70s from 150/115/80s; E attack uncancellable; R positioning bug fix.,https://web.archive.org/web/20170822/http://na.leagueoflegends.com/en/news/game-updates/patch/patch-716-notes
2017,7.16,Patch 7.16 notes,2017-08-09,Yasuo,bugfix,0,0,0,Cosmetic: Nightbringer Yasuo channel animation facing fixed.,https://web.archive.org/web/20170822/http://na.leagueoflegends.com/en/news/game-updates/patch/patch-716-notes
2017,7.16,Patch 7.16 notes,2017-08-11,Orianna,bugfix,0,0,1,Mid-patch revert: W/R cast rules while ball travels restored to pre-7.16 (unintended ult effects).,https://web.archive.org/web/20170822/http://na.leagueoflegends.com/en/news/game-updates/patch/patch-716-notes
2017,7.17,Patch 7.17 notes,2017-08-23,Cassiopeia,bugfix,0,0,0,Cosmetic: skin portrait no longer reverts while dead.,https://web.archive.org/web/20170912/http://na.leagueoflegends.com/en/news/game-updates/patch/patch-717-notes
2017,7.17,Patch 7.17 notes,2017-08-23,Cho'Gath,bugfix,0,0,0,Recommended starting items no longer exceed starting gold.,https://web.archive.org/web/20170912/http://na.leagueoflegends.com/en/news/game-updates/patch/patch-717-notes
2017,7.17,Patch 7.17 notes,2017-08-23,Draven,adjust,0,0,0,Passive loses 75% of stacks on death (from 50%); base kill gold 50 to 25.,https://web.archive.org/web/20170912/http://na.leagueoflegends.com/en/news/game-updates/patch/patch-717-notes
2017,7.17,Patch 7.17 notes,2017-08-23,Ezreal,buff,1,0,0,Q total AD ratio 1.1 to 1.25.,https://web.archive.org/web/20170912/http://na.leagueoflegends.com/en/news/game-updates/patch/patch-717-notes
2017,7.17,Patch 7.17 notes,2017-08-23,Hecarim,adjust,0,0,0,E no longer ticks down during R; R fear 0.75-1.5s by distance (from 1s); cosmetic fixes.,https://web.archive.org/web/20170912/http://na.leagueoflegends.com/en/news/game-updates/patch/patch-717-notes
2017,7.17,Patch 7.17 notes,2017-08-23,Illaoi,bugfix,0,0,0,Bug fix: W no longer deals extra crit damage when dashing.,https://web.archive.org/web/20170912/http://na.leagueoflegends.com/en/news/game-updates/patch/patch-717-notes
2017,7.17,Patch 7.17 notes,2017-08-23,Jhin,bugfix,0,0,0,Bug fix: Blood Moon Jhin R now shows ally/enemy indicators.,https://web.archive.org/web/20170912/http://na.leagueoflegends.com/en/news/game-updates/patch/patch-717-notes
2017,7.17,Patch 7.17 notes,2017-08-23,Jinx,bugfix,0,0,0,Cosmetic: Star Guardian Jinx spawn song fix.,https://web.archive.org/web/20170912/http://na.leagueoflegends.com/en/news/game-updates/patch/patch-717-notes
2017,7.17,Patch 7.17 notes,2017-08-23,Katarina,bugfix,0,0,0,Cosmetic: Slay Belle Katarina recall stuck fix.,https://web.archive.org/web/20170912/http://na.leagueoflegends.com/en/news/game-updates/patch/patch-717-notes
2017,7.17,Patch 7.17 notes,2017-08-23,Leona,adjust,0,1,0,Passive mark 1.5s (from 3.5s) but damage 25-144; Q cooldown flat 6s (from 9-5s).,https://web.archive.org/web/20170912/http://na.leagueoflegends.com/en/news/game-updates/patch/patch-717-notes
2017,7.17,Patch 7.17 notes,2017-08-23,Lulu,bugfix,0,0,0,Cosmetic: Star Guardian and Dragon Trainer Lulu visual fixes.,https://web.archive.org/web/20170912/http://na.leagueoflegends.com/en/news/game-updates/patch/patch-717-notes
2017,7.17,Patch 7.17 notes,2017-08-23,Malzahar,bugfix,0,0,0,Bug fix: passive now blocks Fizz R; Battle Boss attack animation speed fixed.,https://web.archive.org/web/20170912/http://na.leagueoflegends.com/en/news/game-updates/patch/patch-717-notes
2017,7.17,Patch 7.17 notes,2017-08-23,Maokai,adjust,0,0,0,Passive Sap Magic no longer procs on wards (ward on-hit standardization).,https://web.archive.org/web/20170912/http://na.leagueoflegends.com/en/news/game-updates/patch/patch-717-notes
2017,7.17,Patch 7.17 notes,2017-08-23,Nidalee,bugfix,0,0,0,Bug fix: W traps no longer valid targets for Bard Q stun.,https://web.archive.org/web/20170912/http://na.leagueoflegends.com/en/news/game-updates/patch/patch-717-notes
2017,7.17,Patch 7.17 notes,2017-08-23,Poppy,bugfix,0,0,0,Cosmetic: Star Guardian Poppy spawn song fix.,https://web.archive.org/web/20170912/http://na.leagueoflegends.com/en/news/game-updates/patch/patch-717-notes
2017,7.17,Patch 7.17 notes,2017-08-23,Rek'Sai,bugfix,0,0,0,Bug fix: tunnels no longer become permanent if destroyed on exit.,https://web.archive.org/web/20170912/http://na.leagueoflegends.com/en/news/game-updates/patch/patch-717-notes
2017,7.17,Patch 7.17 notes,2017-08-23,Thresh,bugfix,0,0,0,Cosmetic: Dark Star Thresh buffbone fix.,https://web.archive.org/web/20170912/http://na.leagueoflegends.com/en/news/game-updates/patch/patch-717-notes
2017,7.17,Patch 7.17 notes,2017-08-23,Twisted Fate,bugfix,0,0,0,Bug fix: W empowered attacks no longer consume all Energized charges.,https://web.archive.org/web/20170912/http://na.leagueoflegends.com/en/news/game-updates/patch/patch-717-notes
2017,7.17,Patch 7.17 notes,2017-08-23,Urgot,buff,2,0,0,R slow/reactivation window 3s to 4s; W lock-on refreshes; shorter W lockout after missed E.,https://web.archive.org/web/20170912/http://na.leagueoflegends.com/en/news/game-updates/patch/patch-717-notes
2017,7.17,Patch 7.17 notes,2017-08-23,Warwick,bugfix,0,0,0,Bug fix: energized attacks no longer block W movement speed.,https://web.archive.org/web/20170912/http://na.leagueoflegends.com/en/news/game-updates/patch/patch-717-notes
2017,7.17,Patch 7.17 notes,2017-08-23,Yasuo,bugfix,0,0,0,Bug fix: invalid R cast no longer activates Zeke's Convergence.,https://web.archive.org/web/20170912/http://na.leagueoflegends.com/en/news/game-updates/patch/patch-717-notes
2017,7.17,Patch 7.17 notes,2017-08-23,Zac,bugfix,0,0,0,Bug fix: passive bloblets now invisible in fog of war.,https://web.archive.org/web/20170912/http://na.leagueoflegends.com/en/news/game-updates/patch/patch-717-notes
2017,7.17,Patch 7.17 notes,2017-08-23,Zed,buff,1,0,0,Base attack speed 0.644 to 0.651; W shadow duration 4.5s to 5s; R bug fix.,https://web.archive.org/web/20170912/http://na.leagueoflegends.com/en/news/game-updates/patch/patch-717-notes
2017,7.17,Patch 7.17 notes,2017-08-24,Ornn,bugfix,0,0,1,Mid-patch bug fix: mini-shop UI lag mitigated (basic items only until 7.18).,https://web.archive.org/web/20170912/http://na.leagueoflegends.com/en/news/game-updates/patch/patch-717-notes
2017,7.17,Patch 7.17 notes,2017-08-25,Ornn,buff,2,0,1,"Mid-patch: health growth, health regen, attack speed growth up; R cooldown 130/100/70s.",https://web.archive.org/web/20170912/http://na.leagueoflegends.com/en/news/game-updates/patch/patch-717-notes
2017,7.17,Patch 7.17 notes,2017-09-01,Ornn,buff,2,0,1,"Mid-patch: Q pillar faster and displaces; W longer, wider, less self-slow; E no longer knocks back.",https://web.archive.org/web/20170912/http://na.leagueoflegends.com/en/news/game-updates/patch/patch-717-notes
2017,7.18,Patch 7.18 notes,2017-09-13,Aatrox,bugfix,0,0,0,Bug fix: keeps empowered W attack through passive revive.,https://web.archive.org/web/20170930/http://na.leagueoflegends.com/en/news/game-updates/patch/patch-718-notes
2017,7.18,Patch 7.18 notes,2017-09-13,Ahri,bugfix,0,0,0,Cosmetic: Star Guardian Ahri model fix.,https://web.archive.org/web/20170930/http://na.leagueoflegends.com/en/news/game-updates/patch/patch-718-notes
2017,7.18,Patch 7.18 notes,2017-09-13,Azir,buff,1,0,0,R base damage 150/250/450 from 150/225/300.,https://web.archive.org/web/20170930/http://na.leagueoflegends.com/en/news/game-updates/patch/patch-718-notes
2017,7.18,Patch 7.18 notes,2017-09-13,Brand,bugfix,0,0,0,Recommended item pages added for mid and support.,https://web.archive.org/web/20170930/http://na.leagueoflegends.com/en/news/game-updates/patch/patch-718-notes
2017,7.18,Patch 7.18 notes,2017-09-13,Cassiopeia,adjust,0,0,0,E bonus damage vs poisoned 10-90 from 15-115; AP ratio 0.5 from 0.4.,https://web.archive.org/web/20170930/http://na.leagueoflegends.com/en/news/game-updates/patch/patch-718-notes
2017,7.18,Patch 7.18 notes,2017-09-13,Elise,adjust,0,1,0,"W base damage 55-215 from 60-260, ratio 0.95; E cooldown 26-18s from 26-14s.",https://web.archive.org/web/20170930/http://na.leagueoflegends.com/en/news/game-updates/patch/patch-718-notes
2017,7.18,Patch 7.18 notes,2017-09-13,Fiora,buff,2,0,0,Passive MS 20-50% by rank; R zone again grants passive MS (reverting 7.14); bug fix.,https://web.archive.org/web/20170930/http://na.leagueoflegends.com/en/news/game-updates/patch/patch-718-notes
2017,7.18,Patch 7.18 notes,2017-09-13,Fizz,bugfix,0,0,0,Bug fix: R no longer attaches to spell-shielded champions at max range.,https://web.archive.org/web/20170930/http://na.leagueoflegends.com/en/news/game-updates/patch/patch-718-notes
2017,7.18,Patch 7.18 notes,2017-09-13,Gnar,nerf,1,0,0,Base health 540 to 510.,https://web.archive.org/web/20170930/http://na.leagueoflegends.com/en/news/game-updates/patch/patch-718-notes
2017,7.18,Patch 7.18 notes,2017-09-13,Gragas,nerf,2,0,0,"Base armor 29 to 26; E collision radius 210 to 180, hitbox offset reduced.",https://web.archive.org/web/20170930/http://na.leagueoflegends.com/en/news/game-updates/patch/patch-718-notes
2017,7.18,Patch 7.18 notes,2017-09-13,Ivern,buff,1,0,0,E explosion damage +10 all ranks; AP ratio 0.7 to 0.8.,https://web.archive.org/web/20170930/http://na.leagueoflegends.com/en/news/game-updates/patch/patch-718-notes
2017,7.18,Patch 7.18 notes,2017-09-13,Jarvan IV,nerf,1,0,0,W base shield -5; shield per enemy champion 2-3% max HP from 2-4%.,https://web.archive.org/web/20170930/http://na.leagueoflegends.com/en/news/game-updates/patch/patch-718-notes
2017,7.18,Patch 7.18 notes,2017-09-13,Kalista,nerf,2,1,0,R cooldown 150/120/90s from 120/90/60s.,https://web.archive.org/web/20170930/http://na.leagueoflegends.com/en/news/game-updates/patch/patch-718-notes
2017,7.18,Patch 7.18 notes,2017-09-13,Karma,bugfix,0,0,0,Recommended item pages added for mid and support.,https://web.archive.org/web/20170930/http://na.leagueoflegends.com/en/news/game-updates/patch/patch-718-notes
2017,7.18,Patch 7.18 notes,2017-09-13,Kha'Zix,bugfix,0,0,0,Cosmetic: Dark Star Kha'Zix evolved E VFX visibility.,https://web.archive.org/web/20170930/http://na.leagueoflegends.com/en/news/game-updates/patch/patch-718-notes
2017,7.18,Patch 7.18 notes,2017-09-13,Lee Sin,adjust,0,0,0,W shield 55/110/165/220/275 from 40/100/160/220/280.,https://web.archive.org/web/20170930/http://na.leagueoflegends.com/en/news/game-updates/patch/patch-718-notes
2017,7.18,Patch 7.18 notes,2017-09-13,Lucian,nerf,1,0,0,E cooldown 22/20/18/16/14s from 18/17/16/15/14s.,https://web.archive.org/web/20170930/http://na.leagueoflegends.com/en/news/game-updates/patch/patch-718-notes
2017,7.18,Patch 7.18 notes,2017-09-13,Lulu,bugfix,0,0,0,Recommended item pages added for mid and support.,https://web.archive.org/web/20170930/http://na.leagueoflegends.com/en/news/game-updates/patch/patch-718-notes
2017,7.18,Patch 7.18 notes,2017-09-13,Nautilus,buff,1,0,0,Q cost flat 60 mana; refunds half cost when hitting terrain.,https://web.archive.org/web/20170930/http://na.leagueoflegends.com/en/news/game-updates/patch/patch-718-notes
2017,7.18,Patch 7.18 notes,2017-09-13,Nidalee,adjust,0,0,0,E heal AP ratio 0.325-0.65 from 0.275-0.55.,https://web.archive.org/web/20170930/http://na.leagueoflegends.com/en/news/game-updates/patch/patch-718-notes
2017,7.18,Patch 7.18 notes,2017-09-13,Orianna,bugfix,0,0,0,Cosmetic: Dark Star Orianna ball gems fix.,https://web.archive.org/web/20170930/http://na.leagueoflegends.com/en/news/game-updates/patch/patch-718-notes
2017,7.18,Patch 7.18 notes,2017-09-13,Ornn,buff,1,0,0,R ram max speed 1050 to 1200; new Zhonya's Paradox; Masterworks locked until level 13.,https://web.archive.org/web/20170930/http://na.leagueoflegends.com/en/news/game-updates/patch/patch-718-notes
2017,7.18,Patch 7.18 notes,2017-09-13,Quinn,bugfix,0,0,0,Cosmetic: Heartseeker Quinn recall animation fix.,https://web.archive.org/web/20170930/http://na.leagueoflegends.com/en/news/game-updates/patch/patch-718-notes
2017,7.18,Patch 7.18 notes,2017-09-13,Rakan,adjust,0,0,0,W dash speed scales less with MS; R collision radius 200 to 150; R cooldown lower late.,https://web.archive.org/web/20170930/http://na.leagueoflegends.com/en/news/game-updates/patch/patch-718-notes
2017,7.18,Patch 7.18 notes,2017-09-13,Rengar,buff,1,0,0,Base armor 22 to 25.,https://web.archive.org/web/20170930/http://na.leagueoflegends.com/en/news/game-updates/patch/patch-718-notes
2017,7.18,Patch 7.18 notes,2017-09-13,Rumble,adjust,0,0,0,Heat bar turns orange at 80+ Heat (clarity only).,https://web.archive.org/web/20170930/http://na.leagueoflegends.com/en/news/game-updates/patch/patch-718-notes
2017,7.18,Patch 7.18 notes,2017-09-13,Ryze,adjust,0,0,0,W AP ratio 0.2 to 0.6.,https://web.archive.org/web/20170930/http://na.leagueoflegends.com/en/news/game-updates/patch/patch-718-notes
2017,7.18,Patch 7.18 notes,2017-09-13,Sivir,bugfix,0,0,0,Bug fix: E no longer blocks summoner spells cast alongside abilities.,https://web.archive.org/web/20170930/http://na.leagueoflegends.com/en/news/game-updates/patch/patch-718-notes
2017,7.18,Patch 7.18 notes,2017-09-13,Soraka,bugfix,0,0,0,Cosmetic: Star Guardian Soraka recall VFX/SFX fixes.,https://web.archive.org/web/20170930/http://na.leagueoflegends.com/en/news/game-updates/patch/patch-718-notes
2017,7.18,Patch 7.18 notes,2017-09-13,Syndra,bugfix,0,0,0,Cosmetic: Star Guardian and Atlantean Syndra recall fixes.,https://web.archive.org/web/20170930/http://na.leagueoflegends.com/en/news/game-updates/patch/patch-718-notes
2017,7.18,Patch 7.18 notes,2017-09-13,Talon,bugfix,0,0,0,Cosmetic: Blood Moon Talon passive VFX visibility.,https://web.archive.org/web/20170930/http://na.leagueoflegends.com/en/news/game-updates/patch/patch-718-notes
2017,7.18,Patch 7.18 notes,2017-09-13,Tristana,nerf,1,0,0,E bomb bonus AD ratio 0.5-0.9 from 0.5-1.1 (4-stack max 1.98 from 2.42).,https://web.archive.org/web/20170930/http://na.leagueoflegends.com/en/news/game-updates/patch/patch-718-notes
2017,7.18,Patch 7.18 notes,2017-09-13,Vi,bugfix,0,0,0,Howling Abyss recommended items duplicate removed.,https://web.archive.org/web/20170930/http://na.leagueoflegends.com/en/news/game-updates/patch/patch-718-notes
2017,7.18,Patch 7.18 notes,2017-09-13,Xerath,buff,1,0,0,Bug fix: W slow now decays from 25% to 13% only once.,https://web.archive.org/web/20170930/http://na.leagueoflegends.com/en/news/game-updates/patch/patch-718-notes
2017,7.18,Patch 7.18 notes,2017-09-15,Zed,bugfix,0,0,1,Mid-patch bug fix: W no longer causes game crash.,https://web.archive.org/web/20170930/http://na.leagueoflegends.com/en/news/game-updates/patch/patch-718-notes
2018,8.16,Patch 8.16 Notes,2018-08-15,Aatrox,nerf,2,0,0,"E healing vs non-champions 33%->15%, charges on learning 2->1, R cooldown up at ranks 1-2.",https://web.archive.org/web/20180828/http://na.leagueoflegends.com/en/news/game-updates/patch/patch-816-notes
2018,8.16,Patch 8.16 Notes,2018-08-15,Fizz,adjust,0,0,0,W active/on-hit AP ratios and all R shark AP ratios reduced (overshot 8.15 buffs).,https://web.archive.org/web/20180828/http://na.leagueoflegends.com/en/news/game-updates/patch/patch-816-notes
2018,8.16,Patch 8.16 Notes,2018-08-15,Hecarim,buff,2,0,0,Q base damage up at later ranks; bonus AD ratio 0.6->0.7.,https://web.archive.org/web/20180828/http://na.leagueoflegends.com/en/news/game-updates/patch/patch-816-notes
2018,8.16,Patch 8.16 Notes,2018-08-15,Orianna,nerf,1,0,0,Base magic resist 30->26.,https://web.archive.org/web/20180828/http://na.leagueoflegends.com/en/news/game-updates/patch/patch-816-notes
2018,8.16,Patch 8.16 Notes,2018-08-15,Quinn,nerf,1,0,0,Attack damage growth 3->2.4.,https://web.archive.org/web/20180828/http://na.leagueoflegends.com/en/news/game-updates/patch/patch-816-notes
2018,8.16,Patch 8.16 Notes,2018-08-15,Rakan,nerf,2,0,0,Base health 510->480 and base armor 36->33 to cut early durability.,https://web.archive.org/web/20180828/http://na.leagueoflegends.com/en/news/game-updates/patch/patch-816-notes
2018,8.16,Patch 8.16 Notes,2018-08-15,Taliyah,nerf,2,0,0,"Movement speed 340->335, W cooldown up early, R wall no longer grants vision.",https://web.archive.org/web/20180828/http://na.leagueoflegends.com/en/news/game-updates/patch/patch-816-notes
2018,8.16,Patch 8.16 Notes,2018-08-15,Trundle,adjust,0,0,0,"Q base damage down late (ratio up), Q stolen AD duration 8->5s; less dueling.",https://web.archive.org/web/20180828/http://na.leagueoflegends.com/en/news/game-updates/patch/patch-816-notes
2018,8.16,Patch 8.16 Notes,2018-08-15,Tryndamere,nerf,2,0,0,E cooldown reverted up at later ranks (7->9s at rank 5).,https://web.archive.org/web/20180828/http://na.leagueoflegends.com/en/news/game-updates/patch/patch-816-notes
2018,8.16,Patch 8.16 Notes,2018-08-15,Wukong,nerf,2,0,0,Q base damage -20 at all ranks and AD ratio -0.1.,https://web.archive.org/web/20180828/http://na.leagueoflegends.com/en/news/game-updates/patch/patch-816-notes
2018,8.16,Patch 8.16 Notes,2018-08-15,Zoe,nerf,2,0,0,Passive base damage and AP ratio (0.325->0.2) cut; W AP ratio 0.55->0.4.,https://web.archive.org/web/20180828/http://na.leagueoflegends.com/en/news/game-updates/patch/patch-816-notes
2018,8.16,Patch 8.16 Notes,2018-08-15,Amumu,buff,1,0,0,Tank buff: E damage reduction now also scales with 3% bonus armor and MR.,https://web.archive.org/web/20180828/http://na.leagueoflegends.com/en/news/game-updates/patch/patch-816-notes
2018,8.16,Patch 8.16 Notes,2018-08-15,Leona,buff,2,0,0,Tank buff: W cooldown 14s -> 14-10s by rank.,https://web.archive.org/web/20180828/http://na.leagueoflegends.com/en/news/game-updates/patch/patch-816-notes
2018,8.16,Patch 8.16 Notes,2018-08-15,Nautilus,adjust,0,0,0,"Tank buff: W shield duration 10->6s, cooldown 18->12s; late health scaling reduced.",https://web.archive.org/web/20180828/http://na.leagueoflegends.com/en/news/game-updates/patch/patch-816-notes
2018,8.16,Patch 8.16 Notes,2018-08-15,Rammus,buff,2,0,0,Tank buff: W bonus armor and magic resist ratios increased.,https://web.archive.org/web/20180828/http://na.leagueoflegends.com/en/news/game-updates/patch/patch-816-notes
2018,8.16,Patch 8.16 Notes,2018-08-15,Sion,buff,2,0,0,Tank buff: W permanent health per kill 3->4 and per large kill 10->15.,https://web.archive.org/web/20180828/http://na.leagueoflegends.com/en/news/game-updates/patch/patch-816-notes
2018,8.16,Patch 8.16 Notes,2018-08-15,Tahm Kench,adjust,0,0,0,"Q slow shorter/cooldown lower; W cooldown doubled, cheaper, halved on enemy devour; ally-save nerfed.",https://web.archive.org/web/20180828/http://na.leagueoflegends.com/en/news/game-updates/patch/patch-816-notes
2018,8.17,Patch 8.17 Notes,2018-08-29,Nunu & Willump,rework,0,0,0,"Full relaunch (VGU): new kit, stats, visuals and voice.",https://web.archive.org/web/20180911/http://na.leagueoflegends.com/en/news/game-updates/patch/patch-817-notes
2018,8.17,Patch 8.17 Notes,2018-08-29,Akali,bugfix,0,0,0,R damage now calculated per target instead of from last enemy struck's health.,https://web.archive.org/web/20180911/http://na.leagueoflegends.com/en/news/game-updates/patch/patch-817-notes
2018,8.17,Patch 8.17 Notes,2018-08-29,Annie,adjust,0,0,0,Attack range 575->625 to enable auto-attack harass.,https://web.archive.org/web/20180911/http://na.leagueoflegends.com/en/news/game-updates/patch/patch-817-notes
2018,8.17,Patch 8.17 Notes,2018-08-29,Bard,buff,1,0,0,R cooldown 130/110/90 -> 110/95/80s.,https://web.archive.org/web/20180911/http://na.leagueoflegends.com/en/news/game-updates/patch/patch-817-notes
2018,8.17,Patch 8.17 Notes,2018-08-29,Fiora,buff,1,0,0,E second-attack crit damage increased at early ranks.,https://web.archive.org/web/20180911/http://na.leagueoflegends.com/en/news/game-updates/patch/patch-817-notes
2018,8.17,Patch 8.17 Notes,2018-08-29,Garen,nerf,1,0,0,Q base damage reduced at later ranks (170->150 at rank 5).,https://web.archive.org/web/20180911/http://na.leagueoflegends.com/en/news/game-updates/patch/patch-817-notes
2018,8.17,Patch 8.17 Notes,2018-08-29,Irelia,adjust,0,0,0,Q bonus damage to minions 70%->100% for laning.,https://web.archive.org/web/20180911/http://na.leagueoflegends.com/en/news/game-updates/patch/patch-817-notes
2018,8.17,Patch 8.17 Notes,2018-08-29,Kassadin,buff,1,0,0,R cooldown 6/4/2 -> 5/3.5/2s.,https://web.archive.org/web/20180911/http://na.leagueoflegends.com/en/news/game-updates/patch/patch-817-notes
2018,8.17,Patch 8.17 Notes,2018-08-29,Kayn,buff,2,0,0,E duration longer at early ranks; Shadow Assassin E movement speed 70%->80%.,https://web.archive.org/web/20180911/http://na.leagueoflegends.com/en/news/game-updates/patch/patch-817-notes
2018,8.17,Patch 8.17 Notes,2018-08-29,Master Yi,buff,2,0,0,W cooldown 35->28s; damage reduction increased at early ranks.,https://web.archive.org/web/20180911/http://na.leagueoflegends.com/en/news/game-updates/patch/patch-817-notes
2018,8.17,Patch 8.17 Notes,2018-08-29,Rengar,buff,1,0,0,R cooldown 130/100/70 -> 110/90/70s.,https://web.archive.org/web/20180911/http://na.leagueoflegends.com/en/news/game-updates/patch/patch-817-notes
2018,8.17,Patch 8.17 Notes,2018-08-29,Varus,adjust,0,0,0,Base health 549->499; health growth 86->89.,https://web.archive.org/web/20180911/http://na.leagueoflegends.com/en/news/game-updates/patch/patch-817-notes
2018,8.17,Patch 8.17 Notes,2018-08-29,Wukong,adjust,0,0,0,Gains 8% bonus attack speed at level 1 for early clears.,https://web.archive.org/web/20180911/http://na.leagueoflegends.com/en/news/game-updates/patch/patch-817-notes
2018,8.17,Patch 8.17 Notes,2018-08-29,Yorick,adjust,0,0,0,"Mist Walker attack damage sharply lowered at levels 2-7, slightly higher late.",https://web.archive.org/web/20180911/http://na.leagueoflegends.com/en/news/game-updates/patch/patch-817-notes
2018,8.17,Patch 8.17 Notes,2018-08-29,Taric,adjust,0,0,0,Adaptive damage now defaults to physical when no bonus AD/AP.,https://web.archive.org/web/20180911/http://na.leagueoflegends.com/en/news/game-updates/patch/patch-817-notes
2018,8.18,Patch 8.18 Notes,2018-09-12,Aatrox,adjust,0,0,0,E healing vs champions and R bonus attack damage increased at later ranks.,https://web.archive.org/web/20180925/http://na.leagueoflegends.com/en/news/game-updates/patch/patch-818-notes
2018,8.18,Patch 8.18 Notes,2018-09-12,Akali,adjust,0,0,0,R base damage on both casts 120/180/240 -> 100/150/200.,https://web.archive.org/web/20180925/http://na.leagueoflegends.com/en/news/game-updates/patch/patch-818-notes
2018,8.18,Patch 8.18 Notes,2018-09-12,Braum,nerf,1,0,0,Base health 576->540.,https://web.archive.org/web/20180925/http://na.leagueoflegends.com/en/news/game-updates/patch/patch-818-notes
2018,8.18,Patch 8.18 Notes,2018-09-12,Kai'Sa,adjust,0,0,0,Passive missing-health proc flattened to 15% (was 15-20% by level).,https://web.archive.org/web/20180925/http://na.leagueoflegends.com/en/news/game-updates/patch/patch-818-notes
2018,8.18,Patch 8.18 Notes,2018-09-12,Lucian,buff,1,0,0,Q bonus AD ratio increased at later ranks (1.0->1.2 at rank 5).,https://web.archive.org/web/20180925/http://na.leagueoflegends.com/en/news/game-updates/patch/patch-818-notes
2018,8.18,Patch 8.18 Notes,2018-09-12,Renekton,buff,2,0,0,Empowered E damage +10 and armor reduction increased at early ranks.,https://web.archive.org/web/20180925/http://na.leagueoflegends.com/en/news/game-updates/patch/patch-818-notes
2018,8.18,Patch 8.18 Notes,2018-09-12,Ryze,nerf,2,1,0,Empowered W root 2->1.5s; notes cite pro-vs-normal discrepancy and competitive presence.,https://web.archive.org/web/20180925/http://na.leagueoflegends.com/en/news/game-updates/patch/patch-818-notes
2018,8.18,Patch 8.18 Notes,2018-09-12,Sejuani,nerf,2,1,0,"E base damage -10; R storm slow 3->1s, targeting pro zoning utility.",https://web.archive.org/web/20180925/http://na.leagueoflegends.com/en/news/game-updates/patch/patch-818-notes
2018,8.18,Patch 8.18 Notes,2018-09-12,Trundle,nerf,2,1,0,"E cooldown +2s, early slow reduced; aimed at gank setup particularly in competitive play.",https://web.archive.org/web/20180925/http://na.leagueoflegends.com/en/news/game-updates/patch/patch-818-notes
2018,8.18,Patch 8.18 Notes,2018-09-12,Vayne,buff,2,0,0,Q cooldown 6/5/4/3/2 -> 4/3.5/3/2.5/2s.,https://web.archive.org/web/20180925/http://na.leagueoflegends.com/en/news/game-updates/patch/patch-818-notes
2018,8.18,Patch 8.18 Notes,2018-09-12,Viktor,adjust,0,0,0,Hex Core first upgrade 1250->1150 gold; Perfect Hex Core combine cost 750->850.,https://web.archive.org/web/20180925/http://na.leagueoflegends.com/en/news/game-updates/patch/patch-818-notes
2018,8.18,Patch 8.18 Notes,2018-09-12,Nunu & Willump,bugfix,0,0,0,Fixed W snowball sometimes invisible to enemies when rolled out of fog.,https://web.archive.org/web/20180925/http://na.leagueoflegends.com/en/news/game-updates/patch/patch-818-notes
2018,8.18,Patch 8.18 Notes,2018-09-12,Yasuo,bugfix,0,0,1,Hotfix (date unknown): passive Flow no longer generated at half rate; Q tornado-state bug fixed.,https://wiki.leagueoflegends.com/en-us/V8.18
2018,8.19,Patch 8.19 notes,2018-09-26,Darius,buff,2,0,0,W AD ratio +10% all ranks; E passive armor penetration +5%.,https://web.archive.org/web/20180930/http://na.leagueoflegends.com/en/news/game-updates/patch/patch-819-notes
2018,8.19,Patch 8.19 notes,2018-09-26,Elise,nerf,2,0,0,Spider W cooldown 12->10s; Spider E cooldown reduced at early ranks.,https://web.archive.org/web/20180930/http://na.leagueoflegends.com/en/news/game-updates/patch/patch-819-notes
2018,8.19,Patch 8.19 notes,2018-09-26,Fiora,adjust,0,0,0,Passive vital healing 25-110 -> 35-110; Q target-priority bugfix.,https://web.archive.org/web/20180930/http://na.leagueoflegends.com/en/news/game-updates/patch/patch-819-notes
2018,8.19,Patch 8.19 notes,2018-09-26,Fiora,buff,1,0,1,Mid-patch 9/26: passive vital healing 35-110 -> 40-115 to offset 8.18 bug.,https://web.archive.org/web/20180930/http://na.leagueoflegends.com/en/news/game-updates/patch/patch-819-notes
2018,8.19,Patch 8.19 notes,2018-09-26,Jarvan IV,adjust,0,0,0,Passive per-target cooldown 10/8/6 -> 6s; Tiamat bugfix; VFX/SFX update.,https://web.archive.org/web/20180930/http://na.leagueoflegends.com/en/news/game-updates/patch/patch-819-notes
2018,8.19,Patch 8.19 notes,2018-09-26,Janna,adjust,0,0,0,Passive movement-speed-to-damage conversion 15/25/35% -> 25/35%.,https://web.archive.org/web/20180930/http://na.leagueoflegends.com/en/news/game-updates/patch/patch-819-notes
2018,8.19,Patch 8.19 notes,2018-09-26,Kha'Zix,buff,2,0,0,Passive bonus AD ratio 0.2->0.4; evolved W slows 40->60% and 80->90%.,https://web.archive.org/web/20180930/http://na.leagueoflegends.com/en/news/game-updates/patch/patch-819-notes
2018,8.19,Patch 8.19 notes,2018-09-26,Kog'Maw,buff,2,0,0,Base movement speed 325->330; R range increased at ranks 1-2.,https://web.archive.org/web/20180930/http://na.leagueoflegends.com/en/news/game-updates/patch/patch-819-notes
2018,8.19,Patch 8.19 notes,2018-09-26,Nunu & Willump,buff,2,0,0,Q heal AP ratio and E snowball/root AP ratios increased (AP build support).,https://web.archive.org/web/20180930/http://na.leagueoflegends.com/en/news/game-updates/patch/patch-819-notes
2018,8.19,Patch 8.19 notes,2018-09-26,Pyke,adjust,0,1,0,R base damage increased levels 6-10; cites weak performance vs higher-tier opponents.,https://web.archive.org/web/20180930/http://na.leagueoflegends.com/en/news/game-updates/patch/patch-819-notes
2018,8.19,Patch 8.19 notes,2018-09-26,Tahm Kench,adjust,0,0,0,"Base health 610->540, health growth 95->102; W targetability bugfix.",https://web.archive.org/web/20180930/http://na.leagueoflegends.com/en/news/game-updates/patch/patch-819-notes
2018,8.19,Patch 8.19 notes,2018-09-26,Thresh,buff,2,0,0,Q mana cost 80->60; Q cooldown reduced at early ranks.,https://web.archive.org/web/20180930/http://na.leagueoflegends.com/en/news/game-updates/patch/patch-819-notes
2018,8.19,Patch 8.19 notes,2018-09-26,Draven,bugfix,0,0,0,Q Spinning Axe no longer lost on cancelled attack (wiki; announced later in 8.21).,https://wiki.leagueoflegends.com/en-us/V8.19
2019,9.16,Patch 9.16 notes,2019-08-14,Pantheon,rework,0,0,0,"Full relaunch (VGU): new kit, stats, visuals and voice.",https://web.archive.org/web/20190827/http://na.leagueoflegends.com/en/news/game-updates/patch/patch-916-notes
2019,9.16,Patch 9.16 notes,2019-08-15,Pantheon,buff,2,0,1,"Hotfix 8/15: Q monster damage penalty removed, E non-epic monster penalty 33%->15%.",https://web.archive.org/web/20190827/http://na.leagueoflegends.com/en/news/game-updates/patch/patch-916-notes
2019,9.16,Patch 9.16 notes,2019-08-16,Pantheon,buff,2,0,1,"Hotfix 8/16: W stun made reliable again, matching legacy stun range.",https://web.archive.org/web/20190827/http://na.leagueoflegends.com/en/news/game-updates/patch/patch-916-notes
2019,9.16,Patch 9.16 notes,2019-08-14,Kha'Zix,bugfix,0,0,1,"Hotfix 8/14: evolved Q, W and E now properly break stealth.",https://web.archive.org/web/20190827/http://na.leagueoflegends.com/en/news/game-updates/patch/patch-916-notes
2019,9.16,Patch 9.16 notes,2019-08-14,Azir,nerf,2,0,0,Q cooldown increased at later ranks (5->7s at rank 5).,https://web.archive.org/web/20190827/http://na.leagueoflegends.com/en/news/game-updates/patch/patch-916-notes
2019,9.16,Patch 9.16 notes,2019-08-14,Corki,nerf,2,1,0,Base AD 60->55 and AD growth 3->2.5; notes cite excessive pro presence.,https://web.archive.org/web/20190827/http://na.leagueoflegends.com/en/news/game-updates/patch/patch-916-notes
2019,9.16,Patch 9.16 notes,2019-08-14,Dr. Mundo,buff,2,0,0,W tenacity flat 30% at all ranks; E cooldown 6 -> 6-4s.,https://web.archive.org/web/20190827/http://na.leagueoflegends.com/en/news/game-updates/patch/patch-916-notes
2019,9.16,Patch 9.16 notes,2019-08-14,Ekko,buff,2,0,0,E bonus damage +10; R cooldown 110/90/70 -> 110/80/50s.,https://web.archive.org/web/20190827/http://na.leagueoflegends.com/en/news/game-updates/patch/patch-916-notes
2019,9.16,Patch 9.16 notes,2019-08-14,Ezreal,nerf,2,0,0,Q AP ratio 0.3->0.15; E cooldown increased at early ranks.,https://web.archive.org/web/20190827/http://na.leagueoflegends.com/en/news/game-updates/patch/patch-916-notes
2019,9.16,Patch 9.16 notes,2019-08-14,Fiora,buff,2,0,0,E cooldown lower at early ranks; E bonus attack speed 50% -> 50-90%.,https://web.archive.org/web/20190827/http://na.leagueoflegends.com/en/news/game-updates/patch/patch-916-notes
2019,9.16,Patch 9.16 notes,2019-08-14,Jax,buff,1,0,0,Q cooldown 10-6 -> 8-6s.,https://web.archive.org/web/20190827/http://na.leagueoflegends.com/en/news/game-updates/patch/patch-916-notes
2019,9.16,Patch 9.16 notes,2019-08-14,Kassadin,buff,2,0,0,W empowered attack base damage +30 at all ranks.,https://web.archive.org/web/20190827/http://na.leagueoflegends.com/en/news/game-updates/patch/patch-916-notes
2019,9.16,Patch 9.16 notes,2019-08-14,LeBlanc,buff,2,0,0,Q AP ratio 0.3->0.4 (reverting earlier nerf).,https://web.archive.org/web/20190827/http://na.leagueoflegends.com/en/news/game-updates/patch/patch-916-notes
2019,9.16,Patch 9.16 notes,2019-08-14,Lux,buff,2,0,0,W shield and max shield increased at later ranks (support Lux).,https://web.archive.org/web/20190827/http://na.leagueoflegends.com/en/news/game-updates/patch/patch-916-notes
2019,9.16,Patch 9.16 notes,2019-08-14,Nocturne,buff,2,1,0,"Base armor 36->38, stat roundings, W attack speed +10%; cites competitive viability.",https://web.archive.org/web/20190827/http://na.leagueoflegends.com/en/news/game-updates/patch/patch-916-notes
2019,9.16,Patch 9.16 notes,2019-08-14,Riven,nerf,2,1,0,Q cooldown reverted to flat 12s; cites strength in higher levels of solo queue.,https://web.archive.org/web/20190827/http://na.leagueoflegends.com/en/news/game-updates/patch/patch-916-notes
2019,9.16,Patch 9.16 notes,2019-08-14,Sejuani,adjust,0,1,0,"Passive Frost Armor base halved (ratio up), Q cooldown up; 'substantial swing' at pro dominance.",https://web.archive.org/web/20190827/http://na.leagueoflegends.com/en/news/game-updates/patch/patch-916-notes
2019,9.16,Patch 9.16 notes,2019-08-14,Shen,buff,2,0,0,Empowered Q max-health ratio +1%; E base damage +10.,https://web.archive.org/web/20190827/http://na.leagueoflegends.com/en/news/game-updates/patch/patch-916-notes
2019,9.16,Patch 9.16 notes,2019-08-14,Singed,adjust,0,0,0,"Base mana up, stat roundings; R bonus stats 30/55/80 -> 30/60/90.",https://web.archive.org/web/20190827/http://na.leagueoflegends.com/en/news/game-updates/patch/patch-916-notes
2019,9.16,Patch 9.16 notes,2019-08-14,Sion,adjust,0,0,0,"Q min/max base damage increased, monster damage penalty removed; stat roundings.",https://web.archive.org/web/20190827/http://na.leagueoflegends.com/en/news/game-updates/patch/patch-916-notes
2019,9.16,Patch 9.16 notes,2019-08-14,Sivir,nerf,2,0,0,W AD ratio reduced at early ranks (50->30% at rank 1).,https://web.archive.org/web/20190827/http://na.leagueoflegends.com/en/news/game-updates/patch/patch-916-notes
2019,9.16,Patch 9.16 notes,2019-08-14,Sylas,adjust,0,0,0,Q detonation now deals 45% reduced damage to monsters; Hijack Karma heal bugfix.,https://web.archive.org/web/20190827/http://na.leagueoflegends.com/en/news/game-updates/patch/patch-916-notes
2019,9.16,Patch 9.16 notes,2019-08-14,Syndra,buff,2,0,0,Transcendent Q bonus champion damage 15->25%; E base damage +15.,https://web.archive.org/web/20190827/http://na.leagueoflegends.com/en/news/game-updates/patch/patch-916-notes
2019,9.16,Patch 9.16 notes,2019-08-14,Tahm Kench,nerf,2,0,0,Base movement speed 345->335; E shield duration 3->2s.,https://web.archive.org/web/20190827/http://na.leagueoflegends.com/en/news/game-updates/patch/patch-916-notes
2019,9.16,Patch 9.16 notes,2019-08-14,Yuumi,nerf,2,0,0,"Q empowered damage down late, slow weaker early, cooldown up early.",https://web.archive.org/web/20190827/http://na.leagueoflegends.com/en/news/game-updates/patch/patch-916-notes
2019,9.16,Patch 9.16 notes,2019-08-14,Ziggs,buff,2,0,0,W AP ratio 0.35->0.5 and cooldown lower early; R cooldown lower late.,https://web.archive.org/web/20190827/http://na.leagueoflegends.com/en/news/game-updates/patch/patch-916-notes
2019,9.16,Patch 9.16 notes,2019-08-14,Darius,bugfix,0,0,0,Passive no longer displays an incorrect ranged indicator.,https://web.archive.org/web/20190827/http://na.leagueoflegends.com/en/news/game-updates/patch/patch-916-notes
2019,9.16,Patch 9.16 notes,2019-08-14,Gnar,bugfix,0,0,0,Can no longer redirect E Hop after transforming before bouncing on a minion.,https://web.archive.org/web/20190827/http://na.leagueoflegends.com/en/news/game-updates/patch/patch-916-notes
2019,9.16,Patch 9.16 notes,2019-08-14,Karma,bugfix,0,0,0,W now properly lowers R Mantra cooldown when damaging champions.,https://web.archive.org/web/20190827/http://na.leagueoflegends.com/en/news/game-updates/patch/patch-916-notes
2019,9.16,Patch 9.16 notes,2019-08-14,Katarina,bugfix,0,0,0,E Shunpo reset now works when blinking over a wall to a dagger.,https://web.archive.org/web/20190827/http://na.leagueoflegends.com/en/news/game-updates/patch/patch-916-notes
2019,9.16,Patch 9.16 notes,2019-08-14,Lee Sin,bugfix,0,0,0,Hitbox no longer warps across the map when casting Q2 Resonating Strike.,https://web.archive.org/web/20190827/http://na.leagueoflegends.com/en/news/game-updates/patch/patch-916-notes
2019,9.16,Patch 9.16 notes,2019-08-14,Malzahar,bugfix,0,0,0,"R Nether Grasp now applies Revealed marker, including on stealthed targets.",https://web.archive.org/web/20190827/http://na.leagueoflegends.com/en/news/game-updates/patch/patch-916-notes
2019,9.16,Patch 9.16 notes,2019-08-14,Master Yi,bugfix,0,0,0,Attack after Q now properly grants extra Conqueror/Electrocute stack.,https://web.archive.org/web/20190827/http://na.leagueoflegends.com/en/news/game-updates/patch/patch-916-notes
2019,9.16,Patch 9.16 notes,2019-08-14,Nautilus,bugfix,0,0,0,W now properly procs Electrocute; Q visual effect and indicator length improved.,https://web.archive.org/web/20190827/http://na.leagueoflegends.com/en/news/game-updates/patch/patch-916-notes
2019,9.16,Patch 9.16 notes,2019-08-14,Orianna,bugfix,0,0,0,Allies shielded by E now see an indicator centered on her.,https://web.archive.org/web/20190827/http://na.leagueoflegends.com/en/news/game-updates/patch/patch-916-notes
2019,9.16,Patch 9.16 notes,2019-08-14,Poppy,bugfix,0,0,0,Phase Rush and Electrocute now proc properly with E Heroic Charge combos.,https://web.archive.org/web/20190827/http://na.leagueoflegends.com/en/news/game-updates/patch/patch-916-notes
2019,9.16,Patch 9.16 notes,2019-08-14,Twitch,bugfix,0,0,0,Q Ambush can no longer be cast without mana after passive-kill reset.,https://web.archive.org/web/20190827/http://na.leagueoflegends.com/en/news/game-updates/patch/patch-916-notes
2019,9.16,Patch 9.16 notes,2019-08-14,Xayah,bugfix,0,0,0,"Passive attacks now spawn feathers behind the target, not around her.",https://web.archive.org/web/20190827/http://na.leagueoflegends.com/en/news/game-updates/patch/patch-916-notes
2019,9.17,Patch 9.17 notes,2019-08-28,Aurelion Sol,rework,0,0,0,"Mini-rework: early passive/E nerfs, W becomes decaying burst active, Q/E scaling buffs.",https://web.archive.org/web/20190910/http://na.leagueoflegends.com/en/news/game-updates/patch/patch-917-notes
2019,9.17,Patch 9.17 notes,2019-08-28,Kayle,rework,0,0,0,"Mini-rework: form order swapped (ranged at 6), Q/E/R retuned; early power up, late down.",https://web.archive.org/web/20190910/http://na.leagueoflegends.com/en/news/game-updates/patch/patch-917-notes
2019,9.17,Patch 9.17 notes,2019-08-28,Galio,buff,2,0,0,Q cooldown lower early; W min/max damage increased; mana regen rounded up.,https://web.archive.org/web/20190910/http://na.leagueoflegends.com/en/news/game-updates/patch/patch-917-notes
2019,9.17,Patch 9.17 notes,2019-08-28,Kalista,buff,2,0,0,"Base AD 67->69, base mana 231.8->250, mana growth 35->45.",https://web.archive.org/web/20190910/http://na.leagueoflegends.com/en/news/game-updates/patch/patch-917-notes
2019,9.17,Patch 9.17 notes,2019-08-28,Leona,buff,1,0,0,Q cooldown 6->5s.,https://web.archive.org/web/20190910/http://na.leagueoflegends.com/en/news/game-updates/patch/patch-917-notes
2019,9.17,Patch 9.17 notes,2019-08-28,Lucian,buff,1,0,0,Base attack damage 61->64.,https://web.archive.org/web/20190910/http://na.leagueoflegends.com/en/news/game-updates/patch/patch-917-notes
2019,9.17,Patch 9.17 notes,2019-08-28,Neeko,adjust,0,0,0,QoL: can voluntarily drop passive disguise (2s cooldown).,https://web.archive.org/web/20190910/http://na.leagueoflegends.com/en/news/game-updates/patch/patch-917-notes
2019,9.17,Patch 9.17 notes,2019-08-28,Pantheon,buff,2,0,0,Q thrust gains low-health execute damage; E monster damage penalty removed.,https://web.archive.org/web/20190910/http://na.leagueoflegends.com/en/news/game-updates/patch/patch-917-notes
2019,9.17,Patch 9.17 notes,2019-08-28,Qiyana,nerf,2,0,0,E base damage -10; R cooldown flattened to 120s.,https://web.archive.org/web/20190910/http://na.leagueoflegends.com/en/news/game-updates/patch/patch-917-notes
2019,9.17,Patch 9.17 notes,2019-08-28,Ryze,buff,1,1,0,Base magic resist 30->34; justified by his competitive-play usefulness.,https://web.archive.org/web/20190910/http://na.leagueoflegends.com/en/news/game-updates/patch/patch-917-notes
2019,9.17,Patch 9.17 notes,2019-08-28,Zyra,buff,2,0,0,R mana cost flat 100; R cooldown 130/120/110 -> 110/100/90s.,https://web.archive.org/web/20190910/http://na.leagueoflegends.com/en/news/game-updates/patch/patch-917-notes
2019,9.17,Patch 9.17 notes,2019-08-28,Soraka,bugfix,0,0,0,R Wish now properly heals herself more when below 40% health.,https://web.archive.org/web/20190910/http://na.leagueoflegends.com/en/news/game-updates/patch/patch-917-notes
2019,9.17,Patch 9.17 notes,2019-08-28,Camille,bugfix,0,0,0,E Hookshot now properly disabled by Grounded.,https://web.archive.org/web/20190910/http://na.leagueoflegends.com/en/news/game-updates/patch/patch-917-notes
2019,9.17,Patch 9.17 notes,2019-08-28,Fiddlesticks,bugfix,0,0,0,R Crowstorm now properly disabled by Grounded.,https://web.archive.org/web/20190910/http://na.leagueoflegends.com/en/news/game-updates/patch/patch-917-notes
2019,9.17,Patch 9.17 notes,2019-08-28,Graves,bugfix,0,0,0,R Collateral Damage dash now properly disabled by Grounded.,https://web.archive.org/web/20190910/http://na.leagueoflegends.com/en/news/game-updates/patch/patch-917-notes
2019,9.17,Patch 9.17 notes,2019-08-28,Malphite,bugfix,0,0,0,R Unstoppable Force now properly disabled by Grounded.,https://web.archive.org/web/20190910/http://na.leagueoflegends.com/en/news/game-updates/patch/patch-917-notes
2019,9.17,Patch 9.17 notes,2019-08-28,Thresh,bugfix,0,0,0,W Dark Passage now properly disabled by Grounded.,https://web.archive.org/web/20190910/http://na.leagueoflegends.com/en/news/game-updates/patch/patch-917-notes
2019,9.17,Patch 9.17 notes,2019-08-28,Zac,bugfix,0,0,0,E Elastic Slingshot now properly disabled by Grounded.,https://web.archive.org/web/20190910/http://na.leagueoflegends.com/en/news/game-updates/patch/patch-917-notes
2019,9.17,Patch 9.17 notes,2019-08-28,Rek'Sai,bugfix,0,0,0,No longer gains brief displacement immunity if R target dies at cast start.,https://web.archive.org/web/20190910/http://na.leagueoflegends.com/en/news/game-updates/patch/patch-917-notes
2019,9.17,Patch 9.17 notes,2019-08-28,Viktor,bugfix,0,0,0,Cleanse now properly removes Augmented W Implosion stun.,https://web.archive.org/web/20190910/http://na.leagueoflegends.com/en/news/game-updates/patch/patch-917-notes
2019,9.17,Patch 9.17 notes,2019-08-28,Lee Sin,bugfix,0,0,0,Q2 Resonating Strike dash speed restored after 9.16 slowdown.,https://web.archive.org/web/20190910/http://na.leagueoflegends.com/en/news/game-updates/patch/patch-917-notes
2019,9.17,Patch 9.17 notes,2019-08-28,Sylas,bugfix,0,0,0,No item/ability lockout if he dies right after hijacked Pantheon R.,https://web.archive.org/web/20190910/http://na.leagueoflegends.com/en/news/game-updates/patch/patch-917-notes
2019,9.17,Patch 9.17 notes,2019-08-28,Sivir,bugfix,0,0,0,W Ricochet recast now bounces properly at 45% CDR.,https://web.archive.org/web/20190910/http://na.leagueoflegends.com/en/news/game-updates/patch/patch-917-notes
2019,9.17,Patch 9.17 notes,2019-08-28,Mordekaiser,bugfix,0,0,0,Statikk Shiv no longer hits targets outside his R Realm of Death.,https://web.archive.org/web/20190910/http://na.leagueoflegends.com/en/news/game-updates/patch/patch-917-notes
2019,9.17,Patch 9.17 notes,2019-08-28,Tahm Kench,bugfix,0,0,0,Devoured unit's health can properly drop below 1 if he dies during W.,https://web.archive.org/web/20190910/http://na.leagueoflegends.com/en/news/game-updates/patch/patch-917-notes
2019,9.18,Patch 9.18 notes,2019-09-11,Aatrox,adjust,0,1,0,"Passive heal vs minions cut to 25%, Q minion damage 40% flat; targets pro presence/flex.",https://www.leagueoflegends.com/en-us/news/game-updates/patch-9-18-notes/
2019,9.18,Patch 9.18 notes,2019-09-11,Akali,nerf,3,1,0,"R1 stun removed, R cooldown up early, R2 damage down early; targets pro presence.",https://www.leagueoflegends.com/en-us/news/game-updates/patch-9-18-notes/
2019,9.18,Patch 9.18 notes,2019-09-11,Annie,nerf,1,0,0,E adds decaying movement speed but damage reduction and cooldown worsened; undocumented Tibbers ratio up.,https://www.leagueoflegends.com/en-us/news/game-updates/patch-9-18-notes/
2019,9.18,Patch 9.18 notes,2019-09-11,Aurelion Sol,buff,1,0,0,Base health 510->575 as minor follow-up to 9.17.,https://www.leagueoflegends.com/en-us/news/game-updates/patch-9-18-notes/
2019,9.18,Patch 9.18 notes,2019-09-11,Caitlyn,buff,1,0,0,Base attack damage 60->62.,https://www.leagueoflegends.com/en-us/news/game-updates/patch-9-18-notes/
2019,9.18,Patch 9.18 notes,2019-09-11,Ekko,buff,2,0,0,W mana cost -20; W stun 1.75->2.25s.,https://www.leagueoflegends.com/en-us/news/game-updates/patch-9-18-notes/
2019,9.18,Patch 9.18 notes,2019-09-11,Evelynn,buff,2,0,0,R empowered damage amplifier vs low-health targets 100%->140%.,https://www.leagueoflegends.com/en-us/news/game-updates/patch-9-18-notes/
2019,9.18,Patch 9.18 notes,2019-09-11,Jhin,buff,1,0,0,Base attack damage 57->59.,https://www.leagueoflegends.com/en-us/news/game-updates/patch-9-18-notes/
2019,9.18,Patch 9.18 notes,2019-09-11,Kai'Sa,nerf,2,0,0,E bonus attack speed 40-80% -> 40-60% at later ranks.,https://www.leagueoflegends.com/en-us/news/game-updates/patch-9-18-notes/
2019,9.18,Patch 9.18 notes,2019-09-11,Kayle,buff,1,0,0,E passive (and Aflame wave) base damage +5 at all ranks.,https://www.leagueoflegends.com/en-us/news/game-updates/patch-9-18-notes/
2019,9.18,Patch 9.18 notes,2019-09-11,Lee Sin,buff,2,0,0,Base health/AD rounded up; R base damage +25 all ranks.,https://www.leagueoflegends.com/en-us/news/game-updates/patch-9-18-notes/
2019,9.18,Patch 9.18 notes,2019-09-11,Miss Fortune,buff,1,0,0,E slow increased at early ranks (28->40% at rank 1).,https://www.leagueoflegends.com/en-us/news/game-updates/patch-9-18-notes/
2019,9.18,Patch 9.18 notes,2019-09-11,Nunu & Willump,nerf,2,0,0,Health/armor growth and mana reduced; E slow 50% -> 30-50% by rank.,https://www.leagueoflegends.com/en-us/news/game-updates/patch-9-18-notes/
2019,9.18,Patch 9.18 notes,2019-09-11,Teemo,buff,2,0,0,"R mushrooms 3->3/4/5 charges, infinite bounce, better triggering; Q/W QoL.",https://www.leagueoflegends.com/en-us/news/game-updates/patch-9-18-notes/
2019,9.18,Patch 9.18 notes,2019-09-11,Warwick,adjust,0,0,0,Bugfix: W bonus attack speed now works vs all Blood Hunted enemies; notes call it major buff.,https://www.leagueoflegends.com/en-us/news/game-updates/patch-9-18-notes/
2019,9.18,Patch 9.18 notes,2019-09-11,Xayah,nerf,2,1,0,Base armor 28->25; R cooldown +20s; cites safety at highest levels of play.,https://www.leagueoflegends.com/en-us/news/game-updates/patch-9-18-notes/
2019,9.18,Patch 9.18 notes,2019-09-11,Zoe,adjust,0,0,0,"Passive base damage increased at all levels, mostly early.",https://www.leagueoflegends.com/en-us/news/game-updates/patch-9-18-notes/
2019,9.18,Patch 9.18 notes,2019-09-11,Jayce,bugfix,0,0,0,E Acceleration Gate now works when cast on top of himself.,https://www.leagueoflegends.com/en-us/news/game-updates/patch-9-18-notes/
2019,9.18,Patch 9.18 notes,2019-09-11,Pantheon,bugfix,0,0,0,Pinging R now tells allies which enemies are in range.,https://www.leagueoflegends.com/en-us/news/game-updates/patch-9-18-notes/
2019,9.18,Patch 9.18 notes,2019-09-11,Kindred,bugfix,0,0,0,Wolf no longer grants extra non-functional vision while circling her.,https://www.leagueoflegends.com/en-us/news/game-updates/patch-9-18-notes/
2019,9.18,Patch 9.18 notes,2019-09-11,Tahm Kench,bugfix,0,0,0,Allies entering R Abyssal Voyage no longer get stuck when he is hit.,https://www.leagueoflegends.com/en-us/news/game-updates/patch-9-18-notes/
2019,9.18,Patch 9.18 notes,2019-09-11,Shaco,bugfix,0,0,0,W box fears now properly grant assists on kills shortly after.,https://www.leagueoflegends.com/en-us/news/game-updates/patch-9-18-notes/
2019,9.18,Patch 9.18 notes,2019-09-11,Diana,bugfix,0,0,0,Passive tooltip now updates when ranking up E (tooltip only).,https://www.leagueoflegends.com/en-us/news/game-updates/patch-9-18-notes/
2019,9.18,Patch 9.18 notes,2019-09-11,Jinx,bugfix,0,0,0,E Flame Chompers now properly stop Akali moving through them with R.,https://www.leagueoflegends.com/en-us/news/game-updates/patch-9-18-notes/
2019,9.18,Patch 9.18 notes,2019-09-11,Taliyah,bugfix,0,0,0,Q now consumes full mana after leaving Worked Ground; position update fixed.,https://www.leagueoflegends.com/en-us/news/game-updates/patch-9-18-notes/
2019,9.18,Patch 9.18 notes,2019-09-11,Illaoi,bugfix,0,0,0,Can no longer dash a short distance with W while snared or rooted.,https://www.leagueoflegends.com/en-us/news/game-updates/patch-9-18-notes/
2019,9.18,Patch 9.18 notes,2019-09-11,Bard,bugfix,0,0,0,Meep cone attacks now properly break spell shields.,https://www.leagueoflegends.com/en-us/news/game-updates/patch-9-18-notes/
2019,9.18,Patch 9.18 notes,2019-09-11,Karthus,bugfix,0,0,0,W Wall of Pain now grants vision while in passive Death Defied.,https://www.leagueoflegends.com/en-us/news/game-updates/patch-9-18-notes/
2019,9.19,Patch 9.19 notes,2019-09-25,Aatrox,adjust,0,0,0,Q minion damage reduction 60%->45% (partial revert of 9.18 overnerf).,https://www.leagueoflegends.com/en-us/news/game-updates/patch-9-19-notes/
2019,9.19,Patch 9.19 notes,2019-09-25,Akali,adjust,0,0,0,R2 maximum damage at ranks 1-2 raised (partial revert of 9.18).,https://www.leagueoflegends.com/en-us/news/game-updates/patch-9-19-notes/
2019,9.19,Patch 9.19 notes,2019-09-25,Annie,buff,2,0,0,E movement speed 25-50.5% -> 30-60%; cooldown 15 -> 14-10s; Tibbers aggro bugfix.,https://www.leagueoflegends.com/en-us/news/game-updates/patch-9-19-notes/
2019,9.19,Patch 9.19 notes,2019-09-25,Ashe,adjust,0,0,0,Passive slow increased early; Q restored as full auto-attack reset.,https://www.leagueoflegends.com/en-us/news/game-updates/patch-9-19-notes/
2019,9.19,Patch 9.19 notes,2019-09-25,Blitzcrank,buff,2,0,0,Q range 1050->1150; R passive max marks 2->3.,https://www.leagueoflegends.com/en-us/news/game-updates/patch-9-19-notes/
2019,9.19,Patch 9.19 notes,2019-09-26,Blitzcrank,bugfix,0,0,1,Mid-patch 9/26: fixed Q hook range being longer than intended vs bigger targets.,https://www.leagueoflegends.com/en-us/news/game-updates/patch-9-19-notes/
2019,9.19,Patch 9.19 notes,2019-09-25,Fiora,adjust,0,0,0,Q can hit turrets/wards; E second attack crits turrets (split-push power).,https://www.leagueoflegends.com/en-us/news/game-updates/patch-9-19-notes/
2019,9.19,Patch 9.19 notes,2019-09-25,Gragas,nerf,2,1,0,"W cooldown 5->6s, max-health damage 8%->7%; cites pro meta dominance.",https://www.leagueoflegends.com/en-us/news/game-updates/patch-9-19-notes/
2019,9.19,Patch 9.19 notes,2019-09-25,Graves,buff,1,0,0,Base attack damage 66->68; other base stats rounded up.,https://www.leagueoflegends.com/en-us/news/game-updates/patch-9-19-notes/
2019,9.19,Patch 9.19 notes,2019-09-25,Heimerdinger,buff,2,0,0,Q/R turret AP ratio 30%->35%; E stun 1.25->1.5s.,https://www.leagueoflegends.com/en-us/news/game-updates/patch-9-19-notes/
2019,9.19,Patch 9.19 notes,2019-09-25,Karma,nerf,2,1,0,Q1 AP ratio 0.6->0.4 to curb blind-pick generalist use by teams.,https://www.leagueoflegends.com/en-us/news/game-updates/patch-9-19-notes/
2019,9.19,Patch 9.19 notes,2019-09-25,Mordekaiser,buff,1,1,0,W shield from damage dealt 30%->35%; spectator R visibility; buff felt most in pro games.,https://www.leagueoflegends.com/en-us/news/game-updates/patch-9-19-notes/
2019,9.19,Patch 9.19 notes,2019-09-25,Orianna,buff,2,0,0,R base damage +50 and AP ratio 0.7->0.8.,https://www.leagueoflegends.com/en-us/news/game-updates/patch-9-19-notes/
2019,9.19,Patch 9.19 notes,2019-09-25,Ornn,adjust,0,0,0,Free Masterwork upgrades at level 12 instead of 13.,https://www.leagueoflegends.com/en-us/news/game-updates/patch-9-19-notes/
2019,9.19,Patch 9.19 notes,2019-09-25,Pantheon,nerf,1,0,0,Base MR 32.1->28; empowered W 150% -> 135-165% AD by level; E recast bugfix.,https://www.leagueoflegends.com/en-us/news/game-updates/patch-9-19-notes/
2019,9.19,Patch 9.19 notes,2019-09-25,Rek'Sai,buff,2,0,0,Base armor 33->36; unburrowed Q now works on turrets.,https://www.leagueoflegends.com/en-us/news/game-updates/patch-9-19-notes/
2019,9.19,Patch 9.19 notes,2019-09-25,Riven,adjust,0,0,0,Q cooldown 12->13s; E cooldown 14-10 -> 12-8s; redistributes toward pre-9.10 state.,https://www.leagueoflegends.com/en-us/news/game-updates/patch-9-19-notes/
2019,9.19,Patch 9.19 notes,2019-09-25,Sejuani,adjust,0,1,0,Passive Icebreaker ratio flattened to 10% max health; cites pro play damage.,https://www.leagueoflegends.com/en-us/news/game-updates/patch-9-19-notes/
2019,9.19,Patch 9.19 notes,2019-09-25,Sion,buff,2,1,0,W base shield +20 all ranks; aimed at skilled/higher-level play.,https://www.leagueoflegends.com/en-us/news/game-updates/patch-9-19-notes/
2019,9.19,Patch 9.19 notes,2019-09-25,Sylas,nerf,3,1,0,"Base armor/growth down, passive base damage removed and AoE ratio cut; avoid Worlds pick-ban.",https://www.leagueoflegends.com/en-us/news/game-updates/patch-9-19-notes/
2019,9.19,Patch 9.19 notes,2019-09-26,Sylas,buff,2,0,1,"Mid-patch 9/26: reverted armor nerf (28->32, growth 2.5->3).",https://www.leagueoflegends.com/en-us/news/game-updates/patch-9-19-notes/
2019,9.19,Patch 9.19 notes,2019-09-25,Tahm Kench,adjust,0,0,0,E grey-health heal 75% -> 30-100% by level (weaker early/mid).,https://www.leagueoflegends.com/en-us/news/game-updates/patch-9-19-notes/
2019,9.19,Patch 9.19 notes,2019-09-25,Twisted Fate,buff,2,0,0,E bonus attack speed +10% and base damage +10.,https://www.leagueoflegends.com/en-us/news/game-updates/patch-9-19-notes/
2019,9.19,Patch 9.19 notes,2019-09-25,Vayne,buff,2,0,0,R bonus attack damage 20/30/40 -> 25/40/55.,https://www.leagueoflegends.com/en-us/news/game-updates/patch-9-19-notes/
2019,9.19,Patch 9.19 notes,2019-09-25,Veigar,buff,1,0,0,E cooldown reduced at later ranks (14->12s at rank 5).,https://www.leagueoflegends.com/en-us/news/game-updates/patch-9-19-notes/
2019,9.19,Patch 9.19 notes,2019-09-25,Xin Zhao,buff,2,0,0,Passive base heal 8-59 -> 10-78; Q base damage up at later ranks.,https://www.leagueoflegends.com/en-us/news/game-updates/patch-9-19-notes/
2019,9.19,Patch 9.19 notes,2019-09-25,Yuumi,nerf,2,1,0,"Q slow flattened to 20%, duration 1.5->1s, no decay; targets pro impact.",https://www.leagueoflegends.com/en-us/news/game-updates/patch-9-19-notes/
2019,9.19,Patch 9.19 notes,2019-09-25,Zac,adjust,0,0,0,Bloblets restore additional 1/2/3% max health by R rank.,https://www.leagueoflegends.com/en-us/news/game-updates/patch-9-19-notes/
2019,9.19,Patch 9.19 notes,2019-09-25,Kayle,bugfix,0,0,0,Ultimate Hunter now reduces R Divine Judgment cooldown.,https://www.leagueoflegends.com/en-us/news/game-updates/patch-9-19-notes/
2019,9.19,Patch 9.19 notes,2019-09-25,Rakan,bugfix,0,0,0,Self-only R marker no longer shown in Spectator Mode.,https://www.leagueoflegends.com/en-us/news/game-updates/patch-9-19-notes/
2019,9.19,Patch 9.19 notes,2019-09-25,Illaoi,bugfix,0,0,0,W Harsh Lesson can now be cast while Grounded.,https://www.leagueoflegends.com/en-us/news/game-updates/patch-9-19-notes/
2019,9.19,Patch 9.19 notes,2019-09-25,Shyvana,bugfix,0,0,0,W speed kept on R transform; Q empowered hit works when taunted/silenced.,https://www.leagueoflegends.com/en-us/news/game-updates/patch-9-19-notes/
2019,9.19,Patch 9.19 notes,2019-09-25,Yasuo,bugfix,0,0,0,R can no longer target non-knocked-up enemy just hit by Ornn R.,https://www.leagueoflegends.com/en-us/news/game-updates/patch-9-19-notes/
2019,9.19,Patch 9.19 notes,2019-10-01,Gangplank,bugfix,0,0,1,Mid-patch 10/1: fixed plundering gold/Serpents on basic-attack kills.,https://www.leagueoflegends.com/en-us/news/game-updates/patch-9-19-notes/
2020,10.17,Patch 10.17 notes,2020-08-19,Aatrox,buff,1,0,0,R World Ender bonus AD ratio increased at ranks 2-3 (0.2/0.3/0.4).,https://www.leagueoflegends.com/en-us/news/game-updates/patch-10-16b-notes/
2020,10.17,Patch 10.17 notes,2020-08-19,Caitlyn,nerf,1,1,0,Base movement speed 330 to 325; notes cite pro and regular play dominance.,https://www.leagueoflegends.com/en-us/news/game-updates/patch-10-16b-notes/
2020,10.17,Patch 10.17 notes,2020-08-19,Evelynn,nerf,1,0,0,Q Hate Spike dart and spike base damage reduced by 5 at all ranks.,https://www.leagueoflegends.com/en-us/news/game-updates/patch-10-16b-notes/
2020,10.17,Patch 10.17 notes,2020-08-19,Gragas,buff,1,0,0,Base armor increased 35 to 38.,https://www.leagueoflegends.com/en-us/news/game-updates/patch-10-16b-notes/
2020,10.17,Patch 10.17 notes,2020-08-19,Hecarim,nerf,1,0,0,E Devastating Charge max bonus movement speed reduced 100% to 85%; partial revert of 10.16.,https://www.leagueoflegends.com/en-us/news/game-updates/patch-10-16b-notes/
2020,10.17,Patch 10.17 notes,2020-08-19,Kai'Sa,buff,2,0,0,AD growth 1.7 to 2.0; E Supercharge bonus attack speed increased at later ranks.,https://www.leagueoflegends.com/en-us/news/game-updates/patch-10-16b-notes/
2020,10.17,Patch 10.17 notes,2020-08-19,Lux,nerf,2,0,0,"W shield base lowered, AP ratio up, mana cost scales higher; triple-shield bug fixed. Targets support Lux.",https://www.leagueoflegends.com/en-us/news/game-updates/patch-10-16b-notes/
2020,10.17,Patch 10.17 notes,2020-08-19,Qiyana,nerf,2,1,0,W bonus AD ratio halved; E base damage reduced later; notes cite elite and pro play.,https://www.leagueoflegends.com/en-us/news/game-updates/patch-10-16b-notes/
2020,10.17,Patch 10.17 notes,2020-08-19,Sona,nerf,2,0,0,"Q, W, E AP scaling reduced; tiny base health and mana cuts.",https://www.leagueoflegends.com/en-us/news/game-updates/patch-10-16b-notes/
2020,10.17,Patch 10.17 notes,2020-08-19,Varus,buff,1,0,0,Attack speed growth increased 3% to 4%.,https://www.leagueoflegends.com/en-us/news/game-updates/patch-10-16b-notes/
2020,10.17,Patch 10.17 notes,2020-08-19,Xayah,buff,1,0,0,Attack damage growth increased 2.9 to 3.5.,https://www.leagueoflegends.com/en-us/news/game-updates/patch-10-16b-notes/
2020,10.17,Patch 10.17 notes,2020-08-19,Yone,nerf,2,0,0,Q base damage reduced later (120 to 100 max); R no longer applies life steal.,https://www.leagueoflegends.com/en-us/news/game-updates/patch-10-16b-notes/
2020,10.18,Patch 10.18 notes,2020-09-02,Ahri,rework,0,0,0,"Mini-rework: Essence Theft heal moved to passive, W gains MS burst and minion damage; W costlier, HP regen down.",https://www.leagueoflegends.com/en-us/news/game-updates/patch-10-18-notes/
2020,10.18,Patch 10.18 notes,2020-09-03,Ahri,bugfix,0,0,1,Hotfix: W Fox-Fire targeting now correctly follows new 10.18 priority.,https://www.leagueoflegends.com/en-us/news/game-updates/patch-10-18-notes/
2020,10.18,Patch 10.18 notes,2020-09-02,Anivia,bugfix,0,0,0,W Crystallize no longer applies Elder Dragon debuff to enemies; various SFX restored.,https://www.leagueoflegends.com/en-us/news/game-updates/patch-10-18-notes/
2020,10.18,Patch 10.18 notes,2020-09-02,Ashe,nerf,1,1,0,Base AD 61 to 59; Runaan's interaction bug fixed. Notes cite primary pro-play marksman.,https://www.leagueoflegends.com/en-us/news/game-updates/patch-10-18-notes/
2020,10.18,Patch 10.18 notes,2020-09-02,Caitlyn,bugfix,0,0,0,Can no longer trigger Elder execute on multiple targets or Summon Aery multiple times.,https://www.leagueoflegends.com/en-us/news/game-updates/patch-10-18-notes/
2020,10.18,Patch 10.18 notes,2020-09-02,Fiora,bugfix,0,0,0,W Riposte no longer triggers Vitals through spell shields.,https://www.leagueoflegends.com/en-us/news/game-updates/patch-10-18-notes/
2020,10.18,Patch 10.18 notes,2020-09-02,Galio,nerf,1,1,0,Q Winds of War base damage reduced by 10; intro frames nerf around Skilled/Pro performance.,https://www.leagueoflegends.com/en-us/news/game-updates/patch-10-18-notes/
2020,10.18,Patch 10.18 notes,2020-09-02,Garen,bugfix,0,0,0,W Courage no longer wrongly increases base armor and magic resist.,https://www.leagueoflegends.com/en-us/news/game-updates/patch-10-18-notes/
2020,10.18,Patch 10.18 notes,2020-09-02,Graves,bugfix,0,0,0,E Quickdraw after basic attack now properly triggers Sheen and Kleptomancy.,https://www.leagueoflegends.com/en-us/news/game-updates/patch-10-18-notes/
2020,10.18,Patch 10.18 notes,2020-09-02,Jarvan IV,buff,1,0,0,Q Dragon Strike base damage increased by 10 at all ranks.,https://www.leagueoflegends.com/en-us/news/game-updates/patch-10-18-notes/
2020,10.18,Patch 10.18 notes,2020-09-02,Kayle,buff,2,0,0,"E mana cost removed, missile faster, cooldown scales down; Q refund removed, W costlier. Net lower mana dependence.",https://www.leagueoflegends.com/en-us/news/game-updates/patch-10-18-notes/
2020,10.18,Patch 10.18 notes,2020-09-02,Kha'Zix,bugfix,0,0,0,Evolved W no longer reveals large area on champion hit; skin SFX restored.,https://www.leagueoflegends.com/en-us/news/game-updates/patch-10-18-notes/
2020,10.18,Patch 10.18 notes,2020-09-02,Kled,bugfix,0,0,0,Bami's Cinder and Locket now scale correctly with his bonus health; dismounted MS fix.,https://www.leagueoflegends.com/en-us/news/game-updates/patch-10-18-notes/
2020,10.18,Patch 10.18 notes,2020-09-02,Kog'Maw,nerf,1,0,0,Health growth 90 to 85 and armor growth 3.5 to 3.25.,https://www.leagueoflegends.com/en-us/news/game-updates/patch-10-18-notes/
2020,10.18,Patch 10.18 notes,2020-09-02,Lux,bugfix,0,0,0,W Prismatic Barrier now applies shield at most twice.,https://www.leagueoflegends.com/en-us/news/game-updates/patch-10-18-notes/
2020,10.18,Patch 10.18 notes,2020-09-02,Miss Fortune,buff,2,1,0,Attack speed growth 2.25% to 3%; W max bonus movement speed +5; intro cites Skilled/Pro.,https://www.leagueoflegends.com/en-us/news/game-updates/patch-10-18-notes/
2020,10.18,Patch 10.18 notes,2020-09-02,Nami,bugfix,0,0,0,Scuttle speed shrine from E-empowered kill no longer counts as her ability.,https://www.leagueoflegends.com/en-us/news/game-updates/patch-10-18-notes/
2020,10.18,Patch 10.18 notes,2020-09-02,Pyke,bugfix,0,0,0,Q Bone Skewer now castable at exact minimum mana.,https://www.leagueoflegends.com/en-us/news/game-updates/patch-10-18-notes/
2020,10.18,Patch 10.18 notes,2020-09-02,Riven,bugfix,0,0,0,Q/E cast from fog while hovering enemy no longer reveals her.,https://www.leagueoflegends.com/en-us/news/game-updates/patch-10-18-notes/
2020,10.18,Patch 10.18 notes,2020-09-02,Rumble,buff,1,1,0,Q Flamespitter total damage increased (175-315 to 180-340); aimed at early-game pro pick.,https://www.leagueoflegends.com/en-us/news/game-updates/patch-10-18-notes/
2020,10.18,Patch 10.18 notes,2020-09-02,Sett,nerf,3,1,0,"Passive now bonus-AD scaling; Q max-health damage flat 1%, AD scaling up. Larger swing at pro tank builds.",https://www.leagueoflegends.com/en-us/news/game-updates/patch-10-18-notes/
2020,10.18,Patch 10.18 notes,2020-09-02,Shen,nerf,1,0,0,Passive Ki Barrier shield reduced by 10 at all levels.,https://www.leagueoflegends.com/en-us/news/game-updates/patch-10-18-notes/
2020,10.18,Patch 10.18 notes,2020-09-02,Shyvana,adjust,0,0,0,"Dragon E radius fixed at 345 center-check, faster tick; clarity fix, small AP nerf/AD buff.",https://www.leagueoflegends.com/en-us/news/game-updates/patch-10-18-notes/
2020,10.18,Patch 10.18 notes,2020-09-02,Teemo,bugfix,0,0,0,Bouncing Noxious Traps no longer interrupt his basic attacks.,https://www.leagueoflegends.com/en-us/news/game-updates/patch-10-18-notes/
2020,10.18,Patch 10.18 notes,2020-09-02,Tryndamere,bugfix,0,0,0,E Spinning Slash can no longer hit same target twice; R end flash added.,https://www.leagueoflegends.com/en-us/news/game-updates/patch-10-18-notes/
2020,10.18,Patch 10.18 notes,2020-09-02,Twitch,buff,2,1,0,E AP ratio per stack 0.2 to 0.333; R damage falloff per target reduced; intro cites Skilled/Pro.,https://www.leagueoflegends.com/en-us/news/game-updates/patch-10-18-notes/
2020,10.18,Patch 10.18 notes,2020-09-02,Xin Zhao,buff,2,0,0,W thrust base damage +10 and AD ratio 75% to 80%.,https://www.leagueoflegends.com/en-us/news/game-updates/patch-10-18-notes/
2020,10.18,Patch 10.18 notes,2020-09-02,Yone,bugfix,0,0,0,Q now stacks Press the Attack; R cannot reactivate inside Mordekaiser realm; VFX clarity.,https://leagueoflegends.fandom.com/wiki/V10.18
2020,10.18,Patch 10.18 notes,2020-09-02,Zac,bugfix,0,0,1,Hotfix: W cooldown now reduced properly when picking up passive chunks.,https://www.leagueoflegends.com/en-us/news/game-updates/patch-10-18-notes/
2020,10.18,Patch 10.18 notes,2020-09-02,Zed,bugfix,0,0,0,Shadow clone no longer lingers granting vision if he dies during dance.,https://www.leagueoflegends.com/en-us/news/game-updates/patch-10-18-notes/
2020,10.19,Patch 10.19 notes,2020-09-16,Ahri,buff,2,0,0,"W Fox-Fire cooldown and mana cost reverted to pre-10.18 values (9-5s, 40 mana).",https://www.leagueoflegends.com/en-us/news/game-updates/patch-10-19-notes/
2020,10.19,Patch 10.19 notes,2020-09-16,Akali,nerf,1,1,0,Q base damage -5 and AP ratio 0.65 to 0.6; cites rising Pro presence before Worlds.,https://www.leagueoflegends.com/en-us/news/game-updates/patch-10-19-notes/
2020,10.19,Patch 10.19 notes,2020-09-16,Aphelios,buff,1,1,0,AD growth 2 to 2.4; notes cite him being pushed out of pro meta.,https://www.leagueoflegends.com/en-us/news/game-updates/patch-10-19-notes/
2020,10.19,Patch 10.19 notes,2020-09-16,Azir,nerf,1,1,0,W soldier bonus attack speed reduced 5% per rank; justified by pro three-soldier usage.,https://www.leagueoflegends.com/en-us/news/game-updates/patch-10-19-notes/
2020,10.19,Patch 10.19 notes,2020-09-16,Caitlyn,nerf,2,1,0,Base AD 64 to 62 and AS growth 4% to 3.5%; for Worlds bot-lane diversity.,https://www.leagueoflegends.com/en-us/news/game-updates/patch-10-19-notes/
2020,10.19,Patch 10.19 notes,2020-09-16,Fiora,bugfix,0,1,1,Hotfix: reverted 10.18 Riposte fix because new bug would hurt her Worlds play.,https://www.leagueoflegends.com/en-us/news/game-updates/patch-10-19-notes/
2020,10.19,Patch 10.19 notes,2020-09-16,Irelia,buff,2,0,0,R Vanguard's Edge barrage and perimeter damage increased at later ranks (to 375).,https://www.leagueoflegends.com/en-us/news/game-updates/patch-10-19-notes/
2020,10.19,Patch 10.19 notes,2020-09-16,Ivern,buff,1,1,0,E Triggerseed slow 40-60% to 50-70%; notes cite low pro play.,https://www.leagueoflegends.com/en-us/news/game-updates/patch-10-19-notes/
2020,10.19,Patch 10.19 notes,2020-09-16,Lucian,nerf,1,1,0,AD growth 2.75 to 2.3; aims at solo-lane flex pick at Worlds.,https://www.leagueoflegends.com/en-us/news/game-updates/patch-10-19-notes/
2020,10.19,Patch 10.19 notes,2020-09-16,Nautilus,bugfix,0,0,0,R Depth Charge can no longer stun unstoppable targets.,https://www.leagueoflegends.com/en-us/news/game-updates/patch-10-19-notes/
2020,10.19,Patch 10.19 notes,2020-09-16,Rek'Sai,bugfix,0,0,1,Hotfixes 9/16 and 9/21: Q/E cooldowns tick while burrowed; W double movement speed bug fixed.,https://www.leagueoflegends.com/en-us/news/game-updates/patch-10-19-notes/
2020,10.19,Patch 10.19 notes,2020-09-22,Samira,nerf,3,0,1,Hotfix one day after release: base health 600 to 530; R per-shot damage and AD ratio cut.,https://www.leagueoflegends.com/en-us/news/game-updates/patch-10-19-notes/
2020,10.19,Patch 10.19 notes,2020-09-16,Senna,nerf,2,1,0,Mist Wraith drop chance on minions halved (8.33% to 4.166%); cites pro meta.,https://www.leagueoflegends.com/en-us/news/game-updates/patch-10-19-notes/
2020,10.19,Patch 10.19 notes,2020-09-21,Sion,bugfix,0,0,1,Hotfix: W Soul Furnace now grants bonus health from kills while active.,https://www.leagueoflegends.com/en-us/news/game-updates/patch-10-19-notes/
2020,10.19,Patch 10.19 notes,2020-09-16,Sivir,adjust,0,0,0,Passive Fleet of Foot bonus movement speed +5 (35-55).,https://www.leagueoflegends.com/en-us/news/game-updates/patch-10-19-notes/
2020,10.19,Patch 10.19 notes,2020-09-16,Sylas,buff,2,1,0,R Hijack cooldown reduced later (100/70/40); notes cite pro play.,https://www.leagueoflegends.com/en-us/news/game-updates/patch-10-19-notes/
2020,10.19,Patch 10.19 notes,2020-09-16,Twisted Fate,nerf,1,1,0,Base movement speed 335 to 330; cites meta-driving pro roaming.,https://www.leagueoflegends.com/en-us/news/game-updates/patch-10-19-notes/
2020,10.19,Patch 10.19 notes,2020-09-16,Udyr,buff,2,0,0,R Phoenix Stance cone base damage and AP ratio increased.,https://www.leagueoflegends.com/en-us/news/game-updates/patch-10-19-notes/
2020,10.19,Patch 10.19 notes,2020-09-16,Vayne,buff,1,0,0,R Final Hour bonus AD increased by 10 at all ranks.,https://www.leagueoflegends.com/en-us/news/game-updates/patch-10-19-notes/
2021,11.16,Patch 11.16 notes,2021-08-11,Akshan,nerf,1,0,0,Undocumented: summoners/item actives disabled during E swing; Stopwatch/Zhonya's ends swing.,https://leagueoflegends.fandom.com/wiki/V11.16
2021,11.16,Patch 11.16 notes,2021-08-13,Akshan,bugfix,0,0,1,Hotfix: E no longer extends invisibility after Duskblade kill.,https://www.leagueoflegends.com/en-us/news/game-updates/patch-11-16-notes/
2021,11.16,Patch 11.16 notes,2021-08-11,Diana,nerf,1,1,0,Passive damage to non-epic monsters 300% to 250%; notes cite competitive jungle strength.,https://www.leagueoflegends.com/en-us/news/game-updates/patch-11-16-notes/
2021,11.16,Patch 11.16 notes,2021-08-11,Fiora,nerf,2,1,0,E Bladework cooldown increased later (to 7s at max); cites higher levels of play.,https://www.leagueoflegends.com/en-us/news/game-updates/patch-11-16-notes/
2021,11.16,Patch 11.16 notes,2021-08-11,Jarvan IV,buff,2,0,0,Passive 8% to 10% current health; R bonus AD ratio 150% to 180%.,https://www.leagueoflegends.com/en-us/news/game-updates/patch-11-16-notes/
2021,11.16,Patch 11.16 notes,2021-08-11,Jhin,buff,2,0,0,W damage +10 all ranks; R minimum damage ratio 20% to 25% AD.,https://www.leagueoflegends.com/en-us/news/game-updates/patch-11-16-notes/
2021,11.16,Patch 11.16 notes,2021-08-11,Karma,adjust,0,1,0,"Early Q and team R-E speed cut; Q cooldown/cost, RQ damage, E shield up. Cites pro strength.",https://www.leagueoflegends.com/en-us/news/game-updates/patch-11-16-notes/
2021,11.16,Patch 11.16 notes,2021-08-11,Lee Sin,nerf,2,0,0,W Iron Will omnivamp reduced by 5 percentage points at all ranks.,https://www.leagueoflegends.com/en-us/news/game-updates/patch-11-16-notes/
2021,11.16,Patch 11.16 notes,2021-08-11,Lulu,nerf,2,1,0,W cooldown +1s and R cooldown increased early; notes cite Skilled and Elite strength.,https://www.leagueoflegends.com/en-us/news/game-updates/patch-11-16-notes/
2021,11.16,Patch 11.16 notes,2021-08-11,Maokai,adjust,0,0,0,"Passive heal increased (and scaling bug fixed); E sapling damage reduced. Top buff, support nerf.",https://www.leagueoflegends.com/en-us/news/game-updates/patch-11-16-notes/
2021,11.16,Patch 11.16 notes,2021-08-11,Nunu & Willump,buff,2,0,0,Base movement speed 340 to 345; E AP ratio per snowball 6% to 10%.,https://www.leagueoflegends.com/en-us/news/game-updates/patch-11-16-notes/
2021,11.16,Patch 11.16 notes,2021-08-11,Shaco,adjust,0,0,0,Q smoke no longer visible through fog; R clone pathing and ward-gold bugs fixed.,https://www.leagueoflegends.com/en-us/news/game-updates/patch-11-16-notes/
2021,11.16,Patch 11.16 notes,2021-08-11,Sivir,buff,2,0,0,W Ricochet AD ratio increased at later ranks (30-90%).,https://www.leagueoflegends.com/en-us/news/game-updates/patch-11-16-notes/
2021,11.16,Patch 11.16 notes,2021-08-11,Sona,buff,1,0,0,"Small gameplay update: new Accelerando passive, lower costs, aura mana refunds removed, R hits all units.",https://www.leagueoflegends.com/en-us/news/game-updates/patch-11-16-notes/
2021,11.16,Patch 11.16 notes,2021-08-11,Tahm Kench,nerf,2,0,0,Passive base damage reduced early; Q base heal reduced by 5.,https://www.leagueoflegends.com/en-us/news/game-updates/patch-11-16-notes/
2021,11.16,Patch 11.16 notes,2021-08-11,Tryndamere,bugfix,0,0,0,W Mocking Shout now counts toward Eclipse proc.,https://www.leagueoflegends.com/en-us/news/game-updates/patch-11-16-notes/
2021,11.16,Patch 11.16 notes,2021-08-11,Viego,bugfix,0,0,1,Hotfix: E Harrowed Path no longer fails to grant effects before terrain is struck.,https://www.leagueoflegends.com/en-us/news/game-updates/patch-11-16-notes/
2021,11.16,Patch 11.16 notes,2021-08-11,Vladimir,adjust,0,0,0,Passive AP-to-health 140% to 160% and health-to-AP 2.5% to 3.33%.,https://www.leagueoflegends.com/en-us/news/game-updates/patch-11-16-notes/
2021,11.16,Patch 11.16 notes,2021-08-11,Warwick,bugfix,0,0,0,R Infinite Duress no longer cancels mid-jump when target flashes.,https://www.leagueoflegends.com/en-us/news/game-updates/patch-11-16-notes/
2021,11.16,Patch 11.16 notes,2021-08-11,Xin Zhao,nerf,1,0,0,Base attack damage 66 to 63.,https://www.leagueoflegends.com/en-us/news/game-updates/patch-11-16-notes/
2021,11.16,Patch 11.16 notes,2021-08-11,Ziggs,adjust,0,0,0,"Base mana 420 to 480; E mine damage lower early, higher late; early slow cut. Bot nerf.",https://www.leagueoflegends.com/en-us/news/game-updates/patch-11-16-notes/
2021,11.17,Patch 11.17 notes,2021-08-25,Akshan,adjust,0,0,0,"E base damage down late, AD ratio up; cannot revive while dead; R cancel cooldown cut; bug fixes.",https://www.leagueoflegends.com/en-us/news/game-updates/patch-11-17-notes/
2021,11.17,Patch 11.17 notes,2021-08-25,Amumu,adjust,0,1,0,"Q gets 2 charges, W early damage up; R stun flat, growth stats down. Aimed at high-level play.",https://www.leagueoflegends.com/en-us/news/game-updates/patch-11-17-notes/
2021,11.17,Patch 11.17 notes,2021-08-25,Dr. Mundo,bugfix,0,0,0,Passive canister no longer destroyed when immobilized by enemy standing on him.,https://www.leagueoflegends.com/en-us/news/game-updates/patch-11-17-notes/
2021,11.17,Patch 11.17 notes,2021-08-25,Ekko,buff,2,0,0,Passive damage vs monsters increased (150% to 200% per notes) for jungle clear.,https://www.leagueoflegends.com/en-us/news/game-updates/patch-11-17-notes/
2021,11.17,Patch 11.17 notes,2021-08-25,Evelynn,buff,1,0,0,R Last Caress cooldown reduced at ranks 1-2 (120/100/80).,https://www.leagueoflegends.com/en-us/news/game-updates/patch-11-17-notes/
2021,11.17,Patch 11.17 notes,2021-08-25,Gangplank,adjust,0,0,0,"Q counts as ranged, passive MS lower early; E crit bonus, more barrels, slower recharge.",https://www.leagueoflegends.com/en-us/news/game-updates/patch-11-17-notes/
2021,11.17,Patch 11.17 notes,2021-08-25,Graves,nerf,1,0,0,Q End of the Line mana cost 60 to 80; aims at mid Graves.,https://www.leagueoflegends.com/en-us/news/game-updates/patch-11-17-notes/
2021,11.17,Patch 11.17 notes,2021-08-25,Irelia,nerf,1,0,0,Q Bladesurge heal reduced 12-20% to 8-16% AD.,https://www.leagueoflegends.com/en-us/news/game-updates/patch-11-17-notes/
2021,11.17,Patch 11.17 notes,2021-08-25,Kalista,bugfix,0,0,0,Charm at attack wind-up no longer lets her attack and lunge.,https://www.leagueoflegends.com/en-us/news/game-updates/patch-11-17-notes/
2021,11.17,Patch 11.17 notes,2021-08-25,Kalista,bugfix,0,0,1,Hotfix: fixed attacking multiple targets by switching during passive wind-up.,https://www.leagueoflegends.com/en-us/news/game-updates/patch-11-17-notes/
2021,11.17,Patch 11.17 notes,2021-08-25,Kassadin,bugfix,0,0,0,Fixed E Force Pulse sometimes being uncastable.,https://www.leagueoflegends.com/en-us/news/game-updates/patch-11-17-notes/
2021,11.17,Patch 11.17 notes,2021-08-25,Kayn,nerf,2,0,0,Shadow Assassin passive bonus damage 12-44% to 8-30%.,https://www.leagueoflegends.com/en-us/news/game-updates/patch-11-17-notes/
2021,11.17,Patch 11.17 notes,2021-08-25,Leona,nerf,1,0,0,W Eclipse bonus armor and magic resist reduced by 5.,https://www.leagueoflegends.com/en-us/news/game-updates/patch-11-17-notes/
2021,11.17,Patch 11.17 notes,2021-08-25,Lissandra,buff,1,0,0,Base AD 53 to 55; Q mana cost reduced by 5.,https://www.leagueoflegends.com/en-us/news/game-updates/patch-11-17-notes/
2021,11.17,Patch 11.17 notes,2021-08-25,Lucian,adjust,0,1,0,Base AD down; new Vigilance ally-buff passive; W cheaper; R shots scale with crit. Cites pro mid.,https://www.leagueoflegends.com/en-us/news/game-updates/patch-11-17-notes/
2021,11.17,Patch 11.17 notes,2021-08-26,Lucian,bugfix,0,0,1,Hotfix: Vigilance now consumed and deals damage on passive's second shot.,https://www.leagueoflegends.com/en-us/news/game-updates/patch-11-17-notes/
2021,11.17,Patch 11.17 notes,2021-08-25,Mordekaiser,bugfix,0,0,0,Graves' Smoke Screen now stays in realm it was cast in during R.,https://www.leagueoflegends.com/en-us/news/game-updates/patch-11-17-notes/
2021,11.17,Patch 11.17 notes,2021-08-25,Nami,buff,1,0,0,Base health 475 to 490; W mana cost reduced later.,https://www.leagueoflegends.com/en-us/news/game-updates/patch-11-17-notes/
2021,11.17,Patch 11.17 notes,2021-08-25,Nunu & Willump,bugfix,0,0,0,No longer launched off-screen by Rek'Sai unburrow during W; E tooltip fixes.,https://www.leagueoflegends.com/en-us/news/game-updates/patch-11-17-notes/
2021,11.17,Patch 11.17 notes,2021-08-25,Senna,adjust,0,0,0,Crit damage penalty reduced (150% to 160%); minion soul drop rate 4.166% to 10%.,https://www.leagueoflegends.com/en-us/news/game-updates/patch-11-17-notes/
2021,11.17,Patch 11.17 notes,2021-08-25,Shaco,bugfix,0,0,0,"Clone now gains 10 gold per ward kill, not 20.",https://www.leagueoflegends.com/en-us/news/game-updates/patch-11-17-notes/
2021,11.17,Patch 11.17 notes,2021-08-25,Sylas,bugfix,0,0,0,R cooldown now reverts correctly if he dies casting a hijacked ultimate.,https://www.leagueoflegends.com/en-us/news/game-updates/patch-11-17-notes/
2021,11.17,Patch 11.17 notes,2021-08-26,Tahm Kench,bugfix,0,0,1,Hotfix: R Devour no longer destroys self-targeted missiles.,https://www.leagueoflegends.com/en-us/news/game-updates/patch-11-17-notes/
2021,11.17,Patch 11.17 notes,2021-08-25,Teemo,buff,1,0,0,E Toxic Shot on-hit damage increased by 3.,https://www.leagueoflegends.com/en-us/news/game-updates/patch-11-17-notes/
2021,11.17,Patch 11.17 notes,2021-08-25,Viego,nerf,3,1,0,"Range 225 to 200, possession heal base cut; crit Q, E detection up; R slow shorter. Pro-targeted.",https://www.leagueoflegends.com/en-us/news/game-updates/patch-11-17-notes/
2021,11.17,Patch 11.17 notes,2021-08-25,Wukong,bugfix,0,0,0,Q Crushing Blow animation can no longer be fully cancelled by stop command.,https://www.leagueoflegends.com/en-us/news/game-updates/patch-11-17-notes/
2021,11.17,Patch 11.17 notes,2021-08-25,Xayah,buff,2,0,0,Q cast time scales down with attack speed; R base damage 125-375 to 200-400.,https://www.leagueoflegends.com/en-us/news/game-updates/patch-11-17-notes/
2021,11.17,Patch 11.17 notes,2021-08-25,Zed,adjust,0,0,0,"Q ratio up, E ratio 80% to 65% bonus AD, R cooldown longer late.",https://www.leagueoflegends.com/en-us/news/game-updates/patch-11-17-notes/
2021,11.18,Patch 11.18 notes,2021-09-09,Akshan,bugfix,0,0,0,E no longer interrupted by breaking spell shield; can cancel E while silenced.,https://www.leagueoflegends.com/en-us/news/game-updates/patch-11-18-notes/
2021,11.18,Patch 11.18 notes,2021-09-09,Aphelios,nerf,1,1,0,Base attack damage 57 to 55; notes cite elevated pro presence.,https://www.leagueoflegends.com/en-us/news/game-updates/patch-11-18-notes/
2021,11.18,Patch 11.18 notes,2021-09-09,Ashe,nerf,2,0,0,W Volley cooldown increased at early ranks (18/14.5/11/7.5/4).,https://www.leagueoflegends.com/en-us/news/game-updates/patch-11-18-notes/
2021,11.18,Patch 11.18 notes,2021-09-09,Camille,nerf,2,0,0,Passive shield cooldown increased early (20/15/10); E consumable-cancel bug fixed.,https://www.leagueoflegends.com/en-us/news/game-updates/patch-11-18-notes/
2021,11.18,Patch 11.18 notes,2021-09-09,Draven,adjust,0,0,0,R now executes enemies below his Adoration stack count; stacks shown in all chat.,https://www.leagueoflegends.com/en-us/news/game-updates/patch-11-18-notes/
2021,11.18,Patch 11.18 notes,2021-09-09,Dr. Mundo,adjust,0,1,0,"Q monster damage cap up; R gives base HP ignoring Grievous Wounds, less late heal. Pro flex aim.",https://www.leagueoflegends.com/en-us/news/game-updates/patch-11-18-notes/
2021,11.18,Patch 11.18 notes,2021-09-09,Fizz,adjust,0,1,0,"Passive DR vs attacks up, W on-hit up; R damage cut. Shifts power from skilled-play-counterable R.",https://www.leagueoflegends.com/en-us/news/game-updates/patch-11-18-notes/
2021,11.18,Patch 11.18 notes,2021-09-09,Gangplank,buff,2,0,0,Base health 540 to 570 and health growth 82 to 90.,https://www.leagueoflegends.com/en-us/news/game-updates/patch-11-18-notes/
2021,11.18,Patch 11.18 notes,2021-09-09,Janna,bugfix,0,0,1,Hotfix: W Zephyr passive now returns after casting twice.,https://www.leagueoflegends.com/en-us/news/game-updates/patch-11-18-notes/
2021,11.18,Patch 11.18 notes,2021-09-09,Jayce,nerf,2,1,0,Passive movement speed and ghost duration 1.25s to 0.75s; notes cite pro scene.,https://www.leagueoflegends.com/en-us/news/game-updates/patch-11-18-notes/
2021,11.18,Patch 11.18 notes,2021-09-09,Jinx,adjust,0,0,0,Q Fishbones mana cost reduced at early ranks (16-20).,https://www.leagueoflegends.com/en-us/news/game-updates/patch-11-18-notes/
2021,11.18,Patch 11.18 notes,2021-09-09,Kai'Sa,buff,1,0,0,E Supercharge cooldown reduced at later ranks (to 10s).,https://www.leagueoflegends.com/en-us/news/game-updates/patch-11-18-notes/
2021,11.18,Patch 11.18 notes,2021-09-09,Kalista,nerf,1,1,0,R knock-up duration reduced early (1/1.5/2); cites pro coordinated ganks.,https://www.leagueoflegends.com/en-us/news/game-updates/patch-11-18-notes/
2021,11.18,Patch 11.18 notes,2021-09-09,Karma,buff,1,0,0,Base armor 26 to 28; E shield +10 at all ranks.,https://www.leagueoflegends.com/en-us/news/game-updates/patch-11-18-notes/
2021,11.18,Patch 11.18 notes,2021-09-09,Kog'Maw,buff,1,0,0,"E Void Ooze AP ratio 50% to 70%, for AP Kog'Maw.",https://www.leagueoflegends.com/en-us/news/game-updates/patch-11-18-notes/
2021,11.18,Patch 11.18 notes,2021-09-09,Lee Sin,nerf,1,1,0,Base attack damage 70 to 68; notes cite 100% pick/ban in pro.,https://www.leagueoflegends.com/en-us/news/game-updates/patch-11-18-notes/
2021,11.18,Patch 11.18 notes,2021-09-09,Lillia,adjust,0,0,0,"Health regen cut (top nerf); monster healing, Q stack duration, E cooldown improved (jungle buff).",https://www.leagueoflegends.com/en-us/news/game-updates/patch-11-18-notes/
2021,11.18,Patch 11.18 notes,2021-09-09,Miss Fortune,buff,2,0,0,R Bullet Time waves increased by 2 at all ranks.,https://www.leagueoflegends.com/en-us/news/game-updates/patch-11-18-notes/
2021,11.18,Patch 11.18 notes,2021-09-09,Morgana,buff,1,1,0,E Black Shield cooldown reduced by 2s; cites support decline in Average and Pro.,https://www.leagueoflegends.com/en-us/news/game-updates/patch-11-18-notes/
2021,11.18,Patch 11.18 notes,2021-09-09,Qiyana,adjust,0,1,0,"Base AS up, regen down; Q vs monsters up; E+Q auto-aim dodgeable; E damage down. High-tier skew.",https://www.leagueoflegends.com/en-us/news/game-updates/patch-11-18-notes/
2021,11.18,Patch 11.18 notes,2021-09-09,Qiyana,bugfix,0,0,1,Hotfix: E+Q auto aim no longer cancelled by knockups/knockbacks.,https://www.leagueoflegends.com/en-us/news/game-updates/patch-11-18-notes/
2021,11.18,Patch 11.18 notes,2021-09-09,Renekton,nerf,2,1,0,Empowered W stun 1.5s to 1s; self-lockout reduced. Targets pro dominance.,https://www.leagueoflegends.com/en-us/news/game-updates/patch-11-18-notes/
2021,11.18,Patch 11.18 notes,2021-09-09,Rumble,buff,1,1,0,"Passive overheat AS scales 20-80% by level; W cooldown flat 6s. Early jungle nerf, lane buff.",https://www.leagueoflegends.com/en-us/news/game-updates/patch-11-18-notes/
2021,11.18,Patch 11.18 notes,2021-09-09,Samira,bugfix,0,0,0,Q Flair now applies life steal when cast during E Wild Rush.,https://www.leagueoflegends.com/en-us/news/game-updates/patch-11-18-notes/
2021,11.18,Patch 11.18 notes,2021-09-09,Shen,bugfix,0,0,0,Passive shield no longer breaks from basic attack inside W zone.,https://www.leagueoflegends.com/en-us/news/game-updates/patch-11-18-notes/
2021,11.18,Patch 11.18 notes,2021-09-09,Singed,adjust,0,0,0,Q Poison Trail applies Grievous Wounds while R is active.,https://www.leagueoflegends.com/en-us/news/game-updates/patch-11-18-notes/
2021,11.18,Patch 11.18 notes,2021-09-09,Sona,bugfix,0,0,0,Q aura now grants Tear stacks; Accelerando no longer gained through spell shields.,https://www.leagueoflegends.com/en-us/news/game-updates/patch-11-18-notes/
2021,11.18,Patch 11.18 notes,2021-09-09,Soraka,adjust,0,0,0,R Wish now cleanses Grievous Wounds before healing.,https://www.leagueoflegends.com/en-us/news/game-updates/patch-11-18-notes/
2021,11.18,Patch 11.18 notes,2021-09-09,Taliyah,nerf,2,0,0,Q on Worked Ground refunds 50% cooldown; Worked Ground smaller and shorter-lasting.,https://www.leagueoflegends.com/en-us/news/game-updates/patch-11-18-notes/
2021,11.18,Patch 11.18 notes,2021-09-09,Talon,nerf,1,0,0,Q base damage reduced later (mid nerf); W deals 50% bonus to monsters (jungle buff).,https://www.leagueoflegends.com/en-us/news/game-updates/patch-11-18-notes/
2021,11.18,Patch 11.18 notes,2021-09-09,Thresh,adjust,0,1,0,"Base MS 335 to 330; E passive damage lower early, better soul scaling. Large pro-targeted nerf.",https://www.leagueoflegends.com/en-us/news/game-updates/patch-11-18-notes/
2021,11.18,Patch 11.18 notes,2021-09-09,Trundle,nerf,2,1,0,E Pillar slow reduced to 30-46%; targets pro support Trundle.,https://www.leagueoflegends.com/en-us/news/game-updates/patch-11-18-notes/
2021,11.18,Patch 11.18 notes,2021-09-09,Twitch,buff,1,1,0,R bonus AD +10 at all ranks; framed around higher-level play.,https://www.leagueoflegends.com/en-us/news/game-updates/patch-11-18-notes/
2021,11.18,Patch 11.18 notes,2021-09-09,Urgot,buff,1,1,0,Q cooldown lower early and mana 80 to 70; cites pro top ranged meta.,https://www.leagueoflegends.com/en-us/news/game-updates/patch-11-18-notes/
2021,11.18,Patch 11.18 notes,2021-09-09,Varus,nerf,2,1,0,Base AD 61 to 59; passive non-champion AS lower early. Cites pro lane bullying.,https://www.leagueoflegends.com/en-us/news/game-updates/patch-11-18-notes/
2021,11.18,Patch 11.18 notes,2021-09-09,Viego,bugfix,0,0,0,Can no longer use Ornn's forge while possessing Ornn.,https://www.leagueoflegends.com/en-us/news/game-updates/patch-11-18-notes/
2021,11.18,Patch 11.18 notes,2021-09-09,Yone,buff,1,1,0,W shield per additional champion hit 25% to 50%; for higher skill bands.,https://www.leagueoflegends.com/en-us/news/game-updates/patch-11-18-notes/
2021,11.18,Patch 11.18 notes,2021-09-09,Yuumi,buff,1,0,0,Passive cooldown reduced early (14-6s).,https://www.leagueoflegends.com/en-us/news/game-updates/patch-11-18-notes/
2021,11.18,Patch 11.18 notes,2021-09-09,Zed,adjust,0,0,0,"Passive now deals 100% bonus damage to monsters, enabling jungle.",https://www.leagueoflegends.com/en-us/news/game-updates/patch-11-18-notes/
2021,11.18,Patch 11.18 notes,2021-09-09,Zoe,buff,2,0,0,E Sleepy Trouble Bubble cooldown 20-14s to 16-12s (9.6 nerf reverted).,https://www.leagueoflegends.com/en-us/news/game-updates/patch-11-18-notes/
2021,11.19,Patch 11.19 notes,2021-09-22,Aatrox,buff,2,1,0,W Infernal Chains cooldown reduced early (20 to 14s); pro-driven nerf partly reverted.,https://www.leagueoflegends.com/en-us/news/game-updates/patch-11-19-notes/
2021,11.19,Patch 11.19 notes,2021-09-22,Akali,buff,1,0,0,Base health regen 8 to 9 and regen growth 0.5 to 0.9.,https://www.leagueoflegends.com/en-us/news/game-updates/patch-11-19-notes/
2021,11.19,Patch 11.19 notes,2021-09-22,Akshan,bugfix,0,0,0,Failed E hook while Q is out no longer allows instant Q recast.,https://www.leagueoflegends.com/en-us/news/game-updates/patch-11-19-notes/
2021,11.19,Patch 11.19 notes,2021-09-22,Aurelion Sol,bugfix,0,0,0,Q Starsurge visuals no longer desync from actual position when leaving fog.,https://www.leagueoflegends.com/en-us/news/game-updates/patch-11-19-notes/
2021,11.19,Patch 11.19 notes,2021-09-22,Braum,bugfix,0,0,0,E Unbreakable now blocks Jayce Q when it is first damage instance.,https://www.leagueoflegends.com/en-us/news/game-updates/patch-11-19-notes/
2021,11.19,Patch 11.19 notes,2021-09-22,Cho'Gath,buff,2,0,0,Q Rupture cooldown 7s to 6s.,https://www.leagueoflegends.com/en-us/news/game-updates/patch-11-19-notes/
2021,11.19,Patch 11.19 notes,2021-09-22,Fizz,adjust,0,0,0,11.18 passive/W/R changes reverted; E cooldown reduced late (to 8s).,https://www.leagueoflegends.com/en-us/news/game-updates/patch-11-19-notes/
2021,11.19,Patch 11.19 notes,2021-09-22,Galio,buff,1,1,0,W cooldown now scales 18 to 16s; cites Elite performance.,https://www.leagueoflegends.com/en-us/news/game-updates/patch-11-19-notes/
2021,11.19,Patch 11.19 notes,2021-09-22,Gragas,buff,1,0,0,W Drunken Rage AP ratio 60% to 70%.,https://www.leagueoflegends.com/en-us/news/game-updates/patch-11-19-notes/
2021,11.19,Patch 11.19 notes,2021-09-22,Gwen,buff,1,0,0,Base health regen 7 to 8.5.,https://www.leagueoflegends.com/en-us/news/game-updates/patch-11-19-notes/
2021,11.19,Patch 11.19 notes,2021-09-22,Irelia,bugfix,0,0,0,Q Bladesurge no longer occasionally hits twice; passive blade color fix.,https://www.leagueoflegends.com/en-us/news/game-updates/patch-11-19-notes/
2021,11.19,Patch 11.19 notes,2021-09-22,Kennen,nerf,2,1,0,Q base damage -10 and AP ratio 80% to 75%; cites rising pro priority.,https://www.leagueoflegends.com/en-us/news/game-updates/patch-11-19-notes/
2021,11.19,Patch 11.19 notes,2021-09-22,Malzahar,bugfix,0,0,0,Passive Void Shift now reduces damage from hits triggering Night Harvester.,https://www.leagueoflegends.com/en-us/news/game-updates/patch-11-19-notes/
2021,11.19,Patch 11.19 notes,2021-09-22,Mordekaiser,buff,2,1,0,E Death's Grasp cooldown reduced early (22 to 18s at rank 1); for skilled players.,https://www.leagueoflegends.com/en-us/news/game-updates/patch-11-19-notes/
2021,11.19,Patch 11.19 notes,2021-09-22,Nasus,bugfix,0,0,0,"Q Siphoning Strike now triggers ability-damage item effects (Luden's, Tear).",https://www.leagueoflegends.com/en-us/news/game-updates/patch-11-19-notes/
2021,11.19,Patch 11.19 notes,2021-09-22,Poppy,buff,2,1,0,Passive cooldown 16/12/8 to 13/10/7; aims at pro top viability.,https://www.leagueoflegends.com/en-us/news/game-updates/patch-11-19-notes/
2021,11.19,Patch 11.19 notes,2021-09-22,Qiyana,buff,1,0,0,E+Q stays undodgeable if target within 150 at dash end; Q monster bonus 25% to 50%.,https://www.leagueoflegends.com/en-us/news/game-updates/patch-11-19-notes/
2021,11.19,Patch 11.19 notes,2021-09-22,Renekton,buff,2,1,0,"Base health and growth up; W self-lockout shorter, animation faster. Compensation after pro-targeted nerf.",https://www.leagueoflegends.com/en-us/news/game-updates/patch-11-19-notes/
2021,11.19,Patch 11.19 notes,2021-09-22,Ryze,nerf,2,1,0,Q AP ratio 45% to 40%; E cooldown +0.25s; to prevent Worlds dominance.,https://www.leagueoflegends.com/en-us/news/game-updates/patch-11-19-notes/
2021,11.19,Patch 11.19 notes,2021-09-22,Sejuani,buff,2,0,0,Q Arctic Assault cooldown reduced early and damage +10.,https://www.leagueoflegends.com/en-us/news/game-updates/patch-11-19-notes/
2021,11.19,Patch 11.19 notes,2021-09-22,Seraphine,buff,2,0,0,R Encore cooldown reduced by 20s at all ranks.,https://www.leagueoflegends.com/en-us/news/game-updates/patch-11-19-notes/
2021,11.19,Patch 11.19 notes,2021-09-22,Sion,buff,1,0,0,W Soul Furnace shield +10 at all ranks.,https://www.leagueoflegends.com/en-us/news/game-updates/patch-11-19-notes/
2021,11.19,Patch 11.19 notes,2021-09-22,Sona,nerf,1,1,0,"Base armor 28 to 26; passive, Q vision and E slow bugs fixed. Cites Skilled play.",https://www.leagueoflegends.com/en-us/news/game-updates/patch-11-19-notes/
2021,11.19,Patch 11.19 notes,2021-09-22,Soraka,nerf,2,0,0,R Wish base heal reduced (150/250/350 to 130/215/300).,https://www.leagueoflegends.com/en-us/news/game-updates/patch-11-19-notes/
2021,11.19,Patch 11.19 notes,2021-09-22,Sylas,buff,1,0,0,Base mana 280 to 310 and mana regen 7 to 8.,https://www.leagueoflegends.com/en-us/news/game-updates/patch-11-19-notes/
2021,11.19,Patch 11.19 notes,2021-09-22,Taliyah,bugfix,0,0,0,Q on Worked Ground while stationary no longer locks Q until passive reset.,https://www.leagueoflegends.com/en-us/news/game-updates/patch-11-19-notes/
2021,11.19,Patch 11.19 notes,2021-09-22,Varus,nerf,2,0,0,Q Piercing Arrow cooldown increased later (to 12s); targets Lethality builds.,https://www.leagueoflegends.com/en-us/news/game-updates/patch-11-19-notes/
2021,11.19,Patch 11.19 notes,2021-09-24,Vex,nerf,2,0,1,Hotfix one day after release: passive damage 30-180 to 30-140; Q damage reduced later.,https://www.leagueoflegends.com/en-us/news/game-updates/patch-11-19-notes/
2022,12.15,Patch 12.15 Notes,2022-08-10,Akali,buff,1,0,0,W energy restore and max energy bonus increased 80 to 100.,https://www.leagueoflegends.com/en-us/news/game-updates/patch-12-15-notes/
2022,12.15,Patch 12.15 Notes,2022-08-10,Bel'Veth,bugfix,0,0,0,E no longer fails to cancel when R cast on out-of-range Void Coral.,https://www.leagueoflegends.com/en-us/news/game-updates/patch-12-15-notes/
2022,12.15,Patch 12.15 Notes,2022-08-10,Evelynn,bugfix,0,0,0,Stealth no longer breaks when killed target enters zombie form and dies again.,https://www.leagueoflegends.com/en-us/news/game-updates/patch-12-15-notes/
2022,12.15,Patch 12.15 Notes,2022-08-10,Gwen,nerf,2,1,0,Q center true damage conversion 75% to 50%; trims late damage at highest levels of play.,https://www.leagueoflegends.com/en-us/news/game-updates/patch-12-15-notes/
2022,12.15,Patch 12.15 Notes,2022-08-10,Kalista,nerf,1,1,0,Base AD 69 to 66 to curb early bot lane dominance in pro play.,https://www.leagueoflegends.com/en-us/news/game-updates/patch-12-15-notes/
2022,12.15,Patch 12.15 Notes,2022-08-10,Kennen,buff,2,0,0,W cooldown down and base damage up; R AP ratio per bolt 20% to 22.5%.,https://www.leagueoflegends.com/en-us/news/game-updates/patch-12-15-notes/
2022,12.15,Patch 12.15 Notes,2022-08-10,LeBlanc,bugfix,0,0,0,W Distortion rank 3 damage corrected up to intended value.,https://www.leagueoflegends.com/en-us/news/game-updates/patch-12-15-notes/
2022,12.15,Patch 12.15 Notes,2022-08-10,Lee Sin,buff,2,0,0,"Q2, W2 and E2 recast energy costs reduced 30 to 25.",https://www.leagueoflegends.com/en-us/news/game-updates/patch-12-15-notes/
2022,12.15,Patch 12.15 Notes,2022-08-10,Leona,buff,2,0,0,Q mana cost reduced by 10; R stun/slow duration 1.5 to 1.75s.,https://www.leagueoflegends.com/en-us/news/game-updates/patch-12-15-notes/
2022,12.15,Patch 12.15 Notes,2022-08-10,Lillia,buff,1,0,0,Passive monster damage cap 40-100 to 50-150 to help jungle clear.,https://www.leagueoflegends.com/en-us/news/game-updates/patch-12-15-notes/
2022,12.15,Patch 12.15 Notes,2022-08-10,Master Yi,nerf,2,0,0,E Wuju Style cooldown now 18s at all ranks (was 18-14s).,https://www.leagueoflegends.com/en-us/news/game-updates/patch-12-15-notes/
2022,12.15,Patch 12.15 Notes,2022-08-10,Nilah,bugfix,0,0,0,Passive no longer audible from fog or triggered by Ocean Drake buff.,https://www.leagueoflegends.com/en-us/news/game-updates/patch-12-15-notes/
2022,12.15,Patch 12.15 Notes,2022-08-10,Qiyana,nerf,2,0,0,Passive ratio 45% to 30% bonus AD; removed First Strike double-proc bug.,https://www.leagueoflegends.com/en-us/news/game-updates/patch-12-15-notes/
2022,12.15,Patch 12.15 Notes,2022-08-10,Rakan,bugfix,0,0,0,E no longer auto-recasts to an ally after Flash.,https://www.leagueoflegends.com/en-us/news/game-updates/patch-12-15-notes/
2022,12.15,Patch 12.15 Notes,2022-08-10,Rammus,buff,2,0,0,"R cooldown 90s flat, cast range 600 to 800, faster dash speed and range growth.",https://www.leagueoflegends.com/en-us/news/game-updates/patch-12-15-notes/
2022,12.15,Patch 12.15 Notes,2022-08-10,Shen,adjust,0,0,0,E energy refund 30/35/40 to 30/40/50.,https://www.leagueoflegends.com/en-us/news/game-updates/patch-12-15-notes/
2022,12.15,Patch 12.15 Notes,2022-08-10,Singed,buff,2,0,0,Passive MS 20 to 25% and cooldown 10 to 8s; R bonus stats higher early.,https://www.leagueoflegends.com/en-us/news/game-updates/patch-12-15-notes/
2022,12.15,Patch 12.15 Notes,2022-08-10,Sivir,nerf,2,0,0,AD growth 3.3 to 3; E and R cooldowns increased.,https://www.leagueoflegends.com/en-us/news/game-updates/patch-12-15-notes/
2022,12.15,Patch 12.15 Notes,2022-08-10,Swain,bugfix,0,0,0,E recast can no longer pull targets in stasis.,https://www.leagueoflegends.com/en-us/news/game-updates/patch-12-15-notes/
2022,12.15,Patch 12.15 Notes,2022-08-10,Taliyah,nerf,2,0,0,E cooldown +2s all ranks; R wall duration 5 to 4s; Q mana bug fixed.,https://www.leagueoflegends.com/en-us/news/game-updates/patch-12-15-notes/
2022,12.15,Patch 12.15 Notes,2022-08-10,Thresh,buff,2,0,0,Q cooldown -1s and base damage +20 at all ranks.,https://www.leagueoflegends.com/en-us/news/game-updates/patch-12-15-notes/
2022,12.15,Patch 12.15 Notes,2022-08-10,Viego,bugfix,0,0,0,No longer looks polymorphed after possessing a polymorphed champion.,https://www.leagueoflegends.com/en-us/news/game-updates/patch-12-15-notes/
2022,12.15,Patch 12.15 Notes,2022-08-10,Yone,bugfix,0,0,0,Cannot cast abilities in spirit form while locked in Blast Cone knockback.,https://www.leagueoflegends.com/en-us/news/game-updates/patch-12-15-notes/
2022,12.15,Patch 12.15 Notes,2022-08-10,Yuumi,bugfix,0,0,0,Unsealed Spellbook swapped summoners usable again after Teleport.,https://www.leagueoflegends.com/en-us/news/game-updates/patch-12-15-notes/
2022,12.15,Patch 12.15 Notes,2022-08-10,Zed,buff,2,0,0,E energy cost 50 to 40; shadow ability mimic range now unlimited.,https://www.leagueoflegends.com/en-us/news/game-updates/patch-12-15-notes/
2022,12.15,Patch 12.15 Notes,2022-08-10,Taliyah,bugfix,0,0,1,Hotfix: W and E no longer grant Tear stacks without hitting an enemy.,https://www.leagueoflegends.com/en-us/news/game-updates/patch-12-15-notes/
2022,12.16,Patch 12.16 Notes,2022-08-24,Aphelios,bugfix,0,0,0,Gravitum root now properly blocked by spell shields.,https://www.leagueoflegends.com/en-us/news/game-updates/patch-12-16-notes/
2022,12.16,Patch 12.16 Notes,2022-08-24,Caitlyn,adjust,0,0,0,Passive AD ratio up to 60/90/120%; R gains 0-25% damage from crit chance.,https://www.leagueoflegends.com/en-us/news/game-updates/patch-12-16-notes/
2022,12.16,Patch 12.16 Notes,2022-08-24,Diana,buff,1,0,0,Passive cleave base damage cut; E AP ratio 45 to 50%; shifts power from tank to AP builds.,https://www.leagueoflegends.com/en-us/news/game-updates/patch-12-16-notes/
2022,12.16,Patch 12.16 Notes,2022-08-24,Draven,nerf,1,1,0,Q base damage -5 at all ranks after elite-bracket dominance.,https://www.leagueoflegends.com/en-us/news/game-updates/patch-12-16-notes/
2022,12.16,Patch 12.16 Notes,2022-08-24,Gangplank,bugfix,0,0,0,Powder Keg expiration timers now display correctly.,https://www.leagueoflegends.com/en-us/news/game-updates/patch-12-16-notes/
2022,12.16,Patch 12.16 Notes,2022-08-24,Irelia,buff,1,0,0,Base MR 28 to 30; armor growth 4.2 to 4.7.,https://www.leagueoflegends.com/en-us/news/game-updates/patch-12-16-notes/
2022,12.16,Patch 12.16 Notes,2022-08-24,Jayce,buff,2,0,0,Hammer Q damage and hammer E max-health damage increased.,https://www.leagueoflegends.com/en-us/news/game-updates/patch-12-16-notes/
2022,12.16,Patch 12.16 Notes,2022-08-24,Kai'Sa,buff,2,0,0,"Passive plasma damage, Q AP ratio and R shield AP ratio increased.",https://www.leagueoflegends.com/en-us/news/game-updates/patch-12-16-notes/
2022,12.16,Patch 12.16 Notes,2022-08-24,Malphite,buff,2,0,0,Passive cooldown lower early; W cooldown now scales 12 to 10s.,https://www.leagueoflegends.com/en-us/news/game-updates/patch-12-16-notes/
2022,12.16,Patch 12.16 Notes,2022-08-24,Ornn,bugfix,0,0,0,Masterwork upgrades forged in shop can no longer be undone by allies.,https://www.leagueoflegends.com/en-us/news/game-updates/patch-12-16-notes/
2022,12.16,Patch 12.16 Notes,2022-08-24,Poppy,nerf,1,1,0,Q minion/monster damage cap -20 at all ranks to slow pro jungle clear.,https://www.leagueoflegends.com/en-us/news/game-updates/patch-12-16-notes/
2022,12.16,Patch 12.16 Notes,2022-08-24,Rell,bugfix,0,0,0,W buff icons fixed; E tether swapping no longer stacks Tear.,https://www.leagueoflegends.com/en-us/news/game-updates/patch-12-16-notes/
2022,12.16,Patch 12.16 Notes,2022-08-24,Sion,bugfix,0,0,0,Fixed exploit allowing controlled turning/movement during R.,https://www.leagueoflegends.com/en-us/news/game-updates/patch-12-16-notes/
2022,12.16,Patch 12.16 Notes,2022-08-24,Teemo,bugfix,0,0,0,Tooltip now reflects 12.15 R mana cost change.,https://www.leagueoflegends.com/en-us/news/game-updates/patch-12-16-notes/
2022,12.16,Patch 12.16 Notes,2022-08-24,Tristana,buff,2,0,0,Q bonus attack speed +15% at all ranks.,https://www.leagueoflegends.com/en-us/news/game-updates/patch-12-16-notes/
2022,12.16,Patch 12.16 Notes,2022-08-24,Trundle,bugfix,0,0,0,E pillar visuals now match hitbox duration.,https://www.leagueoflegends.com/en-us/news/game-updates/patch-12-16-notes/
2022,12.16,Patch 12.16 Notes,2022-08-24,Udyr,rework,0,0,0,Full visual and gameplay update (VGU) released.,https://www.leagueoflegends.com/en-us/news/game-updates/patch-12-16-notes/
2022,12.16,Patch 12.16 Notes,2022-08-24,Yorick,bugfix,0,0,0,Mist Walker leaps no longer shift minion aggro to Yorick.,https://www.leagueoflegends.com/en-us/news/game-updates/patch-12-16-notes/
2022,12.16,Patch 12.16 Notes,2022-08-24,Yuumi,nerf,2,1,0,E MS AP ratio 6% to 2% per 100 AP; cooldown higher late; pro-play target.,https://www.leagueoflegends.com/en-us/news/game-updates/patch-12-16-notes/
2022,12.16,Patch 12.16 Notes,2022-08-24,Zac,bugfix,0,0,0,Can no longer revive with Mountain Soul after all bloblets die.,https://www.leagueoflegends.com/en-us/news/game-updates/patch-12-16-notes/
2022,12.16,Patch 12.16 Notes,2022-08-24,Zeri,nerf,2,1,0,Q AD ratio -5%; W AD ratio 130 to 100% and AP ratio 60 to 40%.,https://www.leagueoflegends.com/en-us/news/game-updates/patch-12-16-notes/
2022,12.16,Patch 12.16 Notes,2022-08-24,Zoe,buff,2,0,0,E damage and AP ratio up; ally-killed minions drop spell shards; shard drop rate up.,https://www.leagueoflegends.com/en-us/news/game-updates/patch-12-16-notes/
2022,12.16,Patch 12.16 Notes,2022-08-24,Zyra,adjust,0,0,0,E post-cast lockout fixed at 0.15s (was up to 0.4s).,https://www.leagueoflegends.com/en-us/news/game-updates/patch-12-16-notes/
2022,12.16,Patch 12.16 Notes,2022-08-24,Yuumi,buff,2,0,1,Hotfix: Q base and empowered damage increased; R cooldown 130/110/90 to 110/100/90.,https://www.leagueoflegends.com/en-us/news/game-updates/patch-12-16-notes/
2022,12.16,Patch 12.16 Notes,2022-08-26,Udyr,buff,2,0,1,"Hotfix: Q damage and on-hit up, E MS up and lockout lower; W shield/heal reduced.",https://www.leagueoflegends.com/en-us/news/game-updates/patch-12-16-notes/
2022,12.16,Patch 12.16 Notes,2022-08-30,Zeri,bugfix,0,0,1,Hotfix: R no longer grants MS stacks after ultimate ends.,https://www.leagueoflegends.com/en-us/news/game-updates/patch-12-16-notes/
2022,12.17,Patch 12.17 notes,2022-09-08,Ahri,nerf,1,1,0,E charm duration reduced at early ranks (1.4 to 1.2s at rank 1).,https://www.leagueoflegends.com/en-us/news/game-updates/patch-12-17-notes/
2022,12.17,Patch 12.17 notes,2022-09-08,Azir,nerf,2,1,0,W AP ratio 60 to 55% and early cooldown up; E cooldown increased.,https://www.leagueoflegends.com/en-us/news/game-updates/patch-12-17-notes/
2022,12.17,Patch 12.17 notes,2022-09-08,Camille,buff,2,0,0,Passive shield 17 to 20% max HP; E damage and bonus AD ratio increased.,https://www.leagueoflegends.com/en-us/news/game-updates/patch-12-17-notes/
2022,12.17,Patch 12.17 notes,2022-09-08,Draven,bugfix,0,0,0,R execute now properly blocked by spell shields.,https://www.leagueoflegends.com/en-us/news/game-updates/patch-12-17-notes/
2022,12.17,Patch 12.17 notes,2022-09-08,Ezreal,buff,1,1,0,E cooldown reduced 2s at all ranks.,https://www.leagueoflegends.com/en-us/news/game-updates/patch-12-17-notes/
2022,12.17,Patch 12.17 notes,2022-09-08,Fizz,bugfix,0,0,0,Passive/E range indicator restored after VFX update.,https://www.leagueoflegends.com/en-us/news/game-updates/patch-12-17-notes/
2022,12.17,Patch 12.17 notes,2022-09-08,Graves,buff,2,0,0,Q cooldown lower at higher ranks; R base damage +25.,https://www.leagueoflegends.com/en-us/news/game-updates/patch-12-17-notes/
2022,12.17,Patch 12.17 notes,2022-09-08,Hecarim,rework,0,1,0,"Bruiser-focused mini-rework: Q stacking buffed, W grants resists; base stats, E and R fear cut.",https://www.leagueoflegends.com/en-us/news/game-updates/patch-12-17-notes/
2022,12.17,Patch 12.17 notes,2022-09-08,Kassadin,buff,2,0,0,Q cooldown -1s and mana cost -10 at all ranks.,https://www.leagueoflegends.com/en-us/news/game-updates/patch-12-17-notes/
2022,12.17,Patch 12.17 notes,2022-09-08,Maokai,adjust,0,0,0,"Larger update: passive, Q, E, R reworked to boost top/jungle; E scales with bonus HP.",https://www.leagueoflegends.com/en-us/news/game-updates/patch-12-17-notes/
2022,12.17,Patch 12.17 notes,2022-09-08,Miss Fortune,adjust,0,0,0,"Q and W buffed for crit builds; E cooldown up, base damage down, AP scaling up.",https://www.leagueoflegends.com/en-us/news/game-updates/patch-12-17-notes/
2022,12.17,Patch 12.17 notes,2022-09-08,Nami,adjust,0,0,0,E hits no longer count separately toward Electrocute/Phase Rush.,https://www.leagueoflegends.com/en-us/news/game-updates/patch-12-17-notes/
2022,12.17,Patch 12.17 notes,2022-09-08,Nocturne,buff,2,0,0,Base attack speed ratio 0.668 to 0.721; passive cooldown 14 to 13s.,https://www.leagueoflegends.com/en-us/news/game-updates/patch-12-17-notes/
2022,12.17,Patch 12.17 notes,2022-09-08,Ornn,bugfix,0,0,0,Masterwork upgrade no longer lost if ally dies during channel.,https://www.leagueoflegends.com/en-us/news/game-updates/patch-12-17-notes/
2022,12.17,Patch 12.17 notes,2022-09-08,Pyke,bugfix,0,0,0,R no longer goes on cooldown when an ally kills the marked enemy.,https://www.leagueoflegends.com/en-us/news/game-updates/patch-12-17-notes/
2022,12.17,Patch 12.17 notes,2022-09-08,Rell,nerf,1,0,0,W dismounted MS 250 to 280; E cooldown now flat 13s.,https://www.leagueoflegends.com/en-us/news/game-updates/patch-12-17-notes/
2022,12.17,Patch 12.17 notes,2022-09-08,Renekton,nerf,2,0,0,"Q base damage reduced, bonus AD ratio increased.",https://www.leagueoflegends.com/en-us/news/game-updates/patch-12-17-notes/
2022,12.17,Patch 12.17 notes,2022-09-08,Sejuani,bugfix,0,0,0,Permafrost applied to allies no longer stacks Tear of the Goddess.,https://www.leagueoflegends.com/en-us/news/game-updates/patch-12-17-notes/
2022,12.17,Patch 12.17 notes,2022-09-08,Sett,buff,2,0,0,W bonus AD ratio up; E slow 50 to 70%; R Flash-disable bug fixed.,https://www.leagueoflegends.com/en-us/news/game-updates/patch-12-17-notes/
2022,12.17,Patch 12.17 notes,2022-09-08,Sivir,nerf,2,0,0,AD growth 3 to 2.8; W bounce AD ratio -5% at all ranks.,https://www.leagueoflegends.com/en-us/news/game-updates/patch-12-17-notes/
2022,12.17,Patch 12.17 notes,2022-09-08,Sylas,nerf,2,1,0,Base health 595 to 575; Q cooldown +1s at all ranks.,https://www.leagueoflegends.com/en-us/news/game-updates/patch-12-17-notes/
2022,12.17,Patch 12.17 notes,2022-09-08,Taric,nerf,2,0,0,Base MR 32 to 28; E cooldown +1s at all ranks.,https://www.leagueoflegends.com/en-us/news/game-updates/patch-12-17-notes/
2022,12.17,Patch 12.17 notes,2022-09-08,Trundle,nerf,2,0,0,W cooldown +3s at all ranks to slow jungle clear.,https://www.leagueoflegends.com/en-us/news/game-updates/patch-12-17-notes/
2022,12.17,Patch 12.17 notes,2022-09-08,Twisted Fate,buff,2,0,0,Q AP ratio 70 to 80%; W mana cost reduced.,https://www.leagueoflegends.com/en-us/news/game-updates/patch-12-17-notes/
2022,12.17,Patch 12.17 notes,2022-09-08,Wukong,nerf,2,1,0,Base attack speed 0.711 to 0.68; base MS 345 to 340.,https://www.leagueoflegends.com/en-us/news/game-updates/patch-12-17-notes/
2022,12.17,Patch 12.17 notes,2022-09-08,Zeri,bugfix,0,0,0,Q no longer leaves vision too long after killing minions.,https://www.leagueoflegends.com/en-us/news/game-updates/patch-12-17-notes/
2022,12.17,Patch 12.17 notes,2022-09-08,Miss Fortune,nerf,1,0,1,Hotfix: W bonus attack speed -10% at all ranks; W mana cost 35 to 45.,https://www.leagueoflegends.com/en-us/news/game-updates/patch-12-17-notes/
2022,12.17,Patch 12.17 notes,2022-09-12,Gragas,bugfix,0,0,1,Hotfix: E and R no longer keep targets airborne longer than intended.,https://www.leagueoflegends.com/en-us/news/game-updates/patch-12-17-notes/
2022,12.18,Patch 12.18 notes,2022-09-21,Akali,adjust,0,0,0,E now applies True Sight to enemies hit (listed as post-patch notes correction).,https://www.leagueoflegends.com/en-us/news/game-updates/patch-12-18-notes/
2022,12.18,Patch 12.18 notes,2022-09-21,Akshan,bugfix,0,0,0,E no longer deals damage while channeling R.,https://www.leagueoflegends.com/en-us/news/game-updates/patch-12-18-notes/
2022,12.18,Patch 12.18 notes,2022-09-21,Ashe,buff,2,0,0,Q bonus attack speed 20-40% to 25-55%.,https://www.leagueoflegends.com/en-us/news/game-updates/patch-12-18-notes/
2022,12.18,Patch 12.18 notes,2022-09-21,Hecarim,nerf,2,0,0,Base HP 650 to 625; Q bonus AD ratios reduced; W healing reduced.,https://www.leagueoflegends.com/en-us/news/game-updates/patch-12-18-notes/
2022,12.18,Patch 12.18 notes,2022-09-21,Jinx,adjust,0,0,0,Undocumented: W winddown time reduced from 1s to 0.,https://wiki.leagueoflegends.com/en-us/V12.18
2022,12.18,Patch 12.18 notes,2022-09-21,Kalista,nerf,1,1,0,Base health 604 to 574 to punish early overcommits in pro play.,https://www.leagueoflegends.com/en-us/news/game-updates/patch-12-18-notes/
2022,12.18,Patch 12.18 notes,2022-09-21,Kayn,nerf,1,0,0,Rhaast Q max-health ratio per 100% bonus AD 5% to 3.5%.,https://www.leagueoflegends.com/en-us/news/game-updates/patch-12-18-notes/
2022,12.18,Patch 12.18 notes,2022-09-21,Kennen,bugfix,0,0,0,E VFX no longer overrides Exhaust VFX.,https://www.leagueoflegends.com/en-us/news/game-updates/patch-12-18-notes/
2022,12.18,Patch 12.18 notes,2022-09-21,Lee Sin,buff,2,1,0,Health growth 99 to 105; W lifesteal/spell vamp increased; high-skill skewed buffs.,https://www.leagueoflegends.com/en-us/news/game-updates/patch-12-18-notes/
2022,12.18,Patch 12.18 notes,2022-09-21,Lulu,nerf,2,1,0,"W MS 30 to 25%, polymorph duration down, cooldown up; Pix reveal bug fixed.",https://www.leagueoflegends.com/en-us/news/game-updates/patch-12-18-notes/
2022,12.18,Patch 12.18 notes,2022-09-21,Maokai,adjust,0,0,0,"Passive heal down, Q monster damage up, E AP ratios down; Q pull and R width bugs fixed.",https://www.leagueoflegends.com/en-us/news/game-updates/patch-12-18-notes/
2022,12.18,Patch 12.18 notes,2022-09-21,Miss Fortune,nerf,2,0,0,AD growth 2.7 to 2.4; health growth 107 to 103.,https://www.leagueoflegends.com/en-us/news/game-updates/patch-12-18-notes/
2022,12.18,Patch 12.18 notes,2022-09-21,Nocturne,nerf,2,0,0,AD growth 3.1 to 2.6.,https://www.leagueoflegends.com/en-us/news/game-updates/patch-12-18-notes/
2022,12.18,Patch 12.18 notes,2022-09-21,Tahm Kench,bugfix,0,0,0,W knock-up can no longer be removed by Cleanse.,https://www.leagueoflegends.com/en-us/news/game-updates/patch-12-18-notes/
2022,12.18,Patch 12.18 notes,2022-09-21,Taliyah,bugfix,0,0,0,Q empowered boulder works after flashing onto Worked Ground.,https://www.leagueoflegends.com/en-us/news/game-updates/patch-12-18-notes/
2022,12.18,Patch 12.18 notes,2022-09-21,Thresh,buff,2,0,0,Health growth 115 to 120; E base damage increased.,https://www.leagueoflegends.com/en-us/news/game-updates/patch-12-18-notes/
2022,12.18,Patch 12.18 notes,2022-09-21,Udyr,adjust,0,0,0,HP and armor growth cut; Q buffed; W heal/shield and R damage reduced.,https://www.leagueoflegends.com/en-us/news/game-updates/patch-12-18-notes/
2022,12.18,Patch 12.18 notes,2022-09-21,Xerath,bugfix,0,0,0,R cursor range indicator restored.,https://www.leagueoflegends.com/en-us/news/game-updates/patch-12-18-notes/
2022,12.18,Patch 12.18 notes,2022-09-21,Zeri,bugfix,0,0,0,W no longer fails to fire through terrain and towers.,https://www.leagueoflegends.com/en-us/news/game-updates/patch-12-18-notes/
2023,13.14,Patch 13.14 notes,2023-07-19,Aatrox,adjust,0,1,0,Q first-cast AD ratios up at higher ranks; minion damage modifier scales with level.,https://www.leagueoflegends.com/en-us/news/game-updates/patch-13-14-notes/
2023,13.14,Patch 13.14 notes,2023-07-19,Aphelios,bugfix,0,0,0,Gravitum slow VFX rotation fixed.,https://www.leagueoflegends.com/en-us/news/game-updates/patch-13-14-notes/
2023,13.14,Patch 13.14 notes,2023-07-19,Bard,bugfix,0,0,0,Chimes now properly visible to enemies.,https://www.leagueoflegends.com/en-us/news/game-updates/patch-13-14-notes/
2023,13.14,Patch 13.14 notes,2023-07-19,Diana,buff,2,0,0,W shield and orb AP ratios up; E AP ratio 50 to 60%.,https://www.leagueoflegends.com/en-us/news/game-updates/patch-13-14-notes/
2023,13.14,Patch 13.14 notes,2023-07-19,Hecarim,nerf,2,0,0,W bonus armor/MR 15-35 to 5-25.,https://www.leagueoflegends.com/en-us/news/game-updates/patch-13-14-notes/
2023,13.14,Patch 13.14 notes,2023-07-19,Ivern,bugfix,0,0,0,W on-hit no longer procs on structures; VFX fixes.,https://www.leagueoflegends.com/en-us/news/game-updates/patch-13-14-notes/
2023,13.14,Patch 13.14 notes,2023-07-19,Jax,nerf,2,1,0,E cooldown +1s at all ranks; R mana cost 50 to 100.,https://www.leagueoflegends.com/en-us/news/game-updates/patch-13-14-notes/
2023,13.14,Patch 13.14 notes,2023-07-19,Jhin,bugfix,0,0,0,W root VFX fixed when target is displaced.,https://www.leagueoflegends.com/en-us/news/game-updates/patch-13-14-notes/
2023,13.14,Patch 13.14 notes,2023-07-19,Karthus,adjust,0,0,0,"Q base damage slightly lower, monster modifier 95 to 100%; E mana restore -5.",https://www.leagueoflegends.com/en-us/news/game-updates/patch-13-14-notes/
2023,13.14,Patch 13.14 notes,2023-07-19,Kindred,adjust,0,1,0,Base HP/armor up but Q damage -10 and cooldown 8 to 9s; re-mark bug fixed.,https://www.leagueoflegends.com/en-us/news/game-updates/patch-13-14-notes/
2023,13.14,Patch 13.14 notes,2023-07-19,Lissandra,buff,2,0,0,Q slows all enemies hit; R heal and AP ratio up; thrall and R QoL.,https://www.leagueoflegends.com/en-us/news/game-updates/patch-13-14-notes/
2023,13.14,Patch 13.14 notes,2023-07-19,Milio,nerf,2,1,0,Passive burn damage and E bonus MS reduced; W Guardian range bug fixed.,https://www.leagueoflegends.com/en-us/news/game-updates/patch-13-14-notes/
2023,13.14,Patch 13.14 notes,2023-07-19,Ornn,bugfix,0,0,0,Brittle attacks no longer interrupt Irelia W.,https://www.leagueoflegends.com/en-us/news/game-updates/patch-13-14-notes/
2023,13.14,Patch 13.14 notes,2023-07-19,Rek'Sai,nerf,2,0,0,W unburrow and E base damage reduced; R Sheen bug fixed.,https://www.leagueoflegends.com/en-us/news/game-updates/patch-13-14-notes/
2023,13.14,Patch 13.14 notes,2023-07-19,Rell,nerf,2,1,0,Base armor 39 to 36; passive armor/MR steal reduced.,https://www.leagueoflegends.com/en-us/news/game-updates/patch-13-14-notes/
2023,13.14,Patch 13.14 notes,2023-07-19,Rengar,nerf,2,1,0,HP regen 7 to 6; Q crit damage conversion 95 to 75%.,https://www.leagueoflegends.com/en-us/news/game-updates/patch-13-14-notes/
2023,13.14,Patch 13.14 notes,2023-07-19,Samira,bugfix,0,0,0,Q recast-on-cooldown bug and taunt style stack fixed.,https://www.leagueoflegends.com/en-us/news/game-updates/patch-13-14-notes/
2023,13.14,Patch 13.14 notes,2023-07-19,Shaco,buff,2,0,0,"Q bonus AD ratio 50 to 60%, backstab crit bonus 40 to 55%; clone/box bugs fixed.",https://www.leagueoflegends.com/en-us/news/game-updates/patch-13-14-notes/
2023,13.14,Patch 13.14 notes,2023-07-19,Shyvana,adjust,0,0,0,Q AD ratio up with added attack speed but longer cooldown; E scales with bonus AD.,https://www.leagueoflegends.com/en-us/news/game-updates/patch-13-14-notes/
2023,13.14,Patch 13.14 notes,2023-07-19,Sona,bugfix,0,0,0,W no longer grants Accelerando stack with Moonstone Renewer.,https://www.leagueoflegends.com/en-us/news/game-updates/patch-13-14-notes/
2023,13.14,Patch 13.14 notes,2023-07-19,Sylas,bugfix,0,0,0,E2 no longer launches in unintended direction.,https://www.leagueoflegends.com/en-us/news/game-updates/patch-13-14-notes/
2023,13.14,Patch 13.14 notes,2023-07-19,Teemo,bugfix,0,0,0,Passive stealth activation VFX fixed.,https://www.leagueoflegends.com/en-us/news/game-updates/patch-13-14-notes/
2023,13.14,Patch 13.14 notes,2023-07-19,Udyr,bugfix,0,0,0,First empowered E attack now triggers Hail of Blades.,https://www.leagueoflegends.com/en-us/news/game-updates/patch-13-14-notes/
2023,13.14,Patch 13.14 notes,2023-07-19,Volibear,buff,2,0,0,Passive AP ratio 40 to 50%; W missing-health heal up; Q attack hitch fixed.,https://www.leagueoflegends.com/en-us/news/game-updates/patch-13-14-notes/
2023,13.14,Patch 13.14 notes,2023-07-19,Xerath,adjust,0,0,0,"Base mana down, passive cooldown up but refunds on kills and procs on turrets; R more, weaker casts.",https://www.leagueoflegends.com/en-us/news/game-updates/patch-13-14-notes/
2023,13.14,Patch 13.14 notes,2023-07-19,Yasuo,bugfix,0,0,0,Rageknife no longer disables passive crit conversion.,https://www.leagueoflegends.com/en-us/news/game-updates/patch-13-14-notes/
2023,13.14,Patch 13.14 notes,2023-07-19,Yone,bugfix,0,0,0,Rageknife no longer disables passive crit conversion.,https://www.leagueoflegends.com/en-us/news/game-updates/patch-13-14-notes/
2023,13.14,Patch 13.14 notes,2023-07-19,Yorick,bugfix,0,0,0,Ghoul leap attacks and Maiden attacks no longer apply lifesteal.,https://www.leagueoflegends.com/en-us/news/game-updates/patch-13-14-notes/
2023,13.14,Patch 13.14 notes,2023-07-19,Zeri,bugfix,0,0,0,Q now deals correct damage to Shaco boxes.,https://www.leagueoflegends.com/en-us/news/game-updates/patch-13-14-notes/
2023,13.14,Patch 13.14 notes,2023-07-19,Zyra,adjust,0,0,0,"QoL: plant damage rules, jungle plant damage, 2 seeds at W rank 1, E-Flash and R fixes.",https://www.leagueoflegends.com/en-us/news/game-updates/patch-13-14-notes/
2023,13.14,Patch 13.14 notes,2023-07-21,Naafiri,nerf,3,0,1,"Hotfix: MS 340 to 335; Q bleed, E damage and R bonus AD reduced.",https://www.leagueoflegends.com/en-us/news/game-updates/patch-13-14-notes/
2023,13.15,Patch 13.15 notes,2023-08-02,Aatrox,nerf,1,0,0,Q AD ratio trimmed at higher ranks (100% to 90% at rank 5).,https://www.leagueoflegends.com/en-us/news/game-updates/patch-13-15-notes/
2023,13.15,Patch 13.15 notes,2023-08-02,Akshan,bugfix,0,0,0,Passive second shot now triggers against Voidlings and Mist Walkers.,https://www.leagueoflegends.com/en-us/news/game-updates/patch-13-15-notes/
2023,13.15,Patch 13.15 notes,2023-08-02,Annie,adjust,0,0,0,Tibbers durability rescaled by level (~5-10% lower) as Smite no longer shreds pets.,https://www.leagueoflegends.com/en-us/news/game-updates/patch-13-15-notes/
2023,13.15,Patch 13.15 notes,2023-08-02,Aurelion Sol,bugfix,0,0,0,R cooldown indicator updates after upgraded cast.,https://www.leagueoflegends.com/en-us/news/game-updates/patch-13-15-notes/
2023,13.15,Patch 13.15 notes,2023-08-02,Caitlyn,buff,2,0,0,Passive crit coefficient 1.2 to 1.3; R bonus damage per crit chance increased.,https://www.leagueoflegends.com/en-us/news/game-updates/patch-13-15-notes/
2023,13.15,Patch 13.15 notes,2023-08-02,Camille,buff,2,1,0,AD growth 3.5 to 3.8; R on-hit magic damage 5/10/15 to 20/30/40.,https://www.leagueoflegends.com/en-us/news/game-updates/patch-13-15-notes/
2023,13.15,Patch 13.15 notes,2023-08-02,Evelynn,bugfix,0,0,0,VFX issue after exiting stealth fixed.,https://www.leagueoflegends.com/en-us/news/game-updates/patch-13-15-notes/
2023,13.15,Patch 13.15 notes,2023-08-02,Gwen,buff,2,0,0,Health regen 8.5 to 9; W bonus armor/MR +5 at all ranks.,https://www.leagueoflegends.com/en-us/news/game-updates/patch-13-15-notes/
2023,13.15,Patch 13.15 notes,2023-08-02,Heimerdinger,adjust,0,0,0,"R turret durability rescaled with less AP scaling, alongside Smite pet change.",https://www.leagueoflegends.com/en-us/news/game-updates/patch-13-15-notes/
2023,13.15,Patch 13.15 notes,2023-08-02,Ivern,adjust,0,0,0,"MR cut; Daisy duration, durability and AP ratio down; W ally on-hit and E base shield up.",https://www.leagueoflegends.com/en-us/news/game-updates/patch-13-15-notes/
2023,13.15,Patch 13.15 notes,2023-08-02,Kai'Sa,nerf,2,0,0,Base HP 670 to 640; Q AP ratio 30 to 20%; evolved W refund 77 to 75%.,https://www.leagueoflegends.com/en-us/news/game-updates/patch-13-15-notes/
2023,13.15,Patch 13.15 notes,2023-08-02,Kassadin,buff,2,0,0,Undocumented: R AP ratio 40% to 60% (acknowledged as accidental in 13.18 notes).,https://wiki.leagueoflegends.com/en-us/V13.15
2023,13.15,Patch 13.15 notes,2023-08-02,Katarina,bugfix,0,0,0,E now properly breaks Duskblade stealth.,https://www.leagueoflegends.com/en-us/news/game-updates/patch-13-15-notes/
2023,13.15,Patch 13.15 notes,2023-08-02,Maokai,nerf,1,1,0,Q bonus monster damage -20 at all ranks to slow pro jungle clear.,https://www.leagueoflegends.com/en-us/news/game-updates/patch-13-15-notes/
2023,13.15,Patch 13.15 notes,2023-08-02,Naafiri,bugfix,0,0,0,"Several W, packmate and animation bugs fixed.",https://www.leagueoflegends.com/en-us/news/game-updates/patch-13-15-notes/
2023,13.15,Patch 13.15 notes,2023-08-02,Nami,buff,2,0,0,Passive MS 90 to 100 (+25% AP); Q base damage +15.,https://www.leagueoflegends.com/en-us/news/game-updates/patch-13-15-notes/
2023,13.15,Patch 13.15 notes,2023-08-02,Nocturne,bugfix,0,0,0,R nearsight no longer applies to Neeko disguised as a minion.,https://www.leagueoflegends.com/en-us/news/game-updates/patch-13-15-notes/
2023,13.15,Patch 13.15 notes,2023-08-02,Rell,adjust,0,0,0,"QoL: consistent passive order, Q-Flash direction, faster W2; W2 epic monster damage fixed.",https://www.leagueoflegends.com/en-us/news/game-updates/patch-13-15-notes/
2023,13.15,Patch 13.15 notes,2023-08-02,Rengar,bugfix,0,0,0,R on-screen warning effects for enemies restored.,https://www.leagueoflegends.com/en-us/news/game-updates/patch-13-15-notes/
2023,13.15,Patch 13.15 notes,2023-08-02,Ryze,bugfix,0,0,0,E and R VFX overlays display correctly.,https://www.leagueoflegends.com/en-us/news/game-updates/patch-13-15-notes/
2023,13.15,Patch 13.15 notes,2023-08-02,Sejuani,nerf,2,1,0,W first and second hit base damage -10 at all ranks.,https://www.leagueoflegends.com/en-us/news/game-updates/patch-13-15-notes/
2023,13.15,Patch 13.15 notes,2023-08-02,Shaco,bugfix,0,0,0,R clone no longer copies Q walking animation.,https://www.leagueoflegends.com/en-us/news/game-updates/patch-13-15-notes/
2023,13.15,Patch 13.15 notes,2023-08-02,Shyvana,nerf,2,0,0,AD growth 3.4 to 3; health growth 109 to 104.,https://www.leagueoflegends.com/en-us/news/game-updates/patch-13-15-notes/
2023,13.15,Patch 13.15 notes,2023-08-02,Singed,bugfix,0,0,0,Q poison trail now damages Baron.,https://www.leagueoflegends.com/en-us/news/game-updates/patch-13-15-notes/
2023,13.15,Patch 13.15 notes,2023-08-02,Taliyah,buff,2,0,0,Q base damage +5; E cooldown lower early; E monster damage 150 to 175%.,https://www.leagueoflegends.com/en-us/news/game-updates/patch-13-15-notes/
2023,13.15,Patch 13.15 notes,2023-08-02,Vayne,bugfix,0,0,0,Q during R grants invisibility immediately.,https://www.leagueoflegends.com/en-us/news/game-updates/patch-13-15-notes/
2023,13.15,Patch 13.15 notes,2023-08-02,Xerath,bugfix,0,0,0,R stacking damage buff applies correctly to final recast.,https://www.leagueoflegends.com/en-us/news/game-updates/patch-13-15-notes/
2023,13.15,Patch 13.15 notes,2023-08-02,Yasuo,adjust,0,0,0,Passive shield now scales like base stats: 30-50% larger mid-game.,https://www.leagueoflegends.com/en-us/news/game-updates/patch-13-15-notes/
2023,13.15,Patch 13.15 notes,2023-08-02,Yone,buff,1,0,0,W shield base 45-65 to 60-80.,https://www.leagueoflegends.com/en-us/news/game-updates/patch-13-15-notes/
2023,13.15,Patch 13.15 notes,2023-08-02,Yorick,nerf,1,0,0,Maiden durability rescaled by level; gains armor/MR and regen; health ratio down.,https://www.leagueoflegends.com/en-us/news/game-updates/patch-13-15-notes/
2023,13.15,Patch 13.15 notes,2023-08-02,Bard,bugfix,0,0,1,Hotfix: W shrine now heals allies (Arena-only changes excluded).,https://www.leagueoflegends.com/en-us/news/game-updates/patch-13-15-notes/
2023,13.15,Patch 13.15 notes,2023-08-03,Bard,bugfix,0,0,1,Hotfix: W shrine no longer heals only the minimum or maximum amount.,https://www.leagueoflegends.com/en-us/news/game-updates/patch-13-15-notes/
2023,13.15,Patch 13.15 notes,2023-08-03,Bel'Veth,bugfix,0,0,1,Hotfix: Q directional indicators restored.,https://www.leagueoflegends.com/en-us/news/game-updates/patch-13-15-notes/
2023,13.16,Patch 13.16 notes,2023-08-16,Akali,buff,2,0,0,Q energy cost reduced early; Q base damage +5.,https://www.leagueoflegends.com/en-us/news/game-updates/patch-13-16-notes/
2023,13.16,Patch 13.16 notes,2023-08-16,Brand,buff,2,0,0,Passive mana restore up; Q and E AP ratios +10%.,https://www.leagueoflegends.com/en-us/news/game-updates/patch-13-16-notes/
2023,13.16,Patch 13.16 notes,2023-08-16,Caitlyn,buff,2,0,0,Attacks per Headshot 7 to 6.,https://www.leagueoflegends.com/en-us/news/game-updates/patch-13-16-notes/
2023,13.16,Patch 13.16 notes,2023-08-16,Dr. Mundo,bugfix,0,0,0,Q missile visuals now match hitbox.,https://www.leagueoflegends.com/en-us/news/game-updates/patch-13-16-notes/
2023,13.16,Patch 13.16 notes,2023-08-16,Ekko,buff,2,0,0,Q damage and early slow up; W base shield +30.,https://www.leagueoflegends.com/en-us/news/game-updates/patch-13-16-notes/
2023,13.16,Patch 13.16 notes,2023-08-16,Karma,buff,2,0,0,Q and Mantra Q AP ratios +10%; R cooldown lower at higher ranks.,https://www.leagueoflegends.com/en-us/news/game-updates/patch-13-16-notes/
2023,13.16,Patch 13.16 notes,2023-08-16,Kindred,bugfix,0,0,0,E VFX renders above impassable terrain.,https://www.leagueoflegends.com/en-us/news/game-updates/patch-13-16-notes/
2023,13.16,Patch 13.16 notes,2023-08-16,Lucian,buff,1,0,0,Passive on-hit magic damage base 10 to 15.,https://www.leagueoflegends.com/en-us/news/game-updates/patch-13-16-notes/
2023,13.16,Patch 13.16 notes,2023-08-16,Lulu,buff,2,0,0,Health growth 88 to 92; Q and E AP ratios 40 to 50%; aimed at solo queue.,https://www.leagueoflegends.com/en-us/news/game-updates/patch-13-16-notes/
2023,13.16,Patch 13.16 notes,2023-08-16,Malzahar,nerf,1,0,0,E tick rate 0.5 to 0.25s; minion execute threshold lowered (last-hit QoL).,https://www.leagueoflegends.com/en-us/news/game-updates/patch-13-16-notes/
2023,13.16,Patch 13.16 notes,2023-08-16,Milio,buff,2,0,0,Q damage and AP ratio up; E shield up; less pro-skewed buffs.,https://www.leagueoflegends.com/en-us/news/game-updates/patch-13-16-notes/
2023,13.16,Patch 13.16 notes,2023-08-16,Naafiri,nerf,2,0,0,"Base armor, AD and attack speed reduced; packmate bugs fixed.",https://www.leagueoflegends.com/en-us/news/game-updates/patch-13-16-notes/
2023,13.16,Patch 13.16 notes,2023-08-16,Nidalee,adjust,0,0,0,Cougar E gains 40% bonus AD ratio.,https://www.leagueoflegends.com/en-us/news/game-updates/patch-13-16-notes/
2023,13.16,Patch 13.16 notes,2023-08-16,Nunu & Willump,bugfix,0,0,0,R snowball no longer checks collision at a stale location.,https://www.leagueoflegends.com/en-us/news/game-updates/patch-13-16-notes/
2023,13.16,Patch 13.16 notes,2023-08-16,Rek'Sai,adjust,0,1,0,Q bonus damage converted to 34-50% total AD: nerf until level 13.,https://www.leagueoflegends.com/en-us/news/game-updates/patch-13-16-notes/
2023,13.16,Patch 13.16 notes,2023-08-16,Ryze,bugfix,0,0,0,R now teleports minions to correct positions.,https://www.leagueoflegends.com/en-us/news/game-updates/patch-13-16-notes/
2023,13.16,Patch 13.16 notes,2023-08-16,Shaco,nerf,2,0,0,Base mana regen 7.15 to 6; W mana cost 70 at all ranks.,https://www.leagueoflegends.com/en-us/news/game-updates/patch-13-16-notes/
2023,13.16,Patch 13.16 notes,2023-08-16,Shyvana,nerf,2,0,0,W damage per second and on-hit damage and AD ratios reduced.,https://www.leagueoflegends.com/en-us/news/game-updates/patch-13-16-notes/
2023,13.16,Patch 13.16 notes,2023-08-16,Sylas,buff,1,0,0,Base mana 310 to 400.,https://www.leagueoflegends.com/en-us/news/game-updates/patch-13-16-notes/
2023,13.16,Patch 13.16 notes,2023-08-16,Syndra,bugfix,0,0,0,Orb VFX visible regardless of graphics settings.,https://www.leagueoflegends.com/en-us/news/game-updates/patch-13-16-notes/
2023,13.16,Patch 13.16 notes,2023-08-16,Taliyah,bugfix,0,0,0,Q Worked Ground VFX indicator restored.,https://www.leagueoflegends.com/en-us/news/game-updates/patch-13-16-notes/
2023,13.16,Patch 13.16 notes,2023-08-16,Tristana,adjust,0,1,0,Base armor/growth up; base HP and MR down to weaken mid lane vs mages.,https://www.leagueoflegends.com/en-us/news/game-updates/patch-13-16-notes/
2023,13.16,Patch 13.16 notes,2023-08-16,Wukong,buff,2,0,0,Mana regen growth up; Q and W mana costs reduced.,https://www.leagueoflegends.com/en-us/news/game-updates/patch-13-16-notes/
2023,13.17,Patch 13.17 notes,2023-08-30,Aatrox,adjust,0,0,0,Passive and W now deal magic damage to push durable builds.,https://www.leagueoflegends.com/en-us/news/game-updates/patch-13-17-notes/
2023,13.17,Patch 13.17 notes,2023-08-30,Akshan,adjust,0,0,0,Health and armor growth up; AD growth 3.5 to 3.,https://www.leagueoflegends.com/en-us/news/game-updates/patch-13-17-notes/
2023,13.17,Patch 13.17 notes,2023-08-30,Blitzcrank,adjust,0,0,0,"Jungle changes reverted: more HP/MR and E damage; AS, W AS and non-champion E bonus cut.",https://www.leagueoflegends.com/en-us/news/game-updates/patch-13-17-notes/
2023,13.17,Patch 13.17 notes,2023-08-30,Camille,bugfix,0,0,0,Passive shield color no longer reveals disguised Neeko.,https://www.leagueoflegends.com/en-us/news/game-updates/patch-13-17-notes/
2023,13.17,Patch 13.17 notes,2023-08-30,Draven,bugfix,0,0,0,R sound effects corrected.,https://www.leagueoflegends.com/en-us/news/game-updates/patch-13-17-notes/
2023,13.17,Patch 13.17 notes,2023-08-30,Elise,buff,2,0,0,Passive damage and healing up; E stun duration longer at higher ranks.,https://www.leagueoflegends.com/en-us/news/game-updates/patch-13-17-notes/
2023,13.17,Patch 13.17 notes,2023-08-30,Gnar,buff,2,1,0,Mega Q and Mega W base damage +20.,https://www.leagueoflegends.com/en-us/news/game-updates/patch-13-17-notes/
2023,13.17,Patch 13.17 notes,2023-08-30,Hecarim,adjust,0,0,0,Mana stats and Q/W costs improved; W omnivamp 25%+AD scaling to 20% flat.,https://www.leagueoflegends.com/en-us/news/game-updates/patch-13-17-notes/
2023,13.17,Patch 13.17 notes,2023-08-30,Kayn,nerf,2,1,0,W damage and bonus AD ratio 130 to 110%; full heal on transform.,https://www.leagueoflegends.com/en-us/news/game-updates/patch-13-17-notes/
2023,13.17,Patch 13.17 notes,2023-08-30,Kha'Zix,nerf,1,0,0,Q bonus AD ratio 115 to 110%.,https://www.leagueoflegends.com/en-us/news/game-updates/patch-13-17-notes/
2023,13.17,Patch 13.17 notes,2023-08-30,Kindred,nerf,2,1,0,E slow 50 to 30%; missing-health damage 8 to 5%.,https://www.leagueoflegends.com/en-us/news/game-updates/patch-13-17-notes/
2023,13.17,Patch 13.17 notes,2023-08-30,Lissandra,bugfix,0,0,0,Q cast no longer cancelled by crowd control.,https://www.leagueoflegends.com/en-us/news/game-updates/patch-13-17-notes/
2023,13.17,Patch 13.17 notes,2023-08-30,Lucian,bugfix,0,0,0,Font of Life now triggers passive.,https://www.leagueoflegends.com/en-us/news/game-updates/patch-13-17-notes/
2023,13.17,Patch 13.17 notes,2023-08-30,Lux,adjust,0,0,0,"Passive damage up, Q cooldown scales with rank; mana regen and E base damage down.",https://www.leagueoflegends.com/en-us/news/game-updates/patch-13-17-notes/
2023,13.17,Patch 13.17 notes,2023-08-30,Naafiri,adjust,0,0,0,"Base HP down, passive cooldown up, packmates take bonus melee damage; Q2 and E damage down.",https://www.leagueoflegends.com/en-us/news/game-updates/patch-13-17-notes/
2023,13.17,Patch 13.17 notes,2023-08-30,Orianna,buff,2,0,0,Health growth 105 to 110; W base damage +10 to +30.,https://www.leagueoflegends.com/en-us/news/game-updates/patch-13-17-notes/
2023,13.17,Patch 13.17 notes,2023-08-30,Quinn,adjust,0,0,0,Health growth 99 to 107; Q and E base damage reduced.,https://www.leagueoflegends.com/en-us/news/game-updates/patch-13-17-notes/
2023,13.17,Patch 13.17 notes,2023-08-30,Samira,buff,1,0,0,Base health 600 to 630.,https://www.leagueoflegends.com/en-us/news/game-updates/patch-13-17-notes/
2023,13.17,Patch 13.17 notes,2023-08-30,Sett,bugfix,0,0,0,R suppression removed if knock-up is blocked by spell shield.,https://www.leagueoflegends.com/en-us/news/game-updates/patch-13-17-notes/
2023,13.17,Patch 13.17 notes,2023-08-30,Sylas,buff,1,0,0,E Abduct crowd control duration corrected.,https://www.leagueoflegends.com/en-us/news/game-updates/patch-13-17-notes/
2023,13.17,Patch 13.17 notes,2023-08-30,Taliyah,bugfix,0,0,0,R animation no longer plays slower than intended.,https://www.leagueoflegends.com/en-us/news/game-updates/patch-13-17-notes/
2023,13.17,Patch 13.17 notes,2023-08-30,Tryndamere,adjust,0,0,0,Attack range 125 to 175; base AD 72 to 68.,https://www.leagueoflegends.com/en-us/news/game-updates/patch-13-17-notes/
2023,13.17,Patch 13.17 notes,2023-08-30,Twisted Fate,buff,1,1,0,Q AP ratio 80 to 90%; R eye VFX duration fixed.,https://www.leagueoflegends.com/en-us/news/game-updates/patch-13-17-notes/
2023,13.17,Patch 13.17 notes,2023-08-30,Vex,buff,2,0,0,Q base damage +10; W cooldown lower at early ranks.,https://www.leagueoflegends.com/en-us/news/game-updates/patch-13-17-notes/
2023,13.17,Patch 13.17 notes,2023-08-30,Vi,adjust,0,1,0,"Passive shield, W CDR and E cooldown buffed; R damage cut, aimed at pro play.",https://www.leagueoflegends.com/en-us/news/game-updates/patch-13-17-notes/
2023,13.17,Patch 13.17 notes,2023-08-30,Xerath,nerf,1,0,0,Base mana regen 8 to 6.85; W mana cost +10; passive refund 2 to 2.5s.,https://www.leagueoflegends.com/en-us/news/game-updates/patch-13-17-notes/
2023,13.17,Patch 13.17 notes,2023-08-30,Xin Zhao,buff,1,0,0,Passive heal now scales with max health instead of AD.,https://www.leagueoflegends.com/en-us/news/game-updates/patch-13-17-notes/
2023,13.17,Patch 13.17 notes,2023-08-30,Zoe,buff,1,0,0,Base health regen 6.5 to 7.5; E MR shred 30% at all ranks.,https://www.leagueoflegends.com/en-us/news/game-updates/patch-13-17-notes/
2023,13.18,Patch 13.18 notes,2023-09-13,Bard,adjust,0,0,0,"Passive chime stacks/duration up; W stores 2 charges, faster full heal, MS scales with AP.",https://www.leagueoflegends.com/en-us/news/game-updates/patch-13-18-notes/
2023,13.18,Patch 13.18 notes,2023-09-13,Ezreal,bugfix,0,0,0,W mark now triggers correctly against dodging targets.,https://www.leagueoflegends.com/en-us/news/game-updates/patch-13-18-notes/
2023,13.18,Patch 13.18 notes,2023-09-13,Gwen,buff,2,0,0,Health growth 109 to 115; passive monster damage 6(+10% AP) to 10(+15% AP).,https://www.leagueoflegends.com/en-us/news/game-updates/patch-13-18-notes/
2023,13.18,Patch 13.18 notes,2023-09-13,Irelia,buff,1,1,0,R cooldown -15s at all ranks.,https://www.leagueoflegends.com/en-us/news/game-updates/patch-13-18-notes/
2023,13.18,Patch 13.18 notes,2023-09-13,Ivern,bugfix,0,0,0,Dragons no longer ignore Ivern damage (wiki: hotfixed during 13.17).,https://www.leagueoflegends.com/en-us/news/game-updates/patch-13-18-notes/
2023,13.18,Patch 13.18 notes,2023-09-13,Jarvan IV,adjust,0,0,0,Passive 8% to 6% current health; R terrain respects displacement immunity.,https://www.leagueoflegends.com/en-us/news/game-updates/patch-13-18-notes/
2023,13.18,Patch 13.18 notes,2023-09-13,K'Sante,bugfix,0,0,0,R now correctly converts percent bonus resists into AD.,https://www.leagueoflegends.com/en-us/news/game-updates/patch-13-18-notes/
2023,13.18,Patch 13.18 notes,2023-09-13,Kassadin,adjust,0,0,0,Notes formally confirm accidental 13.15 R AP ratio 40 to 60%; no new in-game change.,https://www.leagueoflegends.com/en-us/news/game-updates/patch-13-18-notes/
2023,13.18,Patch 13.18 notes,2023-09-13,Kayn,nerf,2,0,0,Darkin passive heal flattened to 25%; Darkin R bonus AD ratio 13 to 10%.,https://www.leagueoflegends.com/en-us/news/game-updates/patch-13-18-notes/
2023,13.18,Patch 13.18 notes,2023-09-13,Kennen,buff,2,0,0,E energy cost 80 at all ranks; R cooldown 120/100/80s.,https://www.leagueoflegends.com/en-us/news/game-updates/patch-13-18-notes/
2023,13.18,Patch 13.18 notes,2023-09-13,Kog'Maw,bugfix,0,0,0,Passive corpse no longer shows max attack speed.,https://www.leagueoflegends.com/en-us/news/game-updates/patch-13-18-notes/
2023,13.18,Patch 13.18 notes,2023-09-13,Lucian,bugfix,0,0,0,R now triggers W movement speed bonus.,https://www.leagueoflegends.com/en-us/news/game-updates/patch-13-18-notes/
2023,13.18,Patch 13.18 notes,2023-09-13,Neeko,bugfix,0,0,0,KDA no longer changes based on disguise.,https://www.leagueoflegends.com/en-us/news/game-updates/patch-13-18-notes/
2023,13.18,Patch 13.18 notes,2023-09-13,Orianna,bugfix,0,0,0,Basic attacks no longer cancel when ball returns.,https://www.leagueoflegends.com/en-us/news/game-updates/patch-13-18-notes/
2023,13.18,Patch 13.18 notes,2023-09-13,Rell,nerf,2,1,0,E bonus MS 15-25% to 12-20% (doubled toward enemies).,https://www.leagueoflegends.com/en-us/news/game-updates/patch-13-18-notes/
2023,13.18,Patch 13.18 notes,2023-09-13,Senna,adjust,0,0,0,Passive crit damage penalty removed; W AoE snare applies Mist.,https://www.leagueoflegends.com/en-us/news/game-updates/patch-13-18-notes/
2023,13.18,Patch 13.18 notes,2023-09-13,Thresh,buff,1,0,0,W shield per soul 1.5 to 2.,https://www.leagueoflegends.com/en-us/news/game-updates/patch-13-18-notes/
2023,13.18,Patch 13.18 notes,2023-09-13,Tryndamere,nerf,2,0,0,Health growth 115 to 108; base AD 68 to 66.,https://www.leagueoflegends.com/en-us/news/game-updates/patch-13-18-notes/
2023,13.18,Patch 13.18 notes,2023-09-13,Udyr,bugfix,0,0,0,E on-target cooldown now applies when attack is spell-shielded.,https://www.leagueoflegends.com/en-us/news/game-updates/patch-13-18-notes/
2023,13.18,Patch 13.18 notes,2023-09-13,Xayah,adjust,0,1,0,Base HP 660 to 630 (growth up); E cooldown higher early.,https://www.leagueoflegends.com/en-us/news/game-updates/patch-13-18-notes/
2023,13.18,Patch 13.18 notes,2023-09-13,Zoe,bugfix,0,0,0,Goredrinker/Stridebreaker actives now drop spell shards.,https://www.leagueoflegends.com/en-us/news/game-updates/patch-13-18-notes/
2023,13.18,Patch 13.18 notes,2023-09-14,Bard,bugfix,0,0,1,Hotfix: W no longer consumes a charge when cancelled out of range.,https://www.leagueoflegends.com/en-us/news/game-updates/patch-13-18-notes/
2023,13.18,Patch 13.18 notes,2023-09-14,Briar,buff,2,0,1,"Hotfix: base HP 590 to 610; E damage reduction 35 to 40%, cooldown 18 to 16s.",https://www.leagueoflegends.com/en-us/news/game-updates/patch-13-18-notes/
2023,13.19,Patch 13.19 Notes,2023-09-27,Ahri,bugfix,0,0,0,Q return missile tracks correctly in fog of war.,https://www.leagueoflegends.com/en-us/news/game-updates/patch-13-19-notes/
2023,13.19,Patch 13.19 Notes,2023-09-27,Azir,nerf,1,1,0,Q cooldown higher at early ranks (12 to 14s at rank 1).,https://www.leagueoflegends.com/en-us/news/game-updates/patch-13-19-notes/
2023,13.19,Patch 13.19 Notes,2023-09-27,Bard,bugfix,0,0,0,R stasis now stops dragons moving.,https://www.leagueoflegends.com/en-us/news/game-updates/patch-13-19-notes/
2023,13.19,Patch 13.19 Notes,2023-09-27,Briar,nerf,2,0,0,AS growth down; W healing and monster damage reduced; QoL and bug fixes.,https://www.leagueoflegends.com/en-us/news/game-updates/patch-13-19-notes/
2023,13.19,Patch 13.19 Notes,2023-09-27,Evelynn,bugfix,0,0,0,Q SFX now plays when hitting at max range.,https://www.leagueoflegends.com/en-us/news/game-updates/patch-13-19-notes/
2023,13.19,Patch 13.19 Notes,2023-09-27,Galio,adjust,0,0,0,R cooldown -20s at all ranks.,https://www.leagueoflegends.com/en-us/news/game-updates/patch-13-19-notes/
2023,13.19,Patch 13.19 Notes,2023-09-27,Gangplank,buff,2,0,0,R cooldown -10s; Death's Daughter slow and Raise Morale MS increased.,https://www.leagueoflegends.com/en-us/news/game-updates/patch-13-19-notes/
2023,13.19,Patch 13.19 Notes,2023-09-27,Ivern,bugfix,0,0,0,E second shield works with Moonstone Renewer.,https://www.leagueoflegends.com/en-us/news/game-updates/patch-13-19-notes/
2023,13.19,Patch 13.19 Notes,2023-09-27,Jax,bugfix,0,0,0,E and R VFX no longer visible from fog of war.,https://www.leagueoflegends.com/en-us/news/game-updates/patch-13-19-notes/
2023,13.19,Patch 13.19 Notes,2023-09-27,Jhin,buff,2,1,0,R minimum damage 50/125/200 to 64/154/244.,https://www.leagueoflegends.com/en-us/news/game-updates/patch-13-19-notes/
2023,13.19,Patch 13.19 Notes,2023-09-27,K'Sante,bugfix,0,0,0,R no longer locks camera when target becomes invalid.,https://www.leagueoflegends.com/en-us/news/game-updates/patch-13-19-notes/
2023,13.19,Patch 13.19 Notes,2023-09-27,Karthus,bugfix,0,0,0,Passive no longer damages allies when killed by berserk Briar.,https://www.leagueoflegends.com/en-us/news/game-updates/patch-13-19-notes/
2023,13.19,Patch 13.19 Notes,2023-09-27,LeBlanc,adjust,0,0,0,"AD, mana growth and AS ratio cut vs AD builds; W and E AP ratios up.",https://www.leagueoflegends.com/en-us/news/game-updates/patch-13-19-notes/
2023,13.19,Patch 13.19 Notes,2023-09-27,Lee Sin,adjust,0,1,0,Base armor 34 to 36; W lifesteal higher early; E damage reduced.,https://www.leagueoflegends.com/en-us/news/game-updates/patch-13-19-notes/
2023,13.19,Patch 13.19 Notes,2023-09-27,Lissandra,buff,1,1,0,W root duration +0.15s at all ranks.,https://www.leagueoflegends.com/en-us/news/game-updates/patch-13-19-notes/
2023,13.19,Patch 13.19 Notes,2023-09-27,Malzahar,bugfix,0,0,0,E now spreads when cast on a dying minion.,https://www.leagueoflegends.com/en-us/news/game-updates/patch-13-19-notes/
2023,13.19,Patch 13.19 Notes,2023-09-27,Naafiri,bugfix,0,0,0,Packmates respect crowd control; self-cast shield targeting fixed.,https://www.leagueoflegends.com/en-us/news/game-updates/patch-13-19-notes/
2023,13.19,Patch 13.19 Notes,2023-09-27,Neeko,bugfix,0,0,0,R VFX no longer visible from fog of war.,https://www.leagueoflegends.com/en-us/news/game-updates/patch-13-19-notes/
2023,13.19,Patch 13.19 Notes,2023-09-27,Nunu & Willump,buff,1,0,0,E AP ratio per snowball 10 to 15% (AP build).,https://www.leagueoflegends.com/en-us/news/game-updates/patch-13-19-notes/
2023,13.19,Patch 13.19 Notes,2023-09-27,Orianna,bugfix,0,0,0,R no longer castable beyond intended range.,https://www.leagueoflegends.com/en-us/news/game-updates/patch-13-19-notes/
2023,13.19,Patch 13.19 Notes,2023-09-27,Ornn,bugfix,0,0,0,Bonus stats granted correctly for extra Masterwork upgrades.,https://www.leagueoflegends.com/en-us/news/game-updates/patch-13-19-notes/
2023,13.19,Patch 13.19 Notes,2023-09-27,Pyke,buff,2,0,0,Health growth 104 to 110; W cooldown lower at higher ranks.,https://www.leagueoflegends.com/en-us/news/game-updates/patch-13-19-notes/
2023,13.19,Patch 13.19 Notes,2023-09-27,Rek'Sai,adjust,0,1,0,"Passive heal, Q ratio and burrow MS reduced; unburrow damage increased.",https://www.leagueoflegends.com/en-us/news/game-updates/patch-13-19-notes/
2023,13.19,Patch 13.19 Notes,2023-09-27,Renekton,nerf,1,1,0,Base MR 32 to 28.,https://www.leagueoflegends.com/en-us/news/game-updates/patch-13-19-notes/
2023,13.19,Patch 13.19 Notes,2023-09-27,Syndra,buff,1,0,0,Q base damage +5 at all ranks.,https://www.leagueoflegends.com/en-us/news/game-updates/patch-13-19-notes/
2023,13.19,Patch 13.19 Notes,2023-09-27,Twitch,adjust,0,0,0,R missile speed 4000 to 5000.,https://www.leagueoflegends.com/en-us/news/game-updates/patch-13-19-notes/
2023,13.19,Patch 13.19 Notes,2023-09-27,Viego,bugfix,0,0,0,Possession now works while berserked.,https://www.leagueoflegends.com/en-us/news/game-updates/patch-13-19-notes/
2023,13.19,Patch 13.19 Notes,2023-09-27,Yone,bugfix,0,0,0,R displacement immunity now resists Bard R stasis.,https://www.leagueoflegends.com/en-us/news/game-updates/patch-13-19-notes/
2023,13.19,Patch 13.19 Notes,2023-09-27,Zeri,nerf,1,1,0,Base MS 335 to 330.,https://www.leagueoflegends.com/en-us/news/game-updates/patch-13-19-notes/
2024,14.16,Patch 14.16 Notes,2024-08-14,Alistar,bugfix,0,0,0,W Headbutt no longer grants passive stacks against CC-immune targets,https://www.leagueoflegends.com/en-us/news/game-updates/patch-14-16-notes/
2024,14.16,Patch 14.16 Notes,2024-08-14,Aurora,bugfix,0,0,0,"Bugfixes: Q rune stacks around E, passive duration refresh, R dash interruption and fog VFX",https://www.leagueoflegends.com/en-us/news/game-updates/patch-14-16-notes/
2024,14.16,Patch 14.16 Notes,2024-08-14,Azir,buff,2,0,0,Base HP regen 3.5->5 and base armor 22->25; rolls back earlier pro-focused nerfs,https://www.leagueoflegends.com/en-us/news/game-updates/patch-14-16-notes/
2024,14.16,Patch 14.16 Notes,2024-08-14,Cassiopeia,bugfix,0,0,0,E Twin Fang heal now properly reduced against jungle monsters,https://www.leagueoflegends.com/en-us/news/game-updates/patch-14-16-notes/
2024,14.16,Patch 14.16 Notes,2024-08-14,Corki,nerf,2,1,0,Q Phosphorus Bomb cooldown 8-6s->9-7s and mana cost 60-80->80 flat,https://www.leagueoflegends.com/en-us/news/game-updates/patch-14-16-notes/
2024,14.16,Patch 14.16 Notes,2024-08-14,Katarina,adjust,0,0,0,Power shifted to AP Q-max: Q damage and AP ratio up; E damage and R on-hit down,https://www.leagueoflegends.com/en-us/news/game-updates/patch-14-16-notes/
2024,14.16,Patch 14.16 Notes,2024-08-14,Leona,bugfix,0,0,0,"E attack reset now triggers Electrocute, Phase Rush and Conqueror stacks",https://www.leagueoflegends.com/en-us/news/game-updates/patch-14-16-notes/
2024,14.16,Patch 14.16 Notes,2024-08-14,Lucian,adjust,0,0,0,"Q base damage -10 all ranks; passive Vigilance ratio 15->20% AD; mid nerf, bot compensation",https://www.leagueoflegends.com/en-us/news/game-updates/patch-14-16-notes/
2024,14.16,Patch 14.16 Notes,2024-08-14,Neeko,bugfix,0,0,0,Disguise VFX fixes; Mountain Soul shield now breaks when disguising as non-champion,https://www.leagueoflegends.com/en-us/news/game-updates/patch-14-16-notes/
2024,14.16,Patch 14.16 Notes,2024-08-14,Orianna,buff,1,0,0,Q Command: Attack AP ratio 50->55%,https://www.leagueoflegends.com/en-us/news/game-updates/patch-14-16-notes/
2024,14.16,Patch 14.16 Notes,2024-08-14,Qiyana,adjust,0,1,0,"Laning buffs (armor, Q damage, monster damage) traded for late burst (W damage, R ratio 170->125%)",https://www.leagueoflegends.com/en-us/news/game-updates/patch-14-16-notes/
2024,14.16,Patch 14.16 Notes,2024-08-14,Rell,bugfix,0,0,0,Q no longer grants two passive stacks when empowered by E,https://www.leagueoflegends.com/en-us/news/game-updates/patch-14-16-notes/
2024,14.16,Patch 14.16 Notes,2024-08-14,Senna,adjust,0,1,0,"Carry DPS nerfed (AS growth, crit per stacks); support heal, root, shield and AP ratios buffed",https://www.leagueoflegends.com/en-us/news/game-updates/patch-14-16-notes/
2024,14.16,Patch 14.16 Notes,2024-08-14,Skarner,buff,2,0,0,"Base HP 610->630, base AD 60->63, Q bonus AD ratio 60->75%",https://www.leagueoflegends.com/en-us/news/game-updates/patch-14-16-notes/
2024,14.16,Patch 14.16 Notes,2024-08-14,Sylas,buff,2,0,0,"Base HP 575->600, passive AP ratio 25->30%, W base damage +10",https://www.leagueoflegends.com/en-us/news/game-updates/patch-14-16-notes/
2024,14.16,Patch 14.16 Notes,2024-08-14,Syndra,buff,1,1,0,R damage per orb 90/130/170->100/140/180 to return her to pro play,https://www.leagueoflegends.com/en-us/news/game-updates/patch-14-16-notes/
2024,14.16,Patch 14.16 Notes,2024-08-14,Taliyah,bugfix,0,0,0,W wall ride no longer interrupted by using consumables,https://www.leagueoflegends.com/en-us/news/game-updates/patch-14-16-notes/
2024,14.16,Patch 14.16 Notes,2024-08-14,Varus,bugfix,0,0,0,Q no longer casts in wrong direction after long-distance movement,https://www.leagueoflegends.com/en-us/news/game-updates/patch-14-16-notes/
2024,14.16,Patch 14.16 Notes,2024-08-14,Vi,buff,1,0,0,Q Vault Breaker base damage +5 to +10 across ranks,https://www.leagueoflegends.com/en-us/news/game-updates/patch-14-16-notes/
2024,14.16,Patch 14.16 Notes,2024-08-14,Wukong,buff,2,0,0,Passive armor per stack 5-9->6-10; E bonus attack speed +5% all ranks,https://www.leagueoflegends.com/en-us/news/game-updates/patch-14-16-notes/
2024,14.16,Patch 14.16 Notes,2024-08-14,Yorick,bugfix,0,0,0,R Maiden now properly benefits from Malignance effects,https://www.leagueoflegends.com/en-us/news/game-updates/patch-14-16-notes/
2024,14.16,Patch 14.16 Notes,2024-08-15,Samira,bugfix,0,0,1,Mid-patch fix: passive style letter grades display next to health bar again,https://www.leagueoflegends.com/en-us/news/game-updates/patch-14-16-notes/
2024,14.17,Patch 14.17 Notes,2024-08-28,Aatrox,bugfix,0,0,0,E attack reset no longer cancels when dashing toward an enemy,https://www.leagueoflegends.com/en-us/news/game-updates/patch-14-17-notes/
2024,14.17,Patch 14.17 Notes,2024-08-28,Ashe,nerf,1,1,0,Base HP 640->610 to cut early bully power; described as elite- and pro-skewed,https://www.leagueoflegends.com/en-us/news/game-updates/patch-14-17-notes/
2024,14.17,Patch 14.17 Notes,2024-08-28,Aurora,nerf,2,0,0,R Between Worlds damage 200/325/450->175/275/375,https://www.leagueoflegends.com/en-us/news/game-updates/patch-14-17-notes/
2024,14.17,Patch 14.17 Notes,2024-08-28,Brand,adjust,0,0,0,"Passive capped vs monsters: burn 30 DPS cap, explosion cap 250-475; hits jungle Brand",https://www.leagueoflegends.com/en-us/news/game-updates/patch-14-17-notes/
2024,14.17,Patch 14.17 Notes,2024-08-28,Caitlyn,buff,2,0,0,Attack speed ratio 0.594->0.610; W trap recharge 30-12s->26-10s,https://www.leagueoflegends.com/en-us/news/game-updates/patch-14-17-notes/
2024,14.17,Patch 14.17 Notes,2024-08-28,Ezreal,nerf,1,1,0,Base AD 62->60; reverts pro-skewed early lane buffs ahead of Worlds,https://www.leagueoflegends.com/en-us/news/game-updates/patch-14-17-notes/
2024,14.17,Patch 14.17 Notes,2024-08-28,Graves,buff,2,0,0,Q cooldown at high ranks lowered (7->6s at max) and initial/max damage increased,https://www.leagueoflegends.com/en-us/news/game-updates/patch-14-17-notes/
2024,14.17,Patch 14.17 Notes,2024-08-28,Gwen,bugfix,0,0,0,W no longer ignores Malignance Hatefog per-target cooldown,https://www.leagueoflegends.com/en-us/news/game-updates/patch-14-17-notes/
2024,14.17,Patch 14.17 Notes,2024-08-28,K'Sante,bugfix,0,0,0,Q no longer fires in wrong direction with clamp casting after dash,https://www.leagueoflegends.com/en-us/news/game-updates/patch-14-17-notes/
2024,14.17,Patch 14.17 Notes,2024-08-28,Katarina,nerf,1,0,0,Q damage 80-240 (45% AP)->80-220 (40% AP); half of 14.16 buff reverted,https://www.leagueoflegends.com/en-us/news/game-updates/patch-14-17-notes/
2024,14.17,Patch 14.17 Notes,2024-08-28,Kennen,nerf,1,0,0,Q Thundering Shuriken AP ratio 85->75%,https://www.leagueoflegends.com/en-us/news/game-updates/patch-14-17-notes/
2024,14.17,Patch 14.17 Notes,2024-08-28,Kindred,buff,2,0,0,"Q attack speed 30->35%; E damage 80-160->80-200, ratio 80->100% bonus AD, lower cooldown",https://www.leagueoflegends.com/en-us/news/game-updates/patch-14-17-notes/
2024,14.17,Patch 14.17 Notes,2024-08-28,LeBlanc,nerf,2,0,0,Q AP ratio 45->40% and W AP ratio 75->70%; trims later burst,https://www.leagueoflegends.com/en-us/news/game-updates/patch-14-17-notes/
2024,14.17,Patch 14.17 Notes,2024-08-28,Lillia,nerf,1,0,0,Passive monster damage cap 70-150->70-100; mid/late jungle clear nerf,https://www.leagueoflegends.com/en-us/news/game-updates/patch-14-17-notes/
2024,14.17,Patch 14.17 Notes,2024-08-28,Lissandra,buff,2,0,0,Q damage 80-200->80-220; R slow 30/45/75->45/60/75%,https://www.leagueoflegends.com/en-us/news/game-updates/patch-14-17-notes/
2024,14.17,Patch 14.17 Notes,2024-08-28,Miss Fortune,bugfix,0,0,0,Visual-only VFX update for base and several skins; no balance change,https://www.leagueoflegends.com/en-us/news/game-updates/patch-14-17-notes/
2024,14.17,Patch 14.17 Notes,2024-08-28,Neeko,bugfix,0,0,0,Undocumented: can disguise as Voidmite; Touch of the Void no longer breaks disguise,https://wiki.leagueoflegends.com/en-us/V14.17
2024,14.17,Patch 14.17 Notes,2024-08-28,Pyke,nerf,1,0,0,Base armor 47->43,https://www.leagueoflegends.com/en-us/news/game-updates/patch-14-17-notes/
2024,14.17,Patch 14.17 Notes,2024-08-28,Rumble,nerf,1,1,0,Passive on-hit max health damage 6->5%; highest-presence pro top laner,https://www.leagueoflegends.com/en-us/news/game-updates/patch-14-17-notes/
2024,14.17,Patch 14.17 Notes,2024-08-28,Ryze,buff,2,0,0,Q damage +5 all ranks; R cooldown 210/180/150->180/160/140s,https://www.leagueoflegends.com/en-us/news/game-updates/patch-14-17-notes/
2024,14.17,Patch 14.17 Notes,2024-08-28,Senna,nerf,2,0,0,Q heal 40-120 (80% AP)->40-100 (60% AP); R shield AP ratio 70->50%,https://www.leagueoflegends.com/en-us/news/game-updates/patch-14-17-notes/
2024,14.17,Patch 14.17 Notes,2024-08-28,Seraphine,nerf,2,0,0,W shield 60-160->60-140; W cooldown 22-18s->22s flat,https://www.leagueoflegends.com/en-us/news/game-updates/patch-14-17-notes/
2024,14.17,Patch 14.17 Notes,2024-08-28,Singed,bugfix,0,0,0,W puddle no longer forms when projectile is blocked,https://www.leagueoflegends.com/en-us/news/game-updates/patch-14-17-notes/
2024,14.17,Patch 14.17 Notes,2024-08-28,Sylas,nerf,1,0,0,W Kingslayer AP ratio 70->60%,https://www.leagueoflegends.com/en-us/news/game-updates/patch-14-17-notes/
2024,14.17,Patch 14.17 Notes,2024-08-28,Talon,bugfix,0,0,0,Q cooldown and double-cast bugs with Flash and max range fixed,https://www.leagueoflegends.com/en-us/news/game-updates/patch-14-17-notes/
2024,14.17,Patch 14.17 Notes,2024-08-28,Twisted Fate,buff,1,0,0,Q Wild Cards damage 60-220->60-240,https://www.leagueoflegends.com/en-us/news/game-updates/patch-14-17-notes/
2024,14.17,Patch 14.17 Notes,2024-08-28,Varus,buff,2,0,0,Q max damage 15-235 (+125-145% total AD)->90-370 (+150-190% bonus AD); E ratio 90->110%,https://www.leagueoflegends.com/en-us/news/game-updates/patch-14-17-notes/
2024,14.17,Patch 14.17 Notes,2024-08-28,Viego,bugfix,0,0,0,Possessing Transcendent Syndra now grants two Dark Sphere charges,https://www.leagueoflegends.com/en-us/news/game-updates/patch-14-17-notes/
2024,14.17,Patch 14.17 Notes,2024-08-28,Wukong,bugfix,0,0,0,Q now reveals Wukong and clone from Fog of War,https://www.leagueoflegends.com/en-us/news/game-updates/patch-14-17-notes/
2024,14.17,Patch 14.17 Notes,2024-08-28,Xayah,bugfix,0,0,0,Feathers no longer become invisible and stuck after hitting a dashing enemy,https://www.leagueoflegends.com/en-us/news/game-updates/patch-14-17-notes/
2024,14.17,Patch 14.17 Notes,2024-08-28,Xin Zhao,bugfix,0,0,0,R invulnerability now works inside Mordekaiser's Realm of Death,https://www.leagueoflegends.com/en-us/news/game-updates/patch-14-17-notes/
2024,14.17,Patch 14.17 Notes,2024-08-28,Yone,bugfix,0,0,0,Q no longer fires in wrong direction with clamp casting after dash,https://www.leagueoflegends.com/en-us/news/game-updates/patch-14-17-notes/
2024,14.18,Patch 14.18 Notes,2024-09-11,Ahri,buff,2,0,0,E Charm damage 80-200 (60% AP)->80-240 (75% AP),https://www.leagueoflegends.com/en-us/news/game-updates/patch-14-18-notes/
2024,14.18,Patch 14.18 Notes,2024-09-11,Akali,bugfix,0,0,0,Certain voice-over lines now play properly,https://www.leagueoflegends.com/en-us/news/game-updates/patch-14-18-notes/
2024,14.18,Patch 14.18 Notes,2024-09-11,Aurora,nerf,3,1,0,"R jump distance 400->250, wall forgiveness 700->450, duration -1s; Worlds pick-off nerf",https://www.leagueoflegends.com/en-us/news/game-updates/patch-14-18-notes/
2024,14.18,Patch 14.18 Notes,2024-09-11,Azir,nerf,2,1,0,"W level-scaling damage 0-77->0-45, early-rank AP ratio 55->35-55%; pro-skewed Worlds nerf",https://www.leagueoflegends.com/en-us/news/game-updates/patch-14-18-notes/
2024,14.18,Patch 14.18 Notes,2024-09-11,Bel'Veth,bugfix,0,0,0,Certain voice-over lines now trigger properly,https://www.leagueoflegends.com/en-us/news/game-updates/patch-14-18-notes/
2024,14.18,Patch 14.18 Notes,2024-09-11,Corki,nerf,2,1,0,"Q damage 70-270->70-250; R damage 80-280->80-240, ratio 80->70% bonus AD",https://www.leagueoflegends.com/en-us/news/game-updates/patch-14-18-notes/
2024,14.18,Patch 14.18 Notes,2024-09-11,Gnar,buff,1,1,0,Base AD 57->60 (Mega Gnar 63->66); Fleet compensation and Worlds option,https://www.leagueoflegends.com/en-us/news/game-updates/patch-14-18-notes/
2024,14.18,Patch 14.18 Notes,2024-09-11,Hwei,buff,1,0,0,WW ally shield effectiveness 50%->75% to help support Hwei,https://www.leagueoflegends.com/en-us/news/game-updates/patch-14-18-notes/
2024,14.18,Patch 14.18 Notes,2024-09-11,Ivern,nerf,2,1,0,E shield 85-245->75-235 and slow 45-65->40-60%; curbs Worlds jungle dominance,https://www.leagueoflegends.com/en-us/news/game-updates/patch-14-18-notes/
2024,14.18,Patch 14.18 Notes,2024-09-11,Jarvan IV,adjust,0,1,0,Passive current-health damage 7->8%,https://www.leagueoflegends.com/en-us/news/game-updates/patch-14-18-notes/
2024,14.18,Patch 14.18 Notes,2024-09-11,Jax,buff,2,1,0,"R armor/MR, on-hit damage and armor per extra champion hit increased",https://www.leagueoflegends.com/en-us/news/game-updates/patch-14-18-notes/
2024,14.18,Patch 14.18 Notes,2024-09-11,Jayce,buff,2,1,0,Q slow +5% and E gate bonus movement speed +5% all ranks,https://www.leagueoflegends.com/en-us/news/game-updates/patch-14-18-notes/
2024,14.18,Patch 14.18 Notes,2024-09-11,Jinx,buff,1,1,0,Attack speed growth 1->1.4%,https://www.leagueoflegends.com/en-us/news/game-updates/patch-14-18-notes/
2024,14.18,Patch 14.18 Notes,2024-09-11,Leona,nerf,1,1,0,Base armor 47->43 to diversify pro tank pool,https://www.leagueoflegends.com/en-us/news/game-updates/patch-14-18-notes/
2024,14.18,Patch 14.18 Notes,2024-09-11,Lillia,nerf,2,1,0,Passive monster damage cap 70-100->65; R sleep 2-2.5s->2s flat (pro-skewed),https://www.leagueoflegends.com/en-us/news/game-updates/patch-14-18-notes/
2024,14.18,Patch 14.18 Notes,2024-09-11,Lissandra,nerf,1,0,0,Q Ice Shard AP ratio 85->75%,https://www.leagueoflegends.com/en-us/news/game-updates/patch-14-18-notes/
2024,14.18,Patch 14.18 Notes,2024-09-11,Lulu,buff,1,1,0,Passive Pix damage per bolt 3-37->5-39,https://www.leagueoflegends.com/en-us/news/game-updates/patch-14-18-notes/
2024,14.18,Patch 14.18 Notes,2024-09-11,Malphite,buff,1,0,0,Passive Granite Shield 9->10% max HP,https://www.leagueoflegends.com/en-us/news/game-updates/patch-14-18-notes/
2024,14.18,Patch 14.18 Notes,2024-09-11,Maokai,nerf,2,1,0,Q damage lowered; E cooldown +2s; sapling brush duration ratio 2.5->1.5% bonus HP,https://www.leagueoflegends.com/en-us/news/game-updates/patch-14-18-notes/
2024,14.18,Patch 14.18 Notes,2024-09-11,Miss Fortune,nerf,1,1,0,Base AD 55->53; reverts a 14.13 buff,https://www.leagueoflegends.com/en-us/news/game-updates/patch-14-18-notes/
2024,14.18,Patch 14.18 Notes,2024-09-11,Morgana,bugfix,0,0,0,First-encounter voice lines no longer audible to enemies,https://www.leagueoflegends.com/en-us/news/game-updates/patch-14-18-notes/
2024,14.18,Patch 14.18 Notes,2024-09-11,Nasus,nerf,2,1,0,E Spirit Fire damage 55-215->50-170 and DPS reduced; targets pro mid poke,https://www.leagueoflegends.com/en-us/news/game-updates/patch-14-18-notes/
2024,14.18,Patch 14.18 Notes,2024-09-11,Pyke,bugfix,0,0,0,Kill and execute voice lines now play correctly for enemies,https://www.leagueoflegends.com/en-us/news/game-updates/patch-14-18-notes/
2024,14.18,Patch 14.18 Notes,2024-09-11,Rell,nerf,1,1,0,E max bonus movement speed 12-20->12-16%; pro E-max nerf,https://www.leagueoflegends.com/en-us/news/game-updates/patch-14-18-notes/
2024,14.18,Patch 14.18 Notes,2024-09-11,Rumble,nerf,2,1,0,Q damage 80-180 (110% AP)->60-180 (100% AP); E damage -5 all ranks,https://www.leagueoflegends.com/en-us/news/game-updates/patch-14-18-notes/
2024,14.18,Patch 14.18 Notes,2024-09-11,Samira,buff,1,1,0,Q Flair AD ratio 85-125->95-125% AD,https://www.leagueoflegends.com/en-us/news/game-updates/patch-14-18-notes/
2024,14.18,Patch 14.18 Notes,2024-09-11,Shen,buff,1,1,0,"Passive shield 47-101->47-120, ratio 12->13% bonus HP",https://www.leagueoflegends.com/en-us/news/game-updates/patch-14-18-notes/
2024,14.18,Patch 14.18 Notes,2024-09-11,Skarner,bugfix,0,0,0,E stun now properly disables target actions,https://www.leagueoflegends.com/en-us/news/game-updates/patch-14-18-notes/
2024,14.18,Patch 14.18 Notes,2024-09-11,Smolder,nerf,2,1,0,Base HP 605->575; Q damage -5 and AP ratio removed; W damage -5,https://www.leagueoflegends.com/en-us/news/game-updates/patch-14-18-notes/
2024,14.18,Patch 14.18 Notes,2024-09-11,Swain,bugfix,0,0,0,R healing now properly reduced against Voidmites,https://www.leagueoflegends.com/en-us/news/game-updates/patch-14-18-notes/
2024,14.18,Patch 14.18 Notes,2024-09-11,Varus,nerf,2,0,0,Q ratio 150-190->130-170% bonus AD; E ratio 110->100% bonus AD,https://www.leagueoflegends.com/en-us/news/game-updates/patch-14-18-notes/
2024,14.18,Patch 14.18 Notes,2024-09-11,Vi,nerf,1,1,0,"Q damage reduced 5-10, reverting 14.16 buff; pro-focused",https://www.leagueoflegends.com/en-us/news/game-updates/patch-14-18-notes/
2024,14.18,Patch 14.18 Notes,2024-09-11,Viego,adjust,0,1,0,Base AD 57->60; Q bonus monster damage 20->15,https://www.leagueoflegends.com/en-us/news/game-updates/patch-14-18-notes/
2024,14.18,Patch 14.18 Notes,2024-09-11,Vladimir,bugfix,0,0,0,W pool no longer takes damage from certain effects while untargetable,https://www.leagueoflegends.com/en-us/news/game-updates/patch-14-18-notes/
2024,14.18,Patch 14.18 Notes,2024-09-11,Xin Zhao,buff,2,0,0,Armor growth 4.7->5; Q bonus damage per hit 16-52->16-68,https://www.leagueoflegends.com/en-us/news/game-updates/patch-14-18-notes/
2024,14.18,Patch 14.18 Notes,2024-09-11,Zeri,nerf,2,1,0,"Passive damage 90-200 (+1-15% max HP)->75-160 (+1-11%), now linear",https://www.leagueoflegends.com/en-us/news/game-updates/patch-14-18-notes/
2024,14.18,Patch 14.18 Notes,2024-09-11,Ziggs,nerf,1,1,0,Passive bonus structure damage 150%->75%; pro-skewed tap,https://www.leagueoflegends.com/en-us/news/game-updates/patch-14-18-notes/
2025,15.18,Patch 25.18 Notes,2025-09-10,Amumu,buff,2,0,0,Q cooldown 16-14s->16-12s; mana cost 45-65->50 flat,https://www.leagueoflegends.com/en-us/news/game-updates/patch-25-18-notes/
2025,15.18,Patch 25.18 Notes,2025-09-10,Annie,nerf,2,1,0,W damage 70-250->70-230; R magic pen 15-20%->10-20%; targets pro W-max,https://www.leagueoflegends.com/en-us/news/game-updates/patch-25-18-notes/
2025,15.18,Patch 25.18 Notes,2025-09-10,Ashe,buff,1,0,0,AD growth 2.95->3.45,https://www.leagueoflegends.com/en-us/news/game-updates/patch-25-18-notes/
2025,15.18,Patch 25.18 Notes,2025-09-10,Aurora,adjust,0,1,0,Passive max-HP damage 2.5%->1% (+2.7% per 100 AP); lane nerf aimed at pro,https://www.leagueoflegends.com/en-us/news/game-updates/patch-25-18-notes/
2025,15.18,Patch 25.18 Notes,2025-09-10,Azir,nerf,2,1,0,Attack speed growth 5.5->5%; W AP ratio 45-65->40-60%,https://www.leagueoflegends.com/en-us/news/game-updates/patch-25-18-notes/
2025,15.18,Patch 25.18 Notes,2025-09-10,Briar,adjust,0,0,0,"Q damage down and physical; R warning delayed, range 12000, bonus AD ratio removed",https://www.leagueoflegends.com/en-us/news/game-updates/patch-25-18-notes/
2025,15.18,Patch 25.18 Notes,2025-09-10,Cassiopeia,buff,2,0,0,Base mana 400->450; E bonus damage vs poisoned 20-100->20-112,https://www.leagueoflegends.com/en-us/news/game-updates/patch-25-18-notes/
2025,15.18,Patch 25.18 Notes,2025-09-10,Diana,bugfix,0,0,0,R warning VFX size corrected to match hit area,https://www.leagueoflegends.com/en-us/news/game-updates/patch-25-18-notes/
2025,15.18,Patch 25.18 Notes,2025-09-10,Gangplank,bugfix,0,0,0,E can no longer reset his and enemies' in-progress attacks,https://www.leagueoflegends.com/en-us/news/game-updates/patch-25-18-notes/
2025,15.18,Patch 25.18 Notes,2025-09-10,Galio,nerf,2,0,0,Passive AP ratio 45->40%; Q tornado max-HP damage 2.5->2% per tick,https://www.leagueoflegends.com/en-us/news/game-updates/patch-25-18-notes/
2025,15.18,Patch 25.18 Notes,2025-09-10,Garen,buff,1,0,0,E Judgment AD ratio per spin 36-48->38-50%,https://www.leagueoflegends.com/en-us/news/game-updates/patch-25-18-notes/
2025,15.18,Patch 25.18 Notes,2025-09-10,Graves,bugfix,0,0,0,R cone VFX timing corrected,https://www.leagueoflegends.com/en-us/news/game-updates/patch-25-18-notes/
2025,15.18,Patch 25.18 Notes,2025-09-10,Hwei,buff,2,0,0,Passive and E AP ratios +5%; WQ movement speed and its AP ratio increased,https://www.leagueoflegends.com/en-us/news/game-updates/patch-25-18-notes/
2025,15.18,Patch 25.18 Notes,2025-09-10,Illaoi,adjust,0,0,0,Passive QoL during Teleport; W ratio 4->3.5% per 100 AD; Vessel duration 3->4s,https://www.leagueoflegends.com/en-us/news/game-updates/patch-25-18-notes/
2025,15.18,Patch 25.18 Notes,2025-09-10,Jayce,buff,1,1,0,Cannon Q base damage raised at early ranks (60->80 rank 1); high-skill skewed,https://www.leagueoflegends.com/en-us/news/game-updates/patch-25-18-notes/
2025,15.18,Patch 25.18 Notes,2025-09-10,K'Sante,bugfix,0,0,0,Passive tooltip now shows damage floor and cap (tooltip only),https://wiki.leagueoflegends.com/en-us/V25.18
2025,15.18,Patch 25.18 Notes,2025-09-10,Karthus,bugfix,0,0,0,W wall VFX now visible over elevated terrain,https://www.leagueoflegends.com/en-us/news/game-updates/patch-25-18-notes/
2025,15.18,Patch 25.18 Notes,2025-09-10,LeBlanc,bugfix,0,0,0,Recall props no longer appear during W dash,https://www.leagueoflegends.com/en-us/news/game-updates/patch-25-18-notes/
2025,15.18,Patch 25.18 Notes,2025-09-10,Milio,bugfix,0,0,0,Passive no longer instantly kills Zac blobs,https://www.leagueoflegends.com/en-us/news/game-updates/patch-25-18-notes/
2025,15.18,Patch 25.18 Notes,2025-09-10,Nilah,bugfix,0,0,0,W VFX no longer renders over terrain and structures,https://www.leagueoflegends.com/en-us/news/game-updates/patch-25-18-notes/
2025,15.18,Patch 25.18 Notes,2025-09-10,Qiyana,nerf,2,0,0,"Base AD 66->64, armor growth 4.7->4.5, passive bonus AD ratio 30->25%",https://www.leagueoflegends.com/en-us/news/game-updates/patch-25-18-notes/
2025,15.18,Patch 25.18 Notes,2025-09-10,Sylas,nerf,1,0,0,Passive bonus damage to monsters 150->130%; jungle-only nerf,https://www.leagueoflegends.com/en-us/news/game-updates/patch-25-18-notes/
2025,15.18,Patch 25.18 Notes,2025-09-10,Syndra,bugfix,0,0,0,Orb radial VFX no longer disappears after some time,https://www.leagueoflegends.com/en-us/news/game-updates/patch-25-18-notes/
2025,15.18,Patch 25.18 Notes,2025-09-10,Taliyah,adjust,0,1,0,Q/E mana costs and base damage lowered; jungle monster damage increased,https://www.leagueoflegends.com/en-us/news/game-updates/patch-25-18-notes/
2025,15.18,Patch 25.18 Notes,2025-09-10,Teemo,bugfix,0,0,0,R trap explosion VFX fixed when placed in Fog of War,https://www.leagueoflegends.com/en-us/news/game-updates/patch-25-18-notes/
2025,15.18,Patch 25.18 Notes,2025-09-10,Thresh,bugfix,0,0,0,"Several SFX restored (passive souls, taunt, Lunar Emperor hook)",https://www.leagueoflegends.com/en-us/news/game-updates/patch-25-18-notes/
2025,15.18,Patch 25.18 Notes,2025-09-10,Vel'Koz,buff,2,0,0,E cooldown 14-12s->12-10s; R total damage 450/625/800->450/700/925,https://www.leagueoflegends.com/en-us/news/game-updates/patch-25-18-notes/
2025,15.18,Patch 25.18 Notes,2025-09-10,Volibear,nerf,1,0,0,Passive attack speed AP ratio 4%->3% per 100 AP per stack,https://www.leagueoflegends.com/en-us/news/game-updates/patch-25-18-notes/
2025,15.18,Patch 25.18 Notes,2025-09-10,Xin Zhao,bugfix,0,0,0,W extra damage after Flash fixed; Q and R VFX fixes,https://www.leagueoflegends.com/en-us/news/game-updates/patch-25-18-notes/
2025,15.18,Patch 25.18 Notes,2025-09-10,Yunara,nerf,3,1,0,"Base HP 600->575, AD 56->53; E movement speed 50-70->30-50%, duration 1.5s flat",https://www.leagueoflegends.com/en-us/news/game-updates/patch-25-18-notes/
2025,15.18,Patch 25.18 Notes,2025-09-10,Zac,adjust,0,0,0,R Let's Bounce now grants ghosting so he no longer gets stuck on units,https://www.leagueoflegends.com/en-us/news/game-updates/patch-25-18-notes/
2025,15.18,Patch 25.18 Notes,2025-09-11,Yunara,buff,1,0,1,"Mid-patch partial revert: base HP 575->590, base AD 53->55",https://www.leagueoflegends.com/en-us/news/game-updates/patch-25-18-notes/
2025,15.19,Patch 25.19 Notes,2025-09-24,Ahri,buff,2,0,0,R Spirit Rush damage per hit 60/90/120->75/125/175,https://www.leagueoflegends.com/en-us/news/game-updates/patch-25-19-notes/
2025,15.19,Patch 25.19 Notes,2025-09-24,Ambessa,bugfix,0,0,0,Passive buff bar no longer shows debug text,https://www.leagueoflegends.com/en-us/news/game-updates/patch-25-19-notes/
2025,15.19,Patch 25.19 Notes,2025-09-24,Aurora,bugfix,0,0,0,Joke voice-over line no longer cut off,https://www.leagueoflegends.com/en-us/news/game-updates/patch-25-19-notes/
2025,15.19,Patch 25.19 Notes,2025-09-24,Blitzcrank,bugfix,0,0,0,R passive now triggers item effects; R cast from post-Flash position,https://www.leagueoflegends.com/en-us/news/game-updates/patch-25-19-notes/
2025,15.19,Patch 25.19 Notes,2025-09-24,Brand,buff,2,0,0,"W AP ratio 60->70%, R AP ratio 25->30%, passive monster modifier 2.6->2.65x",https://www.leagueoflegends.com/en-us/news/game-updates/patch-25-19-notes/
2025,15.19,Patch 25.19 Notes,2025-09-24,Caitlyn,buff,1,1,0,Base AD 60->62 to give her a shot at Worlds,https://www.leagueoflegends.com/en-us/news/game-updates/patch-25-19-notes/
2025,15.19,Patch 25.19 Notes,2025-09-24,Corki,nerf,1,1,0,Q damage 70-250 (130% AD)->60-240 (125% AD); pro-skewed Worlds nerf,https://www.leagueoflegends.com/en-us/news/game-updates/patch-25-19-notes/
2025,15.19,Patch 25.19 Notes,2025-09-24,Diana,buff,1,0,0,Passive cleave monster modifier 2.6->3x for jungle clear,https://www.leagueoflegends.com/en-us/news/game-updates/patch-25-19-notes/
2025,15.19,Patch 25.19 Notes,2025-09-24,Draven,buff,2,1,0,W attack speed 20-40->30-50%; R damage +25 all ranks,https://www.leagueoflegends.com/en-us/news/game-updates/patch-25-19-notes/
2025,15.19,Patch 25.19 Notes,2025-09-24,Heimerdinger,buff,1,0,0,W tooltip now shows correct total rocket damage (tooltip only),https://wiki.leagueoflegends.com/en-us/V25.19
2025,15.19,Patch 25.19 Notes,2025-09-24,Jax,adjust,0,1,0,Base HP 665->650; R initial armor 25/50/75->45/60/75; power windowed for skilled play,https://www.leagueoflegends.com/en-us/news/game-updates/patch-25-19-notes/
2025,15.19,Patch 25.19 Notes,2025-09-24,Jinx,buff,2,1,0,Q rocket bonus range 80-200->100-200; E damage +20 all ranks,https://www.leagueoflegends.com/en-us/news/game-updates/patch-25-19-notes/
2025,15.19,Patch 25.19 Notes,2025-09-24,Kai'Sa,bugfix,0,0,0,Shadow no longer lingers at death position until respawn,https://www.leagueoflegends.com/en-us/news/game-updates/patch-25-19-notes/
2025,15.19,Patch 25.19 Notes,2025-09-24,LeBlanc,buff,2,1,0,W AP ratio 70->80% and RW AP ratio 75->80%; buff ahead of Worlds,https://www.leagueoflegends.com/en-us/news/game-updates/patch-25-19-notes/
2025,15.19,Patch 25.19 Notes,2025-09-24,Lee Sin,adjust,0,1,0,"Power-neutral: armor growth 4.9->4.5; Q base damage up, bonus AD ratio 115->95%",https://www.leagueoflegends.com/en-us/news/game-updates/patch-25-19-notes/
2025,15.19,Patch 25.19 Notes,2025-09-24,Lillia,buff,2,1,0,R damage 100-200 (40% AP)->150-250 (45% AP); R cooldown -10s,https://www.leagueoflegends.com/en-us/news/game-updates/patch-25-19-notes/
2025,15.19,Patch 25.19 Notes,2025-09-24,Mel,buff,2,1,0,Passive bonus damage per spell 24-75 (+3% AP)->24-99 (+9% AP); higher-MMR skewed,https://www.leagueoflegends.com/en-us/news/game-updates/patch-25-19-notes/
2025,15.19,Patch 25.19 Notes,2025-09-24,Mordekaiser,bugfix,0,0,0,"Tibbers, Heimerdinger turret and Daisy now follow owner between realms",https://www.leagueoflegends.com/en-us/news/game-updates/patch-25-19-notes/
2025,15.19,Patch 25.19 Notes,2025-09-24,Naafiri,bugfix,0,0,0,Cappa Juice hats above 10 hidden on Packmates for performance,https://wiki.leagueoflegends.com/en-us/V25.19
2025,15.19,Patch 25.19 Notes,2025-09-24,Nasus,bugfix,0,0,0,R aura VFX layering with terrain fixed,https://www.leagueoflegends.com/en-us/news/game-updates/patch-25-19-notes/
2025,15.19,Patch 25.19 Notes,2025-09-24,Nilah,bugfix,0,0,0,Q and E VFX layering fixed,https://www.leagueoflegends.com/en-us/news/game-updates/patch-25-19-notes/
2025,15.19,Patch 25.19 Notes,2025-09-24,Pantheon,nerf,3,1,0,Q monster modifier 0.9->0.75x; W monster damage cap 200->120; heavy jungle clear nerf,https://www.leagueoflegends.com/en-us/news/game-updates/patch-25-19-notes/
2025,15.19,Patch 25.19 Notes,2025-09-24,Poppy,adjust,0,1,0,Q minion/monster damage cap reduced by 25; interrupted R cooldown 15->30s,https://www.leagueoflegends.com/en-us/news/game-updates/patch-25-19-notes/
2025,15.19,Patch 25.19 Notes,2025-09-24,Rakan,bugfix,0,0,0,Green decal under W targets removed,https://www.leagueoflegends.com/en-us/news/game-updates/patch-25-19-notes/
2025,15.19,Patch 25.19 Notes,2025-09-24,Seraphine,buff,2,0,0,HP/mana growth up; Q execute bonus hits monsters; W heal 8-16% missing HP regardless of allies,https://www.leagueoflegends.com/en-us/news/game-updates/patch-25-19-notes/
2025,15.19,Patch 25.19 Notes,2025-09-24,Sion,bugfix,0,0,0,Using abilities during passive no longer blocks Experimental Hexplate,https://www.leagueoflegends.com/en-us/news/game-updates/patch-25-19-notes/
2025,15.19,Patch 25.19 Notes,2025-09-24,Sivir,nerf,1,1,0,Q Boomerang Blade bonus AD ratio 100->85% to reduce pro dominance,https://www.leagueoflegends.com/en-us/news/game-updates/patch-25-19-notes/
2025,15.19,Patch 25.19 Notes,2025-09-24,Soraka,bugfix,0,0,0,R indicator no longer makes overlapping VFX flicker,https://www.leagueoflegends.com/en-us/news/game-updates/patch-25-19-notes/
2025,15.19,Patch 25.19 Notes,2025-09-24,Sylas,bugfix,0,0,0,Stealing Yunara's R no longer hides his Q icon,https://www.leagueoflegends.com/en-us/news/game-updates/patch-25-19-notes/
2025,15.19,Patch 25.19 Notes,2025-09-24,Syndra,adjust,0,1,0,Power-neutral: HP/armor growth down; Q damage and AP ratio up; E cooldown 17->15s,https://www.leagueoflegends.com/en-us/news/game-updates/patch-25-19-notes/
2025,15.19,Patch 25.19 Notes,2025-09-24,Xin Zhao,bugfix,0,0,0,Recall animation feet jitter fixed,https://www.leagueoflegends.com/en-us/news/game-updates/patch-25-19-notes/
2025,15.19,Patch 25.19 Notes,2025-09-24,Yorick,bugfix,0,0,0,Mist Walkers no longer persist in Mordekaiser's Death Realm,https://www.leagueoflegends.com/en-us/news/game-updates/patch-25-19-notes/
2025,15.19,Patch 25.19 Notes,2025-09-24,Zac,bugfix,0,0,0,Q tooltip clarified (tooltip only),https://wiki.leagueoflegends.com/en-us/V25.19
2025,15.19,Patch 25.19 Notes,2025-09-24,Zoe,bugfix,0,0,0,Yoyo SFX restored in walking animations,https://www.leagueoflegends.com/en-us/news/game-updates/patch-25-19-notes/
2025,15.19,Patch 25.19 Notes,2025-09-24,Jarvan IV,bugfix,0,0,1,Mid-patch fix: R buffered during E+Q combo no longer spawns terrain at dash start,https://www.leagueoflegends.com/en-us/news/game-updates/patch-25-19-notes/
2025,15.19,Patch 25.19 Notes,2025-09-24,Nidalee,bugfix,0,0,1,Mid-patch fix: Q Takedown buffered during W Pounce no longer replaced by basic attack,https://www.leagueoflegends.com/en-us/news/game-updates/patch-25-19-notes/
2025,15.19,Patch 25.19 Notes,2025-09-25,Kayn,bugfix,0,0,1,Hotfix: E Reaping Slash dash no longer completes faster than intended,https://wiki.leagueoflegends.com/en-us/V25.19
2025,15.20,Patch 25.20 Notes,2025-10-08,Anivia,buff,2,0,0,Q cooldown 12-8s->11-7s; E base damage +5 all ranks,https://www.leagueoflegends.com/en-us/news/game-updates/patch-25-20-notes/
2025,15.20,Patch 25.20 Notes,2025-10-08,Azir,nerf,1,1,0,"W early AP ratio, recharge and multi-target damage down; late W ratio and E damage up",https://www.leagueoflegends.com/en-us/news/game-updates/patch-25-20-notes/
2025,15.20,Patch 25.20 Notes,2025-10-08,Briar,nerf,1,0,0,Passive Crimson Curse max stacks 7->5; targets lower-rank performance,https://www.leagueoflegends.com/en-us/news/game-updates/patch-25-20-notes/
2025,15.20,Patch 25.20 Notes,2025-10-08,Camille,adjust,0,0,0,W cooldown lower early and base damage +10; armor growth 5->4.5,https://www.leagueoflegends.com/en-us/news/game-updates/patch-25-20-notes/
2025,15.20,Patch 25.20 Notes,2025-10-08,Fizz,buff,2,0,0,"Power-positive: W damage up, no tower DoT; R base damage up, AP ratios down",https://www.leagueoflegends.com/en-us/news/game-updates/patch-25-20-notes/
2025,15.20,Patch 25.20 Notes,2025-10-08,Graves,buff,1,0,0,"Q base damage up, bonus AD ratios down; shift from lethality, net small buff",https://www.leagueoflegends.com/en-us/news/game-updates/patch-25-20-notes/
2025,15.20,Patch 25.20 Notes,2025-10-08,Jinx,bugfix,0,0,0,W VFX when cast right after passive trigger fixed,https://www.leagueoflegends.com/en-us/news/game-updates/patch-25-20-notes/
2025,15.20,Patch 25.20 Notes,2025-10-08,Katarina,buff,1,0,0,Base armor 28->32,https://www.leagueoflegends.com/en-us/news/game-updates/patch-25-20-notes/
2025,15.20,Patch 25.20 Notes,2025-10-08,Leona,bugfix,0,0,0,E landing near terrain no longer drops turret aggro,https://www.leagueoflegends.com/en-us/news/game-updates/patch-25-20-notes/
2025,15.20,Patch 25.20 Notes,2025-10-08,Malphite,buff,2,0,0,Base armor 37->40; E Ground Slam base damage +10,https://www.leagueoflegends.com/en-us/news/game-updates/patch-25-20-notes/
2025,15.20,Patch 25.20 Notes,2025-10-08,Nidalee,adjust,0,0,0,Undocumented (wiki): Q javelin distance damage modifier range changed,https://wiki.leagueoflegends.com/en-us/V25.20
2025,15.20,Patch 25.20 Notes,2025-10-08,Orianna,adjust,0,1,0,W damage 70-270 (70% AP)->70-230 (80% AP); weakens early waveclear at high skill,https://www.leagueoflegends.com/en-us/news/game-updates/patch-25-20-notes/
2025,15.20,Patch 25.20 Notes,2025-10-08,Pantheon,buff,1,0,0,Partial revert: Q monster modifier 0.75->0.8x; W monster cap 120->150,https://www.leagueoflegends.com/en-us/news/game-updates/patch-25-20-notes/
2025,15.20,Patch 25.20 Notes,2025-10-08,Seraphine,bugfix,0,0,0,W heal prediction display fixed; no gameplay change,https://www.leagueoflegends.com/en-us/news/game-updates/patch-25-20-notes/
2025,15.20,Patch 25.20 Notes,2025-10-08,Sion,bugfix,0,0,0,Undocumented: Death Surge again blocks ultimate-cast item effects (25.19 fix reverted),https://wiki.leagueoflegends.com/en-us/V25.20
2025,15.20,Patch 25.20 Notes,2025-10-08,Soraka,bugfix,0,0,0,Passive VFX flicker and Celestine skin bugs fixed,https://www.leagueoflegends.com/en-us/news/game-updates/patch-25-20-notes/
2025,15.20,Patch 25.20 Notes,2025-10-08,Sylas,bugfix,0,0,0,Stealing Sion's R during zombie state now gives the correct ability,https://www.leagueoflegends.com/en-us/news/game-updates/patch-25-20-notes/
2025,15.20,Patch 25.20 Notes,2025-10-08,Tahm Kench,bugfix,0,0,0,R no longer grants Cloud Soul effect on cancelled out-of-range cast,https://www.leagueoflegends.com/en-us/news/game-updates/patch-25-20-notes/
2025,15.20,Patch 25.20 Notes,2025-10-08,Veigar,buff,1,0,0,W Dark Matter AP ratio 60-100->70-110%,https://www.leagueoflegends.com/en-us/news/game-updates/patch-25-20-notes/
2025,15.20,Patch 25.20 Notes,2025-10-08,Volibear,nerf,2,0,0,Passive lightning AP ratio 50->45%; E AP ratio 80->70%,https://www.leagueoflegends.com/en-us/news/game-updates/patch-25-20-notes/
2025,15.20,Patch 25.20 Notes,2025-10-08,Warwick,adjust,0,0,0,AD growth 2.75->2.5; attack speed growth 2.3->2%,https://www.leagueoflegends.com/en-us/news/game-updates/patch-25-20-notes/
2025,15.20,Patch 25.20 Notes,2025-10-08,Wukong,adjust,0,1,0,Q ratio and W clone damage/cooldown nerfed; E damage 80-200->80-240; lower ceiling,https://www.leagueoflegends.com/en-us/news/game-updates/patch-25-20-notes/
2025,15.20,Patch 25.20 Notes,2025-10-08,Xin Zhao,bugfix,0,0,0,R shield VFX duplication in spectator mode fixed,https://www.leagueoflegends.com/en-us/news/game-updates/patch-25-20-notes/
2025,15.20,Patch 25.20 Notes,2025-10-08,Zoe,bugfix,0,0,0,Yoyo SFX restored in taunt and wind-down animations,https://www.leagueoflegends.com/en-us/news/game-updates/patch-25-20-notes/
2025,15.20,Patch 25.20 Notes,2025-10-09,Azir,nerf,1,0,1,"Mid-patch: W AP ratio 30-70%->32.5-62.5% (flatter, lower late scaling)",https://www.leagueoflegends.com/en-us/news/game-updates/patch-25-20-notes/
