year,teamid,team,role,net,buffs,nerfs,nerf_share,buff_share
2016,oe:team:056c3140a119e44a03d462e2c832f27,EDward Gaming,top,-0.33333333333333337,0.41025641025641024,0.7435897435897436,0.38461538461538464,0.20512820512820512
2016,oe:team:056c3140a119e44a03d462e2c832f27,EDward Gaming,jng,-1.0512820512820513,0.02564102564102564,1.076923076923077,0.4358974358974359,0.02564102564102564
2016,oe:team:056c3140a119e44a03d462e2c832f27,EDward Gaming,mid,-0.33333333333333337,0.1282051282051282,0.4615384615384615,0.28205128205128205,0.1282051282051282
2016,oe:team:056c3140a119e44a03d462e2c832f27,EDward Gaming,bot,-1.7692307692307692,0.0,1.7692307692307692,0.7692307692307692,0.0
2016,oe:team:056c3140a119e44a03d462e2c832f27,EDward Gaming,sup,0.3333333333333333,0.3333333333333333,0.0,0.0,0.3333333333333333
2016,oe:team:2f758c15b9c1781b2d4032011ae1628,I May,top,-0.7358490566037736,0.2830188679245283,1.0188679245283019,0.5849056603773585,0.1509433962264151
2016,oe:team:2f758c15b9c1781b2d4032011ae1628,I May,jng,-1.0943396226415094,0.0,1.0943396226415094,0.4716981132075472,0.0
2016,oe:team:2f758c15b9c1781b2d4032011ae1628,I May,mid,-0.16981132075471697,0.24528301886792453,0.41509433962264153,0.24528301886792453,0.24528301886792453
2016,oe:team:2f758c15b9c1781b2d4032011ae1628,I May,bot,-1.6226415094339623,0.0,1.6226415094339623,0.7735849056603773,0.0
2016,oe:team:2f758c15b9c1781b2d4032011ae1628,I May,sup,0.1509433962264151,0.1509433962264151,0.0,0.0,0.1509433962264151
2016,oe:team:3354e252e33ed55fd8fa14595ca1564,SK Telecom T1,top,-1.121212121212121,0.24242424242424243,1.3636363636363633,0.6363636363636365,0.12121212121212122
2016,oe:team:3354e252e33ed55fd8fa14595ca1564,SK Telecom T1,jng,-1.6666666666666665,0.0,1.6666666666666665,0.6060606060606061,0.0
2016,oe:team:3354e252e33ed55fd8fa14595ca1564,SK Telecom T1,mid,-0.3939393939393939,0.030303030303030304,0.42424242424242425,0.21212121212121213,0.030303030303030304
2016,oe:team:3354e252e33ed55fd8fa14595ca1564,SK Telecom T1,bot,-1.6363636363636362,0.0,1.6363636363636362,0.7272727272727273,0.0
2016,oe:team:3354e252e33ed55fd8fa14595ca1564,SK Telecom T1,sup,0.0,0.0,0.0,0.0,0.0
2016,oe:team:3413ca4510110b5181f3e4b24d52719,Splyce,top,-1.236842105263158,0.21052631578947367,1.4473684210526314,0.6578947368421053,0.10526315789473684
2016,oe:team:3413ca4510110b5181f3e4b24d52719,Splyce,jng,-1.5789473684210527,0.0,1.5789473684210527,0.6578947368421053,0.0
2016,oe:team:3413ca4510110b5181f3e4b24d52719,Splyce,mid,-0.4473684210526315,0.02631578947368421,0.47368421052631576,0.23684210526315788,0.02631578947368421
2016,oe:team:3413ca4510110b5181f3e4b24d52719,Splyce,bot,-1.0526315789473684,0.0,1.0526315789473684,0.5,0.0
2016,oe:team:3413ca4510110b5181f3e4b24d52719,Splyce,sup,0.02631578947368421,0.02631578947368421,0.0,0.0,0.02631578947368421
2016,oe:team:3b84bb916852d07609c83d1ce91c1a9,Samsung Galaxy,top,-1.3333333333333335,0.07692307692307693,1.4102564102564104,0.717948717948718,0.05128205128205128
2016,oe:team:3b84bb916852d07609c83d1ce91c1a9,Samsung Galaxy,jng,-1.6153846153846154,0.0,1.6153846153846154,0.641025641025641,0.0
2016,oe:team:3b84bb916852d07609c83d1ce91c1a9,Samsung Galaxy,mid,-0.358974358974359,0.05128205128205128,0.41025641025641024,0.28205128205128205,0.05128205128205128
2016,oe:team:3b84bb916852d07609c83d1ce91c1a9,Samsung Galaxy,bot,-2.0256410256410255,0.0,2.0256410256410255,0.8974358974358974,0.0
2016,oe:team:3b84bb916852d07609c83d1ce91c1a9,Samsung Galaxy,sup,0.0,0.0,0.0,0.0,0.0
2016,oe:team:5b90b1fda6971ccdccf9eb32286aa50,H2k-Gaming,top,-1.2702702702702702,0.16216216216216217,1.4324324324324325,0.7297297297297298,0.08108108108108109
2016,oe:team:5b90b1fda6971ccdccf9eb32286aa50,H2k-Gaming,jng,-1.135135135135135,0.0,1.135135135135135,0.4864864864864865,0.0
2016,oe:team:5b90b1fda6971ccdccf9eb32286aa50,H2k-Gaming,mid,-0.8648648648648649,0.05405405405405406,0.918918918918919,0.4594594594594595,0.05405405405405406
2016,oe:team:5b90b1fda6971ccdccf9eb32286aa50,H2k-Gaming,bot,-0.972972972972973,0.08108108108108109,1.054054054054054,0.43243243243243246,0.08108108108108109
2016,oe:team:5b90b1fda6971ccdccf9eb32286aa50,H2k-Gaming,sup,0.02702702702702703,0.02702702702702703,0.0,0.0,0.02702702702702703
2016,oe:team:73f3126d91d35faa5d5ce34abadb865,Royal Never Give Up,top,-0.47619047619047616,0.14285714285714285,0.6190476190476191,0.30952380952380953,0.07142857142857142
2016,oe:team:73f3126d91d35faa5d5ce34abadb865,Royal Never Give Up,jng,-0.9047619047619047,0.0,0.9047619047619047,0.38095238095238093,0.0
2016,oe:team:73f3126d91d35faa5d5ce34abadb865,Royal Never Give Up,mid,-0.45238095238095233,0.047619047619047616,0.5,0.2857142857142857,0.047619047619047616
2016,oe:team:73f3126d91d35faa5d5ce34abadb865,Royal Never Give Up,bot,-1.5,0.0,1.5,0.6190476190476191,0.0
2016,oe:team:73f3126d91d35faa5d5ce34abadb865,Royal Never Give Up,sup,0.07142857142857142,0.07142857142857142,0.0,0.0,0.07142857142857142
2016,oe:team:7cd8dc1c987b84b99e3d246d1943c92,Flash Wolves,top,-1.2666666666666666,0.06666666666666667,1.3333333333333333,0.7,0.06666666666666667
2016,oe:team:7cd8dc1c987b84b99e3d246d1943c92,Flash Wolves,jng,-0.9,0.16666666666666666,1.0666666666666667,0.4,0.16666666666666666
2016,oe:team:7cd8dc1c987b84b99e3d246d1943c92,Flash Wolves,mid,-0.9333333333333333,0.06666666666666667,1.0,0.5,0.06666666666666667
2016,oe:team:7cd8dc1c987b84b99e3d246d1943c92,Flash Wolves,bot,-1.8666666666666667,0.0,1.8666666666666667,0.8333333333333333,0.0
2016,oe:team:7cd8dc1c987b84b99e3d246d1943c92,Flash Wolves,sup,0.13333333333333333,0.13333333333333333,0.0,0.0,0.13333333333333333
2016,oe:team:7d6673d3a9d00363c6bebc1a630da6e,G2 Esports,top,-1.53125,0.0625,1.59375,0.6875,0.03125
2016,oe:team:7d6673d3a9d00363c6bebc1a630da6e,G2 Esports,jng,-1.1875,0.0,1.1875,0.5,0.0
2016,oe:team:7d6673d3a9d00363c6bebc1a630da6e,G2 Esports,mid,-0.5,0.1875,0.6875,0.375,0.1875
2016,oe:team:7d6673d3a9d00363c6bebc1a630da6e,G2 Esports,bot,-1.5625,0.0,1.5625,0.71875,0.0
2016,oe:team:7d6673d3a9d00363c6bebc1a630da6e,G2 Esports,sup,0.03125,0.03125,0.0,0.0,0.03125
2016,oe:team:93c730021ff69abdfccc4911a2f666f,ROX Tigers,top,-0.7857142857142856,0.21428571428571427,0.9999999999999999,0.42857142857142855,0.10714285714285714
2016,oe:team:93c730021ff69abdfccc4911a2f666f,ROX Tigers,jng,-1.1785714285714286,0.0,1.1785714285714286,0.4642857142857143,0.0
2016,oe:team:93c730021ff69abdfccc4911a2f666f,ROX Tigers,mid,-0.3571428571428571,0.0,0.3571428571428571,0.21428571428571425,0.0
2016,oe:team:93c730021ff69abdfccc4911a2f666f,ROX Tigers,bot,-2.142857142857143,0.0,2.142857142857143,0.9285714285714286,0.0
2016,oe:team:93c730021ff69abdfccc4911a2f666f,ROX Tigers,sup,0.03571428571428571,0.03571428571428571,0.0,0.0,0.03571428571428571
2016,oe:team:a22510a4756fa424cb0771b13261139,TSM,top,-0.4411764705882353,0.5882352941176471,1.0294117647058825,0.5294117647058824,0.29411764705882354
2016,oe:team:a22510a4756fa424cb0771b13261139,TSM,jng,-1.7647058823529411,0.0,1.7647058823529411,0.7058823529411765,0.0
2016,oe:team:a22510a4756fa424cb0771b13261139,TSM,mid,-0.4411764705882353,0.08823529411764705,0.5294117647058824,0.2941176470588235,0.08823529411764705
2016,oe:team:a22510a4756fa424cb0771b13261139,TSM,bot,-1.352941176470588,0.0,1.352941176470588,0.6176470588235294,0.0
2016,oe:team:a22510a4756fa424cb0771b13261139,TSM,sup,0.0,0.0,0.0,0.0,0.0
2016,oe:team:bcb21457414eb9be1d27489ff7e8e59,INTZ,top,-1.1428571428571428,0.0,1.1428571428571428,0.6666666666666666,0.0
2016,oe:team:bcb21457414eb9be1d27489ff7e8e59,INTZ,jng,-1.7142857142857142,0.0,1.7142857142857142,0.6666666666666666,0.0
2016,oe:team:bcb21457414eb9be1d27489ff7e8e59,INTZ,mid,-0.5238095238095237,0.0,0.5238095238095237,0.2857142857142857,0.0
2016,oe:team:bcb21457414eb9be1d27489ff7e8e59,INTZ,bot,-1.8095238095238093,0.0,1.8095238095238093,0.6666666666666667,0.0
2016,oe:team:bcb21457414eb9be1d27489ff7e8e59,INTZ,sup,0.047619047619047616,0.047619047619047616,0.0,0.0,0.047619047619047616
2016,oe:team:cbfaf0ca2181f0903d2fcceb6c28f3b,Counter Logic Gaming,top,-0.8372093023255813,0.27906976744186046,1.1162790697674418,0.5581395348837209,0.13953488372093023
2016,oe:team:cbfaf0ca2181f0903d2fcceb6c28f3b,Counter Logic Gaming,jng,-1.744186046511628,0.0,1.744186046511628,0.6976744186046512,0.0
2016,oe:team:cbfaf0ca2181f0903d2fcceb6c28f3b,Counter Logic Gaming,mid,-0.11627906976744186,0.06976744186046512,0.18604651162790697,0.09302325581395349,0.06976744186046512
2016,oe:team:cbfaf0ca2181f0903d2fcceb6c28f3b,Counter Logic Gaming,bot,-1.372093023255814,0.0,1.372093023255814,0.5813953488372093,0.0
2016,oe:team:cbfaf0ca2181f0903d2fcceb6c28f3b,Counter Logic Gaming,sup,0.18604651162790697,0.18604651162790697,0.0,0.0,0.18604651162790697
2016,oe:team:d15303823a1dccff9f3068fb357e356,ahq eSports Club,top,-1.3611111111111112,0.2222222222222222,1.5833333333333335,0.7500000000000001,0.1388888888888889
2016,oe:team:d15303823a1dccff9f3068fb357e356,ahq eSports Club,jng,-1.4166666666666667,0.0,1.4166666666666667,0.5555555555555556,0.0
2016,oe:team:d15303823a1dccff9f3068fb357e356,ahq eSports Club,mid,-0.5555555555555556,0.1111111111111111,0.6666666666666666,0.4722222222222222,0.1111111111111111
2016,oe:team:d15303823a1dccff9f3068fb357e356,ahq eSports Club,bot,-1.7222222222222223,0.0,1.7222222222222223,0.6944444444444444,0.0
2016,oe:team:d15303823a1dccff9f3068fb357e356,ahq eSports Club,sup,0.05555555555555555,0.05555555555555555,0.0,0.0,0.05555555555555555
2016,oe:team:f2357aab765dfb94659ba2223a6d4f0,Albus NoX Luna,top,-1.5769230769230769,0.0,1.5769230769230769,0.7307692307692307,0.0
2016,oe:team:f2357aab765dfb94659ba2223a6d4f0,Albus NoX Luna,jng,-2.0769230769230766,0.0,2.0769230769230766,0.8076923076923077,0.0
2016,oe:team:f2357aab765dfb94659ba2223a6d4f0,Albus NoX Luna,mid,-0.2692307692307693,0.038461538461538464,0.3076923076923077,0.15384615384615385,0.038461538461538464
2016,oe:team:f2357aab765dfb94659ba2223a6d4f0,Albus NoX Luna,bot,-1.653846153846154,0.0,1.653846153846154,0.7692307692307693,0.0
2016,oe:team:f2357aab765dfb94659ba2223a6d4f0,Albus NoX Luna,sup,0.0,0.0,0.0,0.0,0.0
2016,oe:team:fc8e90107dabb9a35c490b0d86adea0,Cloud9,top,-1.1914893617021276,0.1702127659574468,1.3617021276595744,0.7234042553191489,0.0851063829787234
2016,oe:team:fc8e90107dabb9a35c490b0d86adea0,Cloud9,jng,-2.0851063829787235,0.0,2.0851063829787235,0.8085106382978724,0.0
2016,oe:team:fc8e90107dabb9a35c490b0d86adea0,Cloud9,mid,-0.2553191489361702,0.06382978723404255,0.3191489361702128,0.1702127659574468,0.06382978723404255
2016,oe:team:fc8e90107dabb9a35c490b0d86adea0,Cloud9,bot,-2.106382978723404,0.0,2.106382978723404,0.851063829787234,0.0
2016,oe:team:fc8e90107dabb9a35c490b0d86adea0,Cloud9,sup,0.1276595744680851,0.1276595744680851,0.0,0.0,0.1276595744680851
2017,oe:team:056c3140a119e44a03d462e2c832f27,EDward Gaming,top,-0.2,0.08888888888888889,0.28888888888888886,0.2,0.044444444444444446
2017,oe:team:056c3140a119e44a03d462e2c832f27,EDward Gaming,jng,-0.2222222222222222,0.0,0.2222222222222222,0.17777777777777778,0.0
2017,oe:team:056c3140a119e44a03d462e2c832f27,EDward Gaming,mid,-0.15555555555555556,0.0,0.15555555555555556,0.15555555555555556,0.0
2017,oe:team:056c3140a119e44a03d462e2c832f27,EDward Gaming,bot,-0.4666666666666667,0.0,0.4666666666666667,0.3111111111111111,0.0
2017,oe:team:056c3140a119e44a03d462e2c832f27,EDward Gaming,sup,0.0,0.0,0.0,0.0,0.0
2017,oe:team:3354e252e33ed55fd8fa14595ca1564,SK Telecom T1,top,-0.0851063829787234,0.19148936170212766,0.2765957446808511,0.2765957446808511,0.06382978723404255
2017,oe:team:3354e252e33ed55fd8fa14595ca1564,SK Telecom T1,jng,-0.5744680851063829,0.0,0.5744680851063829,0.36170212765957444,0.0
2017,oe:team:3354e252e33ed55fd8fa14595ca1564,SK Telecom T1,mid,-0.8085106382978723,0.02127659574468085,0.8297872340425532,0.6595744680851063,0.02127659574468085
2017,oe:team:3354e252e33ed55fd8fa14595ca1564,SK Telecom T1,bot,-0.6382978723404256,0.0,0.6382978723404256,0.44680851063829785,0.0
2017,oe:team:3354e252e33ed55fd8fa14595ca1564,SK Telecom T1,sup,0.0,0.0,0.0,0.0,0.0
2017,oe:team:364547a649dd1c75e258f0d5168509f,Team oNe eSports,top,-0.2631578947368421,0.0,0.2631578947368421,0.2631578947368421,0.0
2017,oe:team:364547a649dd1c75e258f0d5168509f,Team oNe eSports,jng,-0.10526315789473684,0.0,0.10526315789473684,0.05263157894736842,0.0
2017,oe:team:364547a649dd1c75e258f0d5168509f,Team oNe eSports,mid,-0.10526315789473684,0.0,0.10526315789473684,0.10526315789473684,0.0
2017,oe:team:364547a649dd1c75e258f0d5168509f,Team oNe eSports,bot,-0.3684210526315789,0.0,0.3684210526315789,0.3157894736842105,0.0
2017,oe:team:364547a649dd1c75e258f0d5168509f,Team oNe eSports,sup,0.0,0.0,0.0,0.0,0.0
2017,oe:team:3b84bb916852d07609c83d1ce91c1a9,Samsung Galaxy,top,-0.4166666666666667,0.0,0.4166666666666667,0.4166666666666667,0.0
2017,oe:team:3b84bb916852d07609c83d1ce91c1a9,Samsung Galaxy,jng,-0.5,0.020833333333333332,0.5208333333333334,0.3333333333333333,0.020833333333333332
2017,oe:team:3b84bb916852d07609c83d1ce91c1a9,Samsung Galaxy,mid,-0.8333333333333333,0.0625,0.8958333333333331,0.5833333333333333,0.020833333333333332
2017,oe:team:3b84bb916852d07609c83d1ce91c1a9,Samsung Galaxy,bot,-0.375,0.0,0.375,0.2708333333333333,0.0
2017,oe:team:3b84bb916852d07609c83d1ce91c1a9,Samsung Galaxy,sup,0.0,0.0,0.0,0.0,0.0
2017,oe:team:418bd4b8f699d70c4509d7f9c768a3a,Gambit Esports,top,-0.3181818181818182,0.18181818181818182,0.5,0.36363636363636365,0.09090909090909091
2017,oe:team:418bd4b8f699d70c4509d7f9c768a3a,Gambit Esports,jng,-0.6363636363636364,0.0,0.6363636363636364,0.3181818181818182,0.0
2017,oe:team:418bd4b8f699d70c4509d7f9c768a3a,Gambit Esports,mid,0.045454545454545456,0.045454545454545456,0.0,0.0,0.045454545454545456
2017,oe:team:418bd4b8f699d70c4509d7f9c768a3a,Gambit Esports,bot,-0.3181818181818182,0.0,0.3181818181818182,0.22727272727272727,0.0
2017,oe:team:418bd4b8f699d70c4509d7f9c768a3a,Gambit Esports,sup,0.0,0.0,0.0,0.0,0.0
2017,oe:team:418c28593a78b57ef74e47d0c18640a,Fenerbahçe Esports,top,-0.303030303030303,0.09090909090909091,0.3939393939393939,0.3939393939393939,0.030303030303030304
2017,oe:team:418c28593a78b57ef74e47d0c18640a,Fenerbahçe Esports,jng,-0.7272727272727273,0.0,0.7272727272727273,0.3939393939393939,0.0
2017,oe:team:418c28593a78b57ef74e47d0c18640a,Fenerbahçe Esports,mid,-0.8787878787878787,0.030303030303030304,0.909090909090909,0.6363636363636364,0.030303030303030304
2017,oe:team:418c28593a78b57ef74e47d0c18640a,Fenerbahçe Esports,bot,-0.7272727272727273,0.0,0.7272727272727273,0.45454545454545453,0.0
2017,oe:team:418c28593a78b57ef74e47d0c18640a,Fenerbahçe Esports,sup,0.0,0.0,0.0,0.0,0.0
2017,oe:team:594b183f8fb081ef64820f31ab8d641,Misfits Gaming,top,-0.4857142857142857,0.0,0.4857142857142857,0.4857142857142857,0.0
2017,oe:team:594b183f8fb081ef64820f31ab8d641,Misfits Gaming,jng,-0.1714285714285714,0.08571428571428572,0.2571428571428571,0.14285714285714285,0.08571428571428572
2017,oe:team:594b183f8fb081ef64820f31ab8d641,Misfits Gaming,mid,-0.05714285714285714,0.0,0.05714285714285714,0.05714285714285714,0.0
2017,oe:team:594b183f8fb081ef64820f31ab8d641,Misfits Gaming,bot,-0.5428571428571429,0.0,0.5428571428571429,0.34285714285714286,0.0
2017,oe:team:594b183f8fb081ef64820f31ab8d641,Misfits Gaming,sup,0.0,0.0,0.0,0.0,0.0
2017,oe:team:62c1cd9465dc63824593ee5046f5aa8,Team WE,top,-0.3103448275862069,0.0,0.3103448275862069,0.2931034482758621,0.0
2017,oe:team:62c1cd9465dc63824593ee5046f5aa8,Team WE,jng,-0.4827586206896552,0.10344827586206898,0.5862068965517242,0.3448275862068966,0.10344827586206898
2017,oe:team:62c1cd9465dc63824593ee5046f5aa8,Team WE,mid,-0.034482758620689655,0.0,0.034482758620689655,0.034482758620689655,0.0
2017,oe:team:62c1cd9465dc63824593ee5046f5aa8,Team WE,bot,-0.4827586206896552,0.0,0.4827586206896552,0.36206896551724144,0.0
2017,oe:team:62c1cd9465dc63824593ee5046f5aa8,Team WE,sup,0.0,0.0,0.0,0.0,0.0
2017,oe:team:6c951ee7222ac9acd244aa88c9e8330,Young Generation,top,-0.2857142857142857,0.0,0.2857142857142857,0.2857142857142857,0.0
2017,oe:team:6c951ee7222ac9acd244aa88c9e8330,Young Generation,jng,-0.38095238095238093,0.0,0.38095238095238093,0.2857142857142857,0.0
2017,oe:team:6c951ee7222ac9acd244aa88c9e8330,Young Generation,mid,0.0,0.0,0.0,0.0,0.0
2017,oe:team:6c951ee7222ac9acd244aa88c9e8330,Young Generation,bot,-0.6190476190476191,0.0,0.6190476190476191,0.42857142857142855,0.0
2017,oe:team:6c951ee7222ac9acd244aa88c9e8330,Young Generation,sup,0.0,0.0,0.0,0.0,0.0
2017,oe:team:6f0162b86d2a0d206ba9a08a1da14be,Hong Kong Attitude,top,-0.3142857142857143,0.0,0.3142857142857143,0.3142857142857143,0.0
2017,oe:team:6f0162b86d2a0d206ba9a08a1da14be,Hong Kong Attitude,jng,-0.6571428571428571,0.0,0.6571428571428571,0.37142857142857144,0.0
2017,oe:team:6f0162b86d2a0d206ba9a08a1da14be,Hong Kong Attitude,mid,0.0,0.0,0.0,0.0,0.0
2017,oe:team:6f0162b86d2a0d206ba9a08a1da14be,Hong Kong Attitude,bot,-0.657142857142857,0.0,0.657142857142857,0.39999999999999997,0.0
2017,oe:team:6f0162b86d2a0d206ba9a08a1da14be,Hong Kong Attitude,sup,0.0,0.0,0.0,0.0,0.0
2017,oe:team:73f3126d91d35faa5d5ce34abadb865,Royal Never Give Up,top,-0.2553191489361702,0.0,0.2553191489361702,0.2553191489361702,0.0
2017,oe:team:73f3126d91d35faa5d5ce34abadb865,Royal Never Give Up,jng,-0.553191489361702,0.0,0.553191489361702,0.2978723404255319,0.0
2017,oe:team:73f3126d91d35faa5d5ce34abadb865,Royal Never Give Up,mid,-0.0851063829787234,0.0,0.0851063829787234,0.0851063829787234,0.0
2017,oe:team:73f3126d91d35faa5d5ce34abadb865,Royal Never Give Up,bot,-0.5106382978723404,0.0425531914893617,0.5531914893617021,0.3191489361702127,0.0425531914893617
2017,oe:team:73f3126d91d35faa5d5ce34abadb865,Royal Never Give Up,sup,-0.0425531914893617,0.0,0.0425531914893617,0.02127659574468085,0.0
2017,oe:team:78f183fa5a7d8ecb22b9ad272c3abd7,Fnatic,top,-0.6,0.0,0.6,0.5,0.0
2017,oe:team:78f183fa5a7d8ecb22b9ad272c3abd7,Fnatic,jng,-0.7000000000000001,0.0,0.7000000000000001,0.375,0.0
2017,oe:team:78f183fa5a7d8ecb22b9ad272c3abd7,Fnatic,mid,0.025,0.025,0.0,0.0,0.025
2017,oe:team:78f183fa5a7d8ecb22b9ad272c3abd7,Fnatic,bot,-0.25,0.0,0.25,0.225,0.0
2017,oe:team:78f183fa5a7d8ecb22b9ad272c3abd7,Fnatic,sup,0.0,0.0,0.0,0.0,0.0
2017,oe:team:7cd8dc1c987b84b99e3d246d1943c92,Flash Wolves,top,-0.05405405405405406,0.16216216216216217,0.21621621621621623,0.21621621621621623,0.08108108108108109
2017,oe:team:7cd8dc1c987b84b99e3d246d1943c92,Flash Wolves,jng,-0.7567567567567568,0.0,0.7567567567567568,0.43243243243243246,0.0
2017,oe:team:7cd8dc1c987b84b99e3d246d1943c92,Flash Wolves,mid,0.02702702702702703,0.05405405405405406,0.02702702702702703,0.02702702702702703,0.05405405405405406
2017,oe:team:7cd8dc1c987b84b99e3d246d1943c92,Flash Wolves,bot,-0.6756756756756757,0.0,0.6756756756756757,0.40540540540540543,0.0
2017,oe:team:7cd8dc1c987b84b99e3d246d1943c92,Flash Wolves,sup,0.0,0.0,0.0,0.0,0.0
2017,oe:team:7d6673d3a9d00363c6bebc1a630da6e,G2 Esports,top,-0.45238095238095233,0.0,0.45238095238095233,0.42857142857142855,0.0
2017,oe:team:7d6673d3a9d00363c6bebc1a630da6e,G2 Esports,jng,-0.7380952380952381,0.0,0.7380952380952381,0.4285714285714286,0.0
2017,oe:team:7d6673d3a9d00363c6bebc1a630da6e,G2 Esports,mid,-0.11904761904761904,0.023809523809523808,0.14285714285714285,0.14285714285714285,0.023809523809523808
2017,oe:team:7d6673d3a9d00363c6bebc1a630da6e,G2 Esports,bot,-0.42857142857142855,0.0,0.42857142857142855,0.30952380952380953,0.0
2017,oe:team:7d6673d3a9d00363c6bebc1a630da6e,G2 Esports,sup,0.0,0.0,0.0,0.0,0.0
2017,oe:team:9cae7677cd0dbcc1cd86653870b73c2,GAM Esports,top,-0.5384615384615385,0.0,0.5384615384615385,0.3076923076923077,0.0
2017,oe:team:9cae7677cd0dbcc1cd86653870b73c2,GAM Esports,jng,-0.6153846153846154,0.0,0.6153846153846154,0.46153846153846156,0.0
2017,oe:team:9cae7677cd0dbcc1cd86653870b73c2,GAM Esports,mid,-0.07692307692307693,0.0,0.07692307692307693,0.07692307692307693,0.0
2017,oe:team:9cae7677cd0dbcc1cd86653870b73c2,GAM Esports,bot,-0.7692307692307693,0.0,0.7692307692307693,0.46153846153846156,0.0
2017,oe:team:9cae7677cd0dbcc1cd86653870b73c2,GAM Esports,sup,0.0,0.0,0.0,0.0,0.0
2017,oe:team:a22510a4756fa424cb0771b13261139,TSM,top,-0.6458333333333334,0.0,0.6458333333333334,0.5208333333333334,0.0
2017,oe:team:a22510a4756fa424cb0771b13261139,TSM,jng,-0.6875,0.0,0.6875,0.35416666666666663,0.0
2017,oe:team:a22510a4756fa424cb0771b13261139,TSM,mid,0.0,0.020833333333333332,0.020833333333333332,0.020833333333333332,0.020833333333333332
2017,oe:team:a22510a4756fa424cb0771b13261139,TSM,bot,-0.45833333333333337,0.0,0.45833333333333337,0.4166666666666667,0.0
2017,oe:team:a22510a4756fa424cb0771b13261139,TSM,sup,0.0,0.0,0.0,0.0,0.0
2017,oe:team:a9744fc5b0ca952b17ef07c0aa99602,Rampage,top,-0.4482758620689655,0.0,0.4482758620689655,0.3793103448275862,0.0
2017,oe:team:a9744fc5b0ca952b17ef07c0aa99602,Rampage,jng,-0.5172413793103449,0.06896551724137931,0.5862068965517241,0.37931034482758624,0.06896551724137931
2017,oe:team:a9744fc5b0ca952b17ef07c0aa99602,Rampage,mid,-1.0689655172413794,0.0,1.0689655172413794,0.689655172413793,0.0
2017,oe:team:a9744fc5b0ca952b17ef07c0aa99602,Rampage,bot,-0.4827586206896552,0.0,0.4827586206896552,0.4137931034482759,0.0
2017,oe:team:a9744fc5b0ca952b17ef07c0aa99602,Rampage,sup,0.0,0.0,0.0,0.0,0.0
2017,oe:team:c334c629fea759876e9e04afbe4aee7,Immortals,top,-0.38095238095238093,0.0,0.38095238095238093,0.35714285714285715,0.0
2017,oe:team:c334c629fea759876e9e04afbe4aee7,Immortals,jng,-0.8333333333333334,0.0,0.8333333333333334,0.5238095238095238,0.0
2017,oe:team:c334c629fea759876e9e04afbe4aee7,Immortals,mid,-0.047619047619047616,0.0,0.047619047619047616,0.047619047619047616,0.0
2017,oe:team:c334c629fea759876e9e04afbe4aee7,Immortals,bot,-0.3333333333333333,0.0,0.3333333333333333,0.23809523809523808,0.0
2017,oe:team:c334c629fea759876e9e04afbe4aee7,Immortals,sup,0.0,0.0,0.0,0.0,0.0
2017,oe:team:c5b7f439779b465529ff283c53f41c0,Kaos Latin Gamers,top,-0.5,0.0,0.5,0.36363636363636365,0.0
2017,oe:team:c5b7f439779b465529ff283c53f41c0,Kaos Latin Gamers,jng,-0.36363636363636365,0.0,0.36363636363636365,0.22727272727272727,0.0
2017,oe:team:c5b7f439779b465529ff283c53f41c0,Kaos Latin Gamers,mid,-1.2727272727272727,0.0,1.2727272727272727,0.7727272727272727,0.0
2017,oe:team:c5b7f439779b465529ff283c53f41c0,Kaos Latin Gamers,bot,-0.13636363636363635,0.0,0.13636363636363635,0.09090909090909091,0.0
2017,oe:team:c5b7f439779b465529ff283c53f41c0,Kaos Latin Gamers,sup,-0.09090909090909091,0.0,0.09090909090909091,0.045454545454545456,0.0
2017,oe:team:cd6e0eea04af23b9c0735dab41a9941,Dire Wolves,top,-0.1724137931034483,0.13793103448275862,0.3103448275862069,0.3103448275862069,0.06896551724137931
2017,oe:team:cd6e0eea04af23b9c0735dab41a9941,Dire Wolves,jng,-0.4482758620689655,0.0,0.4482758620689655,0.24137931034482757,0.0
2017,oe:team:cd6e0eea04af23b9c0735dab41a9941,Dire Wolves,mid,0.0,0.0,0.0,0.0,0.0
2017,oe:team:cd6e0eea04af23b9c0735dab41a9941,Dire Wolves,bot,-0.24137931034482757,0.0,0.24137931034482757,0.13793103448275862,0.0
2017,oe:team:cd6e0eea04af23b9c0735dab41a9941,Dire Wolves,sup,0.0,0.0,0.0,0.0,0.0
2017,oe:team:d15303823a1dccff9f3068fb357e356,ahq eSports Club,top,-0.2,0.0,0.2,0.2,0.0
2017,oe:team:d15303823a1dccff9f3068fb357e356,ahq eSports Club,jng,-0.75,0.0,0.75,0.42500000000000004,0.0
2017,oe:team:d15303823a1dccff9f3068fb357e356,ahq eSports Club,mid,0.0,0.0,0.0,0.0,0.0
2017,oe:team:d15303823a1dccff9f3068fb357e356,ahq eSports Club,bot,-0.47500000000000003,0.0,0.47500000000000003,0.25,0.0
2017,oe:team:d15303823a1dccff9f3068fb357e356,ahq eSports Club,sup,0.0,0.0,0.0,0.0,0.0
2017,oe:team:d996d27c1737a1f7494fc09d6911339,Lyon Gaming,top,-0.24242424242424243,0.09090909090909091,0.3333333333333333,0.30303030303030304,0.030303030303030304
2017,oe:team:d996d27c1737a1f7494fc09d6911339,Lyon Gaming,jng,-0.606060606060606,0.0,0.606060606060606,0.393939393939394,0.0
2017,oe:team:d996d27c1737a1f7494fc09d6911339,Lyon Gaming,mid,-0.9090909090909091,0.0,0.9090909090909091,0.6666666666666666,0.0
2017,oe:team:d996d27c1737a1f7494fc09d6911339,Lyon Gaming,bot,-0.42424242424242425,0.0,0.42424242424242425,0.33333333333333337,0.0
2017,oe:team:d996d27c1737a1f7494fc09d6911339,Lyon Gaming,sup,0.0,0.0,0.0,0.0,0.0
2017,oe:team:fbf53cf218dfaa8c2b2a864d13d2206,Longzhu Gaming,top,-0.057142857142857134,0.17142857142857143,0.22857142857142856,0.14285714285714285,0.05714285714285714
2017,oe:team:fbf53cf218dfaa8c2b2a864d13d2206,Longzhu Gaming,jng,-0.45714285714285713,0.0,0.45714285714285713,0.22857142857142856,0.0
2017,oe:team:fbf53cf218dfaa8c2b2a864d13d2206,Longzhu Gaming,mid,-1.2857142857142858,0.02857142857142857,1.3142857142857143,0.8571428571428571,0.02857142857142857
2017,oe:team:fbf53cf218dfaa8c2b2a864d13d2206,Longzhu Gaming,bot,-0.4285714285714286,0.0,0.4285714285714286,0.2571428571428571,0.0
2017,oe:team:fbf53cf218dfaa8c2b2a864d13d2206,Longzhu Gaming,sup,0.0,0.0,0.0,0.0,0.0
2017,oe:team:fc8e90107dabb9a35c490b0d86adea0,Cloud9,top,-0.28,0.0,0.28,0.24000000000000002,0.0
2017,oe:team:fc8e90107dabb9a35c490b0d86adea0,Cloud9,jng,-0.36000000000000004,0.04,0.4,0.24,0.04
2017,oe:team:fc8e90107dabb9a35c490b0d86adea0,Cloud9,mid,-0.1,0.0,0.1,0.1,0.0
2017,oe:team:fc8e90107dabb9a35c490b0d86adea0,Cloud9,bot,-0.38,0.0,0.38,0.3,0.0
2017,oe:team:fc8e90107dabb9a35c490b0d86adea0,Cloud9,sup,0.0,0.0,0.0,0.0,0.0
2018,oe:team:056c3140a119e44a03d462e2c832f27,EDward Gaming,top,0.14035087719298245,0.14035087719298245,0.0,0.0,0.07017543859649122
2018,oe:team:056c3140a119e44a03d462e2c832f27,EDward Gaming,jng,-0.3684210526315789,0.0,0.3684210526315789,0.19298245614035087,0.0
2018,oe:team:056c3140a119e44a03d462e2c832f27,EDward Gaming,mid,-0.3508771929824561,0.0,0.3508771929824561,0.17543859649122806,0.0
2018,oe:team:056c3140a119e44a03d462e2c832f27,EDward Gaming,bot,0.12280701754385964,0.12280701754385964,0.0,0.0,0.12280701754385964
2018,oe:team:056c3140a119e44a03d462e2c832f27,EDward Gaming,sup,-0.10526315789473684,0.0,0.10526315789473684,0.10526315789473684,0.0
2018,oe:team:0b63f14fd7de22a26869bb1c76f87fc,G-Rex,top,0.16666666666666666,0.16666666666666666,0.0,0.0,0.08333333333333333
2018,oe:team:0b63f14fd7de22a26869bb1c76f87fc,G-Rex,jng,-0.625,0.0,0.625,0.3125,0.0
2018,oe:team:0b63f14fd7de22a26869bb1c76f87fc,G-Rex,mid,-0.041666666666666664,0.041666666666666664,0.08333333333333333,0.041666666666666664,0.020833333333333332
2018,oe:team:0b63f14fd7de22a26869bb1c76f87fc,G-Rex,bot,0.020833333333333332,0.020833333333333332,0.0,0.0,0.020833333333333332
2018,oe:team:0b63f14fd7de22a26869bb1c76f87fc,G-Rex,sup,-0.1875,0.0,0.1875,0.1875,0.0
2018,oe:team:418bd4b8f699d70c4509d7f9c768a3a,Gambit Esports,top,0.041666666666666664,0.041666666666666664,0.0,0.0,0.020833333333333332
2018,oe:team:418bd4b8f699d70c4509d7f9c768a3a,Gambit Esports,jng,-0.2916666666666667,0.0,0.2916666666666667,0.14583333333333334,0.0
2018,oe:team:418bd4b8f699d70c4509d7f9c768a3a,Gambit Esports,mid,-0.20833333333333334,0.0,0.20833333333333334,0.10416666666666667,0.0
2018,oe:team:418bd4b8f699d70c4509d7f9c768a3a,Gambit Esports,bot,0.020833333333333332,0.020833333333333332,0.0,0.0,0.020833333333333332
2018,oe:team:418bd4b8f699d70c4509d7f9c768a3a,Gambit Esports,sup,0.125,0.16666666666666666,0.041666666666666664,0.041666666666666664,0.08333333333333333
2018,oe:team:4bd1751425ef6a9bc9d4d8e9385b4a6,100 Thieves,top,0.11764705882352941,0.11764705882352941,0.0,0.0,0.058823529411764705
2018,oe:team:4bd1751425ef6a9bc9d4d8e9385b4a6,100 Thieves,jng,-0.6470588235294118,0.0,0.6470588235294118,0.3235294117647059,0.0
2018,oe:team:4bd1751425ef6a9bc9d4d8e9385b4a6,100 Thieves,mid,-0.35294117647058826,0.0,0.35294117647058826,0.17647058823529413,0.0
2018,oe:team:4bd1751425ef6a9bc9d4d8e9385b4a6,100 Thieves,bot,0.11764705882352941,0.11764705882352941,0.0,0.0,0.11764705882352941
2018,oe:team:4bd1751425ef6a9bc9d4d8e9385b4a6,100 Thieves,sup,-0.2647058823529412,0.058823529411764705,0.3235294117647059,0.3235294117647059,0.029411764705882353
2018,oe:team:50f58982d91a36557ec8aec52ab014f,Gen.G,top,-0.163265306122449,0.08163265306122448,0.24489795918367346,0.12244897959183673,0.04081632653061224
2018,oe:team:50f58982d91a36557ec8aec52ab014f,Gen.G,jng,-1.0204081632653061,0.02040816326530612,1.0408163265306123,0.5306122448979592,0.02040816326530612
2018,oe:team:50f58982d91a36557ec8aec52ab014f,Gen.G,mid,-0.8367346938775511,0.0,0.8367346938775511,0.4693877551020408,0.0
2018,oe:team:50f58982d91a36557ec8aec52ab014f,Gen.G,bot,0.12244897959183673,0.12244897959183673,0.0,0.0,0.061224489795918366
2018,oe:team:50f58982d91a36557ec8aec52ab014f,Gen.G,sup,-0.6326530612244898,0.0,0.6326530612244898,0.3877551020408163,0.0
2018,oe:team:5203ff881d5c82c5f720eb3a2f3b44c,Papara SuperMassive,top,0.16666666666666666,0.16666666666666666,0.0,0.0,0.08333333333333333
2018,oe:team:5203ff881d5c82c5f720eb3a2f3b44c,Papara SuperMassive,jng,-0.5555555555555556,0.0,0.5555555555555556,0.2777777777777778,0.0
2018,oe:team:5203ff881d5c82c5f720eb3a2f3b44c,Papara SuperMassive,mid,0.05555555555555555,0.1111111111111111,0.05555555555555555,0.027777777777777776,0.05555555555555555
2018,oe:team:5203ff881d5c82c5f720eb3a2f3b44c,Papara SuperMassive,bot,0.08333333333333333,0.08333333333333333,0.0,0.0,0.05555555555555555
2018,oe:team:5203ff881d5c82c5f720eb3a2f3b44c,Papara SuperMassive,sup,0.16666666666666666,0.2222222222222222,0.05555555555555555,0.05555555555555555,0.1111111111111111
2018,oe:team:53a258f289c26d94431c0496a54e151,Invictus Gaming,top,0.07272727272727272,0.14545454545454545,0.07272727272727272,0.03636363636363636,0.07272727272727272
2018,oe:team:53a258f289c26d94431c0496a54e151,Invictus Gaming,jng,-0.2545454545454545,0.03636363636363636,0.2909090909090909,0.14545454545454545,0.01818181818181818
2018,oe:team:53a258f289c26d94431c0496a54e151,Invictus Gaming,mid,-0.32727272727272727,0.0,0.32727272727272727,0.16363636363636364,0.0
2018,oe:team:53a258f289c26d94431c0496a54e151,Invictus Gaming,bot,0.21818181818181817,0.21818181818181817,0.0,0.0,0.21818181818181817
2018,oe:team:53a258f289c26d94431c0496a54e151,Invictus Gaming,sup,-0.2,0.0,0.2,0.2,0.0
2018,oe:team:6db10eb2b230fe5af5947ce5d46bc9a,Ascension Gaming,top,0.09523809523809523,0.47619047619047616,0.38095238095238093,0.19047619047619047,0.23809523809523808
2018,oe:team:6db10eb2b230fe5af5947ce5d46bc9a,Ascension Gaming,jng,-0.6666666666666666,0.0,0.6666666666666666,0.3333333333333333,0.0
2018,oe:team:6db10eb2b230fe5af5947ce5d46bc9a,Ascension Gaming,mid,-0.42857142857142855,0.0,0.42857142857142855,0.23809523809523808,0.0
2018,oe:team:6db10eb2b230fe5af5947ce5d46bc9a,Ascension Gaming,bot,0.047619047619047616,0.047619047619047616,0.0,0.0,0.047619047619047616
2018,oe:team:6db10eb2b230fe5af5947ce5d46bc9a,Ascension Gaming,sup,-0.42857142857142855,0.0,0.42857142857142855,0.23809523809523808,0.0
2018,oe:team:73f3126d91d35faa5d5ce34abadb865,Royal Never Give Up,top,0.03571428571428571,0.03571428571428571,0.0,0.0,0.017857142857142856
2018,oe:team:73f3126d91d35faa5d5ce34abadb865,Royal Never Give Up,jng,-0.7142857142857142,0.0,0.7142857142857142,0.375,0.0
2018,oe:team:73f3126d91d35faa5d5ce34abadb865,Royal Never Give Up,mid,-0.35714285714285715,0.0,0.35714285714285715,0.17857142857142858,0.0
2018,oe:team:73f3126d91d35faa5d5ce34abadb865,Royal Never Give Up,bot,0.3928571428571428,0.3928571428571428,0.0,0.0,0.21428571428571427
2018,oe:team:73f3126d91d35faa5d5ce34abadb865,Royal Never Give Up,sup,-0.125,0.0,0.125,0.125,0.0
2018,oe:team:78f183fa5a7d8ecb22b9ad272c3abd7,Fnatic,top,0.0,0.0,0.0,0.0,0.0
2018,oe:team:78f183fa5a7d8ecb22b9ad272c3abd7,Fnatic,jng,-1.2142857142857142,0.0,1.2142857142857142,0.6071428571428571,0.0
2018,oe:team:78f183fa5a7d8ecb22b9ad272c3abd7,Fnatic,mid,0.0,0.14285714285714285,0.14285714285714285,0.07142857142857142,0.10714285714285714
2018,oe:team:78f183fa5a7d8ecb22b9ad272c3abd7,Fnatic,bot,-0.07142857142857142,0.0,0.07142857142857142,0.03571428571428571,0.0
2018,oe:team:78f183fa5a7d8ecb22b9ad272c3abd7,Fnatic,sup,-0.10714285714285714,0.0,0.10714285714285714,0.10714285714285714,0.0
2018,oe:team:7cd8dc1c987b84b99e3d246d1943c92,Flash Wolves,top,0.05405405405405406,0.05405405405405406,0.0,0.0,0.02702702702702703
2018,oe:team:7cd8dc1c987b84b99e3d246d1943c92,Flash Wolves,jng,-0.5405405405405406,0.0,0.5405405405405406,0.2702702702702703,0.0
2018,oe:team:7cd8dc1c987b84b99e3d246d1943c92,Flash Wolves,mid,-0.32432432432432434,0.0,0.32432432432432434,0.16216216216216217,0.0
2018,oe:team:7cd8dc1c987b84b99e3d246d1943c92,Flash Wolves,bot,0.0,0.0,0.0,0.0,0.0
2018,oe:team:7cd8dc1c987b84b99e3d246d1943c92,Flash Wolves,sup,-0.05405405405405406,0.0,0.05405405405405406,0.05405405405405406,0.0
2018,oe:team:7d6673d3a9d00363c6bebc1a630da6e,G2 Esports,top,-0.06060606060606061,0.0,0.06060606060606061,0.030303030303030304,0.0
2018,oe:team:7d6673d3a9d00363c6bebc1a630da6e,G2 Esports,jng,-0.6363636363636365,0.0,0.6363636363636365,0.36363636363636365,0.0
2018,oe:team:7d6673d3a9d00363c6bebc1a630da6e,G2 Esports,mid,-0.15151515151515152,0.09090909090909091,0.24242424242424243,0.12121212121212122,0.09090909090909091
2018,oe:team:7d6673d3a9d00363c6bebc1a630da6e,G2 Esports,bot,0.06060606060606061,0.06060606060606061,0.0,0.0,0.030303030303030304
2018,oe:team:7d6673d3a9d00363c6bebc1a630da6e,G2 Esports,sup,-0.09090909090909091,0.0,0.09090909090909091,0.09090909090909091,0.0
2018,oe:team:7e3dd5ff49e1a44784d225d2de40260,inf,top,0.13333333333333333,0.13333333333333333,0.0,0.0,0.06666666666666667
2018,oe:team:7e3dd5ff49e1a44784d225d2de40260,inf,jng,-0.4,0.0,0.4,0.2,0.0
2018,oe:team:7e3dd5ff49e1a44784d225d2de40260,inf,mid,-0.6666666666666666,0.0,0.6666666666666666,0.3333333333333333,0.0
2018,oe:team:7e3dd5ff49e1a44784d225d2de40260,inf,bot,0.1,0.1,0.0,0.0,0.1
2018,oe:team:7e3dd5ff49e1a44784d225d2de40260,inf,sup,-0.23333333333333334,0.0,0.23333333333333334,0.23333333333333334,0.0
2018,oe:team:86e551648da70c86cb473ce5d5f26f7,KaBuM! Esports,top,-0.2727272727272727,0.09090909090909091,0.36363636363636365,0.18181818181818182,0.045454545454545456
2018,oe:team:86e551648da70c86cb473ce5d5f26f7,KaBuM! Esports,jng,-1.272727272727273,0.0,1.272727272727273,0.6363636363636365,0.0
2018,oe:team:86e551648da70c86cb473ce5d5f26f7,KaBuM! Esports,mid,-0.5909090909090908,0.09090909090909091,0.6818181818181818,0.36363636363636365,0.045454545454545456
2018,oe:team:86e551648da70c86cb473ce5d5f26f7,KaBuM! Esports,bot,0.09090909090909091,0.18181818181818182,0.09090909090909091,0.045454545454545456,0.18181818181818182
2018,oe:team:86e551648da70c86cb473ce5d5f26f7,KaBuM! Esports,sup,-0.5,0.0,0.5,0.40909090909090906,0.0
2018,oe:team:8eb884e168f28402ce685bedebb5250,Team Liquid,top,0.14814814814814814,0.14814814814814814,0.0,0.0,0.07407407407407407
2018,oe:team:8eb884e168f28402ce685bedebb5250,Team Liquid,jng,-0.8148148148148148,0.0,0.8148148148148148,0.4074074074074074,0.0
2018,oe:team:8eb884e168f28402ce685bedebb5250,Team Liquid,mid,-0.2962962962962963,0.0,0.2962962962962963,0.14814814814814814,0.0
2018,oe:team:8eb884e168f28402ce685bedebb5250,Team Liquid,bot,0.037037037037037035,0.037037037037037035,0.0,0.0,0.037037037037037035
2018,oe:team:8eb884e168f28402ce685bedebb5250,Team Liquid,sup,-0.07407407407407407,0.2222222222222222,0.2962962962962963,0.2962962962962963,0.1111111111111111
2018,oe:team:b24f151e143d152c7cf8be9f13ec015,Phong Vũ Buffalo,top,0.02857142857142857,0.02857142857142857,0.0,0.0,0.02857142857142857
2018,oe:team:b24f151e143d152c7cf8be9f13ec015,Phong Vũ Buffalo,jng,-0.34285714285714286,0.0,0.34285714285714286,0.17142857142857143,0.0
2018,oe:team:b24f151e143d152c7cf8be9f13ec015,Phong Vũ Buffalo,mid,-0.34285714285714286,0.0,0.34285714285714286,0.17142857142857143,0.0
2018,oe:team:b24f151e143d152c7cf8be9f13ec015,Phong Vũ Buffalo,bot,0.02857142857142857,0.02857142857142857,0.0,0.0,0.02857142857142857
2018,oe:team:b24f151e143d152c7cf8be9f13ec015,Phong Vũ Buffalo,sup,-0.05714285714285714,0.0,0.05714285714285714,0.05714285714285714,0.0
2018,oe:team:b3c72a20aa56f5d28022ac04a7dc294,DN SOOPers,top,-0.07843137254901958,0.27450980392156865,0.3529411764705882,0.19607843137254904,0.13725490196078433
2018,oe:team:b3c72a20aa56f5d28022ac04a7dc294,DN SOOPers,jng,-0.588235294117647,0.0,0.588235294117647,0.2941176470588235,0.0
2018,oe:team:b3c72a20aa56f5d28022ac04a7dc294,DN SOOPers,mid,-0.607843137254902,0.0,0.607843137254902,0.3137254901960784,0.0
2018,oe:team:b3c72a20aa56f5d28022ac04a7dc294,DN SOOPers,bot,-0.0392156862745098,0.0,0.0392156862745098,0.0196078431372549,0.0
2018,oe:team:b3c72a20aa56f5d28022ac04a7dc294,DN SOOPers,sup,-0.19607843137254902,0.0392156862745098,0.23529411764705882,0.13725490196078433,0.0196078431372549
2018,oe:team:c5b7f439779b465529ff283c53f41c0,Kaos Latin Gamers,top,0.05714285714285714,0.05714285714285714,0.0,0.0,0.02857142857142857
2018,oe:team:c5b7f439779b465529ff283c53f41c0,Kaos Latin Gamers,jng,-0.17142857142857143,0.05714285714285714,0.22857142857142856,0.11428571428571428,0.02857142857142857
2018,oe:team:c5b7f439779b465529ff283c53f41c0,Kaos Latin Gamers,mid,-0.22857142857142856,0.0,0.22857142857142856,0.11428571428571428,0.0
2018,oe:team:c5b7f439779b465529ff283c53f41c0,Kaos Latin Gamers,bot,0.17142857142857143,0.17142857142857143,0.0,0.0,0.11428571428571428
2018,oe:team:c5b7f439779b465529ff283c53f41c0,Kaos Latin Gamers,sup,-0.057142857142857134,0.17142857142857143,0.22857142857142856,0.22857142857142856,0.08571428571428572
2018,oe:team:cd6e0eea04af23b9c0735dab41a9941,Dire Wolves,top,0.0,0.0,0.0,0.0,0.0
2018,oe:team:cd6e0eea04af23b9c0735dab41a9941,Dire Wolves,jng,-0.48000000000000004,0.0,0.48000000000000004,0.24000000000000002,0.0
2018,oe:team:cd6e0eea04af23b9c0735dab41a9941,Dire Wolves,mid,-0.04,0.04,0.08,0.04,0.04
2018,oe:team:cd6e0eea04af23b9c0735dab41a9941,Dire Wolves,bot,0.2,0.2,0.0,0.0,0.16
2018,oe:team:cd6e0eea04af23b9c0735dab41a9941,Dire Wolves,sup,-0.19999999999999998,0.04,0.24,0.24,0.04
2018,oe:team:d17e6a2f130f0cf8dd071ce88d5b870,MAD Team,top,0.2857142857142857,0.2857142857142857,0.0,0.0,0.14285714285714285
2018,oe:team:d17e6a2f130f0cf8dd071ce88d5b870,MAD Team,jng,-0.5714285714285714,0.0,0.5714285714285714,0.2857142857142857,0.0
2018,oe:team:d17e6a2f130f0cf8dd071ce88d5b870,MAD Team,mid,-0.09523809523809523,0.0,0.09523809523809523,0.047619047619047616,0.0
2018,oe:team:d17e6a2f130f0cf8dd071ce88d5b870,MAD Team,bot,0.07142857142857142,0.07142857142857142,0.0,0.0,0.07142857142857142
2018,oe:team:d17e6a2f130f0cf8dd071ce88d5b870,MAD Team,sup,-0.09523809523809523,0.0,0.09523809523809523,0.09523809523809523,0.0
2018,oe:team:d723992568441c6bafa2658129eade7,KT Rolster,top,-0.18604651162790697,0.0,0.18604651162790697,0.09302325581395349,0.0
2018,oe:team:d723992568441c6bafa2658129eade7,KT Rolster,jng,-0.9767441860465116,0.046511627906976744,1.0232558139534884,0.5116279069767442,0.023255813953488372
2018,oe:team:d723992568441c6bafa2658129eade7,KT Rolster,mid,-0.6976744186046512,0.0,0.6976744186046512,0.3488372093023256,0.0
2018,oe:team:d723992568441c6bafa2658129eade7,KT Rolster,bot,0.06976744186046512,0.06976744186046512,0.0,0.0,0.046511627906976744
2018,oe:team:d723992568441c6bafa2658129eade7,KT Rolster,sup,-0.27906976744186046,0.0,0.27906976744186046,0.16279069767441862,0.0
2018,oe:team:e435aa3ecb82a89e60544f5f5857a81,DetonatioN FocusMe,top,0.4444444444444444,0.4444444444444444,0.0,0.0,0.2222222222222222
2018,oe:team:e435aa3ecb82a89e60544f5f5857a81,DetonatioN FocusMe,jng,-0.5185185185185185,0.0,0.5185185185185185,0.25925925925925924,0.0
2018,oe:team:e435aa3ecb82a89e60544f5f5857a81,DetonatioN FocusMe,mid,0.0,0.0,0.0,0.0,0.0
2018,oe:team:e435aa3ecb82a89e60544f5f5857a81,DetonatioN FocusMe,bot,0.07407407407407407,0.14814814814814814,0.07407407407407407,0.037037037037037035,0.07407407407407407
2018,oe:team:e435aa3ecb82a89e60544f5f5857a81,DetonatioN FocusMe,sup,-0.07407407407407407,0.0,0.07407407407407407,0.07407407407407407,0.0
2018,oe:team:e8d8ae992fe72acb7adc7bfcee31dbb,Team Vitality,top,0.24,0.24,0.0,0.0,0.12
2018,oe:team:e8d8ae992fe72acb7adc7bfcee31dbb,Team Vitality,jng,-0.8,0.0,0.8,0.4,0.0
2018,oe:team:e8d8ae992fe72acb7adc7bfcee31dbb,Team Vitality,mid,-0.15999999999999998,0.08,0.24,0.12,0.04
2018,oe:team:e8d8ae992fe72acb7adc7bfcee31dbb,Team Vitality,bot,0.12,0.12,0.0,0.0,0.12
2018,oe:team:e8d8ae992fe72acb7adc7bfcee31dbb,Team Vitality,sup,-0.24,0.08,0.32,0.32,0.04
2018,oe:team:fc8e90107dabb9a35c490b0d86adea0,Cloud9,top,0.14814814814814814,0.14814814814814814,0.0,0.0,0.07407407407407407
2018,oe:team:fc8e90107dabb9a35c490b0d86adea0,Cloud9,jng,-0.5185185185185185,0.0,0.5185185185185185,0.25925925925925924,0.0
2018,oe:team:fc8e90107dabb9a35c490b0d86adea0,Cloud9,mid,-0.07407407407407407,0.0,0.07407407407407407,0.037037037037037035,0.0
2018,oe:team:fc8e90107dabb9a35c490b0d86adea0,Cloud9,bot,0.0,0.0,0.0,0.0,0.0
2018,oe:team:fc8e90107dabb9a35c490b0d86adea0,Cloud9,sup,-0.37037037037037035,0.0,0.37037037037037035,0.37037037037037035,0.0
2019,oe:team:1fcd541d3a51d70860c46eaae858ba8,Royal Youth,top,0.15000000000000002,0.15000000000000002,0.0,0.0,0.15000000000000002
2019,oe:team:1fcd541d3a51d70860c46eaae858ba8,Royal Youth,jng,0.15000000000000002,0.30000000000000004,0.15000000000000002,0.1,0.15000000000000002
2019,oe:team:1fcd541d3a51d70860c46eaae858ba8,Royal Youth,mid,-0.2,0.0,0.2,0.2,0.0
2019,oe:team:1fcd541d3a51d70860c46eaae858ba8,Royal Youth,bot,-0.35,0.35000000000000003,0.7,0.35,0.30000000000000004
2019,oe:team:1fcd541d3a51d70860c46eaae858ba8,Royal Youth,sup,-0.30000000000000004,0.0,0.30000000000000004,0.15000000000000002,0.0
2019,oe:team:246827ba8505ab1bac1083d093120bc,Lowkey Esports.Vietnam,top,0.13157894736842105,0.18421052631578946,0.05263157894736842,0.02631578947368421,0.10526315789473684
2019,oe:team:246827ba8505ab1bac1083d093120bc,Lowkey Esports.Vietnam,jng,-0.5263157894736842,0.21052631578947367,0.7368421052631579,0.5,0.10526315789473684
2019,oe:team:246827ba8505ab1bac1083d093120bc,Lowkey Esports.Vietnam,mid,-0.15789473684210525,0.10526315789473684,0.2631578947368421,0.13157894736842105,0.10526315789473684
2019,oe:team:246827ba8505ab1bac1083d093120bc,Lowkey Esports.Vietnam,bot,0.02631578947368421,0.4473684210526315,0.42105263157894735,0.21052631578947367,0.3947368421052631
2019,oe:team:246827ba8505ab1bac1083d093120bc,Lowkey Esports.Vietnam,sup,-0.05263157894736842,0.0,0.05263157894736842,0.02631578947368421,0.0
2019,oe:team:3354e252e33ed55fd8fa14595ca1564,SK Telecom T1,top,-0.20930232558139533,0.023255813953488372,0.2325581395348837,0.09302325581395349,0.023255813953488372
2019,oe:team:3354e252e33ed55fd8fa14595ca1564,SK Telecom T1,jng,0.27906976744186046,0.41860465116279066,0.13953488372093023,0.13953488372093023,0.20930232558139533
2019,oe:team:3354e252e33ed55fd8fa14595ca1564,SK Telecom T1,mid,-0.627906976744186,0.046511627906976744,0.6744186046511629,0.27906976744186046,0.023255813953488372
2019,oe:team:3354e252e33ed55fd8fa14595ca1564,SK Telecom T1,bot,-0.558139534883721,0.18604651162790697,0.7441860465116279,0.37209302325581395,0.11627906976744186
2019,oe:team:3354e252e33ed55fd8fa14595ca1564,SK Telecom T1,sup,-0.023255813953488372,0.023255813953488372,0.046511627906976744,0.023255813953488372,0.023255813953488372
2019,oe:team:33d17f3717f58e12a3da80b377221fb,FunPlus Phoenix,top,-0.09375,0.1875,0.28125,0.15625,0.1875
2019,oe:team:33d17f3717f58e12a3da80b377221fb,FunPlus Phoenix,jng,-0.34375,0.3125,0.65625,0.40625,0.15625
2019,oe:team:33d17f3717f58e12a3da80b377221fb,FunPlus Phoenix,mid,0.4375,0.9375,0.5,0.25,0.375
2019,oe:team:33d17f3717f58e12a3da80b377221fb,FunPlus Phoenix,bot,-0.125,0.5,0.625,0.3125,0.46875
2019,oe:team:33d17f3717f58e12a3da80b377221fb,FunPlus Phoenix,sup,-0.25,0.4375,0.6875,0.28125,0.21875
2019,oe:team:3413ca4510110b5181f3e4b24d52719,Splyce,top,-0.15384615384615385,0.0,0.15384615384615385,0.07692307692307693,0.0
2019,oe:team:3413ca4510110b5181f3e4b24d52719,Splyce,jng,-0.8461538461538461,0.0,0.8461538461538461,0.5,0.0
2019,oe:team:3413ca4510110b5181f3e4b24d52719,Splyce,mid,-1.0384615384615383,0.0,1.0384615384615383,0.46153846153846156,0.0
2019,oe:team:3413ca4510110b5181f3e4b24d52719,Splyce,bot,-0.7692307692307692,0.3076923076923077,1.0769230769230769,0.5384615384615384,0.23076923076923078
2019,oe:team:3413ca4510110b5181f3e4b24d52719,Splyce,sup,-0.15384615384615385,0.0,0.15384615384615385,0.07692307692307693,0.0
2019,oe:team:50b9075ca20fb326456aded56aa7937,Flamengo MDL,top,0.047619047619047616,0.19047619047619047,0.14285714285714285,0.047619047619047616,0.09523809523809523
2019,oe:team:50b9075ca20fb326456aded56aa7937,Flamengo MDL,jng,0.14285714285714285,0.2857142857142857,0.14285714285714285,0.09523809523809523,0.14285714285714285
2019,oe:team:50b9075ca20fb326456aded56aa7937,Flamengo MDL,mid,-0.6190476190476188,0.047619047619047616,0.6666666666666665,0.2857142857142857,0.047619047619047616
2019,oe:team:50b9075ca20fb326456aded56aa7937,Flamengo MDL,bot,-0.047619047619047616,0.3333333333333333,0.38095238095238093,0.19047619047619047,0.2857142857142857
2019,oe:team:50b9075ca20fb326456aded56aa7937,Flamengo MDL,sup,-0.19047619047619047,0.0,0.19047619047619047,0.09523809523809523,0.0
2019,oe:team:53a258f289c26d94431c0496a54e151,Invictus Gaming,top,-0.30232558139534893,0.09302325581395349,0.39534883720930236,0.16279069767441862,0.06976744186046512
2019,oe:team:53a258f289c26d94431c0496a54e151,Invictus Gaming,jng,-0.06976744186046512,0.23255813953488372,0.3023255813953488,0.20930232558139533,0.11627906976744186
2019,oe:team:53a258f289c26d94431c0496a54e151,Invictus Gaming,mid,-0.8604651162790697,0.16279069767441862,1.0232558139534884,0.5116279069767442,0.09302325581395349
2019,oe:team:53a258f289c26d94431c0496a54e151,Invictus Gaming,bot,-1.3720930232558142,0.11627906976744186,1.4883720930232558,0.7441860465116279,0.09302325581395349
2019,oe:team:53a258f289c26d94431c0496a54e151,Invictus Gaming,sup,-0.627906976744186,0.20930232558139533,0.8372093023255814,0.32558139534883723,0.11627906976744186
2019,oe:team:5737b101780a9835142549164be1ac4,Isurus,top,-0.14285714285714285,0.2857142857142857,0.42857142857142855,0.19047619047619047,0.14285714285714285
2019,oe:team:5737b101780a9835142549164be1ac4,Isurus,jng,-0.047619047619047616,0.38095238095238093,0.42857142857142855,0.23809523809523808,0.19047619047619047
2019,oe:team:5737b101780a9835142549164be1ac4,Isurus,mid,-0.38095238095238093,0.5238095238095237,0.9047619047619047,0.47619047619047616,0.19047619047619047
2019,oe:team:5737b101780a9835142549164be1ac4,Isurus,bot,-0.5238095238095238,0.42857142857142855,0.9523809523809523,0.47619047619047616,0.2857142857142857
2019,oe:team:5737b101780a9835142549164be1ac4,Isurus,sup,-0.7619047619047619,0.0,0.7619047619047619,0.23809523809523808,0.0
2019,oe:team:6f0162b86d2a0d206ba9a08a1da14be,Hong Kong Attitude,top,0.1388888888888889,0.2777777777777778,0.1388888888888889,0.05555555555555555,0.16666666666666666
2019,oe:team:6f0162b86d2a0d206ba9a08a1da14be,Hong Kong Attitude,jng,0.05555555555555558,0.4444444444444444,0.38888888888888884,0.2222222222222222,0.2222222222222222
2019,oe:team:6f0162b86d2a0d206ba9a08a1da14be,Hong Kong Attitude,mid,-0.4444444444444444,0.0,0.4444444444444444,0.19444444444444445,0.0
2019,oe:team:6f0162b86d2a0d206ba9a08a1da14be,Hong Kong Attitude,bot,-0.6666666666666667,0.1111111111111111,0.7777777777777778,0.3888888888888889,0.1111111111111111
2019,oe:team:6f0162b86d2a0d206ba9a08a1da14be,Hong Kong Attitude,sup,-0.3055555555555555,0.027777777777777776,0.3333333333333333,0.16666666666666666,0.027777777777777776
2019,oe:team:73f3126d91d35faa5d5ce34abadb865,Royal Never Give Up,top,-0.027777777777777776,0.08333333333333333,0.1111111111111111,0.05555555555555555,0.08333333333333333
2019,oe:team:73f3126d91d35faa5d5ce34abadb865,Royal Never Give Up,jng,-0.33333333333333337,0.05555555555555555,0.3888888888888889,0.19444444444444445,0.027777777777777776
2019,oe:team:73f3126d91d35faa5d5ce34abadb865,Royal Never Give Up,mid,-0.75,0.05555555555555555,0.8055555555555556,0.38888888888888895,0.027777777777777776
2019,oe:team:73f3126d91d35faa5d5ce34abadb865,Royal Never Give Up,bot,-1.5277777777777777,0.08333333333333333,1.611111111111111,0.8055555555555555,0.05555555555555555
2019,oe:team:73f3126d91d35faa5d5ce34abadb865,Royal Never Give Up,sup,-0.9444444444444444,0.16666666666666666,1.1111111111111112,0.4166666666666667,0.08333333333333333
2019,oe:team:76b516358ee227ba806ba5d955b6314,Griffin,top,-0.17142857142857143,0.08571428571428572,0.2571428571428571,0.11428571428571428,0.08571428571428572
2019,oe:team:76b516358ee227ba806ba5d955b6314,Griffin,jng,0.028571428571428567,0.17142857142857143,0.14285714285714285,0.08571428571428572,0.08571428571428572
2019,oe:team:76b516358ee227ba806ba5d955b6314,Griffin,mid,-0.34285714285714286,0.0,0.34285714285714286,0.22857142857142856,0.0
2019,oe:team:76b516358ee227ba806ba5d955b6314,Griffin,bot,-0.7142857142857142,0.08571428571428572,0.7999999999999999,0.39999999999999997,0.08571428571428572
2019,oe:team:76b516358ee227ba806ba5d955b6314,Griffin,sup,-0.17142857142857143,0.0,0.17142857142857143,0.08571428571428572,0.0
2019,oe:team:78f183fa5a7d8ecb22b9ad272c3abd7,Fnatic,top,-0.2727272727272727,0.0,0.2727272727272727,0.12121212121212122,0.0
2019,oe:team:78f183fa5a7d8ecb22b9ad272c3abd7,Fnatic,jng,-0.09090909090909086,0.5454545454545454,0.6363636363636364,0.36363636363636365,0.2727272727272727
2019,oe:team:78f183fa5a7d8ecb22b9ad272c3abd7,Fnatic,mid,-0.15151515151515152,0.5757575757575757,0.7272727272727273,0.2727272727272727,0.303030303030303
2019,oe:team:78f183fa5a7d8ecb22b9ad272c3abd7,Fnatic,bot,-1.0909090909090908,0.0,1.0909090909090908,0.5454545454545454,0.0
2019,oe:team:78f183fa5a7d8ecb22b9ad272c3abd7,Fnatic,sup,-0.18181818181818182,0.06060606060606061,0.24242424242424243,0.12121212121212122,0.06060606060606061
2019,oe:team:7b13b2cc48c457832262d00d5ffa6d6,Clutch Gaming,top,-0.2702702702702703,0.16216216216216217,0.43243243243243246,0.1891891891891892,0.05405405405405406
2019,oe:team:7b13b2cc48c457832262d00d5ffa6d6,Clutch Gaming,jng,-0.21621621621621623,0.13513513513513514,0.35135135135135137,0.24324324324324326,0.08108108108108109
2019,oe:team:7b13b2cc48c457832262d00d5ffa6d6,Clutch Gaming,mid,-0.5675675675675675,0.32432432432432434,0.8918918918918919,0.5135135135135136,0.16216216216216217
2019,oe:team:7b13b2cc48c457832262d00d5ffa6d6,Clutch Gaming,bot,-1.5945945945945947,0.08108108108108109,1.6756756756756759,0.8378378378378379,0.08108108108108109
2019,oe:team:7b13b2cc48c457832262d00d5ffa6d6,Clutch Gaming,sup,-0.13513513513513514,0.2972972972972973,0.43243243243243246,0.21621621621621623,0.21621621621621623
2019,oe:team:7bd8d762a338118fce3df129202eaed,MAMMOTH,top,-0.047619047619047616,0.047619047619047616,0.09523809523809523,0.047619047619047616,0.047619047619047616
2019,oe:team:7bd8d762a338118fce3df129202eaed,MAMMOTH,jng,-0.09523809523809523,0.0,0.09523809523809523,0.047619047619047616,0.0
2019,oe:team:7bd8d762a338118fce3df129202eaed,MAMMOTH,mid,-0.5238095238095237,0.0,0.5238095238095237,0.2857142857142857,0.0
2019,oe:team:7bd8d762a338118fce3df129202eaed,MAMMOTH,bot,-0.7619047619047619,0.0,0.7619047619047619,0.38095238095238093,0.0
2019,oe:team:7bd8d762a338118fce3df129202eaed,MAMMOTH,sup,-0.38095238095238093,0.09523809523809523,0.47619047619047616,0.23809523809523808,0.047619047619047616
2019,oe:team:7d6673d3a9d00363c6bebc1a630da6e,G2 Esports,top,-0.38461538461538464,0.038461538461538464,0.4230769230769231,0.15384615384615385,0.038461538461538464
2019,oe:team:7d6673d3a9d00363c6bebc1a630da6e,G2 Esports,jng,-0.038461538461538464,0.46153846153846156,0.5,0.3076923076923077,0.23076923076923078
2019,oe:team:7d6673d3a9d00363c6bebc1a630da6e,G2 Esports,mid,-0.6153846153846154,0.19230769230769232,0.8076923076923077,0.42307692307692313,0.11538461538461539
2019,oe:team:7d6673d3a9d00363c6bebc1a630da6e,G2 Esports,bot,-0.42307692307692313,0.2692307692307693,0.6923076923076923,0.34615384615384615,0.23076923076923078
2019,oe:team:7d6673d3a9d00363c6bebc1a630da6e,G2 Esports,sup,-0.5384615384615385,0.0,0.5384615384615385,0.2692307692307693,0.0
2019,oe:team:8eb884e168f28402ce685bedebb5250,Team Liquid,top,0.0,0.08333333333333333,0.08333333333333333,0.041666666666666664,0.041666666666666664
2019,oe:team:8eb884e168f28402ce685bedebb5250,Team Liquid,jng,0.0,0.25,0.25,0.125,0.125
2019,oe:team:8eb884e168f28402ce685bedebb5250,Team Liquid,mid,-1.2083333333333333,0.3333333333333333,1.5416666666666667,0.6249999999999999,0.16666666666666666
2019,oe:team:8eb884e168f28402ce685bedebb5250,Team Liquid,bot,-0.7083333333333333,0.20833333333333331,0.9166666666666666,0.4583333333333333,0.20833333333333331
2019,oe:team:8eb884e168f28402ce685bedebb5250,Team Liquid,sup,-0.24999999999999994,0.3333333333333333,0.5833333333333333,0.20833333333333331,0.16666666666666666
2019,oe:team:9cae7677cd0dbcc1cd86653870b73c2,GAM Esports,top,-0.15151515151515152,0.030303030303030304,0.18181818181818182,0.06060606060606061,0.030303030303030304
2019,oe:team:9cae7677cd0dbcc1cd86653870b73c2,GAM Esports,jng,-0.5151515151515151,0.30303030303030304,0.8181818181818181,0.48484848484848486,0.15151515151515152
2019,oe:team:9cae7677cd0dbcc1cd86653870b73c2,GAM Esports,mid,-0.24242424242424243,0.0,0.24242424242424243,0.12121212121212122,0.0
2019,oe:team:9cae7677cd0dbcc1cd86653870b73c2,GAM Esports,bot,0.0,0.30303030303030304,0.30303030303030304,0.15151515151515152,0.21212121212121213
2019,oe:team:9cae7677cd0dbcc1cd86653870b73c2,GAM Esports,sup,-0.3636363636363636,0.30303030303030304,0.6666666666666666,0.3333333333333333,0.15151515151515152
2019,oe:team:b41d715b166da7092724123264e4560,J Team,top,0.125,0.125,0.0,0.0,0.08333333333333333
2019,oe:team:b41d715b166da7092724123264e4560,J Team,jng,-0.1666666666666667,0.25,0.4166666666666667,0.20833333333333334,0.125
2019,oe:team:b41d715b166da7092724123264e4560,J Team,mid,-0.25,0.041666666666666664,0.2916666666666667,0.125,0.041666666666666664
2019,oe:team:b41d715b166da7092724123264e4560,J Team,bot,-0.20833333333333331,0.20833333333333331,0.41666666666666663,0.20833333333333331,0.20833333333333331
2019,oe:team:b41d715b166da7092724123264e4560,J Team,sup,-0.20833333333333331,0.0,0.20833333333333331,0.125,0.0
2019,oe:team:d15303823a1dccff9f3068fb357e356,ahq eSports Club,top,-0.03225806451612903,0.0,0.03225806451612903,0.03225806451612903,0.0
2019,oe:team:d15303823a1dccff9f3068fb357e356,ahq eSports Club,jng,-0.3548387096774194,0.0,0.3548387096774194,0.1935483870967742,0.0
2019,oe:team:d15303823a1dccff9f3068fb357e356,ahq eSports Club,mid,-0.25806451612903225,0.12903225806451613,0.3870967741935484,0.1935483870967742,0.12903225806451613
2019,oe:team:d15303823a1dccff9f3068fb357e356,ahq eSports Club,bot,-0.6129032258064516,0.0967741935483871,0.7096774193548387,0.3548387096774194,0.0967741935483871
2019,oe:team:d15303823a1dccff9f3068fb357e356,ahq eSports Club,sup,-0.25806451612903225,0.06451612903225806,0.3225806451612903,0.16129032258064516,0.06451612903225806
2019,oe:team:e435aa3ecb82a89e60544f5f5857a81,DetonatioN FocusMe,top,0.09523809523809523,0.09523809523809523,0.0,0.0,0.09523809523809523
2019,oe:team:e435aa3ecb82a89e60544f5f5857a81,DetonatioN FocusMe,jng,-0.047619047619047616,0.19047619047619047,0.23809523809523808,0.23809523809523808,0.09523809523809523
2019,oe:team:e435aa3ecb82a89e60544f5f5857a81,DetonatioN FocusMe,mid,0.047619047619047616,0.47619047619047616,0.42857142857142855,0.23809523809523808,0.23809523809523808
2019,oe:team:e435aa3ecb82a89e60544f5f5857a81,DetonatioN FocusMe,bot,-0.7619047619047619,0.19047619047619047,0.9523809523809523,0.47619047619047616,0.19047619047619047
2019,oe:team:e435aa3ecb82a89e60544f5f5857a81,DetonatioN FocusMe,sup,-0.19047619047619047,0.09523809523809523,0.2857142857142857,0.14285714285714285,0.047619047619047616
2019,oe:team:e84133caa1e561518201cc7d33f14ed,Unicorns of Love.CIS,top,-1.3877787807814457e-17,0.075,0.07500000000000001,0.025,0.075
2019,oe:team:e84133caa1e561518201cc7d33f14ed,Unicorns of Love.CIS,jng,-0.44999999999999996,0.15000000000000002,0.6,0.44999999999999996,0.07500000000000001
2019,oe:team:e84133caa1e561518201cc7d33f14ed,Unicorns of Love.CIS,mid,-0.2,0.15000000000000002,0.35000000000000003,0.15000000000000002,0.1
2019,oe:team:e84133caa1e561518201cc7d33f14ed,Unicorns of Love.CIS,bot,-0.95,0.0,0.95,0.475,0.0
2019,oe:team:e84133caa1e561518201cc7d33f14ed,Unicorns of Love.CIS,sup,-0.35,0.0,0.35,0.175,0.0
2019,oe:team:ef69efa6acebe94107f0cf1ba716806,Dplus Kia,top,-0.10526315789473684,0.05263157894736842,0.15789473684210525,0.07894736842105263,0.05263157894736842
2019,oe:team:ef69efa6acebe94107f0cf1ba716806,Dplus Kia,jng,-0.07894736842105265,0.3157894736842105,0.39473684210526316,0.34210526315789475,0.15789473684210525
2019,oe:team:ef69efa6acebe94107f0cf1ba716806,Dplus Kia,mid,-0.5263157894736842,0.0,0.5263157894736842,0.21052631578947367,0.0
2019,oe:team:ef69efa6acebe94107f0cf1ba716806,Dplus Kia,bot,-0.9473684210526316,0.10526315789473684,1.0526315789473684,0.5263157894736842,0.07894736842105263
2019,oe:team:ef69efa6acebe94107f0cf1ba716806,Dplus Kia,sup,-0.18421052631578946,0.02631578947368421,0.21052631578947367,0.10526315789473684,0.02631578947368421
2019,oe:team:f589eafcf087c11af27e475bafb047f,MEGA,top,0.0,0.09523809523809523,0.09523809523809523,0.047619047619047616,0.09523809523809523
2019,oe:team:f589eafcf087c11af27e475bafb047f,MEGA,jng,-0.3333333333333333,0.09523809523809523,0.42857142857142855,0.23809523809523808,0.047619047619047616
2019,oe:team:f589eafcf087c11af27e475bafb047f,MEGA,mid,-0.5714285714285714,0.09523809523809523,0.6666666666666667,0.2857142857142857,0.09523809523809523
2019,oe:team:f589eafcf087c11af27e475bafb047f,MEGA,bot,-0.6666666666666666,0.09523809523809523,0.7619047619047619,0.38095238095238093,0.09523809523809523
2019,oe:team:f589eafcf087c11af27e475bafb047f,MEGA,sup,-0.38095238095238093,0.0,0.38095238095238093,0.19047619047619047,0.0
2019,oe:team:fc8e90107dabb9a35c490b0d86adea0,Cloud9,top,-0.041666666666666664,0.041666666666666664,0.08333333333333333,0.041666666666666664,0.041666666666666664
2019,oe:team:fc8e90107dabb9a35c490b0d86adea0,Cloud9,jng,0.08333333333333326,0.5833333333333333,0.5,0.25,0.29166666666666663
2019,oe:team:fc8e90107dabb9a35c490b0d86adea0,Cloud9,mid,-0.5416666666666666,0.29166666666666663,0.8333333333333333,0.4166666666666667,0.20833333333333331
2019,oe:team:fc8e90107dabb9a35c490b0d86adea0,Cloud9,bot,-1.4166666666666667,0.08333333333333333,1.5,0.75,0.08333333333333333
2019,oe:team:fc8e90107dabb9a35c490b0d86adea0,Cloud9,sup,-0.3333333333333333,0.25,0.5833333333333334,0.16666666666666666,0.125
2020,oe:team:1d0389df0c5eea93b04122ba167c010,Kiwoom DRX,top,-0.01886792452830189,0.1509433962264151,0.16981132075471697,0.1320754716981132,0.11320754716981132
2020,oe:team:1d0389df0c5eea93b04122ba167c010,Kiwoom DRX,jng,-0.018867924528301886,0.0,0.018867924528301886,0.018867924528301886,0.0
2020,oe:team:1d0389df0c5eea93b04122ba167c010,Kiwoom DRX,mid,-0.5283018867924528,0.2830188679245283,0.8113207547169812,0.6226415094339622,0.15094339622641512
2020,oe:team:1d0389df0c5eea93b04122ba167c010,Kiwoom DRX,bot,-0.4528301886792453,0.18867924528301888,0.6415094339622642,0.37735849056603776,0.18867924528301888
2020,oe:team:1d0389df0c5eea93b04122ba167c010,Kiwoom DRX,sup,-0.22641509433962265,0.05660377358490566,0.2830188679245283,0.11320754716981132,0.03773584905660377
2020,oe:team:274c62a6d7e34e0e66e5f267a39d5f7,Machi Esports,top,-0.027777777777777776,0.0,0.027777777777777776,0.027777777777777776,0.0
2020,oe:team:274c62a6d7e34e0e66e5f267a39d5f7,Machi Esports,jng,0.0,0.0,0.0,0.0,0.0
2020,oe:team:274c62a6d7e34e0e66e5f267a39d5f7,Machi Esports,mid,-0.3611111111111111,0.0,0.3611111111111111,0.3611111111111111,0.0
2020,oe:team:274c62a6d7e34e0e66e5f267a39d5f7,Machi Esports,bot,-0.2777777777777778,0.16666666666666669,0.4444444444444444,0.4444444444444444,0.1388888888888889
2020,oe:team:274c62a6d7e34e0e66e5f267a39d5f7,Machi Esports,sup,-0.16666666666666666,0.0,0.16666666666666666,0.05555555555555555,0.0
2020,oe:team:2cb996a4b0ffaca3bcf66fe91450243,Movistar R7,top,0.15625,0.3125,0.15625,0.15625,0.28125
2020,oe:team:2cb996a4b0ffaca3bcf66fe91450243,Movistar R7,jng,-0.34375,0.0625,0.40625,0.15625,0.0625
2020,oe:team:2cb996a4b0ffaca3bcf66fe91450243,Movistar R7,mid,-0.40625,0.03125,0.4375,0.4375,0.03125
2020,oe:team:2cb996a4b0ffaca3bcf66fe91450243,Movistar R7,bot,-0.6875,0.25,0.9375,0.59375,0.21875
2020,oe:team:2cb996a4b0ffaca3bcf66fe91450243,Movistar R7,sup,-0.21875,0.0,0.21875,0.125,0.0
2020,oe:team:2e66da41dc460dd378e3bcc57042d31,FlyQuest,top,-0.6285714285714286,0.0,0.6285714285714286,0.34285714285714286,0.0
2020,oe:team:2e66da41dc460dd378e3bcc57042d31,FlyQuest,jng,-0.5714285714285714,0.0,0.5714285714285714,0.22857142857142856,0.0
2020,oe:team:2e66da41dc460dd378e3bcc57042d31,FlyQuest,mid,-0.2857142857142857,0.0,0.2857142857142857,0.2857142857142857,0.0
2020,oe:team:2e66da41dc460dd378e3bcc57042d31,FlyQuest,bot,-1.0571428571428572,0.14285714285714285,1.2,0.6857142857142857,0.14285714285714285
2020,oe:team:2e66da41dc460dd378e3bcc57042d31,FlyQuest,sup,-0.08571428571428572,0.02857142857142857,0.11428571428571428,0.05714285714285714,0.02857142857142857
2020,oe:team:4880b157399745e82e26e229d8bbf48,PSG Talon,top,0.09090909090909091,0.09090909090909091,0.0,0.0,0.06060606060606061
2020,oe:team:4880b157399745e82e26e229d8bbf48,PSG Talon,jng,0.030303030303030304,0.030303030303030304,0.0,0.0,0.030303030303030304
2020,oe:team:4880b157399745e82e26e229d8bbf48,PSG Talon,mid,-0.33333333333333337,0.0,0.33333333333333337,0.33333333333333337,0.0
2020,oe:team:4880b157399745e82e26e229d8bbf48,PSG Talon,bot,-0.09090909090909091,0.33333333333333337,0.42424242424242425,0.30303030303030304,0.30303030303030304
2020,oe:team:4880b157399745e82e26e229d8bbf48,PSG Talon,sup,-0.06060606060606061,0.0,0.06060606060606061,0.030303030303030304,0.0
2020,oe:team:4f5a0b869cd5960c307d1c45e9399a3,Legacy Esports,top,0.32,0.32,0.0,0.0,0.2
2020,oe:team:4f5a0b869cd5960c307d1c45e9399a3,Legacy Esports,jng,0.04,0.04,0.0,0.0,0.04
2020,oe:team:4f5a0b869cd5960c307d1c45e9399a3,Legacy Esports,mid,-0.48,0.0,0.48,0.4,0.0
2020,oe:team:4f5a0b869cd5960c307d1c45e9399a3,Legacy Esports,bot,-0.72,0.2,0.92,0.4,0.16
2020,oe:team:4f5a0b869cd5960c307d1c45e9399a3,Legacy Esports,sup,-0.32,0.0,0.32,0.16,0.0
2020,oe:team:50f58982d91a36557ec8aec52ab014f,Gen.G,top,0.07407407407407407,0.14814814814814814,0.07407407407407407,0.037037037037037035,0.07407407407407407
2020,oe:team:50f58982d91a36557ec8aec52ab014f,Gen.G,jng,-0.1111111111111111,0.018518518518518517,0.12962962962962962,0.09259259259259259,0.018518518518518517
2020,oe:team:50f58982d91a36557ec8aec52ab014f,Gen.G,mid,-0.537037037037037,0.037037037037037035,0.5740740740740741,0.5370370370370371,0.018518518518518517
2020,oe:team:50f58982d91a36557ec8aec52ab014f,Gen.G,bot,-0.2962962962962963,0.18518518518518517,0.48148148148148145,0.38888888888888895,0.14814814814814814
2020,oe:team:50f58982d91a36557ec8aec52ab014f,Gen.G,sup,-0.2222222222222222,0.1111111111111111,0.3333333333333333,0.1111111111111111,0.1111111111111111
2020,oe:team:5203ff881d5c82c5f720eb3a2f3b44c,Papara SuperMassive,top,0.15384615384615385,0.19230769230769232,0.038461538461538464,0.038461538461538464,0.19230769230769232
2020,oe:team:5203ff881d5c82c5f720eb3a2f3b44c,Papara SuperMassive,jng,-0.038461538461538464,0.0,0.038461538461538464,0.038461538461538464,0.0
2020,oe:team:5203ff881d5c82c5f720eb3a2f3b44c,Papara SuperMassive,mid,-0.576923076923077,0.0,0.576923076923077,0.5,0.0
2020,oe:team:5203ff881d5c82c5f720eb3a2f3b44c,Papara SuperMassive,bot,-0.5,0.3846153846153846,0.8846153846153846,0.34615384615384615,0.34615384615384615
2020,oe:team:5203ff881d5c82c5f720eb3a2f3b44c,Papara SuperMassive,sup,-0.34615384615384615,0.0,0.34615384615384615,0.11538461538461539,0.0
2020,oe:team:5f401785b6b78326f9a46b3c6b206ed,LGD Gaming,top,0.03773584905660377,0.03773584905660377,0.0,0.0,0.018867924528301886
2020,oe:team:5f401785b6b78326f9a46b3c6b206ed,LGD Gaming,jng,-0.22641509433962265,0.0,0.22641509433962265,0.07547169811320754,0.0
2020,oe:team:5f401785b6b78326f9a46b3c6b206ed,LGD Gaming,mid,-0.03773584905660379,0.3018867924528302,0.339622641509434,0.339622641509434,0.1509433962264151
2020,oe:team:5f401785b6b78326f9a46b3c6b206ed,LGD Gaming,bot,-0.2641509433962264,0.20754716981132076,0.4716981132075472,0.3773584905660377,0.16981132075471697
2020,oe:team:5f401785b6b78326f9a46b3c6b206ed,LGD Gaming,sup,-0.169811320754717,0.0,0.169811320754717,0.07547169811320754,0.0
2020,oe:team:6a0084dacefb228be863fbb64cefe11,MAD Lions KOI,top,-0.038461538461538464,0.038461538461538464,0.07692307692307693,0.07692307692307693,0.038461538461538464
2020,oe:team:6a0084dacefb228be863fbb64cefe11,MAD Lions KOI,jng,-0.15384615384615385,0.07692307692307693,0.23076923076923078,0.15384615384615385,0.07692307692307693
2020,oe:team:6a0084dacefb228be863fbb64cefe11,MAD Lions KOI,mid,-0.5384615384615384,0.0,0.5384615384615384,0.5384615384615384,0.0
2020,oe:team:6a0084dacefb228be863fbb64cefe11,MAD Lions KOI,bot,-0.653846153846154,0.15384615384615385,0.8076923076923077,0.5,0.11538461538461539
2020,oe:team:6a0084dacefb228be863fbb64cefe11,MAD Lions KOI,sup,-0.11538461538461539,0.0,0.11538461538461539,0.07692307692307693,0.0
2020,oe:team:78f183fa5a7d8ecb22b9ad272c3abd7,Fnatic,top,-0.038461538461538464,0.0,0.038461538461538464,0.038461538461538464,0.0
2020,oe:team:78f183fa5a7d8ecb22b9ad272c3abd7,Fnatic,jng,-0.5,0.07692307692307693,0.5769230769230769,0.34615384615384615,0.07692307692307693
2020,oe:team:78f183fa5a7d8ecb22b9ad272c3abd7,Fnatic,mid,-0.38461538461538464,0.0,0.38461538461538464,0.38461538461538464,0.0
2020,oe:team:78f183fa5a7d8ecb22b9ad272c3abd7,Fnatic,bot,-0.7307692307692308,0.23076923076923078,0.9615384615384616,0.5,0.15384615384615385
2020,oe:team:78f183fa5a7d8ecb22b9ad272c3abd7,Fnatic,sup,0.0,0.0,0.0,0.0,0.0
2020,oe:team:7d6673d3a9d00363c6bebc1a630da6e,G2 Esports,top,-0.125,0.125,0.25,0.1875,0.0625
2020,oe:team:7d6673d3a9d00363c6bebc1a630da6e,G2 Esports,jng,-1.1875,0.0,1.1875,0.4375,0.0
2020,oe:team:7d6673d3a9d00363c6bebc1a630da6e,G2 Esports,mid,-0.03125,0.1875,0.21875,0.21875,0.09375
2020,oe:team:7d6673d3a9d00363c6bebc1a630da6e,G2 Esports,bot,-0.9375,0.03125,0.96875,0.59375,0.03125
2020,oe:team:7d6673d3a9d00363c6bebc1a630da6e,G2 Esports,sup,0.0,0.0,0.0,0.0,0.0
2020,oe:team:8d47748b0e2a0ac34c90891889805a8,Suning,top,0.10869565217391304,0.10869565217391304,0.0,0.0,0.06521739130434782
2020,oe:team:8d47748b0e2a0ac34c90891889805a8,Suning,jng,-0.043478260869565216,0.08695652173913043,0.13043478260869565,0.043478260869565216,0.08695652173913043
2020,oe:team:8d47748b0e2a0ac34c90891889805a8,Suning,mid,-0.17391304347826086,0.0,0.17391304347826086,0.17391304347826086,0.0
2020,oe:team:8d47748b0e2a0ac34c90891889805a8,Suning,bot,-0.2826086956521739,0.2391304347826087,0.5217391304347826,0.3695652173913044,0.2173913043478261
2020,oe:team:8d47748b0e2a0ac34c90891889805a8,Suning,sup,-0.08695652173913043,0.0,0.08695652173913043,0.043478260869565216,0.0
2020,oe:team:8eb884e168f28402ce685bedebb5250,Team Liquid,top,-0.20689655172413793,0.034482758620689655,0.24137931034482757,0.1724137931034483,0.034482758620689655
2020,oe:team:8eb884e168f28402ce685bedebb5250,Team Liquid,jng,-0.10344827586206896,0.0,0.10344827586206896,0.10344827586206896,0.0
2020,oe:team:8eb884e168f28402ce685bedebb5250,Team Liquid,mid,-0.5517241379310345,0.0,0.5517241379310345,0.5517241379310345,0.0
2020,oe:team:8eb884e168f28402ce685bedebb5250,Team Liquid,bot,-0.41379310344827575,0.1724137931034483,0.5862068965517241,0.4482758620689655,0.13793103448275862
2020,oe:team:8eb884e168f28402ce685bedebb5250,Team Liquid,sup,-0.06896551724137931,0.0,0.06896551724137931,0.034482758620689655,0.0
2020,oe:team:a22510a4756fa424cb0771b13261139,TSM,top,-0.24390243902439024,0.0975609756097561,0.3414634146341463,0.24390243902439024,0.04878048780487805
2020,oe:team:a22510a4756fa424cb0771b13261139,TSM,jng,-0.7073170731707318,0.024390243902439025,0.7317073170731708,0.2926829268292683,0.024390243902439025
2020,oe:team:a22510a4756fa424cb0771b13261139,TSM,mid,-0.43902439024390244,0.04878048780487805,0.48780487804878053,0.3902439024390244,0.024390243902439025
2020,oe:team:a22510a4756fa424cb0771b13261139,TSM,bot,-0.8780487804878048,0.2682926829268293,1.1463414634146343,0.6585365853658536,0.24390243902439024
2020,oe:team:a22510a4756fa424cb0771b13261139,TSM,sup,-0.04878048780487805,0.0,0.04878048780487805,0.024390243902439025,0.0
2020,oe:team:af4b23d4634c4e6ecb5659fb1e689e9,V3 Esports,top,0.0,0.0,0.0,0.0,0.0
2020,oe:team:af4b23d4634c4e6ecb5659fb1e689e9,V3 Esports,jng,0.09523809523809523,0.09523809523809523,0.0,0.0,0.047619047619047616
2020,oe:team:af4b23d4634c4e6ecb5659fb1e689e9,V3 Esports,mid,-0.47619047619047616,0.0,0.47619047619047616,0.2857142857142857,0.0
2020,oe:team:af4b23d4634c4e6ecb5659fb1e689e9,V3 Esports,bot,-0.2857142857142857,0.19047619047619047,0.47619047619047616,0.42857142857142855,0.19047619047619047
2020,oe:team:af4b23d4634c4e6ecb5659fb1e689e9,V3 Esports,sup,-0.5714285714285714,0.0,0.5714285714285714,0.19047619047619047,0.0
2020,oe:team:b42d0f31f2727621b963042276817c4,JD Gaming,top,0.045454545454545456,0.045454545454545456,0.0,0.0,0.022727272727272728
2020,oe:team:b42d0f31f2727621b963042276817c4,JD Gaming,jng,-0.1590909090909091,0.0,0.1590909090909091,0.06818181818181818,0.0
2020,oe:team:b42d0f31f2727621b963042276817c4,JD Gaming,mid,-0.43181818181818177,0.09090909090909091,0.5227272727272727,0.45454545454545453,0.045454545454545456
2020,oe:team:b42d0f31f2727621b963042276817c4,JD Gaming,bot,-0.2727272727272727,0.2727272727272727,0.5454545454545454,0.4318181818181818,0.25
2020,oe:team:b42d0f31f2727621b963042276817c4,JD Gaming,sup,-0.3409090909090909,0.0,0.3409090909090909,0.11363636363636363,0.0
2020,oe:team:bcb21457414eb9be1d27489ff7e8e59,INTZ,top,0.038461538461538464,0.07692307692307693,0.038461538461538464,0.038461538461538464,0.038461538461538464
2020,oe:team:bcb21457414eb9be1d27489ff7e8e59,INTZ,jng,-0.2692307692307693,0.19230769230769232,0.46153846153846156,0.15384615384615385,0.19230769230769232
2020,oe:team:bcb21457414eb9be1d27489ff7e8e59,INTZ,mid,-0.3846153846153846,0.15384615384615385,0.5384615384615385,0.3846153846153847,0.07692307692307693
2020,oe:team:bcb21457414eb9be1d27489ff7e8e59,INTZ,bot,-0.34615384615384615,0.23076923076923078,0.576923076923077,0.3461538461538462,0.11538461538461539
2020,oe:team:bcb21457414eb9be1d27489ff7e8e59,INTZ,sup,0.0,0.0,0.0,0.0,0.0
2020,oe:team:cd62e47544f14f1d239afa659b9d243,Rogue,top,0.0,0.038461538461538464,0.038461538461538464,0.038461538461538464,0.038461538461538464
2020,oe:team:cd62e47544f14f1d239afa659b9d243,Rogue,jng,-0.8461538461538461,0.0,0.8461538461538461,0.38461538461538464,0.0
2020,oe:team:cd62e47544f14f1d239afa659b9d243,Rogue,mid,-0.5769230769230769,0.0,0.5769230769230769,0.5769230769230769,0.0
2020,oe:team:cd62e47544f14f1d239afa659b9d243,Rogue,bot,-0.11538461538461542,0.4230769230769231,0.5384615384615385,0.3076923076923077,0.4230769230769231
2020,oe:team:cd62e47544f14f1d239afa659b9d243,Rogue,sup,0.0,0.0,0.0,0.0,0.0
2020,oe:team:e84133caa1e561518201cc7d33f14ed,Unicorns of Love.CIS,top,0.10526315789473684,0.10526315789473684,0.0,0.0,0.10526315789473684
2020,oe:team:e84133caa1e561518201cc7d33f14ed,Unicorns of Love.CIS,jng,-0.10526315789473684,0.0,0.10526315789473684,0.10526315789473684,0.0
2020,oe:team:e84133caa1e561518201cc7d33f14ed,Unicorns of Love.CIS,mid,-0.2631578947368421,0.10526315789473684,0.3684210526315789,0.3684210526315789,0.05263157894736842
2020,oe:team:e84133caa1e561518201cc7d33f14ed,Unicorns of Love.CIS,bot,-0.6842105263157895,0.15789473684210525,0.8421052631578947,0.42105263157894735,0.15789473684210525
2020,oe:team:e84133caa1e561518201cc7d33f14ed,Unicorns of Love.CIS,sup,-0.47368421052631576,0.0,0.47368421052631576,0.21052631578947367,0.0
2020,oe:team:ef69efa6acebe94107f0cf1ba716806,Dplus Kia,top,-0.11904761904761904,0.09523809523809523,0.21428571428571427,0.07142857142857142,0.047619047619047616
2020,oe:team:ef69efa6acebe94107f0cf1ba716806,Dplus Kia,jng,-0.2857142857142857,0.0,0.2857142857142857,0.09523809523809523,0.0
2020,oe:team:ef69efa6acebe94107f0cf1ba716806,Dplus Kia,mid,-0.26190476190476186,0.19047619047619047,0.45238095238095233,0.3571428571428571,0.09523809523809523
2020,oe:team:ef69efa6acebe94107f0cf1ba716806,Dplus Kia,bot,-0.5238095238095238,0.14285714285714285,0.6666666666666666,0.38095238095238093,0.14285714285714285
2020,oe:team:ef69efa6acebe94107f0cf1ba716806,Dplus Kia,sup,-0.19047619047619047,0.0,0.19047619047619047,0.07142857142857142,0.0
2020,oe:team:fcec508e780bbd1ad493852640f5b36,Top Esports,top,0.05263157894736842,0.05263157894736842,0.0,0.0,0.02631578947368421
2020,oe:team:fcec508e780bbd1ad493852640f5b36,Top Esports,jng,0.0,0.07894736842105263,0.07894736842105263,0.02631578947368421,0.07894736842105263
2020,oe:team:fcec508e780bbd1ad493852640f5b36,Top Esports,mid,-0.18421052631578946,0.15789473684210525,0.3421052631578947,0.23684210526315788,0.07894736842105263
2020,oe:team:fcec508e780bbd1ad493852640f5b36,Top Esports,bot,-0.28947368421052627,0.39473684210526316,0.6842105263157894,0.4473684210526315,0.2631578947368421
2020,oe:team:fcec508e780bbd1ad493852640f5b36,Top Esports,sup,-0.21052631578947367,0.0,0.21052631578947367,0.10526315789473684,0.0
2021,oe:team:056c3140a119e44a03d462e2c832f27,EDward Gaming,top,-0.7,0.075,0.7750000000000001,0.37500000000000006,0.075
2021,oe:team:056c3140a119e44a03d462e2c832f27,EDward Gaming,jng,-1.275,0.07500000000000001,1.3499999999999999,0.75,0.05
2021,oe:team:056c3140a119e44a03d462e2c832f27,EDward Gaming,mid,-0.5250000000000001,0.225,0.75,0.325,0.225
2021,oe:team:056c3140a119e44a03d462e2c832f27,EDward Gaming,bot,-1.125,0.1,1.225,0.625,0.1
2021,oe:team:056c3140a119e44a03d462e2c832f27,EDward Gaming,sup,-0.25,0.05,0.3,0.275,0.05
2021,oe:team:0edc9f071bd123368afdc0c53a3db20,Galatasaray Esports,top,0.25,0.5,0.25,0.15000000000000002,0.35000000000000003
2021,oe:team:0edc9f071bd123368afdc0c53a3db20,Galatasaray Esports,jng,-1.4,0.30000000000000004,1.7,0.65,0.30000000000000004
2021,oe:team:0edc9f071bd123368afdc0c53a3db20,Galatasaray Esports,mid,-0.15000000000000002,0.45,0.6,0.3,0.30000000000000004
2021,oe:team:0edc9f071bd123368afdc0c53a3db20,Galatasaray Esports,bot,-1.2999999999999998,0.1,1.4,0.65,0.05
2021,oe:team:0edc9f071bd123368afdc0c53a3db20,Galatasaray Esports,sup,-0.15000000000000002,0.05,0.2,0.15000000000000002,0.05
2021,oe:team:33d17f3717f58e12a3da80b377221fb,FunPlus Phoenix,top,-0.6764705882352943,0.2647058823529412,0.9411764705882354,0.47058823529411764,0.20588235294117646
2021,oe:team:33d17f3717f58e12a3da80b377221fb,FunPlus Phoenix,jng,-1.6176470588235294,0.058823529411764705,1.6764705882352942,0.7352941176470589,0.058823529411764705
2021,oe:team:33d17f3717f58e12a3da80b377221fb,FunPlus Phoenix,mid,0.11764705882352941,0.3529411764705882,0.23529411764705882,0.17647058823529413,0.3529411764705882
2021,oe:team:33d17f3717f58e12a3da80b377221fb,FunPlus Phoenix,bot,-1.2058823529411764,0.14705882352941177,1.3529411764705883,0.6176470588235294,0.14705882352941177
2021,oe:team:33d17f3717f58e12a3da80b377221fb,FunPlus Phoenix,sup,-0.17647058823529413,0.0,0.17647058823529413,0.17647058823529413,0.0
2021,oe:team:3a1d18f46bcb3716ebcfcf4ef068934,Hanwha Life Esports,top,-0.8536585365853658,0.04878048780487805,0.9024390243902439,0.48780487804878053,0.04878048780487805
2021,oe:team:3a1d18f46bcb3716ebcfcf4ef068934,Hanwha Life Esports,jng,-0.7560975609756098,0.29268292682926833,1.048780487804878,0.5121951219512195,0.29268292682926833
2021,oe:team:3a1d18f46bcb3716ebcfcf4ef068934,Hanwha Life Esports,mid,0.0,0.21951219512195122,0.21951219512195125,0.14634146341463414,0.21951219512195122
2021,oe:team:3a1d18f46bcb3716ebcfcf4ef068934,Hanwha Life Esports,bot,-1.4146341463414636,0.14634146341463417,1.5609756097560976,0.6341463414634146,0.14634146341463414
2021,oe:team:3a1d18f46bcb3716ebcfcf4ef068934,Hanwha Life Esports,sup,-0.04878048780487803,0.0975609756097561,0.14634146341463414,0.14634146341463414,0.0975609756097561
2021,oe:team:4880b157399745e82e26e229d8bbf48,PSG Talon,top,0.05882352941176472,0.5294117647058824,0.47058823529411764,0.1764705882352941,0.38235294117647056
2021,oe:team:4880b157399745e82e26e229d8bbf48,PSG Talon,jng,-1.5,0.0,1.5,0.7941176470588236,0.0
2021,oe:team:4880b157399745e82e26e229d8bbf48,PSG Talon,mid,0.5,0.6764705882352942,0.1764705882352941,0.08823529411764705,0.4411764705882353
2021,oe:team:4880b157399745e82e26e229d8bbf48,PSG Talon,bot,-0.9705882352941176,0.23529411764705882,1.2058823529411764,0.5882352941176471,0.11764705882352941
2021,oe:team:4880b157399745e82e26e229d8bbf48,PSG Talon,sup,-0.5294117647058824,0.0,0.5294117647058824,0.38235294117647056,0.0
2021,oe:team:4bd1751425ef6a9bc9d4d8e9385b4a6,100 Thieves,top,0.1818181818181818,0.3939393939393939,0.21212121212121213,0.09090909090909091,0.2727272727272727
2021,oe:team:4bd1751425ef6a9bc9d4d8e9385b4a6,100 Thieves,jng,-2.090909090909091,0.0,2.090909090909091,0.8787878787878789,0.0
2021,oe:team:4bd1751425ef6a9bc9d4d8e9385b4a6,100 Thieves,mid,-0.3636363636363636,0.21212121212121213,0.5757575757575757,0.303030303030303,0.21212121212121213
2021,oe:team:4bd1751425ef6a9bc9d4d8e9385b4a6,100 Thieves,bot,-1.3939393939393938,0.21212121212121213,1.606060606060606,0.696969696969697,0.15151515151515152
2021,oe:team:4bd1751425ef6a9bc9d4d8e9385b4a6,100 Thieves,sup,-0.5151515151515151,0.0,0.5151515151515151,0.4242424242424242,0.0
2021,oe:team:50f58982d91a36557ec8aec52ab014f,Gen.G,top,-0.9117647058823529,0.08823529411764705,1.0,0.5,0.08823529411764705
2021,oe:team:50f58982d91a36557ec8aec52ab014f,Gen.G,jng,-0.4117647058823529,0.11764705882352941,0.5294117647058824,0.29411764705882354,0.11764705882352941
2021,oe:team:50f58982d91a36557ec8aec52ab014f,Gen.G,mid,0.0,0.23529411764705882,0.23529411764705882,0.11764705882352941,0.1764705882352941
2021,oe:team:50f58982d91a36557ec8aec52ab014f,Gen.G,bot,-1.0588235294117645,0.20588235294117646,1.2647058823529411,0.5588235294117647,0.14705882352941177
2021,oe:team:50f58982d91a36557ec8aec52ab014f,Gen.G,sup,-0.29411764705882354,0.08823529411764705,0.3823529411764706,0.35294117647058826,0.08823529411764705
2021,oe:team:67169969ecc058b307edfa9c6b7a3c0,RED Canids,top,-0.7727272727272727,0.22727272727272727,1.0,0.4545454545454546,0.22727272727272727
2021,oe:team:67169969ecc058b307edfa9c6b7a3c0,RED Canids,jng,-1.8636363636363635,0.0,1.8636363636363635,0.9545454545454545,0.0
2021,oe:team:67169969ecc058b307edfa9c6b7a3c0,RED Canids,mid,-0.09090909090909091,0.31818181818181823,0.4090909090909091,0.22727272727272727,0.27272727272727276
2021,oe:team:67169969ecc058b307edfa9c6b7a3c0,RED Canids,bot,-0.3181818181818182,0.40909090909090906,0.7272727272727273,0.2727272727272727,0.2727272727272727
2021,oe:team:67169969ecc058b307edfa9c6b7a3c0,RED Canids,sup,-0.13636363636363635,0.09090909090909091,0.22727272727272727,0.22727272727272727,0.09090909090909091
2021,oe:team:6a0084dacefb228be863fbb64cefe11,MAD Lions KOI,top,-0.18181818181818177,0.5,0.6818181818181818,0.3181818181818182,0.36363636363636365
2021,oe:team:6a0084dacefb228be863fbb64cefe11,MAD Lions KOI,jng,-2.1818181818181817,0.0,2.1818181818181817,0.8636363636363636,0.0
2021,oe:team:6a0084dacefb228be863fbb64cefe11,MAD Lions KOI,mid,-0.09090909090909088,0.2727272727272727,0.36363636363636365,0.18181818181818182,0.2727272727272727
2021,oe:team:6a0084dacefb228be863fbb64cefe11,MAD Lions KOI,bot,-0.9545454545454546,0.09090909090909091,1.0454545454545454,0.5,0.09090909090909091
2021,oe:team:6a0084dacefb228be863fbb64cefe11,MAD Lions KOI,sup,-0.36363636363636365,0.045454545454545456,0.40909090909090906,0.36363636363636365,0.045454545454545456
2021,oe:team:73f3126d91d35faa5d5ce34abadb865,Royal Never Give Up,top,-1.0833333333333335,0.19444444444444442,1.2777777777777777,0.5,0.19444444444444442
2021,oe:team:73f3126d91d35faa5d5ce34abadb865,Royal Never Give Up,jng,-1.2777777777777777,0.0,1.2777777777777777,0.6666666666666667,0.0
2021,oe:team:73f3126d91d35faa5d5ce34abadb865,Royal Never Give Up,mid,0.08333333333333334,0.1388888888888889,0.05555555555555555,0.027777777777777776,0.1388888888888889
2021,oe:team:73f3126d91d35faa5d5ce34abadb865,Royal Never Give Up,bot,-2.1944444444444446,0.05555555555555555,2.25,0.6666666666666667,0.05555555555555555
2021,oe:team:73f3126d91d35faa5d5ce34abadb865,Royal Never Give Up,sup,-0.2222222222222222,0.0,0.2222222222222222,0.2222222222222222,0.0
2021,oe:team:78f183fa5a7d8ecb22b9ad272c3abd7,Fnatic,top,0.15151515151515152,0.33333333333333337,0.18181818181818182,0.09090909090909091,0.18181818181818182
2021,oe:team:78f183fa5a7d8ecb22b9ad272c3abd7,Fnatic,jng,-1.5151515151515151,0.18181818181818182,1.696969696969697,0.6666666666666667,0.12121212121212122
2021,oe:team:78f183fa5a7d8ecb22b9ad272c3abd7,Fnatic,mid,0.0,0.36363636363636365,0.36363636363636365,0.21212121212121213,0.36363636363636365
2021,oe:team:78f183fa5a7d8ecb22b9ad272c3abd7,Fnatic,bot,0.06060606060606061,0.36363636363636365,0.30303030303030304,0.24242424242424243,0.24242424242424243
2021,oe:team:78f183fa5a7d8ecb22b9ad272c3abd7,Fnatic,sup,0.0,0.12121212121212122,0.12121212121212122,0.09090909090909091,0.12121212121212122
2021,oe:team:7e3dd5ff49e1a44784d225d2de40260,inf,top,-0.8,0.35,1.1500000000000004,0.5,0.3
2021,oe:team:7e3dd5ff49e1a44784d225d2de40260,inf,jng,-1.5,0.05,1.55,0.7,0.05
2021,oe:team:7e3dd5ff49e1a44784d225d2de40260,inf,mid,0.6,0.8,0.2,0.1,0.5
2021,oe:team:7e3dd5ff49e1a44784d225d2de40260,inf,bot,-1.4500000000000002,0.2,1.6500000000000001,0.7,0.15000000000000002
2021,oe:team:7e3dd5ff49e1a44784d225d2de40260,inf,sup,-0.3,0.05,0.35,0.2,0.05
2021,oe:team:89008bdacc273b554227d6b76869381,Beyond Gaming,top,-0.787878787878788,0.24242424242424243,1.0303030303030303,0.5151515151515151,0.18181818181818182
2021,oe:team:89008bdacc273b554227d6b76869381,Beyond Gaming,jng,-1.2727272727272727,0.06060606060606061,1.3333333333333333,0.7272727272727273,0.06060606060606061
2021,oe:team:89008bdacc273b554227d6b76869381,Beyond Gaming,mid,-0.4545454545454546,0.24242424242424243,0.696969696969697,0.36363636363636365,0.24242424242424243
2021,oe:team:89008bdacc273b554227d6b76869381,Beyond Gaming,bot,-1.7272727272727273,0.030303030303030304,1.7575757575757576,0.7575757575757576,0.030303030303030304
2021,oe:team:89008bdacc273b554227d6b76869381,Beyond Gaming,sup,-0.2727272727272727,0.0,0.2727272727272727,0.24242424242424243,0.0
2021,oe:team:8eb884e168f28402ce685bedebb5250,Team Liquid,top,-0.53125,0.4375,0.96875,0.46875,0.21875
2021,oe:team:8eb884e168f28402ce685bedebb5250,Team Liquid,jng,-0.9375,0.3125,1.25,0.625,0.1875
2021,oe:team:8eb884e168f28402ce685bedebb5250,Team Liquid,mid,-0.6875,0.0,0.6875,0.28125,0.0
2021,oe:team:8eb884e168f28402ce685bedebb5250,Team Liquid,bot,-1.25,0.25,1.5,0.625,0.125
2021,oe:team:8eb884e168f28402ce685bedebb5250,Team Liquid,sup,-0.21875,0.15625,0.375,0.3125,0.125
2021,oe:team:a9145b7711873f53e610fbba0493484,LNG Esports,top,-1.0545454545454547,0.19999999999999998,1.2545454545454544,0.5272727272727272,0.19999999999999998
2021,oe:team:a9145b7711873f53e610fbba0493484,LNG Esports,jng,-1.0363636363636364,0.07272727272727272,1.1090909090909091,0.5090909090909091,0.05454545454545454
2021,oe:team:a9145b7711873f53e610fbba0493484,LNG Esports,mid,-0.3090909090909091,0.23636363636363633,0.5454545454545454,0.2545454545454545,0.21818181818181817
2021,oe:team:a9145b7711873f53e610fbba0493484,LNG Esports,bot,-1.5454545454545454,0.01818181818181818,1.5636363636363635,0.6545454545454545,0.01818181818181818
2021,oe:team:a9145b7711873f53e610fbba0493484,LNG Esports,sup,-0.3090909090909091,0.07272727272727272,0.38181818181818183,0.2909090909090909,0.07272727272727272
2021,oe:team:b61ee1b18ac8e03518fc61ac07d497c,PEACE,top,-1.5806451612903225,0.0967741935483871,1.6774193548387095,0.7096774193548386,0.0967741935483871
2021,oe:team:b61ee1b18ac8e03518fc61ac07d497c,PEACE,jng,-0.9032258064516128,0.22580645161290322,1.129032258064516,0.5483870967741935,0.12903225806451613
2021,oe:team:b61ee1b18ac8e03518fc61ac07d497c,PEACE,mid,-0.5806451612903225,0.16129032258064516,0.7419354838709676,0.3870967741935484,0.16129032258064516
2021,oe:team:b61ee1b18ac8e03518fc61ac07d497c,PEACE,bot,-0.03225806451612903,0.4193548387096774,0.4516129032258064,0.22580645161290322,0.3225806451612903
2021,oe:team:b61ee1b18ac8e03518fc61ac07d497c,PEACE,sup,-0.22580645161290322,0.0967741935483871,0.3225806451612903,0.3225806451612903,0.0967741935483871
2021,oe:team:cd62e47544f14f1d239afa659b9d243,Rogue,top,-1.1363636363636362,0.18181818181818182,1.3181818181818183,0.6363636363636364,0.13636363636363635
2021,oe:team:cd62e47544f14f1d239afa659b9d243,Rogue,jng,-1.8636363636363638,0.0,1.8636363636363638,0.8636363636363636,0.0
2021,oe:team:cd62e47544f14f1d239afa659b9d243,Rogue,mid,-0.2272727272727273,0.0,0.2272727272727273,0.13636363636363635,0.0
2021,oe:team:cd62e47544f14f1d239afa659b9d243,Rogue,bot,-1.1818181818181819,0.13636363636363635,1.3181818181818183,0.6818181818181819,0.09090909090909091
2021,oe:team:cd62e47544f14f1d239afa659b9d243,Rogue,sup,-0.3181818181818182,0.09090909090909091,0.40909090909090906,0.3181818181818182,0.09090909090909091
2021,oe:team:ce499dea30cfce118f4fe85da0227e8,T1,top,-1.0816326530612244,0.12244897959183672,1.2040816326530612,0.5306122448979591,0.12244897959183673
2021,oe:team:ce499dea30cfce118f4fe85da0227e8,T1,jng,-0.9183673469387754,0.061224489795918366,0.9795918367346937,0.44897959183673464,0.061224489795918366
2021,oe:team:ce499dea30cfce118f4fe85da0227e8,T1,mid,-0.4897959183673469,0.1020408163265306,0.5918367346938775,0.30612244897959184,0.1020408163265306
2021,oe:team:ce499dea30cfce118f4fe85da0227e8,T1,bot,-0.9795918367346939,0.02040816326530612,1.0,0.4285714285714286,0.02040816326530612
2021,oe:team:ce499dea30cfce118f4fe85da0227e8,T1,sup,-0.40816326530612246,0.14285714285714285,0.5510204081632653,0.4489795918367347,0.14285714285714285
2021,oe:team:e435aa3ecb82a89e60544f5f5857a81,DetonatioN FocusMe,top,-0.125,0.0,0.125,0.041666666666666664,0.0
2021,oe:team:e435aa3ecb82a89e60544f5f5857a81,DetonatioN FocusMe,jng,-0.41666666666666663,0.041666666666666664,0.4583333333333333,0.29166666666666663,0.041666666666666664
2021,oe:team:e435aa3ecb82a89e60544f5f5857a81,DetonatioN FocusMe,mid,-0.37500000000000006,0.29166666666666663,0.6666666666666666,0.41666666666666663,0.24999999999999997
2021,oe:team:e435aa3ecb82a89e60544f5f5857a81,DetonatioN FocusMe,bot,-1.2916666666666667,0.16666666666666666,1.4583333333333335,0.5416666666666667,0.16666666666666666
2021,oe:team:e435aa3ecb82a89e60544f5f5857a81,DetonatioN FocusMe,sup,-0.25,0.0,0.25,0.25,0.0
2021,oe:team:e84133caa1e561518201cc7d33f14ed,Unicorns of Love.CIS,top,-0.25925925925925924,0.25925925925925924,0.5185185185185185,0.2222222222222222,0.25925925925925924
2021,oe:team:e84133caa1e561518201cc7d33f14ed,Unicorns of Love.CIS,jng,-0.5185185185185185,0.07407407407407407,0.5925925925925926,0.37037037037037035,0.037037037037037035
2021,oe:team:e84133caa1e561518201cc7d33f14ed,Unicorns of Love.CIS,mid,-0.2222222222222222,0.2222222222222222,0.4444444444444444,0.2962962962962963,0.2222222222222222
2021,oe:team:e84133caa1e561518201cc7d33f14ed,Unicorns of Love.CIS,bot,-1.259259259259259,0.14814814814814814,1.4074074074074074,0.4444444444444444,0.1111111111111111
2021,oe:team:e84133caa1e561518201cc7d33f14ed,Unicorns of Love.CIS,sup,0.14814814814814814,0.2222222222222222,0.07407407407407407,0.037037037037037035,0.2222222222222222
2021,oe:team:ef69efa6acebe94107f0cf1ba716806,Dplus Kia,top,-0.7142857142857142,0.2857142857142857,1.0,0.45714285714285713,0.2
2021,oe:team:ef69efa6acebe94107f0cf1ba716806,Dplus Kia,jng,-0.2571428571428572,0.22857142857142856,0.4857142857142857,0.2857142857142857,0.22857142857142856
2021,oe:team:ef69efa6acebe94107f0cf1ba716806,Dplus Kia,mid,-0.5142857142857142,0.02857142857142857,0.5428571428571428,0.2857142857142857,0.02857142857142857
2021,oe:team:ef69efa6acebe94107f0cf1ba716806,Dplus Kia,bot,-1.4857142857142858,0.05714285714285714,1.5428571428571427,0.7142857142857142,0.05714285714285714
2021,oe:team:ef69efa6acebe94107f0cf1ba716806,Dplus Kia,sup,-0.17142857142857143,0.17142857142857143,0.34285714285714286,0.2857142857142857,0.11428571428571428
2021,oe:team:fc8e90107dabb9a35c490b0d86adea0,Cloud9,top,-0.8857142857142858,0.42857142857142855,1.3142857142857145,0.5142857142857142,0.2857142857142857
2021,oe:team:fc8e90107dabb9a35c490b0d86adea0,Cloud9,jng,-1.4,0.0,1.4,0.8,0.0
2021,oe:team:fc8e90107dabb9a35c490b0d86adea0,Cloud9,mid,-0.3142857142857143,0.17142857142857143,0.48571428571428577,0.2571428571428571,0.14285714285714285
2021,oe:team:fc8e90107dabb9a35c490b0d86adea0,Cloud9,bot,-2.028571428571429,0.14285714285714285,2.1714285714285713,0.7714285714285714,0.08571428571428572
2021,oe:team:fc8e90107dabb9a35c490b0d86adea0,Cloud9,sup,-0.08571428571428572,0.02857142857142857,0.11428571428571428,0.11428571428571428,0.02857142857142857
2022,oe:team:056c3140a119e44a03d462e2c832f27,EDward Gaming,top,-0.25,0.0,0.25,0.125,0.0
2022,oe:team:056c3140a119e44a03d462e2c832f27,EDward Gaming,jng,-0.7142857142857142,0.03571428571428571,0.75,0.46428571428571425,0.017857142857142856
2022,oe:team:056c3140a119e44a03d462e2c832f27,EDward Gaming,mid,-0.9107142857142857,0.03571428571428571,0.9464285714285714,0.5178571428571429,0.017857142857142856
2022,oe:team:056c3140a119e44a03d462e2c832f27,EDward Gaming,bot,-0.875,0.03571428571428571,0.9107142857142857,0.5535714285714286,0.03571428571428571
2022,oe:team:056c3140a119e44a03d462e2c832f27,EDward Gaming,sup,-0.25,0.07142857142857142,0.32142857142857145,0.16071428571428573,0.03571428571428571
2022,oe:team:0916b3c324c8577b0c6344f3e067f62,CTBC Flying Oyster,top,-0.4285714285714286,0.08571428571428572,0.5142857142857142,0.2571428571428571,0.05714285714285714
2022,oe:team:0916b3c324c8577b0c6344f3e067f62,CTBC Flying Oyster,jng,-0.08571428571428574,0.5714285714285714,0.6571428571428571,0.4,0.14285714285714285
2022,oe:team:0916b3c324c8577b0c6344f3e067f62,CTBC Flying Oyster,mid,-0.9142857142857143,0.0,0.9142857142857143,0.45714285714285713,0.0
2022,oe:team:0916b3c324c8577b0c6344f3e067f62,CTBC Flying Oyster,bot,-1.2285714285714286,0.02857142857142857,1.2571428571428571,0.6000000000000001,0.02857142857142857
2022,oe:team:0916b3c324c8577b0c6344f3e067f62,CTBC Flying Oyster,sup,0.11428571428571428,0.11428571428571428,0.0,0.0,0.05714285714285714
2022,oe:team:1d0389df0c5eea93b04122ba167c010,Kiwoom DRX,top,-0.10909090909090909,0.14545454545454545,0.2545454545454545,0.12727272727272726,0.05454545454545454
2022,oe:team:1d0389df0c5eea93b04122ba167c010,Kiwoom DRX,jng,-0.18181818181818182,0.5454545454545454,0.7272727272727273,0.45454545454545453,0.14545454545454545
2022,oe:team:1d0389df0c5eea93b04122ba167c010,Kiwoom DRX,mid,-0.9272727272727272,0.09090909090909091,1.018181818181818,0.6181818181818182,0.09090909090909091
2022,oe:team:1d0389df0c5eea93b04122ba167c010,Kiwoom DRX,bot,-0.7818181818181819,0.09090909090909091,0.8727272727272727,0.38181818181818183,0.07272727272727272
2022,oe:team:1d0389df0c5eea93b04122ba167c010,Kiwoom DRX,sup,-0.2,0.14545454545454545,0.34545454545454546,0.18181818181818182,0.07272727272727272
2022,oe:team:4bd1751425ef6a9bc9d4d8e9385b4a6,100 Thieves,top,-0.0625,0.0625,0.125,0.0625,0.03125
2022,oe:team:4bd1751425ef6a9bc9d4d8e9385b4a6,100 Thieves,jng,-0.9375,0.1875,1.125,0.6875,0.09375
2022,oe:team:4bd1751425ef6a9bc9d4d8e9385b4a6,100 Thieves,mid,-1.03125,0.0,1.03125,0.59375,0.0
2022,oe:team:4bd1751425ef6a9bc9d4d8e9385b4a6,100 Thieves,bot,-1.0625,0.0,1.0625,0.5625,0.0
2022,oe:team:4bd1751425ef6a9bc9d4d8e9385b4a6,100 Thieves,sup,-0.3125,0.0,0.3125,0.15625,0.0
2022,oe:team:50f58982d91a36557ec8aec52ab014f,Gen.G,top,-0.13953488372093023,0.046511627906976744,0.18604651162790697,0.09302325581395349,0.046511627906976744
2022,oe:team:50f58982d91a36557ec8aec52ab014f,Gen.G,jng,-0.8837209302325582,0.0,0.8837209302325582,0.5581395348837209,0.0
2022,oe:team:50f58982d91a36557ec8aec52ab014f,Gen.G,mid,-1.1162790697674418,0.023255813953488372,1.1395348837209303,0.6976744186046512,0.023255813953488372
2022,oe:team:50f58982d91a36557ec8aec52ab014f,Gen.G,bot,-0.7906976744186046,0.18604651162790697,0.9767441860465116,0.41860465116279066,0.11627906976744186
2022,oe:team:50f58982d91a36557ec8aec52ab014f,Gen.G,sup,-0.046511627906976744,0.13953488372093023,0.18604651162790697,0.09302325581395349,0.06976744186046512
2022,oe:team:5737b101780a9835142549164be1ac4,Isurus,top,-0.4137931034482759,0.0,0.4137931034482759,0.20689655172413796,0.0
2022,oe:team:5737b101780a9835142549164be1ac4,Isurus,jng,-0.5517241379310345,0.20689655172413796,0.7586206896551725,0.41379310344827586,0.10344827586206896
2022,oe:team:5737b101780a9835142549164be1ac4,Isurus,mid,-0.8620689655172413,0.034482758620689655,0.896551724137931,0.4482758620689655,0.034482758620689655
2022,oe:team:5737b101780a9835142549164be1ac4,Isurus,bot,-0.8620689655172413,0.034482758620689655,0.896551724137931,0.3793103448275862,0.034482758620689655
2022,oe:team:5737b101780a9835142549164be1ac4,Isurus,sup,0.13793103448275862,0.20689655172413793,0.06896551724137931,0.034482758620689655,0.06896551724137931
2022,oe:team:658a021a796aa5501503220adb38cf4,LOUD,top,-0.06896551724137931,0.13793103448275862,0.20689655172413793,0.10344827586206896,0.06896551724137931
2022,oe:team:658a021a796aa5501503220adb38cf4,LOUD,jng,-0.6896551724137931,0.27586206896551724,0.9655172413793103,0.5517241379310345,0.06896551724137931
2022,oe:team:658a021a796aa5501503220adb38cf4,LOUD,mid,-1.2758620689655173,0.06896551724137931,1.3448275862068966,0.7586206896551724,0.034482758620689655
2022,oe:team:658a021a796aa5501503220adb38cf4,LOUD,bot,-0.37931034482758624,0.3793103448275862,0.7586206896551724,0.3793103448275862,0.24137931034482757
2022,oe:team:658a021a796aa5501503220adb38cf4,LOUD,sup,0.06896551724137931,0.06896551724137931,0.0,0.0,0.034482758620689655
2022,oe:team:692bccdba8ec7050f5aeb916815439e,Chiefs Esports Club,top,0.0,0.08695652173913043,0.08695652173913043,0.043478260869565216,0.043478260869565216
2022,oe:team:692bccdba8ec7050f5aeb916815439e,Chiefs Esports Club,jng,-0.6956521739130435,0.2608695652173913,0.9565217391304348,0.4782608695652174,0.13043478260869565
2022,oe:team:692bccdba8ec7050f5aeb916815439e,Chiefs Esports Club,mid,-0.34782608695652173,0.0,0.34782608695652173,0.2608695652173913,0.0
2022,oe:team:692bccdba8ec7050f5aeb916815439e,Chiefs Esports Club,bot,-0.3478260869565218,0.34782608695652173,0.6956521739130435,0.391304347826087,0.17391304347826086
2022,oe:team:692bccdba8ec7050f5aeb916815439e,Chiefs Esports Club,sup,-0.043478260869565216,0.0,0.043478260869565216,0.043478260869565216,0.0
2022,oe:team:6a0084dacefb228be863fbb64cefe11,MAD Lions KOI,top,-0.25,0.0,0.25,0.125,0.0
2022,oe:team:6a0084dacefb228be863fbb64cefe11,MAD Lions KOI,jng,-0.75,0.3333333333333333,1.0833333333333333,0.625,0.16666666666666666
2022,oe:team:6a0084dacefb228be863fbb64cefe11,MAD Lions KOI,mid,-0.16666666666666663,0.25,0.41666666666666663,0.25,0.125
2022,oe:team:6a0084dacefb228be863fbb64cefe11,MAD Lions KOI,bot,-0.9583333333333333,0.0,0.9583333333333333,0.5833333333333334,0.0
2022,oe:team:6a0084dacefb228be863fbb64cefe11,MAD Lions KOI,sup,-0.2916666666666667,0.0,0.2916666666666667,0.16666666666666666,0.0
2022,oe:team:73f3126d91d35faa5d5ce34abadb865,Royal Never Give Up,top,-0.018518518518518517,0.018518518518518517,0.037037037037037035,0.018518518518518517,0.018518518518518517
2022,oe:team:73f3126d91d35faa5d5ce34abadb865,Royal Never Give Up,jng,-0.5925925925925926,0.18518518518518517,0.7777777777777777,0.4444444444444444,0.09259259259259259
2022,oe:team:73f3126d91d35faa5d5ce34abadb865,Royal Never Give Up,mid,-0.5,0.07407407407407407,0.5740740740740741,0.37037037037037035,0.037037037037037035
2022,oe:team:73f3126d91d35faa5d5ce34abadb865,Royal Never Give Up,bot,-0.7777777777777777,0.018518518518518517,0.7962962962962963,0.42592592592592593,0.018518518518518517
2022,oe:team:73f3126d91d35faa5d5ce34abadb865,Royal Never Give Up,sup,-0.24074074074074073,0.037037037037037035,0.2777777777777778,0.14814814814814814,0.018518518518518517
2022,oe:team:78f183fa5a7d8ecb22b9ad272c3abd7,Fnatic,top,-0.0625,0.0625,0.125,0.0625,0.03125
2022,oe:team:78f183fa5a7d8ecb22b9ad272c3abd7,Fnatic,jng,-1.15625,0.0,1.15625,0.71875,0.0
2022,oe:team:78f183fa5a7d8ecb22b9ad272c3abd7,Fnatic,mid,-0.875,0.0625,0.9375,0.5625,0.03125
2022,oe:team:78f183fa5a7d8ecb22b9ad272c3abd7,Fnatic,bot,-0.75,0.0625,0.8125,0.4375,0.0625
2022,oe:team:78f183fa5a7d8ecb22b9ad272c3abd7,Fnatic,sup,-0.3125,0.0,0.3125,0.15625,0.0
2022,oe:team:7d6673d3a9d00363c6bebc1a630da6e,G2 Esports,top,0.04,0.04,0.0,0.0,0.04
2022,oe:team:7d6673d3a9d00363c6bebc1a630da6e,G2 Esports,jng,-0.88,0.0,0.88,0.44,0.0
2022,oe:team:7d6673d3a9d00363c6bebc1a630da6e,G2 Esports,mid,-0.7600000000000001,0.16,0.92,0.56,0.08
2022,oe:team:7d6673d3a9d00363c6bebc1a630da6e,G2 Esports,bot,-0.8,0.08,0.8800000000000001,0.56,0.04
2022,oe:team:7d6673d3a9d00363c6bebc1a630da6e,G2 Esports,sup,-0.32,0.08,0.4,0.2,0.04
2022,oe:team:89008bdacc273b554227d6b76869381,Beyond Gaming,top,-0.13513513513513514,0.24324324324324326,0.3783783783783784,0.1891891891891892,0.13513513513513514
2022,oe:team:89008bdacc273b554227d6b76869381,Beyond Gaming,jng,-0.5405405405405406,0.32432432432432434,0.8648648648648649,0.43243243243243246,0.08108108108108109
2022,oe:team:89008bdacc273b554227d6b76869381,Beyond Gaming,mid,-0.9729729729729731,0.10810810810810811,1.0810810810810811,0.6216216216216217,0.08108108108108109
2022,oe:team:89008bdacc273b554227d6b76869381,Beyond Gaming,bot,-1.810810810810811,0.02702702702702703,1.8378378378378382,0.6486486486486487,0.02702702702702703
2022,oe:team:89008bdacc273b554227d6b76869381,Beyond Gaming,sup,0.4864864864864865,0.4864864864864865,0.0,0.0,0.24324324324324326
2022,oe:team:8e27b674a472ab529e758f13f0bace0,Saigon Buffalo,top,-0.10638297872340426,0.06382978723404255,0.1702127659574468,0.0851063829787234,0.06382978723404255
2022,oe:team:8e27b674a472ab529e758f13f0bace0,Saigon Buffalo,jng,-0.7659574468085106,0.1276595744680851,0.8936170212765957,0.5106382978723405,0.06382978723404255
2022,oe:team:8e27b674a472ab529e758f13f0bace0,Saigon Buffalo,mid,-0.3404255319148936,0.0,0.3404255319148936,0.21276595744680848,0.0
2022,oe:team:8e27b674a472ab529e758f13f0bace0,Saigon Buffalo,bot,-0.6382978723404255,0.0851063829787234,0.7234042553191489,0.44680851063829785,0.0425531914893617
2022,oe:team:8e27b674a472ab529e758f13f0bace0,Saigon Buffalo,sup,-0.06382978723404253,0.0851063829787234,0.14893617021276595,0.0851063829787234,0.0425531914893617
2022,oe:team:9cae7677cd0dbcc1cd86653870b73c2,GAM Esports,top,0.0,0.16326530612244897,0.16326530612244897,0.08163265306122448,0.08163265306122448
2022,oe:team:9cae7677cd0dbcc1cd86653870b73c2,GAM Esports,jng,-0.4693877551020408,0.18367346938775508,0.6530612244897959,0.3469387755102041,0.1020408163265306
2022,oe:team:9cae7677cd0dbcc1cd86653870b73c2,GAM Esports,mid,-0.06122448979591836,0.04081632653061224,0.1020408163265306,0.061224489795918366,0.02040816326530612
2022,oe:team:9cae7677cd0dbcc1cd86653870b73c2,GAM Esports,bot,-1.0816326530612246,0.12244897959183673,1.2040816326530612,0.653061224489796,0.061224489795918366
2022,oe:team:9cae7677cd0dbcc1cd86653870b73c2,GAM Esports,sup,0.0,0.08163265306122448,0.08163265306122448,0.04081632653061224,0.04081632653061224
2022,oe:team:a65adb2808377018a2a7832eb2bd7f4,İstanbul Wildcats,top,-0.17391304347826086,0.0,0.17391304347826086,0.08695652173913043,0.0
2022,oe:team:a65adb2808377018a2a7832eb2bd7f4,İstanbul Wildcats,jng,-1.0869565217391304,0.0,1.0869565217391304,0.6086956521739131,0.0
2022,oe:team:a65adb2808377018a2a7832eb2bd7f4,İstanbul Wildcats,mid,-0.9130434782608696,0.0,0.9130434782608696,0.5652173913043478,0.0
2022,oe:team:a65adb2808377018a2a7832eb2bd7f4,İstanbul Wildcats,bot,-0.8695652173913043,0.043478260869565216,0.9130434782608696,0.4782608695652174,0.043478260869565216
2022,oe:team:a65adb2808377018a2a7832eb2bd7f4,İstanbul Wildcats,sup,-0.2608695652173913,0.0,0.2608695652173913,0.13043478260869565,0.0
2022,oe:team:b42d0f31f2727621b963042276817c4,JD Gaming,top,-0.13636363636363635,0.0,0.13636363636363635,0.06818181818181818,0.0
2022,oe:team:b42d0f31f2727621b963042276817c4,JD Gaming,jng,-0.15909090909090912,0.2727272727272727,0.4318181818181818,0.25,0.13636363636363635
2022,oe:team:b42d0f31f2727621b963042276817c4,JD Gaming,mid,-0.6818181818181818,0.045454545454545456,0.7272727272727272,0.49999999999999994,0.022727272727272728
2022,oe:team:b42d0f31f2727621b963042276817c4,JD Gaming,bot,-0.7272727272727273,0.045454545454545456,0.7727272727272727,0.4772727272727273,0.045454545454545456
2022,oe:team:b42d0f31f2727621b963042276817c4,JD Gaming,sup,-0.49999999999999994,0.045454545454545456,0.5454545454545454,0.2727272727272727,0.022727272727272728
2022,oe:team:cd62e47544f14f1d239afa659b9d243,Rogue,top,-0.6,0.0,0.6,0.3,0.0
2022,oe:team:cd62e47544f14f1d239afa659b9d243,Rogue,jng,-0.7333333333333334,0.06666666666666667,0.8,0.43333333333333335,0.03333333333333333
2022,oe:team:cd62e47544f14f1d239afa659b9d243,Rogue,mid,-0.8333333333333333,0.0,0.8333333333333333,0.5333333333333333,0.0
2022,oe:team:cd62e47544f14f1d239afa659b9d243,Rogue,bot,-0.7666666666666666,0.06666666666666667,0.8333333333333333,0.5,0.06666666666666667
2022,oe:team:cd62e47544f14f1d239afa659b9d243,Rogue,sup,-0.33333333333333337,0.06666666666666667,0.4,0.2,0.03333333333333333
2022,oe:team:ce499dea30cfce118f4fe85da0227e8,T1,top,-0.10638297872340424,0.23404255319148937,0.3404255319148936,0.1702127659574468,0.1276595744680851
2022,oe:team:ce499dea30cfce118f4fe85da0227e8,T1,jng,0.5957446808510638,1.127659574468085,0.5319148936170213,0.2978723404255319,0.2978723404255319
2022,oe:team:ce499dea30cfce118f4fe85da0227e8,T1,mid,-0.7659574468085106,0.0425531914893617,0.8085106382978723,0.44680851063829785,0.02127659574468085
2022,oe:team:ce499dea30cfce118f4fe85da0227e8,T1,bot,-1.0638297872340425,0.0851063829787234,1.148936170212766,0.5531914893617021,0.06382978723404255
2022,oe:team:ce499dea30cfce118f4fe85da0227e8,T1,sup,0.1276595744680851,0.2978723404255319,0.1702127659574468,0.0851063829787234,0.10638297872340426
2022,oe:team:e435aa3ecb82a89e60544f5f5857a81,DetonatioN FocusMe,top,0.0,0.0,0.0,0.0,0.0
2022,oe:team:e435aa3ecb82a89e60544f5f5857a81,DetonatioN FocusMe,jng,-1.3571428571428572,0.0,1.3571428571428572,0.7142857142857143,0.0
2022,oe:team:e435aa3ecb82a89e60544f5f5857a81,DetonatioN FocusMe,mid,-0.46428571428571436,0.14285714285714285,0.6071428571428572,0.3928571428571428,0.07142857142857142
2022,oe:team:e435aa3ecb82a89e60544f5f5857a81,DetonatioN FocusMe,bot,-0.7857142857142858,0.25,1.0357142857142858,0.5714285714285714,0.14285714285714285
2022,oe:team:e435aa3ecb82a89e60544f5f5857a81,DetonatioN FocusMe,sup,-0.35714285714285715,0.0,0.35714285714285715,0.17857142857142858,0.0
2022,oe:team:ef69efa6acebe94107f0cf1ba716806,Dplus Kia,top,-0.27450980392156865,0.11764705882352941,0.39215686274509803,0.19607843137254902,0.058823529411764705
2022,oe:team:ef69efa6acebe94107f0cf1ba716806,Dplus Kia,jng,-0.7450980392156863,0.23529411764705882,0.9803921568627452,0.5490196078431373,0.058823529411764705
2022,oe:team:ef69efa6acebe94107f0cf1ba716806,Dplus Kia,mid,-0.6862745098039217,0.11764705882352941,0.803921568627451,0.45098039215686275,0.058823529411764705
2022,oe:team:ef69efa6acebe94107f0cf1ba716806,Dplus Kia,bot,-0.47058823529411764,0.19607843137254902,0.6666666666666667,0.33333333333333337,0.13725490196078433
2022,oe:team:ef69efa6acebe94107f0cf1ba716806,Dplus Kia,sup,-0.11764705882352941,0.0,0.11764705882352941,0.058823529411764705,0.0
2022,oe:team:f7f7324c151aa6ed770b244ce08e027,Evil Geniuses,top,-0.17647058823529413,0.0,0.17647058823529413,0.08823529411764706,0.0
2022,oe:team:f7f7324c151aa6ed770b244ce08e027,Evil Geniuses,jng,-0.9705882352941178,0.058823529411764705,1.0294117647058825,0.6470588235294118,0.029411764705882353
2022,oe:team:f7f7324c151aa6ed770b244ce08e027,Evil Geniuses,mid,-0.9705882352941178,0.0,0.9705882352941178,0.5882352941176471,0.0
2022,oe:team:f7f7324c151aa6ed770b244ce08e027,Evil Geniuses,bot,-0.8235294117647058,0.1764705882352941,1.0,0.4411764705882353,0.14705882352941177
2022,oe:team:f7f7324c151aa6ed770b244ce08e027,Evil Geniuses,sup,-0.23529411764705882,0.0,0.23529411764705882,0.11764705882352941,0.0
2022,oe:team:fc8e90107dabb9a35c490b0d86adea0,Cloud9,top,0.0625,0.125,0.0625,0.03125,0.0625
2022,oe:team:fc8e90107dabb9a35c490b0d86adea0,Cloud9,jng,-0.8125,0.125,0.9375,0.5,0.0625
2022,oe:team:fc8e90107dabb9a35c490b0d86adea0,Cloud9,mid,-0.46875,0.0,0.46875,0.25,0.0
2022,oe:team:fc8e90107dabb9a35c490b0d86adea0,Cloud9,bot,-1.34375,0.0,1.34375,0.75,0.0
2022,oe:team:fc8e90107dabb9a35c490b0d86adea0,Cloud9,sup,-0.375,0.125,0.5,0.25,0.0625
2022,oe:team:fcec508e780bbd1ad493852640f5b36,Top Esports,top,0.0,0.08163265306122448,0.08163265306122448,0.04081632653061224,0.04081632653061224
2022,oe:team:fcec508e780bbd1ad493852640f5b36,Top Esports,jng,-0.7142857142857144,0.12244897959183673,0.8367346938775511,0.5102040816326531,0.061224489795918366
2022,oe:team:fcec508e780bbd1ad493852640f5b36,Top Esports,mid,-0.6326530612244898,0.0,0.6326530612244898,0.4285714285714286,0.0
2022,oe:team:fcec508e780bbd1ad493852640f5b36,Top Esports,bot,-0.8163265306122449,0.08163265306122448,0.8979591836734693,0.4897959183673469,0.08163265306122448
2022,oe:team:fcec508e780bbd1ad493852640f5b36,Top Esports,sup,-0.32653061224489793,0.0,0.32653061224489793,0.16326530612244897,0.0
2023,oe:team:0916b3c324c8577b0c6344f3e067f62,CTBC Flying Oyster,top,-0.02564102564102566,0.20512820512820512,0.23076923076923078,0.23076923076923078,0.10256410256410256
2023,oe:team:0916b3c324c8577b0c6344f3e067f62,CTBC Flying Oyster,jng,-0.3076923076923077,0.0,0.3076923076923077,0.15384615384615385,0.0
2023,oe:team:0916b3c324c8577b0c6344f3e067f62,CTBC Flying Oyster,mid,-0.28205128205128205,0.0,0.28205128205128205,0.28205128205128205,0.0
2023,oe:team:0916b3c324c8577b0c6344f3e067f62,CTBC Flying Oyster,bot,-0.07692307692307693,0.0,0.07692307692307693,0.07692307692307693,0.0
2023,oe:team:0916b3c324c8577b0c6344f3e067f62,CTBC Flying Oyster,sup,-0.46153846153846156,0.0,0.46153846153846156,0.23076923076923078,0.0
2023,oe:team:2cb996a4b0ffaca3bcf66fe91450243,Movistar R7,top,-0.38888888888888884,0.0,0.38888888888888884,0.38888888888888884,0.0
2023,oe:team:2cb996a4b0ffaca3bcf66fe91450243,Movistar R7,jng,-0.9444444444444444,0.0,0.9444444444444444,0.6666666666666667,0.0
2023,oe:team:2cb996a4b0ffaca3bcf66fe91450243,Movistar R7,mid,0.2222222222222222,0.4444444444444444,0.2222222222222222,0.2222222222222222,0.2222222222222222
2023,oe:team:2cb996a4b0ffaca3bcf66fe91450243,Movistar R7,bot,-0.7777777777777777,0.0,0.7777777777777777,0.4444444444444444,0.0
2023,oe:team:2cb996a4b0ffaca3bcf66fe91450243,Movistar R7,sup,-0.4444444444444444,0.0,0.4444444444444444,0.2222222222222222,0.0
2023,oe:team:407a64574852482edb8c1560eab637c,Team Whales,top,-0.37209302325581395,0.046511627906976744,0.4186046511627907,0.4186046511627907,0.023255813953488372
2023,oe:team:407a64574852482edb8c1560eab637c,Team Whales,jng,-0.13953488372093023,0.046511627906976744,0.18604651162790697,0.09302325581395349,0.046511627906976744
2023,oe:team:407a64574852482edb8c1560eab637c,Team Whales,mid,-0.04651162790697676,0.11627906976744186,0.16279069767441862,0.16279069767441862,0.06976744186046512
2023,oe:team:407a64574852482edb8c1560eab637c,Team Whales,bot,-0.046511627906976744,0.0,0.046511627906976744,0.046511627906976744,0.0
2023,oe:team:407a64574852482edb8c1560eab637c,Team Whales,sup,-0.27906976744186046,0.0,0.27906976744186046,0.13953488372093023,0.0
2023,oe:team:4880b157399745e82e26e229d8bbf48,PSG Talon,top,0.13793103448275862,0.27586206896551724,0.13793103448275862,0.13793103448275862,0.13793103448275862
2023,oe:team:4880b157399745e82e26e229d8bbf48,PSG Talon,jng,-0.48275862068965514,0.0,0.48275862068965514,0.24137931034482757,0.0
2023,oe:team:4880b157399745e82e26e229d8bbf48,PSG Talon,mid,-0.1724137931034483,0.0,0.1724137931034483,0.1724137931034483,0.0
2023,oe:team:4880b157399745e82e26e229d8bbf48,PSG Talon,bot,-0.034482758620689655,0.034482758620689655,0.06896551724137931,0.06896551724137931,0.034482758620689655
2023,oe:team:4880b157399745e82e26e229d8bbf48,PSG Talon,sup,-0.48275862068965514,0.06896551724137931,0.5517241379310345,0.27586206896551724,0.034482758620689655
2023,oe:team:50f58982d91a36557ec8aec52ab014f,Gen.G,top,0.12121212121212119,0.36363636363636365,0.24242424242424243,0.24242424242424243,0.18181818181818182
2023,oe:team:50f58982d91a36557ec8aec52ab014f,Gen.G,jng,-0.7878787878787878,0.0,0.7878787878787878,0.606060606060606,0.0
2023,oe:team:50f58982d91a36557ec8aec52ab014f,Gen.G,mid,0.12121212121212122,0.30303030303030304,0.18181818181818182,0.18181818181818182,0.21212121212121213
2023,oe:team:50f58982d91a36557ec8aec52ab014f,Gen.G,bot,-0.8181818181818181,0.030303030303030304,0.8484848484848484,0.5151515151515151,0.030303030303030304
2023,oe:team:50f58982d91a36557ec8aec52ab014f,Gen.G,sup,-0.21212121212121213,0.06060606060606061,0.2727272727272727,0.15151515151515152,0.030303030303030304
2023,oe:team:606c6ac695907af3823ee6405c58ff1,Weibo Gaming,top,-0.125,0.1875,0.3125,0.28125,0.0625
2023,oe:team:606c6ac695907af3823ee6405c58ff1,Weibo Gaming,jng,-0.75,0.125,0.875,0.40625,0.0625
2023,oe:team:606c6ac695907af3823ee6405c58ff1,Weibo Gaming,mid,-0.40625,0.03125,0.4375,0.4375,0.03125
2023,oe:team:606c6ac695907af3823ee6405c58ff1,Weibo Gaming,bot,-0.875,0.03125,0.90625,0.53125,0.03125
2023,oe:team:606c6ac695907af3823ee6405c58ff1,Weibo Gaming,sup,-1.0,0.0,1.0,0.25,0.0
2023,oe:team:658a021a796aa5501503220adb38cf4,LOUD,top,-0.18181818181818182,0.18181818181818182,0.36363636363636365,0.36363636363636365,0.09090909090909091
2023,oe:team:658a021a796aa5501503220adb38cf4,LOUD,jng,0.2727272727272727,0.2727272727272727,0.0,0.0,0.13636363636363635
2023,oe:team:658a021a796aa5501503220adb38cf4,LOUD,mid,0.09090909090909091,0.2272727272727273,0.13636363636363635,0.13636363636363635,0.2272727272727273
2023,oe:team:658a021a796aa5501503220adb38cf4,LOUD,bot,-0.0909090909090909,0.045454545454545456,0.13636363636363635,0.13636363636363635,0.045454545454545456
2023,oe:team:658a021a796aa5501503220adb38cf4,LOUD,sup,-0.1818181818181818,0.09090909090909091,0.2727272727272727,0.13636363636363635,0.045454545454545456
2023,oe:team:6a0084dacefb228be863fbb64cefe11,MAD Lions KOI,top,0.2222222222222222,0.3333333333333333,0.1111111111111111,0.1111111111111111,0.16666666666666666
2023,oe:team:6a0084dacefb228be863fbb64cefe11,MAD Lions KOI,jng,-0.2222222222222222,0.0,0.2222222222222222,0.1111111111111111,0.0
2023,oe:team:6a0084dacefb228be863fbb64cefe11,MAD Lions KOI,mid,-0.4444444444444444,0.0,0.4444444444444444,0.4444444444444444,0.0
2023,oe:team:6a0084dacefb228be863fbb64cefe11,MAD Lions KOI,bot,0.05555555555555555,0.05555555555555555,0.0,0.0,0.05555555555555555
2023,oe:team:6a0084dacefb228be863fbb64cefe11,MAD Lions KOI,sup,-0.16666666666666669,0.16666666666666666,0.3333333333333333,0.16666666666666666,0.1111111111111111
2023,oe:team:7338408a0fe0217451d2c9a567db999,Team BDS,top,0.0,0.0,0.0,0.0,0.0
2023,oe:team:7338408a0fe0217451d2c9a567db999,Team BDS,jng,0.0,0.0,0.0,0.0,0.0
2023,oe:team:7338408a0fe0217451d2c9a567db999,Team BDS,mid,0.0,0.0,0.0,0.0,0.0
2023,oe:team:7338408a0fe0217451d2c9a567db999,Team BDS,bot,0.0,0.0,0.0,0.0,0.0
2023,oe:team:7338408a0fe0217451d2c9a567db999,Team BDS,sup,0.0,0.0,0.0,0.0,0.0
2023,oe:team:78f183fa5a7d8ecb22b9ad272c3abd7,Fnatic,top,-0.17142857142857143,0.11428571428571428,0.2857142857142857,0.2857142857142857,0.05714285714285714
2023,oe:team:78f183fa5a7d8ecb22b9ad272c3abd7,Fnatic,jng,-0.17142857142857143,0.0,0.17142857142857143,0.08571428571428572,0.0
2023,oe:team:78f183fa5a7d8ecb22b9ad272c3abd7,Fnatic,mid,-0.08571428571428572,0.11428571428571428,0.19999999999999998,0.19999999999999998,0.11428571428571428
2023,oe:team:78f183fa5a7d8ecb22b9ad272c3abd7,Fnatic,bot,-0.11428571428571428,0.0,0.11428571428571428,0.11428571428571428,0.0
2023,oe:team:78f183fa5a7d8ecb22b9ad272c3abd7,Fnatic,sup,-0.08571428571428572,0.08571428571428572,0.17142857142857143,0.08571428571428572,0.05714285714285714
2023,oe:team:7d6673d3a9d00363c6bebc1a630da6e,G2 Esports,top,-0.23076923076923078,0.0,0.23076923076923078,0.23076923076923078,0.0
2023,oe:team:7d6673d3a9d00363c6bebc1a630da6e,G2 Esports,jng,-0.7692307692307692,0.0,0.7692307692307692,0.4230769230769231,0.0
2023,oe:team:7d6673d3a9d00363c6bebc1a630da6e,G2 Esports,mid,0.11538461538461539,0.15384615384615385,0.038461538461538464,0.038461538461538464,0.15384615384615385
2023,oe:team:7d6673d3a9d00363c6bebc1a630da6e,G2 Esports,bot,0.0,0.0,0.0,0.0,0.0
2023,oe:team:7d6673d3a9d00363c6bebc1a630da6e,G2 Esports,sup,0.0,0.23076923076923078,0.23076923076923078,0.11538461538461539,0.15384615384615385
2023,oe:team:8eb884e168f28402ce685bedebb5250,Team Liquid,top,0.5161290322580645,0.6451612903225806,0.12903225806451613,0.12903225806451613,0.25806451612903225
2023,oe:team:8eb884e168f28402ce685bedebb5250,Team Liquid,jng,-0.4516129032258064,0.12903225806451613,0.5806451612903225,0.3225806451612903,0.06451612903225806
2023,oe:team:8eb884e168f28402ce685bedebb5250,Team Liquid,mid,0.03225806451612903,0.06451612903225806,0.03225806451612903,0.03225806451612903,0.03225806451612903
2023,oe:team:8eb884e168f28402ce685bedebb5250,Team Liquid,bot,-0.8064516129032258,0.0,0.8064516129032258,0.4193548387096774,0.0
2023,oe:team:8eb884e168f28402ce685bedebb5250,Team Liquid,sup,-0.12903225806451613,0.1935483870967742,0.3225806451612903,0.16129032258064516,0.12903225806451613
2023,oe:team:9cae7677cd0dbcc1cd86653870b73c2,GAM Esports,top,-0.08333333333333334,0.1111111111111111,0.19444444444444445,0.19444444444444445,0.05555555555555555
2023,oe:team:9cae7677cd0dbcc1cd86653870b73c2,GAM Esports,jng,0.1388888888888889,0.4444444444444444,0.3055555555555555,0.16666666666666666,0.2222222222222222
2023,oe:team:9cae7677cd0dbcc1cd86653870b73c2,GAM Esports,mid,0.2222222222222222,0.2222222222222222,0.0,0.0,0.2222222222222222
2023,oe:team:9cae7677cd0dbcc1cd86653870b73c2,GAM Esports,bot,-0.2222222222222222,0.0,0.2222222222222222,0.2222222222222222,0.0
2023,oe:team:9cae7677cd0dbcc1cd86653870b73c2,GAM Esports,sup,-0.44444444444444453,0.16666666666666666,0.6111111111111112,0.3055555555555556,0.08333333333333333
2023,oe:team:a9145b7711873f53e610fbba0493484,LNG Esports,top,-0.12820512820512825,0.4615384615384615,0.5897435897435898,0.41025641025641024,0.15384615384615385
2023,oe:team:a9145b7711873f53e610fbba0493484,LNG Esports,jng,-0.8717948717948718,0.2564102564102564,1.1282051282051282,0.5897435897435896,0.1282051282051282
2023,oe:team:a9145b7711873f53e610fbba0493484,LNG Esports,mid,-0.3076923076923077,0.0,0.3076923076923077,0.3076923076923077,0.0
2023,oe:team:a9145b7711873f53e610fbba0493484,LNG Esports,bot,-0.3076923076923077,0.0,0.3076923076923077,0.15384615384615385,0.0
2023,oe:team:a9145b7711873f53e610fbba0493484,LNG Esports,sup,-0.6153846153846154,0.0,0.6153846153846154,0.15384615384615385,0.0
2023,oe:team:b42d0f31f2727621b963042276817c4,JD Gaming,top,0.12499999999999994,0.41666666666666663,0.2916666666666667,0.2916666666666667,0.20833333333333331
2023,oe:team:b42d0f31f2727621b963042276817c4,JD Gaming,jng,-0.8333333333333333,0.08333333333333333,0.9166666666666666,0.41666666666666663,0.041666666666666664
2023,oe:team:b42d0f31f2727621b963042276817c4,JD Gaming,mid,0.0,0.0,0.0,0.0,0.0
2023,oe:team:b42d0f31f2727621b963042276817c4,JD Gaming,bot,-0.2916666666666667,0.0,0.2916666666666667,0.16666666666666666,0.0
2023,oe:team:b42d0f31f2727621b963042276817c4,JD Gaming,sup,-1.1666666666666667,0.0,1.1666666666666667,0.2916666666666667,0.0
2023,oe:team:ce499dea30cfce118f4fe85da0227e8,T1,top,0.06249999999999996,0.375,0.3125,0.3125,0.1875
2023,oe:team:ce499dea30cfce118f4fe85da0227e8,T1,jng,-0.7708333333333334,0.041666666666666664,0.8125,0.5625,0.020833333333333332
2023,oe:team:ce499dea30cfce118f4fe85da0227e8,T1,mid,-0.3333333333333333,0.041666666666666664,0.375,0.375,0.020833333333333332
2023,oe:team:ce499dea30cfce118f4fe85da0227e8,T1,bot,-0.5416666666666666,0.0625,0.6041666666666666,0.3541666666666667,0.0625
2023,oe:team:ce499dea30cfce118f4fe85da0227e8,T1,sup,-3.8163916471489756e-17,0.3125,0.3125,0.16666666666666669,0.16666666666666669
2023,oe:team:d356a144644879dabb5f34cd99c886d,Bilibili Gaming,top,-0.18181818181818182,0.36363636363636365,0.5454545454545454,0.4545454545454546,0.09090909090909091
2023,oe:team:d356a144644879dabb5f34cd99c886d,Bilibili Gaming,jng,-0.8636363636363635,0.18181818181818182,1.0454545454545454,0.6818181818181818,0.09090909090909091
2023,oe:team:d356a144644879dabb5f34cd99c886d,Bilibili Gaming,mid,-0.09090909090909091,0.09090909090909091,0.18181818181818182,0.18181818181818182,0.045454545454545456
2023,oe:team:d356a144644879dabb5f34cd99c886d,Bilibili Gaming,bot,-0.2727272727272727,0.0,0.2727272727272727,0.13636363636363635,0.0
2023,oe:team:d356a144644879dabb5f34cd99c886d,Bilibili Gaming,sup,-1.6363636363636365,0.0,1.6363636363636365,0.4090909090909091,0.0
2023,oe:team:d723992568441c6bafa2658129eade7,KT Rolster,top,-0.35,0.05,0.39999999999999997,0.39999999999999997,0.025
2023,oe:team:d723992568441c6bafa2658129eade7,KT Rolster,jng,-0.725,0.0,0.725,0.42500000000000004,0.0
2023,oe:team:d723992568441c6bafa2658129eade7,KT Rolster,mid,-0.4,0.05,0.45,0.45,0.05
2023,oe:team:d723992568441c6bafa2658129eade7,KT Rolster,bot,-1.0,0.0,1.0,0.625,0.0
2023,oe:team:d723992568441c6bafa2658129eade7,KT Rolster,sup,0.125,0.15,0.025,0.025,0.075
2023,oe:team:e435aa3ecb82a89e60544f5f5857a81,DetonatioN FocusMe,top,0.05882352941176469,0.23529411764705882,0.1764705882352941,0.1764705882352941,0.11764705882352941
2023,oe:team:e435aa3ecb82a89e60544f5f5857a81,DetonatioN FocusMe,jng,-0.9411764705882354,0.0,0.9411764705882354,0.5294117647058824,0.0
2023,oe:team:e435aa3ecb82a89e60544f5f5857a81,DetonatioN FocusMe,mid,-0.4117647058823529,0.058823529411764705,0.47058823529411764,0.3529411764705882,0.058823529411764705
2023,oe:team:e435aa3ecb82a89e60544f5f5857a81,DetonatioN FocusMe,bot,-0.17647058823529413,0.0,0.17647058823529413,0.17647058823529413,0.0
2023,oe:team:e435aa3ecb82a89e60544f5f5857a81,DetonatioN FocusMe,sup,0.0,0.11764705882352941,0.11764705882352941,0.058823529411764705,0.058823529411764705
2023,oe:team:e758ebe9a5a2cc81b9c8078479c2d87,NRG,top,-0.13793103448275862,0.1724137931034483,0.3103448275862069,0.3103448275862069,0.10344827586206896
2023,oe:team:e758ebe9a5a2cc81b9c8078479c2d87,NRG,jng,-0.9310344827586207,0.0,0.9310344827586207,0.5517241379310345,0.0
2023,oe:team:e758ebe9a5a2cc81b9c8078479c2d87,NRG,mid,-0.20689655172413796,0.1724137931034483,0.3793103448275862,0.3448275862068966,0.13793103448275862
2023,oe:team:e758ebe9a5a2cc81b9c8078479c2d87,NRG,bot,-0.6206896551724138,0.0,0.6206896551724138,0.3448275862068966,0.0
2023,oe:team:e758ebe9a5a2cc81b9c8078479c2d87,NRG,sup,-0.5862068965517242,0.06896551724137931,0.6551724137931034,0.3448275862068966,0.034482758620689655
2023,oe:team:ef69efa6acebe94107f0cf1ba716806,Dplus Kia,top,-0.28125,0.0,0.28125,0.28125,0.0
2023,oe:team:ef69efa6acebe94107f0cf1ba716806,Dplus Kia,jng,-0.71875,0.0,0.71875,0.375,0.0
2023,oe:team:ef69efa6acebe94107f0cf1ba716806,Dplus Kia,mid,0.125,0.28125,0.15625,0.15625,0.15625
2023,oe:team:ef69efa6acebe94107f0cf1ba716806,Dplus Kia,bot,-0.53125,0.0,0.53125,0.28125,0.0
2023,oe:team:ef69efa6acebe94107f0cf1ba716806,Dplus Kia,sup,-0.125,0.3125,0.4375,0.21875,0.15625
2023,oe:team:fc8e90107dabb9a35c490b0d86adea0,Cloud9,top,-0.25,0.30000000000000004,0.55,0.55,0.1
2023,oe:team:fc8e90107dabb9a35c490b0d86adea0,Cloud9,jng,-1.4,0.0,1.4,0.8500000000000001,0.0
2023,oe:team:fc8e90107dabb9a35c490b0d86adea0,Cloud9,mid,0.1,0.2,0.1,0.05,0.15000000000000002
2023,oe:team:fc8e90107dabb9a35c490b0d86adea0,Cloud9,bot,-0.55,0.0,0.55,0.3,0.0
2023,oe:team:fc8e90107dabb9a35c490b0d86adea0,Cloud9,sup,-0.2,0.2,0.4,0.2,0.1
2024,oe:team:2cb996a4b0ffaca3bcf66fe91450243,Movistar R7,top,0.5357142857142857,0.6785714285714285,0.14285714285714285,0.07142857142857142,0.4642857142857142
2024,oe:team:2cb996a4b0ffaca3bcf66fe91450243,Movistar R7,jng,-0.3214285714285714,0.0,0.3214285714285714,0.14285714285714285,0.0
2024,oe:team:2cb996a4b0ffaca3bcf66fe91450243,Movistar R7,mid,-1.2857142857142856,0.03571428571428571,1.3214285714285714,0.3928571428571428,0.03571428571428571
2024,oe:team:2cb996a4b0ffaca3bcf66fe91450243,Movistar R7,bot,-0.6071428571428571,0.0,0.6071428571428571,0.42857142857142855,0.0
2024,oe:team:2cb996a4b0ffaca3bcf66fe91450243,Movistar R7,sup,-0.39285714285714285,0.0,0.39285714285714285,0.39285714285714285,0.0
2024,oe:team:2e66da41dc460dd378e3bcc57042d31,FlyQuest,top,-0.02631578947368421,0.05263157894736842,0.07894736842105263,0.02631578947368421,0.05263157894736842
2024,oe:team:2e66da41dc460dd378e3bcc57042d31,FlyQuest,jng,-1.0526315789473684,0.0,1.0526315789473684,0.4473684210526315,0.0
2024,oe:team:2e66da41dc460dd378e3bcc57042d31,FlyQuest,mid,-1.2105263157894735,0.0,1.2105263157894735,0.6052631578947367,0.0
2024,oe:team:2e66da41dc460dd378e3bcc57042d31,FlyQuest,bot,-0.7368421052631577,0.0,0.7368421052631577,0.6578947368421052,0.0
2024,oe:team:2e66da41dc460dd378e3bcc57042d31,FlyQuest,sup,-0.4473684210526316,0.0,0.4473684210526316,0.4473684210526316,0.0
2024,oe:team:3a1d18f46bcb3716ebcfcf4ef068934,Hanwha Life Esports,top,-0.0980392156862745,0.47058823529411764,0.5686274509803921,0.23529411764705882,0.3137254901960784
2024,oe:team:3a1d18f46bcb3716ebcfcf4ef068934,Hanwha Life Esports,jng,-0.6470588235294118,0.0,0.6470588235294118,0.4117647058823529,0.0
2024,oe:team:3a1d18f46bcb3716ebcfcf4ef068934,Hanwha Life Esports,mid,-0.8235294117647058,0.0784313725490196,0.9019607843137254,0.4509803921568627,0.0392156862745098
2024,oe:team:3a1d18f46bcb3716ebcfcf4ef068934,Hanwha Life Esports,bot,-0.9411764705882354,0.0,0.9411764705882354,0.7058823529411765,0.0
2024,oe:team:3a1d18f46bcb3716ebcfcf4ef068934,Hanwha Life Esports,sup,-0.4117647058823529,0.0,0.4117647058823529,0.4117647058823529,0.0
2024,oe:team:4880b157399745e82e26e229d8bbf48,PSG Talon,top,-0.25,0.3928571428571428,0.6428571428571428,0.2857142857142857,0.3214285714285714
2024,oe:team:4880b157399745e82e26e229d8bbf48,PSG Talon,jng,-0.17857142857142855,0.4285714285714286,0.6071428571428571,0.2142857142857143,0.2142857142857143
2024,oe:team:4880b157399745e82e26e229d8bbf48,PSG Talon,mid,-1.6785714285714288,0.0,1.6785714285714288,0.5357142857142857,0.0
2024,oe:team:4880b157399745e82e26e229d8bbf48,PSG Talon,bot,-0.8214285714285714,0.0,0.8214285714285714,0.6785714285714286,0.0
2024,oe:team:4880b157399745e82e26e229d8bbf48,PSG Talon,sup,-0.5714285714285714,0.0,0.5714285714285714,0.5714285714285714,0.0
2024,oe:team:4bd1751425ef6a9bc9d4d8e9385b4a6,100 Thieves,top,0.3125,0.3125,0.0,0.0,0.15625
2024,oe:team:4bd1751425ef6a9bc9d4d8e9385b4a6,100 Thieves,jng,-0.84375,0.0,0.84375,0.375,0.0
2024,oe:team:4bd1751425ef6a9bc9d4d8e9385b4a6,100 Thieves,mid,-1.25,0.0,1.25,0.625,0.0
2024,oe:team:4bd1751425ef6a9bc9d4d8e9385b4a6,100 Thieves,bot,-0.8125,0.0,0.8125,0.65625,0.0
2024,oe:team:4bd1751425ef6a9bc9d4d8e9385b4a6,100 Thieves,sup,-0.53125,0.0,0.53125,0.46875,0.0
2024,oe:team:50f58982d91a36557ec8aec52ab014f,Gen.G,top,-0.041666666666666685,0.2708333333333333,0.3125,0.16666666666666666,0.14583333333333331
2024,oe:team:50f58982d91a36557ec8aec52ab014f,Gen.G,jng,-0.7083333333333334,0.0,0.7083333333333334,0.3125,0.0
2024,oe:team:50f58982d91a36557ec8aec52ab014f,Gen.G,mid,-1.1666666666666667,0.041666666666666664,1.2083333333333333,0.6041666666666666,0.041666666666666664
2024,oe:team:50f58982d91a36557ec8aec52ab014f,Gen.G,bot,-1.0833333333333333,0.0,1.0833333333333333,0.8125,0.0
2024,oe:team:50f58982d91a36557ec8aec52ab014f,Gen.G,sup,-0.27083333333333337,0.020833333333333332,0.29166666666666663,0.27083333333333337,0.020833333333333332
2024,oe:team:606c6ac695907af3823ee6405c58ff1,Weibo Gaming,top,-0.18518518518518517,0.2037037037037037,0.38888888888888884,0.24074074074074073,0.14814814814814814
2024,oe:team:606c6ac695907af3823ee6405c58ff1,Weibo Gaming,jng,-0.7777777777777777,0.037037037037037035,0.8148148148148147,0.3333333333333333,0.018518518518518517
2024,oe:team:606c6ac695907af3823ee6405c58ff1,Weibo Gaming,mid,-1.2222222222222223,0.1111111111111111,1.3333333333333333,0.4444444444444444,0.07407407407407407
2024,oe:team:606c6ac695907af3823ee6405c58ff1,Weibo Gaming,bot,-0.8148148148148149,0.0,0.8148148148148149,0.7407407407407407,0.0
2024,oe:team:606c6ac695907af3823ee6405c58ff1,Weibo Gaming,sup,-0.4814814814814815,0.0,0.4814814814814815,0.4814814814814815,0.0
2024,oe:team:61450737f7b683db4da7b3e0bf0dced,paiN Gaming,top,-0.043478260869565244,0.6086956521739131,0.6521739130434783,0.21739130434782608,0.391304347826087
2024,oe:team:61450737f7b683db4da7b3e0bf0dced,paiN Gaming,jng,-0.4782608695652174,0.0,0.4782608695652174,0.21739130434782608,0.0
2024,oe:team:61450737f7b683db4da7b3e0bf0dced,paiN Gaming,mid,-2.391304347826087,0.0,2.391304347826087,0.6956521739130435,0.0
2024,oe:team:61450737f7b683db4da7b3e0bf0dced,paiN Gaming,bot,-0.6521739130434783,0.0,0.6521739130434783,0.608695652173913,0.0
2024,oe:team:61450737f7b683db4da7b3e0bf0dced,paiN Gaming,sup,-0.21739130434782608,0.0,0.21739130434782608,0.21739130434782608,0.0
2024,oe:team:6a0084dacefb228be863fbb64cefe11,MAD Lions KOI,top,-0.32,0.2,0.52,0.24000000000000002,0.16
2024,oe:team:6a0084dacefb228be863fbb64cefe11,MAD Lions KOI,jng,-0.6000000000000001,0.0,0.6000000000000001,0.28,0.0
2024,oe:team:6a0084dacefb228be863fbb64cefe11,MAD Lions KOI,mid,-1.08,0.08,1.16,0.44,0.04
2024,oe:team:6a0084dacefb228be863fbb64cefe11,MAD Lions KOI,bot,-1.1600000000000001,0.0,1.1600000000000001,0.8,0.0
2024,oe:team:6a0084dacefb228be863fbb64cefe11,MAD Lions KOI,sup,-0.4,0.0,0.4,0.4,0.0
2024,oe:team:78f183fa5a7d8ecb22b9ad272c3abd7,Fnatic,top,-0.03225806451612903,0.16129032258064516,0.1935483870967742,0.12903225806451613,0.0967741935483871
2024,oe:team:78f183fa5a7d8ecb22b9ad272c3abd7,Fnatic,jng,-0.3225806451612903,0.06451612903225806,0.3870967741935484,0.1935483870967742,0.03225806451612903
2024,oe:team:78f183fa5a7d8ecb22b9ad272c3abd7,Fnatic,mid,-1.129032258064516,0.03225806451612903,1.161290322580645,0.3225806451612903,0.03225806451612903
2024,oe:team:78f183fa5a7d8ecb22b9ad272c3abd7,Fnatic,bot,-0.7096774193548387,0.06451612903225806,0.7741935483870968,0.5483870967741935,0.03225806451612903
2024,oe:team:78f183fa5a7d8ecb22b9ad272c3abd7,Fnatic,sup,-0.6129032258064516,0.0,0.6129032258064516,0.6129032258064516,0.0
2024,oe:team:7d6673d3a9d00363c6bebc1a630da6e,G2 Esports,top,-0.17391304347826086,0.10869565217391304,0.2826086956521739,0.15217391304347827,0.06521739130434782
2024,oe:team:7d6673d3a9d00363c6bebc1a630da6e,G2 Esports,jng,-0.34782608695652173,0.13043478260869565,0.4782608695652174,0.2391304347826087,0.06521739130434782
2024,oe:team:7d6673d3a9d00363c6bebc1a630da6e,G2 Esports,mid,-1.7826086956521738,0.06521739130434782,1.8478260869565217,0.5652173913043478,0.043478260869565216
2024,oe:team:7d6673d3a9d00363c6bebc1a630da6e,G2 Esports,bot,-0.3478260869565217,0.17391304347826086,0.5217391304347825,0.4782608695652173,0.08695652173913043
2024,oe:team:7d6673d3a9d00363c6bebc1a630da6e,G2 Esports,sup,-0.4782608695652174,0.0,0.4782608695652174,0.4347826086956521,0.0
2024,oe:team:8eb884e168f28402ce685bedebb5250,Team Liquid,top,-0.16129032258064516,0.25806451612903225,0.4193548387096774,0.16129032258064516,0.12903225806451613
2024,oe:team:8eb884e168f28402ce685bedebb5250,Team Liquid,jng,-1.096774193548387,0.12903225806451613,1.225806451612903,0.5806451612903225,0.06451612903225806
2024,oe:team:8eb884e168f28402ce685bedebb5250,Team Liquid,mid,-1.1612903225806452,0.0,1.1612903225806452,0.6774193548387097,0.0
2024,oe:team:8eb884e168f28402ce685bedebb5250,Team Liquid,bot,-0.7419354838709677,0.0,0.7419354838709677,0.5483870967741935,0.0
2024,oe:team:8eb884e168f28402ce685bedebb5250,Team Liquid,sup,-0.5806451612903225,0.0,0.5806451612903225,0.4838709677419355,0.0
2024,oe:team:9cae7677cd0dbcc1cd86653870b73c2,GAM Esports,top,-0.3333333333333333,0.41025641025641024,0.7435897435897435,0.28205128205128205,0.28205128205128205
2024,oe:team:9cae7677cd0dbcc1cd86653870b73c2,GAM Esports,jng,-0.7692307692307693,0.0,0.7692307692307693,0.28205128205128205,0.0
2024,oe:team:9cae7677cd0dbcc1cd86653870b73c2,GAM Esports,mid,-1.2307692307692308,0.15384615384615385,1.3846153846153846,0.38461538461538464,0.10256410256410256
2024,oe:team:9cae7677cd0dbcc1cd86653870b73c2,GAM Esports,bot,-0.7692307692307693,0.0,0.7692307692307693,0.6666666666666667,0.0
2024,oe:team:9cae7677cd0dbcc1cd86653870b73c2,GAM Esports,sup,-0.38461538461538464,0.0,0.38461538461538464,0.33333333333333337,0.0
2024,oe:team:a9145b7711873f53e610fbba0493484,LNG Esports,top,-0.0789473684210526,0.4473684210526315,0.5263157894736842,0.21052631578947367,0.2631578947368421
2024,oe:team:a9145b7711873f53e610fbba0493484,LNG Esports,jng,-0.6842105263157894,0.0,0.6842105263157894,0.2894736842105263,0.0
2024,oe:team:a9145b7711873f53e610fbba0493484,LNG Esports,mid,-0.9999999999999999,0.05263157894736842,1.0526315789473681,0.3157894736842105,0.02631578947368421
2024,oe:team:a9145b7711873f53e610fbba0493484,LNG Esports,bot,-0.8157894736842105,0.0,0.8157894736842105,0.7105263157894737,0.0
2024,oe:team:a9145b7711873f53e610fbba0493484,LNG Esports,sup,-0.3421052631578947,0.0,0.3421052631578947,0.3157894736842105,0.0
2024,oe:team:ce499dea30cfce118f4fe85da0227e8,T1,top,-0.23999999999999994,0.30666666666666664,0.5466666666666666,0.28,0.21333333333333335
2024,oe:team:ce499dea30cfce118f4fe85da0227e8,T1,jng,-0.6133333333333334,0.0,0.6133333333333334,0.32,0.0
2024,oe:team:ce499dea30cfce118f4fe85da0227e8,T1,mid,-1.0533333333333332,0.10666666666666667,1.16,0.5599999999999999,0.05333333333333334
2024,oe:team:ce499dea30cfce118f4fe85da0227e8,T1,bot,-0.5733333333333334,0.16,0.7333333333333334,0.5599999999999999,0.08
2024,oe:team:ce499dea30cfce118f4fe85da0227e8,T1,sup,-0.33333333333333337,0.02666666666666667,0.36000000000000004,0.30666666666666664,0.02666666666666667
2024,oe:team:d356a144644879dabb5f34cd99c886d,Bilibili Gaming,top,0.02380952380952378,0.4047619047619047,0.38095238095238093,0.2857142857142857,0.30952380952380953
2024,oe:team:d356a144644879dabb5f34cd99c886d,Bilibili Gaming,jng,-0.5238095238095237,0.09523809523809523,0.6190476190476191,0.26190476190476186,0.047619047619047616
2024,oe:team:d356a144644879dabb5f34cd99c886d,Bilibili Gaming,mid,-1.4285714285714284,0.047619047619047616,1.4761904761904763,0.4285714285714286,0.023809523809523808
2024,oe:team:d356a144644879dabb5f34cd99c886d,Bilibili Gaming,bot,-0.7857142857142857,0.0,0.7857142857142857,0.6666666666666666,0.0
2024,oe:team:d356a144644879dabb5f34cd99c886d,Bilibili Gaming,sup,-0.38095238095238093,0.0,0.38095238095238093,0.38095238095238093,0.0
2024,oe:team:d8ca3fc1f0827ec76369af7b70d43e3,Fukuoka SoftBank HAWKS gaming,top,-0.1764705882352941,0.38235294117647056,0.5588235294117647,0.3823529411764706,0.2647058823529412
2024,oe:team:d8ca3fc1f0827ec76369af7b70d43e3,Fukuoka SoftBank HAWKS gaming,jng,-0.2941176470588235,0.11764705882352941,0.4117647058823529,0.1764705882352941,0.058823529411764705
2024,oe:team:d8ca3fc1f0827ec76369af7b70d43e3,Fukuoka SoftBank HAWKS gaming,mid,-1.558823529411765,0.029411764705882353,1.5882352941176472,0.5,0.029411764705882353
2024,oe:team:d8ca3fc1f0827ec76369af7b70d43e3,Fukuoka SoftBank HAWKS gaming,bot,-0.9411764705882353,0.0,0.9411764705882353,0.7941176470588236,0.0
2024,oe:team:d8ca3fc1f0827ec76369af7b70d43e3,Fukuoka SoftBank HAWKS gaming,sup,-0.5294117647058824,0.0,0.5294117647058824,0.47058823529411764,0.0
2024,oe:team:ef69efa6acebe94107f0cf1ba716806,Dplus Kia,top,-0.34545454545454546,0.32727272727272727,0.6727272727272726,0.21818181818181817,0.3090909090909091
2024,oe:team:ef69efa6acebe94107f0cf1ba716806,Dplus Kia,jng,-1.1272727272727274,0.0,1.1272727272727274,0.6000000000000001,0.0
2024,oe:team:ef69efa6acebe94107f0cf1ba716806,Dplus Kia,mid,-0.9454545454545454,0.09090909090909091,1.0363636363636364,0.5454545454545454,0.07272727272727272
2024,oe:team:ef69efa6acebe94107f0cf1ba716806,Dplus Kia,bot,-0.9636363636363637,0.01818181818181818,0.9818181818181819,0.7272727272727274,0.01818181818181818
2024,oe:team:ef69efa6acebe94107f0cf1ba716806,Dplus Kia,sup,-0.32727272727272727,0.05454545454545454,0.38181818181818183,0.38181818181818183,0.05454545454545454
2024,oe:team:fcec508e780bbd1ad493852640f5b36,Top Esports,top,-0.06521739130434782,0.13043478260869565,0.19565217391304346,0.10869565217391304,0.06521739130434782
2024,oe:team:fcec508e780bbd1ad493852640f5b36,Top Esports,jng,-1.0217391304347827,0.043478260869565216,1.065217391304348,0.4565217391304348,0.021739130434782608
2024,oe:team:fcec508e780bbd1ad493852640f5b36,Top Esports,mid,-1.565217391304348,0.0,1.565217391304348,0.4782608695652174,0.0
2024,oe:team:fcec508e780bbd1ad493852640f5b36,Top Esports,bot,-0.9782608695652174,0.0,0.9782608695652174,0.9130434782608695,0.0
2024,oe:team:fcec508e780bbd1ad493852640f5b36,Top Esports,sup,-0.4782608695652174,0.0,0.4782608695652174,0.45652173913043476,0.0
2024,oe:team:fe099196385a285d6d6edde504dc1f6,MGN Vikings Esports,top,0.523809523809524,0.7857142857142858,0.26190476190476186,0.16666666666666666,0.5
2024,oe:team:fe099196385a285d6d6edde504dc1f6,MGN Vikings Esports,jng,-0.5238095238095238,0.09523809523809523,0.6190476190476191,0.30952380952380953,0.047619047619047616
2024,oe:team:fe099196385a285d6d6edde504dc1f6,MGN Vikings Esports,mid,-2.071428571428571,0.11904761904761904,2.1904761904761902,0.6428571428571428,0.09523809523809523
2024,oe:team:fe099196385a285d6d6edde504dc1f6,MGN Vikings Esports,bot,-0.6904761904761905,0.047619047619047616,0.7380952380952381,0.6190476190476191,0.023809523809523808
2024,oe:team:fe099196385a285d6d6edde504dc1f6,MGN Vikings Esports,sup,-0.6904761904761905,0.023809523809523808,0.7142857142857143,0.5952380952380952,0.023809523809523808
2025,oe:team:0916b3c324c8577b0c6344f3e067f62,CTBC Flying Oyster,top,0.0,0.0,0.0,0.0,0.0
2025,oe:team:0916b3c324c8577b0c6344f3e067f62,CTBC Flying Oyster,jng,-0.27586206896551724,0.0,0.27586206896551724,0.13793103448275862,0.0
2025,oe:team:0916b3c324c8577b0c6344f3e067f62,CTBC Flying Oyster,mid,-0.6551724137931034,0.0,0.6551724137931034,0.27586206896551724,0.0
2025,oe:team:0916b3c324c8577b0c6344f3e067f62,CTBC Flying Oyster,bot,-0.27586206896551724,0.034482758620689655,0.3103448275862069,0.2413793103448276,0.034482758620689655
2025,oe:team:0916b3c324c8577b0c6344f3e067f62,CTBC Flying Oyster,sup,0.0,0.0,0.0,0.0,0.0
2025,oe:team:2e66da41dc460dd378e3bcc57042d31,FlyQuest,top,0.0,0.0,0.0,0.0,0.0
2025,oe:team:2e66da41dc460dd378e3bcc57042d31,FlyQuest,jng,0.058823529411764705,0.058823529411764705,0.0,0.0,0.029411764705882353
2025,oe:team:2e66da41dc460dd378e3bcc57042d31,FlyQuest,mid,-0.17647058823529413,0.0,0.17647058823529413,0.08823529411764706,0.0
2025,oe:team:2e66da41dc460dd378e3bcc57042d31,FlyQuest,bot,-0.08823529411764705,0.0,0.08823529411764705,0.08823529411764705,0.0
2025,oe:team:2e66da41dc460dd378e3bcc57042d31,FlyQuest,sup,0.0,0.0,0.0,0.0,0.0
2025,oe:team:3a1d18f46bcb3716ebcfcf4ef068934,Hanwha Life Esports,top,0.0,0.0,0.0,0.0,0.0
2025,oe:team:3a1d18f46bcb3716ebcfcf4ef068934,Hanwha Life Esports,jng,-0.09302325581395349,0.0,0.09302325581395349,0.046511627906976744,0.0
2025,oe:team:3a1d18f46bcb3716ebcfcf4ef068934,Hanwha Life Esports,mid,-0.6046511627906976,0.13953488372093023,0.7441860465116279,0.3023255813953488,0.06976744186046512
2025,oe:team:3a1d18f46bcb3716ebcfcf4ef068934,Hanwha Life Esports,bot,-0.46511627906976744,0.0,0.46511627906976744,0.3488372093023256,0.0
2025,oe:team:3a1d18f46bcb3716ebcfcf4ef068934,Hanwha Life Esports,sup,0.0,0.0,0.0,0.0,0.0
2025,oe:team:4880b157399745e82e26e229d8bbf48,PSG Talon,top,-0.25,0.0,0.25,0.125,0.0
2025,oe:team:4880b157399745e82e26e229d8bbf48,PSG Talon,jng,-0.41666666666666663,0.0,0.41666666666666663,0.20833333333333331,0.0
2025,oe:team:4880b157399745e82e26e229d8bbf48,PSG Talon,mid,-0.4166666666666667,0.16666666666666666,0.5833333333333334,0.16666666666666666,0.08333333333333333
2025,oe:team:4880b157399745e82e26e229d8bbf48,PSG Talon,bot,-0.5833333333333334,0.0,0.5833333333333334,0.45833333333333337,0.0
2025,oe:team:4880b157399745e82e26e229d8bbf48,PSG Talon,sup,0.0,0.0,0.0,0.0,0.0
2025,oe:team:4acc40654379b4da680be1bd3129dfa,Movistar KOI,top,0.0,0.0,0.0,0.0,0.0
2025,oe:team:4acc40654379b4da680be1bd3129dfa,Movistar KOI,jng,-0.375,0.0625,0.4375,0.21875,0.03125
2025,oe:team:4acc40654379b4da680be1bd3129dfa,Movistar KOI,mid,-0.1875,0.0625,0.25,0.125,0.03125
2025,oe:team:4acc40654379b4da680be1bd3129dfa,Movistar KOI,bot,-0.03125,0.1875,0.21875,0.21875,0.09375
2025,oe:team:4acc40654379b4da680be1bd3129dfa,Movistar KOI,sup,0.0,0.0,0.0,0.0,0.0
2025,oe:team:4bd1751425ef6a9bc9d4d8e9385b4a6,100 Thieves,top,0.0,0.0,0.0,0.0,0.0
2025,oe:team:4bd1751425ef6a9bc9d4d8e9385b4a6,100 Thieves,jng,-0.16666666666666666,0.0,0.16666666666666666,0.08333333333333333,0.0
2025,oe:team:4bd1751425ef6a9bc9d4d8e9385b4a6,100 Thieves,mid,-0.05555555555555555,0.05555555555555555,0.1111111111111111,0.05555555555555555,0.027777777777777776
2025,oe:team:4bd1751425ef6a9bc9d4d8e9385b4a6,100 Thieves,bot,-0.16666666666666666,0.0,0.16666666666666666,0.16666666666666666,0.0
2025,oe:team:4bd1751425ef6a9bc9d4d8e9385b4a6,100 Thieves,sup,0.0,0.0,0.0,0.0,0.0
2025,oe:team:50f58982d91a36557ec8aec52ab014f,Gen.G,top,0.030303030303030304,0.030303030303030304,0.0,0.0,0.030303030303030304
2025,oe:team:50f58982d91a36557ec8aec52ab014f,Gen.G,jng,-0.3333333333333333,0.0,0.3333333333333333,0.16666666666666666,0.0
2025,oe:team:50f58982d91a36557ec8aec52ab014f,Gen.G,mid,-0.7424242424242424,0.15151515151515152,0.8939393939393938,0.3787878787878788,0.07575757575757576
2025,oe:team:50f58982d91a36557ec8aec52ab014f,Gen.G,bot,-0.28787878787878785,0.045454545454545456,0.3333333333333333,0.303030303030303,0.030303030303030304
2025,oe:team:50f58982d91a36557ec8aec52ab014f,Gen.G,sup,0.0,0.0,0.0,0.0,0.0
2025,oe:team:53a258f289c26d94431c0496a54e151,Invictus Gaming,top,0.08,0.08,0.0,0.0,0.08
2025,oe:team:53a258f289c26d94431c0496a54e151,Invictus Gaming,jng,-0.18,0.0,0.18,0.1,0.0
2025,oe:team:53a258f289c26d94431c0496a54e151,Invictus Gaming,mid,-0.7599999999999999,0.1,0.86,0.38,0.06
2025,oe:team:53a258f289c26d94431c0496a54e151,Invictus Gaming,bot,-0.42000000000000004,0.0,0.42000000000000004,0.32000000000000006,0.0
2025,oe:team:53a258f289c26d94431c0496a54e151,Invictus Gaming,sup,0.0,0.0,0.0,0.0,0.0
2025,oe:team:740de582f50775c516c77ed7b923fd5,Team Secret Whales,top,0.0625,0.125,0.0625,0.03125,0.125
2025,oe:team:740de582f50775c516c77ed7b923fd5,Team Secret Whales,jng,-0.375,0.0,0.375,0.21875,0.0
2025,oe:team:740de582f50775c516c77ed7b923fd5,Team Secret Whales,mid,-0.78125,0.25,1.03125,0.4375,0.125
2025,oe:team:740de582f50775c516c77ed7b923fd5,Team Secret Whales,bot,-0.375,0.0,0.375,0.3125,0.0
2025,oe:team:740de582f50775c516c77ed7b923fd5,Team Secret Whales,sup,0.0,0.0,0.0,0.0,0.0
2025,oe:team:78f183fa5a7d8ecb22b9ad272c3abd7,Fnatic,top,0.0,0.0,0.0,0.0,0.0
2025,oe:team:78f183fa5a7d8ecb22b9ad272c3abd7,Fnatic,jng,-0.08,0.0,0.08,0.04,0.0
2025,oe:team:78f183fa5a7d8ecb22b9ad272c3abd7,Fnatic,mid,-0.19999999999999996,0.08,0.27999999999999997,0.16,0.04
2025,oe:team:78f183fa5a7d8ecb22b9ad272c3abd7,Fnatic,bot,-0.08,0.0,0.08,0.08,0.0
2025,oe:team:78f183fa5a7d8ecb22b9ad272c3abd7,Fnatic,sup,0.0,0.0,0.0,0.0,0.0
2025,oe:team:7d6673d3a9d00363c6bebc1a630da6e,G2 Esports,top,0.0,0.0,0.0,0.0,0.0
2025,oe:team:7d6673d3a9d00363c6bebc1a630da6e,G2 Esports,jng,-0.41379310344827586,0.0,0.41379310344827586,0.20689655172413793,0.0
2025,oe:team:7d6673d3a9d00363c6bebc1a630da6e,G2 Esports,mid,0.06896551724137931,0.13793103448275862,0.06896551724137931,0.034482758620689655,0.06896551724137931
2025,oe:team:7d6673d3a9d00363c6bebc1a630da6e,G2 Esports,bot,-0.10344827586206896,0.13793103448275862,0.24137931034482757,0.24137931034482757,0.10344827586206896
2025,oe:team:7d6673d3a9d00363c6bebc1a630da6e,G2 Esports,sup,0.0,0.0,0.0,0.0,0.0
2025,oe:team:b9e44c69c1a70fb35df9be96f9eafea,Vivo Keyd Stars,top,0.0,0.0,0.0,0.0,0.0
2025,oe:team:b9e44c69c1a70fb35df9be96f9eafea,Vivo Keyd Stars,jng,-0.20689655172413793,0.0,0.20689655172413793,0.10344827586206896,0.0
2025,oe:team:b9e44c69c1a70fb35df9be96f9eafea,Vivo Keyd Stars,mid,-0.20689655172413793,0.06896551724137931,0.27586206896551724,0.13793103448275862,0.034482758620689655
2025,oe:team:b9e44c69c1a70fb35df9be96f9eafea,Vivo Keyd Stars,bot,-0.1724137931034483,0.06896551724137931,0.24137931034482757,0.24137931034482757,0.034482758620689655
2025,oe:team:b9e44c69c1a70fb35df9be96f9eafea,Vivo Keyd Stars,sup,0.0,0.0,0.0,0.0,0.0
2025,oe:team:ce499dea30cfce118f4fe85da0227e8,T1,top,0.028985507246376812,0.028985507246376812,0.0,0.0,0.028985507246376812
2025,oe:team:ce499dea30cfce118f4fe85da0227e8,T1,jng,-0.14492753623188404,0.057971014492753624,0.20289855072463767,0.11594202898550725,0.028985507246376812
2025,oe:team:ce499dea30cfce118f4fe85da0227e8,T1,mid,-0.6666666666666667,0.14492753623188406,0.8115942028985507,0.3623188405797101,0.07246376811594203
2025,oe:team:ce499dea30cfce118f4fe85da0227e8,T1,bot,-0.2028985507246377,0.10144927536231885,0.3043478260869565,0.2753623188405797,0.057971014492753624
2025,oe:team:ce499dea30cfce118f4fe85da0227e8,T1,sup,0.0,0.0,0.0,0.0,0.0
2025,oe:team:d356a144644879dabb5f34cd99c886d,Bilibili Gaming,top,0.029850746268656716,0.029850746268656716,0.0,0.0,0.029850746268656716
2025,oe:team:d356a144644879dabb5f34cd99c886d,Bilibili Gaming,jng,-0.23880597014925373,0.0,0.23880597014925373,0.11940298507462686,0.0
2025,oe:team:d356a144644879dabb5f34cd99c886d,Bilibili Gaming,mid,-0.5820895522388059,0.208955223880597,0.7910447761194029,0.29850746268656714,0.1044776119402985
2025,oe:team:d356a144644879dabb5f34cd99c886d,Bilibili Gaming,bot,-0.29850746268656714,0.05970149253731343,0.3582089552238806,0.26865671641791045,0.05970149253731343
2025,oe:team:d356a144644879dabb5f34cd99c886d,Bilibili Gaming,sup,0.0,0.0,0.0,0.0,0.0
2025,oe:team:d723992568441c6bafa2658129eade7,KT Rolster,top,0.024390243902439025,0.024390243902439025,0.0,0.0,0.024390243902439025
2025,oe:team:d723992568441c6bafa2658129eade7,KT Rolster,jng,-0.12195121951219512,0.0,0.12195121951219512,0.07317073170731708,0.0
2025,oe:team:d723992568441c6bafa2658129eade7,KT Rolster,mid,-0.24390243902439027,0.24390243902439024,0.4878048780487805,0.21951219512195122,0.12195121951219512
2025,oe:team:d723992568441c6bafa2658129eade7,KT Rolster,bot,-0.41463414634146345,0.0,0.41463414634146345,0.34146341463414637,0.0
2025,oe:team:d723992568441c6bafa2658129eade7,KT Rolster,sup,0.0,0.0,0.0,0.0,0.0
2025,oe:team:ed28f87f0cfdba0a2a8f183cebae73a,Anyone's Legend,top,0.039999999999999994,0.06666666666666667,0.02666666666666667,0.013333333333333334,0.06666666666666667
2025,oe:team:ed28f87f0cfdba0a2a8f183cebae73a,Anyone's Legend,jng,-0.24000000000000002,0.0,0.24000000000000002,0.12000000000000001,0.0
2025,oe:team:ed28f87f0cfdba0a2a8f183cebae73a,Anyone's Legend,mid,-1.0,0.04,1.04,0.44000000000000006,0.02666666666666667
2025,oe:team:ed28f87f0cfdba0a2a8f183cebae73a,Anyone's Legend,bot,-0.25333333333333335,0.08,0.33333333333333337,0.3066666666666667,0.04
2025,oe:team:ed28f87f0cfdba0a2a8f183cebae73a,Anyone's Legend,sup,0.0,0.0,0.0,0.0,0.0
2025,oe:team:fcec508e780bbd1ad493852640f5b36,Top Esports,top,0.03225806451612903,0.03225806451612903,0.0,0.0,0.03225806451612903
2025,oe:team:fcec508e780bbd1ad493852640f5b36,Top Esports,jng,-0.30645161290322576,0.0,0.30645161290322576,0.16129032258064513,0.0
2025,oe:team:fcec508e780bbd1ad493852640f5b36,Top Esports,mid,-0.6774193548387096,0.12903225806451613,0.8064516129032258,0.32258064516129026,0.06451612903225806
2025,oe:team:fcec508e780bbd1ad493852640f5b36,Top Esports,bot,-0.3225806451612903,0.04838709677419355,0.3709677419354839,0.3064516129032258,0.03225806451612903
2025,oe:team:fcec508e780bbd1ad493852640f5b36,Top Esports,sup,0.0,0.0,0.0,0.0,0.0
