year,OverviewPage,league,when,Team1,Team2,id1,id2,Patch,oe_series_patch,Winner,GameId,lp_pair_games_36h,oe_pair_games_36h
2016,2015 Demacia Cup/Grand Finals,DCup,2015-11-21 06:30:00,Snake Esports,EDward Gaming,oe:team:c1dea751bdd62128fe179344fceb5b2,oe:team:056c3140a119e44a03d462e2c832f27,5.21,,1,2015 Demacia Cup/Grand Finals_Semifinals_1_2,0,0
2016,2015 Demacia Cup/Grand Finals,DCup,2015-11-21 07:30:00,EDward Gaming,Snake Esports,oe:team:056c3140a119e44a03d462e2c832f27,oe:team:c1dea751bdd62128fe179344fceb5b2,5.21,,1,2015 Demacia Cup/Grand Finals_Semifinals_1_3,0,0
2016,2015 Demacia Cup/Grand Finals,DCup,2015-11-21 08:30:00,Snake Esports,EDward Gaming,oe:team:c1dea751bdd62128fe179344fceb5b2,oe:team:056c3140a119e44a03d462e2c832f27,5.21,,1,2015 Demacia Cup/Grand Finals_Semifinals_1_4,0,0
2016,2015 Demacia Cup/Grand Finals,DCup,2015-11-21 09:30:00,EDward Gaming,Snake Esports,oe:team:056c3140a119e44a03d462e2c832f27,oe:team:c1dea751bdd62128fe179344fceb5b2,5.21,,1,2015 Demacia Cup/Grand Finals_Semifinals_1_5,0,0
2016,2015 Demacia Cup/Grand Finals,DCup,2015-11-22 05:30:00,EDward Gaming,Snake Esports,oe:team:056c3140a119e44a03d462e2c832f27,oe:team:c1dea751bdd62128fe179344fceb5b2,5.21,,1,2015 Demacia Cup/Grand Finals_Semifinals_1_1,0,0
2016,2015 Demacia Cup/Grand Finals,DCup,2015-11-22 08:00:00,EDward Gaming,Invictus Gaming,oe:team:056c3140a119e44a03d462e2c832f27,oe:team:53a258f289c26d94431c0496a54e151,5.21,,1,2015 Demacia Cup/Grand Finals_Finals_1_1,0,0
2016,2015 Demacia Cup/Grand Finals,DCup,2015-11-22 09:00:00,Invictus Gaming,EDward Gaming,oe:team:53a258f289c26d94431c0496a54e151,oe:team:056c3140a119e44a03d462e2c832f27,5.21,,2,2015 Demacia Cup/Grand Finals_Finals_1_2,0,0
2016,2015 Demacia Cup/Grand Finals,DCup,2015-11-22 10:00:00,EDward Gaming,Invictus Gaming,oe:team:056c3140a119e44a03d462e2c832f27,oe:team:53a258f289c26d94431c0496a54e151,5.21,,2,2015 Demacia Cup/Grand Finals_Finals_1_3,0,0
2016,2015 Demacia Cup/Grand Finals,DCup,2015-11-22 11:00:00,Invictus Gaming,EDward Gaming,oe:team:53a258f289c26d94431c0496a54e151,oe:team:056c3140a119e44a03d462e2c832f27,5.21,,2,2015 Demacia Cup/Grand Finals_Finals_1_4,0,0
2016,LPL/2016 Season/Spring Season,LPL,2016-01-14 09:55:00,EDward Gaming,Royal Never Give Up,oe:team:056c3140a119e44a03d462e2c832f27,oe:team:73f3126d91d35faa5d5ce34abadb865,5.24,,2,LPL/2016 Season/Spring Season_Week 1_1_1,0,0
2016,LPL/2016 Season/Spring Season,LPL,2016-01-14 11:00:00,Royal Never Give Up,EDward Gaming,oe:team:73f3126d91d35faa5d5ce34abadb865,oe:team:056c3140a119e44a03d462e2c832f27,5.24,,1,LPL/2016 Season/Spring Season_Week 1_1_2,0,0
2016,LPL/2016 Season/Spring Season,LPL,2016-01-16 05:16:00,Vici Gaming,Royal Never Give Up,oe:team:5627e3ef0b2477289b218ddeb6a151a,oe:team:73f3126d91d35faa5d5ce34abadb865,5.24,,2,LPL/2016 Season/Spring Season_Week 1_5_1,0,0
2016,LPL/2016 Season/Spring Season,LPL,2016-01-16 06:14:00,Royal Never Give Up,Vici Gaming,oe:team:73f3126d91d35faa5d5ce34abadb865,oe:team:5627e3ef0b2477289b218ddeb6a151a,5.24,,2,LPL/2016 Season/Spring Season_Week 1_5_2,0,0
2016,LPL/2016 Season/Spring Season,LPL,2016-01-16 07:08:00,Vici Gaming,Royal Never Give Up,oe:team:5627e3ef0b2477289b218ddeb6a151a,oe:team:73f3126d91d35faa5d5ce34abadb865,5.24,,2,LPL/2016 Season/Spring Season_Week 1_5_3,0,0
2016,LPL/2016 Season/Spring Season,LPL,2016-01-16 09:00:00,EDward Gaming,Invictus Gaming,oe:team:056c3140a119e44a03d462e2c832f27,oe:team:53a258f289c26d94431c0496a54e151,5.24,,2,LPL/2016 Season/Spring Season_Week 1_7_1,0,0
2016,LPL/2016 Season/Spring Season,LPL,2016-01-22 09:00:00,Oh My God,Royal Never Give Up,oe:team:f4c4528c6981e104a11ea7548630c23,oe:team:73f3126d91d35faa5d5ce34abadb865,5.24,,2,LPL/2016 Season/Spring Season_Week 2_3_1,0,0
2016,LPL/2016 Season/Spring Season,LPL,2016-01-22 10:00:00,Royal Never Give Up,Oh My God,oe:team:73f3126d91d35faa5d5ce34abadb865,oe:team:f4c4528c6981e104a11ea7548630c23,5.24,,1,LPL/2016 Season/Spring Season_Week 2_3_2,0,0
2016,LPL/2016 Season/Spring Season,LPL,2016-01-24 05:00:00,EDward Gaming,Vici Gaming,oe:team:056c3140a119e44a03d462e2c832f27,oe:team:5627e3ef0b2477289b218ddeb6a151a,5.24,,1,LPL/2016 Season/Spring Season_Week 2_8_1,0,0
2016,LPL/2016 Season/Spring Season,LPL,2016-01-24 06:00:00,Vici Gaming,EDward Gaming,oe:team:5627e3ef0b2477289b218ddeb6a151a,oe:team:056c3140a119e44a03d462e2c832f27,5.24,,2,LPL/2016 Season/Spring Season_Week 2_8_2,0,0
2016,LPL/2016 Season/Spring Season,LPL,2016-01-24 07:00:00,Royal Never Give Up,Hyper Youth Gaming,oe:team:73f3126d91d35faa5d5ce34abadb865,lp:team:Hyper Youth Gaming,5.24,,1,LPL/2016 Season/Spring Season_Week 2_9_1,0,0
2016,LPL/2016 Season/Spring Season,LPL,2016-01-24 08:00:00,Hyper Youth Gaming,Royal Never Give Up,lp:team:Hyper Youth Gaming,oe:team:73f3126d91d35faa5d5ce34abadb865,5.24,,2,LPL/2016 Season/Spring Season_Week 2_9_2,0,0
2016,LPL/2016 Season/Spring Season,LPL,2016-01-28 13:00:00,EDward Gaming,Hyper Youth Gaming,oe:team:056c3140a119e44a03d462e2c832f27,lp:team:Hyper Youth Gaming,5.24,,1,LPL/2016 Season/Spring Season_Week 3_2_1,0,0
2016,LPL/2016 Season/Spring Season,LPL,2016-01-28 14:00:00,Hyper Youth Gaming,EDward Gaming,lp:team:Hyper Youth Gaming,oe:team:056c3140a119e44a03d462e2c832f27,5.24,,2,LPL/2016 Season/Spring Season_Week 3_2_2,0,0
2016,LPL/2016 Season/Spring Season,LPL,2016-01-30 05:00:00,Invictus Gaming,Royal Never Give Up,oe:team:53a258f289c26d94431c0496a54e151,oe:team:73f3126d91d35faa5d5ce34abadb865,5.24,,2,LPL/2016 Season/Spring Season_Week 3_5_1,0,0
2016,LPL/2016 Season/Spring Season,LPL,2016-01-30 06:00:00,Royal Never Give Up,Invictus Gaming,oe:team:73f3126d91d35faa5d5ce34abadb865,oe:team:53a258f289c26d94431c0496a54e151,5.24,,2,LPL/2016 Season/Spring Season_Week 3_5_2,0,0
2016,LPL/2016 Season/Spring Season,LPL,2016-01-30 07:00:00,Invictus Gaming,Royal Never Give Up,oe:team:53a258f289c26d94431c0496a54e151,oe:team:73f3126d91d35faa5d5ce34abadb865,5.24,,1,LPL/2016 Season/Spring Season_Week 3_5_3,0,0
2016,LPL/2016 Season/Spring Season,LPL,2016-01-30 08:00:00,EDward Gaming,Oh My God,oe:team:056c3140a119e44a03d462e2c832f27,oe:team:f4c4528c6981e104a11ea7548630c23,5.24,,1,LPL/2016 Season/Spring Season_Week 3_6_1,0,0
2016,LPL/2016 Season/Spring Season,LPL,2016-01-30 09:00:00,Oh My God,EDward Gaming,oe:team:f4c4528c6981e104a11ea7548630c23,oe:team:056c3140a119e44a03d462e2c832f27,5.24,,2,LPL/2016 Season/Spring Season_Week 3_6_2,0,0
2016,LPL/2016 Season/Spring Season,LPL,2016-02-18 09:20:00,LGD Gaming,EDward Gaming,oe:team:5f401785b6b78326f9a46b3c6b206ed,oe:team:056c3140a119e44a03d462e2c832f27,6.1,,2,LPL/2016 Season/Spring Season_Week 4_1_1,0,0
2016,LPL/2016 Season/Spring Season,LPL,2016-02-18 10:23:00,EDward Gaming,LGD Gaming,oe:team:056c3140a119e44a03d462e2c832f27,oe:team:5f401785b6b78326f9a46b3c6b206ed,6.1,,1,LPL/2016 Season/Spring Season_Week 4_1_2,0,0
2016,LPL/2016 Season/Spring Season,LPL,2016-02-18 11:22:00,Royal Never Give Up,Team WE,oe:team:73f3126d91d35faa5d5ce34abadb865,oe:team:62c1cd9465dc63824593ee5046f5aa8,6.1,,2,LPL/2016 Season/Spring Season_Week 4_2_1,0,0
2016,LPL/2016 Season/Spring Season,LPL,2016-02-18 12:11:00,Team WE,Royal Never Give Up,oe:team:62c1cd9465dc63824593ee5046f5aa8,oe:team:73f3126d91d35faa5d5ce34abadb865,6.1,,1,LPL/2016 Season/Spring Season_Week 4_2_2,0,0
2016,LPL/2016 Season/Spring Season,LPL,2016-02-20 09:14:00,LGD Gaming,Royal Never Give Up,oe:team:5f401785b6b78326f9a46b3c6b206ed,oe:team:73f3126d91d35faa5d5ce34abadb865,6.1,,2,LPL/2016 Season/Spring Season_Week 4_7_1,0,0
2016,LPL/2016 Season/Spring Season,LPL,2016-02-20 10:05:00,Royal Never Give Up,LGD Gaming,oe:team:73f3126d91d35faa5d5ce34abadb865,oe:team:5f401785b6b78326f9a46b3c6b206ed,6.1,,1,LPL/2016 Season/Spring Season_Week 4_7_2,0,0
2016,LPL/2016 Season/Spring Season,LPL,2016-02-21 05:17:00,Invictus Gaming,EDward Gaming,oe:team:53a258f289c26d94431c0496a54e151,oe:team:056c3140a119e44a03d462e2c832f27,6.1,,1,LPL/2016 Season/Spring Season_Week 1_7_2,0,0
2016,LPL/2016 Season/Spring Season,LPL,2016-02-25 09:18:00,Team WE,EDward Gaming,oe:team:62c1cd9465dc63824593ee5046f5aa8,oe:team:056c3140a119e44a03d462e2c832f27,6.3,,2,LPL/2016 Season/Spring Season_Week 5_1_1,0,0
2016,LPL/2016 Season/Spring Season,LPL,2016-02-25 10:14:00,EDward Gaming,Team WE,oe:team:056c3140a119e44a03d462e2c832f27,oe:team:62c1cd9465dc63824593ee5046f5aa8,6.3,,2,LPL/2016 Season/Spring Season_Week 5_1_2,0,0
2016,LPL/2016 Season/Spring Season,LPL,2016-02-25 11:23:00,Team WE,EDward Gaming,oe:team:62c1cd9465dc63824593ee5046f5aa8,oe:team:056c3140a119e44a03d462e2c832f27,6.3,,2,LPL/2016 Season/Spring Season_Week 5_1_3,0,0
2016,LPL/2016 Season/Spring Season,LPL,2016-02-26 11:13:00,Royal Never Give Up,Qiao Gu Reapers,oe:team:73f3126d91d35faa5d5ce34abadb865,oe:team:1664f819c4a19a12d748a78a1ca0d7d,6.3,,1,LPL/2016 Season/Spring Season_Week 5_4_1,0,0
2016,LPL/2016 Season/Spring Season,LPL,2016-02-26 12:01:00,Qiao Gu Reapers,Royal Never Give Up,oe:team:1664f819c4a19a12d748a78a1ca0d7d,oe:team:73f3126d91d35faa5d5ce34abadb865,6.3,,2,LPL/2016 Season/Spring Season_Week 5_4_2,0,0
2016,LPL/2016 Season/Spring Season,LPL,2016-02-27 09:42:00,EDward Gaming,Snake Esports,oe:team:056c3140a119e44a03d462e2c832f27,oe:team:c1dea751bdd62128fe179344fceb5b2,6.3,,2,LPL/2016 Season/Spring Season_Week 5_7_1,0,0
2016,LPL/2016 Season/Spring Season,LPL,2016-02-27 10:26:00,Snake Esports,EDward Gaming,oe:team:c1dea751bdd62128fe179344fceb5b2,oe:team:056c3140a119e44a03d462e2c832f27,6.3,,2,LPL/2016 Season/Spring Season_Week 5_7_2,0,0
2016,LPL/2016 Season/Spring Season,LPL,2016-02-27 11:21:00,EDward Gaming,Snake Esports,oe:team:056c3140a119e44a03d462e2c832f27,oe:team:c1dea751bdd62128fe179344fceb5b2,6.3,,2,LPL/2016 Season/Spring Season_Week 5_7_3,0,0
2016,LPL/2016 Season/Spring Season,LPL,2016-03-11 09:00:00,Royal Never Give Up,Energy Pacemaker.All,oe:team:73f3126d91d35faa5d5ce34abadb865,lp:team:Energy Pacemaker.All,6.4,,1,LPL/2016 Season/Spring Season_Week 6_3_1,0,0
2016,LPL/2016 Season/Spring Season,LPL,2016-03-11 10:00:00,Energy Pacemaker.All,Royal Never Give Up,lp:team:Energy Pacemaker.All,oe:team:73f3126d91d35faa5d5ce34abadb865,6.4,,2,LPL/2016 Season/Spring Season_Week 6_3_2,0,0
2016,LPL/2016 Season/Spring Season,LPL,2016-03-12 10:00:00,EDward Gaming,Qiao Gu Reapers,oe:team:056c3140a119e44a03d462e2c832f27,oe:team:1664f819c4a19a12d748a78a1ca0d7d,6.4,,2,LPL/2016 Season/Spring Season_Week 6_7_1,0,0
2016,LPL/2016 Season/Spring Season,LPL,2016-03-12 11:00:00,Qiao Gu Reapers,EDward Gaming,oe:team:1664f819c4a19a12d748a78a1ca0d7d,oe:team:056c3140a119e44a03d462e2c832f27,6.4,,1,LPL/2016 Season/Spring Season_Week 6_7_2,0,0
2016,LPL/2016 Season/Spring Season,LPL,2016-03-17 09:00:00,Snake Esports,Royal Never Give Up,oe:team:c1dea751bdd62128fe179344fceb5b2,oe:team:73f3126d91d35faa5d5ce34abadb865,6.4,,2,LPL/2016 Season/Spring Season_Week 7_1_1,0,0
2016,LPL/2016 Season/Spring Season,LPL,2016-03-17 10:00:00,Royal Never Give Up,Snake Esports,oe:team:73f3126d91d35faa5d5ce34abadb865,oe:team:c1dea751bdd62128fe179344fceb5b2,6.4,,1,LPL/2016 Season/Spring Season_Week 7_1_2,0,0
2016,LPL/2016 Season/Spring Season,LPL,2016-03-17 11:00:00,EDward Gaming,Masters 3,oe:team:056c3140a119e44a03d462e2c832f27,lp:team:Masters 3,6.4,,1,LPL/2016 Season/Spring Season_Week 7_2_1,0,0
2016,LPL/2016 Season/Spring Season,LPL,2016-03-17 12:00:00,Masters 3,EDward Gaming,lp:team:Masters 3,oe:team:056c3140a119e44a03d462e2c832f27,6.4,,2,LPL/2016 Season/Spring Season_Week 7_2_2,0,0
2016,LPL/2016 Season/Spring Season,LPL,2016-03-19 08:00:00,Royal Never Give Up,Masters 3,oe:team:73f3126d91d35faa5d5ce34abadb865,lp:team:Masters 3,6.4,,1,LPL/2016 Season/Spring Season_Week 7_6_1,0,0
2016,LPL/2016 Season/Spring Season,LPL,2016-03-19 09:00:00,Masters 3,Royal Never Give Up,lp:team:Masters 3,oe:team:73f3126d91d35faa5d5ce34abadb865,6.4,,1,LPL/2016 Season/Spring Season_Week 7_6_2,0,0
2016,LPL/2016 Season/Spring Season,LPL,2016-03-19 10:00:00,Royal Never Give Up,Masters 3,oe:team:73f3126d91d35faa5d5ce34abadb865,lp:team:Masters 3,6.4,,1,LPL/2016 Season/Spring Season_Week 7_6_3,0,0
2016,LPL/2016 Season/Spring Season,LPL,2016-03-20 07:00:00,EDward Gaming,Energy Pacemaker.All,oe:team:056c3140a119e44a03d462e2c832f27,lp:team:Energy Pacemaker.All,6.4,,1,LPL/2016 Season/Spring Season_Week 7_8_1,0,0
2016,LPL/2016 Season/Spring Season,LPL,2016-03-20 08:00:00,Energy Pacemaker.All,EDward Gaming,lp:team:Energy Pacemaker.All,oe:team:056c3140a119e44a03d462e2c832f27,6.4,,2,LPL/2016 Season/Spring Season_Week 7_8_2,0,0
2016,LPL/2016 Season/Spring Season,LPL,2016-03-24 09:00:00,Hyper Youth Gaming,EDward Gaming,lp:team:Hyper Youth Gaming,oe:team:056c3140a119e44a03d462e2c832f27,6.5,,2,LPL/2016 Season/Spring Season_Week 8_1_1,0,0
2016,LPL/2016 Season/Spring Season,LPL,2016-03-24 10:00:00,EDward Gaming,Hyper Youth Gaming,oe:team:056c3140a119e44a03d462e2c832f27,lp:team:Hyper Youth Gaming,6.5,,1,LPL/2016 Season/Spring Season_Week 8_1_2,0,0
2016,LPL/2016 Season/Spring Season,LPL,2016-03-26 05:00:00,Invictus Gaming,EDward Gaming,oe:team:53a258f289c26d94431c0496a54e151,oe:team:056c3140a119e44a03d462e2c832f27,6.5,,2,LPL/2016 Season/Spring Season_Week 8_5_1,0,0
2016,LPL/2016 Season/Spring Season,LPL,2016-03-26 06:00:00,EDward Gaming,Invictus Gaming,oe:team:056c3140a119e44a03d462e2c832f27,oe:team:53a258f289c26d94431c0496a54e151,6.5,,1,LPL/2016 Season/Spring Season_Week 8_5_2,0,0
2016,LPL/2016 Season/Spring Season,LPL,2016-03-26 09:00:00,Royal Never Give Up,Vici Gaming,oe:team:73f3126d91d35faa5d5ce34abadb865,oe:team:5627e3ef0b2477289b218ddeb6a151a,6.5,,2,LPL/2016 Season/Spring Season_Week 8_7_1,0,0
2016,LPL/2016 Season/Spring Season,LPL,2016-03-26 10:00:00,Vici Gaming,Royal Never Give Up,oe:team:5627e3ef0b2477289b218ddeb6a151a,oe:team:73f3126d91d35faa5d5ce34abadb865,6.5,,2,LPL/2016 Season/Spring Season_Week 8_7_2,0,0
2016,LPL/2016 Season/Spring Season,LPL,2016-03-26 11:00:00,Royal Never Give Up,Vici Gaming,oe:team:73f3126d91d35faa5d5ce34abadb865,oe:team:5627e3ef0b2477289b218ddeb6a151a,6.5,,1,LPL/2016 Season/Spring Season_Week 8_7_3,0,0
2016,LPL/2016 Season/Spring Season,LPL,2016-04-01 09:00:00,Royal Never Give Up,EDward Gaming,oe:team:73f3126d91d35faa5d5ce34abadb865,oe:team:056c3140a119e44a03d462e2c832f27,6.5,,1,LPL/2016 Season/Spring Season_Week 9_3_1,0,0
2016,LPL/2016 Season/Spring Season,LPL,2016-04-01 10:00:00,EDward Gaming,Royal Never Give Up,oe:team:056c3140a119e44a03d462e2c832f27,oe:team:73f3126d91d35faa5d5ce34abadb865,6.5,,1,LPL/2016 Season/Spring Season_Week 9_3_2,0,0
2016,LPL/2016 Season/Spring Season,LPL,2016-04-01 11:00:00,Royal Never Give Up,EDward Gaming,oe:team:73f3126d91d35faa5d5ce34abadb865,oe:team:056c3140a119e44a03d462e2c832f27,6.5,,2,LPL/2016 Season/Spring Season_Week 9_3_3,0,0
2016,LPL/2016 Season/Spring Season,LPL,2016-04-03 05:00:00,Vici Gaming,EDward Gaming,oe:team:5627e3ef0b2477289b218ddeb6a151a,oe:team:056c3140a119e44a03d462e2c832f27,6.5,,2,LPL/2016 Season/Spring Season_Week 9_8_1,0,0
2016,LPL/2016 Season/Spring Season,LPL,2016-04-03 06:00:00,EDward Gaming,Vici Gaming,oe:team:056c3140a119e44a03d462e2c832f27,oe:team:5627e3ef0b2477289b218ddeb6a151a,6.5,,1,LPL/2016 Season/Spring Season_Week 9_8_2,0,0
2016,LPL/2016 Season/Spring Season,LPL,2016-04-03 09:00:00,Royal Never Give Up,Oh My God,oe:team:73f3126d91d35faa5d5ce34abadb865,oe:team:f4c4528c6981e104a11ea7548630c23,6.5,,1,LPL/2016 Season/Spring Season_Week 9_10_1,0,0
2016,LPL/2016 Season/Spring Season,LPL,2016-04-03 10:00:00,Oh My God,Royal Never Give Up,oe:team:f4c4528c6981e104a11ea7548630c23,oe:team:73f3126d91d35faa5d5ce34abadb865,6.5,,2,LPL/2016 Season/Spring Season_Week 9_10_2,0,0
2016,LPL/2016 Season/Spring Season,LPL,2016-04-07 09:00:00,Hyper Youth Gaming,Royal Never Give Up,lp:team:Hyper Youth Gaming,oe:team:73f3126d91d35faa5d5ce34abadb865,,,2,LPL/2016 Season/Spring Season_Week 10_1_1,0,0
2016,LPL/2016 Season/Spring Season,LPL,2016-04-07 10:00:00,Royal Never Give Up,Hyper Youth Gaming,oe:team:73f3126d91d35faa5d5ce34abadb865,lp:team:Hyper Youth Gaming,,,1,LPL/2016 Season/Spring Season_Week 10_1_2,0,0
2016,LPL/2016 Season/Spring Season,LPL,2016-04-09 05:00:00,Royal Never Give Up,Invictus Gaming,oe:team:73f3126d91d35faa5d5ce34abadb865,oe:team:53a258f289c26d94431c0496a54e151,6.6,,1,LPL/2016 Season/Spring Season_Week 10_5_1,0,0
2016,LPL/2016 Season/Spring Season,LPL,2016-04-09 06:00:00,Invictus Gaming,Royal Never Give Up,oe:team:53a258f289c26d94431c0496a54e151,oe:team:73f3126d91d35faa5d5ce34abadb865,6.6,,1,LPL/2016 Season/Spring Season_Week 10_5_2,0,0
2016,LPL/2016 Season/Spring Season,LPL,2016-04-09 07:00:00,Royal Never Give Up,Invictus Gaming,oe:team:73f3126d91d35faa5d5ce34abadb865,oe:team:53a258f289c26d94431c0496a54e151,6.6,,1,LPL/2016 Season/Spring Season_Week 10_5_3,0,0
2016,LPL/2016 Season/Spring Season,LPL,2016-04-09 08:00:00,Oh My God,EDward Gaming,oe:team:f4c4528c6981e104a11ea7548630c23,oe:team:056c3140a119e44a03d462e2c832f27,6.6,,2,LPL/2016 Season/Spring Season_Week 10_6_1,0,0
2016,LPL/2016 Season/Spring Season,LPL,2016-04-09 09:00:00,EDward Gaming,Oh My God,oe:team:056c3140a119e44a03d462e2c832f27,oe:team:f4c4528c6981e104a11ea7548630c23,6.6,,1,LPL/2016 Season/Spring Season_Week 10_6_2,0,0
2016,LPL/2016 Season/Spring Playoffs,LPL,2016-04-15 09:00:00,Snake Esports,EDward Gaming,oe:team:c1dea751bdd62128fe179344fceb5b2,oe:team:056c3140a119e44a03d462e2c832f27,6.6,,2,LPL/2016 Season/Spring Playoffs_Quarterfinals_2_1,0,0
2016,LPL/2016 Season/Spring Playoffs,LPL,2016-04-15 10:00:00,EDward Gaming,Snake Esports,oe:team:056c3140a119e44a03d462e2c832f27,oe:team:c1dea751bdd62128fe179344fceb5b2,6.6,,1,LPL/2016 Season/Spring Playoffs_Quarterfinals_2_2,0,0
2016,LPL/2016 Season/Spring Playoffs,LPL,2016-04-15 11:00:00,Snake Esports,EDward Gaming,oe:team:c1dea751bdd62128fe179344fceb5b2,oe:team:056c3140a119e44a03d462e2c832f27,6.6,,2,LPL/2016 Season/Spring Playoffs_Quarterfinals_2_3,0,0
2016,LPL/2016 Season/Spring Playoffs,LPL,2016-04-17 05:00:00,Royal Never Give Up,Team WE,oe:team:73f3126d91d35faa5d5ce34abadb865,oe:team:62c1cd9465dc63824593ee5046f5aa8,6.6,,1,LPL/2016 Season/Spring Playoffs_Semifinals_1_1,0,0
2016,LPL/2016 Season/Spring Playoffs,LPL,2016-04-17 06:00:00,Team WE,Royal Never Give Up,oe:team:62c1cd9465dc63824593ee5046f5aa8,oe:team:73f3126d91d35faa5d5ce34abadb865,6.6,,2,LPL/2016 Season/Spring Playoffs_Semifinals_1_2,0,0
2016,LPL/2016 Season/Spring Playoffs,LPL,2016-04-17 07:00:00,Royal Never Give Up,Team WE,oe:team:73f3126d91d35faa5d5ce34abadb865,oe:team:62c1cd9465dc63824593ee5046f5aa8,6.6,,2,LPL/2016 Season/Spring Playoffs_Semifinals_1_3,0,0
2016,LPL/2016 Season/Spring Playoffs,LPL,2016-04-17 08:00:00,Team WE,Royal Never Give Up,oe:team:62c1cd9465dc63824593ee5046f5aa8,oe:team:73f3126d91d35faa5d5ce34abadb865,6.6,,1,LPL/2016 Season/Spring Playoffs_Semifinals_1_4,0,0
2016,LPL/2016 Season/Spring Playoffs,LPL,2016-04-17 09:00:00,Royal Never Give Up,Team WE,oe:team:73f3126d91d35faa5d5ce34abadb865,oe:team:62c1cd9465dc63824593ee5046f5aa8,6.6,,1,LPL/2016 Season/Spring Playoffs_Semifinals_1_5,0,0
2016,LPL/2016 Season/Spring Playoffs,LPL,2016-04-23 07:00:00,Royal Never Give Up,EDward Gaming,oe:team:73f3126d91d35faa5d5ce34abadb865,oe:team:056c3140a119e44a03d462e2c832f27,6.6,,1,LPL/2016 Season/Spring Playoffs_Finals_1_1,0,0
2016,LPL/2016 Season/Spring Playoffs,LPL,2016-04-23 08:00:00,EDward Gaming,Royal Never Give Up,oe:team:056c3140a119e44a03d462e2c832f27,oe:team:73f3126d91d35faa5d5ce34abadb865,6.6,,1,LPL/2016 Season/Spring Playoffs_Finals_1_2,0,0
2016,LPL/2016 Season/Spring Playoffs,LPL,2016-04-23 09:00:00,Royal Never Give Up,EDward Gaming,oe:team:73f3126d91d35faa5d5ce34abadb865,oe:team:056c3140a119e44a03d462e2c832f27,6.6,,1,LPL/2016 Season/Spring Playoffs_Finals_1_3,0,0
2016,LPL/2016 Season/Spring Playoffs,LPL,2016-04-23 10:00:00,EDward Gaming,Royal Never Give Up,oe:team:056c3140a119e44a03d462e2c832f27,oe:team:73f3126d91d35faa5d5ce34abadb865,6.6,,2,LPL/2016 Season/Spring Playoffs_Finals_1_4,0,0
2016,LMS/2016 Season/Summer Season,LMS,2016-07-14 13:00:00,Flash Wolves,Machi Esports,oe:team:7cd8dc1c987b84b99e3d246d1943c92,oe:team:274c62a6d7e34e0e66e5f267a39d5f7,6.13,,1,LMS/2016 Season/Summer Season_Week 5_2_1,0,0
2016,LMS/2016 Season/Summer Season,LMS,2016-07-14 14:00:00,Machi Esports,Flash Wolves,oe:team:274c62a6d7e34e0e66e5f267a39d5f7,oe:team:7cd8dc1c987b84b99e3d246d1943c92,6.13,,2,LMS/2016 Season/Summer Season_Week 5_2_2,0,0
2016,LPL/2016 Season/Summer Playoffs,LPL,2016-08-10 08:00:00,Invictus Gaming,I May,oe:team:53a258f289c26d94431c0496a54e151,oe:team:2f758c15b9c1781b2d4032011ae1628,6.15,,2,LPL/2016 Season/Summer Playoffs_Round 1_2_1,0,0
2016,LPL/2016 Season/Summer Playoffs,LPL,2016-08-10 09:00:00,I May,Invictus Gaming,oe:team:2f758c15b9c1781b2d4032011ae1628,oe:team:53a258f289c26d94431c0496a54e151,6.15,,1,LPL/2016 Season/Summer Playoffs_Round 1_2_2,0,0
2016,2016 International Wildcard Qualifier,IWCQ,2016-08-24 20:18:00,Kaos Latin Gamers,INTZ,oe:team:c5b7f439779b465529ff283c53f41c0,oe:team:bcb21457414eb9be1d27489ff7e8e59,6.16,,2,2016 International Wildcard Qualifier_Day 1_1_1,0,0
2016,2016 International Wildcard Qualifier,IWCQ,2016-08-24 21:29:00,Albus NoX Luna,Chiefs Esports Club,oe:team:f2357aab765dfb94659ba2223a6d4f0,oe:team:692bccdba8ec7050f5aeb916815439e,6.16,,1,2016 International Wildcard Qualifier_Day 1_2_1,0,0
2016,2016 International Wildcard Qualifier,IWCQ,2016-08-24 23:11:00,Lyon Gaming (2013 Latin American Team),INTZ,oe:team:d996d27c1737a1f7494fc09d6911339,oe:team:bcb21457414eb9be1d27489ff7e8e59,6.16,,1,2016 International Wildcard Qualifier_Day 1_4_1,0,0
2016,2016 International Wildcard Qualifier,IWCQ,2016-08-25 20:01:00,Rampage,Albus NoX Luna,oe:team:a9744fc5b0ca952b17ef07c0aa99602,oe:team:f2357aab765dfb94659ba2223a6d4f0,6.16,,2,2016 International Wildcard Qualifier_Day 2_1_1,0,0
2016,2016 International Wildcard Qualifier,IWCQ,2016-08-25 23:23:00,INTZ,Rampage,oe:team:bcb21457414eb9be1d27489ff7e8e59,oe:team:a9744fc5b0ca952b17ef07c0aa99602,6.16,,1,2016 International Wildcard Qualifier_Day 2_4_1,0,0
2016,2016 International Wildcard Qualifier,IWCQ,2016-08-26 19:51:00,Albus NoX Luna,Dark Passage,oe:team:f2357aab765dfb94659ba2223a6d4f0,oe:team:a42600a99997fca0d35f2821662b997,6.16,,2,2016 International Wildcard Qualifier_Day 3_1_1,0,0
2016,2016 International Wildcard Qualifier,IWCQ,2016-08-26 22:09:00,Chiefs Esports Club,INTZ,oe:team:692bccdba8ec7050f5aeb916815439e,oe:team:bcb21457414eb9be1d27489ff7e8e59,6.16,,1,2016 International Wildcard Qualifier_Day 3_3_1,0,0
2016,2016 International Wildcard Qualifier,IWCQ,2016-08-27 22:13:00,Albus NoX Luna,Kaos Latin Gamers,oe:team:f2357aab765dfb94659ba2223a6d4f0,oe:team:c5b7f439779b465529ff283c53f41c0,6.16,,1,2016 International Wildcard Qualifier_Day 4_3_1,0,0
2016,2016 International Wildcard Qualifier,IWCQ,2016-08-27 23:10:00,INTZ,Dark Passage,oe:team:bcb21457414eb9be1d27489ff7e8e59,oe:team:a42600a99997fca0d35f2821662b997,6.16,,1,2016 International Wildcard Qualifier_Day 4_4_1,0,0
2016,2016 International Wildcard Qualifier,IWCQ,2016-08-28 00:13:00,Saigon Jokers,Albus NoX Luna,oe:team:c509b8c47b3761cbc2c790b576d0eb6,oe:team:f2357aab765dfb94659ba2223a6d4f0,6.16,,2,2016 International Wildcard Qualifier_Day 4_5_1,0,0
2016,2016 International Wildcard Qualifier,IWCQ,2016-08-28 21:02:00,INTZ,Albus NoX Luna,oe:team:bcb21457414eb9be1d27489ff7e8e59,oe:team:f2357aab765dfb94659ba2223a6d4f0,6.16,,1,2016 International Wildcard Qualifier_Day 5_2_1,0,0
2016,2016 International Wildcard Qualifier,IWCQ,2016-08-29 00:51:00,Saigon Jokers,INTZ,oe:team:c509b8c47b3761cbc2c790b576d0eb6,oe:team:bcb21457414eb9be1d27489ff7e8e59,6.16,,2,2016 International Wildcard Qualifier_Day 5_5_1,0,0
2016,2016 International Wildcard Qualifier,IWCQ,2016-08-29 20:01:00,Lyon Gaming (2013 Latin American Team),Albus NoX Luna,oe:team:d996d27c1737a1f7494fc09d6911339,oe:team:f2357aab765dfb94659ba2223a6d4f0,6.16,,2,2016 International Wildcard Qualifier_Day 6_1_1,0,0
2016,2016 International Wildcard Qualifier,IWCQ,2016-09-03 21:50:00,INTZ,Dark Passage,oe:team:bcb21457414eb9be1d27489ff7e8e59,oe:team:a42600a99997fca0d35f2821662b997,6.16,,1,2016 International Wildcard Qualifier_Finals_1_1,0,0
2016,2016 International Wildcard Qualifier,IWCQ,2016-09-03 23:08:00,Dark Passage,INTZ,oe:team:a42600a99997fca0d35f2821662b997,oe:team:bcb21457414eb9be1d27489ff7e8e59,6.16,,1,2016 International Wildcard Qualifier_Finals_1_2,0,0
2016,2016 International Wildcard Qualifier,IWCQ,2016-09-04 00:10:00,INTZ,Dark Passage,oe:team:bcb21457414eb9be1d27489ff7e8e59,oe:team:a42600a99997fca0d35f2821662b997,6.16,,1,2016 International Wildcard Qualifier_Finals_1_3,0,0
2016,2016 International Wildcard Qualifier,IWCQ,2016-09-04 01:27:00,Dark Passage,INTZ,oe:team:a42600a99997fca0d35f2821662b997,oe:team:bcb21457414eb9be1d27489ff7e8e59,6.16,,1,2016 International Wildcard Qualifier_Finals_1_4,0,0
2016,2016 International Wildcard Qualifier,IWCQ,2016-09-04 02:35:00,INTZ,Dark Passage,oe:team:bcb21457414eb9be1d27489ff7e8e59,oe:team:a42600a99997fca0d35f2821662b997,6.16,,1,2016 International Wildcard Qualifier_Finals_1_5,0,0
2016,2016 International Wildcard Qualifier,IWCQ,2016-09-04 19:59:00,Lyon Gaming (2013 Latin American Team),Albus NoX Luna,oe:team:d996d27c1737a1f7494fc09d6911339,oe:team:f2357aab765dfb94659ba2223a6d4f0,6.16,,1,2016 International Wildcard Qualifier_Finals_2_1,0,0
2016,2016 International Wildcard Qualifier,IWCQ,2016-09-04 21:46:00,Albus NoX Luna,Lyon Gaming (2013 Latin American Team),oe:team:f2357aab765dfb94659ba2223a6d4f0,oe:team:d996d27c1737a1f7494fc09d6911339,6.16,,1,2016 International Wildcard Qualifier_Finals_2_2,0,0
2016,2016 International Wildcard Qualifier,IWCQ,2016-09-04 22:51:00,Lyon Gaming (2013 Latin American Team),Albus NoX Luna,oe:team:d996d27c1737a1f7494fc09d6911339,oe:team:f2357aab765dfb94659ba2223a6d4f0,6.16,,1,2016 International Wildcard Qualifier_Finals_2_3,0,0
2016,2016 International Wildcard Qualifier,IWCQ,2016-09-05 00:02:00,Albus NoX Luna,Lyon Gaming (2013 Latin American Team),oe:team:f2357aab765dfb94659ba2223a6d4f0,oe:team:d996d27c1737a1f7494fc09d6911339,6.16,,1,2016 International Wildcard Qualifier_Finals_2_4,0,0
2016,2016 International Wildcard Qualifier,IWCQ,2016-09-05 01:02:00,Lyon Gaming (2013 Latin American Team),Albus NoX Luna,oe:team:d996d27c1737a1f7494fc09d6911339,oe:team:f2357aab765dfb94659ba2223a6d4f0,6.16,,2,2016 International Wildcard Qualifier_Finals_2_5,0,0
2017,IEM Season 11/Challenger,IEM,2016-10-28 07:42:00,INTZ,Kaos Latin Gamers,oe:team:bcb21457414eb9be1d27489ff7e8e59,oe:team:c5b7f439779b465529ff283c53f41c0,6.21,,1,IEM Season 11/Challenger_Oakland Round 1_1_1,0,0
2017,IEM Season 11/Challenger,IEM,2016-10-28 08:32:00,Kaos Latin Gamers,INTZ,oe:team:c5b7f439779b465529ff283c53f41c0,oe:team:bcb21457414eb9be1d27489ff7e8e59,6.21,,2,IEM Season 11/Challenger_Oakland Round 1_1_2,0,0
2017,IEM Season 11/Challenger,IEM,2016-10-28 10:01:00,Lyon Gaming (2013 Latin American Team),Chiefs Esports Club,oe:team:d996d27c1737a1f7494fc09d6911339,oe:team:692bccdba8ec7050f5aeb916815439e,6.21,,2,IEM Season 11/Challenger_Oakland Round 1_2_1,0,0
2017,IEM Season 11/Challenger,IEM,2016-10-28 11:34:00,Chiefs Esports Club,Lyon Gaming (2013 Latin American Team),oe:team:692bccdba8ec7050f5aeb916815439e,oe:team:d996d27c1737a1f7494fc09d6911339,6.21,,1,IEM Season 11/Challenger_Oakland Round 1_2_2,0,0
2017,IEM Season 11/Challenger,IEM,2016-10-29 07:03:00,Lyon Gaming (2013 Latin American Team),Kaos Latin Gamers,oe:team:d996d27c1737a1f7494fc09d6911339,oe:team:c5b7f439779b465529ff283c53f41c0,6.21,,1,IEM Season 11/Challenger_Oakland Elimination Round_1_1,0,0
2017,IEM Season 11/Challenger,IEM,2016-10-29 08:15:00,Lyon Gaming (2013 Latin American Team),Kaos Latin Gamers,oe:team:d996d27c1737a1f7494fc09d6911339,oe:team:c5b7f439779b465529ff283c53f41c0,6.21,,1,IEM Season 11/Challenger_Oakland Elimination Round_1_2,0,0
2017,IEM Season 11/Challenger,IEM,2016-10-29 12:25:00,Chiefs Esports Club,Lyon Gaming (2013 Latin American Team),oe:team:692bccdba8ec7050f5aeb916815439e,oe:team:d996d27c1737a1f7494fc09d6911339,6.21,,1,IEM Season 11/Challenger_Oakland Qualifying Round_2_1,0,0
2017,IEM Season 11/Challenger,IEM,2016-10-29 13:50:00,Lyon Gaming (2013 Latin American Team),Chiefs Esports Club,oe:team:d996d27c1737a1f7494fc09d6911339,oe:team:692bccdba8ec7050f5aeb916815439e,6.21,,2,IEM Season 11/Challenger_Oakland Qualifying Round_2_2,0,0
2017,IEM Season 11/Challenger,IEM,2016-10-30 09:50:00,Rampage,Dark Passage,oe:team:a9744fc5b0ca952b17ef07c0aa99602,oe:team:a42600a99997fca0d35f2821662b997,6.21,,2,IEM Season 11/Challenger_Gyeonggi Round 1_2_1,0,0
2017,IEM Season 11/Challenger,IEM,2016-10-30 11:47:00,Rampage,Dark Passage,oe:team:a9744fc5b0ca952b17ef07c0aa99602,oe:team:a42600a99997fca0d35f2821662b997,6.21,,2,IEM Season 11/Challenger_Gyeonggi Round 1_2_2,0,0
2017,IEM Season 11/Challenger,IEM,2016-10-31 08:42:00,Vega Squadron,Rampage,oe:team:95fa2bbc5eb242e7c3243c3467e32f3,oe:team:a9744fc5b0ca952b17ef07c0aa99602,6.21,,1,IEM Season 11/Challenger_Gyeonggi Elimination Round_1_1,0,0
2017,IEM Season 11/Challenger,IEM,2016-10-31 09:48:00,Rampage,Vega Squadron,oe:team:a9744fc5b0ca952b17ef07c0aa99602,oe:team:95fa2bbc5eb242e7c3243c3467e32f3,6.21,,1,IEM Season 11/Challenger_Gyeonggi Elimination Round_1_2,0,0
2017,IEM Season 11/Challenger,IEM,2016-10-31 10:56:00,Vega Squadron,Rampage,oe:team:95fa2bbc5eb242e7c3243c3467e32f3,oe:team:a9744fc5b0ca952b17ef07c0aa99602,6.21,,1,IEM Season 11/Challenger_Gyeonggi Elimination Round_1_3,0,0
2017,National Electronic Sports Tournament 2016,NEST,2016-11-18 03:00:00,Invictus Gaming,Royal Never Give Up,oe:team:53a258f289c26d94431c0496a54e151,oe:team:73f3126d91d35faa5d5ce34abadb865,6.21,,1,National Electronic Sports Tournament 2016_Scoreboards_1_1,0,0
2017,National Electronic Sports Tournament 2016,NEST,2016-11-18 04:00:00,Royal Never Give Up,Invictus Gaming,oe:team:73f3126d91d35faa5d5ce34abadb865,oe:team:53a258f289c26d94431c0496a54e151,6.21,,1,National Electronic Sports Tournament 2016_Scoreboards_1_2,0,0
2017,National Electronic Sports Tournament 2016,NEST,2016-11-18 05:00:00,Invictus Gaming,Royal Never Give Up,oe:team:53a258f289c26d94431c0496a54e151,oe:team:73f3126d91d35faa5d5ce34abadb865,6.21,,1,National Electronic Sports Tournament 2016_Scoreboards_1_3,0,0
2017,National Electronic Sports Tournament 2016,NEST,2016-11-19 06:30:00,Snake Esports,Royal Never Give Up,oe:team:c1dea751bdd62128fe179344fceb5b2,oe:team:73f3126d91d35faa5d5ce34abadb865,6.21,,1,National Electronic Sports Tournament 2016_Scoreboards_4_1,0,0
2017,National Electronic Sports Tournament 2016,NEST,2016-11-19 07:30:00,Royal Never Give Up,Snake Esports,oe:team:73f3126d91d35faa5d5ce34abadb865,oe:team:c1dea751bdd62128fe179344fceb5b2,6.21,,1,National Electronic Sports Tournament 2016_Scoreboards_4_2,0,0
2017,National Electronic Sports Tournament 2016,NEST,2016-11-19 08:30:00,Snake Esports,Royal Never Give Up,oe:team:c1dea751bdd62128fe179344fceb5b2,oe:team:73f3126d91d35faa5d5ce34abadb865,6.21,,1,National Electronic Sports Tournament 2016_Scoreboards_4_3,0,0
2017,LMS/2017 Season/Spring Season,LMS,2017-01-21 08:00:00,ahq eSports Club,Flash Wolves,oe:team:d15303823a1dccff9f3068fb357e356,oe:team:7cd8dc1c987b84b99e3d246d1943c92,7.1,,1,LMS/2017 Season/Spring Season_Week 1_1_1,0,0
2017,LMS/2017 Season/Spring Season,LMS,2017-01-21 09:00:00,Flash Wolves,ahq eSports Club,oe:team:7cd8dc1c987b84b99e3d246d1943c92,oe:team:d15303823a1dccff9f3068fb357e356,7.1,,1,LMS/2017 Season/Spring Season_Week 1_1_2,0,0
2017,LMS/2017 Season/Spring Season,LMS,2017-01-21 10:00:00,ahq eSports Club,Flash Wolves,oe:team:d15303823a1dccff9f3068fb357e356,oe:team:7cd8dc1c987b84b99e3d246d1943c92,7.1,,2,LMS/2017 Season/Spring Season_Week 1_1_3,0,0
2017,LPL/2017 Season/Spring Season,LPL,2017-01-21 11:15:00,Royal Never Give Up,Oh My God,oe:team:73f3126d91d35faa5d5ce34abadb865,oe:team:f4c4528c6981e104a11ea7548630c23,7.1,,2,LPL/2017 Season/Spring Season_Week 1_7_1,0,0
2017,LPL/2017 Season/Spring Season,LPL,2017-01-21 12:31:00,Oh My God,Royal Never Give Up,oe:team:f4c4528c6981e104a11ea7548630c23,oe:team:73f3126d91d35faa5d5ce34abadb865,7.1,,2,LPL/2017 Season/Spring Season_Week 1_7_2,0,0
2017,LPL/2017 Season/Spring Season,LPL,2017-01-21 13:46:00,Royal Never Give Up,Oh My God,oe:team:73f3126d91d35faa5d5ce34abadb865,oe:team:f4c4528c6981e104a11ea7548630c23,7.1,,1,LPL/2017 Season/Spring Season_Week 1_7_3,0,0
2017,LPL/2017 Season/Spring Season,LPL,2017-01-22 11:42:00,EDward Gaming,Team WE,oe:team:056c3140a119e44a03d462e2c832f27,oe:team:62c1cd9465dc63824593ee5046f5aa8,7.1,,1,LPL/2017 Season/Spring Season_Week 1_10_1,0,0
2017,LPL/2017 Season/Spring Season,LPL,2017-01-22 12:40:00,Team WE,EDward Gaming,oe:team:62c1cd9465dc63824593ee5046f5aa8,oe:team:056c3140a119e44a03d462e2c832f27,7.1,,2,LPL/2017 Season/Spring Season_Week 1_10_2,0,0
2017,LMS/2017 Season/Spring Season,LMS,2017-02-03 08:00:00,Flash Wolves,J Team,oe:team:7cd8dc1c987b84b99e3d246d1943c92,oe:team:b41d715b166da7092724123264e4560,7.1,,1,LMS/2017 Season/Spring Season_Week 2_1_1,0,0
2017,LMS/2017 Season/Spring Season,LMS,2017-02-03 09:00:00,J Team,Flash Wolves,oe:team:b41d715b166da7092724123264e4560,oe:team:7cd8dc1c987b84b99e3d246d1943c92,7.1,,2,LMS/2017 Season/Spring Season_Week 2_1_2,0,0
2017,LMS/2017 Season/Spring Season,LMS,2017-02-04 08:00:00,Flash Wolves,Machi Esports,oe:team:7cd8dc1c987b84b99e3d246d1943c92,oe:team:274c62a6d7e34e0e66e5f267a39d5f7,7.1,,1,LMS/2017 Season/Spring Season_Week 2_3_1,0,0
2017,LMS/2017 Season/Spring Season,LMS,2017-02-04 09:00:00,Machi Esports,Flash Wolves,oe:team:274c62a6d7e34e0e66e5f267a39d5f7,oe:team:7cd8dc1c987b84b99e3d246d1943c92,7.1,,2,LMS/2017 Season/Spring Season_Week 2_3_2,0,0
2017,LMS/2017 Season/Spring Season,LMS,2017-02-04 10:00:00,ahq eSports Club,Machi Esports,oe:team:d15303823a1dccff9f3068fb357e356,oe:team:274c62a6d7e34e0e66e5f267a39d5f7,7.1,,1,LMS/2017 Season/Spring Season_Week 2_6_1,0,0
2017,LMS/2017 Season/Spring Season,LMS,2017-02-04 11:00:00,Machi Esports,ahq eSports Club,oe:team:274c62a6d7e34e0e66e5f267a39d5f7,oe:team:d15303823a1dccff9f3068fb357e356,7.1,,2,LMS/2017 Season/Spring Season_Week 2_6_2,0,0
2017,LPL/2017 Season/Spring Season,LPL,2017-03-18 07:27:00,Royal Never Give Up,Team WE,oe:team:73f3126d91d35faa5d5ce34abadb865,oe:team:62c1cd9465dc63824593ee5046f5aa8,7.4,,1,LPL/2017 Season/Spring Season_Week 6_6_1,0,0
2017,LPL/2017 Season/Spring Season,LPL,2017-03-18 08:14:00,Team WE,Royal Never Give Up,oe:team:62c1cd9465dc63824593ee5046f5aa8,oe:team:73f3126d91d35faa5d5ce34abadb865,7.4,,1,LPL/2017 Season/Spring Season_Week 6_6_2,0,0
2017,LPL/2017 Season/Spring Season,LPL,2017-03-18 09:09:00,Royal Never Give Up,Team WE,oe:team:73f3126d91d35faa5d5ce34abadb865,oe:team:62c1cd9465dc63824593ee5046f5aa8,7.4,,2,LPL/2017 Season/Spring Season_Week 6_6_3,0,0
2017,LPL/2017 Season/Spring Season,LPL,2017-03-18 10:14:00,Snake Esports,EDward Gaming,oe:team:c1dea751bdd62128fe179344fceb5b2,oe:team:056c3140a119e44a03d462e2c832f27,7.4,,2,LPL/2017 Season/Spring Season_Week 6_7_1,0,0
2017,LPL/2017 Season/Spring Season,LPL,2017-03-18 11:02:00,EDward Gaming,Snake Esports,oe:team:056c3140a119e44a03d462e2c832f27,oe:team:c1dea751bdd62128fe179344fceb5b2,7.4,,2,LPL/2017 Season/Spring Season_Week 6_7_2,0,0
2017,LPL/2017 Season/Spring Season,LPL,2017-03-18 11:57:00,Snake Esports,EDward Gaming,oe:team:c1dea751bdd62128fe179344fceb5b2,oe:team:056c3140a119e44a03d462e2c832f27,7.4,,2,LPL/2017 Season/Spring Season_Week 6_7_3,0,0
2017,LPL/2017 Season/Spring Season,LPL,2017-04-15 07:58:00,I May,Royal Never Give Up,oe:team:2f758c15b9c1781b2d4032011ae1628,oe:team:73f3126d91d35faa5d5ce34abadb865,7.6,,1,LPL/2017 Season/Spring Season_Week 10_6_1,0,0
2017,LPL/2017 Season/Spring Season,LPL,2017-04-15 09:01:00,Royal Never Give Up,I May,oe:team:73f3126d91d35faa5d5ce34abadb865,oe:team:2f758c15b9c1781b2d4032011ae1628,7.6,,1,LPL/2017 Season/Spring Season_Week 10_6_2,0,0
2017,LPL/2017 Season/Spring Season,LPL,2017-04-15 09:50:00,I May,Royal Never Give Up,oe:team:2f758c15b9c1781b2d4032011ae1628,oe:team:73f3126d91d35faa5d5ce34abadb865,7.6,,1,LPL/2017 Season/Spring Season_Week 10_6_3,0,0
2017,LPL/2017 Season/Spring Season,LPL,2017-04-16 08:28:00,Team WE,Vici Gaming,oe:team:62c1cd9465dc63824593ee5046f5aa8,oe:team:5627e3ef0b2477289b218ddeb6a151a,7.6,,1,LPL/2017 Season/Spring Season_Week 10_9_1,0,0
2017,LPL/2017 Season/Spring Season,LPL,2017-04-16 09:22:00,Team WE,Vici Gaming,oe:team:62c1cd9465dc63824593ee5046f5aa8,oe:team:5627e3ef0b2477289b218ddeb6a151a,7.6,,1,LPL/2017 Season/Spring Season_Week 10_9_2,0,0
2017,LPL/2017 Season/Spring Season,LPL,2017-04-16 10:19:00,QG Reapers,EDward Gaming,oe:team:dea36d562876c9ebf2456f71b55f790,oe:team:056c3140a119e44a03d462e2c832f27,7.6,,2,LPL/2017 Season/Spring Season_Week 10_10_1,0,0
2017,LPL/2017 Season/Spring Season,LPL,2017-04-16 11:08:00,QG Reapers,EDward Gaming,oe:team:dea36d562876c9ebf2456f71b55f790,oe:team:056c3140a119e44a03d462e2c832f27,7.6,,1,LPL/2017 Season/Spring Season_Week 10_10_2,0,0
2017,LPL/2017 Season/Spring Season,LPL,2017-04-16 12:02:00,QG Reapers,EDward Gaming,oe:team:dea36d562876c9ebf2456f71b55f790,oe:team:056c3140a119e44a03d462e2c832f27,7.6,,2,LPL/2017 Season/Spring Season_Week 10_10_3,0,0
2017,LPL/2017 Season/Spring Playoffs,LPL,2017-04-20 14:10:00,EDward Gaming,Newbee,oe:team:056c3140a119e44a03d462e2c832f27,oe:team:7e76012fb69f9e19b2dc690dde98ac1,7.7,,1,LPL/2017 Season/Spring Playoffs_Quarterfinals_2_1,0,0
2017,LPL/2017 Season/Spring Playoffs,LPL,2017-04-20 15:05:00,Newbee,EDward Gaming,oe:team:7e76012fb69f9e19b2dc690dde98ac1,oe:team:056c3140a119e44a03d462e2c832f27,7.7,,2,LPL/2017 Season/Spring Playoffs_Quarterfinals_2_2,0,0
2017,LPL/2017 Season/Spring Playoffs,LPL,2017-04-20 16:10:00,EDward Gaming,Newbee,oe:team:056c3140a119e44a03d462e2c832f27,oe:team:7e76012fb69f9e19b2dc690dde98ac1,7.7,,1,LPL/2017 Season/Spring Playoffs_Quarterfinals_2_3,0,0
2017,LPL/2017 Season/Spring Playoffs,LPL,2017-04-22 06:18:00,Team WE,Oh My God,oe:team:62c1cd9465dc63824593ee5046f5aa8,oe:team:f4c4528c6981e104a11ea7548630c23,7.7,,1,LPL/2017 Season/Spring Playoffs_Semifinals_1_1,0,0
2017,LPL/2017 Season/Spring Playoffs,LPL,2017-04-22 07:04:00,Oh My God,Team WE,oe:team:f4c4528c6981e104a11ea7548630c23,oe:team:62c1cd9465dc63824593ee5046f5aa8,7.7,,2,LPL/2017 Season/Spring Playoffs_Semifinals_1_2,0,0
2017,LPL/2017 Season/Spring Playoffs,LPL,2017-04-22 08:00:00,Team WE,Oh My God,oe:team:62c1cd9465dc63824593ee5046f5aa8,oe:team:f4c4528c6981e104a11ea7548630c23,7.7,,2,LPL/2017 Season/Spring Playoffs_Semifinals_1_3,0,0
2017,LPL/2017 Season/Spring Playoffs,LPL,2017-04-22 09:06:00,Oh My God,Team WE,oe:team:f4c4528c6981e104a11ea7548630c23,oe:team:62c1cd9465dc63824593ee5046f5aa8,7.7,,2,LPL/2017 Season/Spring Playoffs_Semifinals_1_4,0,0
2017,LPL/2017 Season/Spring Playoffs,LPL,2017-04-22 10:06:00,Royal Never Give Up,EDward Gaming,oe:team:73f3126d91d35faa5d5ce34abadb865,oe:team:056c3140a119e44a03d462e2c832f27,7.7,,1,LPL/2017 Season/Spring Playoffs_Semifinals_2_1,0,0
2017,LPL/2017 Season/Spring Playoffs,LPL,2017-04-22 10:57:00,EDward Gaming,Royal Never Give Up,oe:team:056c3140a119e44a03d462e2c832f27,oe:team:73f3126d91d35faa5d5ce34abadb865,7.7,,1,LPL/2017 Season/Spring Playoffs_Semifinals_2_2,0,0
2017,LPL/2017 Season/Spring Playoffs,LPL,2017-04-22 11:45:00,Royal Never Give Up,EDward Gaming,oe:team:73f3126d91d35faa5d5ce34abadb865,oe:team:056c3140a119e44a03d462e2c832f27,7.7,,1,LPL/2017 Season/Spring Playoffs_Semifinals_2_3,0,0
2017,LPL/2017 Season/Spring Playoffs,LPL,2017-04-22 12:33:00,EDward Gaming,Royal Never Give Up,oe:team:056c3140a119e44a03d462e2c832f27,oe:team:73f3126d91d35faa5d5ce34abadb865,7.7,,2,LPL/2017 Season/Spring Playoffs_Semifinals_2_4,0,0
2017,LPL/2017 Season/Spring Playoffs,LPL,2017-04-23 07:18:00,Oh My God,EDward Gaming,oe:team:f4c4528c6981e104a11ea7548630c23,oe:team:056c3140a119e44a03d462e2c832f27,,,2,LPL/2017 Season/Spring Playoffs_Third-Place Match_1_1,0,0
2017,LPL/2017 Season/Spring Playoffs,LPL,2017-04-23 08:07:00,EDward Gaming,Oh My God,oe:team:056c3140a119e44a03d462e2c832f27,oe:team:f4c4528c6981e104a11ea7548630c23,,,2,LPL/2017 Season/Spring Playoffs_Third-Place Match_1_2,0,0
2017,LPL/2017 Season/Spring Playoffs,LPL,2017-04-23 09:02:00,EDward Gaming,Oh My God,oe:team:056c3140a119e44a03d462e2c832f27,oe:team:f4c4528c6981e104a11ea7548630c23,,,1,LPL/2017 Season/Spring Playoffs_Third-Place Match_1_3,0,0
2017,LPL/2017 Season/Spring Playoffs,LPL,2017-04-23 09:47:00,EDward Gaming,Oh My God,oe:team:056c3140a119e44a03d462e2c832f27,oe:team:f4c4528c6981e104a11ea7548630c23,,,2,LPL/2017 Season/Spring Playoffs_Third-Place Match_1_4,0,0
2017,LPL/2017 Season/Spring Playoffs,LPL,2017-04-23 10:42:00,EDward Gaming,Oh My God,oe:team:056c3140a119e44a03d462e2c832f27,oe:team:f4c4528c6981e104a11ea7548630c23,,,1,LPL/2017 Season/Spring Playoffs_Third-Place Match_1_5,0,0
2017,LPL/2017 Season/Spring Playoffs,LPL,2017-04-29 08:00:00,Team WE,Royal Never Give Up,oe:team:62c1cd9465dc63824593ee5046f5aa8,oe:team:73f3126d91d35faa5d5ce34abadb865,7.7,,1,LPL/2017 Season/Spring Playoffs_Finals_1_1,0,0
2017,LPL/2017 Season/Spring Playoffs,LPL,2017-04-29 09:22:00,Royal Never Give Up,Team WE,oe:team:73f3126d91d35faa5d5ce34abadb865,oe:team:62c1cd9465dc63824593ee5046f5aa8,7.7,,2,LPL/2017 Season/Spring Playoffs_Finals_1_2,0,0
2017,LPL/2017 Season/Spring Playoffs,LPL,2017-04-29 10:28:00,Team WE,Royal Never Give Up,oe:team:62c1cd9465dc63824593ee5046f5aa8,oe:team:73f3126d91d35faa5d5ce34abadb865,7.7,,1,LPL/2017 Season/Spring Playoffs_Finals_1_3,0,0
2017,LPL/2017 Season/Summer Season,LPL,2017-06-10 11:55:00,Royal Never Give Up,LGD Gaming,oe:team:73f3126d91d35faa5d5ce34abadb865,oe:team:5f401785b6b78326f9a46b3c6b206ed,7.10,,1,LPL/2017 Season/Summer Season_Week 1_7_1,0,0
2017,LPL/2017 Season/Summer Season,LPL,2017-06-10 12:54:00,LGD Gaming,Royal Never Give Up,oe:team:5f401785b6b78326f9a46b3c6b206ed,oe:team:73f3126d91d35faa5d5ce34abadb865,7.10,,1,LPL/2017 Season/Summer Season_Week 1_7_2,0,0
2017,LPL/2017 Season/Summer Season,LPL,2017-06-10 13:58:00,Royal Never Give Up,LGD Gaming,oe:team:73f3126d91d35faa5d5ce34abadb865,oe:team:5f401785b6b78326f9a46b3c6b206ed,7.10,,1,LPL/2017 Season/Summer Season_Week 1_7_3,0,0
2017,LPL/2017 Season/Summer Season,LPL,2017-06-11 06:18:00,Snake Esports,EDward Gaming,oe:team:c1dea751bdd62128fe179344fceb5b2,oe:team:056c3140a119e44a03d462e2c832f27,7.10,,2,LPL/2017 Season/Summer Season_Week 1_8_1,0,0
2017,LPL/2017 Season/Summer Season,LPL,2017-06-11 07:07:00,EDward Gaming,Snake Esports,oe:team:056c3140a119e44a03d462e2c832f27,oe:team:c1dea751bdd62128fe179344fceb5b2,7.10,,1,LPL/2017 Season/Summer Season_Week 1_8_2,0,0
2017,LPL/2017 Season/Summer Season,LPL,2017-06-11 08:10:00,Team WE,DAN Gaming,oe:team:62c1cd9465dc63824593ee5046f5aa8,oe:team:c52f1f25b322f34e191a3d0edb5d88d,7.10,,1,LPL/2017 Season/Summer Season_Week 1_9_1,0,0
2017,LPL/2017 Season/Summer Season,LPL,2017-06-11 08:58:00,DAN Gaming,Team WE,oe:team:c52f1f25b322f34e191a3d0edb5d88d,oe:team:62c1cd9465dc63824593ee5046f5aa8,7.10,,2,LPL/2017 Season/Summer Season_Week 1_9_2,0,0
2017,LPL/2017 Season/Summer Season,LPL,2017-06-17 08:14:00,Invictus Gaming,EDward Gaming,oe:team:53a258f289c26d94431c0496a54e151,oe:team:056c3140a119e44a03d462e2c832f27,7.11,,2,LPL/2017 Season/Summer Season_Week 2_6_1,0,0
2017,LPL/2017 Season/Summer Season,LPL,2017-06-17 09:06:00,EDward Gaming,Invictus Gaming,oe:team:056c3140a119e44a03d462e2c832f27,oe:team:53a258f289c26d94431c0496a54e151,7.11,,1,LPL/2017 Season/Summer Season_Week 2_6_2,0,0
2017,LPL/2017 Season/Summer Season,LPL,2017-06-17 10:04:00,Team WE,Snake Esports,oe:team:62c1cd9465dc63824593ee5046f5aa8,oe:team:c1dea751bdd62128fe179344fceb5b2,7.11,,1,LPL/2017 Season/Summer Season_Week 2_7_1,0,0
2017,LPL/2017 Season/Summer Season,LPL,2017-06-17 11:13:00,Snake Esports,Team WE,oe:team:c1dea751bdd62128fe179344fceb5b2,oe:team:62c1cd9465dc63824593ee5046f5aa8,7.11,,1,LPL/2017 Season/Summer Season_Week 2_7_2,0,0
2017,LPL/2017 Season/Summer Season,LPL,2017-06-17 12:02:00,Team WE,Snake Esports,oe:team:62c1cd9465dc63824593ee5046f5aa8,oe:team:c1dea751bdd62128fe179344fceb5b2,7.11,,2,LPL/2017 Season/Summer Season_Week 2_7_3,0,0
2017,LPL/2017 Season/Summer Season,LPL,2017-06-18 08:14:00,Royal Never Give Up,Newbee,oe:team:73f3126d91d35faa5d5ce34abadb865,oe:team:7e76012fb69f9e19b2dc690dde98ac1,7.11,,2,LPL/2017 Season/Summer Season_Week 2_9_1,0,0
2017,LPL/2017 Season/Summer Season,LPL,2017-06-18 09:19:00,Newbee,Royal Never Give Up,oe:team:7e76012fb69f9e19b2dc690dde98ac1,oe:team:73f3126d91d35faa5d5ce34abadb865,7.11,,2,LPL/2017 Season/Summer Season_Week 2_9_2,0,0
2017,LPL/2017 Season/Summer Season,LPL,2017-06-18 10:12:00,Newbee,Royal Never Give Up,oe:team:7e76012fb69f9e19b2dc690dde98ac1,oe:team:73f3126d91d35faa5d5ce34abadb865,7.11,,2,LPL/2017 Season/Summer Season_Week 2_9_3,0,0
2017,LPL/2017 Season/Summer Season,LPL,2017-06-24 11:35:00,EDward Gaming,Team WE,oe:team:056c3140a119e44a03d462e2c832f27,oe:team:62c1cd9465dc63824593ee5046f5aa8,7.12,,1,LPL/2017 Season/Summer Season_Week 3_7_1,0,0
2017,LPL/2017 Season/Summer Season,LPL,2017-06-24 12:21:00,Team WE,EDward Gaming,oe:team:62c1cd9465dc63824593ee5046f5aa8,oe:team:056c3140a119e44a03d462e2c832f27,7.12,,1,LPL/2017 Season/Summer Season_Week 3_7_2,0,0
2017,LPL/2017 Season/Summer Season,LPL,2017-06-24 13:20:00,Team WE,EDward Gaming,oe:team:62c1cd9465dc63824593ee5046f5aa8,oe:team:056c3140a119e44a03d462e2c832f27,7.12,,1,LPL/2017 Season/Summer Season_Week 3_7_3,0,0
2017,LPL/2017 Season/Summer Season,LPL,2017-06-25 11:56:00,Royal Never Give Up,JD Gaming,oe:team:73f3126d91d35faa5d5ce34abadb865,oe:team:b42d0f31f2727621b963042276817c4,7.12,,1,LPL/2017 Season/Summer Season_Week 3_10_1,0,0
2017,LPL/2017 Season/Summer Season,LPL,2017-06-25 12:50:00,JD Gaming,Royal Never Give Up,oe:team:b42d0f31f2727621b963042276817c4,oe:team:73f3126d91d35faa5d5ce34abadb865,7.12,,2,LPL/2017 Season/Summer Season_Week 3_10_2,0,0
2017,Rift Rivals 2017/GPL-LJL-OPL,RR,2017-07-03 07:19:00,GIGABYTE Marines,Dire Wolves,oe:team:9cae7677cd0dbcc1cd86653870b73c2,oe:team:cd6e0eea04af23b9c0735dab41a9941,7.12,,1,Rift Rivals 2017/GPL-LJL-OPL_Day 1_1_1,0,0
2017,Rift Rivals 2017/GPL-LJL-OPL,RR,2017-07-03 11:08:00,Dire Wolves,Rampage,oe:team:cd6e0eea04af23b9c0735dab41a9941,oe:team:a9744fc5b0ca952b17ef07c0aa99602,7.12,,1,Rift Rivals 2017/GPL-LJL-OPL_Day 1_4_1,0,0
2017,Rift Rivals 2017/GPL-LJL-OPL,RR,2017-07-04 08:42:00,Rampage,GIGABYTE Marines,oe:team:a9744fc5b0ca952b17ef07c0aa99602,oe:team:9cae7677cd0dbcc1cd86653870b73c2,7.12,,1,Rift Rivals 2017/GPL-LJL-OPL_Day 2_2_1,0,0
2017,Rift Rivals 2017/GPL-LJL-OPL,RR,2017-07-05 09:53:00,Sin Gaming,GIGABYTE Marines,oe:team:7aebbd262ba4e37525795a0e0846ca0,oe:team:9cae7677cd0dbcc1cd86653870b73c2,7.12,,2,Rift Rivals 2017/GPL-LJL-OPL_Semifinals_3_1,0,0
2017,Rift Rivals 2017/GPL-LJL-OPL,RR,2017-07-05 10:56:00,GIGABYTE Marines,Legacy Esports,oe:team:9cae7677cd0dbcc1cd86653870b73c2,oe:team:4f5a0b869cd5960c307d1c45e9399a3,7.12,,1,Rift Rivals 2017/GPL-LJL-OPL_Semifinals_4_1,0,0
2017,Rift Rivals 2017/GPL-LJL-OPL,RR,2017-07-05 11:48:00,Dire Wolves,GIGABYTE Marines,oe:team:cd6e0eea04af23b9c0735dab41a9941,oe:team:9cae7677cd0dbcc1cd86653870b73c2,7.12,,2,Rift Rivals 2017/GPL-LJL-OPL_Semifinals_5_1,0,0
2017,Rift Rivals 2017/NA-EU,RR,2017-07-05 14:33:00,G2 Esports,TSM,oe:team:7d6673d3a9d00363c6bebc1a630da6e,oe:team:a22510a4756fa424cb0771b13261139,7.13,,2,Rift Rivals 2017/NA-EU_Day 1_1_1,0,0
2017,Rift Rivals 2017/NA-EU,RR,2017-07-05 15:55:00,Fnatic,Phoenix1,oe:team:78f183fa5a7d8ecb22b9ad272c3abd7,oe:team:4eb0013695b2543e1f1a5efe013d978,7.13,,1,Rift Rivals 2017/NA-EU_Day 1_2_1,0,0
2017,Rift Rivals 2017/NA-EU,RR,2017-07-05 17:03:00,G2 Esports,Cloud9,oe:team:7d6673d3a9d00363c6bebc1a630da6e,oe:team:fc8e90107dabb9a35c490b0d86adea0,7.13,,1,Rift Rivals 2017/NA-EU_Day 1_3_1,0,0
2017,Rift Rivals 2017/NA-EU,RR,2017-07-05 19:16:00,Fnatic,Cloud9,oe:team:78f183fa5a7d8ecb22b9ad272c3abd7,oe:team:fc8e90107dabb9a35c490b0d86adea0,7.13,,2,Rift Rivals 2017/NA-EU_Day 1_5_1,0,0
2017,Rift Rivals 2017/LLN-CLS-CBLOL,RR,2017-07-05 19:48:00,Lyon Gaming (2013 Latin American Team),Isurus,oe:team:d996d27c1737a1f7494fc09d6911339,oe:team:5737b101780a9835142549164be1ac4,7.12,,1,Rift Rivals 2017/LLN-CLS-CBLOL_Day 1_1_1,0,0
2017,Rift Rivals 2017/NA-EU,RR,2017-07-05 20:11:00,TSM,Unicorns of Love,oe:team:a22510a4756fa424cb0771b13261139,oe:team:142fd4ee188f60dc0549cdca7610e55,7.13,,1,Rift Rivals 2017/NA-EU_Day 1_6_1,0,0
2017,Rift Rivals 2017/LLN-CLS-CBLOL,RR,2017-07-06 00:31:00,Lyon Gaming (2013 Latin American Team),Keyd Stars,oe:team:d996d27c1737a1f7494fc09d6911339,oe:team:2ac91e85ddcfa4e5c6ec6c9b5d3f3f0,7.12,,2,Rift Rivals 2017/LLN-CLS-CBLOL_Day 1_5_1,0,0
2017,Rift Rivals 2017/LCK-LPL-LMS,RR,2017-07-06 05:46:00,J Team,Samsung Galaxy,oe:team:b41d715b166da7092724123264e4560,oe:team:3b84bb916852d07609c83d1ce91c1a9,7.12,,2,Rift Rivals 2017/LCK-LPL-LMS_Day 1_1_1,0,0
2017,Rift Rivals 2017/LCK-LPL-LMS,RR,2017-07-06 09:24:00,Samsung Galaxy,EDward Gaming,oe:team:3b84bb916852d07609c83d1ce91c1a9,oe:team:056c3140a119e44a03d462e2c832f27,7.12,,1,Rift Rivals 2017/LCK-LPL-LMS_Day 1_3_1,0,0
2017,Rift Rivals 2017/GPL-LJL-OPL,RR,2017-07-06 09:44:00,Rampage,GIGABYTE Marines,oe:team:a9744fc5b0ca952b17ef07c0aa99602,oe:team:9cae7677cd0dbcc1cd86653870b73c2,7.12,,2,Rift Rivals 2017/GPL-LJL-OPL_Finals_3_1,0,0
2017,Rift Rivals 2017/GPL-LJL-OPL,RR,2017-07-06 11:03:00,GIGABYTE Marines,Rampage,oe:team:9cae7677cd0dbcc1cd86653870b73c2,oe:team:a9744fc5b0ca952b17ef07c0aa99602,7.12,,2,Rift Rivals 2017/GPL-LJL-OPL_Finals_4_1,0,0
2017,Rift Rivals 2017/LCK-LPL-LMS,RR,2017-07-06 11:37:00,Royal Never Give Up,ahq eSports Club,oe:team:73f3126d91d35faa5d5ce34abadb865,oe:team:d15303823a1dccff9f3068fb357e356,7.12,,1,Rift Rivals 2017/LCK-LPL-LMS_Day 1_5_1,0,0
2017,Rift Rivals 2017/LCK-LPL-LMS,RR,2017-07-06 12:43:00,SK Telecom T1,Flash Wolves,oe:team:3354e252e33ed55fd8fa14595ca1564,oe:team:7cd8dc1c987b84b99e3d246d1943c92,7.12,,1,Rift Rivals 2017/LCK-LPL-LMS_Day 1_6_1,0,0
2017,Rift Rivals 2017/NA-EU,RR,2017-07-06 13:33:00,Unicorns of Love,Cloud9,oe:team:142fd4ee188f60dc0549cdca7610e55,oe:team:fc8e90107dabb9a35c490b0d86adea0,7.13,,1,Rift Rivals 2017/NA-EU_Day 2_1_1,0,0
2017,Rift Rivals 2017/LCL-TCL,RR,2017-07-06 14:32:00,M19,Fenerbahçe Esports,oe:team:c7ad88feac64b5b6cca8f234b392862,oe:team:418c28593a78b57ef74e47d0c18640a,7.12,,2,Rift Rivals 2017/LCL-TCL_Day 1_3_1,0,0
2017,Rift Rivals 2017/NA-EU,RR,2017-07-06 15:51:00,G2 Esports,Phoenix1,oe:team:7d6673d3a9d00363c6bebc1a630da6e,oe:team:4eb0013695b2543e1f1a5efe013d978,7.13,,2,Rift Rivals 2017/NA-EU_Day 2_2_1,0,0
2017,Rift Rivals 2017/LCL-TCL,RR,2017-07-06 16:29:00,Fenerbahçe Esports,Vaevictis eSports,oe:team:418c28593a78b57ef74e47d0c18640a,oe:team:d80359db3f21194a58b02a3c7362695,7.12,,1,Rift Rivals 2017/LCL-TCL_Day 1_5_1,0,0
2017,Rift Rivals 2017/NA-EU,RR,2017-07-06 16:49:00,TSM,Fnatic,oe:team:a22510a4756fa424cb0771b13261139,oe:team:78f183fa5a7d8ecb22b9ad272c3abd7,7.13,,1,Rift Rivals 2017/NA-EU_Day 2_3_1,0,0
2017,Rift Rivals 2017/NA-EU,RR,2017-07-06 17:48:00,G2 Esports,Cloud9,oe:team:7d6673d3a9d00363c6bebc1a630da6e,oe:team:fc8e90107dabb9a35c490b0d86adea0,7.13,,2,Rift Rivals 2017/NA-EU_Day 2_4_1,0,0
2017,Rift Rivals 2017/NA-EU,RR,2017-07-06 18:57:00,Phoenix1,Fnatic,oe:team:4eb0013695b2543e1f1a5efe013d978,oe:team:78f183fa5a7d8ecb22b9ad272c3abd7,7.13,,2,Rift Rivals 2017/NA-EU_Day 2_5_1,0,0
2017,Rift Rivals 2017/NA-EU,RR,2017-07-06 19:57:00,TSM,Unicorns of Love,oe:team:a22510a4756fa424cb0771b13261139,oe:team:142fd4ee188f60dc0549cdca7610e55,7.13,,2,Rift Rivals 2017/NA-EU_Day 2_6_1,0,0
2017,Rift Rivals 2017/LLN-CLS-CBLOL,RR,2017-07-06 22:29:00,Furious Gaming,Lyon Gaming (2013 Latin American Team),oe:team:6414602bd3443e9f8c3aae5c73bbc5a,oe:team:d996d27c1737a1f7494fc09d6911339,7.12,,2,Rift Rivals 2017/LLN-CLS-CBLOL_Day 2_3_1,0,0
2017,Rift Rivals 2017/LLN-CLS-CBLOL,RR,2017-07-07 00:39:00,RED Canids,Lyon Gaming (2013 Latin American Team),oe:team:67169969ecc058b307edfa9c6b7a3c0,oe:team:d996d27c1737a1f7494fc09d6911339,7.12,,1,Rift Rivals 2017/LLN-CLS-CBLOL_Day 2_5_1,0,0
2017,Rift Rivals 2017/LCK-LPL-LMS,RR,2017-07-07 07:11:00,Royal Never Give Up,KT Rolster,oe:team:73f3126d91d35faa5d5ce34abadb865,oe:team:d723992568441c6bafa2658129eade7,7.12,,2,Rift Rivals 2017/LCK-LPL-LMS_Day 2_2_1,0,0
2017,Rift Rivals 2017/LCK-LPL-LMS,RR,2017-07-07 08:22:00,J Team,EDward Gaming,oe:team:b41d715b166da7092724123264e4560,oe:team:056c3140a119e44a03d462e2c832f27,7.12,,1,Rift Rivals 2017/LCK-LPL-LMS_Day 2_3_1,0,0
2017,Rift Rivals 2017/LCK-LPL-LMS,RR,2017-07-07 09:23:00,Flash Wolves,Team WE,oe:team:7cd8dc1c987b84b99e3d246d1943c92,oe:team:62c1cd9465dc63824593ee5046f5aa8,7.12,,1,Rift Rivals 2017/LCK-LPL-LMS_Day 2_4_1,0,0
2017,Rift Rivals 2017/LCK-LPL-LMS,RR,2017-07-07 10:33:00,KT Rolster,ahq eSports Club,oe:team:d723992568441c6bafa2658129eade7,oe:team:d15303823a1dccff9f3068fb357e356,7.12,,2,Rift Rivals 2017/LCK-LPL-LMS_Day 2_5_1,0,0
2017,Rift Rivals 2017/LCK-LPL-LMS,RR,2017-07-07 11:47:00,Team WE,SK Telecom T1,oe:team:62c1cd9465dc63824593ee5046f5aa8,oe:team:3354e252e33ed55fd8fa14595ca1564,7.12,,2,Rift Rivals 2017/LCK-LPL-LMS_Day 2_6_1,0,0
2017,Rift Rivals 2017/NA-EU,RR,2017-07-07 13:47:00,G2 Esports,Phoenix1,oe:team:7d6673d3a9d00363c6bebc1a630da6e,oe:team:4eb0013695b2543e1f1a5efe013d978,7.13,,2,Rift Rivals 2017/NA-EU_Day 3_1_1,0,0
2017,Rift Rivals 2017/LCL-TCL,RR,2017-07-07 15:26:00,Fenerbahçe Esports,Vega Squadron,oe:team:418c28593a78b57ef74e47d0c18640a,oe:team:95fa2bbc5eb242e7c3243c3467e32f3,7.12,,1,Rift Rivals 2017/LCL-TCL_Day 2_4_1,0,0
2017,Rift Rivals 2017/NA-EU,RR,2017-07-07 16:05:00,Unicorns of Love,Cloud9,oe:team:142fd4ee188f60dc0549cdca7610e55,oe:team:fc8e90107dabb9a35c490b0d86adea0,7.13,,1,Rift Rivals 2017/NA-EU_Day 3_2_1,0,0
2017,Rift Rivals 2017/NA-EU,RR,2017-07-07 17:08:00,Fnatic,TSM,oe:team:78f183fa5a7d8ecb22b9ad272c3abd7,oe:team:a22510a4756fa424cb0771b13261139,7.13,,2,Rift Rivals 2017/NA-EU_Day 3_3_1,0,0
2017,Rift Rivals 2017/NA-EU,RR,2017-07-07 19:06:00,Fnatic,Cloud9,oe:team:78f183fa5a7d8ecb22b9ad272c3abd7,oe:team:fc8e90107dabb9a35c490b0d86adea0,7.13,,2,Rift Rivals 2017/NA-EU_Day 3_5_1,0,0
2017,Rift Rivals 2017/LLN-CLS-CBLOL,RR,2017-07-07 19:51:00,Keyd Stars,Lyon Gaming (2013 Latin American Team),oe:team:2ac91e85ddcfa4e5c6ec6c9b5d3f3f0,oe:team:d996d27c1737a1f7494fc09d6911339,7.12,,2,Rift Rivals 2017/LLN-CLS-CBLOL_Semifinals_1_1,0,0
2017,Rift Rivals 2017/NA-EU,RR,2017-07-07 19:58:00,TSM,G2 Esports,oe:team:a22510a4756fa424cb0771b13261139,oe:team:7d6673d3a9d00363c6bebc1a630da6e,7.13,,1,Rift Rivals 2017/NA-EU_Day 3_6_1,0,0
2017,Rift Rivals 2017/LLN-CLS-CBLOL,RR,2017-07-07 23:08:00,Lyon Gaming (2013 Latin American Team),RED Canids,oe:team:d996d27c1737a1f7494fc09d6911339,oe:team:67169969ecc058b307edfa9c6b7a3c0,7.12,,1,Rift Rivals 2017/LLN-CLS-CBLOL_Semifinals_4_1,0,0
2017,Rift Rivals 2017/LLN-CLS-CBLOL,RR,2017-07-08 00:16:00,Keyd Stars,Lyon Gaming (2013 Latin American Team),oe:team:2ac91e85ddcfa4e5c6ec6c9b5d3f3f0,oe:team:d996d27c1737a1f7494fc09d6911339,7.12,,1,Rift Rivals 2017/LLN-CLS-CBLOL_Semifinals_5_1,0,0
2017,Rift Rivals 2017/LCK-LPL-LMS,RR,2017-07-08 06:57:00,J Team,Team WE,oe:team:b41d715b166da7092724123264e4560,oe:team:62c1cd9465dc63824593ee5046f5aa8,7.12,,2,Rift Rivals 2017/LCK-LPL-LMS_Semifinals_1_1,0,0
2017,Rift Rivals 2017/LCK-LPL-LMS,RR,2017-07-08 09:09:00,Oh My God,Flash Wolves,oe:team:f4c4528c6981e104a11ea7548630c23,oe:team:7cd8dc1c987b84b99e3d246d1943c92,7.12,,2,Rift Rivals 2017/LCK-LPL-LMS_Semifinals_2_1,0,0
2017,Rift Rivals 2017/LCK-LPL-LMS,RR,2017-07-08 10:17:00,ahq eSports Club,EDward Gaming,oe:team:d15303823a1dccff9f3068fb357e356,oe:team:056c3140a119e44a03d462e2c832f27,7.12,,1,Rift Rivals 2017/LCK-LPL-LMS_Semifinals_3_1,0,0
2017,Rift Rivals 2017/LCK-LPL-LMS,RR,2017-07-08 11:49:00,Royal Never Give Up,Machi Esports,oe:team:73f3126d91d35faa5d5ce34abadb865,oe:team:274c62a6d7e34e0e66e5f267a39d5f7,7.12,,1,Rift Rivals 2017/LCK-LPL-LMS_Semifinals_4_1,0,0
2017,Rift Rivals 2017/LCK-LPL-LMS,RR,2017-07-08 12:49:00,Flash Wolves,Team WE,oe:team:7cd8dc1c987b84b99e3d246d1943c92,oe:team:62c1cd9465dc63824593ee5046f5aa8,7.12,,2,Rift Rivals 2017/LCK-LPL-LMS_Semifinals_5_1,0,0
2017,Rift Rivals 2017/LCL-TCL,RR,2017-07-08 13:39:00,Virtus.pro,Fenerbahçe Esports,oe:team:cd17656e0072109bd90f948b279e01e,oe:team:418c28593a78b57ef74e47d0c18640a,7.12,,2,Rift Rivals 2017/LCL-TCL_Day 3_4_1,0,0
2017,Rift Rivals 2017/NA-EU,RR,2017-07-08 15:31:00,Unicorns of Love,TSM,oe:team:142fd4ee188f60dc0549cdca7610e55,oe:team:a22510a4756fa424cb0771b13261139,7.13,,2,Rift Rivals 2017/NA-EU_Finals_1_1,0,0
2017,Rift Rivals 2017/NA-EU,RR,2017-07-08 16:49:00,Unicorns of Love,TSM,oe:team:142fd4ee188f60dc0549cdca7610e55,oe:team:a22510a4756fa424cb0771b13261139,7.13,,2,Rift Rivals 2017/NA-EU_Finals_1_2,0,0
2017,Rift Rivals 2017/NA-EU,RR,2017-07-08 17:37:00,Unicorns of Love,TSM,oe:team:142fd4ee188f60dc0549cdca7610e55,oe:team:a22510a4756fa424cb0771b13261139,7.13,,2,Rift Rivals 2017/NA-EU_Finals_1_3,0,0
2017,Rift Rivals 2017/LCK-LPL-LMS,RR,2017-07-09 06:55:00,Samsung Galaxy,EDward Gaming,oe:team:3b84bb916852d07609c83d1ce91c1a9,oe:team:056c3140a119e44a03d462e2c832f27,7.12,,2,Rift Rivals 2017/LCK-LPL-LMS_Finals_1_1,0,0
2017,Rift Rivals 2017/LCK-LPL-LMS,RR,2017-07-09 09:21:00,Team WE,SK Telecom T1,oe:team:62c1cd9465dc63824593ee5046f5aa8,oe:team:3354e252e33ed55fd8fa14595ca1564,7.12,,1,Rift Rivals 2017/LCK-LPL-LMS_Finals_2_1,0,0
2017,Rift Rivals 2017/LCK-LPL-LMS,RR,2017-07-09 11:36:00,Royal Never Give Up,MVP,oe:team:73f3126d91d35faa5d5ce34abadb865,oe:team:21d5096acdfc62efed68418399ca291,7.12,,1,Rift Rivals 2017/LCK-LPL-LMS_Finals_4_1,0,0
2017,Rift Rivals 2017/LCL-TCL,RR,2017-07-09 12:52:00,Fenerbahçe Esports,Vega Squadron,oe:team:418c28593a78b57ef74e47d0c18640a,oe:team:95fa2bbc5eb242e7c3243c3467e32f3,7.12,,1,Rift Rivals 2017/LCL-TCL_Finals_1_1,0,0
2017,Rift Rivals 2017/LCL-TCL,RR,2017-07-09 13:49:00,Vega Squadron,Fenerbahçe Esports,oe:team:95fa2bbc5eb242e7c3243c3467e32f3,oe:team:418c28593a78b57ef74e47d0c18640a,7.12,,2,Rift Rivals 2017/LCL-TCL_Finals_1_2,0,0
2017,Rift Rivals 2017/LCL-TCL,RR,2017-07-09 14:39:00,Fenerbahçe Esports,Vega Squadron,oe:team:418c28593a78b57ef74e47d0c18640a,oe:team:95fa2bbc5eb242e7c3243c3467e32f3,7.12,,1,Rift Rivals 2017/LCL-TCL_Finals_1_3,0,0
2017,LPL/2017 Season/Summer Season,LPL,2017-08-12 10:21:00,Oh My God,Royal Never Give Up,oe:team:f4c4528c6981e104a11ea7548630c23,oe:team:73f3126d91d35faa5d5ce34abadb865,7.15,,2,LPL/2017 Season/Summer Season_Week 9_7_1,0,0
2017,LPL/2017 Season/Summer Season,LPL,2017-08-12 11:22:00,Royal Never Give Up,Oh My God,oe:team:73f3126d91d35faa5d5ce34abadb865,oe:team:f4c4528c6981e104a11ea7548630c23,7.15,,2,LPL/2017 Season/Summer Season_Week 9_7_2,0,0
2017,LPL/2017 Season/Summer Season,LPL,2017-08-12 12:00:00,Oh My God,Royal Never Give Up,oe:team:f4c4528c6981e104a11ea7548630c23,oe:team:73f3126d91d35faa5d5ce34abadb865,7.15,,2,LPL/2017 Season/Summer Season_Week 9_7_3,0,0
2017,LPL/2017 Season/Summer Season,LPL,2017-08-13 06:18:00,DAN Gaming,Team WE,oe:team:c52f1f25b322f34e191a3d0edb5d88d,oe:team:62c1cd9465dc63824593ee5046f5aa8,7.15,,2,LPL/2017 Season/Summer Season_Week 9_8_1,0,0
2017,LPL/2017 Season/Summer Season,LPL,2017-08-13 07:05:00,Team WE,DAN Gaming,oe:team:62c1cd9465dc63824593ee5046f5aa8,oe:team:c52f1f25b322f34e191a3d0edb5d88d,7.15,,1,LPL/2017 Season/Summer Season_Week 9_8_2,0,0
2017,LPL/2017 Season/Summer Season,LPL,2017-08-13 10:00:00,Snake Esports,EDward Gaming,oe:team:c1dea751bdd62128fe179344fceb5b2,oe:team:056c3140a119e44a03d462e2c832f27,7.15,,2,LPL/2017 Season/Summer Season_Week 9_10_1,0,0
2017,LPL/2017 Season/Summer Season,LPL,2017-08-13 12:03:00,Snake Esports,EDward Gaming,oe:team:c1dea751bdd62128fe179344fceb5b2,oe:team:056c3140a119e44a03d462e2c832f27,7.15,,1,LPL/2017 Season/Summer Season_Week 9_10_2,0,0
2017,LPL/2017 Season/Summer Season,LPL,2017-08-13 12:52:00,Snake Esports,EDward Gaming,oe:team:c1dea751bdd62128fe179344fceb5b2,oe:team:056c3140a119e44a03d462e2c832f27,7.15,,2,LPL/2017 Season/Summer Season_Week 9_10_3,0,0
2017,LPL/2017 Season/Summer Season,LPL,2017-08-19 08:55:00,Team WE,EDward Gaming,oe:team:62c1cd9465dc63824593ee5046f5aa8,oe:team:056c3140a119e44a03d462e2c832f27,7.15,,1,LPL/2017 Season/Summer Season_Week 10_6_1,0,0
2017,LPL/2017 Season/Summer Season,LPL,2017-08-19 09:47:00,Team WE,EDward Gaming,oe:team:62c1cd9465dc63824593ee5046f5aa8,oe:team:056c3140a119e44a03d462e2c832f27,7.15,,2,LPL/2017 Season/Summer Season_Week 10_6_2,0,0
2017,LPL/2017 Season/Summer Season,LPL,2017-08-19 10:34:00,Team WE,EDward Gaming,oe:team:62c1cd9465dc63824593ee5046f5aa8,oe:team:056c3140a119e44a03d462e2c832f27,7.15,,1,LPL/2017 Season/Summer Season_Week 10_6_3,0,0
2017,LPL/2017 Season/Summer Season,LPL,2017-08-20 10:58:00,Newbee,Royal Never Give Up,oe:team:7e76012fb69f9e19b2dc690dde98ac1,oe:team:73f3126d91d35faa5d5ce34abadb865,7.15,,2,LPL/2017 Season/Summer Season_Week 10_10_1,0,0
2017,LPL/2017 Season/Summer Season,LPL,2017-08-20 11:53:00,Newbee,Royal Never Give Up,oe:team:7e76012fb69f9e19b2dc690dde98ac1,oe:team:73f3126d91d35faa5d5ce34abadb865,7.15,,2,LPL/2017 Season/Summer Season_Week 10_10_2,0,0
2017,LPL/2017 Season/Summer Playoffs,LPL,2017-08-23 10:12:00,Newbee,Team WE,oe:team:7e76012fb69f9e19b2dc690dde98ac1,oe:team:62c1cd9465dc63824593ee5046f5aa8,7.16,,2,LPL/2017 Season/Summer Playoffs_Quarterfinals_2_1,0,0
2017,LPL/2017 Season/Summer Playoffs,LPL,2017-08-23 11:10:00,Team WE,Newbee,oe:team:62c1cd9465dc63824593ee5046f5aa8,oe:team:7e76012fb69f9e19b2dc690dde98ac1,7.16,,1,LPL/2017 Season/Summer Playoffs_Quarterfinals_2_2,0,0
2017,LPL/2017 Season/Summer Playoffs,LPL,2017-08-23 12:07:00,Team WE,Newbee,oe:team:62c1cd9465dc63824593ee5046f5aa8,oe:team:7e76012fb69f9e19b2dc690dde98ac1,7.16,,1,LPL/2017 Season/Summer Playoffs_Quarterfinals_2_3,0,0
2017,LPL/2017 Season/Summer Playoffs,LPL,2017-08-25 06:17:00,EDward Gaming,Invictus Gaming,oe:team:056c3140a119e44a03d462e2c832f27,oe:team:53a258f289c26d94431c0496a54e151,7.16,,1,LPL/2017 Season/Summer Playoffs_Semifinals_1_1,0,0
2017,LPL/2017 Season/Summer Playoffs,LPL,2017-08-25 07:13:00,EDward Gaming,Invictus Gaming,oe:team:056c3140a119e44a03d462e2c832f27,oe:team:53a258f289c26d94431c0496a54e151,7.16,,2,LPL/2017 Season/Summer Playoffs_Semifinals_1_2,0,0
2017,LPL/2017 Season/Summer Playoffs,LPL,2017-08-25 08:03:00,EDward Gaming,Invictus Gaming,oe:team:056c3140a119e44a03d462e2c832f27,oe:team:53a258f289c26d94431c0496a54e151,7.16,,1,LPL/2017 Season/Summer Playoffs_Semifinals_1_3,0,0
2017,LPL/2017 Season/Summer Playoffs,LPL,2017-08-25 08:52:00,Invictus Gaming,EDward Gaming,oe:team:53a258f289c26d94431c0496a54e151,oe:team:056c3140a119e44a03d462e2c832f27,7.16,,1,LPL/2017 Season/Summer Playoffs_Semifinals_1_4,0,0
2017,LPL/2017 Season/Summer Playoffs,LPL,2017-08-25 09:34:00,EDward Gaming,Invictus Gaming,oe:team:056c3140a119e44a03d462e2c832f27,oe:team:53a258f289c26d94431c0496a54e151,7.16,,1,LPL/2017 Season/Summer Playoffs_Semifinals_1_5,0,0
2017,LPL/2017 Season/Summer Playoffs,LPL,2017-08-25 10:45:00,Team WE,Royal Never Give Up,oe:team:62c1cd9465dc63824593ee5046f5aa8,oe:team:73f3126d91d35faa5d5ce34abadb865,7.16,,1,LPL/2017 Season/Summer Playoffs_Semifinals_2_1,0,0
2017,LPL/2017 Season/Summer Playoffs,LPL,2017-08-25 11:32:00,Team WE,Royal Never Give Up,oe:team:62c1cd9465dc63824593ee5046f5aa8,oe:team:73f3126d91d35faa5d5ce34abadb865,7.16,,2,LPL/2017 Season/Summer Playoffs_Semifinals_2_2,0,0
2017,LPL/2017 Season/Summer Playoffs,LPL,2017-08-25 12:26:00,Royal Never Give Up,Team WE,oe:team:73f3126d91d35faa5d5ce34abadb865,oe:team:62c1cd9465dc63824593ee5046f5aa8,7.16,,2,LPL/2017 Season/Summer Playoffs_Semifinals_2_3,0,0
2017,LPL/2017 Season/Summer Playoffs,LPL,2017-08-25 13:07:00,Royal Never Give Up,Team WE,oe:team:73f3126d91d35faa5d5ce34abadb865,oe:team:62c1cd9465dc63824593ee5046f5aa8,7.16,,1,LPL/2017 Season/Summer Playoffs_Semifinals_2_4,0,0
2017,LPL/2017 Season/Summer Playoffs,LPL,2017-08-25 13:54:00,Royal Never Give Up,Team WE,oe:team:73f3126d91d35faa5d5ce34abadb865,oe:team:62c1cd9465dc63824593ee5046f5aa8,7.16,,1,LPL/2017 Season/Summer Playoffs_Semifinals_2_5,0,0
2017,LPL/2017 Season/Summer Playoffs,LPL,2017-08-26 08:18:00,Team WE,Invictus Gaming,oe:team:62c1cd9465dc63824593ee5046f5aa8,oe:team:53a258f289c26d94431c0496a54e151,7.16,,2,LPL/2017 Season/Summer Playoffs_Third-Place Match_1_1,0,0
2017,LPL/2017 Season/Summer Playoffs,LPL,2017-08-26 09:03:00,Team WE,Invictus Gaming,oe:team:62c1cd9465dc63824593ee5046f5aa8,oe:team:53a258f289c26d94431c0496a54e151,7.16,,1,LPL/2017 Season/Summer Playoffs_Third-Place Match_1_2,0,0
2017,LPL/2017 Season/Summer Playoffs,LPL,2017-08-26 09:58:00,Team WE,Invictus Gaming,oe:team:62c1cd9465dc63824593ee5046f5aa8,oe:team:53a258f289c26d94431c0496a54e151,7.16,,1,LPL/2017 Season/Summer Playoffs_Third-Place Match_1_3,0,0
2017,LPL/2017 Season/Summer Playoffs,LPL,2017-08-26 11:02:00,Invictus Gaming,Team WE,oe:team:53a258f289c26d94431c0496a54e151,oe:team:62c1cd9465dc63824593ee5046f5aa8,7.16,,1,LPL/2017 Season/Summer Playoffs_Third-Place Match_1_4,0,0
2017,LPL/2017 Season/Summer Playoffs,LPL,2017-08-26 11:54:00,Team WE,Invictus Gaming,oe:team:62c1cd9465dc63824593ee5046f5aa8,oe:team:53a258f289c26d94431c0496a54e151,7.16,,2,LPL/2017 Season/Summer Playoffs_Third-Place Match_1_5,0,0
2017,LPL/2017 Season/Summer Playoffs,LPL,2017-09-01 07:39:00,EDward Gaming,Royal Never Give Up,oe:team:056c3140a119e44a03d462e2c832f27,oe:team:73f3126d91d35faa5d5ce34abadb865,7.16,,2,LPL/2017 Season/Summer Playoffs_Finals_1_1,0,0
2017,LPL/2017 Season/Summer Playoffs,LPL,2017-09-01 08:52:00,EDward Gaming,Royal Never Give Up,oe:team:056c3140a119e44a03d462e2c832f27,oe:team:73f3126d91d35faa5d5ce34abadb865,7.16,,2,LPL/2017 Season/Summer Playoffs_Finals_1_2,0,0
2017,LPL/2017 Season/Summer Playoffs,LPL,2017-09-01 10:02:00,Royal Never Give Up,EDward Gaming,oe:team:73f3126d91d35faa5d5ce34abadb865,oe:team:056c3140a119e44a03d462e2c832f27,7.16,,2,LPL/2017 Season/Summer Playoffs_Finals_1_3,0,0
2017,LPL/2017 Season/Summer Playoffs,LPL,2017-09-01 11:10:00,Royal Never Give Up,EDward Gaming,oe:team:73f3126d91d35faa5d5ce34abadb865,oe:team:056c3140a119e44a03d462e2c832f27,7.16,,2,LPL/2017 Season/Summer Playoffs_Finals_1_4,0,0
2017,LPL/2017 Season/Summer Playoffs,LPL,2017-09-01 12:13:00,EDward Gaming,Royal Never Give Up,oe:team:056c3140a119e44a03d462e2c832f27,oe:team:73f3126d91d35faa5d5ce34abadb865,7.16,,1,LPL/2017 Season/Summer Playoffs_Finals_1_5,0,0
2017,LPL/2017 Season/Regional Finals,LPL,2017-09-03 06:32:00,Team WE,Invictus Gaming,oe:team:62c1cd9465dc63824593ee5046f5aa8,oe:team:53a258f289c26d94431c0496a54e151,7.16,,1,LPL/2017 Season/Regional Finals_Finals_1_1,0,0
2017,LPL/2017 Season/Regional Finals,LPL,2017-09-03 07:27:00,Team WE,Invictus Gaming,oe:team:62c1cd9465dc63824593ee5046f5aa8,oe:team:53a258f289c26d94431c0496a54e151,7.16,,2,LPL/2017 Season/Regional Finals_Finals_1_2,0,0
2017,LPL/2017 Season/Regional Finals,LPL,2017-09-03 08:37:00,Team WE,Invictus Gaming,oe:team:62c1cd9465dc63824593ee5046f5aa8,oe:team:53a258f289c26d94431c0496a54e151,7.16,,2,LPL/2017 Season/Regional Finals_Finals_1_3,0,0
2017,LPL/2017 Season/Regional Finals,LPL,2017-09-03 09:33:00,Team WE,Invictus Gaming,oe:team:62c1cd9465dc63824593ee5046f5aa8,oe:team:53a258f289c26d94431c0496a54e151,7.16,,1,LPL/2017 Season/Regional Finals_Finals_1_4,0,0
2017,LPL/2017 Season/Regional Finals,LPL,2017-09-03 10:33:00,Team WE,Invictus Gaming,oe:team:62c1cd9465dc63824593ee5046f5aa8,oe:team:53a258f289c26d94431c0496a54e151,7.16,,1,LPL/2017 Season/Regional Finals_Finals_1_5,0,0
2018,National Electronic Sports Tournament 2017,NEST,2017-11-17 03:00:00,Snake Esports,Invictus Gaming,oe:team:c1dea751bdd62128fe179344fceb5b2,oe:team:53a258f289c26d94431c0496a54e151,7.21,,2,National Electronic Sports Tournament 2017_Scoreboards_1_1,0,0
2018,National Electronic Sports Tournament 2017,NEST,2017-11-17 04:00:00,Invictus Gaming,Snake Esports,oe:team:53a258f289c26d94431c0496a54e151,oe:team:c1dea751bdd62128fe179344fceb5b2,7.21,,1,National Electronic Sports Tournament 2017_Scoreboards_1_2,0,0
2018,National Electronic Sports Tournament 2017,NEST,2017-11-18 11:30:00,Invictus Gaming,JD Gaming,oe:team:53a258f289c26d94431c0496a54e151,oe:team:b42d0f31f2727621b963042276817c4,7.21,,1,National Electronic Sports Tournament 2017_Scoreboards_3_1,0,0
2018,National Electronic Sports Tournament 2017,NEST,2017-11-18 12:30:00,JD Gaming,Invictus Gaming,oe:team:b42d0f31f2727621b963042276817c4,oe:team:53a258f289c26d94431c0496a54e151,7.21,,2,National Electronic Sports Tournament 2017_Scoreboards_3_2,0,0
2018,National Electronic Sports Tournament 2017,NEST,2017-11-19 10:30:00,Invictus Gaming,JD Gaming,oe:team:53a258f289c26d94431c0496a54e151,oe:team:b42d0f31f2727621b963042276817c4,7.21,,1,National Electronic Sports Tournament 2017_Scoreboards_6_1,0,0
2018,National Electronic Sports Tournament 2017,NEST,2017-11-19 11:30:00,JD Gaming,Invictus Gaming,oe:team:b42d0f31f2727621b963042276817c4,oe:team:53a258f289c26d94431c0496a54e151,7.21,,2,National Electronic Sports Tournament 2017_Scoreboards_6_2,0,0
2018,LPL/2018 Season/Spring Season,LPL,2018-02-23 13:21:00,Invictus Gaming,Oh My God,oe:team:53a258f289c26d94431c0496a54e151,oe:team:f4c4528c6981e104a11ea7548630c23,8.2,8.02,1,LPL/2018 Season/Spring Season_Week 4_8_2,2,1
2018,LMS/2018 Season/Spring Season,LMS,2018-03-30 13:30:00,Machi Esports,G-Rex,oe:team:274c62a6d7e34e0e66e5f267a39d5f7,oe:team:0b63f14fd7de22a26869bb1c76f87fc,8.5,8.05,2,LMS/2018 Season/Spring Season_Week 10_4_3,3,2
2018,Demacia Cup/2018 Summer,DCup,2018-06-01 09:50:00,EDward Gaming,Shadow Cream,oe:team:056c3140a119e44a03d462e2c832f27,oe:team:5bdae2e4b1f59b7a0d419c388f56036,8.10,8.10,1,Demacia Cup/2018 Summer_Round 2_4_2,3,2
2018,LPL/2018 Season/Summer Season,LPL,2018-06-11 09:30:00,Invictus Gaming,JD Gaming,oe:team:53a258f289c26d94431c0496a54e151,oe:team:b42d0f31f2727621b963042276817c4,8.11,8.11,1,LPL/2018 Season/Summer Season_Week 1_1_1,3,2
2018,LCL/2018 Season/Open Cup,LCL,2018-06-24 10:47:00,M19,Gambit Esports,oe:team:c7ad88feac64b5b6cca8f234b392862,oe:team:418bd4b8f699d70c4509d7f9c768a3a,8.12,,2,LCL/2018 Season/Open Cup_Group B_1_1,0,0
2018,LCL/2018 Season/Open Cup,LCL,2018-06-24 11:43:00,Gambit Esports,M19,oe:team:418bd4b8f699d70c4509d7f9c768a3a,oe:team:c7ad88feac64b5b6cca8f234b392862,8.12,,2,LCL/2018 Season/Open Cup_Group B_1_2,0,0
2018,LCL/2018 Season/Open Cup,LCL,2018-06-24 12:34:00,Gambit Esports,M19,oe:team:418bd4b8f699d70c4509d7f9c768a3a,oe:team:c7ad88feac64b5b6cca8f234b392862,8.12,,1,LCL/2018 Season/Open Cup_Group B_1_3,0,0
2018,LCL/2018 Season/Open Cup,LCL,2018-06-24 15:05:00,Gambit Esports,Dragon Army,oe:team:418bd4b8f699d70c4509d7f9c768a3a,oe:team:e8d370a0e90adebb0571ec096375906,8.12,,2,LCL/2018 Season/Open Cup_Group B_3_1,0,0
2018,LCL/2018 Season/Open Cup,LCL,2018-06-24 15:51:00,Dragon Army,Gambit Esports,oe:team:e8d370a0e90adebb0571ec096375906,oe:team:418bd4b8f699d70c4509d7f9c768a3a,8.12,,2,LCL/2018 Season/Open Cup_Group B_3_2,0,0
2018,LCL/2018 Season/Open Cup,LCL,2018-06-24 16:34:00,Gambit Esports,Dragon Army,oe:team:418bd4b8f699d70c4509d7f9c768a3a,oe:team:e8d370a0e90adebb0571ec096375906,8.12,,1,LCL/2018 Season/Open Cup_Group B_3_3,0,0
2018,LCL/2018 Season/Open Cup,LCL,2018-06-29 15:35:00,Gambit Esports,The Largest Salary,oe:team:418bd4b8f699d70c4509d7f9c768a3a,oe:team:c0ac296596eb3725646fb17916598aa,8.12,,1,LCL/2018 Season/Open Cup_Group B_4_1,0,0
2018,LCL/2018 Season/Open Cup,LCL,2018-06-29 16:27:00,The Largest Salary,Gambit Esports,oe:team:c0ac296596eb3725646fb17916598aa,oe:team:418bd4b8f699d70c4509d7f9c768a3a,8.12,,2,LCL/2018 Season/Open Cup_Group B_4_2,0,0
2018,Rift Rivals 2018/SEA-LJL-OPL,RR,2018-07-02 08:03:00,DetonatioN FocusMe,Chiefs Esports Club,oe:team:e435aa3ecb82a89e60544f5f5857a81,oe:team:692bccdba8ec7050f5aeb916815439e,8.13,,2,Rift Rivals 2018/SEA-LJL-OPL_Day 1_1_1,0,0
2018,Rift Rivals 2018/SEA-LJL-OPL,RR,2018-07-02 11:31:00,Kuala Lumpur Hunters,Dire Wolves,oe:team:ad9fce8cc6928691a352c901c980942,oe:team:cd6e0eea04af23b9c0735dab41a9941,8.13,,2,Rift Rivals 2018/SEA-LJL-OPL_Day 1_3_1,0,0
2018,Rift Rivals 2018/SEA-LJL-OPL,RR,2018-07-02 12:28:00,Ascension Gaming,PENTAGRAM,oe:team:6db10eb2b230fe5af5947ce5d46bc9a,oe:team:4493f5b2d1af75dcdcc93bbbdb8778c,8.13,,1,Rift Rivals 2018/SEA-LJL-OPL_Day 1_5_1,0,0
2018,Rift Rivals 2018/SEA-LJL-OPL,RR,2018-07-03 09:35:00,DetonatioN FocusMe,Dire Wolves,oe:team:e435aa3ecb82a89e60544f5f5857a81,oe:team:cd6e0eea04af23b9c0735dab41a9941,8.13,,2,Rift Rivals 2018/SEA-LJL-OPL_Day 2_3_1,0,0
2018,Rift Rivals 2018/SEA-LJL-OPL,RR,2018-07-03 11:34:00,Ascension Gaming,Dire Wolves,oe:team:6db10eb2b230fe5af5947ce5d46bc9a,oe:team:cd6e0eea04af23b9c0735dab41a9941,8.13,,2,Rift Rivals 2018/SEA-LJL-OPL_Day 2_5_1,0,0
2018,Rift Rivals 2018/SEA-LJL-OPL,RR,2018-07-04 07:39:00,Kuala Lumpur Hunters,DetonatioN FocusMe,oe:team:ad9fce8cc6928691a352c901c980942,oe:team:e435aa3ecb82a89e60544f5f5857a81,8.13,,2,Rift Rivals 2018/SEA-LJL-OPL_Day 3_1_1,0,0
2018,Rift Rivals 2018/SEA-LJL-OPL,RR,2018-07-04 08:47:00,Ascension Gaming,Chiefs Esports Club,oe:team:6db10eb2b230fe5af5947ce5d46bc9a,oe:team:692bccdba8ec7050f5aeb916815439e,8.13,,2,Rift Rivals 2018/SEA-LJL-OPL_Day 3_2_1,0,0
2018,Rift Rivals 2018/SEA-LJL-OPL,RR,2018-07-04 10:39:00,Ascension Gaming,DetonatioN FocusMe,oe:team:6db10eb2b230fe5af5947ce5d46bc9a,oe:team:e435aa3ecb82a89e60544f5f5857a81,8.13,,2,Rift Rivals 2018/SEA-LJL-OPL_Day 3_4_1,0,0
2018,Rift Rivals 2018/SEA-LJL-OPL,RR,2018-07-04 11:26:00,Dire Wolves,PENTAGRAM,oe:team:cd6e0eea04af23b9c0735dab41a9941,oe:team:4493f5b2d1af75dcdcc93bbbdb8778c,8.13,,1,Rift Rivals 2018/SEA-LJL-OPL_Day 3_5_1,0,0
2018,Rift Rivals 2018/LCL-TCL-VCS,RR,2018-07-04 14:58:00,EVOS Esports,Gambit Esports,oe:team:1961f0a198997edc84b41b7da7f643d,oe:team:418bd4b8f699d70c4509d7f9c768a3a,8.13,,1,Rift Rivals 2018/LCL-TCL-VCS_Day 1_5_1,0,0
2018,Rift Rivals 2018/LLN-CLS-CBLOL,RR,2018-07-04 20:56:00,Kaos Latin Gamers,KaBuM! Esports,oe:team:c5b7f439779b465529ff283c53f41c0,oe:team:86e551648da70c86cb473ce5d5f26f7,8.13,,1,Rift Rivals 2018/LLN-CLS-CBLOL_Day 1_1_1,0,0
2018,Rift Rivals 2018/LLN-CLS-CBLOL,RR,2018-07-04 23:15:00,Vivo Keyd,INFINITY,oe:team:2ac91e85ddcfa4e5c6ec6c9b5d3f3f0,oe:team:7e3dd5ff49e1a44784d225d2de40260,8.13,,2,Rift Rivals 2018/LLN-CLS-CBLOL_Day 1_3_1,0,0
2018,Rift Rivals 2018/LLN-CLS-CBLOL,RR,2018-07-05 00:24:00,KaBuM! Esports,Rainbow7,oe:team:86e551648da70c86cb473ce5d5f26f7,oe:team:2cb996a4b0ffaca3bcf66fe91450243,8.13,,1,Rift Rivals 2018/LLN-CLS-CBLOL_Day 1_4_1,0,0
2018,Rift Rivals 2018/LLN-CLS-CBLOL,RR,2018-07-05 01:18:00,INFINITY,Kaos Latin Gamers,oe:team:7e3dd5ff49e1a44784d225d2de40260,oe:team:c5b7f439779b465529ff283c53f41c0,8.13,,1,Rift Rivals 2018/LLN-CLS-CBLOL_Day 1_5_1,0,0
2018,Rift Rivals 2018/SEA-LJL-OPL,RR,2018-07-05 07:06:00,Mineski,Dire Wolves,oe:team:66e08436a077c287777406c045d7b27,oe:team:cd6e0eea04af23b9c0735dab41a9941,8.13,,1,Rift Rivals 2018/SEA-LJL-OPL_Finals_1_1,0,0
2018,Rift Rivals 2018/LCK-LPL-LMS,RR,2018-07-05 07:34:00,Royal Never Give Up,Flash Wolves,oe:team:73f3126d91d35faa5d5ce34abadb865,oe:team:7cd8dc1c987b84b99e3d246d1943c92,8.13,,2,Rift Rivals 2018/LCK-LPL-LMS_Day 1_1_1,0,0
2018,Rift Rivals 2018/LCK-LPL-LMS,RR,2018-07-05 08:33:00,Machi Esports,Invictus Gaming,oe:team:274c62a6d7e34e0e66e5f267a39d5f7,oe:team:53a258f289c26d94431c0496a54e151,8.13,,2,Rift Rivals 2018/LCK-LPL-LMS_Day 1_2_1,0,0
2018,Rift Rivals 2018/SEA-LJL-OPL,RR,2018-07-05 08:52:00,Legacy Esports,Ascension Gaming,oe:team:4f5a0b869cd5960c307d1c45e9399a3,oe:team:6db10eb2b230fe5af5947ce5d46bc9a,8.13,,1,Rift Rivals 2018/SEA-LJL-OPL_Finals_2_1,0,0
2018,Rift Rivals 2018/LCK-LPL-LMS,RR,2018-07-05 09:28:00,Afreeca Freecs,EDward Gaming,oe:team:b3c72a20aa56f5d28022ac04a7dc294,oe:team:056c3140a119e44a03d462e2c832f27,8.13,,2,Rift Rivals 2018/LCK-LPL-LMS_Day 1_3_1,0,0
2018,Rift Rivals 2018/LCK-LPL-LMS,RR,2018-07-05 10:23:00,KT Rolster,MAD Team,oe:team:d723992568441c6bafa2658129eade7,oe:team:d17e6a2f130f0cf8dd071ce88d5b870,8.13,,1,Rift Rivals 2018/LCK-LPL-LMS_Day 1_4_1,0,0
2018,Rift Rivals 2018/LCL-TCL-VCS,RR,2018-07-05 10:27:00,Gambit Esports,SuperMassive Esports,oe:team:418bd4b8f699d70c4509d7f9c768a3a,oe:team:5203ff881d5c82c5f720eb3a2f3b44c,8.13,,1,Rift Rivals 2018/LCL-TCL-VCS_Day 2_1_1,0,0
2018,Rift Rivals 2018/LCK-LPL-LMS,RR,2018-07-05 12:21:00,KT Rolster,Rogue Warriors,oe:team:d723992568441c6bafa2658129eade7,oe:team:746be9a4c3793ab321bba257c450864,8.13,,1,Rift Rivals 2018/LCK-LPL-LMS_Day 1_6_1,0,0
2018,Rift Rivals 2018/LCL-TCL-VCS,RR,2018-07-05 14:39:00,SuperMassive Esports,EVOS Esports,oe:team:5203ff881d5c82c5f720eb3a2f3b44c,oe:team:1961f0a198997edc84b41b7da7f643d,8.13,,1,Rift Rivals 2018/LCL-TCL-VCS_Day 2_4_1,0,0
2018,Rift Rivals 2018/LCL-TCL-VCS,RR,2018-07-05 15:48:00,EVOS Esports,Gambit Esports,oe:team:1961f0a198997edc84b41b7da7f643d,oe:team:418bd4b8f699d70c4509d7f9c768a3a,8.13,,2,Rift Rivals 2018/LCL-TCL-VCS_Tiebreakers_1_1,0,0
2018,Rift Rivals 2018/LCL-TCL-VCS,RR,2018-07-05 17:03:00,Royal Bandits,Gambit Esports,oe:team:9a09ff82bcddf9b01cb51081074c0ae,oe:team:418bd4b8f699d70c4509d7f9c768a3a,8.13,,2,Rift Rivals 2018/LCL-TCL-VCS_Tiebreakers_2_1,0,0
2018,Rift Rivals 2018/NA-EU,RR,2018-07-05 20:34:00,Fnatic,Echo Fox,oe:team:78f183fa5a7d8ecb22b9ad272c3abd7,oe:team:8c6a9b88111f0f2ed8b5c6c5f42614d,8.13,,1,Rift Rivals 2018/NA-EU_Day 1_1_1,0,0
2018,Rift Rivals 2018/LLN-CLS-CBLOL,RR,2018-07-05 20:59:00,INFINITY,Rebirth eSports,oe:team:7e3dd5ff49e1a44784d225d2de40260,oe:team:5c116dedda7feae2f6ffc093f844ac6,8.13,,1,Rift Rivals 2018/LLN-CLS-CBLOL_Day 2_1_1,0,0
2018,Rift Rivals 2018/NA-EU,RR,2018-07-05 21:23:00,Team Liquid,Splyce,oe:team:8eb884e168f28402ce685bedebb5250,oe:team:3413ca4510110b5181f3e4b24d52719,8.13,,1,Rift Rivals 2018/NA-EU_Day 1_2_1,0,0
2018,Rift Rivals 2018/NA-EU,RR,2018-07-05 22:39:00,G2 Esports,100 Thieves,oe:team:7d6673d3a9d00363c6bebc1a630da6e,oe:team:4bd1751425ef6a9bc9d4d8e9385b4a6,8.13,,1,Rift Rivals 2018/NA-EU_Day 1_3_1,0,0
2018,Rift Rivals 2018/LLN-CLS-CBLOL,RR,2018-07-05 23:11:00,KaBuM! Esports,INFINITY,oe:team:86e551648da70c86cb473ce5d5f26f7,oe:team:7e3dd5ff49e1a44784d225d2de40260,8.13,,1,Rift Rivals 2018/LLN-CLS-CBLOL_Day 2_3_1,0,0
2018,Rift Rivals 2018/LLN-CLS-CBLOL,RR,2018-07-06 00:04:00,Kaos Latin Gamers,Vivo Keyd,oe:team:c5b7f439779b465529ff283c53f41c0,oe:team:2ac91e85ddcfa4e5c6ec6c9b5d3f3f0,8.13,,2,Rift Rivals 2018/LLN-CLS-CBLOL_Day 2_4_1,0,0
2018,Rift Rivals 2018/LLN-CLS-CBLOL,RR,2018-07-06 00:59:00,Rebirth eSports,KaBuM! Esports,oe:team:5c116dedda7feae2f6ffc093f844ac6,oe:team:86e551648da70c86cb473ce5d5f26f7,8.13,,1,Rift Rivals 2018/LLN-CLS-CBLOL_Day 2_5_1,0,0
2018,Rift Rivals 2018/LLN-CLS-CBLOL,RR,2018-07-06 01:56:00,Rainbow7,Kaos Latin Gamers,oe:team:2cb996a4b0ffaca3bcf66fe91450243,oe:team:c5b7f439779b465529ff283c53f41c0,8.13,,1,Rift Rivals 2018/LLN-CLS-CBLOL_Day 2_6_1,0,0
2018,Rift Rivals 2018/LCK-LPL-LMS,RR,2018-07-06 06:23:00,EDward Gaming,G-Rex,oe:team:056c3140a119e44a03d462e2c832f27,oe:team:0b63f14fd7de22a26869bb1c76f87fc,8.13,,1,Rift Rivals 2018/LCK-LPL-LMS_Day 2_1_1,0,0
2018,Rift Rivals 2018/LCK-LPL-LMS,RR,2018-07-06 07:17:00,Kingzone DragonX,Flash Wolves,oe:team:fce0c469080578fffd7034b5f2ff57d,oe:team:7cd8dc1c987b84b99e3d246d1943c92,8.13,,2,Rift Rivals 2018/LCK-LPL-LMS_Day 2_2_1,0,0
2018,Rift Rivals 2018/LCK-LPL-LMS,RR,2018-07-06 08:12:00,MAD Team,Rogue Warriors,oe:team:d17e6a2f130f0cf8dd071ce88d5b870,oe:team:746be9a4c3793ab321bba257c450864,8.13,,2,Rift Rivals 2018/LCK-LPL-LMS_Day 2_3_1,0,0
2018,Rift Rivals 2018/LCK-LPL-LMS,RR,2018-07-06 09:11:00,Invictus Gaming,SK Telecom T1,oe:team:53a258f289c26d94431c0496a54e151,oe:team:3354e252e33ed55fd8fa14595ca1564,8.13,,1,Rift Rivals 2018/LCK-LPL-LMS_Day 2_4_1,0,0
2018,Rift Rivals 2018/LCK-LPL-LMS,RR,2018-07-06 10:04:00,Afreeca Freecs,G-Rex,oe:team:b3c72a20aa56f5d28022ac04a7dc294,oe:team:0b63f14fd7de22a26869bb1c76f87fc,8.13,,1,Rift Rivals 2018/LCK-LPL-LMS_Day 2_5_1,0,0
2018,Rift Rivals 2018/LCK-LPL-LMS,RR,2018-07-06 10:56:00,Kingzone DragonX,Royal Never Give Up,oe:team:fce0c469080578fffd7034b5f2ff57d,oe:team:73f3126d91d35faa5d5ce34abadb865,8.13,,2,Rift Rivals 2018/LCK-LPL-LMS_Day 2_6_1,0,0
2018,Rift Rivals 2018/NA-EU,RR,2018-07-06 20:16:00,Team Liquid,Fnatic,oe:team:8eb884e168f28402ce685bedebb5250,oe:team:78f183fa5a7d8ecb22b9ad272c3abd7,8.13,,1,Rift Rivals 2018/NA-EU_Day 2_1_1,0,0
2018,Rift Rivals 2018/NA-EU,RR,2018-07-06 21:17:00,G2 Esports,Echo Fox,oe:team:7d6673d3a9d00363c6bebc1a630da6e,oe:team:8c6a9b88111f0f2ed8b5c6c5f42614d,8.13,,1,Rift Rivals 2018/NA-EU_Day 2_2_1,0,0
2018,Rift Rivals 2018/NA-EU,RR,2018-07-06 22:05:00,Fnatic,100 Thieves,oe:team:78f183fa5a7d8ecb22b9ad272c3abd7,oe:team:4bd1751425ef6a9bc9d4d8e9385b4a6,8.13,,1,Rift Rivals 2018/NA-EU_Day 2_3_1,0,0
2018,Rift Rivals 2018/NA-EU,RR,2018-07-06 22:57:00,Team Liquid,G2 Esports,oe:team:8eb884e168f28402ce685bedebb5250,oe:team:7d6673d3a9d00363c6bebc1a630da6e,8.13,,2,Rift Rivals 2018/NA-EU_Day 2_4_1,0,0
2018,Rift Rivals 2018/NA-EU,RR,2018-07-06 23:46:00,100 Thieves,Splyce,oe:team:4bd1751425ef6a9bc9d4d8e9385b4a6,oe:team:3413ca4510110b5181f3e4b24d52719,8.13,,1,Rift Rivals 2018/NA-EU_Day 2_5_1,0,0
2018,Rift Rivals 2018/LCK-LPL-LMS,RR,2018-07-07 09:06:00,SK Telecom T1,Flash Wolves,oe:team:3354e252e33ed55fd8fa14595ca1564,oe:team:7cd8dc1c987b84b99e3d246d1943c92,8.13,,1,Rift Rivals 2018/LCK-LPL-LMS_Semifinals_2_1,0,0
2018,Rift Rivals 2018/LCK-LPL-LMS,RR,2018-07-07 10:11:00,G-Rex,KT Rolster,oe:team:0b63f14fd7de22a26869bb1c76f87fc,oe:team:d723992568441c6bafa2658129eade7,8.13,,2,Rift Rivals 2018/LCK-LPL-LMS_Semifinals_3_1,0,0
2018,Rift Rivals 2018/LCL-TCL-VCS,RR,2018-07-07 11:57:00,Gambit Esports,YouthCrew Esports,oe:team:418bd4b8f699d70c4509d7f9c768a3a,oe:team:ea2a0b6a4dfccbe3c144dabb2bf99de,8.13,,1,Rift Rivals 2018/LCL-TCL-VCS_Finals_2_1,0,0
2018,Rift Rivals 2018/LCL-TCL-VCS,RR,2018-07-07 12:59:00,SuperMassive Esports,RoX (2014 CIS Team),oe:team:5203ff881d5c82c5f720eb3a2f3b44c,oe:team:d00921d1fc09960415443f591cb6160,8.13,,1,Rift Rivals 2018/LCL-TCL-VCS_Finals_3_1,0,0
2018,Rift Rivals 2018/LCL-TCL-VCS,RR,2018-07-07 13:58:00,SuperMassive Esports,Gambit Esports,oe:team:5203ff881d5c82c5f720eb3a2f3b44c,oe:team:418bd4b8f699d70c4509d7f9c768a3a,8.13,,1,Rift Rivals 2018/LCL-TCL-VCS_Finals_4_1,0,0
2018,Rift Rivals 2018/NA-EU,RR,2018-07-07 20:09:00,G2 Esports,Echo Fox,oe:team:7d6673d3a9d00363c6bebc1a630da6e,oe:team:8c6a9b88111f0f2ed8b5c6c5f42614d,8.13,,2,Rift Rivals 2018/NA-EU_Finals_1_1,0,0
2018,Rift Rivals 2018/LLN-CLS-CBLOL,RR,2018-07-07 20:50:00,INFINITY,Rebirth eSports,oe:team:7e3dd5ff49e1a44784d225d2de40260,oe:team:5c116dedda7feae2f6ffc093f844ac6,8.13,,1,Rift Rivals 2018/LLN-CLS-CBLOL_Semifinals_1_1,0,0
2018,Rift Rivals 2018/NA-EU,RR,2018-07-07 21:06:00,100 Thieves,Fnatic,oe:team:4bd1751425ef6a9bc9d4d8e9385b4a6,oe:team:78f183fa5a7d8ecb22b9ad272c3abd7,8.13,,2,Rift Rivals 2018/NA-EU_Finals_2_1,0,0
2018,Rift Rivals 2018/LLN-CLS-CBLOL,RR,2018-07-07 21:59:00,Kaos Latin Gamers,Rainbow7,oe:team:c5b7f439779b465529ff283c53f41c0,oe:team:2cb996a4b0ffaca3bcf66fe91450243,8.13,,1,Rift Rivals 2018/LLN-CLS-CBLOL_Semifinals_2_1,0,0
2018,Rift Rivals 2018/NA-EU,RR,2018-07-07 22:06:00,Splyce,Team Liquid,oe:team:3413ca4510110b5181f3e4b24d52719,oe:team:8eb884e168f28402ce685bedebb5250,8.13,,1,Rift Rivals 2018/NA-EU_Finals_3_1,0,0
2018,Rift Rivals 2018/LLN-CLS-CBLOL,RR,2018-07-07 22:51:00,INFINITY,Kaos Latin Gamers,oe:team:7e3dd5ff49e1a44784d225d2de40260,oe:team:c5b7f439779b465529ff283c53f41c0,8.13,,2,Rift Rivals 2018/LLN-CLS-CBLOL_Semifinals_3_1,0,0
2018,Rift Rivals 2018/NA-EU,RR,2018-07-07 23:03:00,Fnatic,Echo Fox,oe:team:78f183fa5a7d8ecb22b9ad272c3abd7,oe:team:8c6a9b88111f0f2ed8b5c6c5f42614d,8.13,,1,Rift Rivals 2018/NA-EU_Finals_4_1,0,0
2018,Rift Rivals 2018/LLN-CLS-CBLOL,RR,2018-07-08 00:42:00,Rainbow7,Kaos Latin Gamers,oe:team:2cb996a4b0ffaca3bcf66fe91450243,oe:team:c5b7f439779b465529ff283c53f41c0,8.13,,2,Rift Rivals 2018/LLN-CLS-CBLOL_Semifinals_5_1,0,0
2018,Rift Rivals 2018/LCK-LPL-LMS,RR,2018-07-08 08:37:00,KT Rolster,Invictus Gaming,oe:team:d723992568441c6bafa2658129eade7,oe:team:53a258f289c26d94431c0496a54e151,8.13,,1,Rift Rivals 2018/LCK-LPL-LMS_Finals_1_1,0,0
2018,Rift Rivals 2018/LCK-LPL-LMS,RR,2018-07-08 09:45:00,Royal Never Give Up,SK Telecom T1,oe:team:73f3126d91d35faa5d5ce34abadb865,oe:team:3354e252e33ed55fd8fa14595ca1564,8.13,,1,Rift Rivals 2018/LCK-LPL-LMS_Finals_2_1,0,0
2018,Rift Rivals 2018/LCK-LPL-LMS,RR,2018-07-08 10:37:00,Afreeca Freecs,EDward Gaming,oe:team:b3c72a20aa56f5d28022ac04a7dc294,oe:team:056c3140a119e44a03d462e2c832f27,8.13,,1,Rift Rivals 2018/LCK-LPL-LMS_Finals_3_1,0,0
2018,Rift Rivals 2018/LCK-LPL-LMS,RR,2018-07-08 12:42:00,Royal Never Give Up,Afreeca Freecs,oe:team:73f3126d91d35faa5d5ce34abadb865,oe:team:b3c72a20aa56f5d28022ac04a7dc294,8.13,,1,Rift Rivals 2018/LCK-LPL-LMS_Finals_5_1,0,0
2018,Rift Rivals 2018/LLN-CLS-CBLOL,RR,2018-07-08 22:18:00,Kaos Latin Gamers,KaBuM! Esports,oe:team:c5b7f439779b465529ff283c53f41c0,oe:team:86e551648da70c86cb473ce5d5f26f7,8.13,,2,Rift Rivals 2018/LLN-CLS-CBLOL_Finals_2_1,0,0
2018,Rift Rivals 2018/LLN-CLS-CBLOL,RR,2018-07-08 23:10:00,Vivo Keyd,Kaos Latin Gamers,oe:team:2ac91e85ddcfa4e5c6ec6c9b5d3f3f0,oe:team:c5b7f439779b465529ff283c53f41c0,8.13,,2,Rift Rivals 2018/LLN-CLS-CBLOL_Finals_3_1,0,0
2018,Rift Rivals 2018/LLN-CLS-CBLOL,RR,2018-07-09 00:00:00,Rebirth eSports,KaBuM! Esports,oe:team:5c116dedda7feae2f6ffc093f844ac6,oe:team:86e551648da70c86cb473ce5d5f26f7,8.13,,2,Rift Rivals 2018/LLN-CLS-CBLOL_Finals_4_1,0,0
2018,LCL/2018 Season/Open Cup,LCL,2018-07-14 10:38:00,Gambit Esports,Team Just,oe:team:418bd4b8f699d70c4509d7f9c768a3a,oe:team:4a81ab52f81b6819837a7f0439f684a,8.13,,1,LCL/2018 Season/Open Cup_Round 1_2_1,0,0
2018,LCL/2018 Season/Open Cup,LCL,2018-07-14 11:48:00,Team Just,Gambit Esports,oe:team:4a81ab52f81b6819837a7f0439f684a,oe:team:418bd4b8f699d70c4509d7f9c768a3a,8.13,,1,LCL/2018 Season/Open Cup_Round 1_2_2,0,0
2018,LCL/2018 Season/Open Cup,LCL,2018-07-14 12:34:00,Gambit Esports,Team Just,oe:team:418bd4b8f699d70c4509d7f9c768a3a,oe:team:4a81ab52f81b6819837a7f0439f684a,8.13,,1,LCL/2018 Season/Open Cup_Round 1_2_3,0,0
2018,LCL/2018 Season/Open Cup,LCL,2018-07-14 13:38:00,Gambit Esports,M19,oe:team:418bd4b8f699d70c4509d7f9c768a3a,oe:team:c7ad88feac64b5b6cca8f234b392862,8.13,,1,LCL/2018 Season/Open Cup_Round 2_1_1,0,0
2018,LCL/2018 Season/Open Cup,LCL,2018-07-14 14:40:00,M19,Gambit Esports,oe:team:c7ad88feac64b5b6cca8f234b392862,oe:team:418bd4b8f699d70c4509d7f9c768a3a,8.13,,1,LCL/2018 Season/Open Cup_Round 2_1_2,0,0
2018,LCL/2018 Season/Open Cup,LCL,2018-07-14 15:43:00,Gambit Esports,M19,oe:team:418bd4b8f699d70c4509d7f9c768a3a,oe:team:c7ad88feac64b5b6cca8f234b392862,8.13,,1,LCL/2018 Season/Open Cup_Round 2_1_3,0,0
2018,LCL/2018 Season/Open Cup,LCL,2018-07-15 09:54:00,Gambit Esports,M19,oe:team:418bd4b8f699d70c4509d7f9c768a3a,oe:team:c7ad88feac64b5b6cca8f234b392862,8.13,,1,LCL/2018 Season/Open Cup_Finals_1_1,0,0
2018,LCL/2018 Season/Open Cup,LCL,2018-07-15 10:51:00,M19,Gambit Esports,oe:team:c7ad88feac64b5b6cca8f234b392862,oe:team:418bd4b8f699d70c4509d7f9c768a3a,8.13,,1,LCL/2018 Season/Open Cup_Finals_1_2,0,0
2018,LCL/2018 Season/Open Cup,LCL,2018-07-15 11:45:00,Gambit Esports,M19,oe:team:418bd4b8f699d70c4509d7f9c768a3a,oe:team:c7ad88feac64b5b6cca8f234b392862,8.13,,1,LCL/2018 Season/Open Cup_Finals_1_3,0,0
2018,LCL/2018 Season/Open Cup,LCL,2018-07-15 12:35:00,M19,Gambit Esports,oe:team:c7ad88feac64b5b6cca8f234b392862,oe:team:418bd4b8f699d70c4509d7f9c768a3a,8.13,,2,LCL/2018 Season/Open Cup_Finals_1_4,0,0
2018,SEA Tour/2018 Season/Summer Qualifiers/Thailand,GPL,2018-07-22 02:29:00,Ascension Gaming,MEGA,oe:team:6db10eb2b230fe5af5947ce5d46bc9a,oe:team:f589eafcf087c11af27e475bafb047f,8.13,,1,SEA Tour/2018 Season/Summer Qualifiers/Thailand_Scoreboards_1_1,0,0
2018,SEA Tour/2018 Season/Summer Qualifiers/Thailand,GPL,2018-07-22 03:53:00,MEGA,Ascension Gaming,oe:team:f589eafcf087c11af27e475bafb047f,oe:team:6db10eb2b230fe5af5947ce5d46bc9a,8.13,,2,SEA Tour/2018 Season/Summer Qualifiers/Thailand_Scoreboards_1_2,0,0
2018,SEA Tour/2018 Season/Summer Qualifiers/Thailand,GPL,2018-07-22 04:42:00,Ascension Gaming,MEGA,oe:team:6db10eb2b230fe5af5947ce5d46bc9a,oe:team:f589eafcf087c11af27e475bafb047f,8.13,,1,SEA Tour/2018 Season/Summer Qualifiers/Thailand_Scoreboards_1_3,0,0
2018,SEA Tour/2018 Season/Summer,GPL,2018-08-13 03:40:00,Ascension Gaming,Resurgence,oe:team:6db10eb2b230fe5af5947ce5d46bc9a,oe:team:e2a65fbaf1e4dc9f539e9c7dfa195ad,8.15,,1,SEA Tour/2018 Season/Summer_Day 1_1_1,0,0
2018,SEA Tour/2018 Season/Summer,GPL,2018-08-13 06:17:00,Ascension Gaming,Mineski,oe:team:6db10eb2b230fe5af5947ce5d46bc9a,oe:team:66e08436a077c287777406c045d7b27,8.15,,1,SEA Tour/2018 Season/Summer_Day 1_3_1,0,0
2018,SEA Tour/2018 Season/Summer,GPL,2018-08-13 09:17:00,Team Anything,Ascension Gaming,lp:team:Team Anything,oe:team:6db10eb2b230fe5af5947ce5d46bc9a,8.15,,2,SEA Tour/2018 Season/Summer_Day 1_5_1,0,0
2018,SEA Tour/2018 Season/Summer,GPL,2018-08-15 04:53:00,Ascension Gaming,Team Anything,oe:team:6db10eb2b230fe5af5947ce5d46bc9a,lp:team:Team Anything,8.15,,1,SEA Tour/2018 Season/Summer_Day 3_2_1,0,0
2018,SEA Tour/2018 Season/Summer,GPL,2018-08-15 05:54:00,Mineski,Ascension Gaming,oe:team:66e08436a077c287777406c045d7b27,oe:team:6db10eb2b230fe5af5947ce5d46bc9a,8.15,,2,SEA Tour/2018 Season/Summer_Day 3_3_1,0,0
2018,SEA Tour/2018 Season/Summer,GPL,2018-08-15 08:40:00,Resurgence,Ascension Gaming,oe:team:e2a65fbaf1e4dc9f539e9c7dfa195ad,oe:team:6db10eb2b230fe5af5947ce5d46bc9a,8.15,,2,SEA Tour/2018 Season/Summer_Day 3_5_1,0,0
2018,SEA Tour/2018 Season/Summer,GPL,2018-08-18 03:01:00,Ascension Gaming,Kuala Lumpur Hunters,oe:team:6db10eb2b230fe5af5947ce5d46bc9a,oe:team:ad9fce8cc6928691a352c901c980942,8.15,,1,SEA Tour/2018 Season/Summer_Semifinals_1_1,0,0
2018,SEA Tour/2018 Season/Summer,GPL,2018-08-18 04:23:00,Ascension Gaming,Kuala Lumpur Hunters,oe:team:6db10eb2b230fe5af5947ce5d46bc9a,oe:team:ad9fce8cc6928691a352c901c980942,8.15,,1,SEA Tour/2018 Season/Summer_Semifinals_1_2,0,0
2018,SEA Tour/2018 Season/Summer,GPL,2018-08-18 05:32:00,Ascension Gaming,Kuala Lumpur Hunters,oe:team:6db10eb2b230fe5af5947ce5d46bc9a,oe:team:ad9fce8cc6928691a352c901c980942,8.15,,2,SEA Tour/2018 Season/Summer_Semifinals_1_3,0,0
2018,SEA Tour/2018 Season/Summer,GPL,2018-08-18 06:41:00,Ascension Gaming,Kuala Lumpur Hunters,oe:team:6db10eb2b230fe5af5947ce5d46bc9a,oe:team:ad9fce8cc6928691a352c901c980942,8.15,,1,SEA Tour/2018 Season/Summer_Semifinals_1_4,0,0
2018,SEA Tour/2018 Season/Summer,GPL,2018-08-19 07:18:00,Ascension Gaming,MEGA,oe:team:6db10eb2b230fe5af5947ce5d46bc9a,oe:team:f589eafcf087c11af27e475bafb047f,8.15,,1,SEA Tour/2018 Season/Summer_Finals_1_1,0,0
2018,SEA Tour/2018 Season/Summer,GPL,2018-08-19 08:45:00,Ascension Gaming,MEGA,oe:team:6db10eb2b230fe5af5947ce5d46bc9a,oe:team:f589eafcf087c11af27e475bafb047f,8.15,,1,SEA Tour/2018 Season/Summer_Finals_1_2,0,0
2018,SEA Tour/2018 Season/Summer,GPL,2018-08-19 09:40:00,Ascension Gaming,MEGA,oe:team:6db10eb2b230fe5af5947ce5d46bc9a,oe:team:f589eafcf087c11af27e475bafb047f,8.15,,1,SEA Tour/2018 Season/Summer_Finals_1_3,0,0
2019,2018 LoL KeSPA Cup,KeSPA,2018-12-20 08:00:00,Brion Blade,DAMWON Gaming,oe:team:b77b3f6068e20a2b3edc0ecd3dc70d4,oe:team:ef69efa6acebe94107f0cf1ba716806,8.24b,,2,2018 LoL KeSPA Cup_Elimination Round_5_1,0,0
2019,2018 LoL KeSPA Cup,KeSPA,2018-12-20 09:00:00,DAMWON Gaming,Brion Blade,oe:team:ef69efa6acebe94107f0cf1ba716806,oe:team:b77b3f6068e20a2b3edc0ecd3dc70d4,8.24b,,1,2018 LoL KeSPA Cup_Elimination Round_5_2,0,0
2019,2018 LoL KeSPA Cup,KeSPA,2018-12-20 10:00:00,APK Prince,SK Telecom T1,oe:team:c228d8939c704a1d5ac0e3d49477cc4,oe:team:3354e252e33ed55fd8fa14595ca1564,8.24b,,2,2018 LoL KeSPA Cup_Elimination Round_6_1,0,0
2019,2018 LoL KeSPA Cup,KeSPA,2018-12-20 11:00:00,SK Telecom T1,APK Prince,oe:team:3354e252e33ed55fd8fa14595ca1564,oe:team:c228d8939c704a1d5ac0e3d49477cc4,8.24b,,1,2018 LoL KeSPA Cup_Elimination Round_6_2,0,0
2019,Demacia Cup/2018 Winter,DCup,2018-12-21 12:44:00,EDward Gaming,Royal Never Give Up,oe:team:056c3140a119e44a03d462e2c832f27,oe:team:73f3126d91d35faa5d5ce34abadb865,8.24,8.24,1,Demacia Cup/2018 Winter_Losers Round 2_2_3,4,3
2019,2018 LoL KeSPA Cup,KeSPA,2018-12-25 08:00:00,Seoul,DAMWON Gaming,lp:team:Seoul,oe:team:ef69efa6acebe94107f0cf1ba716806,8.24b,,1,2018 LoL KeSPA Cup_Qualifying Round_3_1,0,0
2019,2018 LoL KeSPA Cup,KeSPA,2018-12-25 09:00:00,DAMWON Gaming,Seoul,oe:team:ef69efa6acebe94107f0cf1ba716806,lp:team:Seoul,8.24b,,1,2018 LoL KeSPA Cup_Qualifying Round_3_2,0,0
2019,2018 LoL KeSPA Cup,KeSPA,2018-12-25 10:00:00,DAMWON Gaming,Seoul,oe:team:ef69efa6acebe94107f0cf1ba716806,lp:team:Seoul,8.24b,,1,2018 LoL KeSPA Cup_Qualifying Round_3_3,0,0
2019,2018 LoL KeSPA Cup,KeSPA,2018-12-25 11:00:00,SK Telecom T1,bbq Olivers,oe:team:3354e252e33ed55fd8fa14595ca1564,oe:team:c6a4f426b85f581ff9b009d1e8bfae5,8.24b,,1,2018 LoL KeSPA Cup_Qualifying Round_4_1,0,0
2019,2018 LoL KeSPA Cup,KeSPA,2018-12-25 12:00:00,SK Telecom T1,bbq Olivers,oe:team:3354e252e33ed55fd8fa14595ca1564,oe:team:c6a4f426b85f581ff9b009d1e8bfae5,8.24b,,1,2018 LoL KeSPA Cup_Qualifying Round_4_2,0,0
2019,LST/2019 Season/Spring,LST,2019-04-20 08:14:00,MEGA,Capital Esports,oe:team:f589eafcf087c11af27e475bafb047f,lp:team:Capital Esports,9.6,,1,LST/2019 Season/Spring_Semifinals_1_1,0,0
2019,LST/2019 Season/Spring,LST,2019-04-20 08:54:00,Capital Esports,MEGA,lp:team:Capital Esports,oe:team:f589eafcf087c11af27e475bafb047f,9.6,,2,LST/2019 Season/Spring_Semifinals_1_2,0,0
2019,LST/2019 Season/Spring,LST,2019-04-21 09:46:00,MEGA,Team Empire (Malaysian Team),oe:team:f589eafcf087c11af27e475bafb047f,lp:team:Team Empire (Malaysian Team),9.6,,1,LST/2019 Season/Spring_Finals_1_1,0,0
2019,LST/2019 Season/Spring,LST,2019-04-21 11:05:00,Team Empire (Malaysian Team),MEGA,lp:team:Team Empire (Malaysian Team),oe:team:f589eafcf087c11af27e475bafb047f,9.6,,2,LST/2019 Season/Spring_Finals_1_2,0,0
2019,LST/2019 Season/Spring,LST,2019-04-21 12:03:00,MEGA,Team Empire (Malaysian Team),oe:team:f589eafcf087c11af27e475bafb047f,lp:team:Team Empire (Malaysian Team),9.6,,1,LST/2019 Season/Spring_Finals_1_3,0,0
2019,2019 Mid-Season Invitational/Main Event,MSI,2019-05-18 07:30:00,G2 Esports,SK Telecom T1,oe:team:7d6673d3a9d00363c6bebc1a630da6e,oe:team:3354e252e33ed55fd8fa14595ca1564,9.8,9.08,1,2019 Mid-Season Invitational/Main Event_Semifinals_2_2,5,4
2019,Rift Rivals 2019/NA-EU,RR,2019-06-27 19:28:00,G2 Esports,Cloud9,oe:team:7d6673d3a9d00363c6bebc1a630da6e,oe:team:fc8e90107dabb9a35c490b0d86adea0,9.12,,1,Rift Rivals 2019/NA-EU_Day 1_1_1,0,0
2019,Rift Rivals 2019/NA-EU,RR,2019-06-27 20:18:00,Team Liquid,Fnatic,oe:team:8eb884e168f28402ce685bedebb5250,oe:team:78f183fa5a7d8ecb22b9ad272c3abd7,9.12,,2,Rift Rivals 2019/NA-EU_Day 1_2_1,0,0
2019,Rift Rivals 2019/NA-EU,RR,2019-06-27 22:57:00,Cloud9,Fnatic,oe:team:fc8e90107dabb9a35c490b0d86adea0,oe:team:78f183fa5a7d8ecb22b9ad272c3abd7,9.12,,2,Rift Rivals 2019/NA-EU_Day 1_4_1,0,0
2019,Rift Rivals 2019/NA-EU,RR,2019-06-28 18:59:00,Team Liquid,G2 Esports,oe:team:8eb884e168f28402ce685bedebb5250,oe:team:7d6673d3a9d00363c6bebc1a630da6e,9.12,,1,Rift Rivals 2019/NA-EU_Day 2_1_1,0,0
2019,Rift Rivals 2019/NA-EU,RR,2019-06-28 19:36:00,Origen,Cloud9,oe:team:ac6cb6091eb27e5332f2926f44a7067,oe:team:fc8e90107dabb9a35c490b0d86adea0,9.12,,1,Rift Rivals 2019/NA-EU_Day 2_2_1,0,0
2019,Rift Rivals 2019/NA-EU,RR,2019-06-28 20:44:00,G2 Esports,TSM,oe:team:7d6673d3a9d00363c6bebc1a630da6e,oe:team:a22510a4756fa424cb0771b13261139,9.12,,1,Rift Rivals 2019/NA-EU_Day 2_3_1,0,0
2019,Rift Rivals 2019/NA-EU,RR,2019-06-28 21:33:00,Team Liquid,Origen,oe:team:8eb884e168f28402ce685bedebb5250,oe:team:ac6cb6091eb27e5332f2926f44a7067,9.12,,1,Rift Rivals 2019/NA-EU_Day 2_4_1,0,0
2019,Rift Rivals 2019/NA-EU,RR,2019-06-28 22:24:00,TSM,Fnatic,oe:team:a22510a4756fa424cb0771b13261139,oe:team:78f183fa5a7d8ecb22b9ad272c3abd7,9.12,,1,Rift Rivals 2019/NA-EU_Day 2_5_1,0,0
2019,Rift Rivals 2019/NA-EU,RR,2019-06-29 18:23:00,Fnatic,Cloud9,oe:team:78f183fa5a7d8ecb22b9ad272c3abd7,oe:team:fc8e90107dabb9a35c490b0d86adea0,9.12,,1,Rift Rivals 2019/NA-EU_Relay Race Finals_1_1,0,0
2019,Rift Rivals 2019/NA-EU,RR,2019-06-29 20:40:00,G2 Esports,Team Liquid,oe:team:7d6673d3a9d00363c6bebc1a630da6e,oe:team:8eb884e168f28402ce685bedebb5250,9.12,,2,Rift Rivals 2019/NA-EU_Relay Race Finals_3_1,0,0
2019,Rift Rivals 2019/NA-EU,RR,2019-06-29 21:42:00,TSM,Fnatic,oe:team:a22510a4756fa424cb0771b13261139,oe:team:78f183fa5a7d8ecb22b9ad272c3abd7,9.12,,2,Rift Rivals 2019/NA-EU_Relay Race Finals_4_1,0,0
2019,LCL/2019 Season/Summer Open Cup,LCL,2019-06-30 11:34:00,Unicorns of Love.CIS,Elements Pro Gaming,oe:team:e84133caa1e561518201cc7d33f14ed,oe:team:0d5a4462c2d79495e2e236cdaf8a360,9.12,,2,LCL/2019 Season/Summer Open Cup_Day 2_1_1,0,0
2019,LCL/2019 Season/Summer Open Cup,LCL,2019-06-30 14:04:00,Unicorns of Love.CIS,Future Perfect Orange,oe:team:e84133caa1e561518201cc7d33f14ed,lp:team:Future Perfect Orange,9.12,,1,LCL/2019 Season/Summer Open Cup_Day 2_3_1,0,0
2019,Rift Rivals 2019/LCK-LPL-LMS-VCS,RR,2019-07-04 05:38:00,Flash Wolves,SK Telecom T1,oe:team:7cd8dc1c987b84b99e3d246d1943c92,oe:team:3354e252e33ed55fd8fa14595ca1564,9.13,,2,Rift Rivals 2019/LCK-LPL-LMS-VCS_Day 1_1_1,0,0
2019,Rift Rivals 2019/LCK-LPL-LMS-VCS,RR,2019-07-04 06:55:00,DAMWON Gaming,EVOS Esports,oe:team:ef69efa6acebe94107f0cf1ba716806,oe:team:1961f0a198997edc84b41b7da7f643d,9.13,,1,Rift Rivals 2019/LCK-LPL-LMS-VCS_Day 1_2_1,0,0
2019,Rift Rivals 2019/LCK-LPL-LMS-VCS,RR,2019-07-04 09:11:00,Kingzone DragonX,FunPlus Phoenix,oe:team:fce0c469080578fffd7034b5f2ff57d,oe:team:33d17f3717f58e12a3da80b377221fb,9.13,,1,Rift Rivals 2019/LCK-LPL-LMS-VCS_Day 1_4_1,0,0
2019,Rift Rivals 2019/LCK-LPL-LMS-VCS,RR,2019-07-04 11:16:00,JD Gaming,Griffin (Korean Team),oe:team:b42d0f31f2727621b963042276817c4,oe:team:76b516358ee227ba806ba5d955b6314,9.13,,2,Rift Rivals 2019/LCK-LPL-LMS-VCS_Day 1_6_1,0,0
2019,Rift Rivals 2019/LCK-LPL-LMS-VCS,RR,2019-07-05 06:51:00,Flash Wolves,Invictus Gaming,oe:team:7cd8dc1c987b84b99e3d246d1943c92,oe:team:53a258f289c26d94431c0496a54e151,9.13,,2,Rift Rivals 2019/LCK-LPL-LMS-VCS_Day 2_2_1,0,0
2019,Rift Rivals 2019/LCK-LPL-LMS-VCS,RR,2019-07-05 07:52:00,Top Esports,DAMWON Gaming,oe:team:fcec508e780bbd1ad493852640f5b36,oe:team:ef69efa6acebe94107f0cf1ba716806,9.13,,2,Rift Rivals 2019/LCK-LPL-LMS-VCS_Day 2_3_1,0,0
2019,Rift Rivals 2019/LCK-LPL-LMS-VCS,RR,2019-07-05 08:53:00,Griffin (Korean Team),Dashing Buffalo,oe:team:76b516358ee227ba806ba5d955b6314,oe:team:8e27b674a472ab529e758f13f0bace0,9.13,,1,Rift Rivals 2019/LCK-LPL-LMS-VCS_Day 2_4_1,0,0
2019,Rift Rivals 2019/LCK-LPL-LMS-VCS,RR,2019-07-05 09:52:00,MAD Team,FunPlus Phoenix,oe:team:d17e6a2f130f0cf8dd071ce88d5b870,oe:team:33d17f3717f58e12a3da80b377221fb,9.13,,2,Rift Rivals 2019/LCK-LPL-LMS-VCS_Day 2_5_1,0,0
2019,Rift Rivals 2019/LCK-LPL-LMS-VCS,RR,2019-07-05 10:58:00,SK Telecom T1,Invictus Gaming,oe:team:3354e252e33ed55fd8fa14595ca1564,oe:team:53a258f289c26d94431c0496a54e151,9.13,,2,Rift Rivals 2019/LCK-LPL-LMS-VCS_Day 2_6_1,0,0
2019,Rift Rivals 2019/LCK-LPL-LMS-VCS,RR,2019-07-06 08:47:00,Dashing Buffalo,FunPlus Phoenix,oe:team:8e27b674a472ab529e758f13f0bace0,oe:team:33d17f3717f58e12a3da80b377221fb,9.13,,2,Rift Rivals 2019/LCK-LPL-LMS-VCS_Semifinals_3_1,0,0
2019,Rift Rivals 2019/LCK-LPL-LMS-VCS,RR,2019-07-07 06:02:00,Kingzone DragonX,Invictus Gaming,oe:team:fce0c469080578fffd7034b5f2ff57d,oe:team:53a258f289c26d94431c0496a54e151,9.13,,1,Rift Rivals 2019/LCK-LPL-LMS-VCS_Finals_1_1,0,0
2019,Rift Rivals 2019/LCK-LPL-LMS-VCS,RR,2019-07-07 07:45:00,SK Telecom T1,Top Esports,oe:team:3354e252e33ed55fd8fa14595ca1564,oe:team:fcec508e780bbd1ad493852640f5b36,9.13,,1,Rift Rivals 2019/LCK-LPL-LMS-VCS_Finals_2_1,0,0
2019,Rift Rivals 2019/LCK-LPL-LMS-VCS,RR,2019-07-07 08:48:00,Griffin (Korean Team),FunPlus Phoenix,oe:team:76b516358ee227ba806ba5d955b6314,oe:team:33d17f3717f58e12a3da80b377221fb,9.13,,2,Rift Rivals 2019/LCK-LPL-LMS-VCS_Finals_3_1,0,0
2019,Rift Rivals 2019/LCK-LPL-LMS-VCS,RR,2019-07-07 09:48:00,DAMWON Gaming,JD Gaming,oe:team:ef69efa6acebe94107f0cf1ba716806,oe:team:b42d0f31f2727621b963042276817c4,9.13,,1,Rift Rivals 2019/LCK-LPL-LMS-VCS_Finals_4_1,0,0
2019,LCL/2019 Season/Summer Open Cup,LCL,2019-07-07 12:11:00,POP Corn,Unicorns of Love.CIS,lp:team:POP Corn,oe:team:e84133caa1e561518201cc7d33f14ed,9.13,,2,LCL/2019 Season/Summer Open Cup_Day 4_2_1,0,0
2019,LCL/2019 Season/Summer Open Cup,LCL,2019-07-11 15:44:00,Elements Pro Gaming,Unicorns of Love.CIS,oe:team:0d5a4462c2d79495e2e236cdaf8a360,oe:team:e84133caa1e561518201cc7d33f14ed,9.13,,1,LCL/2019 Season/Summer Open Cup_Day 6_1_1,0,0
2019,LCL/2019 Season/Summer Open Cup,LCL,2019-07-14 11:27:00,Future Perfect Orange,Unicorns of Love.CIS,lp:team:Future Perfect Orange,oe:team:e84133caa1e561518201cc7d33f14ed,9.13,,2,LCL/2019 Season/Summer Open Cup_Day 8_1_1,0,0
2019,LST/2019 Season/Summer,LST,2019-07-21 10:47:00,MEGA,WIN Esports,oe:team:f589eafcf087c11af27e475bafb047f,lp:team:WIN Esports,9.14,,1,LST/2019 Season/Summer_Week 1_4_1,0,0
2019,LST/2019 Season/Summer,LST,2019-07-21 11:54:00,WIN Esports,MEGA,lp:team:WIN Esports,oe:team:f589eafcf087c11af27e475bafb047f,9.14,,1,LST/2019 Season/Summer_Week 1_4_2,0,0
2019,LST/2019 Season/Summer,LST,2019-07-21 12:47:00,WIN Esports,MEGA,lp:team:WIN Esports,oe:team:f589eafcf087c11af27e475bafb047f,9.14,,1,LST/2019 Season/Summer_Week 1_4_3,0,0
2019,LCL/2019 Season/Summer Open Cup,LCL,2019-07-25 16:17:00,Unicorns of Love.CIS,POP Corn,oe:team:e84133caa1e561518201cc7d33f14ed,lp:team:POP Corn,9.14,,1,LCL/2019 Season/Summer Open Cup_Day 10_1_1,0,0
2019,LST/2019 Season/Summer,LST,2019-07-27 11:03:00,Insurgent,MEGA,lp:team:Insurgent,oe:team:f589eafcf087c11af27e475bafb047f,9.14,,2,LST/2019 Season/Summer_Week 2_2_1,0,0
2019,LST/2019 Season/Summer,LST,2019-07-27 11:37:00,MEGA,Insurgent,oe:team:f589eafcf087c11af27e475bafb047f,lp:team:Insurgent,9.14,,1,LST/2019 Season/Summer_Week 2_2_2,0,0
2019,LCL/2019 Season/Summer Open Cup,LCL,2019-07-31 08:36:00,Unicorns of Love.CIS,RoX (2014 CIS Team),oe:team:e84133caa1e561518201cc7d33f14ed,oe:team:d00921d1fc09960415443f591cb6160,9.14,,1,LCL/2019 Season/Summer Open Cup_Quarterfinals_1_1,0,0
2019,LCL/2019 Season/Summer Open Cup,LCL,2019-07-31 09:52:00,RoX (2014 CIS Team),Unicorns of Love.CIS,oe:team:d00921d1fc09960415443f591cb6160,oe:team:e84133caa1e561518201cc7d33f14ed,9.14,,2,LCL/2019 Season/Summer Open Cup_Quarterfinals_1_2,0,0
2019,LCL/2019 Season/Summer Open Cup,LCL,2019-08-01 08:30:00,Unicorns of Love.CIS,Dragon Army,oe:team:e84133caa1e561518201cc7d33f14ed,oe:team:e8d370a0e90adebb0571ec096375906,9.14,,2,LCL/2019 Season/Summer Open Cup_Semifinals_1_1,0,0
2019,LCL/2019 Season/Summer Open Cup,LCL,2019-08-01 09:35:00,Dragon Army,Unicorns of Love.CIS,oe:team:e8d370a0e90adebb0571ec096375906,oe:team:e84133caa1e561518201cc7d33f14ed,9.14,,1,LCL/2019 Season/Summer Open Cup_Semifinals_1_2,0,0
2019,LCL/2019 Season/Summer Open Cup,LCL,2019-08-01 10:26:00,Unicorns of Love.CIS,Dragon Army,oe:team:e84133caa1e561518201cc7d33f14ed,oe:team:e8d370a0e90adebb0571ec096375906,9.14,,1,LCL/2019 Season/Summer Open Cup_Semifinals_1_3,0,0
2019,LCL/2019 Season/Summer Open Cup,LCL,2019-08-01 11:20:00,Dragon Army,Unicorns of Love.CIS,oe:team:e8d370a0e90adebb0571ec096375906,oe:team:e84133caa1e561518201cc7d33f14ed,9.14,,2,LCL/2019 Season/Summer Open Cup_Semifinals_1_4,0,0
2019,LCL/2019 Season/Summer Open Cup,LCL,2019-08-01 12:11:00,Unicorns of Love.CIS,Dragon Army,oe:team:e84133caa1e561518201cc7d33f14ed,oe:team:e8d370a0e90adebb0571ec096375906,9.14,,1,LCL/2019 Season/Summer Open Cup_Semifinals_1_5,0,0
2019,LST/2019 Season/Summer,LST,2019-08-03 08:06:00,MEGA,Armored Project,oe:team:f589eafcf087c11af27e475bafb047f,lp:team:Armored Project,9.14,,1,LST/2019 Season/Summer_Week 3_2_1,0,0
2019,LST/2019 Season/Summer,LST,2019-08-03 10:41:00,Armored Project,MEGA,lp:team:Armored Project,oe:team:f589eafcf087c11af27e475bafb047f,9.14,,2,LST/2019 Season/Summer_Week 3_2_2,0,0
2019,LCL/2019 Season/Summer Open Cup,LCL,2019-08-04 11:36:00,Gambit Esports,Unicorns of Love.CIS,oe:team:418bd4b8f699d70c4509d7f9c768a3a,oe:team:e84133caa1e561518201cc7d33f14ed,9.14,,1,LCL/2019 Season/Summer Open Cup_Finals_1_1,0,0
2019,LCL/2019 Season/Summer Open Cup,LCL,2019-08-04 12:50:00,Unicorns of Love.CIS,Gambit Esports,oe:team:e84133caa1e561518201cc7d33f14ed,oe:team:418bd4b8f699d70c4509d7f9c768a3a,9.14,,2,LCL/2019 Season/Summer Open Cup_Finals_1_2,0,0
2019,LCL/2019 Season/Summer Open Cup,LCL,2019-08-04 13:47:00,Gambit Esports,Unicorns of Love.CIS,oe:team:418bd4b8f699d70c4509d7f9c768a3a,oe:team:e84133caa1e561518201cc7d33f14ed,9.14,,2,LCL/2019 Season/Summer Open Cup_Finals_1_3,0,0
2019,LCL/2019 Season/Summer Open Cup,LCL,2019-08-04 14:43:00,Unicorns of Love.CIS,Gambit Esports,oe:team:e84133caa1e561518201cc7d33f14ed,oe:team:418bd4b8f699d70c4509d7f9c768a3a,9.14,,2,LCL/2019 Season/Summer Open Cup_Finals_1_4,0,0
2019,LST/2019 Season/Summer,LST,2019-08-09 10:17:00,MEGA,Liyab Esports,oe:team:f589eafcf087c11af27e475bafb047f,oe:team:a179c4d51956d861145724a1c578e35,9.14,,1,LST/2019 Season/Summer_Week 4_1_1,0,0
2019,LST/2019 Season/Summer,LST,2019-08-09 11:59:00,Liyab Esports,MEGA,oe:team:a179c4d51956d861145724a1c578e35,oe:team:f589eafcf087c11af27e475bafb047f,9.14,,2,LST/2019 Season/Summer_Week 4_1_2,0,0
2019,LST/2019 Season/Summer,LST,2019-08-18 08:11:00,MEGA,Axis Empire,oe:team:f589eafcf087c11af27e475bafb047f,lp:team:Axis Empire,9.15,,1,LST/2019 Season/Summer_Week 5_4_1,0,0
2019,LST/2019 Season/Summer,LST,2019-08-18 09:33:00,Axis Empire,MEGA,lp:team:Axis Empire,oe:team:f589eafcf087c11af27e475bafb047f,9.15,,1,LST/2019 Season/Summer_Week 5_4_2,0,0
2019,LST/2019 Season/Summer,LST,2019-08-18 10:29:00,MEGA,Axis Empire,oe:team:f589eafcf087c11af27e475bafb047f,lp:team:Axis Empire,9.15,,1,LST/2019 Season/Summer_Week 5_4_3,0,0
2019,LST/2019 Season/Summer,LST,2019-08-25 10:28:00,MEGA,SteelWolves Gaia,oe:team:f589eafcf087c11af27e475bafb047f,lp:team:SteelWolves Gaia,9.15,,1,LST/2019 Season/Summer_Week 6_4_1,0,0
2019,LST/2019 Season/Summer,LST,2019-08-25 11:26:00,SteelWolves Gaia,MEGA,lp:team:SteelWolves Gaia,oe:team:f589eafcf087c11af27e475bafb047f,9.15,,2,LST/2019 Season/Summer_Week 6_4_2,0,0
2019,LST/2019 Season/Summer,LST,2019-08-31 10:25:00,MEGA,DeToNator (Southeast Asian Team),oe:team:f589eafcf087c11af27e475bafb047f,lp:team:DeToNator (Southeast Asian Team),9.15,,1,LST/2019 Season/Summer_Week 7_2_1,0,0
2019,LST/2019 Season/Summer,LST,2019-08-31 11:32:00,DeToNator (Southeast Asian Team),MEGA,lp:team:DeToNator (Southeast Asian Team),oe:team:f589eafcf087c11af27e475bafb047f,9.15,,2,LST/2019 Season/Summer_Week 7_2_2,0,0
2019,LST/2019 Season/Summer Playoffs,LST,2019-09-08 11:14:00,Liyab Esports,MEGA,oe:team:a179c4d51956d861145724a1c578e35,oe:team:f589eafcf087c11af27e475bafb047f,9.16,,2,LST/2019 Season/Summer Playoffs_Semifinals_2_1,0,0
2019,LST/2019 Season/Summer Playoffs,LST,2019-09-08 12:08:00,MEGA,Liyab Esports,oe:team:f589eafcf087c11af27e475bafb047f,oe:team:a179c4d51956d861145724a1c578e35,9.16,,1,LST/2019 Season/Summer Playoffs_Semifinals_2_2,0,0
2019,LST/2019 Season/Summer Playoffs,LST,2019-09-15 08:17:00,Axis Empire,MEGA,lp:team:Axis Empire,oe:team:f589eafcf087c11af27e475bafb047f,9.16,,2,LST/2019 Season/Summer Playoffs_Finals_1_1,0,0
2019,LST/2019 Season/Summer Playoffs,LST,2019-09-15 09:38:00,MEGA,Axis Empire,oe:team:f589eafcf087c11af27e475bafb047f,lp:team:Axis Empire,9.16,,1,LST/2019 Season/Summer Playoffs_Finals_1_2,0,0
2019,LST/2019 Season/Summer Playoffs,LST,2019-09-15 10:31:00,MEGA,Axis Empire,oe:team:f589eafcf087c11af27e475bafb047f,lp:team:Axis Empire,9.16,,1,LST/2019 Season/Summer Playoffs_Finals_1_3,0,0
2020,Superliga ABCDE/2019,SL ABCDE,2019-11-17 16:02:00,INTZ,Falkol,oe:team:bcb21457414eb9be1d27489ff7e8e59,oe:team:07e855b80cb18bda1a6c46470f0ca20,9.22,,1,Superliga ABCDE/2019_Round 2_1_1,0,0
2020,Superliga ABCDE/2019,SL ABCDE,2019-11-17 17:08:00,Falkol,INTZ,oe:team:07e855b80cb18bda1a6c46470f0ca20,oe:team:bcb21457414eb9be1d27489ff7e8e59,9.22,,1,Superliga ABCDE/2019_Round 2_1_2,0,0
2020,Superliga ABCDE/2019,SL ABCDE,2019-11-17 18:10:00,INTZ,Falkol,oe:team:bcb21457414eb9be1d27489ff7e8e59,oe:team:07e855b80cb18bda1a6c46470f0ca20,9.22,,1,Superliga ABCDE/2019_Round 2_1_3,0,0
2020,Superliga ABCDE/2019,SL ABCDE,2019-11-29 20:46:00,INTZ,Prodigy Esports,oe:team:bcb21457414eb9be1d27489ff7e8e59,oe:team:5753d046a1c9282ce2597e81227eba0,9.23,,1,Superliga ABCDE/2019_Round 4_1_1,0,0
2020,Superliga ABCDE/2019,SL ABCDE,2019-11-29 22:13:00,Prodigy Esports,INTZ,oe:team:5753d046a1c9282ce2597e81227eba0,oe:team:bcb21457414eb9be1d27489ff7e8e59,9.23,,1,Superliga ABCDE/2019_Round 4_1_2,0,0
2020,Superliga ABCDE/2019,SL ABCDE,2019-11-29 23:16:00,INTZ,Prodigy Esports,oe:team:bcb21457414eb9be1d27489ff7e8e59,oe:team:5753d046a1c9282ce2597e81227eba0,9.23,,2,Superliga ABCDE/2019_Round 4_1_3,0,0
2020,Superliga ABCDE/2019,SL ABCDE,2019-12-01 15:58:00,INTZ,Uppercut esports,oe:team:bcb21457414eb9be1d27489ff7e8e59,oe:team:ff7be8a72b034b8ea34a3f7f69efdc0,9.23,,1,Superliga ABCDE/2019_Round 4_3_1,0,0
2020,Superliga ABCDE/2019,SL ABCDE,2019-12-01 17:09:00,INTZ,Uppercut esports,oe:team:bcb21457414eb9be1d27489ff7e8e59,oe:team:ff7be8a72b034b8ea34a3f7f69efdc0,9.23,,2,Superliga ABCDE/2019_Round 4_3_2,0,0
2020,Superliga ABCDE/2019,SL ABCDE,2019-12-01 18:06:00,INTZ,Uppercut esports,oe:team:bcb21457414eb9be1d27489ff7e8e59,oe:team:ff7be8a72b034b8ea34a3f7f69efdc0,9.23,,2,Superliga ABCDE/2019_Round 4_3_3,0,0
2020,LCL/2020 Season/Spring Open Cup,LCL,2020-02-19 13:28:00,Unicorns of Love.CIS,RoX (2014 CIS Team),oe:team:e84133caa1e561518201cc7d33f14ed,oe:team:d00921d1fc09960415443f591cb6160,10.3,,1,LCL/2020 Season/Spring Open Cup_Day 1_1_1,0,0
2020,LCL/2020 Season/Spring Open Cup,LCL,2020-02-19 15:53:00,Unicorns of Love.CIS,ZZZ (CIS Team),oe:team:e84133caa1e561518201cc7d33f14ed,lp:team:ZZZ (CIS Team),10.3,,1,LCL/2020 Season/Spring Open Cup_Day 1_3_1,0,0
2020,LCL/2020 Season/Spring Open Cup,LCL,2020-02-26 14:56:00,Future Perfect Blue,Unicorns of Love.CIS,lp:team:Future Perfect Blue,oe:team:e84133caa1e561518201cc7d33f14ed,10.3,,2,LCL/2020 Season/Spring Open Cup_Day 3_2_1,0,0
2020,LCL/2020 Season/Spring Open Cup,LCL,2020-03-11 14:23:00,RoX (2014 CIS Team),Unicorns of Love.CIS,oe:team:d00921d1fc09960415443f591cb6160,oe:team:e84133caa1e561518201cc7d33f14ed,10.4,,1,LCL/2020 Season/Spring Open Cup_Day 7_1_1,0,0
2020,LCL/2020 Season/Spring Open Cup,LCL,2020-03-11 16:49:00,Unicorns of Love.CIS,RoX (2014 CIS Team),oe:team:e84133caa1e561518201cc7d33f14ed,oe:team:d00921d1fc09960415443f591cb6160,10.4,,1,LCL/2020 Season/Spring Open Cup_Tiebreakers_1_1,0,0
2020,LPL/2020 Season/Spring Season,LPL,2020-03-12 11:18:00,EDward Gaming,Suning,oe:team:056c3140a119e44a03d462e2c832f27,oe:team:8d47748b0e2a0ac34c90891889805a8,10.4,10.04,2,LPL/2020 Season/Spring Season_Week 2_11_1,2,1
2020,LCL/2020 Season/Spring Open Cup,LCL,2020-03-18 15:07:00,CrowCrowd,Unicorns of Love.CIS,oe:team:ba0e5d60413f9eda6ffb0cb0e0ee531,oe:team:e84133caa1e561518201cc7d33f14ed,10.5,,2,LCL/2020 Season/Spring Open Cup_Quarterfinals_3_1,0,0
2020,LCL/2020 Season/Spring Open Cup,LCL,2020-03-18 16:33:00,Unicorns of Love.CIS,CrowCrowd,oe:team:e84133caa1e561518201cc7d33f14ed,oe:team:ba0e5d60413f9eda6ffb0cb0e0ee531,10.5,,1,LCL/2020 Season/Spring Open Cup_Quarterfinals_3_2,0,0
2020,LCL/2020 Season/Spring Open Cup,LCL,2020-03-19 12:57:00,Unicorns of Love.CIS,Dragon Army,oe:team:e84133caa1e561518201cc7d33f14ed,oe:team:e8d370a0e90adebb0571ec096375906,10.5,,1,LCL/2020 Season/Spring Open Cup_Semifinals_2_1,0,0
2020,LCL/2020 Season/Spring Open Cup,LCL,2020-03-19 13:35:00,Dragon Army,Unicorns of Love.CIS,oe:team:e8d370a0e90adebb0571ec096375906,oe:team:e84133caa1e561518201cc7d33f14ed,10.5,,2,LCL/2020 Season/Spring Open Cup_Semifinals_2_2,0,0
2020,LCL/2020 Season/Spring Open Cup,LCL,2020-03-19 14:25:00,Unicorns of Love.CIS,Dragon Army,oe:team:e84133caa1e561518201cc7d33f14ed,oe:team:e8d370a0e90adebb0571ec096375906,10.5,,1,LCL/2020 Season/Spring Open Cup_Semifinals_2_3,0,0
2020,LCL/2020 Season/Spring Open Cup,LCL,2020-03-29 10:57:00,RoX (2014 CIS Team),Unicorns of Love.CIS,oe:team:d00921d1fc09960415443f591cb6160,oe:team:e84133caa1e561518201cc7d33f14ed,10.6,,1,LCL/2020 Season/Spring Open Cup_Finals_1_1,0,0
2020,LCL/2020 Season/Spring Open Cup,LCL,2020-03-29 12:47:00,RoX (2014 CIS Team),Unicorns of Love.CIS,oe:team:d00921d1fc09960415443f591cb6160,oe:team:e84133caa1e561518201cc7d33f14ed,10.6,,2,LCL/2020 Season/Spring Open Cup_Finals_1_2,0,0
2020,LCL/2020 Season/Spring Open Cup,LCL,2020-03-29 13:42:00,RoX (2014 CIS Team),Unicorns of Love.CIS,oe:team:d00921d1fc09960415443f591cb6160,oe:team:e84133caa1e561518201cc7d33f14ed,10.6,,2,LCL/2020 Season/Spring Open Cup_Finals_1_3,0,0
2020,LCL/2020 Season/Spring Open Cup,LCL,2020-03-29 14:36:00,RoX (2014 CIS Team),Unicorns of Love.CIS,oe:team:d00921d1fc09960415443f591cb6160,oe:team:e84133caa1e561518201cc7d33f14ed,10.6,,1,LCL/2020 Season/Spring Open Cup_Finals_1_4,0,0
2020,LCL/2020 Season/Spring Open Cup,LCL,2020-03-29 15:34:00,Unicorns of Love.CIS,RoX (2014 CIS Team),oe:team:e84133caa1e561518201cc7d33f14ed,oe:team:d00921d1fc09960415443f591cb6160,10.6,,1,LCL/2020 Season/Spring Open Cup_Finals_1_5,0,0
2020,LPL/2020 Season/Spring Season,LPL,2020-04-02 13:09:00,Suning,Top Esports,oe:team:8d47748b0e2a0ac34c90891889805a8,oe:team:fcec508e780bbd1ad493852640f5b36,10.6,10.06,2,LPL/2020 Season/Spring Season_Week 5_11_3,3,2
2020,LCK/2020 Season/Summer Playoffs,LCK,2020-08-30 11:00:00,Gen.G,DRX,oe:team:50f58982d91a36557ec8aec52ab014f,oe:team:1d0389df0c5eea93b04122ba167c010,10.17,10.16,2,LCK/2020 Season/Summer Playoffs_Round 3_1_4,5,3
2020,LCK/2020 Season/Summer Playoffs,LCK,2020-08-30 12:00:00,DRX,Gen.G,oe:team:1d0389df0c5eea93b04122ba167c010,oe:team:50f58982d91a36557ec8aec52ab014f,10.17,10.16,1,LCK/2020 Season/Summer Playoffs_Round 3_1_5,5,3
2021,National Electronic Sports Tournament 2020,NEST,2020-11-21 09:16:00,FunPlus Phoenix,Rogue Warriors,oe:team:33d17f3717f58e12a3da80b377221fb,oe:team:746be9a4c3793ab321bba257c450864,10.19,,2,National Electronic Sports Tournament 2020_Semifinals_1_1,0,0
2021,National Electronic Sports Tournament 2020,NEST,2020-11-21 10:08:00,FunPlus Phoenix,Rogue Warriors,oe:team:33d17f3717f58e12a3da80b377221fb,oe:team:746be9a4c3793ab321bba257c450864,10.19,,2,National Electronic Sports Tournament 2020_Semifinals_1_2,0,0
2021,PCS/2021 Season/Spring Season,PCS,2021-03-12 10:36:00,PSG Talon,Beyond Gaming,oe:team:4880b157399745e82e26e229d8bbf48,oe:team:89008bdacc273b554227d6b76869381,11.4,,1,PCS/2021 Season/Spring Season_Week 4_4_1,0,0
2021,LCK/2021 Season/Summer Season,LCK,2021-06-27 08:43:00,DRX,T1,oe:team:1d0389df0c5eea93b04122ba167c010,oe:team:ce499dea30cfce118f4fe85da0227e8,11.12,11.12,2,LCK/2021 Season/Summer Season_Week 3_9_2,2,1
2022,VCS/2021 Season/Winter Season,VCS,2021-12-14 16:00:00,Saigon Buffalo,CERBERUS Esports (Vietnamese Team),oe:team:8e27b674a472ab529e758f13f0bace0,oe:team:05825167aedac3dc1e6f72133f52604,11.24,,2,VCS/2021 Season/Winter Season_Week 5_2_1,0,0
2022,VCS/2021 Season/Winter Season,VCS,2021-12-14 17:09:00,CERBERUS Esports (Vietnamese Team),Saigon Buffalo,oe:team:05825167aedac3dc1e6f72133f52604,oe:team:8e27b674a472ab529e758f13f0bace0,11.24,,1,VCS/2021 Season/Winter Season_Week 5_2_2,0,0
2022,VCS/2021 Season/Winter Season,VCS,2021-12-15 15:03:00,Team Secret (Vietnamese Team),GAM Esports,oe:team:ee140e8e9d6abd0bfd2b7bc94639d43,oe:team:9cae7677cd0dbcc1cd86653870b73c2,11.24,,2,VCS/2021 Season/Winter Season_Week 5_4_1,0,0
2022,VCS/2021 Season/Winter Season,VCS,2021-12-15 16:06:00,GAM Esports,Team Secret (Vietnamese Team),oe:team:9cae7677cd0dbcc1cd86653870b73c2,oe:team:ee140e8e9d6abd0bfd2b7bc94639d43,11.24,,1,VCS/2021 Season/Winter Season_Week 5_4_2,0,0
2022,VCS/2021 Season/Winter Season,VCS,2021-12-17 15:11:00,Saigon Buffalo,GAM Esports,oe:team:8e27b674a472ab529e758f13f0bace0,oe:team:9cae7677cd0dbcc1cd86653870b73c2,11.24,,2,VCS/2021 Season/Winter Season_Week 5_8_1,0,0
2022,VCS/2021 Season/Winter Season,VCS,2021-12-17 16:01:00,GAM Esports,Saigon Buffalo,oe:team:9cae7677cd0dbcc1cd86653870b73c2,oe:team:8e27b674a472ab529e758f13f0bace0,11.24,,1,VCS/2021 Season/Winter Season_Week 5_8_2,0,0
2023,Demacia Cup 2022,DCup,2022-12-19 08:11:00,MAX (Chinese Team),Bilibili Gaming,oe:team:91c9cf14d344ea993274f77fd9fa508,oe:team:d356a144644879dabb5f34cd99c886d,12.23,,2,Demacia Cup 2022_Round 1_7_1,0,0
2023,Demacia Cup 2022,DCup,2022-12-19 08:54:00,MAX (Chinese Team),Bilibili Gaming,oe:team:91c9cf14d344ea993274f77fd9fa508,oe:team:d356a144644879dabb5f34cd99c886d,12.23,,2,Demacia Cup 2022_Round 1_7_2,0,0
2025,National Electronic Sports Tournament 2024,NEST,2024-12-02 10:11:00,Royal Never Give Up,Top Esports,oe:team:73f3126d91d35faa5d5ce34abadb865,oe:team:fcec508e780bbd1ad493852640f5b36,14.23,,2,National Electronic Sports Tournament 2024_Group Stage Day 1_3_1,0,0
2025,National Electronic Sports Tournament 2024,NEST,2024-12-02 10:58:00,Royal Never Give Up,Top Esports,oe:team:73f3126d91d35faa5d5ce34abadb865,oe:team:fcec508e780bbd1ad493852640f5b36,14.23,,2,National Electronic Sports Tournament 2024_Group Stage Day 1_3_2,0,0
2025,National Electronic Sports Tournament 2024,NEST,2024-12-04 08:11:00,Anyone's Legend,LGD Gaming,oe:team:ed28f87f0cfdba0a2a8f183cebae73a,oe:team:5f401785b6b78326f9a46b3c6b206ed,14.23,,2,National Electronic Sports Tournament 2024_Group Stage Day 3_2_1,0,0
2025,National Electronic Sports Tournament 2024,NEST,2024-12-04 08:58:00,Anyone's Legend,LGD Gaming,oe:team:ed28f87f0cfdba0a2a8f183cebae73a,oe:team:5f401785b6b78326f9a46b3c6b206ed,14.23,,2,National Electronic Sports Tournament 2024_Group Stage Day 3_2_2,0,0
2025,National Electronic Sports Tournament 2024,NEST,2024-12-06 06:08:00,Anyone's Legend,Bilibili Gaming,oe:team:ed28f87f0cfdba0a2a8f183cebae73a,oe:team:d356a144644879dabb5f34cd99c886d,14.23,,2,National Electronic Sports Tournament 2024_Group Stage Day 5_1_1,0,0
2025,National Electronic Sports Tournament 2024,NEST,2024-12-06 07:03:00,Anyone's Legend,Bilibili Gaming,oe:team:ed28f87f0cfdba0a2a8f183cebae73a,oe:team:d356a144644879dabb5f34cd99c886d,14.23,,2,National Electronic Sports Tournament 2024_Group Stage Day 5_1_2,0,0
2025,National Electronic Sports Tournament 2024,NEST,2024-12-07 08:09:00,Anyone's Legend,FunPlus Phoenix,oe:team:ed28f87f0cfdba0a2a8f183cebae73a,oe:team:33d17f3717f58e12a3da80b377221fb,14.23,,2,National Electronic Sports Tournament 2024_Group Stage Day 6_2_1,0,0
2025,National Electronic Sports Tournament 2024,NEST,2024-12-07 09:05:00,Anyone's Legend,FunPlus Phoenix,oe:team:ed28f87f0cfdba0a2a8f183cebae73a,oe:team:33d17f3717f58e12a3da80b377221fb,14.23,,2,National Electronic Sports Tournament 2024_Group Stage Day 6_2_2,0,0
2025,National Electronic Sports Tournament 2024,NEST,2024-12-07 10:08:00,LNG Esports,Top Esports,oe:team:a9145b7711873f53e610fbba0493484,oe:team:fcec508e780bbd1ad493852640f5b36,14.23,,2,National Electronic Sports Tournament 2024_Group Stage Day 6_3_1,0,0
2025,National Electronic Sports Tournament 2024,NEST,2024-12-07 11:11:00,LNG Esports,Top Esports,oe:team:a9145b7711873f53e610fbba0493484,oe:team:fcec508e780bbd1ad493852640f5b36,14.23,,2,National Electronic Sports Tournament 2024_Group Stage Day 6_3_2,0,0
2025,National Electronic Sports Tournament 2024,NEST,2024-12-08 08:20:00,Top Esports,Oh My God,oe:team:fcec508e780bbd1ad493852640f5b36,oe:team:f4c4528c6981e104a11ea7548630c23,14.23,,1,National Electronic Sports Tournament 2024_Group Stage Day 7_2_1,0,0
2025,National Electronic Sports Tournament 2024,NEST,2024-12-08 09:08:00,Oh My God,Top Esports,oe:team:f4c4528c6981e104a11ea7548630c23,oe:team:fcec508e780bbd1ad493852640f5b36,14.23,,2,National Electronic Sports Tournament 2024_Group Stage Day 7_2_2,0,0
2025,National Electronic Sports Tournament 2024,NEST,2024-12-14 11:38:00,Top Esports,LGD Gaming,oe:team:fcec508e780bbd1ad493852640f5b36,oe:team:5f401785b6b78326f9a46b3c6b206ed,14.23,,2,National Electronic Sports Tournament 2024_Semifinals_2_1,0,0
2025,National Electronic Sports Tournament 2024,NEST,2024-12-14 12:33:00,Top Esports,LGD Gaming,oe:team:fcec508e780bbd1ad493852640f5b36,oe:team:5f401785b6b78326f9a46b3c6b206ed,14.23,,1,National Electronic Sports Tournament 2024_Semifinals_2_2,0,0
2025,National Electronic Sports Tournament 2024,NEST,2024-12-14 13:29:00,LGD Gaming,Top Esports,oe:team:5f401785b6b78326f9a46b3c6b206ed,oe:team:fcec508e780bbd1ad493852640f5b36,14.23,,1,National Electronic Sports Tournament 2024_Semifinals_2_3,0,0
2025,National Electronic Sports Tournament 2024,NEST,2024-12-15 04:42:00,FunPlus Phoenix,Top Esports,oe:team:33d17f3717f58e12a3da80b377221fb,oe:team:fcec508e780bbd1ad493852640f5b36,14.23,,2,National Electronic Sports Tournament 2024_Third-Place Match_1_1,0,0
2025,National Electronic Sports Tournament 2024,NEST,2024-12-15 05:32:00,Top Esports,FunPlus Phoenix,oe:team:fcec508e780bbd1ad493852640f5b36,oe:team:33d17f3717f58e12a3da80b377221fb,14.23,,1,National Electronic Sports Tournament 2024_Third-Place Match_1_2,0,0
2025,LEC/2025 Season/Summer Playoffs,LEC,2025-09-26 17:33:00,Karmine Corp,Fnatic,oe:team:f3aa9bbd924ce3af42ac53f8326bc7c,oe:team:78f183fa5a7d8ecb22b9ad272c3abd7,25.18,15.18,1,LEC/2025 Season/Summer Playoffs_Round 2_1_3,4,2
2025,LEC/2025 Season/Summer Playoffs,LEC,2025-09-26 18:49:00,Fnatic,Karmine Corp,oe:team:78f183fa5a7d8ecb22b9ad272c3abd7,oe:team:f3aa9bbd924ce3af42ac53f8326bc7c,25.18,15.18,1,LEC/2025 Season/Summer Playoffs_Round 2_1_4,4,2
