year,lp,teamid,teamname,games,share
2016,2144 Danmu Gaming,oe:team:001f05f3618c2ed84a6b43434753bd8,2144 Danmu Gaming,44,1.0
2016,2144 Gaming,oe:team:11d06b1fb262e1879c0df46fa28499c,2144 Gaming,46,1.0
2016,6Sense,oe:team:dcc812505700e6470c2b4bb2ce4437c,6Sense,5,1.0
2016,7th heaven,oe:team:32f5dedea90b1ec28566a3b0c278cc3,7th heaven,30,1.0
2016,7th heaven X,oe:team:2ed21f3214fcb3867b89a28ac39763e,7th heaven X,10,1.0
2016,ATLAS eSports Team,oe:team:575f4ac938f0343c3e0f26bbacfe063,ATLAS eSports Team,3,1.0
2016,Abyss Esports,oe:team:de55ffb045c6780ab5edf7e5d74b4d5,Abyss Esports,26,1.0
2016,Abyss Esports Red,oe:team:de55ffb045c6780ab5edf7e5d74b4d5,Abyss Esports,18,1.0
2016,Acclaim EmpireX,oe:team:ca8a8d5dadda551344e9632c64990bb,Acclaim EmpireX,5,1.0
2016,Afreeca Freecs,oe:team:b3c72a20aa56f5d28022ac04a7dc294,DN SOOPers,102,1.0
2016,Albus NoX Luna,oe:team:f2357aab765dfb94659ba2223a6d4f0,Albus NoX Luna,32,1.0
2016,Alpha Sydney,oe:team:1704188dc8a75f5d0c78f344b5b9e9c,Alpha Sydney,16,1.0
2016,Apex Gaming,oe:team:60b1f136230746a33c9f53f90d53a8b,Apex Gaming,71,1.0
2016,Apex Pride,oe:team:b2ad0a325a5c242defaf51aa2244015,Apex Pride,11,1.0
2016,Arsenal,oe:team:4fc9baf210346939946d5a49f255588,Arsenal,3,1.0
2016,Astral Authority,oe:team:f185af4fd48a7fac2dc50d7a23824b5,Astral Authority,5,1.0
2016,Authority E-sports,oe:team:5169c1789fd93fb88b4e0dfebf36dba,Authority E-sports,6,1.0
2016,Avant Garde,oe:team:5bef6688c36d00642436d00a83d9c14,Avant Gaming,56,1.0
2016,Bangkok Titans,oe:team:5fae505234a3d1c41f885c3b7bc3876,Bangkok Titans,32,1.0
2016,Bencheados,oe:team:ba3b1a1f005f917f9aaea679f31ae08,Bencheados,7,1.0
2016,Beşiktaş.Oyun Hizmetleri,oe:team:fb2c3c21cd8bbdb161246014c23e7e7,Beşiktaş.Oyun Hizmetleri,58,1.0
2016,Big Gods,oe:team:720582b405a4fafd693c0c55a1f5419,Big Gods,22,1.0
2016,BrawL eSports,oe:team:8399bf9150237c73be9e56066202a4d,BrawL eSports,3,1.0
2016,CILEKLER,oe:team:976f493ffced42aa45f10ce70339c46,ÇİLEKLER,49,1.0
2016,CJ Entus,oe:team:f8c3923ecbc5de1edc4eaea53407c6f,CJ Entus,108,1.0
2016,CNB e-Sports Club,oe:team:4df410b2df000c4b430debfe467a76f,CNB e-Sports Club,46,1.0
2016,CTU Pathos,oe:team:d78bf288bea8c9483999ec69fbf20cf,CTU Pathos,5,1.0
2016,Chiefs Black,oe:team:27f9a0f6d7bc8ab1e40475cd66a294b,The Chiefs Black,15,1.0
2016,Chiefs Esports Club,oe:team:692bccdba8ec7050f5aeb916815439e,Chiefs Esports Club,71,1.0
2016,Cloud9,oe:team:fc8e90107dabb9a35c490b0d86adea0,Cloud9,105,1.0
2016,Cloud9 Challenger,oe:team:a9a1ccc73a7b43036564a30bcec844a,Cloud9 Challenger,24,1.0
2016,Copenhagen Wolves,oe:team:6d92c120d5550d72128830b0a4df0f8,Copenhagen Wolves,23,1.0
2016,Cougar E-Sport,oe:team:581e5fa873dd0139907fe323959e32a,Cougar E-Sport,31,1.0
2016,Counter Logic Gaming,oe:team:cbfaf0ca2181f0903d2fcceb6c28f3b,Counter Logic Gaming,126,1.0
2016,Crew e-Sports Club,oe:team:2c5866dddf12420590b19eb49ffb082,Crew e-Sports Club,40,1.0
2016,Cyclone,oe:team:b923235c01c3537277ed9e8f6538936,Cyclone,10,1.0
2016,Dark Passage,oe:team:a42600a99997fca0d35f2821662b997,Dark Passage,55,1.0
2016,Dark Wolves,oe:team:2419c102f4ed9d9a100f80381aa8923,Dark Wolves,26,1.0
2016,Darkness Eagles Esports,oe:team:b22e10e47d406db28cf95e49812f101,Darkness Eagles Esports,4,1.0
2016,Dash9 Gaming,oe:team:cb2c732f028c98d4fb314ee8f28b5d8,Dash9 Gaming,9,1.0
2016,Destined For Glory,oe:team:b2936bb3f54edca9b7fb84778f9bbdc,Destined For Glory,3,1.0
2016,DetonatioN FocusMe,oe:team:e435aa3ecb82a89e60544f5f5857a81,DetonatioN FocusMe,37,1.0
2016,DetonatioN Rising,oe:team:2b9f01782d3b29a381114f7c283c458,DetonatioN Rising,10,1.0
2016,Dignitas,oe:team:0dbb780176ecad18f17292d1f5653af,Dignitas,24,1.0
2016,Dire Wolves,oe:team:cd6e0eea04af23b9c0735dab41a9941,Dire Wolves,55,1.0
2016,Dream Team,oe:team:a853fd5749073c512ab2250330f159e,Dream Team,27,1.0
2016,E-corp Gaming,oe:team:416a2fec935fb99b6697e3f8cd6d372,E-corp Gaming,4,1.0
2016,EDward Esports,oe:team:dc43b84ccda7199fecec19166e392c0,EDward Esports,23,1.0
2016,EDward Gaming,oe:team:056c3140a119e44a03d462e2c832f27,EDward Gaming,74,1.0
2016,ESC Ever,oe:team:2e32a1985132a6c92ac8d39a3d158f0,ESC Ever,113,1.0
2016,EURONICS Gaming,oe:team:514d848d968399a239cdcc3d1412f2d,EURONICS Gaming,9,1.0
2016,Eanix,oe:team:a4e812bb963821f8b0f5a5bed31521d,Eanix,10,1.0
2016,Echo Fox,oe:team:8c6a9b88111f0f2ed8b5c6c5f42614d,Echo Fox,70,1.0
2016,Elements,oe:team:aa56a2e65d8106aef3c61e4f6bf94fd,Elements,18,1.0
2016,Ember,oe:team:fcb94b14624bcdf327d65d191cd8503,Ember,14,1.0
2016,Enemy,oe:team:8c6d21187fb58b7a079d70030686b33,Enemy,10,1.0
2016,Epsilon Esports,oe:team:24542d9de62f5d78a1e9977701cda29,Epsilon Esports,13,1.0
2016,Ever8 Winners,oe:team:a93534e7216950180b13dbb88f26d2d,Ever8 Winners,62,1.0
2016,Exceltec Predators,oe:team:afd3cd4d4c0a7e194f57ffe605f2d0e,Predators Esports,4,1.0
2016,FC Schalke 04 Esports,oe:team:1d0f5e58f39613aff1a3dd4ed85933e,FC Schalke 04 Esports,45,1.0
2016,Flash Husky,oe:team:0008fb938a860fdc5ec05e26210ff59,Flash Husky,3,1.0
2016,Flash Wolves,oe:team:7cd8dc1c987b84b99e3d246d1943c92,Flash Wolves,98,1.0
2016,Fnatic,oe:team:78f183fa5a7d8ecb22b9ad272c3abd7,Fnatic,102,1.0
2016,Fnatic Academy,oe:team:47ae4f5f4aea5a7a0ab0b9778844cc2,Fnatic Academy,5,1.0
2016,Furious Gaming,oe:team:6414602bd3443e9f8c3aae5c73bbc5a,Furious Gaming,49,1.0
2016,G2 Esports,oe:team:7d6673d3a9d00363c6bebc1a630da6e,G2 Esports,86,1.0
2016,G2 Vodafone,oe:team:a2bb57fa2128f7cab5d707d66540813,G2 Vodafone,5,1.0
2016,Gambit Esports,oe:team:418bd4b8f699d70c4509d7f9c768a3a,Gambit Esports,17,1.0
2016,Game Talents,oe:team:a0995be66c38dc996c6fd94bd9db9c3,Game Talents,45,1.0
2016,Giants Gaming,oe:team:5d6a39df3a740f807c9d4dc9f04bd81,Giants Gaming,75,1.0
2016,Giants Underdoges,oe:team:6dd9fc16013a656e475c1b1eb7d4e06,Giants,3,1.0
2016,H2k-Gaming,oe:team:5b90b1fda6971ccdccf9eb32286aa50,H2k-Gaming,102,1.0
2016,HWA Gaming,oe:team:47980e0bc08d56ec5a4274f07016ab5,HWA Gaming,62,1.0
2016,Hafnet eSports,oe:team:07f268d6bcf7dfa246348135f512fe2,Hafnet eSports,45,1.0
2016,Hard Random,oe:team:cfc0ebfa157658a1257276edee9196e,Hard Random,36,1.0
2016,Hellions e-Sports Club,oe:team:4c4f442efee238e1448bc3ad5548a49,Hellions e-Sports Club,46,1.0
2016,Hong Kong Esports,oe:team:f6916bcaf8f0e2930832c306d5476a3,Hong Kong Esports,62,1.0
2016,Huma,oe:team:6e3dc75dc40096ba9bedd4098b676b9,Huma,51,1.0
2016,I Gaming Star,oe:team:4717e24738f334e3105a914a0388bc3,I Gaming Star,17,1.0
2016,I May,oe:team:2f758c15b9c1781b2d4032011ae1628,I May,71,1.0
2016,IN Gaming,oe:team:6c8bf5b93fd189943d784b55bb71b61,IN Gaming,43,1.0
2016,INFINITY,oe:team:7e3dd5ff49e1a44784d225d2de40260,inf,3,1.0
2016,INTZ,oe:team:bcb21457414eb9be1d27489ff7e8e59,INTZ,69,1.0
2016,INTZ Red,oe:team:9981ed8d509feb1b77d43af088fd0b1,INTZ Red,6,1.0
2016,Illuminar Gaming,oe:team:6cedba5819b5b7c465cb3bb48bfe855,Illuminar Gaming,7,1.0
2016,Immortals,oe:team:c334c629fea759876e9e04afbe4aee7,Immortals,81,1.0
2016,Imperial Esports,oe:team:82e9f79d33605efd892beced7a35440,Imperial Esports,10,1.0
2016,Imperium Pro Team,oe:team:d685ccc695e935d012e859cb3574f1c,Imperium Pro Team,7,1.0
2016,Incredible Miracle,oe:team:d4553ea5020d1c35901ff030e2b4922,Incredible Miracle,3,1.0
2016,Infamous Gaming,oe:team:6d8869cea2b945acacd32c7573f95ac,Infamous Gaming,14,1.0
2016,Infernum Gaming,oe:team:ef433aefe2d4bcfaff6296b947199e3,Infernum Gaming,24,1.0
2016,Inspire eSports,oe:team:a38ea999e47fb979b560472be410271,Inspire eSports,15,1.0
2016,Invictus Gaming,oe:team:53a258f289c26d94431c0496a54e151,Invictus Gaming,53,1.0
2016,Isurus,oe:team:5737b101780a9835142549164be1ac4,Isurus,65,1.0
2016,J Team,oe:team:b41d715b166da7092724123264e4560,J Team,34,1.0
2016,JAYOB e-Sports,oe:team:2f839cf696806700bdca2c8dffcaa55,JAYOB e-Sports,5,1.0
2016,Jin Air Green Wings,oe:team:5e29baf115bdaaeeb3bafa7f288b298,Jin Air Green Wings,105,1.0
2016,K1ck Black,oe:team:8fb7f5b556a2ea521252d37459c6d99,K1ck Black,5,1.0
2016,KINGDOM,oe:team:6eb26cc7d52822f5c721c8045cc8dec,RPG-KINGDOM,10,1.0
2016,KOO Tigers,oe:team:93c730021ff69abdfccc4911a2f666f,ROX Tigers,17,1.0
2016,KT Rolster,oe:team:d723992568441c6bafa2658129eade7,KT Rolster,124,1.0
2016,KaBuM! Black,oe:team:73ecd29b1247e79bb564ec09cb51d3b,KaBuM! Black,7,1.0
2016,KaBuM! Esports,oe:team:86e551648da70c86cb473ce5d5f26f7,KaBuM! Esports,33,1.0
2016,KaBuM! Orange,oe:team:86e551648da70c86cb473ce5d5f26f7,KaBuM! Esports,12,1.0
2016,Kanaya Gaming,oe:team:a87f96bba57cf77564601348d413ced,Kayana Gaming,8,1.0
2016,Kaos Latin Gamers,oe:team:c5b7f439779b465529ff283c53f41c0,Kaos Latin Gamers,52,1.0
2016,Keyd Stars,oe:team:2ac91e85ddcfa4e5c6ec6c9b5d3f3f0,Vivo Keyd,43,1.0
2016,Kongdoo Monster,oe:team:46c474825b4767ff6113d344264f60f,Kongdoo Monster,59,1.0
2016,Kuala Lumpur Hunters,oe:team:ad9fce8cc6928691a352c901c980942,Kuala Lumpur Hunters,17,1.0
2016,LGD Gaming,oe:team:5f401785b6b78326f9a46b3c6b206ed,LGD Gaming,51,1.0
2016,Last Kings,oe:team:7c478d49c05e056db41158bc64f4f26,Last Kings,50,1.0
2016,Legacy Esports,oe:team:4f5a0b869cd5960c307d1c45e9399a3,Legacy Esports,61,1.0
2016,Legacy Genesis,oe:team:638506106b833cf5649e0490244eed4,Legacy Genesis,31,1.0
2016,Legend Dragon,oe:team:2bcd837658f1f4d46be0deec2de6ab0,Legend Dragon,55,1.0
2016,Legion Gaming (Oceanic Team),oe:team:2ef197afa32eb4689943a62f7211bb8,Legion Gaming,6,1.0
2016,Longzhu Gaming,oe:team:fbf53cf218dfaa8c2b2a864d13d2206,Longzhu Gaming,84,1.0
2016,Low Priority,oe:team:727e5078b5daf52d982d59909e6055e,Low Priority,4,1.0
2016,Lyon Gaming (2013 Latin American Team),oe:team:d996d27c1737a1f7494fc09d6911339,Lyon Gaming,7,1.0
2016,MF Gaming,oe:team:32e7849cefe705cea410ccad1fe560a,MF Gaming,24,1.0
2016,MVP,oe:team:21d5096acdfc62efed68418399ca291,MVP,78,1.0
2016,Machi Esports,oe:team:274c62a6d7e34e0e66e5f267a39d5f7,Machi Esports,70,1.0
2016,Melty eSport Club,oe:team:cefba747496bb78899734aa2e1c67c8,Melty eSport Club,5,1.0
2016,Midnight Sun Esports,oe:team:13cc0048846a92bc721899580fe666c,Midnight Sun Esports,54,1.0
2016,Millenium,oe:team:d946eb399b263986b81fad7203186fa,Millenium,42,1.0
2016,Misfits Gaming,oe:team:594b183f8fb081ef64820f31ab8d641,Misfits Gaming,34,1.0
2016,Mysterious Monkeys,oe:team:31ac21d217683775f54a242ab54f4e9,Mysterious Monkeys,4,1.0
2016,NRG Esports,oe:team:e758ebe9a5a2cc81b9c8078479c2d87,NRG,69,1.0
2016,NaJin e-mFire,oe:team:0bad133adf0b0d75b82191b60e3d624,NaJin e-mFire,3,1.0
2016,Natus Vincere.CIS,oe:team:46aed4f90885fb0531287eda12df2a0,Natus Vincere CIS,40,1.0
2016,Nerv,oe:team:47bf9c96596e56abf93d96d5373938f,Nerv,10,1.0
2016,Newbee,oe:team:7e76012fb69f9e19b2dc690dde98ac1,Newbee,48,1.0
2016,Newbee Young,oe:team:75f5f1d80d6a208eebe887bece2c451,Newbee Young,46,1.0
2016,NonHK,oe:team:fe9f9acb467abd421f95d92a3ba83b7,NonHK,4,1.0
2016,Nova eSports (North American Team),oe:team:3acdd562c78716845be6449bfa89dd9,Nova eSports,13,1.0
2016,NumberOne Esports,oe:team:ec45c1d412e89b59d0b013eab4af15e,NumberOne Esports,22,1.0
2016,Nuovo Gaming,oe:team:5a8bba35fc7744a5bf40635276340bc,Nuovo Gaming,13,1.0
2016,Oh My Dream,oe:team:d6ede6ace357c075af068ccac12ae9f,Oh My God Academy,49,1.0
2016,Oh My God,oe:team:f4c4528c6981e104a11ea7548630c23,Oh My God,50,1.0
2016,Operation Kino e-Sports,oe:team:536636ce0064fb7b5d3b9e91a0d7ca6,Operation Kino e-Sports,39,1.0
2016,Origen,oe:team:ac6cb6091eb27e5332f2926f44a7067,Origen,93,1.0
2016,Overdrive,oe:team:4dad6945980f064ce21fc328531ac41,Overdrive,13,1.0
2016,Overload (Brazilian Team),oe:team:1529e8ab605ab3c1492f3b83d5c384d,Overload,3,1.0
2016,Pathos,oe:team:bda9842b6f0c5e85c1d404581d67a50,Pathos,41,1.0
2016,Phoenix1,oe:team:4eb0013695b2543e1f1a5efe013d978,Phoenix1,49,1.0
2016,Qiao Gu Reapers,oe:team:1664f819c4a19a12d748a78a1ca0d7d,Qiao Gu Reapers,16,1.0
2016,RED Canids,oe:team:67169969ecc058b307edfa9c6b7a3c0,RED Canids,40,1.0
2016,ROX Tigers,oe:team:93c730021ff69abdfccc4911a2f666f,ROX Tigers,106,1.0
2016,Rampage,oe:team:a9744fc5b0ca952b17ef07c0aa99602,Rampage,32,1.0
2016,Rascal Jester,oe:team:16fbfa0b9d8a6aaa7ea303ac6d70669,Rascal Jester,37,1.0
2016,Rebels Anarchy,oe:team:05e27fbd83768ba717ef966c8824e66,Rebels Anarchy,6,1.0
2016,Rebirth eSports,oe:team:5c116dedda7feae2f6ffc093f844ac6,Rebirth eSports,43,1.0
2016,Reload eSports,oe:team:c227c1d8bfe654bdc0fe943b45dc7d1,Reload Esports,7,1.0
2016,Remo Brave e-Sports,oe:team:8943b9a2cd4bdae374d4a0a64c9cf09,Brave e-Sports,3,1.0
2016,Renegades,oe:team:7fc9f6b6b4b32b25ac385379af32647,Renegades,22,1.0
2016,Renegades: Banditos,oe:team:9a512ef54e608a160c7657aa1b6ec84,Renegades: Banditos,8,1.0
2016,Revenge eSports,oe:team:c23c193a1bb8ae1ef470ae681db8b73,Revenge eSports,4,1.0
2016,Revenger (Chinese Team),oe:team:67fd6872ba50981ffb3481e9abf8a61,Revenger,41,1.0
2016,Rising Star Gaming,oe:team:8c840b4abee1640e81a94537623dc79,Rising Star Gaming,29,1.0
2016,RoX (2014 CIS Team),oe:team:d00921d1fc09960415443f591cb6160,RoX,34,1.0
2016,Royal Never Give Up,oe:team:73f3126d91d35faa5d5ce34abadb865,Royal Never Give Up,87,1.0
2016,SBENU Korea,oe:team:14b278a98a1b9727523f77e7d6c759e,SBENU Korea,29,1.0
2016,SBENU Sonicboom,oe:team:14b278a98a1b9727523f77e7d6c759e,SBENU Korea,49,1.0
2016,SCARZ,oe:team:120458344421ad48ba0be59fbe15dd1,SCARZ,10,1.0
2016,SK Gaming,oe:team:75760dca486d4682426196b76bd1a54,SK Gaming,19,1.0
2016,SK Telecom T1,oe:team:3354e252e33ed55fd8fa14595ca1564,SK Telecom T1,163,1.0
2016,SQUARE (Korean Team),oe:team:12dec4e1f7ec620651b2b95c440ffac,SQUARE,22,1.0
2016,Saigon Jokers,oe:team:c509b8c47b3761cbc2c790b576d0eb6,Saigon Jokers,34,1.0
2016,Saint Gaming,oe:team:8ae3b1b7a8c9ef4336dc391318a2c6b,Saint Gaming,44,1.0
2016,Samsung Galaxy,oe:team:3b84bb916852d07609c83d1ce91c1a9,Samsung Galaxy,117,1.0
2016,Santos Dexterity,oe:team:a5b345b357701f1ae4ca1cef4c8fe52,Santos Dexterity,3,1.0
2016,Satori,oe:team:701cc9a49e30d35bebb81fbafc3c9be,Satori,13,1.0
2016,Sentinels ESC,oe:team:f16bc42ce90f52133028907c5b9c5bd,Sentinels ESC,9,1.0
2016,Silver Crows,oe:team:a0c225ada0851e721976c70ca16dac6,Silver Crows,9,1.0
2016,Sin Academy,oe:team:b26e8f9cc0de55d879683b6f58a15f1,Sin Academy,9,1.0
2016,Sin Gaming,oe:team:7aebbd262ba4e37525795a0e0846ca0,Sin Gaming,56,1.0
2016,Snake Esports,oe:team:c1dea751bdd62128fe179344fceb5b2,Snake Esports,64,1.0
2016,Splyce,oe:team:3413ca4510110b5181f3e4b24d52719,Splyce,79,1.0
2016,Star Horn Royal Club,oe:team:5e97f293e9986969e0abb397228dd6f,Royal Club,61,1.0
2016,Stardust (Korean Team),oe:team:154210b19b5b63e6ca6145fe9917904,Stardust,50,1.0
2016,SuperMassive Esports,oe:team:5203ff881d5c82c5f720eb3a2f3b44c,Papara SuperMassive,90,1.0
2016,SuperMassive TNG,oe:team:b867a40fb93da6e032034f570785949,SuperMassive TNG,12,1.0
2016,Szef 6,oe:team:b45f5c5398ab0870ea8b2fef769d977,Szef+6,5,1.0
2016,T.Bear Gaming,oe:team:ba3a80e4a7bc541ccedf373c5b896cd,T.Bear Gaming,30,1.0
2016,TEAM4NOT.OCE,oe:team:ab717ab35c38578031d681a7305e25a,TEAM4NOT,15,1.0
2016,TSM,oe:team:a22510a4756fa424cb0771b13261139,TSM,102,1.0
2016,Tainted Minds,oe:team:d61f857fa7a7d8ea4f0d453526373f7,Tainted Minds,26,1.0
2016,Taipei Assassins,oe:team:cda8735d6cec0a3e7a2676682d66953,Taipei Assassins,33,1.0
2016,Taipei Berserkers,oe:team:967043d5ddfbbf373eb3c3954387564,Taipei Berserkers,4,1.0
2016,Tan Chi Sa Gaming,oe:team:e85b277c0a485ba7d3daf63b76580d2,Tan Chi Sa Gaming,29,1.0
2016,Team AURORA,oe:team:ce02eb63c33525b64c0734c872d64cd,Team AURORA,53,1.0
2016,Team BlackEye,oe:team:c1b5d2c3a85ded7cc01056828f1ce89,Team BlackEye,35,1.0
2016,Team Differential,oe:team:7451f7cb524834f5b06c6da2ad7adc3,Team Differential,17,1.0
2016,Team Dragon Knights,oe:team:9258ebe3b68150d21add891da1b6ca9,Team Dragon Knights,27,1.0
2016,Team Empire,oe:team:169482d39d38b4aeff05db79208759f,Team Empire,40,1.0
2016,Team EnVyUs,oe:team:bfc5cbabbc2029df065de9bfd67410c,Team EnVyUs,52,1.0
2016,Team Exile5,oe:team:cbbafed5c0ebf092e70ef9821426b2f,Team Exile5,17,1.0
2016,Team Forge,oe:team:fb999a0470494c0967ddc6b7121f54c,Team Forge,19,1.0
2016,Team Frostbite,oe:team:d846b19a0131d2b0c3e931f2d4e9f14,Team Frostbite,3,1.0
2016,Team Genesis,oe:team:61587debb28ffdd2de34cf953cd94d7,Team Genesis,4,1.0
2016,Team Impulse,oe:team:ae0cec6dc617eba9801ec9939d1c18c,Team Impulse,23,1.0
2016,Team Just,oe:team:4a81ab52f81b6819837a7f0439f684a,Team Just,32,1.0
2016,Team Just Alpha,oe:team:d43a0921a6e4fcd44ff8ed919480a7b,Team Just Alpha,5,1.0
2016,Team KungFu,oe:team:11ebb3b1152f4086e0bb3345fb91ee4,Team KungFu,24,1.0
2016,Team Liquid,oe:team:8eb884e168f28402ce685bedebb5250,Team Liquid,79,1.0
2016,Team Liquid Academy,oe:team:3406c21f701022dbe9d9bf397b41465,Team Liquid Academy,40,1.0
2016,Team Mist,oe:team:2b3458d31ba7b76ce1e872c71294ed1,Team Mist,32,1.0
2016,Team Orora,oe:team:fcfe169f63d7580c18c9c55bffe478c,Team Orora,8,1.0
2016,Team ROCCAT,oe:team:907351811cc0343ae5746cd2c75549d,Team ROCCAT,67,1.0
2016,Team Rigel,oe:team:95786f2a93617fcde81ed16ee15f5bb,Team Rigel,3,1.0
2016,Team Turquality,oe:team:c33c60aabef5b74d45d8c5750d74da5,Team Turquality,59,1.0
2016,Team Vitality,oe:team:e8d8ae992fe72acb7adc7bfcee31dbb,Team Vitality,59,1.0
2016,Team WE,oe:team:62c1cd9465dc63824593ee5046f5aa8,Team WE,74,1.0
2016,Team WE Future,oe:team:811548fd73c60743b29eed0e5f73720,Team WE Future,17,1.0
2016,Top Dog Gaming,oe:team:1f2a633ac1baa6782d705b479d0add9,Top Dog Gaming,5,1.0
2016,Tricked Esport,oe:team:2afb248007781e3a3ff485eece218bd,Tricked Esport,4,1.0
2016,Trident Esports,oe:team:47442e965eb1111493261ea973ae5b3,Trident Esports,39,1.0
2016,Unicorns of Love,oe:team:142fd4ee188f60dc0549cdca7610e55,Unicorns of Love,82,1.0
2016,Unlimited Potential,oe:team:35d01dfcb4df96b0fe4ccb8db0ce83b,Unlimited Potential,17,1.0
2016,Unsold Stuff Gaming,oe:team:d071b2912dea2b3debbf837afb9f8de,Unsold Stuff Gaming,34,1.0
2016,Vaevictis Syndicate,oe:team:722107b1d7bc5b210c8b65bca71ea31,Vaevictis Syndicate,3,1.0
2016,Vaevictis eSports,oe:team:d80359db3f21194a58b02a3c7362695,Vaevictis eSports,31,1.0
2016,Vega Squadron,oe:team:95fa2bbc5eb242e7c3243c3467e32f3,Vega Squadron,46,1.0
2016,Vestigial,oe:team:6b339976f82ca5625d59d16e40dd1a5,Vestigial,10,1.0
2016,Vici Gaming,oe:team:5627e3ef0b2477289b218ddeb6a151a,Vici Gaming,54,1.0
2016,Victorious Ace,oe:team:fe4037291be174edbe8b85a271f54f5,Victorious Ace,21,1.0
2016,Virtuoso Gaming,oe:team:b9c02a709c0f42b28098151b80acf70,Virtuoso Gaming,15,1.0
2016,WYDream,oe:team:6998237450f7427fecdf5535de44aaf,WYDream,28,1.0
2016,WaY (Korean Team),oe:team:7f5ff8b103655c631db30014ce73a6c,WaY,22,1.0
2016,Wan Yoo,oe:team:74df59d74d9fc4559d80ab13034ba77,Wan Yoo,18,1.0
2016,WingsOflibeRty,oe:team:1e9864f507023ee6bf40ee13c457351,WingsOflibeRty,4,1.0
2016,Winners,oe:team:e5762a12b1dca7458bf1e6cdba8457e,Winners,3,1.0
2016,Wonder Stag e-Sports,oe:team:9ba69c103bcfd680652144161843038,Wonder Stag e-Sports,3,1.0
2016,Young Glory,oe:team:3383aee09cbbd027fc9ebb11859de19,Young Glory,19,1.0
2016,Young Miracles,oe:team:1486bbe432b1153d9a83ff6e75d6c90,Young Miracles,67,1.0
2016,ZTR Gaming,oe:team:1129ec2d3533aa87e078d02ebc0d8d3,ZTR Gaming,43,1.0
2016,ahq eSports Club,oe:team:d15303823a1dccff9f3068fb357e356,ahq eSports Club,89,1.0
2016,e-Champ Gaming,oe:team:b75eada98b0b044c59e748c5a2e59be,e-Champ Gaming,4,1.0
2016,e-mFire,oe:team:e120826aae03bee4be6cfec8ac49ede,e-mFire,18,1.0
2016,eXtreme Gamers,oe:team:1e8ab310a44559502177379445ad12d,XGamers,64,1.0
2016,g3nerationX,oe:team:faa8ea6e89c8c4ca180fc12dcbbd5ba,g3nerationX,19,1.0
2016,mousesports,oe:team:7c4854374e4daa6b00206eb922359a9,MOUZ NXT,15,1.0
2016,paiN Gaming,oe:team:61450737f7b683db4da7b3e0bf0dced,paiN Gaming,47,1.0
2017,17 Academy,oe:team:666515300647cde21ae9c59716a931a,17 Academy,9,1.0
2017,7th heaven,oe:team:32f5dedea90b1ec28566a3b0c278cc3,7th heaven,55,1.0
2017,AGO Gaming,oe:team:c95ec0a82febf95c7bd2db4da77efe8,AGO esports,5,1.0
2017,ALTERNATE aTTaX,oe:team:503b43b019e9748cc07a115d524f697,ALTERNATE aTTaX,5,1.0
2017,APK Prince,oe:team:c228d8939c704a1d5ac0e3d49477cc4,SeolHaeOne Prince,70,1.0
2017,ASUS ROG Army,oe:team:266f28c813f67d6f43897ef089f6cf6,ASUS ROG Army,5,1.0
2017,ATLAS eSports Team,oe:team:575f4ac938f0343c3e0f26bbacfe063,ATLAS eSports Team,9,1.0
2017,Abyss Academy,oe:team:07f47f630315f524f0179378f356b77,Abyss Academy,18,1.0
2017,Abyss Esports,oe:team:de55ffb045c6780ab5edf7e5d74b4d5,Abyss Esports,57,1.0
2017,Afreeca Freecs,oe:team:b3c72a20aa56f5d28022ac04a7dc294,DN SOOPers,110,1.0
2017,Albus NoX Luna,oe:team:f2357aab765dfb94659ba2223a6d4f0,Albus NoX Luna,10,1.0
2017,AlienTech eSports,oe:team:92ebcf3407842256ee7954c5e2390a8,AlienTech eSports,5,1.0
2017,Alpha Sydney,oe:team:1704188dc8a75f5d0c78f344b5b9e9c,Alpha Sydney,7,1.0
2017,Ascension Gaming,oe:team:6db10eb2b230fe5af5947ce5d46bc9a,Ascension Gaming,21,1.0
2017,Athletico Esports,oe:team:e16dc1d6a36fc086c71f495a89442e9,Athletico Esports,9,1.0
2017,Authority E-sports,oe:team:5169c1789fd93fb88b4e0dfebf36dba,Authority E-sports,7,1.0
2017,Avant Gaming,oe:team:5bef6688c36d00642436d00a83d9c14,Avant Gaming,29,1.0
2017,Avant Garde,oe:team:5bef6688c36d00642436d00a83d9c14,Avant Gaming,28,1.0
2017,BPZ,oe:team:77451e1c46e819c6edcf2d9ac5d7f5f,BPZ,41,1.0
2017,Bencheados,oe:team:ba3b1a1f005f917f9aaea679f31ae08,Bencheados,3,1.0
2017,Beşiktaş Esports,oe:team:4f19751f9f051533995772897da2d77,Beşiktaş Esports,20,1.0
2017,Big Gods Jackals,oe:team:9feb8ebfa423e419320a66a09cfa3d2,Big Gods Jackals,40,1.0
2017,Born to Kill,oe:team:ea713c468d50ec009b60c1447b18b48,Born to Kill,29,1.0
2017,Brave e-Sports,oe:team:8943b9a2cd4bdae374d4a0a64c9cf09,Brave e-Sports,10,1.0
2017,Burning Core,oe:team:73c73a123b43e071470729f74ef2022,Burning Core Toyama,26,1.0
2017,CILEKLER,oe:team:976f493ffced42aa45f10ce70339c46,ÇİLEKLER,50,1.0
2017,CJ Entus,oe:team:f8c3923ecbc5de1edc4eaea53407c6f,CJ Entus,85,1.0
2017,CLG Academy,oe:team:fe409cbd7c72eb621d9c4e7eac75936,CLG Academy,22,1.0
2017,CNB e-Sports Club,oe:team:4df410b2df000c4b430debfe467a76f,CNB e-Sports Club,31,1.0
2017,Chiefs Esports Club,oe:team:692bccdba8ec7050f5aeb916815439e,Chiefs Esports Club,62,1.0
2017,Cloud9,oe:team:fc8e90107dabb9a35c490b0d86adea0,Cloud9,132,1.0
2017,Counter Logic Gaming,oe:team:cbfaf0ca2181f0903d2fcceb6c28f3b,Counter Logic Gaming,120,1.0
2017,Crest Gaming,oe:team:6d17eb4ba840f83bf65c9a19c656a53,Crest Gaming Act,3,1.0
2017,Crew e-Sports Club,oe:team:2c5866dddf12420590b19eb49ffb082,Crew e-Sports Club,75,1.0
2017,CrowCrowd,oe:team:ba0e5d60413f9eda6ffb0cb0e0ee531,CrowCrowd,5,1.0
2017,DAMWON Gaming,oe:team:ef69efa6acebe94107f0cf1ba716806,Dplus Kia,36,1.0
2017,DAN Gaming,oe:team:c52f1f25b322f34e191a3d0edb5d88d,DAN Gaming,93,1.0
2017,DS Gaming,oe:team:b5c576b8e06c20217de8792be32aa47,DS Gaming,109,1.0
2017,Dark Passage,oe:team:a42600a99997fca0d35f2821662b997,Dark Passage,69,1.0
2017,Dash9 Gaming,oe:team:cb2c732f028c98d4fb314ee8f28b5d8,Dash9 Gaming,60,1.0
2017,Delta Fox,oe:team:8d10db7607957d1126c63c3192d4930,Delta Fox,36,1.0
2017,DetonatioN FocusMe,oe:team:e435aa3ecb82a89e60544f5f5857a81,DetonatioN FocusMe,56,1.0
2017,DetonatioN Rising,oe:team:2b9f01782d3b29a381114f7c283c458,DetonatioN Rising,3,1.0
2017,Dignitas,oe:team:0dbb780176ecad18f17292d1f5653af,Dignitas,112,1.0
2017,Dire Wolves,oe:team:cd6e0eea04af23b9c0735dab41a9941,Dire Wolves,67,1.0
2017,Dolphins,oe:team:8f3490a556855787a9949347ae9b834,Dolphins,16,1.0
2017,EDward Gaming,oe:team:056c3140a119e44a03d462e2c832f27,EDward Gaming,82,1.0
2017,ESC Ever,oe:team:2e32a1985132a6c92ac8d39a3d158f0,ESC Ever,7,1.0
2017,EURONICS Gaming,oe:team:514d848d968399a239cdcc3d1412f2d,EURONICS Gaming,7,1.0
2017,Echo Fox,oe:team:8c6a9b88111f0f2ed8b5c6c5f42614d,Echo Fox,86,1.0
2017,Elements Pro Gaming,oe:team:0d5a4462c2d79495e2e236cdaf8a360,Elements Pro Gaming,11,1.0
2017,Ever8 Winners,oe:team:a93534e7216950180b13dbb88f26d2d,Ever8 Winners,95,1.0
2017,FC Schalke 04 Esports,oe:team:1d0f5e58f39613aff1a3dd4ed85933e,FC Schalke 04 Esports,41,1.0
2017,Feint Gaming,oe:team:b99687ec014dcbef79af28a531809a2,Feint Gaming,4,1.0
2017,Fenerbahçe Esports,oe:team:418c28593a78b57ef74e47d0c18640a,Fenerbahçe Esports,86,1.0
2017,Fireball,oe:team:a8155b0ea02bae01cd41369018837d6,Fireball,63,1.0
2017,Flash Wolves,oe:team:7cd8dc1c987b84b99e3d246d1943c92,Flash Wolves,107,1.0
2017,FlyQuest,oe:team:2e66da41dc460dd378e3bcc57042d31,FlyQuest,107,1.0
2017,Fnatic,oe:team:78f183fa5a7d8ecb22b9ad272c3abd7,Fnatic,106,1.0
2017,Fnatic Academy,oe:team:47ae4f5f4aea5a7a0ab0b9778844cc2,Fnatic Academy,34,1.0
2017,Fortius,oe:team:c83640239b15363ef7c6374fe1497b1,Fortius,6,1.0
2017,Furious Gaming,oe:team:6414602bd3443e9f8c3aae5c73bbc5a,Furious Gaming,72,1.0
2017,G2 Esports,oe:team:7d6673d3a9d00363c6bebc1a630da6e,G2 Esports,126,1.0
2017,GIGABYTE Marines,oe:team:9cae7677cd0dbcc1cd86653870b73c2,GAM Esports,46,1.0
2017,Galakticos,oe:team:28428f3022fc1ea52264b35912093dc,Galakticos,67,1.0
2017,Galatasaray Esports,oe:team:0edc9f071bd123368afdc0c53a3db20,Galatasaray Esports,37,1.0
2017,Gama E-Sport Dream,oe:team:603bfbbe0865f904c221dfa62faa8d2,Gama E-Sport Dream (伽马电子竞技),51,1.0
2017,Gambit Esports,oe:team:418bd4b8f699d70c4509d7f9c768a3a,Gambit Esports,40,1.0
2017,Game Talents,oe:team:a0995be66c38dc996c6fd94bd9db9c3,Game Talents,91,1.0
2017,Gaming Gaming,oe:team:0775b07e7e528fc47bd319f5cab14b4,Gaming Gaming,54,1.0
2017,Giants Gaming,oe:team:5d6a39df3a740f807c9d4dc9f04bd81,Giants Gaming,69,1.0
2017,Gold Coin United,oe:team:6ea50016f0954ae510c85438906534c,Gold Coin United,74,1.0
2017,Griffin (Korean Team),oe:team:76b516358ee227ba806ba5d955b6314,Griffin,76,1.0
2017,H2k-Gaming,oe:team:5b90b1fda6971ccdccf9eb32286aa50,H2k-Gaming,104,1.0
2017,HWA Gaming,oe:team:47980e0bc08d56ec5a4274f07016ab5,HWA Gaming,58,1.0
2017,Hafnet eSports,oe:team:07f268d6bcf7dfa246348135f512fe2,Hafnet eSports,56,1.0
2017,Headhunters,oe:team:a5da55d495c7c86da763c939ece69b5,Headhunters,8,1.0
2017,Hong Kong Attitude,oe:team:6f0162b86d2a0d206ba9a08a1da14be,Hong Kong Attitude,50,1.0
2017,Hong Kong Esports,oe:team:f6916bcaf8f0e2930832c306d5476a3,Hong Kong Esports,32,1.0
2017,I Gaming Star,oe:team:4717e24738f334e3105a914a0388bc3,I Gaming Star,64,1.0
2017,I May,oe:team:2f758c15b9c1781b2d4032011ae1628,I May,83,1.0
2017,IDM Pirata,oe:team:6847673c12caa91b1d6cf66f52f5dd3,IDM Pirata,13,1.0
2017,IN Gaming,oe:team:6c8bf5b93fd189943d784b55bb71b61,IN Gaming,58,1.0
2017,INFINITY,oe:team:7e3dd5ff49e1a44784d225d2de40260,inf,62,1.0
2017,INTZ,oe:team:bcb21457414eb9be1d27489ff7e8e59,INTZ,44,1.0
2017,INTZ.Genesis,oe:team:eaff5703f519ece3dcd7b5b49d000c2,INTZ.Genesis,23,1.0
2017,Ilha da Macacada Gaming,oe:team:3cfb5ebe63afedf7c686dd9bb4c277c,Ilha da Macacada Gaming,10,1.0
2017,Immortals,oe:team:c334c629fea759876e9e04afbe4aee7,Immortals,112,1.0
2017,Infamous Gaming,oe:team:6d8869cea2b945acacd32c7573f95ac,Infamous Gaming,27,1.0
2017,Invictus Gaming,oe:team:53a258f289c26d94431c0496a54e151,Invictus Gaming,70,1.0
2017,Iron Hawks e-Sports,oe:team:9b0df420260436d585355369af3cbe6,Iron Hawks e-Sports,34,1.0
2017,Isurus,oe:team:5737b101780a9835142549164be1ac4,Isurus,67,1.0
2017,J Team,oe:team:b41d715b166da7092724123264e4560,J Team,78,1.0
2017,JD Gaming,oe:team:b42d0f31f2727621b963042276817c4,JD Gaming,28,1.0
2017,Jin Air Green Wings,oe:team:5e29baf115bdaaeeb3bafa7f288b298,Jin Air Green Wings,98,1.0
2017,Joy Dream,oe:team:ae2a2737a8d8d2b8e396dabae0e149b,Joy Dream,54,1.0
2017,Just Toys Havoks,oe:team:6682645faf448187489b1b9fe877172,Just Toys Havoks,67,1.0
2017,KIYF eSports Club,oe:team:c46a7c8dbc4aa414a481a5de60c613e,KIYF eSports Club,5,1.0
2017,KT Rolster,oe:team:d723992568441c6bafa2658129eade7,KT Rolster,111,1.0
2017,KaBuM! Esports,oe:team:86e551648da70c86cb473ce5d5f26f7,KaBuM! Esports,37,1.0
2017,Kaos Latin Gamers,oe:team:c5b7f439779b465529ff283c53f41c0,Kaos Latin Gamers,59,1.0
2017,Keep Gaming,oe:team:2e20c05347a053a7257f1bb639b417b,Keep Gaming,13,1.0
2017,Keyd Stars,oe:team:2ac91e85ddcfa4e5c6ec6c9b5d3f3f0,Vivo Keyd,38,1.0
2017,Kongdoo Monster,oe:team:46c474825b4767ff6113d344264f60f,Kongdoo Monster,130,1.0
2017,Kuala Lumpur Hunters,oe:team:ad9fce8cc6928691a352c901c980942,Kuala Lumpur Hunters,19,1.0
2017,LGD Gaming,oe:team:5f401785b6b78326f9a46b3c6b206ed,LGD Gaming,64,1.0
2017,Last Kings,oe:team:7c478d49c05e056db41158bc64f4f26,Last Kings,63,1.0
2017,Legacy Esports,oe:team:4f5a0b869cd5960c307d1c45e9399a3,Legacy Esports,59,1.0
2017,Legacy Genesis,oe:team:638506106b833cf5649e0490244eed4,Legacy Genesis,16,1.0
2017,Legatum,oe:team:5126f460925c87fa40d1b37ef0c364d,Legatum,9,1.0
2017,Legend Dragon,oe:team:2bcd837658f1f4d46be0deec2de6ab0,Legend Dragon,117,1.0
2017,Longzhu Gaming,oe:team:fbf53cf218dfaa8c2b2a864d13d2206,Longzhu Gaming,109,1.0
2017,Lynx (Oceanic Team),oe:team:02d08f1a8d1e1e84e6d828e1a8c0c14,Lynx,6,1.0
2017,Lyon Gaming (2013 Latin American Team),oe:team:d996d27c1737a1f7494fc09d6911339,Lyon Gaming,81,1.0
2017,M19,oe:team:c7ad88feac64b5b6cca8f234b392862,M19,46,1.0
2017,MNM Gaming,oe:team:542063f7067a523ca263df1cb72f843,MNM Gaming,4,1.0
2017,MVP,oe:team:21d5096acdfc62efed68418399ca291,MVP,101,1.0
2017,Machi Esports,oe:team:274c62a6d7e34e0e66e5f267a39d5f7,Machi Esports,69,1.0
2017,Merciless Gaming,oe:team:628a7f107a6aedc53fc6e74b22e6085,Merciless Gaming,18,1.0
2017,Mighty Eagle,oe:team:590084186c6389b83116f1f83567149,Mighty Eagle,60,1.0
2017,Millenium,oe:team:d946eb399b263986b81fad7203186fa,Millenium,14,1.0
2017,Mineski,oe:team:66e08436a077c287777406c045d7b27,Mineski,11,1.0
2017,MiraGe Gaming,oe:team:9c706ff52b1746f7b4699b86db72fe9,MiraGe Gaming,5,1.0
2017,Misfits Academy,oe:team:c5e4f376de880fec7ac4b52fcc2ae27,Misfits Academy,22,1.0
2017,Misfits Gaming,oe:team:594b183f8fb081ef64820f31ab8d641,Misfits Gaming,97,1.0
2017,Moss Seven Club,oe:team:f58a8d352e90ae75eeedd400a5bad78,Moss Seven Club,48,1.0
2017,Mysterious Monkeys,oe:team:31ac21d217683775f54a242ab54f4e9,Mysterious Monkeys,36,1.0
2017,Natus Vincere.CIS,oe:team:46aed4f90885fb0531287eda12df2a0,Natus Vincere CIS,38,1.0
2017,Nerv,oe:team:47bf9c96596e56abf93d96d5373938f,Nerv,8,1.0
2017,Newbee,oe:team:7e76012fb69f9e19b2dc690dde98ac1,Newbee,63,1.0
2017,Ninjas in Pyjamas,oe:team:5a200b1a94fcaa054dd7c5764adbcaf,Ninjas in Pyjamas,39,1.0
2017,Now or Never,oe:team:266c3f54200781c862b534392cf53f9,Now or Never,64,1.0
2017,Oh My Dream,oe:team:d6ede6ace357c075af068ccac12ae9f,Oh My God Academy,112,1.0
2017,Oh My God,oe:team:f4c4528c6981e104a11ea7548630c23,Oh My God,57,1.0
2017,Operation Kino e-Sports,oe:team:536636ce0064fb7b5d3b9e91a0d7ca6,Operation Kino e-Sports,37,1.0
2017,Origen,oe:team:ac6cb6091eb27e5332f2926f44a7067,Origen,44,1.0
2017,Outlaws,oe:team:9454328308280a614737117e4326bfb,Outlaws,33,1.0
2017,Oyun Hizmetleri,oe:team:ef73b0c8f0ee92631adf7cb11ebe12d,Oyun Hizmetleri,29,1.0
2017,P3P eSports,oe:team:ebb55385af1c848dba72b6a8dad6159,P3P eSports,56,1.0
2017,Paris Saint-Germain eSports,oe:team:920d4a03397129a99a0d796646b9f7d,Paris Saint-Germain eSports,25,1.0
2017,Phoenix1,oe:team:4eb0013695b2543e1f1a5efe013d978,Phoenix1,111,1.0
2017,Predators Esports,oe:team:afd3cd4d4c0a7e194f57ffe605f2d0e,Predators Esports,63,1.0
2017,ProGaming Esports,oe:team:aa2a535ded3bc45217af1684a4451c4,ProGaming Esports,34,1.0
2017,QG Reapers,oe:team:dea36d562876c9ebf2456f71b55f790,QG Reapers,33,1.0
2017,RED Canids,oe:team:67169969ecc058b307edfa9c6b7a3c0,RED Canids,46,1.0
2017,REVERSE Gaming,oe:team:779aaefb139c447bdc6950d89221014,RGA,5,1.0
2017,ROX Tigers,oe:team:93c730021ff69abdfccc4911a2f666f,ROX Tigers,123,1.0
2017,Raise Gaming,oe:team:3bbdbd086c3b497980f0a8d932d1717,Raise Gaming,57,1.0
2017,Rampage,oe:team:a9744fc5b0ca952b17ef07c0aa99602,Rampage,68,1.0
2017,Rascal Jester,oe:team:16fbfa0b9d8a6aaa7ea303ac6d70669,Rascal Jester,55,1.0
2017,Rebirth eSports,oe:team:5c116dedda7feae2f6ffc093f844ac6,Rebirth eSports,58,1.0
2017,Red Bulls,oe:team:885eddef5df7c403b631524a951ca60,Red Bulls,22,1.0
2017,Reign (European Team),oe:team:e021476ce48284b328c89031d763a85,Reign,5,1.0
2017,Remo Brave e-Sports,oe:team:8943b9a2cd4bdae374d4a0a64c9cf09,Brave e-Sports,14,1.0
2017,Resurgence,oe:team:e2a65fbaf1e4dc9f539e9c7dfa195ad,Resurgence,8,1.0
2017,Rising Star Gaming,oe:team:8c840b4abee1640e81a94537623dc79,Rising Star Gaming,72,1.0
2017,RoX (2014 CIS Team),oe:team:d00921d1fc09960415443f591cb6160,RoX,36,1.0
2017,Royal Bandits,oe:team:9a09ff82bcddf9b01cb51081074c0ae,Royal Bandits,10,1.0
2017,Royal Club,oe:team:5e97f293e9986969e0abb397228dd6f,Royal Club,118,1.0
2017,Royal Never Give Up,oe:team:73f3126d91d35faa5d5ce34abadb865,Royal Never Give Up,95,1.0
2017,SCARZ,oe:team:120458344421ad48ba0be59fbe15dd1,SCARZ,29,1.0
2017,SK Telecom T1,oe:team:3354e252e33ed55fd8fa14595ca1564,SK Telecom T1,162,1.0
2017,Saint Gaming,oe:team:8ae3b1b7a8c9ef4336dc391318a2c6b,Saint Gaming,56,1.0
2017,Samsung Galaxy,oe:team:3b84bb916852d07609c83d1ce91c1a9,Samsung Galaxy,147,1.0
2017,Silver Crows,oe:team:a0c225ada0851e721976c70ca16dac6,Silver Crows,28,1.0
2017,Sin Academy,oe:team:b26e8f9cc0de55d879683b6f58a15f1,Sin Academy,15,1.0
2017,Sin Gaming,oe:team:7aebbd262ba4e37525795a0e0846ca0,Sin Gaming,75,1.0
2017,Snake Esports,oe:team:c1dea751bdd62128fe179344fceb5b2,Snake Esports,62,1.0
2017,Splyce,oe:team:3413ca4510110b5181f3e4b24d52719,Splyce,78,1.0
2017,Suning,oe:team:8d47748b0e2a0ac34c90891889805a8,Suning,93,1.0
2017,SuperMassive Esports,oe:team:5203ff881d5c82c5f720eb3a2f3b44c,Papara SuperMassive,84,1.0
2017,T Show,oe:team:5984d6ffbed283b363cf996cacff642,T Show,34,1.0
2017,TM Gaming,oe:team:439e4e85c9c426a80587a334dc9c2e9,TM Gaming,28,1.0
2017,TSM,oe:team:a22510a4756fa424cb0771b13261139,TSM,136,1.0
2017,Tainted Minds,oe:team:d61f857fa7a7d8ea4f0d453526373f7,Tainted Minds,31,1.0
2017,Tainted Minds Blue,oe:team:5485dcb916189fac2d4ef41fdd90a1e,Tainted Minds Blue,4,1.0
2017,Team AURORA,oe:team:ce02eb63c33525b64c0734c872d64cd,Team AURORA,70,1.0
2017,Team BattleComics,oe:team:6f30f03d10ff80e0355187c6d7c6be4,Team BattleComics,74,1.0
2017,Team Empire,oe:team:169482d39d38b4aeff05db79208759f,Team Empire,16,1.0
2017,Team EnVyUs,oe:team:bfc5cbabbc2029df065de9bfd67410c,Team EnVyUs,110,1.0
2017,Team Exile5,oe:team:cbbafed5c0ebf092e70ef9821426b2f,Team Exile5,29,1.0
2017,Team Fighter,oe:team:d5258d543c6a4a8e0996193f99ccede,Team Fighter,52,1.0
2017,Team Forge,oe:team:fb999a0470494c0967ddc6b7121f54c,Team Forge,7,1.0
2017,Team Gates,oe:team:144fd27a5b974d216d3e2dd26283bb5,Team Gates,10,1.0
2017,Team Hurricane,oe:team:a7bae5ae93d535e22b517b6b53d2006,Team Hurricane,52,1.0
2017,Team Just Alpha,oe:team:d43a0921a6e4fcd44ff8ed919480a7b,Team Just Alpha,33,1.0
2017,Team Just Challenger,oe:team:a0c61d7b8ea9386318c01e0d5204a54,Team Just Challenger,7,1.0
2017,Team Kinguin,oe:team:92e22c0b203c93b7d25c3a07b68575c,devils.one inStreamly,22,1.0
2017,Team Liquid,oe:team:8eb884e168f28402ce685bedebb5250,Team Liquid,115,1.0
2017,Team Manila Eagles,oe:team:197be2494181ca61af31737a390e397,Team Manila Eagles,14,1.0
2017,Team ROCCAT,oe:team:907351811cc0343ae5746cd2c75549d,Team ROCCAT,64,1.0
2017,Team Regicide,oe:team:023ba1e4767910cd55b399cf9094b15,Team Regicide,41,1.0
2017,Team Rigel,oe:team:95786f2a93617fcde81ed16ee15f5bb,Team Rigel,6,1.0
2017,Team Turquality,oe:team:c33c60aabef5b74d45d8c5750d74da5,Team Turquality,20,1.0
2017,Team Vitality,oe:team:e8d8ae992fe72acb7adc7bfcee31dbb,Team Vitality,59,1.0
2017,Team WE,oe:team:62c1cd9465dc63824593ee5046f5aa8,Team WE,96,1.0
2017,Team Yetti,oe:team:a8c8d7ddcc650370a3efd256810ea64,Team Yetti,7,1.0
2017,Team oNe eSports,oe:team:364547a649dd1c75e258f0d5168509f,Team oNe eSports,32,1.0
2017,Team-LDLC,oe:team:e31c6dcc465e0b94500ef023f42cdc1,LDLC OL,12,1.0
2017,Tempo Storm,oe:team:69aa914c3c6ec71f1c8aa4fc03abc4d,Tempo Storm,44,1.0
2017,Tricked Esport,oe:team:2afb248007781e3a3ff485eece218bd,Tricked Esport,12,1.0
2017,Tricksters,oe:team:0981919f271bab5684bad9d851b2985,Tricksters,5,1.0
2017,Unicorns of Love,oe:team:142fd4ee188f60dc0549cdca7610e55,Unicorns of Love,97,1.0
2017,University of Toronto,oe:team:e7bb15e9b5c8dbb32b34d8dc5b08d99,University of Toronto,3,1.0
2017,Unsold Stuff Gaming,oe:team:d071b2912dea2b3debbf837afb9f8de,Unsold Stuff Gaming,54,1.0
2017,V3 Esports,oe:team:af4b23d4634c4e6ecb5659fb1e689e9,V3 Esports,3,1.0
2017,Vaevictis eSports,oe:team:d80359db3f21194a58b02a3c7362695,Vaevictis eSports,38,1.0
2017,Vega Squadron,oe:team:95fa2bbc5eb242e7c3243c3467e32f3,Vega Squadron,38,1.0
2017,Vici Gaming,oe:team:5627e3ef0b2477289b218ddeb6a151a,Vici Gaming,98,1.0
2017,Victorious Ace,oe:team:fe4037291be174edbe8b85a271f54f5,Victorious Ace,17,1.0
2017,Virtus.pro,oe:team:cd17656e0072109bd90f948b279e01e,Virtus.pro,47,1.0
2017,Wayi Spider,oe:team:acc3e7a06d4b21fc76b8a3b37812c15,Wayi Spider,70,1.0
2017,Wind and Rain,oe:team:43f0e738f499e03374ad0b758c936ce,Wind and Rain,21,1.0
2017,Young Generation,oe:team:6c951ee7222ac9acd244aa88c9e8330,Young Generation,28,1.0
2017,Young Glory,oe:team:3383aee09cbbd027fc9ebb11859de19,Young Glory,58,1.0
2017,Young Miracles,oe:team:1486bbe432b1153d9a83ff6e75d6c90,Young Miracles,121,1.0
2017,ZAGA Talent Gaming,oe:team:a171b75ac0c9cdb81a4d66413a6f4e7,ZAGA Talent Gaming,62,1.0
2017,ahq Fighter,oe:team:55669acf4bbe596500b25b07e9a841c,ahq Fighter,10,1.0
2017,ahq eSports Club,oe:team:d15303823a1dccff9f3068fb357e356,ahq eSports Club,88,1.0
2017,bbq Olivers,oe:team:c6a4f426b85f581ff9b009d1e8bfae5,bbq Olivers,99,1.0
2017,eUnited,oe:team:2261bbacd055e64d38e4c43a2bfcbd9,eUnited,65,1.0
2017,eXtreme Gamers,oe:team:1e8ab310a44559502177379445ad12d,XGamers,28,1.0
2017,paiN Gaming,oe:team:61450737f7b683db4da7b3e0bf0dced,paiN Gaming,40,1.0
2018,100 Thieves,oe:team:4bd1751425ef6a9bc9d4d8e9385b4a6,100 Thieves,65,1.0
2018,100 Thieves Academy,oe:team:acbc961cec36a59ede6695669ad7a19,100 Thieves Academy,41,1.0
2018,5 Hydra Esport,oe:team:84315572819d9799b654528873efbb6,5 Hydra Esport,14,1.0
2018,5Fox E-Sports Club,oe:team:6fdc1069d1d3adf089d6ca73d8ec06a,5Fox E-Sports Club,10,1.0
2018,6Sense,oe:team:dcc812505700e6470c2b4bb2ce4437c,6Sense,39,1.0
2018,7th heaven,oe:team:32f5dedea90b1ec28566a3b0c278cc3,7th heaven,28,1.0
2018,AKIHABARA ENCOUNT,oe:team:00139c5837e7a000b62cb9ed6f4f3c8,AKIHABARA ENCOUNT,35,1.0
2018,APK Prince,oe:team:c228d8939c704a1d5ac0e3d49477cc4,SeolHaeOne Prince,68,1.0
2018,ASUS ROG Army,oe:team:266f28c813f67d6f43897ef089f6cf6,ASUS ROG Army,44,1.0
2018,ASUS ROG ELITE,oe:team:8876fffa2a609c6e4cfddfbbaedc2dd,ASUS ROG ELITE,8,1.0
2018,AVANGAR,oe:team:6ce0a8dd22626bff39fc36240eef7ee,AVANGAR,13,1.0
2018,Afreeca Freecs,oe:team:b3c72a20aa56f5d28022ac04a7dc294,DN SOOPers,117,1.0
2018,Afro Beast,oe:team:b07f968bfb5a5b0164a904c75e77e78,Afro Beast,5,1.0
2018,Aftershock Esports,oe:team:846fd5a569a9d306b647411861e962f,Aftershock Esports,10,1.0
2018,Ascension Gaming,oe:team:6db10eb2b230fe5af5947ce5d46bc9a,Ascension Gaming,21,1.0
2018,Aston eSports,oe:team:f42d079ab8451bab070c347e730f5fa,Aston eSports,10,1.0
2018,Avant Academy,oe:team:fd2be44e083523bc6f60d506d74be4d,Avant Academy,11,1.0
2018,Avant Gaming,oe:team:5bef6688c36d00642436d00a83d9c14,Avant Gaming,58,1.0
2018,Berlin International Gaming,oe:team:3de935df8f40fbb4d0e564d4a20e6cb,Berlin International Gaming,3,1.0
2018,Beşiktaş Esports,oe:team:4f19751f9f051533995772897da2d77,Beşiktaş Esports,46,1.0
2018,Big One Gaming,oe:team:dda0813cbc9db279be5ee98c7c5b9c1,Big One Gaming,65,1.0
2018,Bigetron E-Sports,oe:team:4ba35a7ee6378eb1f82d8e706bd6f2c,Bigetron E-Sports,4,1.0
2018,Bilibili Gaming,oe:team:d356a144644879dabb5f34cd99c886d,Bilibili Gaming,123,1.0
2018,Bombers,oe:team:8de081afe2ce8b05dff41610b880b5a,Bombers,50,1.0
2018,Bombers Academy,oe:team:fae75f985d8c1509fa55ea782737bf6,Bombers Academy,12,1.0
2018,BowQen Blackbucks,oe:team:33968118a37b94e30cae520c22ce065,BowQen Blackbucks,21,1.0
2018,Burning Core,oe:team:73c73a123b43e071470729f74ef2022,Burning Core Toyama,27,1.0
2018,Bursaspor Esports,oe:team:51176816845d58dd15984964ae60734,Bursaspor Esports,31,1.0
2018,CCfuture,oe:team:f0822146e30aa1b07cbda205f14378e,CCfuture,31,1.0
2018,CILEKLER,oe:team:976f493ffced42aa45f10ce70339c46,ÇİLEKLER,10,1.0
2018,CLG Academy,oe:team:fe409cbd7c72eb621d9c4e7eac75936,CLG Academy,49,1.0
2018,CNB e-Sports Club,oe:team:4df410b2df000c4b430debfe467a76f,CNB e-Sports Club,48,1.0
2018,Cherry Esports,oe:team:f97d88e6ec3c80153be75b4fc3c0c10,Cherry Esports,67,1.0
2018,Chiefs Academy,oe:team:42efab15102679bcf44aa18df95363e,Chiefs Academy,20,1.0
2018,Chiefs Esports Club,oe:team:692bccdba8ec7050f5aeb916815439e,Chiefs Esports Club,61,1.0
2018,Chong Qing Gaming,oe:team:54bd9d229a7e95564619f0f44117263,Chong Qing Gaming,35,1.0
2018,Cloud9,oe:team:fc8e90107dabb9a35c490b0d86adea0,Cloud9,85,1.0
2018,Cloud9 Academy,oe:team:4e28e7839cbb263369dfcb1794a25e2,Cloud9 Academy,48,1.0
2018,Clutch Gaming,oe:team:7b13b2cc48c457832262d00d5ffa6d6,Clutch Gaming,52,1.0
2018,Clutch Gaming Academy,oe:team:6c12501a3ea9d19dbbd5619f3f938e9,Clutch Gaming Academy,41,1.0
2018,Comanche,oe:team:57ca6ef2561289fd5bd5ac2ebe689e1,Comanche,16,1.0
2018,Coscu Army,oe:team:dc37b5d3bad57cd8d808c22f1f42046,Coscu Army,8,1.0
2018,Counter Logic Gaming,oe:team:cbfaf0ca2181f0903d2fcceb6c28f3b,Counter Logic Gaming,36,1.0
2018,Crest Gaming Act,oe:team:6d17eb4ba840f83bf65c9a19c656a53,Crest Gaming Act,46,1.0
2018,Crimson Gaming,oe:team:4874e6de4ceddd06bc053532608b580,Crimson Gaming,16,1.0
2018,CrowCrowd,oe:team:ba0e5d60413f9eda6ffb0cb0e0ee531,CrowCrowd,17,1.0
2018,Crvena zvezda Esports,oe:team:f4b807048502e27f01499f06b235a9a,Crvena zvezda Esports,6,1.0
2018,Cube Adonis,oe:team:e04e615807da5e9d86b88eb695ff935,Cube Adonis,46,1.0
2018,Cyberground Gaming,oe:team:7894460f171d66e8ffc149c05b056a8,Cyberground Gaming,14,1.0
2018,DAMWON Gaming,oe:team:ef69efa6acebe94107f0cf1ba716806,Dplus Kia,77,1.0
2018,Dark Horse,oe:team:c5c317341ae046ce3345b8d56efce5c,Dark Horse,49,1.0
2018,Dark Passage,oe:team:a42600a99997fca0d35f2821662b997,Dark Passage,67,1.0
2018,Dash9 Gaming,oe:team:cb2c732f028c98d4fb314ee8f28b5d8,Dash9 Gaming,43,1.0
2018,DengKaiLi Game Team,oe:team:d123edddbd447a5af9b6402e1689e2d,DengKaiLi Game Team,31,1.0
2018,DetonatioN FocusMe,oe:team:e435aa3ecb82a89e60544f5f5857a81,DetonatioN FocusMe,58,1.0
2018,Dire Cubs,oe:team:0d9f89772c3f008ae34e4f597253242,Dire Cubs,21,1.0
2018,Dire Wolves,oe:team:cd6e0eea04af23b9c0735dab41a9941,Dire Wolves,67,1.0
2018,Dolphins,oe:team:8f3490a556855787a9949347ae9b834,Dolphins,13,1.0
2018,Dragon Army,oe:team:e8d370a0e90adebb0571ec096375906,Dragon Army,38,1.0
2018,Dragon Army Academy,oe:team:2e6d581037ed7a47664cb5d147614e1,Dragon Army Academy,10,1.0
2018,Dragons E.C.,oe:team:08d1c79edd0b1acd40f6c9307a79e79,Dragons E.C.,28,1.0
2018,EDward Gaming,oe:team:056c3140a119e44a03d462e2c832f27,EDward Gaming,157,1.0
2018,ES Sharks,oe:team:2844099587c35cb0e600ebb009c291a,ES Sharks,70,1.0
2018,EURONICS Gaming,oe:team:514d848d968399a239cdcc3d1412f2d,EURONICS Gaming,11,1.0
2018,EVOS Esports,oe:team:1961f0a198997edc84b41b7da7f643d,EVOS Esports,89,1.0
2018,Echo Fox,oe:team:8c6a9b88111f0f2ed8b5c6c5f42614d,Echo Fox,55,1.0
2018,Echo Fox Academy,oe:team:2b688a6cc8da916b7b3aaf2bd615605,Echo Fox Academy,45,1.0
2018,Elements Pro Gaming,oe:team:0d5a4462c2d79495e2e236cdaf8a360,Elements Pro Gaming,35,1.0
2018,Elite Wolves,oe:team:c49a2a9ac33f825f884410881760d80,Elite Wolves,9,1.0
2018,Emprox,oe:team:85fcd014fb0b98c94dcbf3f7f1f207d,Emprox,18,1.0
2018,Enclave,oe:team:4f945c33c50d670037fb6dad4005b17,Enclave,9,1.0
2018,Ever8 Winners,oe:team:a93534e7216950180b13dbb88f26d2d,Ever8 Winners,56,1.0
2018,Evilvice Esports,oe:team:af6e55ec5637178b775d725c65616c3,Evilvice Esports,34,1.0
2018,Excel Esports,oe:team:8f995652631df209ff11c4542abdcaf,Excel Esports,9,1.0
2018,FC Schalke 04 Esports,oe:team:1d0f5e58f39613aff1a3dd4ed85933e,FC Schalke 04 Esports,55,1.0
2018,FTV Esports,oe:team:b8ceb43093a8ecd96a325ebdd5e38ab,FTV Esports,65,1.0
2018,Fenerbahçe Esports,oe:team:418c28593a78b57ef74e47d0c18640a,Fenerbahçe Esports,73,1.0
2018,Flamengo Esports,oe:team:50b9075ca20fb326456aded56aa7937,Flamengo MDL,50,1.0
2018,Flash Wolves,oe:team:7cd8dc1c987b84b99e3d246d1943c92,Flash Wolves,99,1.0
2018,FlyQuest,oe:team:2e66da41dc460dd378e3bcc57042d31,FlyQuest,41,1.0
2018,FlyQuest Academy,oe:team:92a5dd0b813a9eea72ba22adf5fe78e,FlyQuest Academy,53,1.0
2018,Fnatic,oe:team:78f183fa5a7d8ecb22b9ad272c3abd7,Fnatic,94,1.0
2018,For The Win Esports,oe:team:ecaf2adae2ff7f9511c9f662f18ffe7,For The Win Esports,3,1.0
2018,Friends Forever Gaming,oe:team:b3931ca265ef0e93881b5eac6dcb375,Friends Forever Gaming,77,1.0
2018,FunPlus Phoenix,oe:team:33d17f3717f58e12a3da80b377221fb,FunPlus Phoenix,99,1.0
2018,Furious Gaming,oe:team:6414602bd3443e9f8c3aae5c73bbc5a,Furious Gaming,57,1.0
2018,G-Rex,oe:team:0b63f14fd7de22a26869bb1c76f87fc,G-Rex,96,1.0
2018,G2 Esports,oe:team:7d6673d3a9d00363c6bebc1a630da6e,G2 Esports,88,1.0
2018,G2 Vodafone,oe:team:a2bb57fa2128f7cab5d707d66540813,G2 Vodafone,17,1.0
2018,GAM Esports,oe:team:9cae7677cd0dbcc1cd86653870b73c2,GAM Esports,31,1.0
2018,GC Busan Rising Star,oe:team:0327d25d005275cfaf3cdb62628d33f,GC Busan Rising Star,32,1.0
2018,GIGABYTE Marines,oe:team:9cae7677cd0dbcc1cd86653870b73c2,GAM Esports,53,1.0
2018,Galakticos,oe:team:28428f3022fc1ea52264b35912093dc,Galakticos,53,1.0
2018,Gambit Esports,oe:team:418bd4b8f699d70c4509d7f9c768a3a,Gambit Esports,64,1.0
2018,Game Talents,oe:team:a0995be66c38dc996c6fd94bd9db9c3,Game Talents,67,1.0
2018,GamersOrigin,oe:team:d4795b41be2ffe2063d40d1509eb890,GamersOrigin,12,1.0
2018,Gaming Gaming,oe:team:0775b07e7e528fc47bd319f5cab14b4,Gaming Gaming,37,1.0
2018,Gen.G,oe:team:50f58982d91a36557ec8aec52ab014f,Gen.G,65,1.0
2018,Gentside,oe:team:55e772f74d76682c821da22459e0ac2,Gentside,13,1.0
2018,Giants Gaming,oe:team:5d6a39df3a740f807c9d4dc9f04bd81,Giants Gaming,36,1.0
2018,Giants Gaming Spain,oe:team:6dd9fc16013a656e475c1b1eb7d4e06,Giants,16,1.0
2018,Golden Guardians,oe:team:87ee02298073abc2d55060f097d4041,Golden Guardians,36,1.0
2018,Golden Guardians Academy,oe:team:d1f833765bf7a9a8109d96a1b61afd7,Golden Guardians Academy,36,1.0
2018,Griffin (Korean Team),oe:team:76b516358ee227ba806ba5d955b6314,Griffin,99,1.0
2018,Ground Zero Gaming,oe:team:788115a84f68bc65fa6d3a4e0f67a3e,Ground Zero Gaming,13,1.0
2018,H2k-Gaming,oe:team:5b90b1fda6971ccdccf9eb32286aa50,H2k-Gaming,41,1.0
2018,HANAGUMI KAREN,oe:team:4e03a96aba9572295ad53c4bfa7d453,HANAGUMI KAREN,5,1.0
2018,HOU GAMING,oe:team:1a9887b52c7cb6550d325ede8244a12,HOU GAMING,8,1.0
2018,HWA Gaming,oe:team:47980e0bc08d56ec5a4274f07016ab5,HWA Gaming,66,1.0
2018,Hafnet eSports,oe:team:07f268d6bcf7dfa246348135f512fe2,Hafnet eSports,47,1.0
2018,Hall of Fame,oe:team:0f4b99bef6a148e203e725bef554929,Hall of Fame,38,1.0
2018,Hanwha Life Esports,oe:team:3a1d18f46bcb3716ebcfcf4ef068934,Hanwha Life Esports,46,1.0
2018,HarmoniX Gaming,oe:team:e581596cec3767d68b3f23d68bfa5c4,HarmoniX Gaming,15,1.0
2018,Hokuto Esports,oe:team:f34c400132b57be53eb4c25828693c2,Hokuto Esports,4,1.0
2018,Hong Kong Attitude,oe:team:6f0162b86d2a0d206ba9a08a1da14be,Hong Kong Attitude,77,1.0
2018,I Gaming Star,oe:team:4717e24738f334e3105a914a0388bc3,I Gaming Star,7,1.0
2018,INFINITY,oe:team:7e3dd5ff49e1a44784d225d2de40260,inf,54,1.0
2018,INTZ,oe:team:bcb21457414eb9be1d27489ff7e8e59,INTZ,47,1.0
2018,Ilha da Macacada Gaming,oe:team:3cfb5ebe63afedf7c686dd9bb4c277c,Ilha da Macacada Gaming,37,1.0
2018,Illuminar Gaming,oe:team:6cedba5819b5b7c465cb3bb48bfe855,Illuminar Gaming,17,1.0
2018,Immortals,oe:team:c334c629fea759876e9e04afbe4aee7,Immortals,7,1.0
2018,Intuition,oe:team:5ba8f69f3398de4c9b200e1f1456669,Intuition,18,1.0
2018,Invictus Gaming,oe:team:53a258f289c26d94431c0496a54e151,Invictus Gaming,147,1.0
2018,Iron Hawks e-Sports,oe:team:9b0df420260436d585355369af3cbe6,Iron Hawks e-Sports,10,1.0
2018,Isurus,oe:team:5737b101780a9835142549164be1ac4,Isurus,56,1.0
2018,J Team,oe:team:b41d715b166da7092724123264e4560,J Team,85,1.0
2018,JD Gaming,oe:team:b42d0f31f2727621b963042276817c4,JD Gaming,132,1.0
2018,Jin Air Green Wings,oe:team:5e29baf115bdaaeeb3bafa7f288b298,Jin Air Green Wings,97,1.0
2018,Joy Dream,oe:team:ae2a2737a8d8d2b8e396dabae0e149b,Joy Dream,74,1.0
2018,K1ck eSports Club,oe:team:73f3cc4e54620b1454530648442e066,K1CK,5,1.0
2018,KIYF eSports Club,oe:team:c46a7c8dbc4aa414a481a5de60c613e,KIYF eSports Club,46,1.0
2018,KSV eSports,oe:team:40588fea8e54db0dd6c86ed78262a13,KSV eSports,47,1.0
2018,KT Rolster,oe:team:d723992568441c6bafa2658129eade7,KT Rolster,120,1.0
2018,KaBuM! Esports,oe:team:86e551648da70c86cb473ce5d5f26f7,KaBuM! Esports,54,1.0
2018,Kaos Latin Gamers,oe:team:c5b7f439779b465529ff283c53f41c0,Kaos Latin Gamers,67,1.0
2018,KeyMedia,oe:team:f6d3af6ea2f59c08f5231415a65cee2,KeyMedia,34,1.0
2018,King of Future,oe:team:c2cbbea762044e35a5915b171125398,King of Future,70,1.0
2018,Kingzone DragonX,oe:team:fce0c469080578fffd7034b5f2ff57d,Kingzone DragonX,112,1.0
2018,KlikTech,oe:team:5436999a3de96fa22facd4bcd0c709b,KlikTech,14,1.0
2018,Kongdoo Monster,oe:team:46c474825b4767ff6113d344264f60f,Kongdoo Monster,93,1.0
2018,Kowloon Esports,oe:team:a23ce736c2f04077f0cbb27248d12f0,Kowloon Esports (九龍電競),4,1.0
2018,Kuala Lumpur Hunters,oe:team:ad9fce8cc6928691a352c901c980942,Kuala Lumpur Hunters,12,1.0
2018,LGD Gaming,oe:team:5f401785b6b78326f9a46b3c6b206ed,LGD Gaming,96,1.0
2018,LanXiang Gaming,oe:team:84ec2a9e95dfe995742eb5108cee0cc,LanXiang Gaming,26,1.0
2018,LaoPengYou,oe:team:c334b1db5e9b81049496999c69aec9d,LaoPengYou,32,1.0
2018,Legacy Esports,oe:team:4f5a0b869cd5960c307d1c45e9399a3,Legacy Esports,72,1.0
2018,Legacy Genesis,oe:team:638506106b833cf5649e0490244eed4,Legacy Genesis,12,1.0
2018,Legatum,oe:team:5126f460925c87fa40d1b37ef0c364d,Legatum,48,1.0
2018,Liberty Zeal Queue,oe:team:07fbe02a89664dfcfbe8f825f0afca6,Liberty Zeal Queue,32,1.0
2018,Longzhu Gaming,oe:team:fbf53cf218dfaa8c2b2a864d13d2206,Longzhu Gaming,19,1.0
2018,M19,oe:team:c7ad88feac64b5b6cca8f234b392862,M19,42,1.0
2018,MAD Lions E.C.,oe:team:a6a9ea0fa71e2e96cf5d5eb6ce9a4e2,MAD Lions E.C.,78,1.0
2018,MAD Team,oe:team:d17e6a2f130f0cf8dd071ce88d5b870,MAD Team,88,1.0
2018,MAMMOTH,oe:team:7bd8d762a338118fce3df129202eaed,MAMMOTH,24,1.0
2018,MOBA ROG,oe:team:11f5f2c70a8b02dc6d17fac94c126c9,MOBA ROG,17,1.0
2018,MVP,oe:team:21d5096acdfc62efed68418399ca291,MVP,108,1.0
2018,Machi Esports,oe:team:274c62a6d7e34e0e66e5f267a39d5f7,Machi Esports,75,1.0
2018,Macro Maniacs,oe:team:11b12070e876658f576ec41209f10aa,Macro Maniacs,20,1.0
2018,Mad Kings,oe:team:df70cf5eb04453059ae5a4e4e30a392,Mad Kings,4,1.0
2018,Mammoth Academy,oe:team:4a8c0af26c3e3abad2cf15711001855,Mammoth Academy,19,1.0
2018,Master of Chicken Gaming,oe:team:fa63571a9f777688f079f0ee86f746d,Master of Chicken Gaming,12,1.0
2018,Mighty Eagle,oe:team:590084186c6389b83116f1f83567149,Mighty Eagle,77,1.0
2018,Millenium,oe:team:d946eb399b263986b81fad7203186fa,Millenium,6,1.0
2018,Mineski,oe:team:66e08436a077c287777406c045d7b27,Mineski,11,1.0
2018,Misfits Academy,oe:team:c5e4f376de880fec7ac4b52fcc2ae27,Misfits Academy,8,1.0
2018,Misfits Gaming,oe:team:594b183f8fb081ef64820f31ab8d641,Misfits Gaming,64,1.0
2018,Monolith Gaming,oe:team:a10518b2ac8567174d81bc6a7e9b540,Monolith Gaming,13,1.0
2018,Moss Seven Club,oe:team:f58a8d352e90ae75eeedd400a5bad78,Moss Seven Club,77,1.0
2018,Movistar Riders,oe:team:4acc40654379b4da680be1bd3129dfa,Movistar KOI,59,1.0
2018,Ninjas in Pyjamas,oe:team:5a200b1a94fcaa054dd7c5764adbcaf,Ninjas in Pyjamas,27,1.0
2018,ORDER,oe:team:6575d9a58f0b41a108f2d6a565a0650,ORDER,57,1.0
2018,ORDER Academy,oe:team:15cd04e605d88070159951f2801fa82,ORDER Academy,12,1.0
2018,Oh My Dream,oe:team:d6ede6ace357c075af068ccac12ae9f,Oh My God Academy,66,1.0
2018,Oh My God,oe:team:f4c4528c6981e104a11ea7548630c23,Oh My God,90,1.0
2018,OnlyGame,oe:team:591045589c51305cadf216042381acc,OnlyGame,80,0.9875
2018,OpTic Gaming,oe:team:5f8017c71cc475ecf851aaf298b9359,OpTic Gaming,36,1.0
2018,OpTic Gaming Academy,oe:team:8ec1d9b925364a4f40c174a30023afc,OpTic Gaming Academy,36,1.0
2018,Operation Kino e-Sports,oe:team:536636ce0064fb7b5d3b9e91a0d7ca6,Operation Kino e-Sports,28,1.0
2018,Origen,oe:team:ac6cb6091eb27e5332f2926f44a7067,Origen,14,1.0
2018,OuYi Game Team,oe:team:f568ed3699bca56338d11b4def79e9c,OuYi Game Team,36,1.0
2018,Outplayed,oe:team:cd6b4265231d4ba346274357681c335,aNc Outplayed,23,1.0
2018,Oyun Hizmetleri,oe:team:ef73b0c8f0ee92631adf7cb11ebe12d,Oyun Hizmetleri,39,1.0
2018,P3P eSports,oe:team:ebb55385af1c848dba72b6a8dad6159,P3P eSports,10,1.0
2018,PENTAGRAM,oe:team:4493f5b2d1af75dcdcc93bbbdb8778c,PENTAGRAM,61,1.0
2018,PEX Team,oe:team:90b9e6e49dbd149490c883ec1f7d619,PEX Team,8,1.0
2018,Panathinaikos Esports,oe:team:9845928d28708fe756edc5dd7318496,Panathinaikos AC eSports,6,1.0
2018,Pars eSports,oe:team:c4301c851cb9c9c8a622d1855cd7941,Pars eSports,25,1.0
2018,Penguins,oe:team:af3038a77428ddddd50e5b431c5269e,UCAM Penguins,50,1.0
2018,People's Red Wolf Gaming,oe:team:9c07a8db250057eb7af3f7522b9a54c,People's Red Wolf Gaming,73,1.0
2018,Phong Vũ Buffalo,oe:team:b24f151e143d152c7cf8be9f13ec015,Phong Vũ Buffalo,44,1.0
2018,Pixel Esports Club,oe:team:c6d5aa661b7fc79404111ac75fbdcd4,Pixel Esports Club,19,1.0
2018,PlaPro.c58,oe:team:2c73dd4b4e6547f24e2d46acc17dc60,PlaPro.c58,13,1.0
2018,Predators Esports,oe:team:afd3cd4d4c0a7e194f57ffe605f2d0e,Predators Esports,35,1.0
2018,ProGaming Esports,oe:team:aa2a535ded3bc45217af1684a4451c4,ProGaming Esports,48,1.0
2018,QUT Tigers,oe:team:c4193e1de4cbb3a64553aa2e1d31b57,QUT Tigers,12,1.0
2018,Qing Niao Yu Xing Game Team,oe:team:9c852b265abe189b62a514ce836b619,QNG Team,33,1.0
2018,RED Canids,oe:team:67169969ecc058b307edfa9c6b7a3c0,RED Canids,37,1.0
2018,REVERSE Gaming,oe:team:779aaefb139c447bdc6950d89221014,RGA,76,1.0
2018,ROX Tigers,oe:team:93c730021ff69abdfccc4911a2f666f,ROX Tigers,49,1.0
2018,Racoon (Italian Team),oe:team:1ea33e423fda711df3254bb510eac95,Racoon,20,1.0
2018,Rainbow7,oe:team:2cb996a4b0ffaca3bcf66fe91450243,Movistar R7,43,1.0
2018,Rascal Jester,oe:team:16fbfa0b9d8a6aaa7ea303ac6d70669,Rascal Jester,38,1.0
2018,Razer Pichau Gaming,oe:team:3cfb5ebe63afedf7c686dd9bb4c277c,Ilha da Macacada Gaming,6,1.0
2018,Rebirth eSports,oe:team:5c116dedda7feae2f6ffc093f844ac6,Rebirth eSports,58,1.0
2018,Redemption eSports Porto Alegre,oe:team:f7357a7d977599b7742a122a2230cae,Redemption eSports Porto Alegre,17,1.0
2018,Rising SuperStar Gaming,oe:team:3f907847a2567328254a7c414ed90d8,Rising SuperStar Gaming,37,1.0
2018,RoX (2014 CIS Team),oe:team:d00921d1fc09960415443f591cb6160,RoX,38,1.0
2018,Rogue Warriors,oe:team:746be9a4c3793ab321bba257c450864,Rogue Warriors,130,1.0
2018,Rogue Warriors Shark,oe:team:608e3f723c2e599fda1b4237e8dea8f,Rogue Warriors Shark,69,1.0
2018,Royal Bandits,oe:team:9a09ff82bcddf9b01cb51081074c0ae,Royal Bandits,70,1.0
2018,Royal Club,oe:team:5e97f293e9986969e0abb397228dd6f,Royal Club,67,1.0
2018,Royal Never Give Up,oe:team:73f3126d91d35faa5d5ce34abadb865,Royal Never Give Up,178,1.0
2018,SCARZ Burning Core,oe:team:0c8c7ae7026874903b3d5407b112e8e,SCARZ Burning Core,14,1.0
2018,SHEINOO,oe:team:c80b36851e005bcee841f7d7a7c1a66,SHEINOO,71,1.0
2018,SK Telecom T1,oe:team:3354e252e33ed55fd8fa14595ca1564,SK Telecom T1,126,1.0
2018,SPGeSports,oe:team:6042dfd171ec855f1069300f12a3077,SPGeSports,5,1.0
2018,Samsung Galaxy,oe:team:3b84bb916852d07609c83d1ce91c1a9,Samsung Galaxy,21,1.0
2018,SanHe Gaming,oe:team:26ffec0fda09c861a2a3828867f7c2d,SanHe Gaming,30,1.0
2018,Scorpio Game,oe:team:4b2481a930580adc0bb83b582586934,Scorpio Game,64,1.0
2018,SeaDoggos,oe:team:84d208915088885cfba993570949df6,SeaDoggos,10,1.0
2018,Sengoku Gaming Legends,oe:team:984c3ce601b35d7617ad0bc8570946c,QT DIG∞,14,1.0
2018,Shadow Cream,oe:team:5bdae2e4b1f59b7a0d419c388f56036,Shadow Cream,83,1.0
2018,Si Yi Xuan E-Sport,oe:team:7d8c130d2b311b6293873cbfd58c561,Si Yi Xuan E-Sport,69,1.0
2018,Sin Gaming,oe:team:7aebbd262ba4e37525795a0e0846ca0,Sin Gaming,24,1.0
2018,SinoDragon Gaming,oe:team:cd62fe7f473afa37527d2d15e9565cd,SinoDragon Gaming,86,1.0
2018,Smash It Down,oe:team:ee05009669039fc7ccbec84adc29566,Smash It Down,10,1.0
2018,Snake Esports,oe:team:c1dea751bdd62128fe179344fceb5b2,Snake Esports,114,1.0
2018,Sovereign,oe:team:88d38b09586ab039ce64838aa57cd84,Sovereign,10,1.0
2018,Splyce,oe:team:3413ca4510110b5181f3e4b24d52719,Splyce,64,1.0
2018,Submarino Stars,oe:team:0be4da26bf3e925132f60c3d537fdab,Submarino Stars,10,1.0
2018,SunSister ReUnion,oe:team:ad15034033556001441137e8cab957d,SunSister ReUnion,22,1.0
2018,Suning,oe:team:8d47748b0e2a0ac34c90891889805a8,Suning,107,1.0
2018,Suning-S,oe:team:31b35dcae7e5d01be2e407b0abe6a23,Suning-S,70,1.0
2018,SuperMassive Esports,oe:team:5203ff881d5c82c5f720eb3a2f3b44c,Papara SuperMassive,91,1.0
2018,Szata Maga,oe:team:882489a21810ca2d45a4fcddb00d6ec,Szata Maga,9,1.0
2018,T Show,oe:team:5984d6ffbed283b363cf996cacff642,T Show,14,1.0
2018,TSM,oe:team:a22510a4756fa424cb0771b13261139,TSM,71,1.0
2018,TSM Academy,oe:team:b2840811ed80a85fcf6f023d4b73f8d,TSM Academy,36,1.0
2018,Team AURORA,oe:team:ce02eb63c33525b64c0734c872d64cd,Team AURORA,67,1.0
2018,Team Afro,oe:team:fc1bd99623705778dfcd456fa72e882,Team Afro,71,1.0
2018,Team Atlantis,oe:team:7b9e20d6e9a96efac45522f9a7b8a12,Team Atlantis,8,1.0
2018,Team BattleComics,oe:team:6f30f03d10ff80e0355187c6d7c6be4,Team BattleComics,94,1.0
2018,Team Cappadocia,oe:team:8b83746d117ad44d17b689eab7cbc0e,Team Cappadocia,32,1.0
2018,Team Cloud Drake (NASG Team),oe:team:f6fd2177acca4512dc0b8abbe67351a,Team Cloud Drake,10,1.0
2018,Team Echo Zulu,oe:team:ea6aaa4a7803a05fef1377dbedb3786,Team Echo Zulu,3,1.0
2018,Team Fighter,oe:team:d5258d543c6a4a8e0996193f99ccede,Team Fighter,77,1.0
2018,Team Forge,oe:team:fb999a0470494c0967ddc6b7121f54c,Team Forge,21,1.0
2018,Team Infernal Drake (NASG Team),oe:team:858117e8241051433bcfacf5fdac547,Team Infernal Drake,10,1.0
2018,Team Just,oe:team:4a81ab52f81b6819837a7f0439f684a,Team Just,44,1.0
2018,Team Just Ice,oe:team:d1df3657e00e792cf0c4cf2aab478a6,Team Just Ice,25,1.0
2018,Team Liquid,oe:team:8eb884e168f28402ce685bedebb5250,Team Liquid,72,1.0
2018,Team Liquid Academy,oe:team:3406c21f701022dbe9d9bf397b41465,Team Liquid Academy,45,1.0
2018,Team Mountain Drake (NASG Team),oe:team:ea7f5b6d73556e1148c7bb8ae123d4d,Team Mountain Drake,9,1.0
2018,Team Ocean Drake (NASG Team),oe:team:9f837e0b7d5a822babf09cc081b7622,Team Ocean Drake,9,1.0
2018,Team ROCCAT,oe:team:907351811cc0343ae5746cd2c75549d,Team ROCCAT,39,1.0
2018,Team Vitality,oe:team:e8d8ae992fe72acb7adc7bfcee31dbb,Team Vitality,66,1.0
2018,Team WE,oe:team:62c1cd9465dc63824593ee5046f5aa8,Team WE,121,1.0
2018,Team oNe eSports,oe:team:364547a649dd1c75e258f0d5168509f,Team oNe eSports,35,1.0
2018,Team-LDLC,oe:team:e31c6dcc465e0b94500ef023f42cdc1,LDLC OL,5,1.0
2018,Tectonic,oe:team:ee45aec8db48a3adec16589f944e577,Tectonic,52,1.0
2018,Tectonic Academy,oe:team:31429ba7db9414629983bdba5210ea6,Tectonic Academy,12,1.0
2018,The Largest Salary,oe:team:c0ac296596eb3725646fb17916598aa,The Largest Salary,18,1.0
2018,ThunderoBot Gaming,oe:team:1bf134b02c87e9c980a67114a600a43,ThunderoBot Gaming,33,1.0
2018,Topsports Gaming,oe:team:fcec508e780bbd1ad493852640f5b36,Top Esports,103,1.0
2018,Triumphant Song Gaming,oe:team:d133a1d79e3a76fd1db258c7c06bb7b,Triumphant Song Gaming,33,1.0
2018,Turing eSports,oe:team:9ff9802d71a1c44c5046ec222bd97f1,Turing eSports,3,1.0
2018,Two-eyed Monsters,oe:team:b27df85e8130444ae2c7c22d61057cf,Two-eyed Monsters,18,1.0
2018,TyLoo,oe:team:c3ad0025de0e62a6b31956339814b07,TyLoo,82,1.0
2018,Ultimate,oe:team:de98ff88c3bdee429f503fcffeac1c8,UTM Esports,40,1.0
2018,Unicorns of Love,oe:team:142fd4ee188f60dc0549cdca7610e55,Unicorns of Love,36,1.0
2018,Universidad Católica Esports,oe:team:9ed161c748673bdb61d92c3e82cf52b,Universidad Católica Esports,28,1.0
2018,Unlimited Potential,oe:team:35d01dfcb4df96b0fe4ccb8db0ce83b,Unlimited Potential,85,1.0
2018,Unsold Stuff Gaming,oe:team:d071b2912dea2b3debbf837afb9f8de,Unsold Stuff Gaming,61,1.0
2018,V3 Esports,oe:team:af4b23d4634c4e6ecb5659fb1e689e9,V3 Esports,53,1.0
2018,V3 New Generation,oe:team:6e3823e272bd5d09c31ee43c80df7e6,V3 New Generation,14,1.0
2018,VC Gaming,oe:team:fd2c4002bfafbae0456da0185e14120,VC Gaming,34,1.0
2018,VP Game,oe:team:c77c806b4de6749ab640b4a79f7a5f9,VP Game,66,1.0
2018,Vaevictis eSports,oe:team:d80359db3f21194a58b02a3c7362695,Vaevictis eSports,31,1.0
2018,Vega Squadron,oe:team:95fa2bbc5eb242e7c3243c3467e32f3,Vega Squadron,28,1.0
2018,Vici Gaming,oe:team:5627e3ef0b2477289b218ddeb6a151a,Vici Gaming,95,1.0
2018,Victorious Gaming,oe:team:661399cd57d6efe4a62201665c4ebc8,Victorious Gaming,74,1.0
2018,Victory Song Gaming,oe:team:cd71fca6c80adf06a6c0ee35e1614a3,Victory Song Gaming,67,1.0
2018,Vikings Gaming,oe:team:5c1805e6ac1ed4744cb02abb0184f26,Vikings Gaming,31,1.0
2018,Virtual Reality Game,oe:team:38b4af2eefb42dc083c053dfa028d00,Virtual Reality Game,33,1.0
2018,Vivo Keyd,oe:team:2ac91e85ddcfa4e5c6ec6c9b5d3f3f0,Vivo Keyd,52,1.0
2018,Vodafone Giants.Spain,oe:team:6dd9fc16013a656e475c1b1eb7d4e06,Giants,43,1.0
2018,Vortex Team,oe:team:c330157f545ea628d7c8bd0b35850bf,Vortex Team,34,1.0
2018,WP Gaming,oe:team:2a20f01b9c2fec8d3b781133e2bb7b2,WP Gaming,10,1.0
2018,Wind and Rain,oe:team:43f0e738f499e03374ad0b758c936ce,Wind and Rain,3,1.0
2018,Winners,oe:team:e5762a12b1dca7458bf1e6cdba8457e,Winners,43,1.0
2018,WuDu,oe:team:364b7057b299d4fe2fcfeda934696bb,WuDu,36,1.0
2018,Young Generation,oe:team:6c951ee7222ac9acd244aa88c9e8330,Young Generation,39,1.0
2018,Young Miracles,oe:team:1486bbe432b1153d9a83ff6e75d6c90,Young Miracles,75,0.9866666666666667
2018,YouthCrew Esports,oe:team:ea2a0b6a4dfccbe3c144dabb2bf99de,YouthCrew Esports,75,1.0
2018,ZAGA Talent Gaming,oe:team:a171b75ac0c9cdb81a4d66413a6f4e7,ZAGA Talent Gaming,37,1.0
2018,ad hoc gaming,oe:team:52fd51dc4607d54f4e6e7b00a69b3ca,ad hoc gaming,3,1.0
2018,ahq eSports Club,oe:team:d15303823a1dccff9f3068fb357e356,ahq eSports Club,73,1.0
2018,bbq Olivers,oe:team:c6a4f426b85f581ff9b009d1e8bfae5,bbq Olivers,97,1.0
2018,eMonkeyz,oe:team:30c141fd39621b22cf67eb62dbaea69,eMonkeyz,47,1.0
2018,eSuba,oe:team:3faefd9245a4ef6ba347fbcf2a51515,eSuba,6,1.0
2018,iDomina eSports,oe:team:1ed1d3a123c9cb9961e9dada9786646,iDomina eSports,16,1.0
2018,inFerno eSports,oe:team:7a41aed19e5c6f7fd69b0cfafee4071,inFerno eSports,20,1.0
2018,mousesports,oe:team:7c4854374e4daa6b00206eb922359a9,MOUZ NXT,7,1.0
2018,paiN Gaming,oe:team:61450737f7b683db4da7b3e0bf0dced,paiN Gaming,38,1.0
2019,100 Thieves,oe:team:4bd1751425ef6a9bc9d4d8e9385b4a6,100 Thieves,43,1.0
2019,100 Thieves Academy,oe:team:acbc961cec36a59ede6695669ad7a19,100 Thieves Academy,54,1.0
2019,9z Team,oe:team:996738a4a0d3d56b8c1fdcf003f23ee,9z Team,22,1.0
2019,ACE 1,oe:team:6bbda53cb536e51fc2d3fd0256951c1,ACE 1,16,1.0
2019,ACTINA PACT,oe:team:1210047b1f9e343b6a2f0e48358733c,ACTINA PACT,35,1.0
2019,ANEW Esports,oe:team:86bd7e5d5feb9c91d3026fdf741ef07,ANEW Esports,7,1.0
2019,APK Prince,oe:team:c228d8939c704a1d5ac0e3d49477cc4,SeolHaeOne Prince,91,1.0
2019,AS Trenčín esports,oe:team:2895c70302bd198ff8327ba552cafdb,AS Trenčín esports,39,1.0
2019,ASP Esports,oe:team:d8ab5f687bf0b1d829bd0c2883b819c,ASP Esports,14,1.0
2019,ASUS ROG ELITE,oe:team:8876fffa2a609c6e4cfddfbbaedc2dd,ASUS ROG ELITE,47,1.0
2019,AVEZ Esport,oe:team:b2f0f60d345fc34475b278e7a1ede1b,AVEZ Esport,18,1.0
2019,AXIZ,oe:team:800133e1f0fb01e3326d93eee58f0f4,AXIZ,42,1.0
2019,AZIO eSports,oe:team:4fc2ce83c0e48f8c07cf04a0fe13b33,AZIO eSports,14,1.0
2019,Adonis Esports,oe:team:359f4fcf1cfcd0894f52563d5cae1bc,V Gaming Adonis,14,1.0
2019,Afreeca Freecs,oe:team:b3c72a20aa56f5d28022ac04a7dc294,DN SOOPers,107,1.0
2019,Akademia,oe:team:2f9d5b62dd6216cb5e7e777844e17d8,Akademia,30,1.0
2019,All Knights,oe:team:ac644a006bcf1a44682d666df19864c,All Knights,54,1.0
2019,Alpha Esports,oe:team:dfd20f6b96340a66e4004f41215f6b7,Alpha Esports,59,1.0
2019,Anáhuac Esports,oe:team:a376ed223776110ba2749fc65c07896,Anáhuac Esports,44,1.0
2019,Arctic Gaming Mexico,oe:team:ac655e92876e020fc404aff244a95e3,Arctic Gaming México,43,1.0
2019,Ascension Gaming,oe:team:6db10eb2b230fe5af5947ce5d46bc9a,Ascension Gaming,4,1.0
2019,Asura (Korean Team),oe:team:9f8570136192e22b6e703c51ed81742,ASURA,72,1.0
2019,Asura eSports,oe:team:186ab4e0a1d44a51c426ed35af560f2,Asura eSports,10,1.0
2019,Avant Academy,oe:team:fd2be44e083523bc6f60d506d74be4d,Avant Academy,10,1.0
2019,Avant Gaming,oe:team:5bef6688c36d00642436d00a83d9c14,Avant Gaming,45,1.0
2019,Avia Deceptor,oe:team:5c5f0acb6a80770623c66e0d6b7a592,Avia Deceptor,3,1.0
2019,Azules Esports,oe:team:44990d61d2b6817c830634b1f652af2,Azules Esports,47,1.0
2019,BRUTE,oe:team:ddb6aa775eebeffd5cc41ba5c35c6a1,BRUTE,20,1.0
2019,Barrage (British Team),oe:team:ed697fa53b4832c6625299c1ddd40c9,Barrage,17,1.0
2019,Berlin International Gaming,oe:team:3de935df8f40fbb4d0e564d4a20e6cb,Berlin International Gaming,27,1.0
2019,Beşiktaş Academy,oe:team:1983b6e9dc5d2b7538f8787448dd5d7,Beşiktaş Academy,39,1.0
2019,Beşiktaş Esports,oe:team:4f19751f9f051533995772897da2d77,Beşiktaş Esports,43,1.0
2019,Bilibili Gaming,oe:team:d356a144644879dabb5f34cd99c886d,Bilibili Gaming,84,1.0
2019,Bilibili Gaming Junior,oe:team:4dfc9a0f1a6e1f2fcd8169ad3cdc5da,Bilibili Gaming Junior,122,1.0
2019,Boavista FC,oe:team:07837648624136cfa442f4d3bf29de0,Boavista FC,43,1.0
2019,Bombers,oe:team:8de081afe2ce8b05dff41610b880b5a,Bombers,55,1.0
2019,Bombers Academy,oe:team:fae75f985d8c1509fa55ea782737bf6,Bombers Academy,13,1.0
2019,Bring It On,oe:team:a32a2b3523e4b21334396c1d0b6aa11,Bring It On,17,1.0
2019,Brion Blade,oe:team:b77b3f6068e20a2b3edc0ecd3dc70d4,HANJIN BRION,80,1.0
2019,Buff Katarina,oe:team:be05254b418d34ad5579446766e37b8,Buff Katarina,6,1.0
2019,Bulldog Esports,oe:team:4ccccd4b7c3dba7d799d52c4b78634d,Bulldog Esports,9,1.0
2019,Burning Core,oe:team:73c73a123b43e071470729f74ef2022,Burning Core Toyama,42,1.0
2019,Bursaspor Academy,oe:team:f897961ec197675982fc03ad90bd8b1,Bursaspor Academy,34,1.0
2019,Bursaspor Esports,oe:team:51176816845d58dd15984964ae60734,Bursaspor Esports,36,1.0
2019,CERBERUS Esports (Vietnamese Team),oe:team:05825167aedac3dc1e6f72133f52604,CERBERUS Esports,67,1.0
2019,CLG Academy,oe:team:fe409cbd7c72eb621d9c4e7eac75936,CLG Academy,39,1.0
2019,CNB e-Sports Club,oe:team:4df410b2df000c4b430debfe467a76f,CNB e-Sports Club,49,1.0
2019,CONQUEROR Gaming,oe:team:a46bbd97cd8f657483cd2ebe65807fa,CONQUEROR Gaming,4,1.0
2019,Campus Party Sparks,oe:team:e82c09af2170776b35900be0ac82aa7,Campus Party Sparks,55,1.0
2019,Cherry Esports,oe:team:f97d88e6ec3c80153be75b4fc3c0c10,Cherry Esports,54,1.0
2019,Chiefs Academy,oe:team:42efab15102679bcf44aa18df95363e,Chiefs Academy,14,1.0
2019,Chiefs Esports Club,oe:team:692bccdba8ec7050f5aeb916815439e,Chiefs Esports Club,48,1.0
2019,Cloud9,oe:team:fc8e90107dabb9a35c490b0d86adea0,Cloud9,79,1.0
2019,Cloud9 Academy,oe:team:4e28e7839cbb263369dfcb1794a25e2,Cloud9 Academy,48,1.0
2019,Clutch Gaming,oe:team:7b13b2cc48c457832262d00d5ffa6d6,Clutch Gaming,77,1.0
2019,Clutch Gaming Academy,oe:team:6c12501a3ea9d19dbbd5619f3f938e9,Clutch Gaming Academy,36,1.0
2019,Coliseo Dragons,oe:team:57d5631e7201b8107fa494d8734c222,Coliseo Dragons,36,1.0
2019,Counter Logic Gaming,oe:team:cbfaf0ca2181f0903d2fcceb6c28f3b,Counter Logic Gaming,53,1.0
2019,Cream Esports,oe:team:464ed025802ab9dbf7f78130613e252,Cream Esports,43,1.0
2019,Cream Esports Mexico,oe:team:9874244e1d55d280cb0bad2070d9a13,Cream Real Betis,38,1.0
2019,Crest Gaming Act,oe:team:6d17eb4ba840f83bf65c9a19c656a53,Crest Gaming Act,50,1.0
2019,Crvena zvezda Esports,oe:team:f4b807048502e27f01499f06b235a9a,Crvena zvezda Esports,50,1.0
2019,Cyberground Gaming,oe:team:7894460f171d66e8ffc149c05b056a8,Cyberground Gaming,19,1.0
2019,D7G Esports Club,oe:team:3e7c25b77e695737a359094427e9752,D7G Esports Club,55,1.0
2019,DAMWON Gaming,oe:team:ef69efa6acebe94107f0cf1ba716806,Dplus Kia,124,1.0
2019,Dark Crows,oe:team:15ee27398a7075e6d267578bcf29e9f,Dark Crows,14,1.0
2019,Dark Horse,oe:team:c5c317341ae046ce3345b8d56efce5c,Dark Horse,41,1.0
2019,Dark Passage,oe:team:a42600a99997fca0d35f2821662b997,Dark Passage,40,1.0
2019,Dark Passage Academy,oe:team:9a7713efaa6251ddeb7736b04a99d07,Dark Passage Academy,40,1.0
2019,Dark Zone,oe:team:c709ca1768c057f3f5d3f6ac1e0e88f,Dark Zone,13,1.0
2019,DarkSpawn Gaming,oe:team:a71099f02ea48590446b27993a6732a,DarkSpawn Gaming,8,1.0
2019,Dashing Buffalo,oe:team:8e27b674a472ab529e758f13f0bace0,Saigon Buffalo,43,1.0
2019,Defusekids,oe:team:1fa8dca98f8e2e8b4077b5622355c61,Defusekids,6,1.0
2019,Delta Five,oe:team:9c1e113110b4cbbe5e29ed549969ec9,Delta Five,4,1.0
2019,Demise,oe:team:a52f0919a02a88ffe47639587f72073,Demise,16,1.0
2019,DetonatioN FocusMe,oe:team:e435aa3ecb82a89e60544f5f5857a81,DetonatioN FocusMe,67,1.0
2019,Diabolus Esports,oe:team:d496918ed33df066a706f8d33683d4c,Diabolus Esports,46,1.0
2019,Different Dimension,oe:team:b5e8ce41e4348bfe92ecfcea564d1aa,Different Dimension,19,1.0
2019,Dire Cubs,oe:team:0d9f89772c3f008ae34e4f597253242,Dire Cubs,18,1.0
2019,Dire Wolves,oe:team:cd6e0eea04af23b9c0735dab41a9941,Dire Wolves,50,1.0
2019,Dominus Esports,oe:team:aa3f831d6c456d1739dddbade7aa9e4,Dominus Esports,36,1.0
2019,Dominus Esports Young,oe:team:809957ac5348a94a81ebb138b8f3379,Dominus Esports Young,55,1.0
2019,Doxa Gaming,oe:team:724389b7ca1e2ed397ccb7bec52fb3d,Doxa Gaming,22,1.0
2019,Dragon Army,oe:team:e8d370a0e90adebb0571ec096375906,Dragon Army,28,1.0
2019,Dragon Gate Team,oe:team:31f6ccdc4e624abb0a528381291a572,Dragon Gate Team,33,1.0
2019,Dramatik Gaming,oe:team:72d49cb85f06f2078c12030e004a88c,Dramatik Gaming,9,1.0
2019,Dropz Esports,oe:team:0cb38b413d6ae4e08c029369dcd352f,Dropz Esports,14,1.0
2019,EDward Gaming,oe:team:056c3140a119e44a03d462e2c832f27,EDward Gaming,109,1.0
2019,EDward Gaming Youth Team,oe:team:6a04b6d8daa2cb0c623e81db686de40,EDG Youth Team,113,1.0
2019,EGN Esports,oe:team:8d48390319b4f7c25c13dd410b3a0bf,EGN Esports,47,1.0
2019,ES Sharks,oe:team:2844099587c35cb0e600ebb009c291a,ES Sharks,46,1.0
2019,ESCORT P9,oe:team:f33e729f8b4bab6c8188aa1c381e053,ESCORT P9,14,1.0
2019,ESTORM,oe:team:3401055de8e987e2b873385429123bc,ESTORM,34,1.0
2019,EVOS Esports,oe:team:1961f0a198997edc84b41b7da7f643d,EVOS Esports,74,1.0
2019,Echo Fox,oe:team:8c6a9b88111f0f2ed8b5c6c5f42614d,Echo Fox,40,1.0
2019,Echo Fox Academy,oe:team:2b688a6cc8da916b7b3aaf2bd615605,Echo Fox Academy,49,1.0
2019,Elements Pro Gaming,oe:team:0d5a4462c2d79495e2e236cdaf8a360,Elements Pro Gaming,39,1.0
2019,Emissary Esports,oe:team:0dfe299ce6b2991300f9730a4d670b3,Emissary Esports,14,1.0
2019,Emprox,oe:team:85fcd014fb0b98c94dcbf3f7f1f207d,Emprox,15,1.0
2019,Enclave,oe:team:4f945c33c50d670037fb6dad4005b17,Enclave,23,1.0
2019,Esports Academy,oe:team:d8fed581a97ae8abd305567d504bd1c,Esports Academy,18,1.0
2019,Esports Performance Center,oe:team:43155cbab766d2364949a70d7cc1e05,Esports Performance Center,8,1.0
2019,Estoril Praia eSports,oe:team:6204b4f9d845639c01b5085892fd0e7,Estoril Praia eSports,4,1.0
2019,Estral Esports,oe:team:1c81857b6ce6a3c1cd9220fd97e077f,Estral Esports,23,1.0
2019,Excel Esports,oe:team:8f995652631df209ff11c4542abdcaf,Excel Esports,36,1.0
2019,Excel UK,oe:team:2b7b9f30577e4eb59af48370ce8679c,JD|XL,55,1.0
2019,F3VP,oe:team:910f427f2ddacae3105b2dd73dfb8d7,F3VP,3,1.0
2019,FALKN,oe:team:a69604de13edd910cbd314b60c91f0f,FALKN,6,1.0
2019,FC Schalke 04 Esports,oe:team:1d0f5e58f39613aff1a3dd4ed85933e,FC Schalke 04 Esports,51,1.0
2019,FTV Esports,oe:team:b8ceb43093a8ecd96a325ebdd5e38ab,FTV Esports,82,1.0
2019,Falkol,oe:team:07e855b80cb18bda1a6c46470f0ca20,Falkol,33,1.0
2019,Feint Gaming,oe:team:b99687ec014dcbef79af28a531809a2,Feint Gaming,34,1.0
2019,Fenerbahçe Academy,oe:team:bc8cec60082a7eec4704c6ea73c2e4f,Fenerbahçe Academy,54,1.0
2019,Fenerbahçe Esports,oe:team:418c28593a78b57ef74e47d0c18640a,Fenerbahçe Esports,53,1.0
2019,Flamengo Esports,oe:team:50b9075ca20fb326456aded56aa7937,Flamengo MDL,63,1.0
2019,Flash Wolves,oe:team:7cd8dc1c987b84b99e3d246d1943c92,Flash Wolves,93,1.0
2019,FlyQuest,oe:team:2e66da41dc460dd378e3bcc57042d31,FlyQuest,49,1.0
2019,FlyQuest Academy,oe:team:92a5dd0b813a9eea72ba22adf5fe78e,FlyQuest Academy,36,1.0
2019,Fnatic,oe:team:78f183fa5a7d8ecb22b9ad272c3abd7,Fnatic,90,1.0
2019,Fnatic Rising,oe:team:eaa2452a5e851bc274666f41623143b,Fnatic Rising,64,1.0
2019,For The Win Esports,oe:team:ecaf2adae2ff7f9511c9f662f18ffe7,For The Win Esports,47,1.0
2019,Friends Forever Gaming,oe:team:b3931ca265ef0e93881b5eac6dcb375,Friends Forever Gaming,38,1.0
2019,FroztFire Team,oe:team:8b52915aa28fabc19fab7d7af5b84bf,FroztFire Team,28,1.0
2019,Fruition Esports,oe:team:29ef85d8a1244d668a749350ff1f2df,Fruition Esports,15,1.0
2019,FunPlus Phoenix,oe:team:33d17f3717f58e12a3da80b377221fb,FunPlus Phoenix,106,1.0
2019,FunPlus Phoenix Blaze,oe:team:68d9c4b067b3b6d5f3d5e4b1adc9f6e,FunPlus Phoenix Blaze,125,1.0
2019,Furious Gaming,oe:team:6414602bd3443e9f8c3aae5c73bbc5a,Furious Gaming,47,1.0
2019,Furious Gaming Academy,oe:team:f6918e6c2a3ca4e775360a7069e972d,Furious Gaming Academy,29,1.0
2019,Future Perfect WLGaming,oe:team:b19ab22267512e77945cd498106dcf1,WLGaming Esports,10,1.0
2019,G-Rex,oe:team:0b63f14fd7de22a26869bb1c76f87fc,G-Rex,89,1.0
2019,G2 Esports,oe:team:7d6673d3a9d00363c6bebc1a630da6e,G2 Esports,111,1.0
2019,G2 Heretics,oe:team:1277180e600ca5f219e91d672a69f7f,G2 Heretics,50,1.0
2019,GAM Esports,oe:team:9cae7677cd0dbcc1cd86653870b73c2,GAM Esports,79,1.0
2019,GTZ Bulls,oe:team:3659b5cb3434354530c31ce71461fc1,GTZ Esports,8,1.0
2019,Galakticos,oe:team:28428f3022fc1ea52264b35912093dc,Galakticos,36,1.0
2019,Galakticos Academy,oe:team:b9ec146a4772e94d2d303fcdbb73112,Galakticos Academy,34,1.0
2019,Galatasaray Academy,oe:team:ee71b2a517ae4fb13ab8cf4704183d8,Galatasaray Academy,32,1.0
2019,Galatasaray Esports,oe:team:0edc9f071bd123368afdc0c53a3db20,Galatasaray Esports,49,1.0
2019,Gama Dream,oe:team:defbe61b50f5f3bca8344b032c4db1c,Gama Dream,98,1.0
2019,Gambit Esports,oe:team:418bd4b8f699d70c4509d7f9c768a3a,Gambit Esports,47,1.0
2019,GamersOrigin,oe:team:d4795b41be2ffe2063d40d1509eb890,GamersOrigin,34,1.0
2019,Gamespace eSports,oe:team:4410ecf1b88f1316b6e6c110120c896,Gamespace Mediterranean College Esports,17,1.0
2019,GeekCase eSports,oe:team:92bc5b008ab5b69917c98fe85e50594,GeekCase eSports,27,1.0
2019,Gen.G,oe:team:50f58982d91a36557ec8aec52ab014f,Gen.G,103,1.0
2019,Godsent,oe:team:d4bfd255bb67567308e77c241ff6cac,Godsent,3,1.0
2019,Golden Guardians,oe:team:87ee02298073abc2d55060f097d4041,Golden Guardians,43,1.0
2019,Golden Guardians Academy,oe:team:d1f833765bf7a9a8109d96a1b61afd7,Golden Guardians Academy,44,1.0
2019,Gravitas,oe:team:4889684df277c6008eb89f48f94bded,Gravitas,42,1.0
2019,Gravitas Academy,oe:team:72c433e58f2ffff50fb11ccb1b9dbfb,Gravitas Academy,19,1.0
2019,Greek Regenesis,oe:team:d6a33a844865a46a3a046be02d6837b,Greek Regenesis eSports,25,1.0
2019,Griffin (Korean Team),oe:team:76b516358ee227ba806ba5d955b6314,Griffin,107,1.0
2019,Grow uP eSports,oe:team:622a2f5dc9620cda6c9155119741546,Grow uP eSports,33,1.0
2019,HG Esports,oe:team:cc0febb14e6012fe5d7ab5bf50ac21f,HG Esports,20,1.0
2019,HWA Gaming,oe:team:47980e0bc08d56ec5a4274f07016ab5,HWA Gaming,18,1.0
2019,HWA Gaming Academy,oe:team:25b0751ae06b76d14830ecef0a11715,HWA Academy,26,1.0
2019,Hafnet eSports,oe:team:07f268d6bcf7dfa246348135f512fe2,Hafnet eSports,33,1.0
2019,Hanwha Life Esports,oe:team:3a1d18f46bcb3716ebcfcf4ef068934,Hanwha Life Esports,93,1.0
2019,Havan Liberty Gaming,oe:team:a8760a8e23903488198e84618546202,Havan Liberty,33,1.0
2019,Hexagone Esports,oe:team:5e9b632a0a9d6901c33e980b637a50e,Hexagone Esports,37,1.0
2019,Hong Kong Attitude,oe:team:6f0162b86d2a0d206ba9a08a1da14be,Hong Kong Attitude,91,1.0
2019,INFINITY,oe:team:7e3dd5ff49e1a44784d225d2de40260,inf,61,1.0
2019,INTZ,oe:team:bcb21457414eb9be1d27489ff7e8e59,INTZ,67,1.0
2019,Illuminar Gaming,oe:team:6cedba5819b5b7c465cb3bb48bfe855,Illuminar Gaming,84,1.0
2019,Inaequalis,oe:team:f6ac342191e871ae8b13952ed61c31a,Inaequalis,11,1.0
2019,Indictive Esports,oe:team:89d1736937ce3251b8fc0483c356230,Indictive Esports,19,1.0
2019,Inside Games,oe:team:c2bd1dd17a070dbbb8df9aefb634a41,Inside Games,11,1.0
2019,Invictus Gaming,oe:team:53a258f289c26d94431c0496a54e151,Invictus Gaming,155,1.0
2019,Invictus Gaming Young,oe:team:01c9a45038d103935dc69490914f530,Invictus Gaming Young,110,1.0
2019,Istanbul Wildcats,oe:team:a65adb2808377018a2a7832eb2bd7f4,İstanbul Wildcats,18,1.0
2019,Istanbul Wildcats Academy,oe:team:637d0a65124780ff6ecca6ec06e67c2,İstanbul Wildcats Academy,26,1.0
2019,Isurus,oe:team:5737b101780a9835142549164be1ac4,Isurus,76,1.0
2019,Isurus Academy,oe:team:948ad976121cb4b2f628ecced7da1ee,Isurus Academy,44,1.0
2019,J Team,oe:team:b41d715b166da7092724123264e4560,J Team,78,1.0
2019,JD Gaming,oe:team:b42d0f31f2727621b963042276817c4,JD Gaming,101,1.0
2019,Jin Air Green Wings,oe:team:5e29baf115bdaaeeb3bafa7f288b298,Jin Air Green Wings,96,1.0
2019,Joy Dream,oe:team:ae2a2737a8d8d2b8e396dabae0e149b,Joy Dream,103,1.0
2019,K1ck eSports Club,oe:team:73f3cc4e54620b1454530648442e066,K1CK,49,1.0
2019,KT Rolster,oe:team:d723992568441c6bafa2658129eade7,KT Rolster,108,1.0
2019,KaBuM! Esports,oe:team:86e551648da70c86cb473ce5d5f26f7,KaBuM! Esports,51,1.0
2019,Kaos Latin Gamers,oe:team:c5b7f439779b465529ff283c53f41c0,Kaos Latin Gamers,51,1.0
2019,Kenty,oe:team:7d972ad90215f34c0b41ffd5734c0d4,Kenty,11,1.0
2019,King of Future,oe:team:c2cbbea762044e35a5915b171125398,King of Future,38,1.0
2019,Kingzone DragonX,oe:team:fce0c469080578fffd7034b5f2ff57d,Kingzone DragonX,106,1.0
2019,LGD Gaming,oe:team:5f401785b6b78326f9a46b3c6b206ed,LGD Gaming,75,1.0
2019,LNG Academy,oe:team:2506f4369f41031c5ae85640da9f749,LNG Academy,59,1.0
2019,LNG Esports,oe:team:a9145b7711873f53e610fbba0493484,LNG Esports,43,1.0
2019,LP Gaming,oe:team:bf61f06b4a15dd2870441f42412fde1,LP Gaming,7,1.0
2019,Legacy Esports,oe:team:4f5a0b869cd5960c307d1c45e9399a3,Legacy Esports,42,1.0
2019,Legacy Genesis,oe:team:638506106b833cf5649e0490244eed4,Legacy Genesis,13,1.0
2019,Legend Esport Gaming,oe:team:587ebdbf24034c9cf825a6e731ad058,Legend Esport Gaming,99,1.0
2019,Level Up esports,oe:team:60af568eab0264f92225ad6649bac88,Level Up esports,32,1.0
2019,LinGan e-Sports,oe:team:d18ab971048c6bc6e9f13ce38ba9fae,LinGan e-Sports,99,1.0
2019,Lotus Bloom,oe:team:a9deae81a8c100a7c823eaff0aaf305,Lotus Bloom,6,1.0
2019,Lotus Esports (2019 North American Team),oe:team:3f5f26df72c4e0c05bf272b1c6cbd0b,Lotus Esports,6,1.0
2019,Lowkey Esports,oe:team:d7a70e630922657d105195d2cbff0e5,Lowkey Esports,5,1.0
2019,Lowkey Esports.Vietnam,oe:team:246827ba8505ab1bac1083d093120bc,Lowkey Esports.Vietnam,50,1.0
2019,Lyon Gaming (2017 Latin America North Team),oe:team:d763efccae3a91419242f36294f86e4,Lyon Gaming,8,1.0
2019,M19,oe:team:c7ad88feac64b5b6cca8f234b392862,M19,31,1.0
2019,MAD Lions E.C.,oe:team:a6a9ea0fa71e2e96cf5d5eb6ce9a4e2,MAD Lions E.C.,59,1.0
2019,MAD Lions E.C. Colombia,oe:team:8129cf4a441af6379d48593e7e6918f,MAD Lions E.C. Colombia,4,1.0
2019,MAD Lions E.C. Mexico,oe:team:5b3bde865666acea6504cdeae90120f,MAD Lions E.C. Mexico,41,1.0
2019,MAD Team,oe:team:d17e6a2f130f0cf8dd071ce88d5b870,MAD Team,85,1.0
2019,MAMMOTH,oe:team:7bd8d762a338118fce3df129202eaed,MAMMOTH,57,1.0
2019,MEGA,oe:team:f589eafcf087c11af27e475bafb047f,MEGA,10,1.0
2019,MNM Gaming,oe:team:542063f7067a523ca263df1cb72f843,MNM Gaming,41,1.0
2019,MOBA ROG,oe:team:11f5f2c70a8b02dc6d17fac94c126c9,MOBA ROG,36,1.0
2019,MVP,oe:team:21d5096acdfc62efed68418399ca291,MVP,68,1.0
2019,Mammoth Academy,oe:team:4a8c0af26c3e3abad2cf15711001855,Mammoth Academy,17,1.0
2019,Maryville University,oe:team:9336ce46babf314b50e3a103506ae0a,Maryville University,27,1.0
2019,Michigan State University,oe:team:feb2238d292019b934a4a51cdae3230,Michigan State University,12,1.0
2019,Mirage Sport Électronique,oe:team:cb88ee3c195b2c7056830437a1f1565,Mirage Sport Électronique,11,1.0
2019,Misfits Gaming,oe:team:594b183f8fb081ef64820f31ab8d641,Misfits Gaming,36,1.0
2019,Misfits Premier,oe:team:c59bcb753bac65c0397bf9ebbcf850b,Misfits Premier,66,1.0
2019,Monkey Mafia,oe:team:c5d6cb43c96de77a0e420bc9f0ddc8a,Monkey Mafia,5,1.0
2019,Movistar Riders,oe:team:4acc40654379b4da680be1bd3129dfa,Movistar KOI,44,1.0
2019,NVision Esports,oe:team:f403408263100c2f4d2c43bf05a0a58,NVision Esports,10,1.0
2019,NYYRIKKI White,oe:team:199301cdad60fad3c201615b42aab67,NYYRIKKI White,6,1.0
2019,Nocturns Gaming,oe:team:1403f42870de19dee6af045d2f65e29,Nocturns Gaming,38,1.0
2019,ORDER,oe:team:6575d9a58f0b41a108f2d6a565a0650,ORDER,66,1.0
2019,ORDER Academy,oe:team:15cd04e605d88070159951f2801fa82,ORDER Academy,15,1.0
2019,Oh My Dream,oe:team:d6ede6ace357c075af068ccac12ae9f,Oh My God Academy,97,1.0
2019,Oh My God,oe:team:f4c4528c6981e104a11ea7548630c23,Oh My God,70,1.0
2019,OpTic Gaming,oe:team:5f8017c71cc475ecf851aaf298b9359,OpTic Gaming,41,1.0
2019,OpTic Gaming Academy,oe:team:8ec1d9b925364a4f40c174a30023afc,OpTic Gaming Academy,36,1.0
2019,Operation Kino e-Sports,oe:team:536636ce0064fb7b5d3b9e91a0d7ca6,Operation Kino e-Sports,15,1.0
2019,Origen,oe:team:ac6cb6091eb27e5332f2926f44a7067,Origen,51,1.0
2019,Origen BCN,oe:team:df0754486ef18bcdf1205ccaa30fb03,Origen BCN,64,1.0
2019,Outlawz,oe:team:8e34e040d5bd4c7f4c6e3406d78b555,Outlawz,9,1.0
2019,Outplayed,oe:team:cd6b4265231d4ba346274357681c335,aNc Outplayed,40,1.0
2019,PIRTS,oe:team:202701554502f458c89ef1fab2781c9,PIRTS,6,1.0
2019,PRIDE (Polish Team),oe:team:4bf1cdb1d7d084e66dbc3e32ba54236,PRIDE,39,1.0
2019,Penguins,oe:team:af3038a77428ddddd50e5b431c5269e,UCAM Penguins,46,1.0
2019,Phelan Gaming,oe:team:bf0c8b283dc9b86d914af061ac30424,Phelan Gaming,31,1.0
2019,Phong Vũ Buffalo,oe:team:b24f151e143d152c7cf8be9f13ec015,Phong Vũ Buffalo,66,1.0
2019,Piast Gliwice Esports,oe:team:48eeb326e7084ba937fbc1e0d9396c7,Piast Gliwice Esports,20,1.0
2019,Pixel Esports Club,oe:team:c6d5aa661b7fc79404111ac75fbdcd4,Pixel Esports Club,50,1.0
2019,Polar Ace,oe:team:7df78a658a1ca10f6d413c775cf35cd,Polar Ace,13,1.0
2019,Pompa Team,oe:team:b5ac2d78f427d88ed9666c8d1c9e1d2,7more7 Pompa Team,29,1.0
2019,ProGaming Esports,oe:team:aa2a535ded3bc45217af1684a4451c4,ProGaming Esports,43,1.0
2019,Pyrsos Esports,oe:team:7f558ae3ef0742800bf509957e7a3d8,Pyrsos Esports,21,1.0
2019,QLASH Forge,oe:team:8bcb5c0aa41c119da58107290671f4d,QLASH Forge,36,1.0
2019,QTV Gaming,oe:team:ef323f7c8590882faf14dfddd0a0252,QTV Gaming,42,1.0
2019,QUT Tigers,oe:team:c4193e1de4cbb3a64553aa2e1d31b57,QUT Tigers,11,1.0
2019,R-SIXTEAM,oe:team:ef3bf261bc147069cca4a0bd4a6599b,R-SIXTEAM,27,1.0
2019,RED Canids,oe:team:67169969ecc058b307edfa9c6b7a3c0,RED Canids,37,1.0
2019,RIFT Esports,oe:team:636ad22c939bc97d743c271a0daa83e,RIFT Esports,15,1.0
2019,ROG Esport,oe:team:6fa5a72fecb65f4271496fa35ca73be,ROG Esport,38,1.0
2019,Racoon (Italian Team),oe:team:1ea33e423fda711df3254bb510eac95,Racoon,39,1.0
2019,Radiance,oe:team:955d9ba35580bdcc7bed3f11736b0f7,Radiance,18,1.0
2019,Rainbow7,oe:team:2cb996a4b0ffaca3bcf66fe91450243,Movistar R7,57,1.0
2019,Random 5,oe:team:f60c41e54d2d0eaad6159eeb45336b4,Random 5,40,1.0
2019,Rascal Jester,oe:team:16fbfa0b9d8a6aaa7ea303ac6d70669,Rascal Jester,42,1.0
2019,Ravioli Ravioli,oe:team:901dbcb5c35166c95ec603ddbf858f7,Ravioli Ravioli,3,1.0
2019,Rebirth eSports,oe:team:5c116dedda7feae2f6ffc093f844ac6,Rebirth eSports,43,1.0
2019,Redemption eSports Porto Alegre,oe:team:f7357a7d977599b7742a122a2230cae,Redemption eSports Porto Alegre,47,1.0
2019,Reformed Gaming,oe:team:61c8ded0aba830147de246ec1efdbb0,Reformed Gaming,18,1.0
2019,Rensga Esports,oe:team:92ede2510f2ad0234b1dd75f03108ae,Rensga eSports,15,1.0
2019,Rex Regalis,oe:team:fc33a168b2f014da258c4115e9bff1c,Rex Regalis,7,1.0
2019,RoX (2014 CIS Team),oe:team:d00921d1fc09960415443f591cb6160,RoX,28,1.0
2019,Rogue (European Team),oe:team:cd62e47544f14f1d239afa659b9d243,Rogue,43,1.0
2019,Rogue Esports Club,oe:team:1fa8035bcf1ab3abbbfd0eecfea8958,Rogue Esports Club,62,1.0
2019,Rogue Warriors,oe:team:746be9a4c3793ab321bba257c450864,Rogue Warriors,77,1.0
2019,Rogue Warriors Shark,oe:team:608e3f723c2e599fda1b4237e8dea8f,Rogue Warriors Shark,97,1.0
2019,Royal Club,oe:team:5e97f293e9986969e0abb397228dd6f,Royal Club,92,1.0
2019,Royal Never Give Up,oe:team:73f3126d91d35faa5d5ce34abadb865,Royal Never Give Up,110,1.0
2019,Royal Youth,oe:team:1fcd541d3a51d70860c46eaae858ba8,Royal Youth,60,1.0
2019,Royal Youth Academy,oe:team:e16e08020a1c1f4b5e15b794a4e7ea3,Royal Youth Academy,34,1.0
2019,S2V Esports,oe:team:c1db99dba74a3a144f637b616c9f4f7,S2V Esports,36,1.0
2019,SAMCLAN Esports Club,oe:team:c9c39ac4c61b8281f7107deb9e3a587,SAMCLAN Esports Club,21,1.0
2019,SANDBOX Gaming,oe:team:c75f1f337fc5867914749d438a4871d,Liiv SANDBOX,99,1.0
2019,SK Gaming,oe:team:75760dca486d4682426196b76bd1a54,SK Gaming,42,1.0
2019,SK Gaming Prime,oe:team:aa8c3b781d96ddb7a24ab3240918988,SK Gaming Prime,17,1.0
2019,SK Telecom T1,oe:team:3354e252e33ed55fd8fa14595ca1564,SK Telecom T1,137,1.0
2019,Samsung Morning Stars,oe:team:9efc9069228bc0817c7a9bac775daa7,Samsung Morning Stars,42,1.0
2019,Scorpio Game,oe:team:4b2481a930580adc0bb83b582586934,Scorpio Game,92,1.0
2019,Sector 7,oe:team:59ec31a2da0d4d53a4ad01d2b0b31fa,Sector 7,10,1.0
2019,Sengoku Gaming,oe:team:984c3ce601b35d7617ad0bc8570946c,QT DIG∞,42,1.0
2019,Shu Dai Xiong Gaming,oe:team:7f60009d2aa9ce24f05deec2010a33f,Shu Dai Xiong Gaming,103,1.0
2019,SinoDragon Gaming,oe:team:cd62fe7f473afa37527d2d15e9565cd,SinoDragon Gaming,45,1.0
2019,SinoDragon Prince,oe:team:237bdad69af2aa4bfd669ae26456cd1,SinoDragon Prince,35,1.0
2019,Sky Gaming,oe:team:948e3c29c3d34294bdbc08ca06ec0bd,Sky Gaming,45,1.0
2019,Snake Esports,oe:team:c1dea751bdd62128fe179344fceb5b2,Snake Esports,38,1.0
2019,Snake WuDu,oe:team:9eb54fd65f627fbe91f9452fee87632,Snake WuDu,40,1.0
2019,Solary,oe:team:90938c428db11f6e372f5c6833b9743,Solary,28,1.0
2019,Spear Gaming,oe:team:0ce92abf77546dafee13c1c3f37c25e,Spear Gaming,33,1.0
2019,Split Raiders,oe:team:816fd66f05f2069179b4c7f6a32fcdb,Split Raiders,8,1.0
2019,Splyce,oe:team:3413ca4510110b5181f3e4b24d52719,Splyce,78,1.0
2019,Splyce Vipers,oe:team:2362f7eb0a254f874a322769e206a01,Splyce Vipers,35,1.0
2019,Suning,oe:team:8d47748b0e2a0ac34c90891889805a8,Suning,88,1.0
2019,Suning-S,oe:team:31b35dcae7e5d01be2e407b0abe6a23,Suning-S,108,1.0
2019,Super Nova Sentinels,oe:team:89ed24eb5dec9bd396c48c780673cd7,Super Nova Sentinels,8,1.0
2019,SuperMassive Academy,oe:team:437a2fa4639d8cb1677176861d69260,SuperMassive Academy,43,1.0
2019,SuperMassive Esports,oe:team:5203ff881d5c82c5f720eb3a2f3b44c,Papara SuperMassive,61,1.0
2019,Supernova,oe:team:8776b7033f1bc10634e50d90f861c1d,Supernova,29,1.0
2019,Szata Maga,oe:team:882489a21810ca2d45a4fcddb00d6ec,Szata Maga,28,1.0
2019,TSM,oe:team:a22510a4756fa424cb0771b13261139,TSM,59,1.0
2019,TSM Academy,oe:team:b2840811ed80a85fcf6f023d4b73f8d,TSM Academy,50,1.0
2019,Team AURORA,oe:team:ce02eb63c33525b64c0734c872d64cd,Team AURORA,48,1.0
2019,Team AURORA Academy,oe:team:ec79d991a7dd0150a5f4b447c0ab1f4,Team AURORA Academy,34,1.0
2019,Team Amelia,oe:team:e6f0665e93b6c71463ded6de6a9dff6,Team Amelia,4,1.0
2019,Team Aze,oe:team:0a9aa50beea19fcbc6b939fe6b94f08,Team Aze,5,1.0
2019,Team Brickz,oe:team:f2c96c44d1212aa70fcb30a764db73b,Team Brickz,8,1.0
2019,Team Clarity,oe:team:10b48447bc74f36daefaf538256e696,Team Clarity,6,1.0
2019,Team Cloud Drake (NASG Team),oe:team:f6fd2177acca4512dc0b8abbe67351a,Team Cloud Drake,16,1.0
2019,Team Dynamics,oe:team:3f0da22a1e50a49e14e7e54bd90206f,Team Dynamics,39,1.0
2019,Team Flash.Vietnam,oe:team:9bcc3882a74d7ec2b66f7067ba31bc3,Team Flash,49,1.0
2019,Team Front,oe:team:b95c7d26800fbb3b5bd1965c2eddc13,Team Front,14,1.0
2019,Team Infernal Drake (NASG Team),oe:team:858117e8241051433bcfacf5fdac547,Team Infernal Drake,19,1.0
2019,Team Just,oe:team:4a81ab52f81b6819837a7f0439f684a,Team Just,14,1.0
2019,Team Liquid,oe:team:8eb884e168f28402ce685bedebb5250,Team Liquid,86,1.0
2019,Team Liquid Academy,oe:team:3406c21f701022dbe9d9bf397b41465,Team Liquid Academy,46,1.0
2019,Team MCES,oe:team:6e14f9bf67e6e4000df4d600ad43bfa,Team MCES,38,1.0
2019,Team Moops,oe:team:551f75a0b41dd5e9c9d068562434a86,Team Moops,20,1.0
2019,Team Mountain Drake (NASG Team),oe:team:ea7f5b6d73556e1148c7bb8ae123d4d,Team Mountain Drake,18,1.0
2019,Team Nerotec,oe:team:d5465e862dc30f6b659b2e4965a9f0a,Team Nerotec,14,1.0
2019,Team Ocean Drake (NASG Team),oe:team:9f837e0b7d5a822babf09cc081b7622,Team Ocean Drake,17,1.0
2019,Team QLASH Academy,oe:team:dc42a41e785824e6e40b27f4043c2e3,Team QLASH Academy,13,1.0
2019,Team Queso,oe:team:65ef83f1c6a889cdc68ff12943c9f45,Team Queso,18,1.0
2019,Team Refuse,oe:team:d932b52fb3a9d5fad174728a969ee14,Team Refuse,12,1.0
2019,Team Vitality,oe:team:e8d8ae992fe72acb7adc7bfcee31dbb,Team Vitality,50,1.0
2019,Team WE,oe:team:62c1cd9465dc63824593ee5046f5aa8,Team WE,76,1.0
2019,Team WE Academy,oe:team:85bf857a01b615a257739e34d9f0720,Team WE Academy,98,1.0
2019,Team oNe eSports,oe:team:364547a649dd1c75e258f0d5168509f,Team oNe eSports,47,1.0
2019,Team-LDLC,oe:team:e31c6dcc465e0b94500ef023f42cdc1,LDLC OL,47,1.0
2019,The Expendables,oe:team:968eb31de624c891997b3d80121837a,The Expendables,17,1.0
2019,The Plan,oe:team:4e653f6d72f24b97fb8f67d25a03c90,The Plan,14,1.0
2019,Together Esports,oe:team:a10cab12e1a47303e3ec014e09d51c8,Together Esports,3,1.0
2019,Top Esports,oe:team:fcec508e780bbd1ad493852640f5b36,Top Esports,47,1.0
2019,Top Esports Challenger,oe:team:eaeaad6cbcd022d2b872d4776aae2e6,Top Esports Challenger,59,1.0
2019,Topsports Gaming,oe:team:fcec508e780bbd1ad493852640f5b36,Top Esports,56,1.0
2019,Triumphant Song Gaming,oe:team:d133a1d79e3a76fd1db258c7c06bb7b,Triumphant Song Gaming,104,1.0
2019,UQ Union,oe:team:c89864253bfbc47feae7aebf4013806,UQ Union,10,1.0
2019,UTS Esports,oe:team:3b41580aaafc8fae0130f6868cb8a84,UTS Esports,11,1.0
2019,Undead Gaming,oe:team:22e3ecae7af241c9c5be021c855885e,Undead Gaming,29,1.0
2019,Unicorns of Love.CIS,oe:team:e84133caa1e561518201cc7d33f14ed,Unicorns of Love.CIS,34,1.0
2019,Universidad Católica Esports,oe:team:9ed161c748673bdb61d92c3e82cf52b,Universidad Católica Esports,36,1.0
2019,University of California Irvine,oe:team:d1a3c25be4cdcdb9d51353653b0ea70,"University of California, Irvine",23,1.0
2019,University of Texas at Dallas,oe:team:5774d59075b9be61779abedd5c227c7,University of Texas at Dallas,18,1.0
2019,Unlimited Potential,oe:team:35d01dfcb4df96b0fe4ccb8db0ce83b,Unlimited Potential,43,1.0
2019,Unsold Stuff Gaming,oe:team:d071b2912dea2b3debbf837afb9f8de,Unsold Stuff Gaming,48,1.0
2019,Upper Echelon,oe:team:6e30eb8b4abb3420042ac3a2eef5f23,Upper Echelon,14,1.0
2019,Uppercut esports,oe:team:ff7be8a72b034b8ea34a3f7f69efdc0,Uppercut esports,45,1.0
2019,V3 Esports,oe:team:af4b23d4634c4e6ecb5659fb1e689e9,V3 Esports,51,1.0
2019,V5 87,oe:team:518298125ac66f7525bb09ec1b5eb9a,V5 87,96,1.0
2019,VIS eSports,oe:team:52235db6d4db68f5ab5f3ba3c341f56,VIS eSports,10,1.0
2019,VP Game,oe:team:c77c806b4de6749ab640b4a79f7a5f9,VP Game,93,1.0
2019,VSG (Korean Team),oe:team:4389119a53bbe91e642f1e60f28f4c3,VSG,89,1.0
2019,Vaevictis eSports,oe:team:d80359db3f21194a58b02a3c7362695,Vaevictis eSports,28,1.0
2019,Valkiria Esports,oe:team:fec0b0f2f22d7f75ac162e1ebba6f31,Valkiria Esports,21,1.0
2019,Valorous,oe:team:47b5eae9d91563c34d6d6963bbabb19,Valorous,35,1.0
2019,Vega Squadron,oe:team:95fa2bbc5eb242e7c3243c3467e32f3,Vega Squadron,60,1.0
2019,Ventus Esports,oe:team:a1ce95efef52e7d4372ee093ee66baf,Ventus Esports,8,1.0
2019,Vici Gaming,oe:team:5627e3ef0b2477289b218ddeb6a151a,Vici Gaming,78,1.0
2019,Vici Gaming Potential,oe:team:abdec2ea4b31e351c80a16d988c5940,Vici Gaming Potential,91,1.0
2019,Victorious Gaming,oe:team:661399cd57d6efe4a62201665c4ebc8,Victorious Gaming,98,1.0
2019,Victory Five,oe:team:b5454c08654c7f6175d1d887f80c769,Victory Five,71,1.0
2019,Vikingekrig Esports,oe:team:1c1e5c3fdd3090ed2162e9a17bcd4ab,Vikingekrig Esports,28,1.0
2019,Vikings Gaming,oe:team:5c1805e6ac1ed4744cb02abb0184f26,Vikings Gaming,11,1.0
2019,Vitality.Bee,oe:team:ccd089bf173a5fff1063eb0576201a7,Vitality.Bee,46,1.0
2019,Vivo Keyd,oe:team:2ac91e85ddcfa4e5c6ec6c9b5d3f3f0,Vivo Keyd,51,1.0
2019,Vodafone Giants.Spain,oe:team:6dd9fc16013a656e475c1b1eb7d4e06,Giants,61,1.0
2019,WLGaming Esports,oe:team:b19ab22267512e77945cd498106dcf1,WLGaming Esports,24,1.0
2019,WiLD MultiGaming,oe:team:e21e3adb4144bf39d2647579b25501f,WiLD MultiGaming,36,1.0
2019,Winners,oe:team:e5762a12b1dca7458bf1e6cdba8457e,Winners,33,1.0
2019,Wisła Płock eSports,oe:team:cff4c4759805907c870737415c8d4fd,Wisła Płock eSports,61,1.0
2019,XTEN Esports,oe:team:e2032cdda6a487d10b7be0435e4fb31,XTEN Esports,55,1.0
2019,XTEN Mexico,oe:team:afa32967cbfd11cd4684a90c675346d,XTEN Mexico,37,1.0
2019,Young Miracles,oe:team:1486bbe432b1153d9a83ff6e75d6c90,Young Miracles,112,1.0
2019,Zenith Esports,oe:team:bfd1bba6235971993e82d51e679a34a,Zenith Esports,9,1.0
2019,against All authority,oe:team:0ffca231017728de3912ab5e474d12c,against All authority,28,1.0
2019,ahq eSports Club,oe:team:d15303823a1dccff9f3068fb357e356,ahq eSports Club,89,1.0
2019,bbq Olivers,oe:team:c6a4f426b85f581ff9b009d1e8bfae5,bbq Olivers,70,1.0
2019,devils.one,oe:team:92e22c0b203c93b7d25c3a07b68575c,devils.one inStreamly,60,1.0
2019,eMonkeyz,oe:team:30c141fd39621b22cf67eb62dbaea69,eMonkeyz,41,1.0
2019,eNsure,oe:team:30d6a49f3d5f6455e6bd49dad39dcb1,eNsure,25,1.0
2019,eSuba,oe:team:3faefd9245a4ef6ba347fbcf2a51515,eSuba,38,1.0
2019,eXtatus,oe:team:6d67a82053d3c1cdd25fb9c5a9e64b0,eXtatus,27,1.0
2019,iDomina eSports,oe:team:1ed1d3a123c9cb9961e9dada9786646,iDomina eSports,17,1.0
2019,mousesports,oe:team:7c4854374e4daa6b00206eb922359a9,MOUZ NXT,9,1.0
2019,paiN Gaming,oe:team:61450737f7b683db4da7b3e0bf0dced,paiN Gaming,42,1.0
2019,piratesports,oe:team:c4360b2f59028db18a7d5b19ec74bcb,piratesports,23,1.0
2019,x25 Esports,oe:team:3921fffdab4f130255658ea322e1ab6,x25 Esports,26,1.0
2019,x6tence,oe:team:c5065df5008bc2f0a6df83dc37c6f1d,x6tence,36,1.0
2019,x6tence Mexico,oe:team:97a0a823fda2047f7ce43ecf0e5f12e,x6tence México,35,1.0
2019,Žalgiris Esports,oe:team:b1d244894e61a09903b2c3dd0462d3d,Žalgiris Esports,18,1.0
2020,100 Thieves,oe:team:4bd1751425ef6a9bc9d4d8e9385b4a6,100 Thieves,49,1.0
2020,100 Thieves Academy,oe:team:acbc961cec36a59ede6695669ad7a19,100 Thieves Academy,42,1.0
2020,100 Thieves Next,oe:team:a3e5d7937cfb8a6d810b5d18d0b1fe7,100 Thieves Next,30,1.0
2020,21Phoenix,oe:team:af9a40bf839c23e8d5411e42a0e3b38,21Phoenix,13,1.0
2020,5 Ronin,oe:team:6a87540e0a690bc1aa918c3c31b21e7,5 Ronin,48,1.0
2020,5 Ronin Academy,oe:team:65838799d4f18b5f3cda973edca3e8b,5 Ronin Academy,34,1.0
2020,7more7 Pompa Team,oe:team:b5ac2d78f427d88ed9666c8d1c9e1d2,7more7 Pompa Team,36,1.0
2020,7more7 Pompa Team Academy,oe:team:3e8e10cb2ed3bdaa31a961c0094c0a6,7more7 Pompa Team Academy,3,1.0
2020,9z Team,oe:team:996738a4a0d3d56b8c1fdcf003f23ee,9z Team,55,1.0
2020,ACE 1,oe:team:6bbda53cb536e51fc2d3fd0256951c1,ACE 1,18,1.0
2020,AGO ROGUE,oe:team:5a5f8cc0161f43afe3461b293535517,AGO ROGUE,72,1.0
2020,ANEW Academy,oe:team:5769a39e27db9aa771714d1d6f71899,ANEW Academy,15,1.0
2020,ANEW Dawn,oe:team:c574d318fab6447b119865b6e12361e,ANEW Dawn,3,1.0
2020,ANEW Esports,oe:team:86bd7e5d5feb9c91d3026fdf741ef07,ANEW Esports,17,0.9411764705882353
2020,APK Prince,oe:team:c228d8939c704a1d5ac0e3d49477cc4,SeolHaeOne Prince,46,1.0
2020,ASUS ROG ELITE,oe:team:8876fffa2a609c6e4cfddfbbaedc2dd,ASUS ROG ELITE,19,1.0
2020,AVEZ Esport,oe:team:b2f0f60d345fc34475b278e7a1ede1b,AVEZ Esport,17,1.0
2020,AXIZ,oe:team:800133e1f0fb01e3326d93eee58f0f4,AXIZ,31,1.0
2020,Absolute Legends Netherlands,oe:team:b351c67cd7c244b6f664bf5b246e952,Absolute Legends Netherlands,26,1.0
2020,Abyssal Esport Club,oe:team:c53d416e0d33d229126f8d13b00d07b,Abyssal Esport Club,3,1.0
2020,Adonis Esports,oe:team:359f4fcf1cfcd0894f52563d5cae1bc,V Gaming Adonis,10,1.0
2020,Aethra Esports,oe:team:39d5dcd1979d4062609cf7c1fc9ff55,Aethra Esports,24,1.0
2020,Afreeca Freecs,oe:team:b3c72a20aa56f5d28022ac04a7dc294,DN SOOPers,113,1.0
2020,All Combo,oe:team:66951189b9e08c162667e26facca95e,All Combo,75,1.0
2020,All Knights,oe:team:ac644a006bcf1a44682d666df19864c,All Knights,46,1.0
2020,Alpha Esports,oe:team:dfd20f6b96340a66e4004f41215f6b7,Alpha Esports,51,1.0
2020,Anorthosis Famagusta Esports,oe:team:5f1bc4a914b49c7b7ff4c2f1b8d8df9,Anorthosis Famagusta Esports,18,1.0
2020,Aqualix Esports.NA,oe:team:c41302163fe262dab12e400d7adc95a,Aqualix Esports,3,1.0
2020,Arctic Gaming Mexico,oe:team:ac655e92876e020fc404aff244a95e3,Arctic Gaming México,41,1.0
2020,Arena Quesito,oe:team:5a65820ae9d6b52452d469d0b4ffc29,Arena Quesito,31,1.0
2020,Aris Esports,oe:team:08ca49e0997f5e1e0d71001f4bc13fd,Aris Esports,15,1.0
2020,Asura (Korean Team),oe:team:9f8570136192e22b6e703c51ed81742,ASURA,36,1.0
2020,Avant Gaming,oe:team:5bef6688c36d00642436d00a83d9c14,Avant Gaming,46,1.0
2020,Awesome Spear,oe:team:fcfdb4e291df2ed5206d241f59fd902,Awesome Spear,37,1.0
2020,Azules Esports,oe:team:44990d61d2b6817c830634b1f652af2,Azules Esports,42,1.0
2020,Azules Esports Academy,oe:team:b654c85830c3979466517ca5158b309,Azules Esports Academy,50,1.0
2020,BCN Squad,oe:team:67acf50fd9db87b9aec311bedf9bea3,BCN Squad,36,1.0
2020,BRUTE,oe:team:ddb6aa775eebeffd5cc41ba5c35c6a1,BRUTE,31,1.0
2020,BT Excel,oe:team:2b7b9f30577e4eb59af48370ce8679c,JD|XL,47,1.0
2020,Barrage (British Team),oe:team:ed697fa53b4832c6625299c1ddd40c9,Barrage,29,1.0
2020,Barrage Academy,oe:team:6df3f4d9e60d9c1523e02b4b4a8cde4,Barrage Academy,17,1.0
2020,Bastards Esports,oe:team:2375bf67ae2a232830947aaba2a6be7,Bastards Esports,4,1.0
2020,Berjaya Dragons,oe:team:eb704226a35906f55b51e7ebeaee260,Berjaya Dragons,50,1.0
2020,Berlin International Gaming,oe:team:3de935df8f40fbb4d0e564d4a20e6cb,Berlin International Gaming,45,1.0
2020,Beşiktaş Academy,oe:team:1983b6e9dc5d2b7538f8787448dd5d7,Beşiktaş Academy,38,1.0
2020,Beşiktaş Esports,oe:team:4f19751f9f051533995772897da2d77,Beşiktaş Esports,40,1.0
2020,Bilibili Gaming,oe:team:d356a144644879dabb5f34cd99c886d,Bilibili Gaming,89,1.0
2020,Bilibili Gaming Junior,oe:team:4dfc9a0f1a6e1f2fcd8169ad3cdc5da,Bilibili Gaming Junior,69,1.0
2020,Boavista FC,oe:team:07837648624136cfa442f4d3bf29de0,Boavista FC,41,1.0
2020,Brion Blade,oe:team:b77b3f6068e20a2b3edc0ecd3dc70d4,HANJIN BRION,44,1.0
2020,Brussels Guardians,oe:team:ca06a036247ca868972c49cbe00b507,Brussels Guardians,20,1.0
2020,Bulldog Esports,oe:team:4ccccd4b7c3dba7d799d52c4b78634d,Bulldog Esports,17,1.0
2020,Burning Core,oe:team:73c73a123b43e071470729f74ef2022,Burning Core Toyama,34,1.0
2020,CERBERUS Esports (Vietnamese Team),oe:team:05825167aedac3dc1e6f72133f52604,CERBERUS Esports,80,1.0
2020,CLG Academy,oe:team:fe409cbd7c72eb621d9c4e7eac75936,CLG Academy,44,1.0
2020,CR4ZY,oe:team:c47878260ba6bd108f98aafa82cd454,CR4ZY,27,1.0
2020,Cacatúas LFO,oe:team:18f3315875a9cc6515ec3e15410abe6,Cacatúas LFO,7,1.0
2020,Campus Party Sparks,oe:team:e82c09af2170776b35900be0ac82aa7,Campus Party Sparks,34,1.0
2020,Charlotte Phoenix,oe:team:eab5c007906936e2b6214db2d274fd5,Charlotte Phoenix,21,1.0
2020,Chiefs Academy,oe:team:42efab15102679bcf44aa18df95363e,Chiefs Academy,10,1.0
2020,Chiefs Esports Club,oe:team:692bccdba8ec7050f5aeb916815439e,Chiefs Esports Club,66,1.0
2020,Chivas Esports,oe:team:63378aef5a4b205c1fcf71696736355,Chivas Esports,28,1.0
2020,Cidade Curiosa Esports,oe:team:0598edad868785a36f966f60d2aae01,Cidade Curiosa Esports,14,1.0
2020,Cloud9,oe:team:fc8e90107dabb9a35c490b0d86adea0,Cloud9,63,1.0
2020,Cloud9 Academy,oe:team:4e28e7839cbb263369dfcb1794a25e2,Cloud9 Academy,50,1.0
2020,Clutch Gaming,oe:team:7b13b2cc48c457832262d00d5ffa6d6,Clutch Gaming,14,1.0
2020,Coliseo Dragons,oe:team:57d5631e7201b8107fa494d8734c222,Coliseo Dragons,36,1.0
2020,Columbia College,oe:team:abbabe3f07708032b87bc78494b6d8f,Columbia College,5,1.0
2020,Counter Logic Gaming,oe:team:cbfaf0ca2181f0903d2fcceb6c28f3b,Counter Logic Gaming,37,1.0
2020,Cream Esports Mexico,oe:team:9874244e1d55d280cb0bad2070d9a13,Cream Real Betis,25,1.0
2020,Cream Real Betis.EU,oe:team:9a6cddd5ca373adebf62539aeedf9be,Cream Real Betis,25,1.0
2020,Cream Real Betis.Mexico,oe:team:9874244e1d55d280cb0bad2070d9a13,Cream Real Betis,19,1.0
2020,Crest Gaming Act,oe:team:6d17eb4ba840f83bf65c9a19c656a53,Crest Gaming Act,47,1.0
2020,CrowCrowd,oe:team:ba0e5d60413f9eda6ffb0cb0e0ee531,CrowCrowd,29,1.0
2020,Crvena zvezda Esports,oe:team:f4b807048502e27f01499f06b235a9a,Crvena zvezda Esports,42,1.0
2020,Cyber Gaming,oe:team:25829f8f0cea05880678526dc19a8df,Cyber Gaming,56,1.0
2020,Cyber Gaming Academy,oe:team:50e9f47da0df883740bc17ceff32c4e,Cyber Gaming Academy,25,1.0
2020,Cyberground Gaming,oe:team:7894460f171d66e8ffc149c05b056a8,Cyberground Gaming,40,1.0
2020,DAMWON Gaming,oe:team:ef69efa6acebe94107f0cf1ba716806,Dplus Kia,133,1.0
2020,DRX,oe:team:1d0389df0c5eea93b04122ba167c010,Kiwoom DRX,60,1.0
2020,Dark Allegiance,oe:team:7e2401900a9756d56a10b66590357fe,Dark Allegiance,15,1.0
2020,Dark Horse,oe:team:c5c317341ae046ce3345b8d56efce5c,Dark Horse,35,1.0
2020,Dark Matter,oe:team:2360b31c1628a21ddd778891dabac91,Dark Matter,23,1.0
2020,Dark Passage,oe:team:a42600a99997fca0d35f2821662b997,Dark Passage,42,1.0
2020,Dark Passage Academy,oe:team:9a7713efaa6251ddeb7736b04a99d07,Dark Passage Academy,42,1.0
2020,Dashing Buffalo,oe:team:8e27b674a472ab529e758f13f0bace0,Saigon Buffalo,34,1.0
2020,DayDreamers,oe:team:d448392af90cd2fa0b726394ecfa13f,DayDreamers,15,1.0
2020,Dead Rabbits Club,oe:team:e08debf4c952ffb61c82a30e5239a7b,Dead Rabbits Club,3,1.0
2020,Defusekids,oe:team:1fa8dca98f8e2e8b4077b5622355c61,Defusekids,34,1.0
2020,Demise,oe:team:a52f0919a02a88ffe47639587f72073,Demise,32,1.0
2020,DetonatioN FocusMe,oe:team:e435aa3ecb82a89e60544f5f5857a81,DetonatioN FocusMe,63,1.0
2020,Diablo Chairs,oe:team:520d78e8ddef53291798ab89ed297de,Diablo Chairs,15,1.0
2020,Dignitas,oe:team:0dbb780176ecad18f17292d1f5653af,Dignitas,42,1.0
2020,Dignitas Academy,oe:team:9b9cc5a065b0b4dd8f57b23361f03ee,Dignitas Academy,40,1.0
2020,Dire Cubs,oe:team:0d9f89772c3f008ae34e4f597253242,Dire Cubs,15,1.0
2020,Dire Wolves,oe:team:cd6e0eea04af23b9c0735dab41a9941,Dire Wolves,64,1.0
2020,Dominus Esports,oe:team:aa3f831d6c456d1739dddbade7aa9e4,Dominus Esports,75,1.0
2020,Dominus Esports Young,oe:team:809957ac5348a94a81ebb138b8f3379,Dominus Esports Young,75,1.0
2020,Domme Jongens Academy,oe:team:f8d1a83e0a00a6ba5b0b1bc4c5b28c7,Domme Jongens,9,1.0
2020,Dragon Army,oe:team:e8d370a0e90adebb0571ec096375906,Dragon Army,26,1.0
2020,DragonX,oe:team:1d0389df0c5eea93b04122ba167c010,Kiwoom DRX,69,1.0
2020,Dusty,oe:team:7bb33d6141f427f4f19b019f5eb7905,Dusty,9,1.0
2020,Dynasty,oe:team:5c1d767e4c02111f0def3b6691b4851,Dynasty,23,1.0
2020,Dynasty Academy,oe:team:d9d892aa846256524bcf642899931a7,Dynasty Academy,10,1.0
2020,EDward Gaming,oe:team:056c3140a119e44a03d462e2c832f27,EDward Gaming,104,1.0
2020,EDward Gaming Youth Team,oe:team:6a04b6d8daa2cb0c623e81db686de40,EDG Youth Team,72,1.0
2020,EGN Esports,oe:team:8d48390319b4f7c25c13dd410b3a0bf,EGN Esports,61,1.0
2020,ELaB x EXP,oe:team:85f9c508d56b7ed3db09d9c7a933513,ELaB x EXP,3,1.0
2020,ENCE,oe:team:91fa95faaf50bc60760526b25974fcb,ENCE,9,1.0
2020,ESC Shane,oe:team:7fb67efb7459cbbba2a9eb30196d62e,ESC Shane,34,1.0
2020,ESTORM,oe:team:3401055de8e987e2b873385429123bc,ESTORM,33,1.0
2020,EURONICS Gaming,oe:team:514d848d968399a239cdcc3d1412f2d,EURONICS Gaming,38,1.0
2020,EVOS Esports,oe:team:1961f0a198997edc84b41b7da7f643d,EVOS Esports,77,1.0
2020,Element Mystic,oe:team:76f7672e031bd51b67dcacb01731e10,Element Mystic,72,1.0
2020,Elementaries Esport Club,oe:team:21060505f3a0a34bbcb8f538cf0e231,Elementaries Esport Club,17,1.0
2020,Elements Pro Gaming,oe:team:0d5a4462c2d79495e2e236cdaf8a360,Elements Pro Gaming,30,1.0
2020,Empyreans,oe:team:8824dcf25a4ad98b02d3b8fd3361d84,Empyreans,7,1.0
2020,Enclave,oe:team:4f945c33c50d670037fb6dad4005b17,Enclave,28,1.0
2020,Energypot Wizards,oe:team:7ed86843d30c4d421da2669be889336,ŠAIM SE SuppUp,30,1.0
2020,Epsilon Esports,oe:team:24542d9de62f5d78a1e9977701cda29,Epsilon Esports,17,1.0
2020,Estonian Vipers,oe:team:eb2b87e339ba7ff3299c01abfe6013b,Eesti Rästikud,15,1.0
2020,Estoril Praia eSports,oe:team:6204b4f9d845639c01b5085892fd0e7,Estoril Praia eSports,14,1.0
2020,Estral Esports,oe:team:1c81857b6ce6a3c1cd9220fd97e077f,Estral Esports,45,1.0
2020,Europe Saviors Anonymous,oe:team:c64792e95cc00718fdba07a0682c134,Europe Saviors Anonymous,14,1.0
2020,Evil Geniuses Academy,oe:team:7276a3089a0ff2fb055ae059a87bebf,Evil Geniuses Academy,52,1.0
2020,Evil Geniuses.NA,oe:team:f7f7324c151aa6ed770b244ce08e027,Evil Geniuses,60,1.0
2020,Excel Esports,oe:team:8f995652631df209ff11c4542abdcaf,Excel Esports,36,1.0
2020,FC Schalke 04 Esports,oe:team:1d0f5e58f39613aff1a3dd4ed85933e,FC Schalke 04 Esports,43,1.0
2020,FC Schalke 04 Evolution,oe:team:d6bee7b81c11ac0c4318473f54211a9,FC Schalke 04 Evolution,60,1.0
2020,FTV Esports,oe:team:b8ceb43093a8ecd96a325ebdd5e38ab,FTV Esports,31,1.0
2020,FURIA,oe:team:87e3e1e75839f75a10bbc66e894d806,FURIA,21,1.0
2020,FURIA Uppercut,oe:team:87e3e1e75839f75a10bbc66e894d806,FURIA,24,1.0
2020,Falkol,oe:team:07e855b80cb18bda1a6c46470f0ca20,Falkol,33,1.0
2020,Falkol Academy,oe:team:2f62f7949ae9858fc7f5ae789679b6a,Falkol Academy,3,1.0
2020,Feint Gaming,oe:team:b99687ec014dcbef79af28a531809a2,Feint Gaming,25,1.0
2020,Fenerbahçe Academy,oe:team:bc8cec60082a7eec4704c6ea73c2e4f,Fenerbahçe Academy,34,1.0
2020,Fenerbahçe Esports,oe:team:418c28593a78b57ef74e47d0c18640a,Fenerbahçe Esports,42,1.0
2020,First Blood Crusade,oe:team:66752993077183caa68074d77b81cf0,First Blood Crusade,16,1.0
2020,Five Kings,oe:team:96d4e03f36d8b7e463892e5ece175de,Five Kings,46,1.0
2020,Flamengo Esports,oe:team:50b9075ca20fb326456aded56aa7937,Flamengo MDL,53,1.0
2020,Flayn eSports CZSK Edition,oe:team:124467d9a6d8086151a0b4cac721066,Flayn eSports CZSK Edition,17,1.0
2020,FlyQuest,oe:team:2e66da41dc460dd378e3bcc57042d31,FlyQuest,81,1.0
2020,FlyQuest Academy,oe:team:92a5dd0b813a9eea72ba22adf5fe78e,FlyQuest Academy,36,1.0
2020,Fnatic,oe:team:78f183fa5a7d8ecb22b9ad272c3abd7,Fnatic,78,1.0
2020,Fnatic Rising,oe:team:eaa2452a5e851bc274666f41623143b,Fnatic Rising,58,1.0
2020,For The Win Esports,oe:team:ecaf2adae2ff7f9511c9f662f18ffe7,For The Win Esports,48,1.0
2020,FrostFire (North American Team),oe:team:9a05c2942353d2f3d466d6bcb640459,FrostFire,25,1.0
2020,FroztFire Team,oe:team:8b52915aa28fabc19fab7d7af5b84bf,FroztFire Team,39,1.0
2020,Fukuoka SoftBank HAWKS gaming,oe:team:d8ca3fc1f0827ec76369af7b70d43e3,Fukuoka SoftBank HAWKS gaming,33,1.0
2020,Full Spectrum,oe:team:6030b9c78163f43e8c7034bfccd4814,Full Spectrum,31,1.0
2020,FunPlus Phoenix,oe:team:33d17f3717f58e12a3da80b377221fb,FunPlus Phoenix,131,1.0
2020,FunPlus Phoenix Blaze,oe:team:68d9c4b067b3b6d5f3d5e4b1adc9f6e,FunPlus Phoenix Blaze,76,1.0
2020,Furious Gaming,oe:team:6414602bd3443e9f8c3aae5c73bbc5a,Furious Gaming,28,1.0
2020,Furious Gaming Argentina,oe:team:d0b66d86c80208d543571f362b08ef6,Furious Gaming Argentina,39,1.0
2020,Furious Gaming Chile,oe:team:c33bf74e075fb47e63c1eb63226ae3d,Furious Gaming Chile,43,1.0
2020,G2 Arctic,oe:team:b350e8583018688fb4cea844b7f9806,G2 Arctic,69,1.0
2020,G2 Esports,oe:team:7d6673d3a9d00363c6bebc1a630da6e,G2 Esports,101,1.0
2020,GAM Esports,oe:team:9cae7677cd0dbcc1cd86653870b73c2,GAM Esports,104,1.0
2020,GLORE,oe:team:5e86e312935ad545ee215e67adcee9c,GLORE,17,1.0
2020,GOEXANIMO,oe:team:7c0d6ddccf3c0de76d3760c5d1e685d,GOEXANIMO,15,1.0
2020,GTZ Bulls,oe:team:3659b5cb3434354530c31ce71461fc1,GTZ Esports,31,1.0
2020,Galakticos,oe:team:28428f3022fc1ea52264b35912093dc,Galakticos,40,1.0
2020,Galakticos Academy,oe:team:b9ec146a4772e94d2d303fcdbb73112,Galakticos Academy,34,1.0
2020,Galatasaray Academy,oe:team:ee71b2a517ae4fb13ab8cf4704183d8,Galatasaray Academy,18,1.0
2020,Galatasaray Esports,oe:team:0edc9f071bd123368afdc0c53a3db20,Galatasaray Esports,18,1.0
2020,Gama Dream,oe:team:defbe61b50f5f3bca8344b032c4db1c,Gama Dream,14,1.0
2020,Gambit Esports,oe:team:418bd4b8f699d70c4509d7f9c768a3a,Gambit Esports,36,1.0
2020,Game Changers (Greek Team),oe:team:4a76af3ced11eaed0ca7c6e4a20b826,Game Changers,23,1.0
2020,GameWard,oe:team:312ee76ca74cbb5cb984d8b71ef4847,GameWard,39,1.0
2020,GamerLegion,oe:team:455551fe1d375c5bdf7385bf56a9722,GamerLegion,92,1.0
2020,GamersOrigin,oe:team:d4795b41be2ffe2063d40d1509eb890,GamersOrigin,66,1.0
2020,Gamespace Mediterranean College Esports,oe:team:4410ecf1b88f1316b6e6c110120c896,Gamespace Mediterranean College Esports,39,1.0
2020,Gamespace eSports,oe:team:4410ecf1b88f1316b6e6c110120c896,Gamespace Mediterranean College Esports,6,1.0
2020,Gaming Team Kravaře,oe:team:1d2d98dc13fa45e5f9b24ddce88c9e0,Gaming Team Kravaře,24,1.0
2020,GeekCase eSports,oe:team:92bc5b008ab5b69917c98fe85e50594,GeekCase eSports,34,1.0
2020,Gen.G,oe:team:50f58982d91a36557ec8aec52ab014f,Gen.G,122,1.0
2020,Gentlemen's Gaming,oe:team:3a1d5821b38ab1ddec52f944973d1bd,Gentlemen's Gaming,21,1.0
2020,Glorious Gaming,oe:team:d9ed0b8f74b1adc9a488cac7ecc72b1,Glorious Gaming,12,1.0
2020,Godsent,oe:team:d4bfd255bb67567308e77c241ff6cac,Godsent,11,1.0
2020,Golden Guardians,oe:team:87ee02298073abc2d55060f097d4041,Golden Guardians,51,1.0
2020,Golden Guardians Academy,oe:team:d1f833765bf7a9a8109d96a1b61afd7,Golden Guardians Academy,41,1.0
2020,Grand View University,oe:team:4c87a422072b2c1e754299a17ea36ce,Grand View University,17,1.0
2020,Granit Gaming,oe:team:fa56bf0083c4ae1f8508803e0209f21,Granit Gaming,3,1.0
2020,Gravitas,oe:team:4889684df277c6008eb89f48f94bded,Gravitas,42,1.0
2020,Gravitas Academy,oe:team:72c433e58f2ffff50fb11ccb1b9dbfb,Gravitas Academy,10,1.0
2020,Greek Regenesis,oe:team:d6a33a844865a46a3a046be02d6837b,Greek Regenesis eSports,37,1.0
2020,Griffin (Korean Team),oe:team:76b516358ee227ba806ba5d955b6314,Griffin,98,1.0
2020,Gunrunners,oe:team:5c99ca932b8499e126991aa8f90e67d,Gunrunners,14,1.0
2020,Hanwha Life Esports,oe:team:3a1d18f46bcb3716ebcfcf4ef068934,Hanwha Life Esports,95,1.0
2020,Havan Liberty Academy,oe:team:e8ff27ece26a00bc4fc1e253183dae4,Havan Liberty Academy,9,1.0
2020,Havan Liberty Gaming,oe:team:a8760a8e23903488198e84618546202,Havan Liberty,38,1.0
2020,Hexagone Esports,oe:team:5e9b632a0a9d6901c33e980b637a50e,Hexagone Esports,3,1.0
2020,Hong Kong Attitude,oe:team:6f0162b86d2a0d206ba9a08a1da14be,Hong Kong Attitude,61,1.0
2020,Howling eSports,oe:team:fc9df461bf197760e6c41bae3444bcf,Howling eSports,8,1.0
2020,Humanoids5,oe:team:1b18017e07a881162b1363034370b6f,Humanoids5,18,1.0
2020,INFINITY,oe:team:7e3dd5ff49e1a44784d225d2de40260,inf,40,1.0
2020,INTZ,oe:team:bcb21457414eb9be1d27489ff7e8e59,INTZ,61,1.0
2020,Illinois State University,oe:team:b99696624afa81613e7c305f10c6b05,Illinois State University,6,1.0
2020,Illuminar Gaming,oe:team:6cedba5819b5b7c465cb3bb48bfe855,Illuminar Gaming,39,1.0
2020,Immortals,oe:team:c334c629fea759876e9e04afbe4aee7,Immortals,37,1.0
2020,Immortals Academy,oe:team:c96403ed0b812c805aeb6100bdc19a5,Immortals Academy,36,1.0
2020,Impunity,oe:team:215b3bc4217842708191cc9be161132,Impunity,5,1.0
2020,Infinity Esports Academy,oe:team:5dd1b9c2ee82eddc109ca9f7f345685,Infinity Esports Academy,29,1.0
2020,Inside Games,oe:team:c2bd1dd17a070dbbb8df9aefb634a41,Inside Games,37,1.0
2020,Intel New Indians,oe:team:4f4727b2da651c6017ec5993bb5368a,Intel New Indians,37,1.0
2020,Intergalaxy Tigers Gaming,oe:team:242740d647af081075d8ad7863ccb4a,Intergalaxy Tigers Gaming,18,1.0
2020,Intrepid Fox Gaming,oe:team:a98857d2543af198af5ca1b1532d5c7,Intrepid Fox Gaming,80,1.0
2020,Invictus Gaming,oe:team:53a258f289c26d94431c0496a54e151,Invictus Gaming,120,1.0
2020,Invictus Gaming Young,oe:team:01c9a45038d103935dc69490914f530,Invictus Gaming Young,74,1.0
2020,Iron Wolves,oe:team:bc9bdf946d79f2f1f483b429a7dfffc,Iron Wolves,24,1.0
2020,Issue is Critical,oe:team:ba3f6cba3383f76d3e6cf742e7778d0,Issue is Critical,18,1.0
2020,Istanbul Wildcats,oe:team:a65adb2808377018a2a7832eb2bd7f4,İstanbul Wildcats,48,1.0
2020,Istanbul Wildcats Academy,oe:team:637d0a65124780ff6ecca6ec06e67c2,İstanbul Wildcats Academy,47,1.0
2020,Isurus,oe:team:5737b101780a9835142549164be1ac4,Isurus,61,1.0
2020,Isurus Academy,oe:team:948ad976121cb4b2f628ecced7da1ee,Isurus Academy,46,1.0
2020,IziDream,oe:team:84bc703e28859788770611d94cf02ac,IziDream,30,1.0
2020,J Team,oe:team:b41d715b166da7092724123264e4560,J Team,60,1.0
2020,JD Gaming,oe:team:b42d0f31f2727621b963042276817c4,JD Gaming,123,1.0
2020,Jin Air Green Wings,oe:team:5e29baf115bdaaeeb3bafa7f288b298,Jin Air Green Wings,78,1.0
2020,JingNetGame,oe:team:4cc7dd932bf287501df7bc4e30de138,JingNetGame,59,1.0
2020,Joy Dream,oe:team:ae2a2737a8d8d2b8e396dabae0e149b,Joy Dream,72,1.0
2020,Just Randoms,oe:team:d83bffd1eb6ab4fc8b58abb3e646d48,Just Randoms,4,1.0
2020,K1ck Neosurf,oe:team:73f3cc4e54620b1454530648442e066,K1CK,84,1.0
2020,K1ck eSports Club,oe:team:73f3cc4e54620b1454530648442e066,K1CK,6,1.0
2020,KOVA Esports,oe:team:6355abffc8fb5d3670268042d6384e9,KOVA Esports,5,1.0
2020,KT Rolster,oe:team:d723992568441c6bafa2658129eade7,KT Rolster,100,1.0
2020,KV Mechelen Esports,oe:team:fc7375b80317eeffe3f05e4d3912626,KV Mechelen Esports,30,1.0
2020,KaBuM! Esports,oe:team:86e551648da70c86cb473ce5d5f26f7,KaBuM! Esports,53,1.0
2020,Kaos Latin Gamers,oe:team:c5b7f439779b465529ff283c53f41c0,Kaos Latin Gamers,53,1.0
2020,Karma Clan Esports,oe:team:67fa892b6ce24fdf93916569f3897d9,Karma Clan Esports,14,1.0
2020,Kawaii Kiwis,oe:team:8eb9a212591f919a353abfac0c0a52a,Kawaii Kiwis,28,1.0
2020,Kenty,oe:team:7d972ad90215f34c0b41ffd5734c0d4,Kenty,39,1.0
2020,Killabeez,oe:team:4e5fe936e690fb945932add515ea1ea,Killabeez,14,1.0
2020,Komputronik H34T,oe:team:df909168cd1adaab72084399480a8e4,Komputronik H34T,19,1.0
2020,LDLC OL,oe:team:e31c6dcc465e0b94500ef023f42cdc1,LDLC OL,72,1.0
2020,LGD Gaming,oe:team:5f401785b6b78326f9a46b3c6b206ed,LGD Gaming,120,1.0
2020,LGD Gaming Young Team,oe:team:6100f2588a65a71921d4f8ee206d94e,LGD Gaming Young Team,91,1.0
2020,LNG Academy,oe:team:2506f4369f41031c5ae85640da9f749,LNG Academy,67,1.0
2020,LNG Esports,oe:team:a9145b7711873f53e610fbba0493484,LNG Esports,81,1.0
2020,LUL Esports,oe:team:9589babfa44eff55bd391b13a9074b9,LUL Esports,20,1.0
2020,Laughing Coffins,oe:team:984c4fc2610cfb9285f5702d46cf68e,Laughing Coffins,6,1.0
2020,Legacy Esports,oe:team:4f5a0b869cd5960c307d1c45e9399a3,Legacy Esports,66,1.0
2020,Legacy Genesis,oe:team:638506106b833cf5649e0490244eed4,Legacy Genesis,12,1.0
2020,Legend Esport Gaming,oe:team:587ebdbf24034c9cf825a6e731ad058,Legend Esport Gaming,75,1.0
2020,Level Up esports,oe:team:60af568eab0264f92225ad6649bac88,Level Up esports,13,1.0
2020,Leviathans,oe:team:622459d5680faa3d82144c4d49a0294,Leviathans,3,1.0
2020,Life Support,oe:team:02008dfb4feddaf6583dd7116eb5180,Life Support,29,1.0
2020,Liga del Mal,oe:team:5babf9f14b8cc18a551ee1fd2d5c6f9,LDM Esports,18,1.0
2020,LinGan e-Sports,oe:team:d18ab971048c6bc6e9f13ce38ba9fae,LinGan e-Sports,71,1.0
2020,LionsCreed Baltics,oe:team:64b59b4a50cdf821d0c4d070b5ed2b2,LionsCreed Baltics,9,1.0
2020,Liyab Esports,oe:team:a179c4d51956d861145724a1c578e35,Liyab Esports,40,1.0
2020,London Esports,oe:team:54d858264b5700c29cbe2fca7fc7649,London Esports,14,1.0
2020,Louisiana State University,oe:team:ab8a919db08c9f8321da77bc63cb31d,Louisiana State University,4,1.0
2020,LowLandLions,oe:team:813dd5137f04b19ed1b27465511a56c,LowLandLions,24,1.0
2020,Lowkey Esports.Vietnam,oe:team:246827ba8505ab1bac1083d093120bc,Lowkey Esports.Vietnam,15,1.0
2020,M19,oe:team:c7ad88feac64b5b6cca8f234b392862,M19,15,1.0
2020,MAD Lions,oe:team:6a0084dacefb228be863fbb64cefe11,MAD Lions KOI,69,1.0
2020,MAD Lions E.C. Colombia,oe:team:8129cf4a441af6379d48593e7e6918f,MAD Lions E.C. Colombia,4,1.0
2020,MAD Lions Madrid,oe:team:9b4c0a1b3fce5f8df14d86277203dfe,MAD Lions Madrid,48,1.0
2020,MAMMOTH,oe:team:7bd8d762a338118fce3df129202eaed,MAMMOTH,47,1.0
2020,MEGA,oe:team:f589eafcf087c11af27e475bafb047f,MEGA,4,1.0
2020,MNM Gaming,oe:team:542063f7067a523ca263df1cb72f843,MNM Gaming,26,1.0
2020,MOBA ROG,oe:team:11f5f2c70a8b02dc6d17fac94c126c9,MOBA ROG,14,1.0
2020,Machi Esports,oe:team:274c62a6d7e34e0e66e5f267a39d5f7,Machi Esports,83,1.0
2020,Malvinas Gaming,oe:team:d5772fdb1ae7fcc8046fa2e056a8715,Malvinas Gaming,46,1.0
2020,Mammoth Academy,oe:team:4a8c0af26c3e3abad2cf15711001855,Mammoth Academy,15,1.0
2020,Maryville University,oe:team:9336ce46babf314b50e3a103506ae0a,Maryville University,26,0.9615384615384616
2020,Mirage Sport Électronique,oe:team:cb88ee3c195b2c7056830437a1f1565,Mirage Sport Électronique,33,1.0
2020,Misfits Gaming,oe:team:594b183f8fb081ef64820f31ab8d641,Misfits Gaming,40,1.0
2020,Misfits Premier,oe:team:c59bcb753bac65c0397bf9ebbcf850b,Misfits Premier,63,1.0
2020,Mkers,oe:team:22042a8a81add8ab741dcfc6c8985ca,Mkers,27,1.0
2020,MnM Gaming Academy,oe:team:dad402da1140c74da1f0c558dd926de,MnM Gaming Academy,16,1.0
2020,Movistar Riders,oe:team:4acc40654379b4da680be1bd3129dfa,Movistar KOI,73,1.0
2020,Movistar Riders Academy,oe:team:f3c533aeb87ace93284514faf321076,Movistar Riders Academy,26,1.0
2020,Munster Rugby Gaming,oe:team:570bfe8899b9aff8ccbdd18334ec8ab,Munster Rugby Gaming,12,1.0
2020,Munster Rugby Gaming Academy,oe:team:83614d04de89b4e9fa13ebf5d3aa5d2,Munster Rugby Gaming Academy,23,1.0
2020,NVision Esports,oe:team:f403408263100c2f4d2c43bf05a0a58,NVision Esports,35,1.0
2020,Nexus Gaming (Romanian Team),oe:team:786880f9b3bc8bdeafa1f7b250642be,Nexus KTRL,14,1.0
2020,Noble Esports,oe:team:8726cc5f2f30137866f13cfc53a9fb2,Noble Esports,3,1.0
2020,Nocturns Gaming,oe:team:1403f42870de19dee6af045d2f65e29,Nocturns Gaming,51,1.0
2020,Nordavind,oe:team:888e2625be28a957836e6274721196e,Nordavind,15,1.0
2020,Nova Esports (Thai Team),oe:team:10ce81cc4b8f1ade3f8d3aab9866467,Nova Esports,49,1.0
2020,ODIN Gaming,oe:team:65381c751e78df337720522a7275412,ODIN Gaming,18,1.0
2020,OFFSET Esports,oe:team:a2af8a630966a79f15f17d89b1f97d2,OFFSET Esports,22,1.0
2020,OP innogy eSport,oe:team:040dc048e75fcdf175aa7f8e204c9e6,OP innogy eSport,37,1.0
2020,ORDER,oe:team:6575d9a58f0b41a108f2d6a565a0650,ORDER,67,1.0
2020,ORDER Academy,oe:team:15cd04e605d88070159951f2801fa82,ORDER Academy,10,1.0
2020,OZ Gaming,oe:team:492de98f62f1f41a5255dd0a15ce444,OZ Gaming,76,1.0
2020,Obnoxious Gaming,oe:team:b4f55af603bfb209eda84e1d685e594,Obnoxious Gaming,22,1.0
2020,Oh My Dream,oe:team:d6ede6ace357c075af068ccac12ae9f,Oh My God Academy,73,1.0
2020,Oh My God,oe:team:f4c4528c6981e104a11ea7548630c23,Oh My God,83,1.0
2020,One Breath Gaming,oe:team:785bf7c68fff8e64a5b17ba5972f10a,One Breath Gaming,15,1.0
2020,Orgless,oe:team:d67b8c3f9b00fd1c8cbdc714358bad3,Orgless,17,1.0
2020,Origen,oe:team:ac6cb6091eb27e5332f2926f44a7067,Origen,48,1.0
2020,Origen SB,oe:team:90a3fe0ae48ef2bfe82b20711646096,Astralis SB,20,1.0
2020,Outplayed,oe:team:cd6b4265231d4ba346274357681c335,aNc Outplayed,42,1.0
2020,OverPower Esports,oe:team:631731910c3b71653b00f15d0d45ab0,OverPower Esports,33,1.0
2020,PIGSPORTS,oe:team:31079f1545ca2d6e01c96256c3e8987,PIGSPORTS,27,1.0
2020,PRIDE (Polish Team),oe:team:4bf1cdb1d7d084e66dbc3e32ba54236,PRIDE,34,1.0
2020,PSG Talon,oe:team:4880b157399745e82e26e229d8bbf48,PSG Talon,44,1.0
2020,PSV Esports,oe:team:d80103bdd8d612247d7d44fc77d204a,PSV Esports,33,1.0
2020,Papara SuperMassive,oe:team:5203ff881d5c82c5f720eb3a2f3b44c,Papara SuperMassive,62,1.0
2020,Pentanet.GG,oe:team:9b4a7228059e863c153b3e196ac85b2,Pentanet.GG,49,1.0
2020,Pentanet.GG Rise,oe:team:ca60495d47019431a6813188aea1eb2,Pentanet.GG Rise,13,1.0
2020,Percent Esports,oe:team:808802433f8a06e8632de7eaeb2d676,Percent Esports,37,1.0
2020,Phelan Gaming,oe:team:bf0c8b283dc9b86d914af061ac30424,Phelan Gaming,14,1.0
2020,Pixel Esports Club,oe:team:c6d5aa661b7fc79404111ac75fbdcd4,Pixel Esports Club,32,1.0
2020,Polar Ace,oe:team:7df78a658a1ca10f6d413c775cf35cd,Polar Ace,30,1.0
2020,Prodigy Esports,oe:team:5753d046a1c9282ce2597e81227eba0,Prodigy Esports,47,1.0
2020,Pyrsos Esports,oe:team:7f558ae3ef0742800bf509957e7a3d8,Pyrsos Esports,60,1.0
2020,QLASH Forge,oe:team:8bcb5c0aa41c119da58107290671f4d,QLASH Forge,14,1.0
2020,QLASH Spain,oe:team:22e85b1589714de8f4aa211025bf1fb,QLASH Spain,3,1.0
2020,QTV Gaming,oe:team:ef323f7c8590882faf14dfddd0a0252,QTV Gaming,12,1.0
2020,QUT Tigers,oe:team:c4193e1de4cbb3a64553aa2e1d31b57,QUT Tigers,16,1.0
2020,Quantum Gravity Gaming,oe:team:de19d3e45d96597bc4bb3817d69af07,Quantum Gravity Gaming,4,1.0
2020,RAMS,oe:team:8cdcd791dbcd3d0cb8fc18d9f9d0a01,RAMS,17,1.0
2020,RED Canids,oe:team:67169969ecc058b307edfa9c6b7a3c0,RED Canids,41,1.0
2020,RMIT Redbacks,oe:team:f48d6969116c71798a9db7a42e63e59,RMIT Redbacks,10,1.0
2020,RSC Anderlecht Esports,oe:team:bed2e4c078902a8c2d224b59ea3e28e,RSC Anderlecht Esports,24,1.0
2020,Racoon (Italian Team),oe:team:1ea33e423fda711df3254bb510eac95,Racoon,78,1.0
2020,Radiance,oe:team:955d9ba35580bdcc7bed3f11736b0f7,Radiance,31,1.0
2020,Rainbow7,oe:team:2cb996a4b0ffaca3bcf66fe91450243,Movistar R7,61,1.0
2020,Rascal Jester,oe:team:16fbfa0b9d8a6aaa7ea303ac6d70669,Rascal Jester,33,1.0
2020,Rebirth eSports,oe:team:5c116dedda7feae2f6ffc093f844ac6,Rebirth eSports,45,1.0
2020,Redemption eSports Porto Alegre,oe:team:f7357a7d977599b7742a122a2230cae,Redemption eSports Porto Alegre,36,1.0
2020,Rejects Gaming,oe:team:b136827bb6e2aa53e85960a66f6f6d4,Rejects Gaming,14,1.0
2020,Rensga Esports,oe:team:92ede2510f2ad0234b1dd75f03108ae,Rensga eSports,30,1.0
2020,Resolve,oe:team:05d26e7d7c53744b903ae1f6f8a8c7e,Resolve,3,1.0
2020,Resurgence,oe:team:e2a65fbaf1e4dc9f539e9c7dfa195ad,Resurgence,41,1.0
2020,Riddle Esports,oe:team:9eb531c72890b1ae7e50122f0884f37,Riddle Esports,34,1.0
2020,River Plate Gaming,oe:team:0444a233369afe0d17d6b8bafc147a4,River Plate Gaming,40,1.0
2020,RoX (2014 CIS Team),oe:team:d00921d1fc09960415443f591cb6160,RoX,33,1.0
2020,Robert Morris University Illinois,oe:team:b1204b591832cdd2a02b3da34d94988,Robert Morris University Illinois,11,1.0
2020,Rogue (European Team),oe:team:cd62e47544f14f1d239afa659b9d243,Rogue,61,1.0
2020,Rogue Warriors,oe:team:746be9a4c3793ab321bba257c450864,Rogue Warriors,83,1.0
2020,Rogue Warriors Shark,oe:team:608e3f723c2e599fda1b4237e8dea8f,Rogue Warriors Shark,66,1.0
2020,Royal Club,oe:team:5e97f293e9986969e0abb397228dd6f,Royal Club,68,1.0
2020,Royal Never Give Up,oe:team:73f3126d91d35faa5d5ce34abadb865,Royal Never Give Up,101,1.0
2020,Royal Youth,oe:team:1fcd541d3a51d70860c46eaae858ba8,Royal Youth,42,1.0
2020,Royal Youth Academy,oe:team:e16e08020a1c1f4b5e15b794a4e7ea3,Royal Youth Academy,37,1.0
2020,RunAway,oe:team:3458023b7fd22a703b1813dc0163762,RunAway,40,1.0
2020,S2V Esports,oe:team:c1db99dba74a3a144f637b616c9f4f7,S2V Esports,41,1.0
2020,S2V Esports Academy,oe:team:c14015eb860f145768d4368ba5c6349,S2V Esports Academy,17,1.0
2020,SAIM SE,oe:team:efffad611f754b23229bc78d12a18a2,ŠAIM SE,20,1.0
2020,SAMCLAN Esports Club,oe:team:c9c39ac4c61b8281f7107deb9e3a587,SAMCLAN Esports Club,50,1.0
2020,SANDBOX Gaming,oe:team:c75f1f337fc5867914749d438a4871d,Liiv SANDBOX,102,1.0
2020,SINNERS Esports,oe:team:9a3327bd6c9a07e61350e24d97419fa,SINNERS Esports,32,1.0
2020,SK Gaming,oe:team:75760dca486d4682426196b76bd1a54,SK Gaming,39,1.0
2020,SK Gaming Prime,oe:team:aa8c3b781d96ddb7a24ab3240918988,SK Gaming Prime,36,1.0
2020,SK Telecom T1,oe:team:3354e252e33ed55fd8fa14595ca1564,SK Telecom T1,14,1.0
2020,Saigon Buffalo,oe:team:8e27b674a472ab529e758f13f0bace0,Saigon Buffalo,33,1.0
2020,Samsung Morning Stars,oe:team:9efc9069228bc0817c7a9bac775daa7,Samsung Morning Stars,53,1.0
2020,Santiago Wanderers eSports,oe:team:71cc230a7d2155dd4958f3de7ad40bb,Santiago Wanderers eSports,20,1.0
2020,Santos e-Sports,oe:team:6ce440e4a70cb66fe47b84deb9e068c,Santos e-Sports,42,1.0
2020,Sector One,oe:team:22cc1ec02bc49515b9e4a5f6318149a,Sector One,49,1.0
2020,Sengoku Gaming,oe:team:984c3ce601b35d7617ad0bc8570946c,QT DIG∞,44,1.0
2020,SeolHaeOne Prince,oe:team:c228d8939c704a1d5ac0e3d49477cc4,SeolHaeOne Prince,41,1.0
2020,Seorabeol Gaming,oe:team:73ebe8c6bb0621f090da33008832d1d,Seorabeol Gaming,43,1.0
2020,Shu Dai Xiong Gaming,oe:team:7f60009d2aa9ce24f05deec2010a33f,Shu Dai Xiong Gaming,85,1.0
2020,Simplicity Esports,oe:team:5dea096f07a86312fd9dce9eee5acfa,Simplicity Esports,7,1.0
2020,Sinisters,oe:team:35a8556d92988fd1af626af63146983,Sinisters,14,1.0
2020,Slaughter House,oe:team:72dbb628b62f86001cfab61bc031f76,Slaughter House,15,1.0
2020,Snowman Slammers,oe:team:a26e2e9c07c2a3dde0c711a406fa20c,Snowman Slammers,16,1.0
2020,Solary,oe:team:90938c428db11f6e372f5c6833b9743,Solary,29,1.0
2020,Spear Gaming,oe:team:0ce92abf77546dafee13c1c3f37c25e,Spear Gaming,49,1.0
2020,Split Raiders,oe:team:816fd66f05f2069179b4c7f6a32fcdb,Split Raiders,34,1.0
2020,Splyce,oe:team:3413ca4510110b5181f3e4b24d52719,Splyce,20,1.0
2020,Suning,oe:team:8d47748b0e2a0ac34c90891889805a8,Suning,117,1.0
2020,Suning-S,oe:team:31b35dcae7e5d01be2e407b0abe6a23,Suning-S,73,1.0
2020,SuperMassive Academy,oe:team:437a2fa4639d8cb1677176861d69260,SuperMassive Academy,36,1.0
2020,Supernova,oe:team:8776b7033f1bc10634e50d90f861c1d,Supernova,42,1.0
2020,SuppUp eSports,oe:team:7ed86843d30c4d421da2669be889336,ŠAIM SE SuppUp,26,1.0
2020,T1,oe:team:ce499dea30cfce118f4fe85da0227e8,T1,113,1.0
2020,TALON (Hong Kong Team),oe:team:4880b157399745e82e26e229d8bbf48,PSG Talon,50,1.0
2020,TSM,oe:team:a22510a4756fa424cb0771b13261139,TSM,77,1.0
2020,TSM Academy,oe:team:b2840811ed80a85fcf6f023d4b73f8d,TSM Academy,50,1.0
2020,Team 7AM,oe:team:fc3d0bdc84e08efc1b6623448e64c15,Team 7AM,24,1.0
2020,Team AURORA,oe:team:ce02eb63c33525b64c0734c872d64cd,Team AURORA,44,1.0
2020,Team AURORA Academy,oe:team:ec79d991a7dd0150a5f4b447c0ab1f4,Team AURORA Academy,44,1.0
2020,Team Aze,oe:team:0a9aa50beea19fcbc6b939fe6b94f08,Team Aze,41,1.0
2020,Team Black (Dutch Team),oe:team:8eced35dbf4b2e1fc9f73d2ce972ce5,Team Black,9,1.0
2020,Team Cloud Drake (NASG Team),oe:team:f6fd2177acca4512dc0b8abbe67351a,Team Cloud Drake,16,1.0
2020,Team Dynamics,oe:team:3f0da22a1e50a49e14e7e54bd90206f,Team Dynamics,91,1.0
2020,Team Echo Zulu,oe:team:ea6aaa4a7803a05fef1377dbedb3786,Team Echo Zulu,23,1.0
2020,Team Echo Zulu Tribe,oe:team:6f61abe84654a499297eb91643581ae,Team Echo Zulu Tribe,9,1.0
2020,Team Fish Taco,oe:team:01a3132448697cecc30364f52173670,Team Fish Taco,32,1.0
2020,Team Flash.Vietnam,oe:team:9bcc3882a74d7ec2b66f7067ba31bc3,Team Flash,103,1.0
2020,Team Flux,oe:team:158e31c37dbe9830ecca9741528f948,Team Flux,4,1.0
2020,Team Infamous,oe:team:d06e44d315e9885e416867447358542,Team Infamous,27,1.0
2020,Team Infernal Drake (NASG Team),oe:team:858117e8241051433bcfacf5fdac547,Team Infernal Drake,16,1.0
2020,Team Liquid,oe:team:8eb884e168f28402ce685bedebb5250,Team Liquid,66,1.0
2020,Team Liquid Academy,oe:team:3406c21f701022dbe9d9bf397b41465,Team Liquid Academy,39,1.0
2020,Team MCES,oe:team:6e14f9bf67e6e4000df4d600ad43bfa,Team MCES,28,1.0
2020,Team Mountain Drake (NASG Team),oe:team:ea7f5b6d73556e1148c7bb8ae123d4d,Team Mountain Drake,18,1.0
2020,Team Ocean Drake (NASG Team),oe:team:9f837e0b7d5a822babf09cc081b7622,Team Ocean Drake,16,1.0
2020,Team Queso,oe:team:65ef83f1c6a889cdc68ff12943c9f45,Team Queso,44,1.0
2020,Team Refuse,oe:team:d932b52fb3a9d5fad174728a969ee14,Team Refuse,57,1.0
2020,Team Sampi,oe:team:c9c57deef5fcd4cd734181f121c9ee8,Team Sampi,44,1.0
2020,Team Secret (Vietnamese Team),oe:team:ee140e8e9d6abd0bfd2b7bc94639d43,Team Secret,72,1.0
2020,Team Singularity,oe:team:b7f246aa375086484bc9e7469ab3b0c,Team Singularity,21,1.0
2020,Team THRLL,oe:team:6b4e04b5498281cfb61ef8955023ad9,Team THRLL,30,1.0
2020,Team THRLL Academy,oe:team:d2ae1a42c10d8ff649b4f32f13e6468,Team THRLL Academy,21,1.0
2020,Team Vitality,oe:team:e8d8ae992fe72acb7adc7bfcee31dbb,Team Vitality,36,1.0
2020,Team WE,oe:team:62c1cd9465dc63824593ee5046f5aa8,Team WE,105,1.0
2020,Team WE Academy,oe:team:85bf857a01b615a257739e34d9f0720,Team WE Academy,75,1.0
2020,Team oNe eSports,oe:team:364547a649dd1c75e258f0d5168509f,Team oNe eSports,50,1.0
2020,Team-LDLC,oe:team:e31c6dcc465e0b94500ef023f42cdc1,LDLC OL,4,1.0
2020,Timeout Esports,oe:team:13909e6689e1df762fd22aee7999e77,Timeout Esports,17,1.0
2020,Timeout Esports Academy,oe:team:f57128cd29ac423bc73a9e301b0495f,Timeout Esports Academy,9,1.0
2020,Top Esports,oe:team:fcec508e780bbd1ad493852640f5b36,Top Esports,127,1.0
2020,Top Esports Challenger,oe:team:eaeaad6cbcd022d2b872d4776aae2e6,Top Esports Challenger,63,1.0
2020,Tricked Esport,oe:team:2afb248007781e3a3ff485eece218bd,Tricked Esport,17,1.0
2020,Triumphant Song Gaming,oe:team:d133a1d79e3a76fd1db258c7c06bb7b,Triumphant Song Gaming,8,1.0
2020,Tundra Gaming,oe:team:6b57c465157e1299f3f87d2c8767de6,Tundra Gaming,13,1.0
2020,UCAM Esports Club,oe:team:746e6715fc4295c54954be5efc385af,UCAM Esports,41,1.0
2020,UQ Union,oe:team:c89864253bfbc47feae7aebf4013806,UQ Union,16,1.0
2020,UTS Esports,oe:team:3b41580aaafc8fae0130f6868cb8a84,UTS Esports,9,1.0
2020,Undead Gaming,oe:team:22e3ecae7af241c9c5be021c855885e,Undead Gaming,51,1.0
2020,Unicorns of Love Sexy Edition,oe:team:6a060bd74c9041bf0aa89adf9d15d12,Unicorns of Love Sexy Edition,47,1.0
2020,Unicorns of Love.CIS,oe:team:e84133caa1e561518201cc7d33f14ed,Unicorns of Love.CIS,65,1.0
2020,Universidad Católica Esports,oe:team:9ed161c748673bdb61d92c3e82cf52b,Universidad Católica Esports,54,1.0
2020,University of Texas at Dallas,oe:team:5774d59075b9be61779abedd5c227c7,University of Texas at Dallas,5,1.0
2020,Upper Echelon,oe:team:6e30eb8b4abb3420042ac3a2eef5f23,Upper Echelon,14,1.0
2020,V Gaming Adonis,oe:team:359f4fcf1cfcd0894f52563d5cae1bc,V Gaming Adonis,31,1.0
2020,V3 Esports,oe:team:af4b23d4634c4e6ecb5659fb1e689e9,V3 Esports,54,1.0
2020,V5 87,oe:team:518298125ac66f7525bb09ec1b5eb9a,V5 87,70,1.0
2020,Valorous,oe:team:47b5eae9d91563c34d6d6963bbabb19,Valorous,18,1.0
2020,Vatra Gaming,oe:team:d3754c508c7b5e6077da6a23465ecde,Vatra Gaming,4,1.0
2020,Vega Squadron,oe:team:95fa2bbc5eb242e7c3243c3467e32f3,Vega Squadron,26,1.0
2020,Vegas Inferno,oe:team:ea0defcb90ef9d0e67e092adcc37656,Vegas Inferno,13,1.0
2020,Vici Gaming,oe:team:5627e3ef0b2477289b218ddeb6a151a,Vici Gaming,101,1.0
2020,Vici Gaming Potential,oe:team:abdec2ea4b31e351c80a16d988c5940,Vici Gaming Potential,75,1.0
2020,Victorious Gaming,oe:team:661399cd57d6efe4a62201665c4ebc8,Victorious Gaming,65,1.0
2020,Victory Five,oe:team:b5454c08654c7f6175d1d887f80c769,Victory Five,86,1.0
2020,Vikingekrig Academy,oe:team:f3e93a37225a7f012ac53604a9afcae,Vikingekrig Academy,23,1.0
2020,Vikingekrig Esports,oe:team:1c1e5c3fdd3090ed2162e9a17bcd4ab,Vikingekrig Esports,31,1.0
2020,Vipers Inc,oe:team:79b1bfb5e365f605aee635bc9198945,Vipers Inc,6,1.0
2020,Vitality.Bee,oe:team:ccd089bf173a5fff1063eb0576201a7,Vitality.Bee,43,1.0
2020,Vivo Keyd,oe:team:2ac91e85ddcfa4e5c6ec6c9b5d3f3f0,Vivo Keyd,45,1.0
2020,Vodafone Giants Academy,oe:team:eb2c3286d3f7ae58bb118bbc87bab2c,Vodafone Giants Academy,19,1.0
2020,Vodafone Giants.Spain,oe:team:6dd9fc16013a656e475c1b1eb7d4e06,Giants,72,1.0
2020,WLGaming Esports,oe:team:b19ab22267512e77945cd498106dcf1,WLGaming Esports,73,1.0
2020,WanZhen Esports Club,oe:team:f11c9eace9c9f61931b6e0269d80102,WanZhen Esports Club,70,1.0
2020,WarKidZ E-Sports,oe:team:b8657dd7e358c05adb2aea0a6cb8bf1,WarKidZ E-Sports,15,1.0
2020,We Talent,oe:team:8faf26a1c15f3a92e0383bc23ca3a22,We Talent,8,1.0
2020,WhereAreyouFrom,oe:team:f679caba939e1e66d4729c4c389f4b8,WhereAreyouFrom,4,1.0
2020,WiLD MultiGaming,oe:team:e21e3adb4144bf39d2647579b25501f,WiLD MultiGaming,14,1.0
2020,Wildcard Gaming,oe:team:9034597e77937456f89960ad1b8615e,Wildcard Gaming,21,1.0
2020,Winthrop University,oe:team:333ba9fefa87eda14bd32c5420d7002,Winthrop University,4,1.0
2020,World Class Empyreans,oe:team:2be2ebecc453760d7df4991a51a8edc,World Class Empyreans,22,1.0
2020,XT Esports,oe:team:5baea1d85fe74c9b5324e0ac7b55f23,XT Esports,13,1.0
2020,XT Gurb Nation,oe:team:d1c09638d5f5bff76830781601a792d,XTGN,5,1.0
2020,XTEN Esports,oe:team:e2032cdda6a487d10b7be0435e4fb31,XTEN Esports,32,1.0
2020,YDN Gamers,oe:team:1814e10e29c1ebec936f15aa87797bd,YDN Esports,44,1.0
2020,Young Miracles,oe:team:1486bbe432b1153d9a83ff6e75d6c90,Young Miracles,38,1.0
2020,Zenith Esports,oe:team:bfd1bba6235971993e82d51e679a34a,Zenith Esports,5,1.0
2020,Zero Six PowerSpike,oe:team:520240664f961bf37844d78b76f64ba,Zero Six PowerSpike,21,1.0
2020,Zero Tenacity,oe:team:125fc4d6b0dc1b21596f4f06a207d62,Zero Tenacity,13,1.0
2020,Zwan Gaming Mexico,oe:team:b945e7a96b93d96b108071ea38c013e,Zwan Gaming Mexico,30,1.0
2020,ad hoc gaming,oe:team:52fd51dc4607d54f4e6e7b00a69b3ca,ad hoc gaming,39,1.0
2020,ahq eSports Club,oe:team:d15303823a1dccff9f3068fb357e356,ahq eSports Club,70,1.0
2020,devils.one,oe:team:92e22c0b203c93b7d25c3a07b68575c,devils.one inStreamly,24,1.0
2020,eMonkeyz,oe:team:30c141fd39621b22cf67eb62dbaea69,eMonkeyz,36,1.0
2020,eStar (Chinese Team),oe:team:1d93dd0f3753b0af50c9f8307496922,eStar,81,1.0
2020,eStar Young,oe:team:014165c3a9a1dc9e63e248ce83ca576,eStar Young,76,1.0
2020,eSuba,oe:team:3faefd9245a4ef6ba347fbcf2a51515,eSuba,64,1.0
2020,eSuba Academy,oe:team:c5819326ccf3b14446406bd7ac066c3,KIA.eSuba Academy,23,1.0
2020,hyFresh Blade,oe:team:b77b3f6068e20a2b3edc0ecd3dc70d4,HANJIN BRION,35,1.0
2020,justforfun,oe:team:89bd16bac1dcdbb669bf9ff28aec00f,justforfun,13,1.0
2020,mCon esports,oe:team:ee662fa8580ced6fb87aa4ca5b1fe7b,mCon esports,10,1.0
2020,mCon esports Rotterdam,oe:team:ee662fa8580ced6fb87aa4ca5b1fe7b,mCon esports,10,1.0
2020,mYinsanity,oe:team:f678dedcefb1a8df0844b6499004aa1,mYinsanity,35,1.0
2020,mousesports,oe:team:7c4854374e4daa6b00206eb922359a9,MOUZ NXT,79,1.0
2020,nerdRage,oe:team:43c075d12246347af6745bce7e5a665,nerdRage,3,1.0
2020,optical spectrum E-sport,oe:team:6a622995ad838febe8b15bdd3d0c9de,optical spectrum E-sports,59,1.0
2020,paiN Gaming,oe:team:61450737f7b683db4da7b3e0bf0dced,paiN Gaming,51,1.0
2020,piratesports,oe:team:c4360b2f59028db18a7d5b19ec74bcb,piratesports,37,1.0
2020,x6tence,oe:team:c5065df5008bc2f0a6df83dc37c6f1d,x6tence,18,1.0
2021,100 Thieves,oe:team:4bd1751425ef6a9bc9d4d8e9385b4a6,100 Thieves,89,1.0
2021,100 Thieves Academy,oe:team:acbc961cec36a59ede6695669ad7a19,100 Thieves Academy,102,1.0
2021,100 Thieves Next,oe:team:a3e5d7937cfb8a6d810b5d18d0b1fe7,100 Thieves Next,75,1.0
2021,4Elements Esports,oe:team:e919e6c4f8ed9efed7f8a1f49d2b44a,4Elements Esports,13,1.0
2021,4Elements Scuttle Squad,oe:team:aaaacee1fb3399071bdaa0e6a24ff6f,4Elements Scuttle Squad,17,1.0
2021,5 Ronin,oe:team:6a87540e0a690bc1aa918c3c31b21e7,5 Ronin,37,1.0
2021,5 Ronin Academy,oe:team:65838799d4f18b5f3cda973edca3e8b,5 Ronin Academy,35,1.0
2021,7more7 Pompa Team,oe:team:b5ac2d78f427d88ed9666c8d1c9e1d2,7more7 Pompa Team,21,1.0
2021,AGD E-Sports,oe:team:9f3c8ed4ad53efba760b6267af69b7f,AGD E-Sports,3,1.0
2021,AGO ROGUE,oe:team:5a5f8cc0161f43afe3461b293535517,AGO ROGUE,60,1.0
2021,ANEW Blaze,oe:team:b40d3a5915a3627fb180a52ffcf8fcd,ANEW Blaze,36,1.0
2021,ANEW Dawn,oe:team:c574d318fab6447b119865b6e12361e,ANEW Dawn,6,1.0
2021,ANEW Esports,oe:team:86bd7e5d5feb9c91d3026fdf741ef07,ANEW Esports,32,1.0
2021,ANEW Genesis,oe:team:d1f94eb386150a299d1fcccb7bf56ac,ANEW Genesis,5,1.0
2021,ANEW Rising,oe:team:dfbc53a1d6a3646a7e7dc1278a137ac,ANEW Rising,18,1.0
2021,AOE Esports,oe:team:f99374803c2802a727e34ba54af754d,Area of Effect Esports,49,1.0
2021,ASUS ROG ELITE,oe:team:8876fffa2a609c6e4cfddfbbaedc2dd,ASUS ROG ELITE,30,1.0
2021,AXIZ,oe:team:800133e1f0fb01e3326d93eee58f0f4,AXIZ,38,1.0
2021,AXIZ Academy,oe:team:3b1c9e07a26cdc1ed8b830314e19cfd,AXIZ Academy,8,1.0
2021,AaB Esport,oe:team:1b9ffe897d79c81c5deeca9e3c78f69,AaB Esport,4,1.0
2021,Absolved,oe:team:2ede2009837b8d7774a09a5dc367f92,Absolved,26,1.0
2021,Abyssal Esport Club,oe:team:c53d416e0d33d229126f8d13b00d07b,Abyssal Esport Club,22,1.0
2021,Aethra Esports,oe:team:39d5dcd1979d4062609cf7c1fc9ff55,Aethra Esports,6,1.0
2021,Afreeca Freecs,oe:team:b3c72a20aa56f5d28022ac04a7dc294,DN SOOPers,96,1.0
2021,Afreeca Freecs Academy,oe:team:00ae39840233a9dc8db235166c32ba7,DN SOOPers Academy,56,1.0
2021,Afreeca Freecs Challengers,oe:team:f78d56f289804906a627706f330ee06,DN SOOPers Challengers,44,1.0
2021,All Combo,oe:team:66951189b9e08c162667e26facca95e,All Combo,89,1.0
2021,All Knights,oe:team:ac644a006bcf1a44682d666df19864c,All Knights,40,1.0
2021,Alpha Esports,oe:team:dfd20f6b96340a66e4004f41215f6b7,Alpha Esports,37,1.0
2021,Anorthosis Famagusta Esports,oe:team:5f1bc4a914b49c7b7ff4c2f1b8d8df9,Anorthosis Famagusta Esports,76,1.0
2021,Arctic Gaming Mexico,oe:team:ac655e92876e020fc404aff244a95e3,Arctic Gaming México,47,1.0
2021,Area of Effect Brady,oe:team:479a62d88953b27ea1ead81075aa9d4,Area of Effect Brady,11,1.0
2021,Area of Effect Need Her,oe:team:a7a76c2d37e9b45217a8f7ce66ddb8b,Area of Effect Need Her,13,1.0
2021,Area of Effect Randoms,oe:team:0db4f03569e38f6ff1c09aa1907ca6d,Area of Effect Randoms,56,1.0
2021,Area of Effect Will's Kittens,oe:team:a0f0ee0d7ff81dae79b2580688fb76d,Area of Effect Will's Kittens,13,1.0
2021,Arena Quesito,oe:team:5a65820ae9d6b52452d469d0b4ffc29,Arena Quesito,32,1.0
2021,Astralis,oe:team:128d0cec08b877912eb91f94a1f3295,Astralis,36,1.0
2021,Astralis SB,oe:team:90a3fe0ae48ef2bfe82b20711646096,Astralis SB,30,1.0
2021,Atlando Esports,oe:team:e4e374ea65e4f2ca513cdd2579ad578,Atlando Esports,9,1.0
2021,Atletec,oe:team:e0ec1fed6e0949a0aef5f506ccb76ce,Atletec,5,1.0
2021,Atomic México,oe:team:12f0138300dd741199ea6ad1666531c,Atomic México,39,1.0
2021,Australs,oe:team:49f7d0d26c02418d44ffcf34a087068,Australs,28,1.0
2021,Awesome Spear Academy,oe:team:11316fd322539b98a9a695912841fac,Awesome Spear Academy,20,1.0
2021,Axolotl,oe:team:e7121adad88546bce0ff2cc41c2d343,Axolotl,46,1.0
2021,Azules Esports Academy,oe:team:b654c85830c3979466517ca5158b309,Azules Esports Academy,12,1.0
2021,BCN Squad,oe:team:67acf50fd9db87b9aec311bedf9bea3,BCN Squad,40,1.0
2021,BLACKLIST,oe:team:7c70757b78984c0990d99dc3524395e,BLACKLIST,22,1.0
2021,BOOM Esports,oe:team:df45d96b7b251f89748cc28b2bc8969,BOOM Esports,54,1.0
2021,BRUTE,oe:team:ddb6aa775eebeffd5cc41ba5c35c6a1,BRUTE,35,1.0
2021,BRUTE Academy,oe:team:1d013d613a36012255cc7f3b8562439,BRUTE Academy,19,1.0
2021,BT Excel,oe:team:2b7b9f30577e4eb59af48370ce8679c,JD|XL,37,1.0
2021,Barrage (British Team),oe:team:ed697fa53b4832c6625299c1ddd40c9,Barrage,37,1.0
2021,Barrage Academy,oe:team:6df3f4d9e60d9c1523e02b4b4a8cde4,Barrage Academy,22,1.0
2021,Barrage.NA,oe:team:820a182de738908d69fb74a7745c677,Barrage.NA,86,1.0
2021,Bastards Esports,oe:team:2375bf67ae2a232830947aaba2a6be7,Bastards Esports,33,1.0
2021,Bay State College,oe:team:be543a92f2258b940563996544963c3,Bay State College,47,1.0
2021,Bencheados,oe:team:ba3b1a1f005f917f9aaea679f31ae08,Bencheados,44,1.0
2021,BeomSAMA Fan Club,oe:team:0ce92abf77546dafee13c1c3f37c25e,Spear Gaming,33,1.0
2021,Berjaya Dragons,oe:team:eb704226a35906f55b51e7ebeaee260,Berjaya Dragons,42,1.0
2021,Berlin International Gaming,oe:team:3de935df8f40fbb4d0e564d4a20e6cb,Berlin International Gaming,79,1.0
2021,Bethany Lutheran College,oe:team:a4b8f2a5c30a05dd32e2c0f3f97b1b3,Bethany Lutheran College,8,1.0
2021,Bethany Lutheran College B,oe:team:a4b8f2a5c30a05dd32e2c0f3f97b1b3,Bethany Lutheran College,7,1.0
2021,Beyond Gaming,oe:team:89008bdacc273b554227d6b76869381,Beyond Gaming,78,1.0
2021,Beşiktaş Academy,oe:team:1983b6e9dc5d2b7538f8787448dd5d7,Beşiktaş Academy,39,1.0
2021,Beşiktaş Esports,oe:team:4f19751f9f051533995772897da2d77,Beşiktaş Esports,46,1.0
2021,Bifrost,oe:team:f081b761c52c8815264545f31442cf6,Bifrost,15,1.0
2021,Bilibili Gaming,oe:team:d356a144644879dabb5f34cd99c886d,Bilibili Gaming,91,1.0
2021,Bilibili Gaming Junior,oe:team:4dfc9a0f1a6e1f2fcd8169ad3cdc5da,Bilibili Gaming Junior,91,1.0
2021,Black Star Gaming,oe:team:9f4d6a0d3f64dd4a431b97862bd88aa,Black Star Gaming,17,1.0
2021,Boavista FC,oe:team:07837648624136cfa442f4d3bf29de0,Boavista FC,35,1.0
2021,Boca Juniors Gaming,oe:team:60e5f1fdc57df40ba2ca71ecf3c3b52,Boca Juniors Gaming,44,1.0
2021,Boise State University,oe:team:2f3f3e58c9f5e3efba3c2c64ee7e4d6,Boise State University,9,1.0
2021,Box Gaming,oe:team:f120b297d22778c31d145387ae3a372,MGN Blue Esports,11,1.0
2021,Bulldog Esports,oe:team:4ccccd4b7c3dba7d799d52c4b78634d,Bulldog Esports,41,1.0
2021,Burning Core,oe:team:73c73a123b43e071470729f74ef2022,Burning Core Toyama,27,1.0
2021,Burning Core Academy,oe:team:26de0e706bbdee6670640bb499d80a9,Burning Core Toyama Academy,9,1.0
2021,Burst The Sky Esports,oe:team:c525a336b58cf2df7c961b52a7af5ce,Burst The Sky Esports,47,1.0
2021,CASLA Esports,oe:team:e422814c2933709b7f913eb23f74e05,CASLA Esports,62,1.0
2021,CERBERUS Esports (Vietnamese Team),oe:team:05825167aedac3dc1e6f72133f52604,CERBERUS Esports,45,1.0
2021,CLG Academy,oe:team:fe409cbd7c72eb621d9c4e7eac75936,CLG Academy,88,1.0
2021,CR4ZY,oe:team:c47878260ba6bd108f98aafa82cd454,CR4ZY,18,1.0
2021,CTRL PLAY,oe:team:ec6df3b8882b76b51d9bbaee084738e,CTRL PLAY,29,1.0
2021,Cattleya Gaming,oe:team:644e00b2fc248d4befa4848e338b001,Cattleya Gaming,7,1.0
2021,Chiefs Esports Club,oe:team:692bccdba8ec7050f5aeb916815439e,Chiefs Esports Club,48,1.0
2021,Chilly Mountain Wolves,oe:team:7d81087d536bb108e36a3966efdf7e7,Chilly Mountain Wolves,17,1.0
2021,Cloud9,oe:team:fc8e90107dabb9a35c490b0d86adea0,Cloud9,127,1.0
2021,Cloud9 Academy,oe:team:4e28e7839cbb263369dfcb1794a25e2,Cloud9 Academy,83,1.0
2021,Cloud9 Amateur,oe:team:0ceefa1371cd26b24911fa299937e9e,Cloud9 Amateur,108,1.0
2021,Club Deportivo Municipal,oe:team:19de4148001c056cbc5804dc8636190,Club Deportivo Municipal,8,1.0
2021,Columbia College,oe:team:abbabe3f07708032b87bc78494b6d8f,Columbia College,18,1.0
2021,ConViction Moon,oe:team:e736f10b61654a27a75f59a05afd0e6,ConViction Moon,9,1.0
2021,ConViction Sun,oe:team:81e49623deefa7a783ec7a8b4b4ae13,ConViction Sun,10,1.0
2021,Converse University,oe:team:297a4368db36b6d06ab4e3b8c1f1a33,Converse University,13,1.0
2021,Conviction,oe:team:ed026f019f5d0091c44014578ed7a8f,Conviction,88,1.0
2021,Counter Logic Gaming,oe:team:cbfaf0ca2181f0903d2fcceb6c28f3b,Counter Logic Gaming,49,1.0
2021,CowBoySquad Imperials Esports,oe:team:7931d6d331270fdf093b49a51a50db4,CowBoySquad Imperials Esports,38,1.0
2021,Cream Real Betis.EU,oe:team:9a6cddd5ca373adebf62539aeedf9be,Cream Real Betis,52,1.0
2021,Crest Gaming Act,oe:team:6d17eb4ba840f83bf65c9a19c656a53,Crest Gaming Act,33,1.0
2021,Crest Gaming Act Academy,oe:team:d83c59bf7d6cbaba72f9d6684114336,Crest Gaming Act Academy,12,1.0
2021,CrowCrowd,oe:team:ba0e5d60413f9eda6ffb0cb0e0ee531,CrowCrowd,49,1.0
2021,Cruzados Esports,oe:team:cb951a65f688a6e2bdf1d8d4a91da4d,Cruzados Esports,67,1.0
2021,Cruzeiro Academy,oe:team:9c05f0b234bce3c3f6c0fd7106dca4d,Cruzeiro Academy,18,1.0
2021,Cruzeiro eSports,oe:team:2e45edc1af6306d418511400cece5ab,Cruzeiro eSports,18,1.0
2021,Crvena zvezda Esports,oe:team:f4b807048502e27f01499f06b235a9a,Crvena zvezda Esports,47,1.0
2021,Crystal Cave Gaming Emerald,oe:team:4fe384f3e93db8f9a984f06a3c75e6c,Crystal Cave Gaming Emerald,33,1.0
2021,Cyberground Gaming,oe:team:7894460f171d66e8ffc149c05b056a8,Cyberground Gaming,35,1.0
2021,DAMWON Gaming,oe:team:ef69efa6acebe94107f0cf1ba716806,Dplus Kia,27,1.0
2021,DRX,oe:team:1d0389df0c5eea93b04122ba167c010,Kiwoom DRX,105,1.0
2021,DRX Academy,oe:team:d6bba391a1129002440759541df27e0,DRX Academy,50,1.0
2021,DRX Challengers,oe:team:d2e8948728f7e4aeb9ee27e753315bc,Kiwoom DRX Challengers,48,1.0
2021,DRX Rookie,oe:team:d6bba391a1129002440759541df27e0,DRX Academy,30,1.0
2021,DWG KIA,oe:team:ef69efa6acebe94107f0cf1ba716806,Dplus Kia,144,1.0
2021,DWG KIA Challengers,oe:team:64f78960f955a6b659025e38b4f0a18,Dplus Kia Challengers,36,1.0
2021,Dare Black,oe:team:963d2ba50b08c4a53571a83e6a7cc46,Dare Black,21,1.0
2021,Dare White,oe:team:e18b5c998b30fb5392f043157d69b12,Dare White,10,1.0
2021,Dark Allegiance,oe:team:7e2401900a9756d56a10b66590357fe,Dark Allegiance,25,1.0
2021,Dark Horse,oe:team:c5c317341ae046ce3345b8d56efce5c,Dark Horse,54,1.0
2021,Dark Passage,oe:team:a42600a99997fca0d35f2821662b997,Dark Passage,45,1.0
2021,Dark Passage Academy,oe:team:9a7713efaa6251ddeb7736b04a99d07,Dark Passage Academy,35,1.0
2021,Dark Tigers,oe:team:1f2037e30f42a254f0d6ac9df9fad9a,Dark Tigers,37,1.0
2021,Dark Tigers Academy,oe:team:91ec0b2fa7bcf8baa6b4deddec7141e,Dark Tigers Academy,53,1.0
2021,Dawn Esports,oe:team:37a187007662c2f3506e4a3586cc6bc,Dawn Esports,38,1.0
2021,Dead Rabbits Club,oe:team:e08debf4c952ffb61c82a30e5239a7b,Dead Rabbits Club,33,1.0
2021,Demise,oe:team:a52f0919a02a88ffe47639587f72073,Demise,20,1.0
2021,DetonatioN FocusMe,oe:team:e435aa3ecb82a89e60544f5f5857a81,DetonatioN FocusMe,65,1.0
2021,DetonatioN FocusMe Academy,oe:team:845f7165c7cdaad9d2a2d764375d0df,DetonatioN FocusMe Academy,10,1.0
2021,Dignitas,oe:team:0dbb780176ecad18f17292d1f5653af,Dignitas,59,1.0
2021,Dignitas Academy,oe:team:9b9cc5a065b0b4dd8f57b23361f03ee,Dignitas Academy,87,1.0
2021,Dignitas Mirage,oe:team:47b7394e386b2ab9bb97100fe136098,Dignitas Mirage,70,1.0
2021,Dire Wolves,oe:team:cd6e0eea04af23b9c0735dab41a9941,Dire Wolves,52,1.0
2021,Domino esports,oe:team:147e28c0910250269fbc430f9f42010,DMG Esports,7,1.0
2021,Dragon Army,oe:team:e8d370a0e90adebb0571ec096375906,Dragon Army,28,1.0
2021,Dusty,oe:team:7bb33d6141f427f4f19b019f5eb7905,Dusty,60,1.0
2021,Dutch Community Team,oe:team:7095511f957b70cdefc430c4c177457,Dutch Community Team,10,1.0
2021,Dynamo Eclot,oe:team:e3f89acb10ecd65327fa954ff2ec047,Dynamo Eclot,31,1.0
2021,Dynamo Eclot Academy,oe:team:ef2dd1b1ee2468704103b42eb8af1ac,Dynamo Eclot Talents,14,1.0
2021,Dynamo Esports,oe:team:6aaed163c1cc8908851232141caceca,Dynamo Esports,19,1.0
2021,Dynasty,oe:team:5c1d767e4c02111f0def3b6691b4851,Dynasty,37,1.0
2021,Dynasty Academy,oe:team:d9d892aa846256524bcf642899931a7,Dynasty Academy,11,1.0
2021,E WIE EINFACH E-SPORTS,oe:team:26ff1a9f7fb8e976fbdcc5d2a8ac397,E WIE EINFACH E-SPORTS,41,1.0
2021,EAS Team ESCA Gaming,oe:team:5a474b2ad31be89700a3bad1f52f3a4,EAS Team ESCA Gaming,4,1.0
2021,EBRO,oe:team:32c61c5bf86fc0dad1a88712e34f3fc,EBRO,44,1.0
2021,ECLOT,oe:team:e3f89acb10ecd65327fa954ff2ec047,Dynamo Eclot,18,1.0
2021,ECLOT Academy,oe:team:ef2dd1b1ee2468704103b42eb8af1ac,Dynamo Eclot Talents,35,1.0
2021,EDward Gaming,oe:team:056c3140a119e44a03d462e2c832f27,EDward Gaming,138,1.0
2021,EDward Gaming Youth Team,oe:team:6a04b6d8daa2cb0c623e81db686de40,EDG Youth Team,120,1.0
2021,EFIVE Esports,oe:team:ca96ca51b432a5029caf11f1af715de,EFIVE Esports,28,1.0
2021,EGN Esports,oe:team:8d48390319b4f7c25c13dd410b3a0bf,EGN Esports,37,1.0
2021,ENCE,oe:team:91fa95faaf50bc60760526b25974fcb,ENCE,18,1.0
2021,EURONICS Gaming,oe:team:514d848d968399a239cdcc3d1412f2d,EURONICS Gaming,47,1.0
2021,Echo Zulu Domme Jongens,oe:team:f8d1a83e0a00a6ba5b0b1bc4c5b28c7,Domme Jongens,10,1.0
2021,Elyandra Esport,oe:team:9ce92bf0f1f33f7fa5be025f6d47ac8,Team EYA,11,1.0
2021,Enclave,oe:team:4f945c33c50d670037fb6dad4005b17,Enclave,33,1.0
2021,Esport Academy,oe:team:2540b4a0b7b84883270e4bee84cdc32,Esport Academy,23,1.0
2021,Estral Esports,oe:team:1c81857b6ce6a3c1cd9220fd97e077f,Estral Esports,45,1.0
2021,Evil Geniuses Academy,oe:team:7276a3089a0ff2fb055ae059a87bebf,Evil Geniuses Academy,94,1.0
2021,Evil Geniuses Prodigies,oe:team:72988cb15f0a6129beb79508d9a3162,Evil Geniuses Prodigies,115,1.0
2021,Evil Geniuses.NA,oe:team:f7f7324c151aa6ed770b244ce08e027,Evil Geniuses,70,1.0
2021,Excel Esports,oe:team:8f995652631df209ff11c4542abdcaf,Excel Esports,36,1.0
2021,FC Nantes Esports,oe:team:783df43f5fac1f660a576bcc8e9c270,FC Nantes Esports,4,1.0
2021,FC Schalke 04 Esports,oe:team:1d0f5e58f39613aff1a3dd4ed85933e,FC Schalke 04 Esports,48,1.0
2021,FC Schalke 04 Evolution,oe:team:d6bee7b81c11ac0c4318473f54211a9,FC Schalke 04 Evolution,64,1.0
2021,FURIA,oe:team:87e3e1e75839f75a10bbc66e894d806,FURIA,36,1.0
2021,FURIA Academy,oe:team:0ced2ec7ba6127cccf42c5da4bcf9c0,FURIA Youth,52,1.0
2021,Fantasy Gaming,oe:team:685ec10929b61b7e3c50cc97d5883e2,Fantasy Gaming,7,1.0
2021,Fenerbahçe Academy,oe:team:bc8cec60082a7eec4704c6ea73c2e4f,Fenerbahçe Academy,36,1.0
2021,Fenerbahçe Esports,oe:team:418c28593a78b57ef74e47d0c18640a,Fenerbahçe Esports,51,1.0
2021,Flamengo Academy,oe:team:13caf544e9d552f669c15d697f5e6b9,Flamengo Academy,53,1.0
2021,Flamengo Esports,oe:team:50b9075ca20fb326456aded56aa7937,Flamengo MDL,44,1.0
2021,Flayn eSports,oe:team:9d31d6680574d0709870c340cf0703c,Flayn eSports,13,1.0
2021,FlyQuest,oe:team:2e66da41dc460dd378e3bcc57042d31,FlyQuest,56,1.0
2021,FlyQuest Academy,oe:team:92a5dd0b813a9eea72ba22adf5fe78e,FlyQuest Academy,80,1.0
2021,Fnatic,oe:team:78f183fa5a7d8ecb22b9ad272c3abd7,Fnatic,81,1.0
2021,Fnatic Rising,oe:team:eaa2452a5e851bc274666f41623143b,Fnatic Rising,81,1.0
2021,For The Win Esports,oe:team:ecaf2adae2ff7f9511c9f662f18ffe7,For The Win Esports,48,1.0
2021,Fox B,oe:team:eed9f442b59101a3865dfb3feac2792,Fox B,26,1.0
2021,Fredit BRION,oe:team:b77b3f6068e20a2b3edc0ecd3dc70d4,HANJIN BRION,89,1.0
2021,Fredit BRION Challengers,oe:team:fa3d687a87bcae80362f784a7da571d,HANJIN BRION Challengers,39,1.0
2021,FrostFire (North American Team),oe:team:9a05c2942353d2f3d466d6bcb640459,FrostFire,14,1.0
2021,Fukuoka SoftBank HAWKS gaming,oe:team:d8ca3fc1f0827ec76369af7b70d43e3,Fukuoka SoftBank HAWKS gaming,34,1.0
2021,Fukuoka SoftBank HAWKS gaming Academy,oe:team:1db6b0bedabd9183def8928e75633c6,Fukuoka Softbank HAWKS gaming Academy,9,1.0
2021,FunPlus Phoenix,oe:team:33d17f3717f58e12a3da80b377221fb,FunPlus Phoenix,129,1.0
2021,FunPlus Phoenix Blaze,oe:team:68d9c4b067b3b6d5f3d5e4b1adc9f6e,FunPlus Phoenix Blaze,108,1.0
2021,Furious Gaming,oe:team:6414602bd3443e9f8c3aae5c73bbc5a,Furious Gaming,61,1.0
2021,Furious Gaming Chile,oe:team:c33bf74e075fb47e63c1eb63226ae3d,Furious Gaming Chile,66,1.0
2021,G2 Arctic,oe:team:b350e8583018688fb4cea844b7f9806,G2 Arctic,44,1.0
2021,G2 Esports,oe:team:7d6673d3a9d00363c6bebc1a630da6e,G2 Esports,72,1.0
2021,GAM Esports,oe:team:9cae7677cd0dbcc1cd86653870b73c2,GAM Esports,39,1.0
2021,GGEsports,oe:team:23dda07cf3e2a786d6b300cc78a1cf6,GGEsports,47,1.0
2021,GMedia Luxury,oe:team:d35b98d330df0acb88e2b27027b7e74,Luxury Esports,34,1.0
2021,GOEXANIMO,oe:team:7c0d6ddccf3c0de76d3760c5d1e685d,GOEXANIMO,25,1.0
2021,GTZ Bulls,oe:team:3659b5cb3434354530c31ce71461fc1,GTZ Esports,31,1.0
2021,Gaia Esports,oe:team:adc76481b64bdf5b0110290c5957e1c,Gaia Esports,27,1.0
2021,Galakticos,oe:team:28428f3022fc1ea52264b35912093dc,Galakticos,43,1.0
2021,Galakticos Academy,oe:team:b9ec146a4772e94d2d303fcdbb73112,Galakticos Academy,44,1.0
2021,Galatasaray Academy,oe:team:ee71b2a517ae4fb13ab8cf4704183d8,Galatasaray Academy,44,1.0
2021,Galatasaray Esports,oe:team:0edc9f071bd123368afdc0c53a3db20,Galatasaray Esports,60,1.0
2021,Galaxy Racer Esports EU Male,oe:team:94e404e87f8e9ebf3ff11a1dfa62dc9,Galaxy Racer Esports EU Male,22,1.0
2021,Gambit Esports,oe:team:418bd4b8f699d70c4509d7f9c768a3a,Gambit Esports,18,1.0
2021,GameWard,oe:team:312ee76ca74cbb5cb984d8b71ef4847,GameWard,40,1.0
2021,GamerLegion,oe:team:455551fe1d375c5bdf7385bf56a9722,GamerLegion,55,1.0
2021,GamersOrigin,oe:team:d4795b41be2ffe2063d40d1509eb890,GamersOrigin,39,1.0
2021,Gamespace Mediterranean College Esports,oe:team:4410ecf1b88f1316b6e6c110120c896,Gamespace Mediterranean College Esports,56,1.0
2021,Gaming Team Kravaře,oe:team:1d2d98dc13fa45e5f9b24ddce88c9e0,Gaming Team Kravaře,36,1.0
2021,Gen.G,oe:team:50f58982d91a36557ec8aec52ab014f,Gen.G,129,1.0
2021,Gen.G Academy,oe:team:86318836d208e1ac7c6cc6ae0d4afbe,Gen.G Scholars,29,1.0
2021,Gen.G Challengers,oe:team:4c9dd0212552afe76315b616b7891f5,Gen.G Global Academy,51,1.0
2021,Genius Esports,oe:team:5d81332d807fb5ebe9ca0e63fc7f375,Genius Esports,8,1.0
2021,Gentlemen's Gaming,oe:team:3a1d5821b38ab1ddec52f944973d1bd,Gentlemen's Gaming,32,1.0
2021,George Mason University,oe:team:91ba0329ab84e56083678846c7fddb4,George Mason University,12,1.0
2021,Glaive Esports Prime,oe:team:bedeb2d8da4a388b246a256c9da7957,Glaive Esports Prime,26,1.0
2021,Globant Emerald,oe:team:7cad317ac6d3deeb0421bca81551efd,Globant Emerald,72,1.0
2021,Glorious Gaming,oe:team:d9ed0b8f74b1adc9a488cac7ecc72b1,Glorious Gaming,18,1.0
2021,Godlike Goats,oe:team:3d95efcb0a40984886b3598f77eb167,Godlike Goats,3,1.0
2021,Godsent,oe:team:d4bfd255bb67567308e77c241ff6cac,Godsent,27,1.0
2021,Golden Guardians,oe:team:87ee02298073abc2d55060f097d4041,Golden Guardians,54,1.0
2021,Golden Guardians Academy,oe:team:d1f833765bf7a9a8109d96a1b61afd7,Golden Guardians Academy,155,1.0
2021,Goskilla,oe:team:8e59548c40b71c4232405f8b54fc7f9,Goskilla,32,1.0
2021,Grand View University,oe:team:4c87a422072b2c1e754299a17ea36ce,Grand View University,16,1.0
2021,Grand View University B,oe:team:4c87a422072b2c1e754299a17ea36ce,Grand View University,10,1.0
2021,Granit Gaming,oe:team:fa56bf0083c4ae1f8508803e0209f21,Granit Gaming,33,1.0
2021,Gravitas,oe:team:4889684df277c6008eb89f48f94bded,Gravitas,35,1.0
2021,Hanwha Life Esports,oe:team:3a1d18f46bcb3716ebcfcf4ef068934,Hanwha Life Esports,134,1.0
2021,Hanwha Life Esports Challengers,oe:team:2a5e5fceaa40b335ebc6b49359abf62,Hanwha Life Esports Challengers,50,1.0
2021,Harrisburg University,oe:team:e148df5f8ee1c28556f4d82343d4284,Harrisburg University,20,1.0
2021,Hive Athens EC,oe:team:4c4cf1a1c1cb435bb27ce8d200d8fd3,Hive Athens EC,43,1.0
2021,Hong Kong Attitude,oe:team:6f0162b86d2a0d206ba9a08a1da14be,Hong Kong Attitude,52,1.0
2021,Hooked Esports,oe:team:ea6fa09489335785c9921c1e427aea5,Hooked Esports,7,1.0
2021,INFINITY,oe:team:7e3dd5ff49e1a44784d225d2de40260,inf,60,1.0
2021,INTZ,oe:team:bcb21457414eb9be1d27489ff7e8e59,INTZ,36,1.0
2021,INTZ Academy,oe:team:532875bcf5a8fb1cd2f05cd0001bbf6,INTZ Academy,36,1.0
2021,IZI Elyandra,oe:team:9ce92bf0f1f33f7fa5be025f6d47ac8,Team EYA,7,1.0
2021,Illinois State University,oe:team:b99696624afa81613e7c305f10c6b05,Illinois State University,70,1.0
2021,Illinois Wesleyan University,oe:team:98a9ba345111f7398ad7a32e0c787c0,Illinois Wesleyan University,6,1.0
2021,Illuminar Gaming,oe:team:6cedba5819b5b7c465cb3bb48bfe855,Illuminar Gaming,65,1.0
2021,Immortals,oe:team:c334c629fea759876e9e04afbe4aee7,Immortals,58,1.0
2021,Immortals Academy,oe:team:c96403ed0b812c805aeb6100bdc19a5,Immortals Academy,82,1.0
2021,Impunity,oe:team:215b3bc4217842708191cc9be161132,Impunity,41,1.0
2021,Inaequalis,oe:team:f6ac342191e871ae8b13952ed61c31a,Inaequalis,28,1.0
2021,Inside Games,oe:team:c2bd1dd17a070dbbb8df9aefb634a41,Inside Games,47,1.0
2021,Inside Games Academy,oe:team:fbc692c1e8c7eb9e89861374b186c53,Inside Games Challengers,12,1.0
2021,Inside Games Challengers,oe:team:fbc692c1e8c7eb9e89861374b186c53,Inside Games Challengers,33,1.0
2021,Intel New Indians,oe:team:4f4727b2da651c6017ec5993bb5368a,Intel New Indians,25,1.0
2021,Invictus Gaming,oe:team:53a258f289c26d94431c0496a54e151,Invictus Gaming,88,1.0
2021,Invictus Gaming Young,oe:team:01c9a45038d103935dc69490914f530,Invictus Gaming Young,101,1.0
2021,Invulnerables Esports,oe:team:8ba229067a5105945896e0e9ccdf83d,Invulnerables Esports,4,1.0
2021,Ion Squad,oe:team:956aba50c93849d09fac4f00c5db750,Ion Squad,28,1.0
2021,Ion Squad Academy,oe:team:02cba6bad755f6f7a6aeca29e4690be,Ion Squad Academy,47,1.0
2021,Iron Wolves,oe:team:bc9bdf946d79f2f1f483b429a7dfffc,Iron Wolves,40,1.0
2021,Istanbul Wildcats,oe:team:a65adb2808377018a2a7832eb2bd7f4,İstanbul Wildcats,53,1.0
2021,Istanbul Wildcats Academy,oe:team:637d0a65124780ff6ecca6ec06e67c2,İstanbul Wildcats Academy,45,1.0
2021,Isurus,oe:team:5737b101780a9835142549164be1ac4,Isurus,36,1.0
2021,IziDream,oe:team:84bc703e28859788770611d94cf02ac,IziDream,47,1.0
2021,J Team,oe:team:b41d715b166da7092724123264e4560,J Team,67,1.0
2021,JD Gaming,oe:team:b42d0f31f2727621b963042276817c4,JD Gaming,91,1.0
2021,Janus Esports,oe:team:1ab54595dac94e054c4f3831f7ccb98,Janus Esports,36,1.0
2021,Joy Dream,oe:team:ae2a2737a8d8d2b8e396dabae0e149b,Joy Dream,129,1.0
2021,Just Randoms,oe:team:d83bffd1eb6ab4fc8b58abb3e646d48,Just Randoms,23,1.0
2021,K1CK,oe:team:73f3cc4e54620b1454530648442e066,K1CK,49,1.0
2021,KOVA Esports,oe:team:6355abffc8fb5d3670268042d6384e9,KOVA Esports,33,1.0
2021,KRC Genk Esports,oe:team:01a959b2a20ca77057e580ec051aa3e,KRC Genk Esports,29,1.0
2021,KRC Genk Esports Talent Team,oe:team:b10ab4f0e7089ad20da443550dadde7,KRC Genk Esports Talent Team,28,1.0
2021,KT Rolster,oe:team:d723992568441c6bafa2658129eade7,KT Rolster,98,1.0
2021,KT Rolster Challengers,oe:team:b9733b8e8aa341319bbaf1035198a28,KT Rolster Challengers,48,1.0
2021,KV Mechelen Esports,oe:team:fc7375b80317eeffe3f05e4d3912626,KV Mechelen Esports,44,1.0
2021,KV Mechelen Esports Academy,oe:team:e5b2f06fead102a38cae16182e72cab,KV Mechelen Esports Academy,19,1.0
2021,KaBuM! Academy,oe:team:5fa7169f2a9ba7a17a9ce3afd59643d,KaBuM! Academy,36,1.0
2021,KaBuM! Esports,oe:team:86e551648da70c86cb473ce5d5f26f7,KaBuM! Esports,40,1.0
2021,Kaisa Gaming,oe:team:279461902267b4990dbdbb4aebccef9,Kaisa Gaming,103,1.0
2021,Kaos Latin Gamers,oe:team:c5b7f439779b465529ff283c53f41c0,Kaos Latin Gamers,38,1.0
2021,Kaos Latin Gamers Academy,oe:team:f3bc4f2e318bd6b40e1ddd88c637396,Kaos Latin Gamers Academy,44,1.0
2021,Karma Clan Esports,oe:team:67fa892b6ce24fdf93916569f3897d9,Karma Clan Esports,44,1.0
2021,Karmine Corp,oe:team:f3aa9bbd924ce3af42ac53f8326bc7c,Karmine Corp,73,1.0
2021,Kawaii Kiwis,oe:team:8eb9a212591f919a353abfac0c0a52a,Kawaii Kiwis,32,1.0
2021,Kings of the North,oe:team:2013af66afe8640d60c0c92073714bb,Kings of the North,36,1.0
2021,Komil and Friends,oe:team:5628f250931675f9c0d20aad46cc117,Komil & Friends,33,1.0
2021,LDLC OL,oe:team:e31c6dcc465e0b94500ef023f42cdc1,LDLC OL,44,1.0
2021,LDM Esports,oe:team:5babf9f14b8cc18a551ee1fd2d5c6f9,LDM Esports,52,1.0
2021,LDM Mexico,oe:team:0f426d6eead4f6ea73a5529581b61ad,LDM Mexico,27,1.0
2021,LDN UTD,oe:team:61964511adf52f5329a7f3ab958910b,LDN UTD,4,1.0
2021,LGD Gaming,oe:team:5f401785b6b78326f9a46b3c6b206ed,LGD Gaming,89,1.0
2021,LGD Gaming Young Team,oe:team:6100f2588a65a71921d4f8ee206d94e,LGD Gaming Young Team,93,1.0
2021,LK Gaming,oe:team:f550ae2e836d5c94219533f03917afe,LK Gaming,3,1.0
2021,LNG Academy,oe:team:2506f4369f41031c5ae85640da9f749,LNG Academy,100,1.0
2021,LNG Esports,oe:team:a9145b7711873f53e610fbba0493484,LNG Esports,124,1.0
2021,LOUD,oe:team:658a021a796aa5501503220adb38cf4,LOUD,44,1.0
2021,LOUD Academy,oe:team:611801d741d02f705ab3433a71ce43f,LOUD Academy,44,1.0
2021,Labradoodle 9,oe:team:84d8e19b7740d3aa61ac4529abf8ac9,Labradoodle 9,23,1.0
2021,Lanomania,oe:team:7059e08408418e21e2889f05669912b,Lanomania,4,1.0
2021,Legacy Esports,oe:team:4f5a0b869cd5960c307d1c45e9399a3,Legacy Esports,35,1.0
2021,Legend Esport Gaming,oe:team:587ebdbf24034c9cf825a6e731ad058,Legend Esport Gaming,4,1.0
2021,Leviatan Esports Chile,oe:team:e6083d0ae87166549dfcf0b01c21300,Leviatan Esports Chile,4,1.0
2021,Liiv SANDBOX,oe:team:c75f1f337fc5867914749d438a4871d,Liiv SANDBOX,101,1.0
2021,Liiv SANDBOX Challengers,oe:team:e7a7c6bf58eb268ed3f13aac4158aa8,Liiv SANDBOX Youth,46,1.0
2021,Liyab Esports,oe:team:a179c4d51956d861145724a1c578e35,Liyab Esports,40,1.0
2021,London Esports,oe:team:54d858264b5700c29cbe2fca7fc7649,London Esports,54,1.0
2021,Louisiana State University,oe:team:ab8a919db08c9f8321da77bc63cb31d,Louisiana State University,6,1.0
2021,LowLandLions,oe:team:813dd5137f04b19ed1b27465511a56c,LowLandLions,31,1.0
2021,Lucent Esports,oe:team:050760fca0033774e06c7cb44de8802,Lucent Esports,20,1.0
2021,Lundqvist Lightside,oe:team:91e745607dea86d98f6307553e0491d,Lundqvist Lightside,7,1.0
2021,Luxury Esports,oe:team:d35b98d330df0acb88e2b27027b7e74,Luxury Esports,13,1.0
2021,MAD Lions,oe:team:6a0084dacefb228be863fbb64cefe11,MAD Lions KOI,92,1.0
2021,MAD Lions Madrid,oe:team:9b4c0a1b3fce5f8df14d86277203dfe,MAD Lions Madrid,39,1.0
2021,MAMMOTH,oe:team:7bd8d762a338118fce3df129202eaed,MAMMOTH,34,1.0
2021,MAX (Chinese Team),oe:team:91c9cf14d344ea993274f77fd9fa508,MAX,108,1.0
2021,MNM Gaming,oe:team:542063f7067a523ca263df1cb72f843,MNM Gaming,58,1.0
2021,Machi Esports,oe:team:274c62a6d7e34e0e66e5f267a39d5f7,Machi Esports,76,1.0
2021,Macko Esports,oe:team:a2e63aee03585f0b37ff4cad936e349,Macko Esports,59,1.0
2021,Maryville University,oe:team:9336ce46babf314b50e3a103506ae0a,Maryville University,136,1.0
2021,Maryville University B,oe:team:9336ce46babf314b50e3a103506ae0a,Maryville University,24,1.0
2021,Masonic,oe:team:6cbb4413aab3129b90052a4a413d75f,Masonic,6,1.0
2021,Maycam Evolve,oe:team:d53c3b4468d5a9ec7fb407350dd55df,Maycam Evolve,47,1.0
2021,Medieval Riga,oe:team:03c4cd6bcb3f046a897dae021a02f83,Medieval Riga,20,1.0
2021,Mercenaries,oe:team:f8ea9253431e533c75ae105288e498a,Mercenaries,26,1.0
2021,Method2Madness,oe:team:7eeeaaabeefa28f46686c865d9c682b,Method2Madness,31,1.0
2021,Mirage Sport Électronique,oe:team:cb88ee3c195b2c7056830437a1f1565,Mirage Sport Électronique,57,1.0
2021,Mirage Élite,oe:team:9b290e4aafba34a0f1caaa02fbc6ed1,Mirage Élite,16,1.0
2021,Misfits Gaming,oe:team:594b183f8fb081ef64820f31ab8d641,Misfits Gaming,46,1.0
2021,Misfits Premier,oe:team:c59bcb753bac65c0397bf9ebbcf850b,Misfits Premier,81,1.0
2021,Mkers,oe:team:22042a8a81add8ab741dcfc6c8985ca,Mkers,41,1.0
2021,MnM Gaming Academy,oe:team:dad402da1140c74da1f0c558dd926de,MnM Gaming Academy,16,1.0
2021,Movistar Optix,oe:team:a19a63a498e083aef0b8fc70b2b7715,Movistar Optix,54,1.0
2021,Movistar Riders,oe:team:4acc40654379b4da680be1bd3129dfa,Movistar KOI,64,1.0
2021,Movistar Riders Academy,oe:team:f3c533aeb87ace93284514faf321076,Movistar Riders Academy,44,1.0
2021,Munster Rugby Gaming,oe:team:570bfe8899b9aff8ccbdd18334ec8ab,Munster Rugby Gaming,4,1.0
2021,Murk Esports,oe:team:beec81e2b73991101281075bc6d68df,Murk Esports,6,1.0
2021,NASR eSports Turkey,oe:team:1bcba9d314932379a955b3de9e8654d,NASR eSports Turkey,47,1.0
2021,NASR eSports Turkey Academy,oe:team:7306bbcc9ca5d0b66f56d62d1d1c243,NASR eSports Turkey Academy,36,1.0
2021,NK Osijek Esport,oe:team:e043b3558468d96e47864c0f89684c2,NK Osijek Esport,15,1.0
2021,NVision Esports,oe:team:f403408263100c2f4d2c43bf05a0a58,NVision Esports,46,1.0
2021,NYYRIKKI,oe:team:931fd7145df2dee0403461381e45b58,NYYRIKKI,10,1.0
2021,Naguara Mexico,oe:team:17f42f64501a18c03627a58357acbe4,Naguara Mexico,38,1.0
2021,Naguara Team,oe:team:da7281abfbacdeb467493b62cbe151e,Naguara Team,47,1.0
2021,Nerf Galeforce,oe:team:c82b21e613f9aaffd2ba5c16ab104bc,Nerf Galeforce,21,1.0
2021,Netshoes Miners,oe:team:64a41d3f257e38f07d4bd8570809432,Miners,18,1.0
2021,Netshoes Miners Academy,oe:team:0e27d54d74f138c822f16d1f9df4939,Miners Academy,18,1.0
2021,Newstar,oe:team:096d11bb39c67344ba0d303a4505e81,Newstar,54,1.0
2021,Nexus Gaming (Romanian Team),oe:team:786880f9b3bc8bdeafa1f7b250642be,Nexus KTRL,15,1.0
2021,Nexus KTRL,oe:team:786880f9b3bc8bdeafa1f7b250642be,Nexus KTRL,13,1.0
2021,No Org,oe:team:4b85e66c4e276c54cb7f4428f030279,No Org,53,1.0
2021,Nongshim RedForce,oe:team:5cd2cd09ec94296f605dd13a2924d6c,Nongshim RedForce,116,1.0
2021,Nongshim RedForce Academy,oe:team:ff07fcf769a41fa17ded4746368d6c7,Nongshim RedForce Academy,5,1.0
2021,Nongshim RedForce Challengers,oe:team:7c64febcd5ccff13dcd035dc6867a00,Nongshim Esports Academy,48,1.0
2021,Nordavind,oe:team:888e2625be28a957836e6274721196e,Nordavind,42,1.0
2021,Nordavind Black,oe:team:781c236369001a7dd7c0586af3cf8b2,Nordavind Black,4,1.0
2021,Nordavind White,oe:team:55a4d5740b155eddef49ce090a4506f,Nordavind White,18,1.0
2021,Not Academy Team,oe:team:3164955ca46e8960e8b1b520d722cba,Not Academy Team,13,1.0
2021,ODIN Gaming,oe:team:65381c751e78df337720522a7275412,ODIN Gaming,27,1.0
2021,OFFSET Esports,oe:team:a2af8a630966a79f15f17d89b1f97d2,OFFSET Esports,39,1.0
2021,OQ (North American Team),oe:team:1c282536c5574499989be3aa8ae0600,OQ,16,1.0
2021,ORDER,oe:team:6575d9a58f0b41a108f2d6a565a0650,ORDER,46,1.0
2021,Oh My Dream,oe:team:d6ede6ace357c075af068ccac12ae9f,Oh My God Academy,96,1.0
2021,Oh My God,oe:team:f4c4528c6981e104a11ea7548630c23,Oh My God,88,1.0
2021,Olympiacos Alimou,oe:team:007a3c4175ca4f86d9dc49e4f2e9cf8,GOAL,8,1.0
2021,One Breath Gaming,oe:team:785bf7c68fff8e64a5b17ba5972f10a,One Breath Gaming,43,1.0
2021,Origen SB,oe:team:90a3fe0ae48ef2bfe82b20711646096,Astralis SB,24,1.0
2021,Outplayed,oe:team:cd6b4265231d4ba346274357681c335,aNc Outplayed,46,1.0
2021,OverPower Esports,oe:team:631731910c3b71653b00f15d0d45ab0,OverPower Esports,7,1.0
2021,PCS Taran,oe:team:5142c879abcb70bac792134b00d86c7,PCS Taran,6,1.0
2021,PDW,oe:team:d2628b4f33cdc631c1fc42be5d2b771,PDW,36,1.0
2021,PEACE (Oceanic Team),oe:team:b61ee1b18ac8e03518fc61ac07d497c,PEACE,78,1.0
2021,PENTA 1860,oe:team:efcd9996cce28c8f5c8062ac3b7fbb4,PENTA 1860,60,1.0
2021,PIGSPORTS,oe:team:31079f1545ca2d6e01c96256c3e8987,PIGSPORTS,15,1.0
2021,PSG Talon,oe:team:4880b157399745e82e26e229d8bbf48,PSG Talon,91,1.0
2021,PSV Esports,oe:team:d80103bdd8d612247d7d44fc77d204a,PSV Esports,42,1.0
2021,PSV Esports Academy,oe:team:10bfef11013e97d8caf67bac2bd8fb4,PSV Esports Academy,31,1.0
2021,Pampas,oe:team:c240ced85731a0f86a197a555989280,Pampas,58,1.0
2021,Papara SuperMassive,oe:team:5203ff881d5c82c5f720eb3a2f3b44c,Papara SuperMassive,23,1.0
2021,Peak Performance Esports,oe:team:ede9dbba5dba2018415a753766070a4,Peak Performance,8,1.0
2021,Peak Performance X,oe:team:487ccffd3886547ad9f9a85faf58f8f,Peak Performance X,8,1.0
2021,Peak Performance Y,oe:team:2c5b2b78e33591922cfc0db2949ca0b,Peak Performance Y,6,1.0
2021,Pentanet.GG,oe:team:9b4a7228059e863c153b3e196ac85b2,Pentanet.GG,69,1.0
2021,Phlox Gaming,oe:team:c20f8549c29d0dd0bb92d7aa8028547,Phlox Gaming,11,1.0
2021,Ping is the Problem,oe:team:45cca9378d2622cb26d07d2cf549bf6,Ping is the Problem,14,1.0
2021,Plejehjemmet Kalder,oe:team:7f5fb0bf91044f65546ee0197d24a27,Plejehjemmet Kalder,7,1.0
2021,Purdue University Northwest,oe:team:9e21e206a6c679cf4b28511d9c03455,Purdue University Northwest,9,1.0
2021,Pushing Gaming,oe:team:da434e49a9c0160f58d6801620c3559,Pushing Gaming,5,1.0
2021,QLASH Spain,oe:team:22e85b1589714de8f4aa211025bf1fb,QLASH Spain,30,1.0
2021,RED Academy,oe:team:391e50581a00cea9f06b2d845b4de05,RED Academy,49,1.0
2021,RED Canids,oe:team:67169969ecc058b307edfa9c6b7a3c0,RED Canids,64,1.0
2021,RSC Anderlecht Esports,oe:team:bed2e4c078902a8c2d224b59ea3e28e,RSC Anderlecht Esports,3,1.0
2021,Radiance,oe:team:955d9ba35580bdcc7bed3f11736b0f7,Radiance,13,1.0
2021,Rainbow7,oe:team:2cb996a4b0ffaca3bcf66fe91450243,Movistar R7,41,1.0
2021,Rare Atom,oe:team:8516ca63facc91286d6c00212ca945e,Rare Atom,94,1.0
2021,Rare Atom Period,oe:team:67140a291d66109643b99e9dff2cbc3,Rare Atom Period,121,1.0
2021,Rascal Jester,oe:team:16fbfa0b9d8a6aaa7ea303ac6d70669,Rascal Jester,44,1.0
2021,Rascal Jester Academy,oe:team:0efbfba0e842adbd975dbebaa4abacb,Rascal Jester Academy,9,1.0
2021,ReDefy Esports,oe:team:e03a60a972926ef947735e1b38b9a9b,ReDefy Esports,23,1.0
2021,Rebirth eSports,oe:team:5c116dedda7feae2f6ffc093f844ac6,Rebirth eSports,55,1.0
2021,Red Eye Esports,oe:team:2a7fc0772538d018f713520c5e90ee0,Red Eye Esports,12,1.0
2021,Redemption Arc,oe:team:7a42940d69b1850f89df16fe7218d0a,Redemption Arc,24,1.0
2021,Rejects Gaming,oe:team:b136827bb6e2aa53e85960a66f6f6d4,Rejects Gaming,17,1.0
2021,Rensga Academy,oe:team:7b914afab59e61931e6d546c93acd0f,Rensga Academy,45,1.0
2021,Rensga Esports,oe:team:92ede2510f2ad0234b1dd75f03108ae,Rensga eSports,48,1.0
2021,Resolve,oe:team:05d26e7d7c53744b903ae1f6f8a8c7e,Resolve,47,1.0
2021,Resolve Academy,oe:team:5ddbbdc2f72c7dcc7e03be83301394c,Resolve Academy,16,1.0
2021,Resolve NA,oe:team:9548eb0ae58f318888c036712da329b,Resolve NA,57,1.0
2021,Respawn Esports,oe:team:1e3081dd5c7fccb47f2b0cec82117bd,Respawn Esports,36,1.0
2021,Revival (North American Team),oe:team:a90653c5054faaece9e6462622a1593,Revival,95,1.0
2021,Riddle Esports,oe:team:9eb531c72890b1ae7e50122f0884f37,Riddle Esports,39,1.0
2021,River Plate Gaming,oe:team:0444a233369afe0d17d6b8bafc147a4,River Plate Gaming,57,1.0
2021,RoX (2014 CIS Team),oe:team:d00921d1fc09960415443f591cb6160,RoX,27,1.0
2021,RockTribeEsports,oe:team:354fe9fa9e8a886b397f591b7f28e63,RockTribeEsports,12,1.0
2021,Rogue (European Team),oe:team:cd62e47544f14f1d239afa659b9d243,Rogue,77,1.0
2021,Rogue Warriors,oe:team:746be9a4c3793ab321bba257c450864,Rogue Warriors,86,1.0
2021,Rogue Warriors Shark,oe:team:608e3f723c2e599fda1b4237e8dea8f,Rogue Warriors Shark,94,1.0
2021,Romulea eSport,oe:team:49ab43c1250170a36a0d3dc3fbbf2e2,Romulea eSport,20,1.0
2021,Royal Club,oe:team:5e97f293e9986969e0abb397228dd6f,Royal Club,130,1.0
2021,Royal Never Give Up,oe:team:73f3126d91d35faa5d5ce34abadb865,Royal Never Give Up,152,1.0
2021,S2V Esports,oe:team:c1db99dba74a3a144f637b616c9f4f7,S2V Esports,37,1.0
2021,S2V Esports Academy,oe:team:c14015eb860f145768d4368ba5c6349,S2V Esports Academy,25,1.0
2021,SAIM SE SuppUp,oe:team:7ed86843d30c4d421da2669be889336,ŠAIM SE SuppUp,21,1.0
2021,SAMCLAN Esports Club,oe:team:c9c39ac4c61b8281f7107deb9e3a587,SAMCLAN Esports Club,8,1.0
2021,SANDBOX Gaming Academy,oe:team:f028b03d55190de2e3db0332acb61c3,Liiv SANDBOX Academy,25,1.0
2021,SBTC Esports,oe:team:31df330ccc0f1b3b521959a24288ac4,SBTC Esports,35,1.0
2021,SINNERS Esports,oe:team:9a3327bd6c9a07e61350e24d97419fa,SINNERS Esports,67,1.0
2021,SK Gaming,oe:team:75760dca486d4682426196b76bd1a54,SK Gaming,40,1.0
2021,SK Gaming Prime,oe:team:aa8c3b781d96ddb7a24ab3240918988,SK Gaming Prime,57,1.0
2021,STOPWATCH eSports (Czech Team),oe:team:0cca6f834d9b13e58facbfe117a4fce,STOPWATCH eSports,14,1.0
2021,Saigon Buffalo,oe:team:8e27b674a472ab529e758f13f0bace0,Saigon Buffalo,56,1.0
2021,Samsung Morning Stars,oe:team:9efc9069228bc0817c7a9bac775daa7,Samsung Morning Stars,44,1.0
2021,Santiago Wanderers eSports,oe:team:71cc230a7d2155dd4958f3de7ad40bb,Santiago Wanderers eSports,56,1.0
2021,Savage (Latin American Team),oe:team:493ebd2097eb7f5cd5d2cbec7f53a06,Savage,64,1.0
2021,Scouting4ProScene,oe:team:b6c77dc4935906a5dfe138090f15890,Scouting4ProScene,20,1.0
2021,Sector One,oe:team:22cc1ec02bc49515b9e4a5f6318149a,Sector One,64,1.0
2021,Sector One Fox,oe:team:7ac987e3cb5774be7c2d57f3a902d9b,Sector One Fox,3,1.0
2021,Sengoku Gaming,oe:team:984c3ce601b35d7617ad0bc8570946c,QT DIG∞,37,1.0
2021,Sengoku Gaming Academy,oe:team:e03a850dd5c4b5029e75de77a2afb98,Sengoku Gaming Academy,9,1.0
2021,Sheng Jie Gaming,oe:team:14df65afe42f4703832beda2efeba28,Sheng Jie Gaming,33,1.0
2021,Shu Dai Xiong Gaming,oe:team:7f60009d2aa9ce24f05deec2010a33f,Shu Dai Xiong Gaming,120,1.0
2021,Sign Us Please,oe:team:2821021a236f205783e02a657158e0b,Sign Us Please,11,1.0
2021,Six Karma,oe:team:3d3456d514814ba68c9532044bc50e2,Six Karma,24,1.0
2021,SolaFide Esports,oe:team:e4a4cd8b5d8bf287ee99b842e5b621f,SolaFide Esports,55,1.0
2021,Solary,oe:team:90938c428db11f6e372f5c6833b9743,Solary,44,1.0
2021,Spear Gaming,oe:team:0ce92abf77546dafee13c1c3f37c25e,Spear Gaming,34,1.0
2021,Spectacled Bears,oe:team:9aa855d087642f20ad7e3a7ae5c8251,Spectacled Bears,5,1.0
2021,Split Raiders,oe:team:816fd66f05f2069179b4c7f6a32fcdb,Split Raiders,33,1.0
2021,Sport Boys Association,oe:team:85cb0853a7598ed4d820f5381312634,Sport Boys Association,5,1.0
2021,Starlan Gaming Club,oe:team:b6389008090f914e012316f50c2aec8,Starlan Gaming Club,44,1.0
2021,Starlan Gaming Club Academy,oe:team:abb2f3f7048c034414f1f75372a672f,Starlan Gaming Club Academy,28,1.0
2021,Stone Movistar,oe:team:c4e1d023cf4809fe9847af6eca0d26b,Stone Movistar,51,1.0
2021,Striking Vipers,oe:team:f4f16779039b02d87dbaae150f0723f,Striking Vipers,38,1.0
2021,Striking Vipers Champions,oe:team:15842ce075edd560e96177e2919be83,Striking Vipers Champions,18,1.0
2021,Striking Vipers Maestros,oe:team:3dcde0a1aaf93724e1ba79cad2b698e,Striking Vipers Maestros,13,1.0
2021,Suning,oe:team:8d47748b0e2a0ac34c90891889805a8,Suning,119,1.0
2021,Suning-S,oe:team:31b35dcae7e5d01be2e407b0abe6a23,Suning-S,94,1.0
2021,Supay Gaming,oe:team:d3959141423413e4590414afc16b1f6,Supay Gaming,5,1.0
2021,Super Sunshine Fruit Basket Warriors,oe:team:f85f96a7979a43af6e1b26bd96df8a9,Super Sunshine Fruit Basket Warriors,14,1.0
2021,SuperMassive Academy,oe:team:437a2fa4639d8cb1677176861d69260,SuperMassive Academy,23,1.0
2021,SuperMassive Blaze,oe:team:0f1c217161a1486fff3abf544df2986,SuperMassive Blaze,22,1.0
2021,SuperMassive Blaze Academy,oe:team:b4923557f98ba20d401bcaf6c01b4aa,SuperMassive Blaze Academy,24,1.0
2021,Supernova,oe:team:8776b7033f1bc10634e50d90f861c1d,Supernova,129,1.0
2021,Synthetic Esports,oe:team:62c159a40da42fbccda2555996c3946,Synthetic Esports,12,1.0
2021,T1,oe:team:ce499dea30cfce118f4fe85da0227e8,T1,127,1.0
2021,T1 Challengers,oe:team:731b7a9fd004cdbe2bcb3da795bce47,T1 Esports Academy,42,1.0
2021,TBA (North American Team),oe:team:33882d595cdafd472dc1ded1b7ee10b,TBA,26,1.0
2021,TOOOLS esports,oe:team:eec28291806422c00c2cbe3a75f7de2,TOOOLS esports,3,1.0
2021,TSM,oe:team:a22510a4756fa424cb0771b13261139,TSM,86,1.0
2021,TSM Academy,oe:team:b2840811ed80a85fcf6f023d4b73f8d,TSM Academy,95,1.0
2021,TSM Amateur,oe:team:279a86f948fa264006bc8f4e67e5f93,TSM Amateur,37,1.0
2021,TWELVE,oe:team:afa484dd1dde6e199432ed3535863d5,TWELVE,93,1.0
2021,Team 7AM,oe:team:fc3d0bdc84e08efc1b6623448e64c15,Team 7AM,24,1.0
2021,Team 7AM Academy,oe:team:5282afc4205757c0e2a5d607c948d5c,Team 7AM Academy,19,1.0
2021,Team AURORA,oe:team:ce02eb63c33525b64c0734c872d64cd,Team AURORA,36,1.0
2021,Team AURORA Academy,oe:team:ec79d991a7dd0150a5f4b447c0ab1f4,Team AURORA Academy,47,1.0
2021,Team Anomaly Breaker,oe:team:419bc1080bea0fa43f9923125b79103,Team Anomaly Breaker,3,1.0
2021,Team Aze,oe:team:0a9aa50beea19fcbc6b939fe6b94f08,Team Aze,59,1.0
2021,Team BDS,oe:team:7338408a0fe0217451d2c9a567db999,Team BDS,40,1.0
2021,Team BearMax,oe:team:d6bba391a1129002440759541df27e0,DRX Academy,5,1.0
2021,Team Clarity,oe:team:10b48447bc74f36daefaf538256e696,Team Clarity,23,1.0
2021,Team Cloud Drake (NASG Team),oe:team:f6fd2177acca4512dc0b8abbe67351a,Team Cloud Drake,17,1.0
2021,Team DeftFox,oe:team:41b7b299a5a6edd09082b7a7253ac6e,Team DeftFox,4,1.0
2021,Team Dynamics Academy,oe:team:adefd7d85fbbac120d5a3d411dbae3c,Team Dynamics Academy,24,1.0
2021,Team ESCA Gaming,oe:team:1158ec5b08f516ca81868bc48293989,Team ESCA Gaming,36,1.0
2021,Team Echo Zulu,oe:team:ea6aaa4a7803a05fef1377dbedb3786,Team Echo Zulu,38,1.0
2021,Team Echo Zulu Tribe,oe:team:6f61abe84654a499297eb91643581ae,Team Echo Zulu Tribe,19,1.0
2021,Team Fish Taco,oe:team:01a3132448697cecc30364f52173670,Team Fish Taco,7,1.0
2021,Team Flash.Vietnam,oe:team:9bcc3882a74d7ec2b66f7067ba31bc3,Team Flash,38,1.0
2021,Team Infamous,oe:team:d06e44d315e9885e416867447358542,Team Infamous,10,1.0
2021,Team Infernal Drake (NASG Team),oe:team:858117e8241051433bcfacf5fdac547,Team Infernal Drake,18,1.0
2021,Team Liquid,oe:team:8eb884e168f28402ce685bedebb5250,Team Liquid,105,1.0
2021,Team Liquid Academy,oe:team:3406c21f701022dbe9d9bf397b41465,Team Liquid Academy,97,1.0
2021,Team MCES,oe:team:6e14f9bf67e6e4000df4d600ad43bfa,Team MCES,43,1.0
2021,Team MCES Academy,oe:team:07de50aa2d5a5cc1855309ea3eea1ac,Team MCES Academy,6,1.0
2021,Team Mountain Drake (NASG Team),oe:team:ea7f5b6d73556e1148c7bb8ae123d4d,Team Mountain Drake,20,1.0
2021,Team Ocean Drake (NASG Team),oe:team:9f837e0b7d5a822babf09cc081b7622,Team Ocean Drake,19,1.0
2021,Team Oplon,oe:team:a17419c119598748edfc4c00e060572,Team Oplon,11,1.0
2021,Team Phantasma,oe:team:75a4d34e4afac036d164b0f1a580486,Team Phantasma,78,1.0
2021,Team Pinnacle,oe:team:f5ae665c5b772f9c081b30593177b9d,Team Pinnacle,114,1.0
2021,Team Queso,oe:team:65ef83f1c6a889cdc68ff12943c9f45,Team Queso,40,1.0
2021,Team Refuse,oe:team:d932b52fb3a9d5fad174728a969ee14,Team Refuse,65,1.0
2021,Team Secret (Vietnamese Team),oe:team:ee140e8e9d6abd0bfd2b7bc94639d43,Team Secret,45,1.0
2021,Team Singularity,oe:team:b7f246aa375086484bc9e7469ab3b0c,Team Singularity,59,1.0
2021,Team THRLL,oe:team:6b4e04b5498281cfb61ef8955023ad9,Team THRLL,27,1.0
2021,Team THRLL Academy,oe:team:d2ae1a42c10d8ff649b4f32f13e6468,Team THRLL Academy,22,1.0
2021,Team THRLL Academy Twente,oe:team:d2ae1a42c10d8ff649b4f32f13e6468,Team THRLL Academy,22,1.0
2021,Team Universe,oe:team:199c31b0e7e7a1940be7eb7e4aa53ec,Team Universe,46,1.0
2021,Team Vitality,oe:team:e8d8ae992fe72acb7adc7bfcee31dbb,Team Vitality,41,1.0
2021,Team WE,oe:team:62c1cd9465dc63824593ee5046f5aa8,Team WE,129,1.0
2021,Team WE Academy,oe:team:85bf857a01b615a257739e34d9f0720,Team WE Academy,111,1.0
2021,The Kings,oe:team:4160bf895acdf688dc5312c2280fbc4,The Kings,50,1.0
2021,The Spawn Esports,oe:team:59de6eea8bbeeec7cd0602d12bd17ec,The Spawn Esports,3,1.0
2021,ThunderTalk Gaming,oe:team:df80f468a3f9a722df056fe9104f052,ThunderTalk Gaming,77,1.0
2021,ThunderTalk Gaming Young,oe:team:fd27f7adaecaeac4f8736159d57c0ce,ThunderTalk Gaming Young,101,1.0
2021,Tony Parker Adéquat Academy,oe:team:012fbc89aa8feec1ac4a7cbec64cf5e,Tony Parker Adéquat Academy,12,1.0
2021,Top Esports,oe:team:fcec508e780bbd1ad493852640f5b36,Top Esports,111,1.0
2021,Top Esports Challenger,oe:team:eaeaad6cbcd022d2b872d4776aae2e6,Top Esports Challenger,107,1.0
2021,Tricked Esport,oe:team:2afb248007781e3a3ff485eece218bd,Tricked Esport,56,1.0
2021,UCAM Esports Club,oe:team:746e6715fc4295c54954be5efc385af,UCAM Esports,65,1.0
2021,UCAM Esports Club Academy,oe:team:f36bb11834ba1d730a49d7b3a2c2db5,UCAM Esports Academy,3,1.0
2021,Ultra Prime,oe:team:8d09428f093dfbf3c488bce350af0b1,Ultra Prime,39,1.0
2021,Ultra Prime Academy,oe:team:3d4a6fe0ca7bda9057ee1172eb5761c,Ultra Prime Academy,51,1.0
2021,Umbra Divinus Gaming,oe:team:0ecfc77c8f5a9c17c1cea3296163dca,Umbra Divinus Gaming,23,1.0
2021,Undead Gaming,oe:team:22e3ecae7af241c9c5be021c855885e,Undead Gaming,62,1.0
2021,UniQ Esports Club,oe:team:8d91a7a5e315ed163e09c72ad22b0dc,UniQ Esports Club,7,1.0
2021,Unicorns of Love Sexy Edition,oe:team:6a060bd74c9041bf0aa89adf9d15d12,Unicorns of Love Sexy Edition,57,1.0
2021,Unicorns of Love.CIS,oe:team:e84133caa1e561518201cc7d33f14ed,Unicorns of Love.CIS,70,1.0
2021,Universidad Católica Esports,oe:team:9ed161c748673bdb61d92c3e82cf52b,Universidad Católica Esports,16,1.0
2021,University of California Irvine,oe:team:d1a3c25be4cdcdb9d51353653b0ea70,"University of California, Irvine",15,1.0
2021,University of Texas at Dallas,oe:team:5774d59075b9be61779abedd5c227c7,University of Texas at Dallas,22,1.0
2021,V Gaming,oe:team:ac678d40140c478ab827805903fe691,V Gaming,12,1.0
2021,V3 Esports,oe:team:af4b23d4634c4e6ecb5659fb1e689e9,V3 Esports,53,1.0
2021,V3 Esports Academy,oe:team:c8d302e68ffd3e684186a0db372b7b6,V3 Esports Academy,12,1.0
2021,V5 87,oe:team:518298125ac66f7525bb09ec1b5eb9a,V5 87,110,1.0
2021,Valiance,oe:team:7550baf6848b4c199dda63607978183,Valiance,19,1.0
2021,Vanir,oe:team:ed2763d0f6ca9c05c17d888f3dc956e,Vanir,8,1.0
2021,Vega Squadron,oe:team:95fa2bbc5eb242e7c3243c3467e32f3,Vega Squadron,36,1.0
2021,Vexo eSports,oe:team:643c0d1b7e6efc039d437b21ea33c3b,Vexo eSports,11,1.0
2021,Vici Gaming,oe:team:5627e3ef0b2477289b218ddeb6a151a,Vici Gaming,21,1.0
2021,Victory Five,oe:team:b5454c08654c7f6175d1d887f80c769,Victory Five,80,1.0
2021,Viking Esports (Norwegian Team),oe:team:704dba1c1ea7d27403638c9df54cc43,Viking Esports,13,1.0
2021,Vikingekrig Academy,oe:team:f3e93a37225a7f012ac53604a9afcae,Vikingekrig Academy,25,1.0
2021,Vikingekrig Esports,oe:team:1c1e5c3fdd3090ed2162e9a17bcd4ab,Vikingekrig Esports,45,1.0
2021,Viperio,oe:team:fb9002f42f80682c50c85f05ec4dc8d,Viperio,28,1.0
2021,Vitality.Bee,oe:team:ccd089bf173a5fff1063eb0576201a7,Vitality.Bee,63,1.0
2021,Vodafone Giants.Spain,oe:team:6dd9fc16013a656e475c1b1eb7d4e06,Giants,67,1.0
2021,Vorax,oe:team:a621a30c938fad7388e9621fbd548eb,Vorax Liberty,26,1.0
2021,Vorax Academy,oe:team:02838cf562dd82da8db95974cc13a65,Vorax Liberty Academy,22,1.0
2021,Vorax Liberty,oe:team:a621a30c938fad7388e9621fbd548eb,Vorax Liberty,22,1.0
2021,Vorax Liberty Academy,oe:team:02838cf562dd82da8db95974cc13a65,Vorax Liberty Academy,22,1.0
2021,WAP Esports,oe:team:65140c73015d004b0456fb43ba373a4,WAP Esports,22,1.0
2021,WAVE Esports,oe:team:a47e0c589cb9648875be30e30173f4a,WAVE Esports,18,1.0
2021,WLGaming Esports,oe:team:b19ab22267512e77945cd498106dcf1,WLGaming Esports,62,1.0
2021,Waia Snikt,oe:team:4aaf7ff9e32dc4fee354958c19ba481,Waia Snikt,6,1.0
2021,WanZhen Esports Club,oe:team:f11c9eace9c9f61931b6e0269d80102,WanZhen Esports Club,109,1.0
2021,Warthox Esport,oe:team:eb6fe14fc9cd93bc1fabd5ad75e78e3,Warthox,3,1.0
2021,We Talent,oe:team:8faf26a1c15f3a92e0383bc23ca3a22,We Talent,45,1.0
2021,White Dragons,oe:team:6468029fb605bd6fdf1cf866e890739,White Dragons,53,1.0
2021,Wichita Wolves,oe:team:0e20c6cd9c6f05c1bcf91e0b5ef3697,Wichita Wolves,36,1.0
2021,Wildcard Gaming,oe:team:9034597e77937456f89960ad1b8615e,Wildcard Gaming,59,1.0
2021,Wildcard Gaming Black,oe:team:8b823ba88c451b0360a647d8e77808f,Wildcard Gaming Black,26,1.0
2021,Wildcard Gaming Developmental,oe:team:6795b2eb09949cd70e100ccd9f3f4a8,Wildcard Gaming Developmental,52,1.0
2021,Wildcard Gaming Red,oe:team:e4c1b46cd564252c83c5102dc789b3b,Wildcard Gaming Red,61,1.0
2021,Windstorm Gaming,oe:team:ad3e9fa0eb18ea2fb5cb90dcccdccc0,Windstorm Gaming,16,1.0
2021,Winners,oe:team:e5762a12b1dca7458bf1e6cdba8457e,Winners,20,1.0
2021,Winthrop University,oe:team:333ba9fefa87eda14bd32c5420d7002,Winthrop University,73,1.0
2021,Wizard esports,oe:team:ada0b5363377a30441f51e8b089b451,Wizard esports,5,1.0
2021,Wortex Gaming,oe:team:988ec64c309f7bbb4f213dad89f4b0d,Wortex Gaming,15,1.0
2021,X7 Esports,oe:team:a8c6d9059474d8fa4c57a093e9e43ac,X7 Esports,4,1.0
2021,XTEN Esports,oe:team:e2032cdda6a487d10b7be0435e4fb31,XTEN Esports,37,1.0
2021,XY Esports,oe:team:cf666cb66152773d0557c53bfb2137e,XY Esports,4,1.0
2021,Young Miracles,oe:team:1486bbe432b1153d9a83ff6e75d6c90,Young Miracles,100,1.0
2021,Z10 ESHARK,oe:team:125fc4d6b0dc1b21596f4f06a207d62,Zero Tenacity,21,1.0
2021,Zenith Esports,oe:team:bfd1bba6235971993e82d51e679a34a,Zenith Esports,18,1.0
2021,ZennIT,oe:team:79fc65ce199f2e4fe97e277bdef6695,ZennIT,21,1.0
2021,Zephyr Esport,oe:team:2c6e7ebd2b826d217cd4987841bd899,Zephyr Esport,3,1.0
2021,Zero Tenacity,oe:team:125fc4d6b0dc1b21596f4f06a207d62,Zero Tenacity,31,1.0
2021,Zerolag Esports,oe:team:6a68fff9fc521e2fbcab2fc19978d24,Zerolag Esports,61,1.0
2021,Zoos Gaming,oe:team:d3a84f44a4b85b09d6443097285f7c7,Zoos Gaming,106,1.0
2021,aNc Outplayed,oe:team:cd6b4265231d4ba346274357681c335,aNc Outplayed,9,1.0
2021,ad hoc gaming,oe:team:52fd51dc4607d54f4e6e7b00a69b3ca,ad hoc gaming,22,1.0
2021,devils.one,oe:team:92e22c0b203c93b7d25c3a07b68575c,devils.one inStreamly,31,1.0
2021,eMonkeyz,oe:team:30c141fd39621b22cf67eb62dbaea69,eMonkeyz,42,1.0
2021,eStar (Chinese Team),oe:team:1d93dd0f3753b0af50c9f8307496922,eStar,45,1.0
2021,eStar Young,oe:team:014165c3a9a1dc9e63e248ce83ca576,eStar Young,62,1.0
2021,eSuba,oe:team:3faefd9245a4ef6ba347fbcf2a51515,eSuba,65,1.0
2021,eSuba Academy,oe:team:c5819326ccf3b14446406bd7ac066c3,KIA.eSuba Academy,23,1.0
2021,mCon LG UltraGear,oe:team:ee662fa8580ced6fb87aa4ca5b1fe7b,mCon esports,20,1.0
2021,mCon esports Academy,oe:team:79327f7eebf9715e6ce6ebb5ab28777,mCon esports Academy,4,1.0
2021,mCon esports Rotterdam,oe:team:ee662fa8580ced6fb87aa4ca5b1fe7b,mCon esports,21,1.0
2021,mYinsanity,oe:team:f678dedcefb1a8df0844b6499004aa1,mYinsanity,8,1.0
2021,mousesports,oe:team:7c4854374e4daa6b00206eb922359a9,MOUZ NXT,76,1.0
2021,nerdRage,oe:team:43c075d12246347af6745bce7e5a665,nerdRage,3,1.0
2021,paiN Gaming,oe:team:61450737f7b683db4da7b3e0bf0dced,paiN Gaming,61,1.0
2021,paiN Gaming Academy,oe:team:3cb9dbe9618f5c61765f4ff189e79a9,paiN Gaming Academy,47,1.0
2021,piratesports,oe:team:c4360b2f59028db18a7d5b19ec74bcb,piratesports,3,1.0
2021,x25 Esports,oe:team:3921fffdab4f130255658ea322e1ab6,x25 Esports,32,1.0
2022,100 Thieves,oe:team:4bd1751425ef6a9bc9d4d8e9385b4a6,100 Thieves,82,1.0
2022,100 Thieves Academy,oe:team:acbc961cec36a59ede6695669ad7a19,100 Thieves Academy,117,1.0
2022,100 Thieves Next,oe:team:a3e5d7937cfb8a6d810b5d18d0b1fe7,100 Thieves Next,77,1.0
2022,300 (North American Team),oe:team:11906fcdcf6e25e9a5e85b782beb1ba,300,10,1.0
2022,404 Multigaming e.V.,oe:team:1e6c5e927a3371615a4b52d6b845d17,404 Multigaming e.V.,21,1.0
2022,5 Ronin,oe:team:6a87540e0a690bc1aa918c3c31b21e7,5 Ronin,42,1.0
2022,5 Ronin Academy,oe:team:65838799d4f18b5f3cda973edca3e8b,5 Ronin Academy,34,1.0
2022,9z Team,oe:team:996738a4a0d3d56b8c1fdcf003f23ee,9z Team,47,1.0
2022,A One Man Army,oe:team:8e2b0d0cd75672565eb80d7e5beaa92,A One Man Army,5,1.0
2022,AGD E-Sports,oe:team:9f3c8ed4ad53efba760b6267af69b7f,AGD E-Sports,3,1.0
2022,AGO ROGUE,oe:team:5a5f8cc0161f43afe3461b293535517,AGO ROGUE,67,1.0
2022,ANON (North American Team),oe:team:965cad858801dad4dfb5885de2f7db7,ANON,4,1.0
2022,AOE Esports,oe:team:f99374803c2802a727e34ba54af754d,Area of Effect Esports,34,1.0
2022,AS Esports,oe:team:16467fb3050a31b2b27672467beb1a8,AS Esports,38,1.0
2022,AXIZ,oe:team:800133e1f0fb01e3326d93eee58f0f4,AXIZ,42,1.0
2022,AXIZ Academy,oe:team:3b1c9e07a26cdc1ed8b830314e19cfd,AXIZ Academy,7,1.0
2022,AaB Esport,oe:team:1b9ffe897d79c81c5deeca9e3c78f69,AaB Esport,11,1.0
2022,Absolved,oe:team:2ede2009837b8d7774a09a5dc367f92,Absolved,11,1.0
2022,AceS GaminG,oe:team:88181dbc63dfbd1664e8a1e8846ed21,AceS GaminG,35,1.0
2022,Activit-E,oe:team:9604d03f235a62e504a79be47eb61c6,Activit-E,11,1.0
2022,Adverse,oe:team:d6daccfb074c6700b6237137d41fabb,Adverse,5,1.0
2022,Afreeca Freecs Challengers,oe:team:f78d56f289804906a627706f330ee06,DN SOOPers Challengers,3,1.0
2022,Aguilas Doradas,oe:team:45aa17d9e673616344575f3295302d4,Aguilas Doradas,12,1.0
2022,All Knights,oe:team:ac644a006bcf1a44682d666df19864c,All Knights,33,1.0
2022,Angry Bats,oe:team:134d1af7b5cafdd70f8f1ecdb2306c7,Angry Bats,11,1.0
2022,Anorthosis Famagusta Esports,oe:team:5f1bc4a914b49c7b7ff4c2f1b8d8df9,Anorthosis Famagusta Esports,75,1.0
2022,Antares Esports,oe:team:920c52a8d7dbd6f216f9e59b825abc8,Antares Esports,20,1.0
2022,Anyone's Legend,oe:team:ed28f87f0cfdba0a2a8f183cebae73a,Anyone's Legend,81,1.0
2022,Anyone's Legend.Young,oe:team:4278e8a32eefe381f75ac6d09218de3,Anyone's Legend.Young,74,1.0
2022,Aquatik Esports,oe:team:c73ee5d874c7218ab92adf5f3bd0c0e,Aquatik Esports,12,1.0
2022,Arctic Gaming Mexico,oe:team:ac655e92876e020fc404aff244a95e3,Arctic Gaming México,41,1.0
2022,Area of Effect Ginger Turmeric,oe:team:362c31d38bf8e4a3fd5a37cfa8c449b,Area of Effect Ginger Turmeric,59,1.0
2022,Area of Effect Randoms,oe:team:0db4f03569e38f6ff1c09aa1907ca6d,Area of Effect Randoms,31,1.0
2022,Area of Effect Soupy Time,oe:team:cd0265100a71f098affbc8b2cbe043f,Area of Effect Soupy Time,4,1.0
2022,Association de Gaming et d'Esport de Mons,oe:team:67a8a9e3f3b1b16e9c4dc0ac8aaa514,AGEM,10,1.0
2022,Astralis,oe:team:128d0cec08b877912eb91f94a1f3295,Astralis,36,1.0
2022,Astralis SB,oe:team:90a3fe0ae48ef2bfe82b20711646096,Astralis SB,23,1.0
2022,Astralis Talent,oe:team:c94195cef56d1eabb7e0304efad4c47,Astralis Talent,43,1.0
2022,Atheris Esports,oe:team:0e99b04d101a93f6de17a4bf5de8b70,Atheris Esports,66,1.0
2022,Atlas (Italian Team),oe:team:d535f853989194a502c3af8c4b88d14,ASD Atlas,4,1.0
2022,Atleta Esport,oe:team:2857b1b013cbea649c5c610a18efa44,Atleta Esport,47,1.0
2022,Atletec,oe:team:e0ec1fed6e0949a0aef5f506ccb76ce,Atletec,43,1.0
2022,Atomic México,oe:team:12f0138300dd741199ea6ad1666531c,Atomic México,41,1.0
2022,Aurelius Esports,oe:team:c856cde28eaed2123b1a9c2d9133bd6,Aurelius Esports,21,1.0
2022,Austrian Force eSports,oe:team:a1934e3feca7db728021f9c61a6bc27,Austrian Force willhaben,11,1.0
2022,Auxesis Esports,oe:team:486eb7673f4c5e1f05bb9b1f2ccc59f,Auxesis Esports,35,1.0
2022,Axolotl,oe:team:e7121adad88546bce0ff2cc41c2d343,Axolotl,28,1.0
2022,Axolotl Academy,oe:team:3bc449343ffa0783714235cf9b55ddf,Axolotl Academy,3,1.0
2022,BISONS ECLUB,oe:team:b346309564f4fc7f30ac14403e93010,BISONS ECLUB,73,1.0
2022,BK ROG Esports,oe:team:c40f6d0d20a7a718c60342e48c144a2,BK ROG Esports,36,1.0
2022,BRUTE,oe:team:ddb6aa775eebeffd5cc41ba5c35c6a1,BRUTE,29,1.0
2022,BRUTE Talents,oe:team:1d013d613a36012255cc7f3b8562439,BRUTE Academy,14,1.0
2022,BWE Esports,oe:team:82e3504486eabe3575dc4b5ff507451,BWE Esports,7,1.0
2022,Bandits Gaming,oe:team:150ed90e9ca3262dbe6f3253b42ebb7,Bandits Gaming,27,1.0
2022,Barça eSports,oe:team:2d1b8a518ba70fe8352fb0fdd8aec1a,Barça eSports,56,1.0
2022,Bay State College,oe:team:be543a92f2258b940563996544963c3,Bay State College,39,1.0
2022,Bay State College B,oe:team:be543a92f2258b940563996544963c3,Bay State College,4,1.0
2022,Berlin International Gaming,oe:team:3de935df8f40fbb4d0e564d4a20e6cb,Berlin International Gaming,66,1.0
2022,Bethany Lutheran College,oe:team:a4b8f2a5c30a05dd32e2c0f3f97b1b3,Bethany Lutheran College,6,1.0
2022,Beyond Gaming,oe:team:89008bdacc273b554227d6b76869381,Beyond Gaming,85,1.0
2022,Beyond Gaming Academy,oe:team:68de47af306a393bf9db4e657623b48,Beyond Gaming Academy,9,1.0
2022,Beşiktaş Academy,oe:team:1983b6e9dc5d2b7538f8787448dd5d7,Beşiktaş Academy,45,1.0
2022,Beşiktaş Esports,oe:team:4f19751f9f051533995772897da2d77,Beşiktaş Esports,36,1.0
2022,Bifrost,oe:team:f081b761c52c8815264545f31442cf6,Bifrost,85,1.0
2022,Big Duck Energy,oe:team:7bccc87651259205127166d5fd82a68,Big Duck Energy,4,1.0
2022,Bilibili Gaming,oe:team:d356a144644879dabb5f34cd99c886d,Bilibili Gaming,102,1.0
2022,Bilibili Gaming Junior,oe:team:4dfc9a0f1a6e1f2fcd8169ad3cdc5da,Bilibili Gaming Junior,86,1.0
2022,Bilibili Live,oe:team:752142f82bfee344e60754832e2d4d4,Bilibili Live,4,1.0
2022,Bis Esports,oe:team:588c0f09975443cbfbbe71a9ac1d75c,Bis Esports,28,1.0
2022,Black Star Gaming,oe:team:9f4d6a0d3f64dd4a431b97862bd88aa,Black Star Gaming,4,1.0
2022,Blue Esports,oe:team:cf83296039548902f3c9d60b22635ec,Blue Esports,13,1.0
2022,Boavista FC,oe:team:07837648624136cfa442f4d3bf29de0,Boavista FC,41,1.0
2022,Boca Juniors Gaming,oe:team:60e5f1fdc57df40ba2ca71ecf3c3b52,Boca Juniors Gaming,58,1.0
2022,Bogged,oe:team:5e22ca5822229015c5a73cd17f43f92,Bogged,12,1.0
2022,Braves Rising,oe:team:eefde58f0df8d64690b358edd3c8cbb,Braves Rising,61,1.0
2022,Burning Core,oe:team:73c73a123b43e071470729f74ef2022,Burning Core Toyama,53,1.0
2022,Burning Core Academy,oe:team:26de0e706bbdee6670640bb499d80a9,Burning Core Toyama Academy,7,1.0
2022,Burst The Sky Esports,oe:team:c525a336b58cf2df7c961b52a7af5ce,Burst The Sky Esports,81,1.0
2022,CB Gaming,oe:team:4161958403ac6cd3d1c4c132cda8c79,CB Gaming,3,1.0
2022,CERBERUS Esports (Vietnamese Team),oe:team:05825167aedac3dc1e6f72133f52604,CERBERUS Esports,108,1.0
2022,CGG Black Panthers,oe:team:0e29f789cf5b2a1c46e5d092c46e69d,Black Panthers eSports,7,1.0
2022,CLG Academy,oe:team:fe409cbd7c72eb621d9c4e7eac75936,CLG Academy,91,1.0
2022,CLG Faith,oe:team:272ff09ae291fdf2d216c02a428e1e1,CLG Faith,26,1.0
2022,CTBC Flying Oyster,oe:team:0916b3c324c8577b0c6344f3e067f62,CTBC Flying Oyster,75,1.0
2022,CTRL PLAY,oe:team:ec6df3b8882b76b51d9bbaee084738e,CTRL PLAY,4,1.0
2022,Case Esports,oe:team:a7d0fbf8d498d1ecf38752df7f6259d,Case Esports,12,1.0
2022,Chiefs Esports Club,oe:team:692bccdba8ec7050f5aeb916815439e,Chiefs Esports Club,64,1.0
2022,Cienciano Esports,oe:team:27bcb7f4062fa834d3aa48013a24549,Cienciano Esports,40,1.0
2022,Cincinnati Fear,oe:team:969667ee6e31f83d6da935558895498,Cincinnati Fear,40,1.0
2022,Cloud9,oe:team:fc8e90107dabb9a35c490b0d86adea0,Cloud9,96,1.0
2022,Cloud9 Academy,oe:team:4e28e7839cbb263369dfcb1794a25e2,Cloud9 Academy,97,1.0
2022,Club Deportivo Municipal,oe:team:19de4148001c056cbc5804dc8636190,Club Deportivo Municipal,35,1.0
2022,Conviction,oe:team:ed026f019f5d0091c44014578ed7a8f,Conviction,10,1.0
2022,Corax Gaming Club,oe:team:14954f645b2dba17a0d9a4b3466a75b,FLY5,25,1.0
2022,Cosmic Wolf Esports,oe:team:ca2e7723177797c546f6e4c30bb67b3,Cosmic Wolf Esports,4,1.0
2022,Counter Logic Gaming,oe:team:cbfaf0ca2181f0903d2fcceb6c28f3b,Counter Logic Gaming,58,1.0
2022,Crest Gaming Act,oe:team:6d17eb4ba840f83bf65c9a19c656a53,Crest Gaming Act,50,1.0
2022,Crest Gaming Act Academy,oe:team:d83c59bf7d6cbaba72f9d6684114336,Crest Gaming Act Academy,16,1.0
2022,CrowCrowd,oe:team:ba0e5d60413f9eda6ffb0cb0e0ee531,CrowCrowd,4,1.0
2022,Cruzados Esports,oe:team:cb951a65f688a6e2bdf1d8d4a91da4d,Cruzados Esports,43,1.0
2022,Crvena zvezda Esports,oe:team:f4b807048502e27f01499f06b235a9a,Crvena zvezda Esports,56,1.0
2022,Cryptova,oe:team:7f0dbe2d7087bdad6566b0c0b81ad7c,Cryptova,29,1.0
2022,Cyber Wolves,oe:team:fb1fd138f4e0b99eacbe4da8395e94d,Cyber Wolves,28,1.0
2022,Cyberground Gaming,oe:team:7894460f171d66e8ffc149c05b056a8,Cyberground Gaming,35,1.0
2022,Córdoba Patrimonio eSports,oe:team:3a82a0efc78faf326cdc53735dbaebb,Córdoba Patrimonio eSports,3,1.0
2022,DK Crew,oe:team:17510332b3aaea6f1e10ab3b091b54d,DK Crew,24,1.0
2022,DKJH,oe:team:f332127ba5ee3389e4c5cff45ac9a51,EFS,3,1.0
2022,DREN Esports,oe:team:ee569c9f5e85fba8fcf57d51b1b78ed,DREN Esports,7,1.0
2022,DRX,oe:team:1d0389df0c5eea93b04122ba167c010,Kiwoom DRX,131,1.0
2022,DRX Academy,oe:team:d6bba391a1129002440759541df27e0,DRX Academy,24,1.0
2022,DRX Challengers,oe:team:d2e8948728f7e4aeb9ee27e753315bc,Kiwoom DRX Challengers,89,1.0
2022,DSYRE,oe:team:3e3ca0895ded506fd637e723d6ae2a1,DSYRE,3,1.0
2022,DWG KIA,oe:team:ef69efa6acebe94107f0cf1ba716806,Dplus Kia,136,1.0
2022,DWG KIA Academy,oe:team:503cf7645c53c8f084b5cbdec6744a7,Dplus Kia Academy,28,1.0
2022,DWG KIA Challengers,oe:team:64f78960f955a6b659025e38b4f0a18,Dplus Kia Challengers,106,1.0
2022,Dare Gaming,oe:team:1c89da29fc415ae539fb8299388b9ba,Dare Gaming,11,1.0
2022,Dark Horse,oe:team:c5c317341ae046ce3345b8d56efce5c,Dark Horse,50,1.0
2022,Dark Matter,oe:team:2360b31c1628a21ddd778891dabac91,Dark Matter,19,1.0
2022,Dark Passage,oe:team:a42600a99997fca0d35f2821662b997,Dark Passage,50,1.0
2022,Dark Passage Academy,oe:team:9a7713efaa6251ddeb7736b04a99d07,Dark Passage Academy,45,1.0
2022,Dark Tigers,oe:team:1f2037e30f42a254f0d6ac9df9fad9a,Dark Tigers,28,1.0
2022,Dark Tigers Academy,oe:team:91ec0b2fa7bcf8baa6b4deddec7141e,Dark Tigers Academy,39,1.0
2022,Dead Rabbits Club,oe:team:e08debf4c952ffb61c82a30e5239a7b,Dead Rabbits Club,33,1.0
2022,Deep Cross Gaming,oe:team:7e56e9367c023df96cc8257ff4e16c0,Deep Cross Gaming,62,1.0
2022,Deliverance Esports Peru,oe:team:fe59c993d0bda004e54eaecdd957f54,Deliverance Esports Peru,15,1.0
2022,Descuydado Esports,oe:team:66183b5685c9e0a01698642ff9bd420,Descuydado Aucas Esports,47,1.0
2022,DetonatioN FocusMe,oe:team:e435aa3ecb82a89e60544f5f5857a81,DetonatioN FocusMe,88,1.0
2022,DetonatioN FocusMe Academy,oe:team:845f7165c7cdaad9d2a2d764375d0df,DetonatioN FocusMe Academy,21,1.0
2022,Dewish Team,oe:team:f7c0f545d3fc1860239d04b3ebe97f8,Dewish Team,18,1.0
2022,Diamant Esports,oe:team:830f05a5024d0794bd8d5b598b2432b,Diamant Esports,36,1.0
2022,Diamond Doves,oe:team:e40cdcb20302c0240d2084c909668aa,Diamond Doves,51,1.0
2022,Dignitas,oe:team:0dbb780176ecad18f17292d1f5653af,Dignitas,46,1.0
2022,Dignitas Academy,oe:team:9b9cc5a065b0b4dd8f57b23361f03ee,Dignitas Academy,95,1.0
2022,Dinka Never Homeless Again,oe:team:ea04c2731d4cce306a17d765544e7e9,Dinka Never Homeless Again,7,1.0
2022,Dire Wolves,oe:team:cd6e0eea04af23b9c0735dab41a9941,Dire Wolves,48,1.0
2022,Dragon Army,oe:team:e8d370a0e90adebb0571ec096375906,Dragon Army,4,1.0
2022,Dusty,oe:team:7bb33d6141f427f4f19b019f5eb7905,Dusty,84,1.0
2022,Dynamo Eclot,oe:team:e3f89acb10ecd65327fa954ff2ec047,Dynamo Eclot,57,1.0
2022,E WIE EINFACH E-SPORTS,oe:team:26ff1a9f7fb8e976fbdcc5d2a8ac397,E WIE EINFACH E-SPORTS,40,1.0
2022,EBRO,oe:team:32c61c5bf86fc0dad1a88712e34f3fc,EBRO,61,1.0
2022,EDward Gaming,oe:team:056c3140a119e44a03d462e2c832f27,EDward Gaming,143,1.0
2022,EDward Gaming Youth Team,oe:team:6a04b6d8daa2cb0c623e81db686de40,EDG Youth Team,110,1.0
2022,EFS,oe:team:f332127ba5ee3389e4c5cff45ac9a51,EFS,28,1.0
2022,EGN Esports,oe:team:8d48390319b4f7c25c13dd410b3a0bf,EGN Esports,57,1.0
2022,ELR Gaming,oe:team:45157b3486f4c506e2503afebc2c735,ELR Gaming,17,1.0
2022,EQX,oe:team:7f470540da8b0e7f3731c8273f8489e,EQX,4,1.0
2022,ERKO Esports,oe:team:bbd25c9b9a5044937d8800dfeb8922e,ERKO Esports,48,1.0
2022,EURONICS Gaming,oe:team:514d848d968399a239cdcc3d1412f2d,EURONICS Gaming,12,1.0
2022,Earth Revolution Gaming,oe:team:fe0f9f1a1d12af08c693959b09e45b4,Earth Revolution Gaming,9,1.0
2022,Eclipse Gaming (Latin American Team),oe:team:df307a715ef3aff2837cf96bfa86685,Eclipse Gaming,4,1.0
2022,Ego Geniuses,oe:team:4cc87116c34de4956f4bd1cbaeff7f9,Ego Geniuses,5,1.0
2022,Eintracht Frankfurt,oe:team:48199c3e87ac9d14cdf50169f8eaabc,Eintracht Frankfurt,12,1.0
2022,Eintracht Spandau,oe:team:980ab072663574c2e4fca71f275d302,Eintracht Spandau,53,1.0
2022,Entropiq,oe:team:06554c70cfe8a6be14b004b3c18abe6,Entropiq,58,1.0
2022,Esport Empire,oe:team:fb0f0212147f5791a38c9789b221b24,Esport Empire,28,1.0
2022,Estral Esports,oe:team:1c81857b6ce6a3c1cd9220fd97e077f,Estral Esports,57,1.0
2022,Evil Geniuses Academy,oe:team:7276a3089a0ff2fb055ae059a87bebf,Evil Geniuses Academy,88,1.0
2022,Evil Geniuses Prodigies,oe:team:72988cb15f0a6129beb79508d9a3162,Evil Geniuses Prodigies,62,1.0
2022,Evil Geniuses.NA,oe:team:f7f7324c151aa6ed770b244ce08e027,Evil Geniuses,123,1.0
2022,Excel Esports,oe:team:8f995652631df209ff11c4542abdcaf,Excel Esports,47,1.0
2022,FC Nantes Esports,oe:team:783df43f5fac1f660a576bcc8e9c270,FC Nantes Esports,44,1.0
2022,FC Schalke 04 Esports,oe:team:1d0f5e58f39613aff1a3dd4ed85933e,FC Schalke 04 Esports,61,1.0
2022,FC Schalke 04 Evolution,oe:team:d6bee7b81c11ac0c4318473f54211a9,FC Schalke 04 Evolution,16,1.0
2022,FURIA,oe:team:87e3e1e75839f75a10bbc66e894d806,FURIA,57,1.0
2022,FURIA Academy,oe:team:0ced2ec7ba6127cccf42c5da4bcf9c0,FURIA Youth,40,1.0
2022,Fantasy Gaming,oe:team:685ec10929b61b7e3c50cc97d5883e2,Fantasy Gaming,22,1.0
2022,Fenerbahçe Academy,oe:team:bc8cec60082a7eec4704c6ea73c2e4f,Fenerbahçe Academy,44,1.0
2022,Fenerbahçe Esports,oe:team:418c28593a78b57ef74e47d0c18640a,Fenerbahçe Esports,50,1.0
2022,Flamengo Academy,oe:team:13caf544e9d552f669c15d697f5e6b9,Flamengo Academy,31,1.0
2022,Flamengo Esports,oe:team:50b9075ca20fb326456aded56aa7937,Flamengo MDL,18,1.0
2022,Flayn eSports,oe:team:9d31d6680574d0709870c340cf0703c,Flayn eSports,12,1.0
2022,FlyQuest,oe:team:2e66da41dc460dd378e3bcc57042d31,FlyQuest,58,1.0
2022,FlyQuest Academy,oe:team:92a5dd0b813a9eea72ba22adf5fe78e,FlyQuest Academy,97,1.0
2022,Fnatic,oe:team:78f183fa5a7d8ecb22b9ad272c3abd7,Fnatic,82,1.0
2022,Fnatic TQ,oe:team:8a7675b5d0c1386df989adf7428201b,Fnatic TQ,52,1.0
2022,For The Win Esports,oe:team:ecaf2adae2ff7f9511c9f662f18ffe7,For The Win Esports,78,1.0
2022,Forsaken (Polish Team),oe:team:9e12a15ab90a0a26c7e4e5308d3924c,Forsaken,40,1.0
2022,Frank Esports,oe:team:957a0b20bb6ce6491d39eb82e5fcb17,Frank Esports,54,1.0
2022,Fredit BRION,oe:team:b77b3f6068e20a2b3edc0ecd3dc70d4,HANJIN BRION,89,1.0
2022,Fredit BRION Academy,oe:team:cea8093762c0842e5bb4a1c2a4f7d66,HANJIN BRION Academy,32,1.0
2022,Fredit BRION Challengers,oe:team:fa3d687a87bcae80362f784a7da571d,HANJIN BRION Challengers,78,1.0
2022,Fuego,oe:team:0f0f407ca567fc73cc83d541ef45731,Fuego,30,1.0
2022,Fugitive Gaming,oe:team:0c696978201a689569c69659bad5732,Fugitive Gaming,4,1.0
2022,Fukuoka SoftBank HAWKS gaming,oe:team:d8ca3fc1f0827ec76369af7b70d43e3,Fukuoka SoftBank HAWKS gaming,57,1.0
2022,Fukuoka SoftBank HAWKS gaming Academy,oe:team:1db6b0bedabd9183def8928e75633c6,Fukuoka Softbank HAWKS gaming Academy,7,1.0
2022,FunPlus Phoenix,oe:team:33d17f3717f58e12a3da80b377221fb,FunPlus Phoenix,112,1.0
2022,FunPlus Phoenix Blaze,oe:team:68d9c4b067b3b6d5f3d5e4b1adc9f6e,FunPlus Phoenix Blaze,124,1.0
2022,Furious Gaming,oe:team:6414602bd3443e9f8c3aae5c73bbc5a,Furious Gaming,59,1.0
2022,G2 Arctic,oe:team:b350e8583018688fb4cea844b7f9806,G2 Arctic,45,1.0
2022,G2 Esports,oe:team:7d6673d3a9d00363c6bebc1a630da6e,G2 Esports,89,1.0
2022,GAM Esports,oe:team:9cae7677cd0dbcc1cd86653870b73c2,GAM Esports,124,1.0
2022,GGEsports,oe:team:23dda07cf3e2a786d6b300cc78a1cf6,GGEsports,35,1.0
2022,GTZ Bulls,oe:team:3659b5cb3434354530c31ce71461fc1,GTZ Esports,35,1.0
2022,Galakticos,oe:team:28428f3022fc1ea52264b35912093dc,Galakticos,36,1.0
2022,Galakticos Academy,oe:team:b9ec146a4772e94d2d303fcdbb73112,Galakticos Academy,35,1.0
2022,Galatasaray Academy,oe:team:ee71b2a517ae4fb13ab8cf4704183d8,Galatasaray Academy,35,1.0
2022,Galatasaray Esports,oe:team:0edc9f071bd123368afdc0c53a3db20,Galatasaray Esports,55,1.0
2022,GameWard,oe:team:312ee76ca74cbb5cb984d8b71ef4847,GameWard,64,1.0
2022,GamerLegion,oe:team:455551fe1d375c5bdf7385bf56a9722,GamerLegion,62,1.0
2022,GamersOrigin,oe:team:d4795b41be2ffe2063d40d1509eb890,GamersOrigin,22,1.0
2022,Gamespace Mediterranean College Esports,oe:team:4410ecf1b88f1316b6e6c110120c896,Gamespace Mediterranean College Esports,53,1.0
2022,GeekSide Esports,oe:team:b1e4549272fe20b4c311674483d4d90,GeekSide Esports,36,1.0
2022,Gen.G,oe:team:50f58982d91a36557ec8aec52ab014f,Gen.G,128,1.0
2022,Gen.G Challengers,oe:team:4c9dd0212552afe76315b616b7891f5,Gen.G Global Academy,77,1.0
2022,Genius Esports,oe:team:5d81332d807fb5ebe9ca0e63fc7f375,Genius Esports,45,1.0
2022,Gentlemen's Gaming,oe:team:3a1d5821b38ab1ddec52f944973d1bd,Gentlemen's Gaming,44,1.0
2022,Giants (Spanish Team),oe:team:6dd9fc16013a656e475c1b1eb7d4e06,Giants,52,1.0
2022,Ginger Turmeric,oe:team:bf1858c02d924648341c65c7fe4206f,Ginger Turmeric,32,1.0
2022,Glacial Red,oe:team:a4e65fbd9139baf6a85d188d7c9dfa5,Glacial Red,7,1.0
2022,Glaive Esports Prime,oe:team:bedeb2d8da4a388b246a256c9da7957,Glaive Esports Prime,10,1.0
2022,Globant Emerald,oe:team:7cad317ac6d3deeb0421bca81551efd,Globant Emerald,33,1.0
2022,Goat Esports,oe:team:d6be0ecd5bcb3c81e3c23116e04b123,Goat Esports,14,1.0
2022,God's Plan,oe:team:ecebaf23a84b54fc1b8668c9291778b,God's Plan,36,1.0
2022,Golden Guardians,oe:team:87ee02298073abc2d55060f097d4041,Golden Guardians,51,1.0
2022,Golden Guardians Academy,oe:team:d1f833765bf7a9a8109d96a1b61afd7,Golden Guardians Academy,110,1.0
2022,Goose Gaming,oe:team:3aad93555aced110c32e285e289128f,Goose Gaming,5,1.0
2022,Goskilla,oe:team:8e59548c40b71c4232405f8b54fc7f9,Goskilla,40,1.0
2022,Grand View University,oe:team:4c87a422072b2c1e754299a17ea36ce,Grand View University,25,1.0
2022,Grand View University B,oe:team:4c87a422072b2c1e754299a17ea36ce,Grand View University,12,1.0
2022,Gravitas,oe:team:4889684df277c6008eb89f48f94bded,Gravitas,42,1.0
2022,Gravity Elite,oe:team:f54cf58f8e4305aceaf67d90e5656d3,Gravity Elite,35,1.0
2022,Grypciocraft Esports,oe:team:2d038b581c7aa5565f197e93de4ff35,GRP Esports,12,1.0
2022,Guasones,oe:team:91c35185025768de7d8aa448933f56c,Guasones,13,1.0
2022,Hanwha Life Esports,oe:team:3a1d18f46bcb3716ebcfcf4ef068934,Hanwha Life Esports,106,1.0
2022,Hanwha Life Esports Academy,oe:team:2acbd6362cc5096e13641bd088a72a6,Hanwha Life Esports Academy,59,1.0
2022,Hanwha Life Esports Challengers,oe:team:2a5e5fceaa40b335ebc6b49359abf62,Hanwha Life Esports Challengers,75,1.0
2022,Harrisburg University,oe:team:e148df5f8ee1c28556f4d82343d4284,Harrisburg University,27,1.0
2022,Here For T-Shirt,oe:team:bcf344c593b108e38ac0c953a51485e,Here For T-Shirt,10,1.0
2022,Hertha BSC eSport,oe:team:b0a43f7f56c22b10b2042076b0cd5cc,Hertha BSC eSport,5,1.0
2022,Hive Athens EC,oe:team:4c4cf1a1c1cb435bb27ce8d200d8fd3,Hive Athens EC,34,1.0
2022,Hooked Esports,oe:team:ea6fa09489335785c9921c1e427aea5,Hooked Esports,9,1.0
2022,Hungkuang Falcon,oe:team:672aa1aa4e9ac51d56830a3652dbc8b,Hungkuang Falcon (弘光獵鷹),3,1.0
2022,Hurricane Gaming,oe:team:810d335400a6391892d9f9bef5d57b3,Hurricane Gaming,18,1.0
2022,Huya All Star,oe:team:ce10c59d79b11ab8fa936e7aac890f1,Huya All Star,4,1.0
2022,IKISEQ Gaming,oe:team:216b87f7739fab7fa9177e7e01c2c7b,IKISEQ Gaming,30,0.9333333333333333
2022,INFINITY,oe:team:7e3dd5ff49e1a44784d225d2de40260,inf,46,1.0
2022,INTZ,oe:team:bcb21457414eb9be1d27489ff7e8e59,INTZ,36,1.0
2022,INTZ Academy,oe:team:532875bcf5a8fb1cd2f05cd0001bbf6,INTZ Academy,41,1.0
2022,Illinois State University,oe:team:b99696624afa81613e7c305f10c6b05,Illinois State University,36,1.0
2022,Illuminar Gaming,oe:team:6cedba5819b5b7c465cb3bb48bfe855,Illuminar Gaming,53,1.0
2022,ImPerium Vancuverii,oe:team:8265f85d8735e77263455fb97ddc95a,ImPerium Vancuverii,12,1.0
2022,Immortals,oe:team:c334c629fea759876e9e04afbe4aee7,Immortals,40,1.0
2022,Immortals Academy,oe:team:c96403ed0b812c805aeb6100bdc19a5,Immortals Academy,106,1.0
2022,Immortals Area of Effect,oe:team:b735021538d7137d6ff64bcea052a95,Immortals Area of Effect,41,1.0
2022,Impunity,oe:team:215b3bc4217842708191cc9be161132,Impunity,43,1.0
2022,Inaequalis,oe:team:f6ac342191e871ae8b13952ed61c31a,Inaequalis,42,1.0
2022,Inaequalis Academy,oe:team:882a78e2d59d08be4e05e8f7cc86ee8,Inaequalis Academy,10,1.0
2022,Incubus,oe:team:32c3055d495d91676e208b0c8997536,Incubus,51,1.0
2022,Inside Games,oe:team:c2bd1dd17a070dbbb8df9aefb634a41,Inside Games,39,1.0
2022,Inside Games Challengers,oe:team:fbc692c1e8c7eb9e89861374b186c53,Inside Games Challengers,28,1.0
2022,Instinct Gaming,oe:team:911e2c053ed5ccc74ae46c53d8b87db,Instinct Gaming,37,1.0
2022,Inventive Esports,oe:team:e902a02fc3a32f47cf0c3729893098b,Inventive Esports,10,1.0
2022,Invictus Gaming,oe:team:53a258f289c26d94431c0496a54e151,Invictus Gaming,92,1.0
2022,Invictus Gaming Young,oe:team:01c9a45038d103935dc69490914f530,Invictus Gaming Young,62,1.0
2022,Ion Squad,oe:team:956aba50c93849d09fac4f00c5db750,Ion Squad,43,1.0
2022,Iron Wolves,oe:team:bc9bdf946d79f2f1f483b429a7dfffc,Iron Wolves,56,1.0
2022,Istanbul Wildcats,oe:team:a65adb2808377018a2a7832eb2bd7f4,İstanbul Wildcats,62,1.0
2022,Istanbul Wildcats Academy,oe:team:637d0a65124780ff6ecca6ec06e67c2,İstanbul Wildcats Academy,43,1.0
2022,Isurus,oe:team:5737b101780a9835142549164be1ac4,Isurus,63,1.0
2022,IziDream,oe:team:84bc703e28859788770611d94cf02ac,IziDream,57,1.0
2022,J Team,oe:team:b41d715b166da7092724123264e4560,J Team,64,1.0
2022,J Team 2,oe:team:1ef508bf919d376e20393cb83aa8d3e,J Team 2,6,1.0
2022,JD Gaming,oe:team:b42d0f31f2727621b963042276817c4,JD Gaming,125,1.0
2022,JDXL,oe:team:2b7b9f30577e4eb59af48370ce8679c,JD|XL,54,1.0
2022,Jake's Kittens,oe:team:76ecde5c27efc1f27885bfcab917c01,Jake's Kittens,16,1.0
2022,Janus Esports,oe:team:1ab54595dac94e054c4f3831f7ccb98,Janus Esports,36,1.0
2022,Joblife,oe:team:7380b73561abdd86c2391e9481acd4b,Joblife,40,1.0
2022,Joy Dream,oe:team:ae2a2737a8d8d2b8e396dabae0e149b,Joy Dream,96,1.0
2022,KOI (Spanish Team),oe:team:5aef7c486046c4885a0baad37b027e8,KOI,52,1.0
2022,KRC Genk Esports,oe:team:01a959b2a20ca77057e580ec051aa3e,KRC Genk Esports,80,1.0
2022,KRÜ Esports,oe:team:24c803324b67186eda323d3f077ce50,KRÜ Esports,53,1.0
2022,KT Rolster,oe:team:d723992568441c6bafa2658129eade7,KT Rolster,98,1.0
2022,KT Rolster Challengers,oe:team:b9733b8e8aa341319bbaf1035198a28,KT Rolster Challengers,89,1.0
2022,KV Mechelen Esports,oe:team:fc7375b80317eeffe3f05e4d3912626,KV Mechelen Esports,59,1.0
2022,KaBuM! Academy,oe:team:5fa7169f2a9ba7a17a9ce3afd59643d,KaBuM! Academy,36,1.0
2022,KaBuM! Esports,oe:team:86e551648da70c86cb473ce5d5f26f7,KaBuM! Esports,53,1.0
2022,Kanga Esports,oe:team:40ca71047541a6edbbb6e29893f9058,Kanga Esports,49,1.0
2022,Karma Clan Esports,oe:team:67fa892b6ce24fdf93916569f3897d9,Karma Clan Esports,37,1.0
2022,Karmine Corp,oe:team:f3aa9bbd924ce3af42ac53f8326bc7c,Karmine Corp,80,1.0
2022,Kawaii Kiwis,oe:team:8eb9a212591f919a353abfac0c0a52a,Kawaii Kiwis,55,1.0
2022,King of Goats,oe:team:64b1b7f74d693cae5d71675ac09e58b,King of Goats,19,1.0
2022,Komil and Friends,oe:team:5628f250931675f9c0d20aad46cc117,Komil & Friends,48,1.0
2022,Korean Streamer,oe:team:7161a611ce6a349976475e383ef3c17,Korean Streamer,9,1.0
2022,Kwangdong Freecs,oe:team:b3c72a20aa56f5d28022ac04a7dc294,DN SOOPers,92,1.0
2022,Kwangdong Freecs Academy,oe:team:00ae39840233a9dc8db235166c32ba7,DN SOOPers Academy,34,1.0
2022,Kwangdong Freecs Challengers,oe:team:f78d56f289804906a627706f330ee06,DN SOOPers Challengers,75,1.0
2022,LDLC OL,oe:team:e31c6dcc465e0b94500ef023f42cdc1,LDLC OL,89,1.0
2022,LDN UTD,oe:team:61964511adf52f5329a7f3ab958910b,LDN UTD,14,1.0
2022,LGD Gaming,oe:team:5f401785b6b78326f9a46b3c6b206ed,LGD Gaming,88,1.0
2022,LGD Gaming Young Team,oe:team:6100f2588a65a71921d4f8ee206d94e,LGD Gaming Young Team,72,1.0
2022,LK Gaming,oe:team:f550ae2e836d5c94219533f03917afe,LK Gaming,18,1.0
2022,LNG Academy,oe:team:2506f4369f41031c5ae85640da9f749,LNG Academy,81,1.0
2022,LNG Esports,oe:team:a9145b7711873f53e610fbba0493484,LNG Esports,132,1.0
2022,LOUD,oe:team:658a021a796aa5501503220adb38cf4,LOUD,61,1.0
2022,LOUD Academy,oe:team:611801d741d02f705ab3433a71ce43f,LOUD Academy,46,1.0
2022,Lanomania,oe:team:7059e08408418e21e2889f05669912b,Lanomania,11,1.0
2022,Large (North American Team),oe:team:7696cbc1be4accf7f39391f87ff81ba,Large,10,1.0
2022,Last Resistance,oe:team:e06f783b141f72cbae90ba86cfbd83b,Last Resistance,21,1.0
2022,Leviatan,oe:team:53ef3d5a3ac5d88bc000eff7d87aeb3,Leviatan,67,1.0
2022,Liberty,oe:team:84e1da9e55480128662cfdfe79cb892,Liberty,44,1.0
2022,Liberty Academy,oe:team:0de5bc0ac90e504b773c2d2d09edc81,Liberty Academy,39,1.0
2022,Liiv SANDBOX,oe:team:c75f1f337fc5867914749d438a4871d,Liiv SANDBOX,99,1.0
2022,Liiv SANDBOX Academy,oe:team:f028b03d55190de2e3db0332acb61c3,Liiv SANDBOX Academy,24,1.0
2022,Liiv SANDBOX Challengers,oe:team:e7a7c6bf58eb268ed3f13aac4158aa8,Liiv SANDBOX Youth,77,1.0
2022,Lille Esport,oe:team:f9d5cf621532c5ac51e0947d7098b7f,Lille Esport,43,1.0
2022,London Esports,oe:team:54d858264b5700c29cbe2fca7fc7649,London Esports,14,1.0
2022,LowLandLions,oe:team:813dd5137f04b19ed1b27465511a56c,LowLandLions,33,1.0
2022,Luxury Esports,oe:team:d35b98d330df0acb88e2b27027b7e74,Luxury Esports,70,1.0
2022,MAD Lions,oe:team:6a0084dacefb228be863fbb64cefe11,MAD Lions KOI,68,1.0
2022,MAD Lions Madrid,oe:team:9b4c0a1b3fce5f8df14d86277203dfe,MAD Lions Madrid,43,1.0
2022,MAMMOTH,oe:team:7bd8d762a338118fce3df129202eaed,MAMMOTH,42,1.0
2022,MAX (Chinese Team),oe:team:91c9cf14d344ea993274f77fd9fa508,MAX,110,1.0
2022,MGN Box Esports,oe:team:f120b297d22778c31d145387ae3a372,MGN Blue Esports,6,1.0
2022,MNM Gaming,oe:team:542063f7067a523ca263df1cb72f843,MNM Gaming,67,1.0
2022,MOUZ,oe:team:7c4854374e4daa6b00206eb922359a9,MOUZ NXT,64,1.0
2022,Macko Esports,oe:team:a2e63aee03585f0b37ff4cad936e349,Macko Esports,54,1.0
2022,Magna Esports,oe:team:586486168f510b191d23bd992a82501,Magna Esports,3,1.0
2022,Malvinas Gaming,oe:team:d5772fdb1ae7fcc8046fa2e056a8715,Malvinas Gaming,44,1.0
2022,Maryville University,oe:team:9336ce46babf314b50e3a103506ae0a,Maryville University,61,1.0
2022,Maryville University B,oe:team:9336ce46babf314b50e3a103506ae0a,Maryville University,14,1.0
2022,Mayan Esports,oe:team:746a5d153c14c2727ec6c086f1763fc,Mayan Esports,33,1.0
2022,Maycam Evolve,oe:team:d53c3b4468d5a9ec7fb407350dd55df,Maycam Evolve,49,1.0
2022,Maze Gaming,oe:team:ec984a85fa876a52f448869c93cd93b,Maze Gaming,36,1.0
2022,Meme City Esports,oe:team:d7ec1f968a609382e6e6d1bc2f6e4c3,Meme City Esports,10,1.0
2022,Meta Falcon Team,oe:team:9e6526e349893ee3604c6e43fcafea1,Meta Falcon Team,45,1.0
2022,Meta Gaming,oe:team:541d18c9fef51d35e84731aeff4fc70,Meta Gaming,59,0.9830508474576272
2022,Miners,oe:team:64a41d3f257e38f07d4bd8570809432,Miners,21,1.0
2022,Miners Academy,oe:team:0e27d54d74f138c822f16d1f9df4939,Miners Academy,21,1.0
2022,Minus Three,oe:team:12eb870ed3419407c763c34f905e65a,Minus Three,5,1.0
2022,Mirage Elyandra,oe:team:972ebfdff75f6a30cc82aad4a35e2af,Mirage Elyandra,43,1.0
2022,Misfits Gaming,oe:team:594b183f8fb081ef64820f31ab8d641,Misfits Gaming,51,1.0
2022,Misfits Premier,oe:team:c59bcb753bac65c0397bf9ebbcf850b,Misfits Premier,47,1.0
2022,Mkers Academy,oe:team:39ef0c894423ffdfa22011f672f19be,Mkers Academy,3,1.0
2022,Mount Olympus,oe:team:023e1c0f9c1c213e48998e61fbe066c,Mount Olympus,5,1.0
2022,Movistar Optix,oe:team:a19a63a498e083aef0b8fc70b2b7715,Movistar Optix,71,1.0
2022,Movistar Riders,oe:team:4acc40654379b4da680be1bd3129dfa,Movistar KOI,40,1.0
2022,Movistar Riders Academy,oe:team:f3c533aeb87ace93284514faf321076,Movistar Riders Academy,23,1.0
2022,Munster Rugby Gaming,oe:team:570bfe8899b9aff8ccbdd18334ec8ab,Munster Rugby Gaming,12,1.0
2022,NASR eSports Turkey,oe:team:1bcba9d314932379a955b3de9e8654d,NASR eSports Turkey,45,1.0
2022,NASR eSports Turkey Academy,oe:team:7306bbcc9ca5d0b66f56d62d1d1c243,NASR eSports Turkey Academy,47,1.0
2022,NOCTA,oe:team:95e6dffd3a0a0be2b8c7c737ac017d5,NOCTA,29,1.0
2022,NYYRIKKI,oe:team:931fd7145df2dee0403461381e45b58,NYYRIKKI,51,1.0
2022,Nameless Randoms,oe:team:0e4c4b77383d06c59013c463dc425b5,Nameless Randoms,14,1.0
2022,Nameless Thieves,oe:team:8018d19489ff674e33727d54e9c0b4f,Nameless Thieves,9,1.0
2022,Nativz,oe:team:a73a242584df96b35d6e606d93608f8,Nativz,9,1.0
2022,NecroRaisers,oe:team:ef1e6aa205209aa800aae6775fd68c7,NecroRaisers,8,1.0
2022,Netshoes Miners,oe:team:64a41d3f257e38f07d4bd8570809432,Miners,21,1.0
2022,Netshoes Miners Academy,oe:team:0e27d54d74f138c822f16d1f9df4939,Miners Academy,21,1.0
2022,Newell's Esports,oe:team:aa901e4bbb1fae688437d636787b958,Newell's Esports,3,1.0
2022,Newstar,oe:team:096d11bb39c67344ba0d303a4505e81,Newstar,46,1.0
2022,Nexus KTRL,oe:team:786880f9b3bc8bdeafa1f7b250642be,Nexus KTRL,42,1.0
2022,No Ace,oe:team:7108af535f0d9b910b6e4ba8e03d022,No Ace,10,1.0
2022,No Name (North American Team),oe:team:b4e415571a886e90b99b34b8b9b626b,No Name,5,1.0
2022,No Need Orga,oe:team:4af7101de8aaa0ada19a5937eb60b65,No Need Orga,19,1.0
2022,No Org,oe:team:4b85e66c4e276c54cb7f4428f030279,No Org,8,1.0
2022,No Team,oe:team:f93bd7ba4570c2b83b075cbc60f97ca,No Team,39,1.0
2022,Nongshim RedForce,oe:team:5cd2cd09ec94296f605dd13a2924d6c,Nongshim RedForce,87,1.0
2022,Nongshim RedForce Academy,oe:team:ff07fcf769a41fa17ded4746368d6c7,Nongshim RedForce Academy,34,1.0
2022,Nongshim RedForce Challengers,oe:team:7c64febcd5ccff13dcd035dc6867a00,Nongshim Esports Academy,107,1.0
2022,Northern Lions Esports,oe:team:51ad8552b28c8fa33276c08f9b8ca9b,Northern Lions Esports,21,1.0
2022,OFFSET Esports,oe:team:a2af8a630966a79f15f17d89b1f97d2,OFFSET Esports,38,1.0
2022,ORDER,oe:team:6575d9a58f0b41a108f2d6a565a0650,ORDER,74,1.0
2022,Odivelas Sports Club,oe:team:fca935f82fd01de843aa2799eb575ea,Odivelas Sports Club,35,1.0
2022,Oh My Dream,oe:team:d6ede6ace357c075af068ccac12ae9f,Oh My God Academy,68,1.0
2022,Oh My God,oe:team:f4c4528c6981e104a11ea7548630c23,Oh My God,97,1.0
2022,Olympiacos Alimou,oe:team:007a3c4175ca4f86d9dc49e4f2e9cf8,GOAL,50,1.0
2022,Once Upon A Team,oe:team:e1cbefa2c9766f5deaa96d958a31e89,Once Upon A Team,8,1.0
2022,One Breath Gaming,oe:team:785bf7c68fff8e64a5b17ba5972f10a,One Breath Gaming,4,1.0
2022,Osaka,oe:team:0d70a380fe641d8206c6d43c185b9c2,Osaka,15,1.0
2022,PCS Taran,oe:team:5142c879abcb70bac792134b00d86c7,PCS Taran,50,1.0
2022,PEACE (Oceanic Team),oe:team:b61ee1b18ac8e03518fc61ac07d497c,PEACE,60,1.0
2022,PENTA 1860,oe:team:efcd9996cce28c8f5c8062ac3b7fbb4,PENTA 1860,42,1.0
2022,PRIMATE,oe:team:5d09f3012c419e96c75321094d349ab,PRIMATE,3,1.0
2022,PRO42,oe:team:0b6e76188d250e0d86e58ef1182a53a,PRO42,22,1.0
2022,PSG Talon,oe:team:4880b157399745e82e26e229d8bbf48,PSG Talon,92,1.0
2022,PSV Esports,oe:team:d80103bdd8d612247d7d44fc77d204a,PSV Esports,10,1.0
2022,Pampas,oe:team:c240ced85731a0f86a197a555989280,Pampas,58,1.0
2022,Partizan Esports,oe:team:e42ade212c09777da0f54bffe481f6d,Partizan Esports,17,1.0
2022,Pentagon Maze,oe:team:80273ded915e8e99319d5610cd03754,Pentagon Maze,12,1.0
2022,Pentanet.GG,oe:team:9b4a7228059e863c153b3e196ac85b2,Pentanet.GG,68,1.0
2022,Phlox Gaming,oe:team:c20f8549c29d0dd0bb92d7aa8028547,Phlox Gaming,27,1.0
2022,Pirate Dream,oe:team:e3586aa5fa693c32f782331619442a1,Pirate Dream,60,1.0
2022,Project11,oe:team:51815048971b363597530c6d350a27f,P11 Esports,7,1.0
2022,PÊEK Gaming,oe:team:db4e98d03fec12b08cb7a80b739c446,PÊEK Gaming,31,1.0
2022,QLASH Spain,oe:team:22e85b1589714de8f4aa211025bf1fb,QLASH Spain,36,1.0
2022,Qing Jiu E-sport Club,oe:team:ca3c8e270b623c1ed43ba1d912e23f4,Qing Jiu E-sport Club,64,1.0
2022,RAGE,oe:team:e4f1fdf037eeaaec0c32772eb6d4d94,RAGE,5,1.0
2022,RBG Esports,oe:team:cc8dc289276eb43fdc22851ed1b5ec9,RBG Esports,4,1.0
2022,RED Academy,oe:team:391e50581a00cea9f06b2d845b4de05,RED Academy,42,1.0
2022,RED Canids,oe:team:67169969ecc058b307edfa9c6b7a3c0,RED Canids,85,1.0
2022,Radiance,oe:team:955d9ba35580bdcc7bed3f11736b0f7,Radiance,19,1.0
2022,Rainbow7,oe:team:2cb996a4b0ffaca3bcf66fe91450243,Movistar R7,51,1.0
2022,Raleigh Black Flame,oe:team:aa15ab1242b04fe5178062d343902a9,Raleigh Black Flame,15,1.0
2022,Ramboot Club,oe:team:d17ce7a4192b52f8e1daf94c381c75f,Ramboot Club,26,1.0
2022,Ramo Awake Gaming,oe:team:ef68c2c368d0cd292339d94c268bd19,Ramo Awake Gaming,46,1.0
2022,Rare Atom,oe:team:8516ca63facc91286d6c00212ca945e,Rare Atom,88,1.0
2022,Rare Atom Period,oe:team:67140a291d66109643b99e9dff2cbc3,Rare Atom Period,72,1.0
2022,Rascal Jester,oe:team:16fbfa0b9d8a6aaa7ea303ac6d70669,Rascal Jester,63,1.0
2022,Rascal Jester Academy,oe:team:0efbfba0e842adbd975dbebaa4abacb,Rascal Jester Academy,7,1.0
2022,Rebirth eSports,oe:team:5c116dedda7feae2f6ffc093f844ac6,Rebirth eSports,42,1.0
2022,Red Eye Esports,oe:team:2a7fc0772538d018f713520c5e90ee0,Red Eye Esports,3,1.0
2022,Red Rooster Team,oe:team:4e8c9129c779623a9d7c00425e873f9,Red Rooster Team,34,1.0
2022,Rensga Academy,oe:team:7b914afab59e61931e6d546c93acd0f,Rensga Academy,36,1.0
2022,Rensga Esports,oe:team:92ede2510f2ad0234b1dd75f03108ae,Rensga eSports,36,1.0
2022,Resolve,oe:team:05d26e7d7c53744b903ae1f6f8a8c7e,Resolve,21,1.0
2022,Riddle Esports,oe:team:9eb531c72890b1ae7e50122f0884f37,Riddle Esports,47,1.0
2022,Rift Sloths,oe:team:6941c63e43125b02bacb47ff9707814,Rift Sloths,5,1.0
2022,River Plate Gaming,oe:team:0444a233369afe0d17d6b8bafc147a4,River Plate Gaming,51,1.0
2022,Rogue (European Team),oe:team:cd62e47544f14f1d239afa659b9d243,Rogue,81,1.0
2022,Royal Club,oe:team:5e97f293e9986969e0abb397228dd6f,Royal Club,79,1.0
2022,Royal Never Give Up,oe:team:73f3126d91d35faa5d5ce34abadb865,Royal Never Give Up,167,1.0
2022,Rulers Esports,oe:team:7b8716b2844c07fe1a6d7ce84919276,Rulers Esports,25,1.0
2022,SBTC Esports,oe:team:31df330ccc0f1b3b521959a24288ac4,SBTC Esports,107,1.0
2022,SEM9,oe:team:5e3055ed3b815352627fec92727dfe6,SEM9,36,1.0
2022,SINNERS Esports,oe:team:9a3327bd6c9a07e61350e24d97419fa,SINNERS Esports,40,1.0
2022,SK Gaming,oe:team:75760dca486d4682426196b76bd1a54,SK Gaming,36,1.0
2022,SK Gaming Prime,oe:team:aa8c3b781d96ddb7a24ab3240918988,SK Gaming Prime,66,1.0
2022,SOVEJA,oe:team:a0a78d5a95671aea7ba8c46f24cd33e,SOVEJA,14,1.0
2022,STOPWATCH eSports (Czech Team),oe:team:0cca6f834d9b13e58facbfe117a4fce,STOPWATCH eSports,4,1.0
2022,STXP,oe:team:af43fc33034ccf6681e473fe3544f96,STXP,3,1.0
2022,Saigon Buffalo,oe:team:8e27b674a472ab529e758f13f0bace0,Saigon Buffalo,146,1.0
2022,Samsung Morning Stars,oe:team:9efc9069228bc0817c7a9bac775daa7,Samsung Morning Stars,38,1.0
2022,Santiago Wanderers eSports,oe:team:71cc230a7d2155dd4958f3de7ad40bb,Santiago Wanderers eSports,38,1.0
2022,Saprissa Esports,oe:team:1f75fda1d2b3b7aea236e4fd8a5dd4c,Saprissa Esports,42,1.0
2022,Sector One,oe:team:22cc1ec02bc49515b9e4a5f6318149a,Sector One,34,1.0
2022,Sengoku Gaming,oe:team:984c3ce601b35d7617ad0bc8570946c,QT DIG∞,66,1.0
2022,Sengoku Gaming Academy,oe:team:e03a850dd5c4b5029e75de77a2afb98,Sengoku Gaming Academy,20,1.0
2022,Shadow Battlica,oe:team:78d4e0721edab44889b93d1a9faf9cb,Shadow Battlica,39,1.0
2022,Shadow EK,oe:team:34b127df58a2c8b9b072cea604c4932,Shadow EK,42,1.0
2022,Shadow fOu,oe:team:6829e554d78eac8d403444754b60621,Shadow fOu,28,1.0
2022,Shu Dai Xiong Gaming,oe:team:7f60009d2aa9ce24f05deec2010a33f,Shu Dai Xiong Gaming,77,1.0
2022,Six Karma,oe:team:3d3456d514814ba68c9532044bc50e2,Six Karma,59,1.0
2022,Skull Cracker,oe:team:43ced4959bb9855f62e450057a03496,Skull Cracker,38,1.0
2022,Solary,oe:team:90938c428db11f6e372f5c6833b9743,Solary,36,1.0
2022,Spectacled Bears,oe:team:9aa855d087642f20ad7e3a7ae5c8251,Spectacled Bears,39,1.0
2022,Spirituals,oe:team:c0a92e1f459a41706f1957f888cd182,Spirituals,28,1.0
2022,Split Raiders,oe:team:816fd66f05f2069179b4c7f6a32fcdb,Split Raiders,32,1.0
2022,Sprout (German Team),oe:team:22d1a6ffc0fa291465b2fa0ece24b75,Sprout,13,1.0
2022,Stone Movistar,oe:team:c4e1d023cf4809fe9847af6eca0d26b,Stone Movistar,50,1.0
2022,Stormbringers,oe:team:b469fd5f0912d223dd70c3bbb5ddcb9,Stormbringers,27,1.0
2022,Supay Gaming,oe:team:d3959141423413e4590414afc16b1f6,Supay Gaming,4,1.0
2022,Super Sunshine Fruit Basket Warriors,oe:team:f85f96a7979a43af6e1b26bd96df8a9,Super Sunshine Fruit Basket Warriors,10,1.0
2022,SuperMassive Blaze,oe:team:0f1c217161a1486fff3abf544df2986,SuperMassive Blaze,43,1.0
2022,SuperMassive Blaze Academy,oe:team:b4923557f98ba20d401bcaf6c01b4aa,SuperMassive Blaze Academy,46,1.0
2022,Supernova,oe:team:8776b7033f1bc10634e50d90f861c1d,Supernova,62,1.0
2022,T1,oe:team:ce499dea30cfce118f4fe85da0227e8,T1,158,1.0
2022,T1 Challengers,oe:team:731b7a9fd004cdbe2bcb3da795bce47,T1 Esports Academy,90,1.0
2022,T1 Rookies,oe:team:32cd49a197bd08d99b16fe354e1f758,T1 Esports Academy Rookies,67,1.0
2022,TDC Esports,oe:team:f44643241cfd17320bf6320016fd4dc,TDC Esports,5,1.0
2022,TEAM ORANGE,oe:team:291b1ecd389e1a53742e4e652a4c02f,TEAM ORANGE,52,1.0
2022,TOOOLS esports,oe:team:eec28291806422c00c2cbe3a75f7de2,TOOOLS esports,19,1.0
2022,TSM,oe:team:a22510a4756fa424cb0771b13261139,TSM,50,1.0
2022,TSM Academy,oe:team:b2840811ed80a85fcf6f023d4b73f8d,TSM Academy,90,1.0
2022,TT willhaben,oe:team:77fc49e1f3cf3ab3814b897f2b61cd6,TT willhaben,18,1.0
2022,TWELVE,oe:team:afa484dd1dde6e199432ed3535863d5,TWELVE,49,1.0
2022,Taco Gaming,oe:team:5e1b75330088d864dcd0c2cef261890,Taco Gaming,78,1.0
2022,Team 7AM,oe:team:fc3d0bdc84e08efc1b6623448e64c15,Team 7AM,40,1.0
2022,Team AURORA,oe:team:ce02eb63c33525b64c0734c872d64cd,Team AURORA,45,1.0
2022,Team AURORA Academy,oe:team:ec79d991a7dd0150a5f4b447c0ab1f4,Team AURORA Academy,36,1.0
2022,Team Ambition,oe:team:51eb4ab719043c7abdfca6fdddd1c5c,Team Ambition,38,1.0
2022,Team Ambition Blaze,oe:team:f58b735b924142c30448bec482ec523,Team Amibition Blaze,5,1.0
2022,Team Ambition Red,oe:team:593d4fdeb992980e2e3860717e33e66,Team Ambition Red,9,1.0
2022,Team Ambition Sussy,oe:team:25d1db96f2b7d3a30e4a12329939220,Team Ambition Sussy,5,1.0
2022,Team Aze,oe:team:0a9aa50beea19fcbc6b939fe6b94f08,Team Aze,63,1.0
2022,Team BDS,oe:team:7338408a0fe0217451d2c9a567db999,Team BDS,36,1.0
2022,Team BDS Academy,oe:team:9adc852fe2e027c5e4abd53ae8915ff,Team BDS Academy,85,1.0
2022,Team Cloud Drake (NASG Team),oe:team:f6fd2177acca4512dc0b8abbe67351a,Team Cloud Drake,16,1.0
2022,Team DeftFox,oe:team:41b7b299a5a6edd09082b7a7253ac6e,Team DeftFox,11,1.0
2022,Team ESCA Gaming,oe:team:1158ec5b08f516ca81868bc48293989,Team ESCA Gaming,57,1.0
2022,Team Echo Zulu,oe:team:ea6aaa4a7803a05fef1377dbedb3786,Team Echo Zulu,27,1.0
2022,Team Fish Taco,oe:team:01a3132448697cecc30364f52173670,Team Fish Taco,16,1.0
2022,Team Flash.Vietnam,oe:team:9bcc3882a74d7ec2b66f7067ba31bc3,Team Flash,80,1.0
2022,Team Fracture,oe:team:9d077b7dd546c066fbfc0a56d4dadcc,Team Fracture,5,1.0
2022,Team GO,oe:team:8d538207b9de9d20e1a525aae593515,Team GO,18,1.0
2022,Team Heretics,oe:team:1285e1c04d54de96502f12da4d49458,Team Heretics,63,1.0
2022,Team Infernal Drake (NASG Team),oe:team:858117e8241051433bcfacf5fdac547,Team Infernal Drake,15,1.0
2022,Team Liquid,oe:team:8eb884e168f28402ce685bedebb5250,Team Liquid,88,1.0
2022,Team Liquid Academy,oe:team:3406c21f701022dbe9d9bf397b41465,Team Liquid Academy,113,1.0
2022,Team MCES,oe:team:6e14f9bf67e6e4000df4d600ad43bfa,Team MCES,71,1.0
2022,Team Mountain Drake (NASG Team),oe:team:ea7f5b6d73556e1148c7bb8ae123d4d,Team Mountain Drake,16,1.0
2022,Team Ocean Drake (NASG Team),oe:team:9f837e0b7d5a822babf09cc081b7622,Team Ocean Drake,17,1.0
2022,Team Oplon,oe:team:a17419c119598748edfc4c00e060572,Team Oplon,48,1.0
2022,Team Pending,oe:team:2cdf83c2f75fed75c2c693ee85c81e2,Team Pending,31,1.0
2022,Team Phantasma,oe:team:75a4d34e4afac036d164b0f1a580486,Team Phantasma,80,1.0
2022,Team Pinnacle,oe:team:f5ae665c5b772f9c081b30593177b9d,Team Pinnacle,80,1.0
2022,Team Rapid,oe:team:bdda8f7333978ef80dd676e054a009c,Team Rapid,16,1.0
2022,Team Refuse,oe:team:d932b52fb3a9d5fad174728a969ee14,Team Refuse,55,1.0
2022,Team Sampi,oe:team:c9c57deef5fcd4cd734181f121c9ee8,Team Sampi,51,1.0
2022,Team Secret (Vietnamese Team),oe:team:ee140e8e9d6abd0bfd2b7bc94639d43,Team Secret,113,1.0
2022,Team Singularity,oe:team:b7f246aa375086484bc9e7469ab3b0c,Team Singularity,43,1.0
2022,Team Spirit,oe:team:600b76b49b52ddab1ef5f9f9ca4a657,Team Spirit,4,1.0
2022,Team Vitality,oe:team:e8d8ae992fe72acb7adc7bfcee31dbb,Team Vitality,45,1.0
2022,Team WE,oe:team:62c1cd9465dc63824593ee5046f5aa8,Team WE,83,1.0
2022,Team WE Academy,oe:team:85bf857a01b615a257739e34d9f0720,Team WE Academy,84,1.0
2022,Team Whales,oe:team:407a64574852482edb8c1560eab637c,Team Whales,37,1.0
2022,Team Zoose,oe:team:955313528df0835dd06b61b9eb2aa0f,Team Zoose,3,1.0
2022,TeamOrangeGaming,oe:team:e6423e34fc74500296fbaa43fac025d,TeamOrangeGaming,11,1.0
2022,Tempest Gaming,oe:team:b9af077d71abf84d8f8045523ff1b84,Tempest Gaming,26,1.0
2022,The Agency,oe:team:8c81de10bc9e8ffe93375f78b73aed8,The Agency,44,1.0
2022,The Kings,oe:team:4160bf895acdf688dc5312c2280fbc4,The Kings,71,1.0
2022,The Longest Yard,oe:team:b04ff1a6e33cd215305fb00a28193d1,The Longest Yard,4,1.0
2022,Third Party,oe:team:b331793792760275d31d140e4e2cdeb,Third Party,32,1.0
2022,ThunderTalk Gaming,oe:team:df80f468a3f9a722df056fe9104f052,ThunderTalk Gaming,85,1.0
2022,ThunderTalk Gaming Young,oe:team:fd27f7adaecaeac4f8736159d57c0ce,ThunderTalk Gaming Young,78,1.0
2022,Tomorrow Esports,oe:team:65f7d8b9f9b44f3476f64abf64c3c19,Tomorrow Esports,49,1.0
2022,Tony Parker Adéquat Academy,oe:team:012fbc89aa8feec1ac4a7cbec64cf5e,Tony Parker Adéquat Academy,53,1.0
2022,Top Esports,oe:team:fcec508e780bbd1ad493852640f5b36,Top Esports,141,1.0
2022,Top Esports Challenger,oe:team:eaeaad6cbcd022d2b872d4776aae2e6,Top Esports Challenger,73,1.0
2022,Trance's Tyrants,oe:team:a44bd8ff05b5aa133256f183698f5cc,Trance's Tyrants,9,1.0
2022,UCAM Esports Club Academy,oe:team:f36bb11834ba1d730a49d7b3a2c2db5,UCAM Esports Academy,6,1.0
2022,UCAM Tokiers,oe:team:746e6715fc4295c54954be5efc385af,UCAM Esports,44,1.0
2022,UCAM Tokiers Academy,oe:team:f36bb11834ba1d730a49d7b3a2c2db5,UCAM Esports Academy,17,1.0
2022,Ultra Prime,oe:team:8d09428f093dfbf3c488bce350af0b1,Ultra Prime,85,1.0
2022,Ultra Prime Academy,oe:team:3d4a6fe0ca7bda9057ee1172eb5761c,Ultra Prime Academy,97,1.0
2022,Umbra Collective,oe:team:685fb3a358db5c0fa5090a445feca36,Umbra Collective,9,1.0
2022,Umbra Divinus Gaming,oe:team:0ecfc77c8f5a9c17c1cea3296163dca,Umbra Divinus Gaming,14,1.0
2022,Undead Gaming,oe:team:22e3ecae7af241c9c5be021c855885e,Undead Gaming,49,1.0
2022,UniQ Esports Club,oe:team:8d91a7a5e315ed163e09c72ad22b0dc,UniQ Esports Club,10,1.0
2022,Unicorns of Love Sexy Edition,oe:team:6a060bd74c9041bf0aa89adf9d15d12,Unicorns of Love Sexy Edition,98,1.0
2022,Unicorns of Love.CIS,oe:team:e84133caa1e561518201cc7d33f14ed,Unicorns of Love.CIS,9,1.0
2022,University of California Irvine,oe:team:d1a3c25be4cdcdb9d51353653b0ea70,"University of California, Irvine",50,1.0
2022,University of California Irvine B,oe:team:d1a3c25be4cdcdb9d51353653b0ea70,"University of California, Irvine",25,1.0
2022,University of California San Diego,oe:team:3b43717f41be607aa14afe1bd1c6ec4,"University of California, San Diego",11,1.0
2022,University of Michigan,oe:team:cc40378bfc9614a14500fbd6db90869,University of Michigan,23,1.0
2022,University of North America,oe:team:5640443378d4820c8b19ffb39afd60a,University of North America,11,1.0
2022,University of St. Thomas,oe:team:c541d877d968f5bd0053efc0f43563d,University of St. Thomas,15,1.0
2022,University of Texas at Dallas,oe:team:5774d59075b9be61779abedd5c227c7,University of Texas at Dallas,9,1.0
2022,University of Toronto,oe:team:e7bb15e9b5c8dbb32b34d8dc5b08d99,University of Toronto,18,1.0
2022,University of Toronto Scarborough,oe:team:678f5605ae9ccd6ada221305d37f7f8,University of Toronto Scarborough,10,1.0
2022,V3 Esports,oe:team:af4b23d4634c4e6ecb5659fb1e689e9,V3 Esports,42,1.0
2022,V3 Esports Academy,oe:team:c8d302e68ffd3e684186a0db372b7b6,V3 Esports Academy,13,1.0
2022,V5 87,oe:team:518298125ac66f7525bb09ec1b5eb9a,V5 87,92,1.0
2022,Valiance,oe:team:7550baf6848b4c199dda63607978183,Valiance,62,1.0
2022,Valiants,oe:team:51e312fb2c4611c0466764797df079f,Oxygen Valiants,34,1.0
2022,Vandals Esports,oe:team:b62ca0a6c7279dc53fb2afa1946d284,Vandals Esports,28,1.0
2022,Vanir,oe:team:ed2763d0f6ca9c05c17d888f3dc956e,Vanir,53,1.0
2022,Varona Esports,oe:team:108d8dd5293715c077fd7e33643028c,Varona Esports,11,1.0
2022,Vega Squadron,oe:team:95fa2bbc5eb242e7c3243c3467e32f3,Vega Squadron,4,1.0
2022,Verity Esports,oe:team:462603c08f676fac8ba56c3dd77086f,Verity Esports,5,1.0
2022,ViV Esport,oe:team:2d9e95ecefb34c32ff1a997ebe372f9,ViV Esport,6,1.0
2022,Victory Five,oe:team:b5454c08654c7f6175d1d887f80c769,Victory Five,103,1.0
2022,Viperio,oe:team:fb9002f42f80682c50c85f05ec4dc8d,Viperio,9,1.0
2022,Vipers,oe:team:dcf87563dff3f23d3985a5bac289345,Vipers,3,1.0
2022,Vitality.Bee,oe:team:ccd089bf173a5fff1063eb0576201a7,Vitality.Bee,95,1.0
2022,WAP Esports,oe:team:65140c73015d004b0456fb43ba373a4,WAP Esports,47,1.0
2022,WAVE Esports,oe:team:a47e0c589cb9648875be30e30173f4a,WAVE Esports,48,1.0
2022,WLGaming Esports,oe:team:b19ab22267512e77945cd498106dcf1,WLGaming Esports,79,1.0
2022,Wahaha Gaming,oe:team:d5d81960196c1bcae308a2ab10bf756,Wahaha Gaming,4,1.0
2022,Waia Snikt,oe:team:4aaf7ff9e32dc4fee354958c19ba481,Waia Snikt,40,1.0
2022,WanZhen Esports Club,oe:team:f11c9eace9c9f61931b6e0269d80102,WanZhen Esports Club,4,1.0
2022,Weibo Gaming,oe:team:606c6ac695907af3823ee6405c58ff1,Weibo Gaming,97,1.0
2022,Weibo Gaming Youth Team,oe:team:557e2d6abd8a8896014e4351756c305,Weibo Gaming Youth Team,91,1.0
2022,White Dragons,oe:team:6468029fb605bd6fdf1cf866e890739,White Dragons,69,1.0
2022,Wild Panthers Esports,oe:team:aba8187a8c4790f554138cda083003b,Wild Panthers Esports,5,1.0
2022,Wild West Bandits,oe:team:79da6e4c61cc7c2baaa793f76839831,Wild West Bandits,25,1.0
2022,Wildcard Aces,oe:team:84f2d760b83c76fadf318ae1e8992a7,Wildcard Aces,21,1.0
2022,Wildcard Gaming,oe:team:9034597e77937456f89960ad1b8615e,Wildcard Gaming,21,1.0
2022,Wildcard Gaming Developmental,oe:team:6795b2eb09949cd70e100ccd9f3f4a8,Wildcard Gaming Developmental,10,1.0
2022,Winston King of Amateur,oe:team:03a6df9b82af1a8fbb6e86aae9524ee,Winston King of Amateur,3,1.0
2022,Winthrop University,oe:team:333ba9fefa87eda14bd32c5420d7002,Winthrop University,51,1.0
2022,Winthrop University B,oe:team:333ba9fefa87eda14bd32c5420d7002,Winthrop University,3,1.0
2022,Wolf Club Esports,oe:team:b8221bf34848e0692862ac0bbb5769b,Wolf Club Esports,36,1.0
2022,Wulf Pack,oe:team:c3c53a2526d32e8ccd259465e37f1a0,Wulf Pack Esports,27,0.9629629629629629
2022,X7 Esports,oe:team:a8c6d9059474d8fa4c57a093e9e43ac,X7 Esports,99,1.0
2022,XTEN Esports,oe:team:e2032cdda6a487d10b7be0435e4fb31,XTEN Esports,36,1.0
2022,XtremeDominators,oe:team:466e22ca9bc6b20cbf4edfc9a674ba2,XtremeDominators,10,1.0
2022,York University,oe:team:7d3f1f5d2a382251cc3b30d01233958,York University,13,1.0
2022,Young Miracles,oe:team:1486bbe432b1153d9a83ff6e75d6c90,Young Miracles,74,1.0
2022,ZERØZONE,oe:team:6ac25692553cc34c6f3fd717b12fe61,seQura ZEST,13,1.0
2022,Zenigma Eclipse,oe:team:126d75f320051aed7d29f443a90f7a2,Zenigma Eclipse,14,1.0
2022,Zenigma Lunar,oe:team:7f7395d536372f0927503c2c40d1c9f,Zenigma Lunar,6,1.0
2022,Zenigma Solar,oe:team:097dbc6e895dcb0a501ce84f8743d1a,Zenigma Solar,18,1.0
2022,ZennIT,oe:team:79fc65ce199f2e4fe97e277bdef6695,ZennIT,13,1.0
2022,Zero Tenacity,oe:team:125fc4d6b0dc1b21596f4f06a207d62,Zero Tenacity,67,1.0
2022,Zerolag Esports,oe:team:6a68fff9fc521e2fbcab2fc19978d24,Zerolag Esports,46,1.0
2022,Zeu5 Bogota,oe:team:c07f6511ffe83e745fd290a3dbe9a98,Zeu5 Bogota,48,1.0
2022,Zodiac Esports,oe:team:a4ca69c7236ad2293831575c2595227,Zodiac Esports,5,1.0
2022,Zylant Esports,oe:team:479dc9903b6f233af09b0227170a0cc,Zylant Esports,61,1.0
2022,aNc Outplayed,oe:team:cd6b4265231d4ba346274357681c335,aNc Outplayed,50,1.0
2022,beGenius ESC,oe:team:607baf04091e515e195644cb08ec21c,beGenius ESC,46,1.0
2022,devils.one,oe:team:92e22c0b203c93b7d25c3a07b68575c,devils.one inStreamly,48,1.0
2022,eKoVy,oe:team:dfce81ccb0f912228489d95e7600adf,eKoVy,14,1.0
2022,eSuba,oe:team:3faefd9245a4ef6ba347fbcf2a51515,eSuba,71,1.0
2022,eSuba Academy,oe:team:c5819326ccf3b14446406bd7ac066c3,KIA.eSuba Academy,40,1.0
2022,mCon LG UltraGear,oe:team:ee662fa8580ced6fb87aa4ca5b1fe7b,mCon esports,71,1.0
2022,mousesports,oe:team:7c4854374e4daa6b00206eb922359a9,MOUZ NXT,3,1.0
2022,paiN Gaming,oe:team:61450737f7b683db4da7b3e0bf0dced,paiN Gaming,61,1.0
2022,paiN Gaming Academy,oe:team:3cb9dbe9618f5c61765f4ff189e79a9,paiN Gaming Academy,55,1.0
2022,piratesports,oe:team:c4360b2f59028db18a7d5b19ec74bcb,piratesports,8,1.0
2023,100 Thieves,oe:team:4bd1751425ef6a9bc9d4d8e9385b4a6,100 Thieves,56,1.0
2023,100 Thieves Challengers,oe:team:590c61a318de97dde90d97fed3d81da,100 Thieves Challengers,40,1.0
2023,19esports,oe:team:3eb6b5da983552dd32f84d7f0e99717,19esports,27,1.0
2023,3BL Esports,oe:team:bfd5446b1eba9098e03dfaa63a1c391,3BL Esports,47,1.0
2023,42 Gaming,oe:team:da5f2e46989c6a8ce510b0cc1f84828,42 Gaming,5,1.0
2023,5 Ronin,oe:team:6a87540e0a690bc1aa918c3c31b21e7,5 Ronin,14,1.0
2023,A One Man Army,oe:team:8e2b0d0cd75672565eb80d7e5beaa92,A One Man Army,18,1.0
2023,AGO ROGUE,oe:team:5a5f8cc0161f43afe3461b293535517,AGO ROGUE,12,1.0
2023,AOE Gold,oe:team:e9830aab7a1713887db405511b17c82,AOE Gold,84,1.0
2023,AXIZ,oe:team:800133e1f0fb01e3326d93eee58f0f4,AXIZ,65,1.0
2023,AXIZ Academy,oe:team:3b1c9e07a26cdc1ed8b830314e19cfd,AXIZ Academy,21,1.0
2023,AaB Esport,oe:team:1b9ffe897d79c81c5deeca9e3c78f69,AaB Esport,3,1.0
2023,Aegis (French Team),oe:team:e3a29387c70230d76837b86c2aefd14,Aegis,71,1.0
2023,Aethernum eSports,oe:team:670864fcb76e8cbb5123ee8de639b08,Aethernum eSports,16,1.0
2023,Aguilas Doradas,oe:team:45aa17d9e673616344575f3295302d4,Aguilas Doradas,21,1.0
2023,Akroma,oe:team:e05fc2a9f99e906ea564a672d75f839,Akroma,50,1.0
2023,AliorBank Team,oe:team:ccf3ac6ecc7f9a46f87a052deebe32e,AliorBank Team,78,1.0
2023,All Knights,oe:team:ac644a006bcf1a44682d666df19864c,All Knights,34,1.0
2023,All for One Gaming,oe:team:30fa9a41992f6d79206892a5af03a43,All for One Gaming,3,1.0
2023,Alternative Gaming,oe:team:59a8444df1eea7efd120e292be07453,Alternative Gaming,3,1.0
2023,Angry Bats,oe:team:134d1af7b5cafdd70f8f1ecdb2306c7,Angry Bats,4,1.0
2023,Ankora Gaming,oe:team:df045d28ec9b0b40ea9eb6ab50693ac,Ankora Gaming,28,1.0
2023,Anorthosis Famagusta Esports,oe:team:5f1bc4a914b49c7b7ff4c2f1b8d8df9,Anorthosis Famagusta Esports,107,1.0
2023,Antares Esports,oe:team:920c52a8d7dbd6f216f9e59b825abc8,Antares Esports,19,1.0
2023,Anubis Gaming,oe:team:f2094ae60f9b1f3b6a17ad88ad75fc1,Anubis Gaming,53,1.0
2023,Anyone's Legend,oe:team:ed28f87f0cfdba0a2a8f183cebae73a,Anyone's Legend,85,1.0
2023,Anyone's Legend.Young,oe:team:4278e8a32eefe381f75ac6d09218de3,Anyone's Legend.Young,85,1.0
2023,Apex Mission Impossible,oe:team:fa12fb801e77d60b9fde291b93c5d3f,Apex Mission Impossible,19,1.0
2023,Aporia,oe:team:6c9ef0b5da5c5697051a9ce0eec23b6,Aporia,8,1.0
2023,Area of Effect Pump,oe:team:9fc25674200c10afd54d7ebb1a62a79,Area of Effect Pump,8,1.0
2023,Astralis,oe:team:128d0cec08b877912eb91f94a1f3295,Astralis,42,1.0
2023,Astralis Talent,oe:team:c94195cef56d1eabb7e0304efad4c47,Astralis Talent,17,1.0
2023,Atheris Esports,oe:team:0e99b04d101a93f6de17a4bf5de8b70,Atheris Esports,20,1.0
2023,Atleta Esport,oe:team:2857b1b013cbea649c5c610a18efa44,Atleta Esport,28,1.0
2023,Atletec,oe:team:e0ec1fed6e0949a0aef5f506ccb76ce,Atletec,64,1.0
2023,Austrian Force eSports,oe:team:a1934e3feca7db728021f9c61a6bc27,Austrian Force willhaben,3,1.0
2023,Austrian Force willhaben,oe:team:a1934e3feca7db728021f9c61a6bc27,Austrian Force willhaben,10,1.0
2023,Away from Normal,oe:team:27b676a1e4c8cf0fa2eb95072cf19a6,Away from Normal,7,1.0
2023,Axolotl,oe:team:e7121adad88546bce0ff2cc41c2d343,Axolotl,36,1.0
2023,BISONS ECLUB,oe:team:b346309564f4fc7f30ac14403e93010,BISONS ECLUB,58,1.0
2023,BK ROG Esports,oe:team:c40f6d0d20a7a718c60342e48c144a2,BK ROG Esports,77,1.0
2023,BOOBA,oe:team:8302c2d2d001eeeb1a8496f581e99ed,BOOBA,7,1.0
2023,BRION,oe:team:b77b3f6068e20a2b3edc0ecd3dc70d4,HANJIN BRION,37,1.0
2023,BRION Academy,oe:team:cea8093762c0842e5bb4a1c2a4f7d66,HANJIN BRION Academy,37,1.0
2023,BRION Challengers,oe:team:fa3d687a87bcae80362f784a7da571d,HANJIN BRION Challengers,40,1.0
2023,BRUTE,oe:team:ddb6aa775eebeffd5cc41ba5c35c6a1,BRUTE,44,1.0
2023,BWE Esports,oe:team:82e3504486eabe3575dc4b5ff507451,BWE Esports,40,1.0
2023,Baby Whales,oe:team:6aa90245ef05420f45275eaf822049a,Baby Whales,6,1.0
2023,Back2TheGame Outlaws,oe:team:544b70d08c7df83ccb74d08a677b902,Back2TheGame,8,1.0
2023,Bandits Gaming,oe:team:150ed90e9ca3262dbe6f3253b42ebb7,Bandits Gaming,39,1.0
2023,Barcelona BG,oe:team:6827c3eeac39f6467fa2163753a508c,Barcelona BG,16,1.0
2023,Barça eSports,oe:team:2d1b8a518ba70fe8352fb0fdd8aec1a,Barça eSports,58,1.0
2023,Bastu Five,oe:team:aa780995928f3f687c5fa7edcf3490e,Bastu Five,4,1.0
2023,Beetle Juice,oe:team:2bd27341f37c47ed3fc176f2ddb9725,Beetle Juice,13,1.0
2023,Benelux United,oe:team:7028068cb1c8be18ba79b4d656123bf,Benelux United,14,1.0
2023,Berlin International Gaming,oe:team:3de935df8f40fbb4d0e564d4a20e6cb,Berlin International Gaming,70,1.0
2023,Beyond Gaming,oe:team:89008bdacc273b554227d6b76869381,Beyond Gaming,62,1.0
2023,Beşiktaş Esports,oe:team:4f19751f9f051533995772897da2d77,Beşiktaş Esports,37,1.0
2023,Bifrost,oe:team:f081b761c52c8815264545f31442cf6,Bifrost,10,1.0
2023,Bilibili Gaming,oe:team:d356a144644879dabb5f34cd99c886d,Bilibili Gaming,168,1.0
2023,Bilibili Gaming Junior,oe:team:4dfc9a0f1a6e1f2fcd8169ad3cdc5da,Bilibili Gaming Junior,86,1.0
2023,Bilibili Live,oe:team:752142f82bfee344e60754832e2d4d4,Bilibili Live,3,1.0
2023,Bis Esports,oe:team:588c0f09975443cbfbbe71a9ac1d75c,Bis Esports,57,1.0
2023,Black Lion,oe:team:c2b781ca4585097d9119d3d2f6612be,Black Lion,3,1.0
2023,Blade Edge,oe:team:6934a11328a9bc03556896290420b49,Blade Edge,3,1.0
2023,Blue Otter,oe:team:009345cfebfe411229f8fad11210219,Blue Otter,3,1.0
2023,Boavista FC,oe:team:07837648624136cfa442f4d3bf29de0,Boavista FC,38,1.0
2023,Boca Juniors Gaming,oe:team:60e5f1fdc57df40ba2ca71ecf3c3b52,Boca Juniors Gaming,13,1.0
2023,Burning Core,oe:team:73c73a123b43e071470729f74ef2022,Burning Core Toyama,60,1.0
2023,Burning Core Academy,oe:team:26de0e706bbdee6670640bb499d80a9,Burning Core Toyama Academy,21,1.0
2023,CB Gaming,oe:team:4161958403ac6cd3d1c4c132cda8c79,CB Gaming,24,1.0
2023,CCG Esports,oe:team:048e91c09583c84485494a087471c3f,CCG Esports,27,1.0
2023,CERBERUS Esports (Vietnamese Team),oe:team:05825167aedac3dc1e6f72133f52604,CERBERUS Esports,84,1.0
2023,CLG Challengers,oe:team:558b79ef1b362e8584a27b6e95bc0fc,CLG Challengers,38,1.0
2023,CLG Faith,oe:team:272ff09ae291fdf2d216c02a428e1e1,CLG Faith,35,1.0
2023,CTBC Flying Oyster,oe:team:0916b3c324c8577b0c6344f3e067f62,CTBC Flying Oyster,89,1.0
2023,CTBC Flying Oyster Academy,oe:team:2d2d70decb08dfb9bd23327e33e4198,CTBC Flying Oyster Academy,20,1.0
2023,Case Esports,oe:team:a7d0fbf8d498d1ecf38752df7f6259d,Case Esports,16,1.0
2023,Chasing Haze 07,oe:team:7212e3764623f9aaa8b18e3f3f0891d,Chasing Haze 07,12,1.0
2023,Chiefs Esports Club,oe:team:692bccdba8ec7050f5aeb916815439e,Chiefs Esports Club,69,1.0
2023,Chienhsin Bear,oe:team:435f9b3d0b3ae3b58516d7bd843a988,Chienhsin Bear (健行熊),3,1.0
2023,Chilli Esport,oe:team:8ac27a5e5352fc23d134a1c6606ee62,Chilli Esport,28,1.0
2023,Cidade Curiosa Esports,oe:team:0598edad868785a36f966f60d2aae01,Cidade Curiosa Esports,4,1.0
2023,Cincinnati Fear,oe:team:969667ee6e31f83d6da935558895498,Cincinnati Fear,97,1.0
2023,Cloud9,oe:team:fc8e90107dabb9a35c490b0d86adea0,Cloud9,80,1.0
2023,Cloud9 Challengers,oe:team:0a3b94b6b532be6a4fb62b5cc4f8a5f,Cloud9 Challengers,48,1.0
2023,Colors Esport,oe:team:6549d1a5cc99d18e80b5c65ed0f81c8,Colors Esport,8,1.0
2023,Connecting Esports,oe:team:8b1ecabb6bba3b37566ed7b51e1f9af,Connecting Esports,5,1.0
2023,Conviction,oe:team:ed026f019f5d0091c44014578ed7a8f,Conviction,15,1.0
2023,Counter Logic Gaming,oe:team:cbfaf0ca2181f0903d2fcceb6c28f3b,Counter Logic Gaming,26,1.0
2023,Cremas Esports,oe:team:ca619ab78f35d18f498c11f812542e0,Cremas Esports,14,1.0
2023,Crest Gaming Act,oe:team:6d17eb4ba840f83bf65c9a19c656a53,Crest Gaming Act,54,1.0
2023,Crest Gaming Act Academy,oe:team:d83c59bf7d6cbaba72f9d6684114336,Crest Gaming Act Academy,23,1.0
2023,Cruzados Esports,oe:team:cb951a65f688a6e2bdf1d8d4a91da4d,Cruzados Esports,12,1.0
2023,Crvena zvezda Esports,oe:team:f4b807048502e27f01499f06b235a9a,Crvena zvezda Esports,32,1.0
2023,Cryptova,oe:team:7f0dbe2d7087bdad6566b0c0b81ad7c,Cryptova,38,1.0
2023,Cyber Wolves,oe:team:fb1fd138f4e0b99eacbe4da8395e94d,Cyber Wolves,73,1.0
2023,Cyberground Gaming,oe:team:7894460f171d66e8ffc149c05b056a8,Cyberground Gaming,38,1.0
2023,Córdoba Patrimonio eSports,oe:team:3a82a0efc78faf326cdc53735dbaebb,Córdoba Patrimonio eSports,20,1.0
2023,DIVIZON,oe:team:8e8f04c4040a90e878b7bc4bc84a9ca,DIVIZON,3,1.0
2023,DKB Diamonds,oe:team:e11d88a3cdcd9d6fbb73a26b0f8a300,DKB XPERION NXT,8,1.0
2023,DREN Esports,oe:team:ee569c9f5e85fba8fcf57d51b1b78ed,DREN Esports,42,1.0
2023,DRX,oe:team:1d0389df0c5eea93b04122ba167c010,Kiwoom DRX,110,1.0
2023,DRX Academy,oe:team:d6bba391a1129002440759541df27e0,DRX Academy,64,1.0
2023,DRX Challengers,oe:team:d2e8948728f7e4aeb9ee27e753315bc,Kiwoom DRX Challengers,134,1.0
2023,DSYRE,oe:team:3e3ca0895ded506fd637e723d6ae2a1,DSYRE,69,1.0
2023,DWG KIA,oe:team:ef69efa6acebe94107f0cf1ba716806,Dplus Kia,11,1.0
2023,DWG KIA Youth,oe:team:503cf7645c53c8f084b5cbdec6744a7,Dplus Kia Academy,38,1.0
2023,Dango,oe:team:53a68cab878347b3d5bc556c8643b50,Dango,4,1.0
2023,Dark Passage,oe:team:a42600a99997fca0d35f2821662b997,Dark Passage,38,1.0
2023,Deep Cross Gaming,oe:team:7e56e9367c023df96cc8257ff4e16c0,Deep Cross Gaming,56,1.0
2023,Deep Cross Gaming Academy,oe:team:60b05f35ec3d0e7ef1d475e9fb5cdbe,Deep Cross Gaming Academy,16,1.0
2023,Descuydado Aucas Esports,oe:team:66183b5685c9e0a01698642ff9bd420,Descuydado Aucas Esports,28,1.0
2023,Descuydado Esports,oe:team:66183b5685c9e0a01698642ff9bd420,Descuydado Aucas Esports,24,1.0
2023,DetonatioN FocusMe,oe:team:e435aa3ecb82a89e60544f5f5857a81,DetonatioN FocusMe,73,1.0
2023,DetonatioN FocusMe Academy,oe:team:845f7165c7cdaad9d2a2d764375d0df,DetonatioN FocusMe Academy,20,1.0
2023,Dewish Team,oe:team:f7c0f545d3fc1860239d04b3ebe97f8,Dewish Team,42,1.0
2023,Dewish Tnu Team,oe:team:7ddbc4d4273d3c7fda060bf1d4fb144,Dewish Tnu Team,11,1.0
2023,Diamant Esports,oe:team:830f05a5024d0794bd8d5b598b2432b,Diamant Esports,86,1.0
2023,Diamond Doves,oe:team:e40cdcb20302c0240d2084c909668aa,Diamond Doves,15,1.0
2023,Dignitas,oe:team:0dbb780176ecad18f17292d1f5653af,Dignitas,45,1.0
2023,Dignitas Challengers,oe:team:eeccd8e382587a7bb88ee904876cc45,Dignitas Challengers,45,1.0
2023,Dire Wolves,oe:team:cd6e0eea04af23b9c0735dab41a9941,Dire Wolves,40,1.0
2023,Disguised,oe:team:289284911fb6f41c0ccaecc3a0c2891,Disguised,50,1.0
2023,Domino esports,oe:team:147e28c0910250269fbc430f9f42010,DMG Esports,35,1.0
2023,Dplus KIA Challengers,oe:team:64f78960f955a6b659025e38b4f0a18,Dplus Kia Challengers,133,1.0
2023,Dplus KIA Youth,oe:team:503cf7645c53c8f084b5cbdec6744a7,Dplus Kia Academy,36,1.0
2023,Dplus Kia,oe:team:ef69efa6acebe94107f0cf1ba716806,Dplus Kia,97,1.0
2023,Dplus Kia Challengers,oe:team:64f78960f955a6b659025e38b4f0a18,Dplus Kia Challengers,4,1.0
2023,Dream Makers,oe:team:f33930460c641ba8c7ffe11342c08ef,Dream Makers,7,1.0
2023,Dusty,oe:team:7bb33d6141f427f4f19b019f5eb7905,Dusty,15,1.0
2023,Dynamo Eclot,oe:team:e3f89acb10ecd65327fa954ff2ec047,Dynamo Eclot,41,1.0
2023,Dynasty,oe:team:5c1d767e4c02111f0def3b6691b4851,Dynasty,13,1.0
2023,E WIE EINFACH E-SPORTS,oe:team:26ff1a9f7fb8e976fbdcc5d2a8ac397,E WIE EINFACH E-SPORTS,39,1.0
2023,EBRO,oe:team:32c61c5bf86fc0dad1a88712e34f3fc,EBRO,31,1.0
2023,ECORP,oe:team:8120bc8b433f77dac74abd20771f8a1,ECORP,64,1.0
2023,EDward Gaming,oe:team:056c3140a119e44a03d462e2c832f27,EDward Gaming,132,1.0
2023,EDward Gaming Youth Team,oe:team:6a04b6d8daa2cb0c623e81db686de40,EDG Youth Team,73,1.0
2023,EGN Esports,oe:team:8d48390319b4f7c25c13dd410b3a0bf,EGN Esports,43,1.0
2023,ENEMI3S,oe:team:4e32226d1afb63dde4a39d02cb1cd0f,ENEMI3S,31,1.0
2023,EPIC-DUDES,oe:team:cc901dfa35cb4e6d7c5684d57361771,EPIC-DUDES,5,1.0
2023,EQX,oe:team:7f470540da8b0e7f3731c8273f8489e,EQX,3,1.0
2023,ERKO Esports,oe:team:bbd25c9b9a5044937d8800dfeb8922e,ERKO Esports,30,1.0
2023,ERN ROAR,oe:team:573f080fbc713a0b7ab0768e157e84b,RNL ROAR,8,1.0
2023,EXILE esports,oe:team:dba2e551039e079ceae513ba7386109,EXILE esports,28,1.0
2023,Eclipse Gaming (Latin American Team),oe:team:df307a715ef3aff2837cf96bfa86685,Eclipse Gaming,47,1.0
2023,Eintracht Frankfurt,oe:team:48199c3e87ac9d14cdf50169f8eaabc,Eintracht Frankfurt,41,1.0
2023,Eintracht Spandau,oe:team:980ab072663574c2e4fca71f275d302,Eintracht Spandau,53,1.0
2023,Entropiq,oe:team:06554c70cfe8a6be14b004b3c18abe6,Entropiq,80,1.0
2023,Espergærde eSport,oe:team:5e978e15b58c660c4f0db572e388fe3,Espergærde eSport,3,1.0
2023,Esport STUBA,oe:team:17fa6b1358f7feeb5a68bbf5cd3d0d6,Esport STUBA,23,1.0
2023,Estral Esports,oe:team:1c81857b6ce6a3c1cd9220fd97e077f,Estral Esports,58,1.0
2023,Eternal Fire,oe:team:33ef9e523e6474ddd4833d4ad1bc8d7,Eternal Fire,22,1.0
2023,Evil Geniuses Challengers,oe:team:dc38e3639d434f131875cd48a01debc,Evil Geniuses Challengers,89,1.0
2023,Evil Geniuses.NA,oe:team:f7f7324c151aa6ed770b244ce08e027,Evil Geniuses,59,1.0
2023,Excel Esports,oe:team:8f995652631df209ff11c4542abdcaf,Excel Esports,52,1.0
2023,FC Schalke 04 Esports,oe:team:1d0f5e58f39613aff1a3dd4ed85933e,FC Schalke 04 Esports,52,1.0
2023,FENNEL,oe:team:d418f5db39c1766ac692224837b3c24,FENNEL,74,1.0
2023,FENNEL Academy,oe:team:d7f0eddf6b5b5f8d94d79ac85f44974,FENNEL Academy,20,1.0
2023,FLY FAM,oe:team:426e3c3c1048f348d88cac6d146d370,FLY FAM,38,1.0
2023,FLY5,oe:team:14954f645b2dba17a0d9a4b3466a75b,FLY5,14,1.0
2023,FURIA,oe:team:87e3e1e75839f75a10bbc66e894d806,FURIA,47,1.0
2023,FURIA Academy,oe:team:0ced2ec7ba6127cccf42c5da4bcf9c0,FURIA Youth,45,1.0
2023,FUT Esports,oe:team:8df5e2c8825f60f136b2cbed5633a81,FUT Esports,63,1.0
2023,Falcons (Spanish Team),oe:team:d31f40e636f946b6081f341864eb157,Falcons,5,1.0
2023,Fluxo,oe:team:ca3882dbcefa68eac0892e3218080db,Fluxo,44,1.0
2023,Fluxo Academy,oe:team:5ecdc5d869196e2d21f1491520820e1,Fluxo Academy,41,1.0
2023,FlyQuest,oe:team:2e66da41dc460dd378e3bcc57042d31,FlyQuest,48,1.0
2023,FlyQuest Challengers,oe:team:b2ff895cdc5bf3ed50f501883eb4201,FlyQuest NZXT,92,1.0
2023,Fnatic,oe:team:78f183fa5a7d8ecb22b9ad272c3abd7,Fnatic,79,1.0
2023,Fnatic TQ,oe:team:8a7675b5d0c1386df989adf7428201b,Fnatic TQ,52,1.0
2023,For The Win Esports,oe:team:ecaf2adae2ff7f9511c9f662f18ffe7,For The Win Esports,56,1.0
2023,Forsaken (Polish Team),oe:team:9e12a15ab90a0a26c7e4e5308d3924c,Forsaken,9,1.0
2023,Fourth Wall,oe:team:ad74f35a586017e4be6c3d75d4d7fe9,Fourth Wall,14,1.0
2023,Fox Gaming,oe:team:04b0bb961538735de30f92ad6e7cc60,Fox Gaming,28,1.0
2023,Frank Esports,oe:team:957a0b20bb6ce6491d39eb82e5fcb17,Frank Esports,70,1.0
2023,Fredit BRION Academy,oe:team:cea8093762c0842e5bb4a1c2a4f7d66,HANJIN BRION Academy,27,1.0
2023,Froggy Five,oe:team:62b557ec916b66917adecc752676887,Froggy Five,8,1.0
2023,Fuego,oe:team:0f0f407ca567fc73cc83d541ef45731,Fuego,55,1.0
2023,Fukuoka SoftBank HAWKS gaming,oe:team:d8ca3fc1f0827ec76369af7b70d43e3,Fukuoka SoftBank HAWKS gaming,75,1.0
2023,Fukuoka SoftBank HAWKS gaming Academy,oe:team:1db6b0bedabd9183def8928e75633c6,Fukuoka Softbank HAWKS gaming Academy,33,1.0
2023,Fullclear Esports,oe:team:290627d9d3b48188e614d4433d66630,Fullclear Esports,7,1.0
2023,FunPlus Phoenix,oe:team:33d17f3717f58e12a3da80b377221fb,FunPlus Phoenix,78,1.0
2023,FunPlus Phoenix Blaze,oe:team:68d9c4b067b3b6d5f3d5e4b1adc9f6e,FunPlus Phoenix Blaze,116,1.0
2023,Furious Gaming,oe:team:6414602bd3443e9f8c3aae5c73bbc5a,Furious Gaming,44,1.0
2023,G2 Esports,oe:team:7d6673d3a9d00363c6bebc1a630da6e,G2 Esports,104,1.0
2023,GAM Esports,oe:team:9cae7677cd0dbcc1cd86653870b73c2,GAM Esports,118,1.0
2023,GGEsports,oe:team:23dda07cf3e2a786d6b300cc78a1cf6,GGEsports,14,1.0
2023,GLORE,oe:team:5e86e312935ad545ee215e67adcee9c,GLORE,59,1.0
2023,GTZ Esports,oe:team:3659b5cb3434354530c31ce71461fc1,GTZ Esports,71,1.0
2023,Galakticos,oe:team:28428f3022fc1ea52264b35912093dc,Galakticos,35,1.0
2023,GameWard,oe:team:312ee76ca74cbb5cb984d8b71ef4847,GameWard,66,1.0
2023,GamerLegion,oe:team:455551fe1d375c5bdf7385bf56a9722,GamerLegion,57,1.0
2023,Gamespace Mediterranean College Esports,oe:team:4410ecf1b88f1316b6e6c110120c896,Gamespace Mediterranean College Esports,37,1.0
2023,GeekCase eSports,oe:team:92bc5b008ab5b69917c98fe85e50594,GeekCase eSports,4,1.0
2023,GeekSide Esports,oe:team:b1e4549272fe20b4c311674483d4d90,GeekSide Esports,24,1.0
2023,Geekay Esports,oe:team:1ff3f5c94edd806e1fed4105fc48995,Geekay Esports,52,1.0
2023,Gen.G,oe:team:50f58982d91a36557ec8aec52ab014f,Gen.G,137,1.0
2023,Gen.G Global Academy,oe:team:4c9dd0212552afe76315b616b7891f5,Gen.G Global Academy,91,1.0
2023,Gen.G Scholars,oe:team:86318836d208e1ac7c6cc6ae0d4afbe,Gen.G Scholars,28,1.0
2023,Genbu Gaming,oe:team:522de665f5644b585cf042680a85b81,Genbu Gaming,19,1.0
2023,Gentle Hearts Gaming,oe:team:63a32d4afe1be641dd23499aca68dc2,Gentle Hearts Gaming,8,1.0
2023,Gentlemen's Gaming,oe:team:3a1d5821b38ab1ddec52f944973d1bd,Gentlemen's Gaming,12,1.0
2023,Giants (Spanish Team),oe:team:6dd9fc16013a656e475c1b1eb7d4e06,Giants,54,1.0
2023,Globant Emerald,oe:team:7cad317ac6d3deeb0421bca81551efd,Globant Emerald,43,1.0
2023,GnG Esports,oe:team:4df6cdd02990bde40c808cf09796dd7,GnG Esports,29,1.0
2023,Golden Guardians,oe:team:87ee02298073abc2d55060f097d4041,Golden Guardians,86,1.0
2023,Golden Guardians Challengers,oe:team:d90668db6ad5108669990e3878bb5b3,Golden Guardians Challengers,41,1.0
2023,Goskilla,oe:team:8e59548c40b71c4232405f8b54fc7f9,Goskilla,7,1.0
2023,Grand View University,oe:team:4c87a422072b2c1e754299a17ea36ce,Grand View University,8,1.0
2023,Ground Zero Gaming,oe:team:788115a84f68bc65fa6d3a4e0f67a3e,Ground Zero Gaming,24,1.0
2023,Grypciocraft Esports,oe:team:2d038b581c7aa5565f197e93de4ff35,GRP Esports,54,1.0
2023,Guarp Gaming,oe:team:0f915796a913d5a8fd01f830d5ad3e2,Guarp Gaming,3,1.0
2023,Guasones,oe:team:91c35185025768de7d8aa448933f56c,Guasones,52,1.0
2023,Gödel Gamers,oe:team:1e43deb1f368f7574f37388e87db369,Gödel Gamers,7,1.0
2023,HEET,oe:team:6567b6e67c534f15e044f3b430fef3e,HEET,32,1.0
2023,HELL PIGS,oe:team:a31fdd71fc715fc1ee4a50fe19e828e,HELL PIGS,36,1.0
2023,Hanwha Life Esports,oe:team:3a1d18f46bcb3716ebcfcf4ef068934,Hanwha Life Esports,107,1.0
2023,Hanwha Life Esports Academy,oe:team:2acbd6362cc5096e13641bd088a72a6,Hanwha Life Esports Academy,59,1.0
2023,Hanwha Life Esports Challengers,oe:team:2a5e5fceaa40b335ebc6b49359abf62,Hanwha Life Esports Challengers,118,1.0
2023,Harrisburg University,oe:team:e148df5f8ee1c28556f4d82343d4284,Harrisburg University,3,1.0
2023,Heracles Gaming,oe:team:9c11dcc627ab2baf49d113ce6aba078,Heracles Gaming,29,1.0
2023,Herbalife Real Betis,oe:team:37612c1a4e90b5ed7e0900448c1c198,Herbalife Real Betis,4,1.0
2023,Hertha BSC eSport,oe:team:b0a43f7f56c22b10b2042076b0cd5cc,Hertha BSC eSport,15,1.0
2023,Hive Athens EC,oe:team:4c4cf1a1c1cb435bb27ce8d200d8fd3,Hive Athens EC,3,1.0
2023,Horizon Gaming (North American Team),oe:team:261717b9c2bb2e79e8ae53253d69768,Horizon Gaming,7,1.0
2023,Hungkuang Falcon,oe:team:672aa1aa4e9ac51d56830a3652dbc8b,Hungkuang Falcon (弘光獵鷹),6,1.0
2023,Hurricane of Feathers,oe:team:38eebf1d7f1cbc9ee434d8bea9b33cc,Hurricane of Feathers,10,1.0
2023,Hydras Esport,oe:team:073fa031df5e0204a637d33a30bfaea,Hydras Esport,5,1.0
2023,IKISEQ Gaming,oe:team:216b87f7739fab7fa9177e7e01c2c7b,IKISEQ Gaming,14,1.0
2023,INFINITY,oe:team:7e3dd5ff49e1a44784d225d2de40260,inf,53,1.0
2023,INTZ,oe:team:bcb21457414eb9be1d27489ff7e8e59,INTZ,47,1.0
2023,INTZ Academy,oe:team:532875bcf5a8fb1cd2f05cd0001bbf6,INTZ Academy,50,1.0
2023,Illinois State University,oe:team:b99696624afa81613e7c305f10c6b05,Illinois State University,8,1.0
2023,Illuminar Gaming,oe:team:6cedba5819b5b7c465cb3bb48bfe855,Illuminar Gaming,53,1.0
2023,Immortals,oe:team:c334c629fea759876e9e04afbe4aee7,Immortals,36,1.0
2023,Immortals Challengers,oe:team:f7674bf69c8ffd96da506fcb1e65383,Immortals Challengers,37,1.0
2023,Impunity,oe:team:215b3bc4217842708191cc9be161132,Impunity,61,1.0
2023,Incubus,oe:team:32c3055d495d91676e208b0c8997536,Incubus,23,1.0
2023,Inside Games,oe:team:c2bd1dd17a070dbbb8df9aefb634a41,Inside Games,35,1.0
2023,Invictus Gaming,oe:team:53a258f289c26d94431c0496a54e151,Invictus Gaming,76,1.0
2023,Invictus Gaming Young,oe:team:01c9a45038d103935dc69490914f530,Invictus Gaming Young,126,1.0
2023,Ionikos Nikaias Esports,oe:team:c94055c4eae45033b3e176ed7c35585,Ionikos Nikaias Esports,16,1.0
2023,Iron Wolves,oe:team:bc9bdf946d79f2f1f483b429a7dfffc,Iron Wolves,42,1.0
2023,Istanbul Wildcats,oe:team:a65adb2808377018a2a7832eb2bd7f4,İstanbul Wildcats,75,1.0
2023,Isurus,oe:team:5737b101780a9835142549164be1ac4,Isurus,54,1.0
2023,IziDream,oe:team:84bc703e28859788770611d94cf02ac,IziDream,60,1.0
2023,J Team,oe:team:b41d715b166da7092724123264e4560,J Team,42,1.0
2023,JD Gaming,oe:team:b42d0f31f2727621b963042276817c4,JD Gaming,137,1.0
2023,JDXL,oe:team:2b7b9f30577e4eb59af48370ce8679c,JD|XL,13,1.0
2023,Janus Esports,oe:team:1ab54595dac94e054c4f3831f7ccb98,Janus Esports,32,1.0
2023,Ji Jie Hao,oe:team:98b04bf2ce15d307f6afb1254004629,Ji Jie Hao (集结号),71,1.0
2023,Joblife,oe:team:7380b73561abdd86c2391e9481acd4b,Joblife,53,1.0
2023,Joy Dream,oe:team:ae2a2737a8d8d2b8e396dabae0e149b,Joy Dream,75,1.0
2023,KAOS e-sport,oe:team:829dfe12e8897e57883e53610867b8e,KAOS e-sport,5,1.0
2023,KIT SC SmartWe,oe:team:10fe85810efd60943daa38355eb6054,KIT SC SmartWe,5,1.0
2023,KODE Gaming,oe:team:2d358e69f7d1cb5dbd0ab99c7d49861,KODE Gaming,15,1.0
2023,KOI (Spanish Team),oe:team:5aef7c486046c4885a0baad37b027e8,KOI,61,1.0
2023,KOI Academy,oe:team:ca93fb52911145b76f82c3a3af6d007,Finetwork KOI,50,1.0
2023,KRC Genk Esports,oe:team:01a959b2a20ca77057e580ec051aa3e,KRC Genk Esports,64,1.0
2023,KT Rolster,oe:team:d723992568441c6bafa2658129eade7,KT Rolster,120,1.0
2023,KT Rolster Academy,oe:team:14ef7370c4cbc9bc08a771e3f7cbb4d,KT Rolster Academy,33,1.0
2023,KT Rolster Challengers,oe:team:b9733b8e8aa341319bbaf1035198a28,KT Rolster Challengers,101,1.0
2023,KaBuM! Academy,oe:team:5fa7169f2a9ba7a17a9ce3afd59643d,KaBuM! Academy,61,1.0
2023,KaBuM! Esports,oe:team:86e551648da70c86cb473ce5d5f26f7,KaBuM! Esports,36,1.0
2023,Kanga Esports,oe:team:40ca71047541a6edbbb6e29893f9058,Kanga Esports,26,1.0
2023,Karmine Corp,oe:team:f3aa9bbd924ce3af42ac53f8326bc7c,Karmine Corp,78,1.0
2023,Karolinerna,oe:team:8d26bbe72031cf7b3973b6ec349004c,Karolinerna,3,1.0
2023,Kaufland Hangry Knights,oe:team:0410783728358f6e711de31a6f1e8f9,Kaufland Hangry Knights,11,1.0
2023,Kawaii Kiwis,oe:team:8eb9a212591f919a353abfac0c0a52a,Kawaii Kiwis,69,1.0
2023,Kelyx's Grandpa Gamers,oe:team:9d4860bdb68e36c39e6a9d36d3d8fac,Kelyx's Grandpa Gamers,15,1.0
2023,Keypulse Esports,oe:team:d9f29b4eac8fd2a40f5a117e294316f,Keypulse Esports,27,1.0
2023,Klanik Esport,oe:team:0ade5e44c23039bca133eee58ec1b83,Klanik Esport,47,1.0
2023,Komil and Friends,oe:team:5628f250931675f9c0d20aad46cc117,Komil & Friends,48,1.0
2023,Komodo (North American Team),oe:team:67d3ec1d2fa3c09c24d226fc7eb0046,Komodo,12,1.0
2023,Kumiho Esports,oe:team:60d6ebbd85798fb137a4c3f1cef0bb1,Kumiho Esports,14,1.0
2023,Kwangdong Freecs,oe:team:b3c72a20aa56f5d28022ac04a7dc294,DN SOOPers,79,1.0
2023,Kwangdong Freecs Academy,oe:team:00ae39840233a9dc8db235166c32ba7,DN SOOPers Academy,55,1.0
2023,Kwangdong Freecs Challengers,oe:team:f78d56f289804906a627706f330ee06,DN SOOPers Challengers,83,1.0
2023,LDLC OL,oe:team:e31c6dcc465e0b94500ef023f42cdc1,LDLC OL,66,1.0
2023,LGD Gaming,oe:team:5f401785b6b78326f9a46b3c6b206ed,LGD Gaming,77,1.0
2023,LGD Gaming Young Team,oe:team:6100f2588a65a71921d4f8ee206d94e,LGD Gaming Young Team,60,1.0
2023,LNG Academy,oe:team:2506f4369f41031c5ae85640da9f749,LNG Academy,85,1.0
2023,LNG Esports,oe:team:a9145b7711873f53e610fbba0493484,LNG Esports,116,1.0
2023,LOUD,oe:team:658a021a796aa5501503220adb38cf4,LOUD,70,1.0
2023,LOUD Academy,oe:team:611801d741d02f705ab3433a71ce43f,LOUD Academy,36,1.0
2023,Leviatan,oe:team:53ef3d5a3ac5d88bc000eff7d87aeb3,Leviatan,33,1.0
2023,Leões Porto Salvo Esports,oe:team:0957b09f054bf983fcc61228d919bef,Leões Porto Salvo Esports,14,1.0
2023,LiT Esports,oe:team:7109f52153fb32f851ab4af575c272c,LiT Esports,39,1.0
2023,Liberty,oe:team:84e1da9e55480128662cfdfe79cb892,Liberty,36,1.0
2023,Liberty Academy,oe:team:0de5bc0ac90e504b773c2d2d09edc81,Liberty Academy,51,1.0
2023,Liiv SANDBOX,oe:team:c75f1f337fc5867914749d438a4871d,Liiv SANDBOX,86,1.0
2023,Liiv SANDBOX Youth,oe:team:e7a7c6bf58eb268ed3f13aac4158aa8,Liiv SANDBOX Youth,88,1.0
2023,Lille Esport,oe:team:f9d5cf621532c5ac51e0947d7098b7f,Lille Esport,69,1.0
2023,Looking for ORG (Turkish Team),oe:team:e90ea79eb35058df85082ef1ff0c728,Looking for ORG,8,1.0
2023,Los Grandes,oe:team:ea65e6cc48a9be50fc5334369a5fca5,LØS,30,1.0
2023,Los Grandes Academy,oe:team:494084b2b199c80ed746561d08a1683,LØS Academy,33,1.0
2023,Lucent Esports,oe:team:050760fca0033774e06c7cb44de8802,Lucent Esports,3,1.0
2023,Lundqvist Lightside,oe:team:91e745607dea86d98f6307553e0491d,Lundqvist Lightside,10,1.0
2023,LØS,oe:team:ea65e6cc48a9be50fc5334369a5fca5,LØS,18,1.0
2023,LØS Academy,oe:team:494084b2b199c80ed746561d08a1683,LØS Academy,18,1.0
2023,MAD Lions,oe:team:6a0084dacefb228be863fbb64cefe11,MAD Lions KOI,95,1.0
2023,MAD Lions Madrid,oe:team:9b4c0a1b3fce5f8df14d86277203dfe,MAD Lions Madrid,4,1.0
2023,MAMMOTH,oe:team:7bd8d762a338118fce3df129202eaed,MAMMOTH,32,1.0
2023,MAX (Chinese Team),oe:team:91c9cf14d344ea993274f77fd9fa508,MAX,127,1.0
2023,MGN Box Esports,oe:team:f120b297d22778c31d145387ae3a372,MGN Blue Esports,66,1.0
2023,MHSC Esport,oe:team:91b2523df100990f9ca59be20dc3244,MHSC Esport,25,1.0
2023,MNM Gaming,oe:team:542063f7067a523ca263df1cb72f843,MNM Gaming,3,1.0
2023,MOUZ,oe:team:7c4854374e4daa6b00206eb922359a9,MOUZ NXT,51,1.0
2023,MS Company,oe:team:14ad76b8d9e647d4b29c3d26ecd29c9,MS Company,48,1.0
2023,Macko Esports,oe:team:a2e63aee03585f0b37ff4cad936e349,Macko Esports,72,1.0
2023,Mad Kings,oe:team:df70cf5eb04453059ae5a4e4e30a392,Mad Kings,22,1.0
2023,Magna Esports,oe:team:586486168f510b191d23bd992a82501,Magna Esports,19,1.0
2023,Malvinas Gaming,oe:team:d5772fdb1ae7fcc8046fa2e056a8715,Malvinas Gaming,10,1.0
2023,Malvinas Rise,oe:team:d5772fdb1ae7fcc8046fa2e056a8715,Malvinas Gaming,28,1.0
2023,Maryville University,oe:team:9336ce46babf314b50e3a103506ae0a,Maryville University,76,1.0
2023,Maturalni Forsaken,oe:team:9e12a15ab90a0a26c7e4e5308d3924c,Forsaken,47,1.0
2023,Mayan Esports,oe:team:746a5d153c14c2727ec6c086f1763fc,Mayan Esports,24,1.0
2023,Maycam Evolve,oe:team:d53c3b4468d5a9ec7fb407350dd55df,Maycam Evolve,10,1.0
2023,Maze Gaming,oe:team:ec984a85fa876a52f448869c93cd93b,Maze Gaming,18,1.0
2023,Meow Gaming Club,oe:team:086ca806ed58727cbb991f2464281ac,Meow Gaming Club,3,1.0
2023,Meta Gaming,oe:team:541d18c9fef51d35e84731aeff4fc70,Meta Gaming,36,1.0
2023,Mezexis Esports,oe:team:853a1d4037366856c872b104ea2686d,Mezexis Esports,14,1.0
2023,MiaoJing,oe:team:3fbe14cabc2c91b41d58e14930276fd,MiaoJing (妙竞),84,1.0
2023,Mind Blue eSports,oe:team:83f5468c58ea895ffadba299f475a14,Mind Blue eSports,3,1.0
2023,Miracle (North American Team),oe:team:46ec34791c2aa89c45af2b10d33f6bd,Miracle,15,1.0
2023,Mirage Alliance,oe:team:1d1d0b0c76290957c7c9aa69a3ae4e7,Mirage Alliance,40,1.0
2023,Mirage Sport Électronique,oe:team:cb88ee3c195b2c7056830437a1f1565,Mirage Sport Électronique,5,1.0
2023,Misfits Premier,oe:team:c59bcb753bac65c0397bf9ebbcf850b,Misfits Premier,7,1.0
2023,Movistar R7,oe:team:2cb996a4b0ffaca3bcf66fe91450243,Movistar R7,74,1.0
2023,Movistar Riders,oe:team:4acc40654379b4da680be1bd3129dfa,Movistar KOI,91,1.0
2023,Munster Rugby Gaming,oe:team:570bfe8899b9aff8ccbdd18334ec8ab,Munster Rugby Gaming,3,1.0
2023,Myth Esports,oe:team:04bb54d81b8d6daaaf0eee289e9eb03,Myth Esports,14,1.0
2023,NARCIS,oe:team:5b76240cc27a58c6f7ceef7d8c36660,NARCIS,39,1.0
2023,NASR eSports Turkey,oe:team:1bcba9d314932379a955b3de9e8654d,NASR eSports Turkey,49,1.0
2023,NNO Prime,oe:team:2ae1a4c6fe17bf70dd4b5520d60f55b,NNO Prime,42,1.0
2023,NORD Esports,oe:team:6ef01b22224b92f917d70dd9f33568b,NORD Esports,56,1.0
2023,NOVO Esports,oe:team:b3407aff8f36af4d7492aceb5b6bfd6,NOVO Esports,15,1.0
2023,NRG,oe:team:e758ebe9a5a2cc81b9c8078479c2d87,NRG,43,1.0
2023,NXT,oe:team:3f15fada7994f98f3bc6207bed01c16,NXT,4,1.0
2023,NYYRIKKI,oe:team:931fd7145df2dee0403461381e45b58,NYYRIKKI,8,1.0
2023,Nate.A,oe:team:85094958b197b0a0eba1f077f61bca6,Nate.A,20,1.0
2023,Nate9527,oe:team:2ca17e7780f4966b73fcf5f3e4ff97b,Nate9527,31,1.0
2023,Native Gaming,oe:team:0520f3fedc9144bc9c62fadd5fd0568,Native Gaming,15,1.0
2023,Nativz,oe:team:a73a242584df96b35d6e606d93608f8,Nativz,53,1.0
2023,Newell's Esports,oe:team:aa901e4bbb1fae688437d636787b958,Newell's Esports,10,1.0
2023,Newstar,oe:team:096d11bb39c67344ba0d303a4505e81,Newstar,9,1.0
2023,Nexus KTRL,oe:team:786880f9b3bc8bdeafa1f7b250642be,Nexus KTRL,3,1.0
2023,Nigma Galaxy Male,oe:team:c6aa23f2afcbe6fc281c7bb9b96c843,Nigma Galaxy,52,1.0
2023,Ninjas in Pyjamas.CN,oe:team:48d7941ccbd5b89aca46c57b0c2f8fb,Ninjas in Pyjamas,83,1.0
2023,No Need Orga,oe:team:4af7101de8aaa0ada19a5937eb60b65,No Need Orga,5,1.0
2023,Nongshim Esports Academy,oe:team:7c64febcd5ccff13dcd035dc6867a00,Nongshim Esports Academy,113,1.0
2023,Nongshim RedForce,oe:team:5cd2cd09ec94296f605dd13a2924d6c,Nongshim RedForce,78,1.0
2023,Nongshim RedForce Academy,oe:team:ff07fcf769a41fa17ded4746368d6c7,Nongshim RedForce Academy,63,1.0
2023,Northern Lions Esports,oe:team:51ad8552b28c8fa33276c08f9b8ca9b,Northern Lions Esports,28,1.0
2023,OFFSET Esports,oe:team:a2af8a630966a79f15f17d89b1f97d2,OFFSET Esports,5,1.0
2023,OKSavingsBank BRION,oe:team:b77b3f6068e20a2b3edc0ecd3dc70d4,HANJIN BRION,45,1.0
2023,OKSavingsBank BRION Challengers,oe:team:fa3d687a87bcae80362f784a7da571d,HANJIN BRION Challengers,42,1.0
2023,Odivelas Sports Club,oe:team:fca935f82fd01de843aa2799eb575ea,Odivelas Sports Club,42,1.0
2023,Oh My Dream,oe:team:d6ede6ace357c075af068ccac12ae9f,Oh My God Academy,82,1.0
2023,Oh My God,oe:team:f4c4528c6981e104a11ea7548630c23,Oh My God,107,1.0
2023,Olympiacos Alimou,oe:team:007a3c4175ca4f86d9dc49e4f2e9cf8,GOAL,4,1.0
2023,One More Esports,oe:team:ca663b1c89065ae6491db8e9cd5c305,One More Esports,20,1.0
2023,Orbit Anonymo Esports,oe:team:63ae9b77e466107d6e94d22f956a48a,Anonymo Esports,53,1.0
2023,Osaka,oe:team:0d70a380fe641d8206c6d43c185b9c2,Osaka,37,1.0
2023,Oxygen Valiants,oe:team:51e312fb2c4611c0466764797df079f,Oxygen Valiants,60,1.0
2023,PCS Taran,oe:team:5142c879abcb70bac792134b00d86c7,PCS Taran,5,1.0
2023,PDK Sideral,oe:team:7364ae7e257c7063f49674c53557c48,PDK Sideral,9,1.0
2023,PRIMATE,oe:team:5d09f3012c419e96c75321094d349ab,PRIMATE,53,1.0
2023,PSG Talon,oe:team:4880b157399745e82e26e229d8bbf48,PSG Talon,80,1.0
2023,PSG Talon Academy,oe:team:7c1df37eb66c8c498b823787634c4bc,PSG Talon Academy,35,1.0
2023,Pampas,oe:team:c240ced85731a0f86a197a555989280,Pampas,21,1.0
2023,Panathinaikos Esports,oe:team:962ee8c6312bf880cddfb268451d1eb,Panathinaikos Esports,35,1.0
2023,Papara SuperMassive,oe:team:5203ff881d5c82c5f720eb3a2f3b44c,Papara SuperMassive,52,1.0
2023,Partizan Esports,oe:team:e42ade212c09777da0f54bffe481f6d,Partizan Esports,68,1.0
2023,Pentagon Maze,oe:team:80273ded915e8e99319d5610cd03754,Pentagon Maze,14,1.0
2023,Pentagon Rejects,oe:team:eca46d5eadb0c405cb19a9104024393,Pentagon Rejects,36,1.0
2023,Pentanet.GG,oe:team:9b4a7228059e863c153b3e196ac85b2,Pentanet.GG,33,1.0
2023,Pertinax Esports,oe:team:178e4603342985e4154647761633799,Pertinax Esports,12,1.0
2023,Phlox Gaming,oe:team:c20f8549c29d0dd0bb92d7aa8028547,Phlox Gaming,20,1.0
2023,Pirate Dream,oe:team:e3586aa5fa693c32f782331619442a1,Pirate Dream,42,1.0
2023,Polar Squad Esports,oe:team:28bd4f4351e19c337f79665da9d649c,Polar Squad Esports,20,1.0
2023,Project Conquerors,oe:team:ad003d7f74930eeab29a6029c3b9f52,Project Conquerors,52,1.0
2023,Project Sinners,oe:team:17b1cb79fe8d299f0eaed063132fdff,Project Sinners,8,1.0
2023,PÊEK Gaming,oe:team:db4e98d03fec12b08cb7a80b739c446,PÊEK Gaming,57,1.0
2023,QLASH Spain,oe:team:22e85b1589714de8f4aa211025bf1fb,QLASH Spain,14,1.0
2023,Qing Jiu E-sport Club,oe:team:ca3c8e270b623c1ed43ba1d912e23f4,Qing Jiu E-sport Club,4,1.0
2023,RA'AD,oe:team:6a4c502c27267c22c54b431be11b43f,RA'AD,52,1.0
2023,RATE Gaming,oe:team:195cd5e125970a033b3b79e304bf85c,RATE Gaming,9,1.0
2023,RED Academy,oe:team:391e50581a00cea9f06b2d845b4de05,RED Academy,46,1.0
2023,RED Canids,oe:team:67169969ecc058b307edfa9c6b7a3c0,RED Canids,57,1.0
2023,RQS Esports,oe:team:24d4cca360ddad2c3eb478dce8a1a2e,RQS Esports,4,1.0
2023,Ramboot Club,oe:team:d17ce7a4192b52f8e1daf94c381c75f,Ramboot Club,5,1.0
2023,Ramo Awake Gaming,oe:team:ef68c2c368d0cd292339d94c268bd19,Ramo Awake Gaming,21,1.0
2023,Rare Atom,oe:team:8516ca63facc91286d6c00212ca945e,Rare Atom,80,1.0
2023,Rare Atom Period,oe:team:67140a291d66109643b99e9dff2cbc3,Rare Atom Period,79,1.0
2023,Rebels Gaming,oe:team:60411922d8062ecea0c728af9c876a0,Rebels Gaming,51,1.0
2023,Rebirth eSports,oe:team:5c116dedda7feae2f6ffc093f844ac6,Rebirth eSports,12,1.0
2023,Red Eye Esports,oe:team:2a7fc0772538d018f713520c5e90ee0,Red Eye Esports,21,1.0
2023,Return of the Middlesticks,oe:team:c085603cf0bc129969f42a3b8d83e80,Return of the Middlesticks,7,1.0
2023,Reven Esports,oe:team:4054ca135a8ad4383af9b6bed4fabcf,Reven Esports,13,1.0
2023,Riddle Esports,oe:team:9eb531c72890b1ae7e50122f0884f37,Riddle Esports,41,1.0
2023,Rift Sloths,oe:team:6941c63e43125b02bacb47ff9707814,Rift Sloths,16,1.0
2023,River Plate Gaming,oe:team:0444a233369afe0d17d6b8bafc147a4,River Plate Gaming,15,1.0
2023,Rock Bottom Esports,oe:team:a9986d8da91b2157ae330b45ffc81c0,Rock Bottom Esports,13,1.0
2023,Rogue (European Team),oe:team:cd62e47544f14f1d239afa659b9d243,Rogue,9,1.0
2023,Royal Club,oe:team:5e97f293e9986969e0abb397228dd6f,Royal Club,109,1.0
2023,Royal Never Give Up,oe:team:73f3126d91d35faa5d5ce34abadb865,Royal Never Give Up,104,1.0
2023,Ruddy Esports,oe:team:b1db6fe70c0141676d7a2e2660bd869,Ruddy Corporation,41,1.0
2023,SBTC Esports,oe:team:31df330ccc0f1b3b521959a24288ac4,SBTC Esports,54,1.0
2023,SEM9 WPE,oe:team:8d4bd0816b76bc1a855963d34c13aaa,SEM9 WPE,18,1.0
2023,SINNERS Esports,oe:team:9a3327bd6c9a07e61350e24d97419fa,SINNERS Esports,54,1.0
2023,SK Gaming,oe:team:75760dca486d4682426196b76bd1a54,SK Gaming,52,1.0
2023,SK Gaming Prime,oe:team:aa8c3b781d96ddb7a24ab3240918988,SK Gaming Prime,91,1.0
2023,SPIKE Syndicate,oe:team:21903b00a2d96c19ca87cb0e4b28527,SPIKE Syndicate,17,1.0
2023,STOPWATCH eSports (Czech Team),oe:team:0cca6f834d9b13e58facbfe117a4fce,STOPWATCH eSports,39,1.0
2023,Saigon Buffalo,oe:team:8e27b674a472ab529e758f13f0bace0,Saigon Buffalo,82,1.0
2023,Saint Louis University,oe:team:f32bc8a601cde2e7989f7045b766456,Saint Louis University,12,1.0
2023,Santiago Wanderers eSports,oe:team:71cc230a7d2155dd4958f3de7ad40bb,Santiago Wanderers eSports,10,1.0
2023,Saprissa Esports,oe:team:1f75fda1d2b3b7aea236e4fd8a5dd4c,Saprissa Esports,43,1.0
2023,Sengoku Gaming,oe:team:984c3ce601b35d7617ad0bc8570946c,QT DIG∞,74,1.0
2023,Sengoku Gaming Academy,oe:team:e03a850dd5c4b5029e75de77a2afb98,Sengoku Gaming Academy,22,1.0
2023,Senshi Esports Club,oe:team:c43ee08b2e8d090cd2bbc1aee0cd2ba,Senshi Esports Club,11,1.0
2023,Senshi eSports (Benelux Team),oe:team:9b09acb83880c52f76efbb9b6d17c2d,Senshi eSports,3,1.0
2023,Shu Dai Xiong Gaming,oe:team:7f60009d2aa9ce24f05deec2010a33f,Shu Dai Xiong Gaming,38,1.0
2023,Six Karma,oe:team:3d3456d514814ba68c9532044bc50e2,Six Karma,62,1.0
2023,Skull Cracker,oe:team:43ced4959bb9855f62e450057a03496,Skull Cracker,14,1.0
2023,Solary,oe:team:90938c428db11f6e372f5c6833b9743,Solary,50,1.0
2023,Spectacled Bears,oe:team:9aa855d087642f20ad7e3a7ae5c8251,Spectacled Bears,47,1.0
2023,Spirituals,oe:team:c0a92e1f459a41706f1957f888cd182,Spirituals,27,1.0
2023,St. Clair College,oe:team:67f88609cfb6ca6b201ae9a808c0e6f,St. Clair College,5,1.0
2023,Stormbringers,oe:team:b469fd5f0912d223dd70c3bbb5ddcb9,Stormbringers,55,1.0
2023,Supernova,oe:team:8776b7033f1bc10634e50d90f861c1d,Supernova,76,1.0
2023,Szaty Bobra,oe:team:a0eb0573dbdb2b6f0fe2a0c40559ef3,Szaty Bobra,10,1.0
2023,T1,oe:team:ce499dea30cfce118f4fe85da0227e8,T1,161,1.0
2023,T1 Challengers,oe:team:731b7a9fd004cdbe2bcb3da795bce47,T1 Esports Academy,61,1.0
2023,T1 Esports Academy,oe:team:731b7a9fd004cdbe2bcb3da795bce47,T1 Esports Academy,41,1.0
2023,T1 Rookies,oe:team:32cd49a197bd08d99b16fe354e1f758,T1 Esports Academy Rookies,54,1.0
2023,TDC Esports,oe:team:f44643241cfd17320bf6320016fd4dc,TDC Esports,20,1.0
2023,TES (Hong Kong Team),oe:team:77f6ca7cd828cae45d030c2d70cc5ff,TES,18,1.0
2023,TSM,oe:team:a22510a4756fa424cb0771b13261139,TSM,46,1.0
2023,TSM Challengers,oe:team:f51b1895a789e5fd883a0df8acaa4d0,TSM Challengers,37,1.0
2023,TT willhaben,oe:team:77fc49e1f3cf3ab3814b897f2b61cd6,TT willhaben,6,1.0
2023,Taipei Bravo,oe:team:8e382814490769ecbef51dc2e824773,Taipei Bravo,20,1.0
2023,Taurus Esports,oe:team:26a71672e8a167cb76a4d3c53814920,Taurus Esports,21,1.0
2023,Team 7AM,oe:team:fc3d0bdc84e08efc1b6623448e64c15,Team 7AM,55,1.0
2023,Team Ambition,oe:team:51eb4ab719043c7abdfca6fdddd1c5c,Team Ambition,56,1.0
2023,Team Aze,oe:team:0a9aa50beea19fcbc6b939fe6b94f08,Team Aze,32,1.0
2023,Team BDS,oe:team:7338408a0fe0217451d2c9a567db999,Team BDS,83,1.0
2023,Team BDS Academy,oe:team:9adc852fe2e027c5e4abd53ae8915ff,Team BDS Academy,56,0.9642857142857143
2023,Team Bliss,oe:team:0b27fc98592297c4441bce44760a642,Team Bliss,60,1.0
2023,Team Coachify,oe:team:005064b6157615d237ba20bcffe00f5,Team Coachify,13,1.0
2023,Team Du Sud,oe:team:1dc6411295a36bd29c29b1096ba859d,Team du Sud,74,1.0
2023,Team E Turner,oe:team:feb2b2b123198afc6beb8181a4ad4d8,Team E Turner,7,1.0
2023,Team ESCA Gaming,oe:team:1158ec5b08f516ca81868bc48293989,Team ESCA Gaming,49,1.0
2023,Team Fish Taco,oe:team:01a3132448697cecc30364f52173670,Team Fish Taco,92,1.0
2023,Team Flash.Vietnam,oe:team:9bcc3882a74d7ec2b66f7067ba31bc3,Team Flash,70,1.0
2023,Team GO,oe:team:8d538207b9de9d20e1a525aae593515,Team GO,125,1.0
2023,Team Heretics,oe:team:1285e1c04d54de96502f12da4d49458,Team Heretics,60,1.0
2023,Team Heretics Academy,oe:team:2dfc66b98002c5afad2a98dbf86e350,Team Heretics Academy,65,1.0
2023,Team Liquid,oe:team:8eb884e168f28402ce685bedebb5250,Team Liquid,63,1.0
2023,Team Liquid Challengers,oe:team:aeb3be196652186472d8f244ee9ef0a,Team Liquid Challengers,96,1.0
2023,Team Liquid First,oe:team:3e4d288f8db8d89105f516d3e2665a2,Team Liquid First,42,1.0
2023,Team Omniscius H,oe:team:7f6c8333ca229185d5795c01489cdb6,Team Omniscius H,3,1.0
2023,Team Oplon,oe:team:a17419c119598748edfc4c00e060572,Team Oplon,10,1.0
2023,Team Paradox,oe:team:efc08f072a9536658366e05509720b3,The ParadOx Invaders,4,1.0
2023,Team Phantasma,oe:team:75a4d34e4afac036d164b0f1a580486,Team Phantasma,49,1.0
2023,Team Pinnacle,oe:team:f5ae665c5b772f9c081b30593177b9d,Team Pinnacle,23,1.0
2023,Team Plink,oe:team:127cb9411cd6e3788e2a4193a6e8850,Team Plink,5,1.0
2023,Team Refuse,oe:team:d932b52fb3a9d5fad174728a969ee14,Team Refuse,17,1.0
2023,Team Sampi,oe:team:c9c57deef5fcd4cd734181f121c9ee8,Team Sampi,28,1.0
2023,Team Secret (Vietnamese Team),oe:team:ee140e8e9d6abd0bfd2b7bc94639d43,Team Secret,77,1.0
2023,Team Secret (Vietnamese Team) Academy,oe:team:a6339afa00dc3a4377341abaab42c8a,Team Secret Academy,6,1.0
2023,Team Singularity,oe:team:b7f246aa375086484bc9e7469ab3b0c,Team Singularity,5,1.0
2023,Team Tony Top,oe:team:747118bb5b7c9205440e3d565a5f89f,Team Tony Top,7,1.0
2023,Team UNiTY,oe:team:6e322bda09963acbe90845ce95e76f4,Team UNiTY,29,1.0
2023,Team Vitality,oe:team:e8d8ae992fe72acb7adc7bfcee31dbb,Team Vitality,45,1.0
2023,Team WE,oe:team:62c1cd9465dc63824593ee5046f5aa8,Team WE,87,1.0
2023,Team WE Academy,oe:team:85bf857a01b615a257739e34d9f0720,Team WE Academy,91,1.0
2023,Team Whales,oe:team:407a64574852482edb8c1560eab637c,Team Whales,107,1.0
2023,TeamOrangeGaming,oe:team:e6423e34fc74500296fbaa43fac025d,TeamOrangeGaming,3,1.0
2023,Teamless Revenge,oe:team:616a6d6c884d5d8713ef0d73559da28,Teamless Revenge,14,1.0
2023,Tempest Gaming,oe:team:b9af077d71abf84d8f8045523ff1b84,Tempest Gaming,8,1.0
2023,The Agency,oe:team:8c81de10bc9e8ffe93375f78b73aed8,The Agency,22,1.0
2023,The Cheese Chasers,oe:team:c280c09b3014e82b48c8b199322d1b5,The Cheese Chasers,10,1.0
2023,The Kings,oe:team:4160bf895acdf688dc5312c2280fbc4,The Kings,16,1.0
2023,The Kings Moon,oe:team:57ab4379bc2ebd5a0f7f53e791060cd,The Kings Moon,13,1.0
2023,The Last Dance,oe:team:2ef1e4f46f806850b2fb250af865813,The Last Dance,5,1.0
2023,The Last Monk,oe:team:28a78235191b77f045765df966fea1e,The Last Monk,8,1.0
2023,ThunderTalk Gaming,oe:team:df80f468a3f9a722df056fe9104f052,ThunderTalk Gaming,97,1.0
2023,ThunderTalk Gaming Young,oe:team:fd27f7adaecaeac4f8736159d57c0ce,ThunderTalk Gaming Young,75,1.0
2023,Tiktok Tony Top,oe:team:02040f0504a1cb0f0657964125e0ae2,Tiktok Tony Top,11,1.0
2023,Tomorrow Esports,oe:team:65f7d8b9f9b44f3476f64abf64c3c19,Tomorrow Esports,45,1.0
2023,Tony Parker Adéquat Academy,oe:team:012fbc89aa8feec1ac4a7cbec64cf5e,Tony Parker Adéquat Academy,8,1.0
2023,Top Esports,oe:team:fcec508e780bbd1ad493852640f5b36,Top Esports,109,1.0
2023,Top Esports Challenger,oe:team:eaeaad6cbcd022d2b872d4776aae2e6,Top Esports Challenger,110,1.0
2023,Triple Esports,oe:team:e11d25f4e815b120222610590480818,Triple Esports,34,1.0
2023,Twisted Minds,oe:team:40d8ba3a56bb69899bc84d078a11c1a,Twisted Minds,14,1.0
2023,UCAM Tokiers,oe:team:746e6715fc4295c54954be5efc385af,UCAM Esports,66,1.0
2023,UCAM Tokiers Academy,oe:team:f36bb11834ba1d730a49d7b3a2c2db5,UCAM Esports Academy,36,1.0
2023,Ultra Prime,oe:team:8d09428f093dfbf3c488bce350af0b1,Ultra Prime,75,1.0
2023,Ultra Prime Academy,oe:team:3d4a6fe0ca7bda9057ee1172eb5761c,Ultra Prime Academy,84,1.0
2023,Undead Gaming,oe:team:22e3ecae7af241c9c5be021c855885e,Undead Gaming,27,1.0
2023,Underworld Esports,oe:team:8d72ee9185fe0727bf453dd59e38cb2,Underworld Esports,3,1.0
2023,UniQ Esports Club,oe:team:8d91a7a5e315ed163e09c72ad22b0dc,UniQ Esports Club,40,1.0
2023,Unicorns of Love Sexy Edition,oe:team:6a060bd74c9041bf0aa89adf9d15d12,Unicorns of Love Sexy Edition,89,1.0
2023,Universitario Esports,oe:team:e129de91074731ebb2203742f65ba3e,Universitario Esports,8,1.0
2023,University of St. Thomas,oe:team:c541d877d968f5bd0053efc0f43563d,University of St. Thomas,13,1.0
2023,University of St. Trevor,oe:team:27b893ea8ff7bd787106a1f3de4738d,University of St. Trevor,10,1.0
2023,V3 Esports,oe:team:af4b23d4634c4e6ecb5659fb1e689e9,V3 Esports,49,1.0
2023,V3 Esports Academy,oe:team:c8d302e68ffd3e684186a0db372b7b6,V3 Esports Academy,34,1.0
2023,VININE,oe:team:659132057bf3872268ec0676b57862b,VININE,3,1.0
2023,Valiance,oe:team:7550baf6848b4c199dda63607978183,Valiance,37,1.0
2023,Vandals Esports,oe:team:b62ca0a6c7279dc53fb2afa1946d284,Vandals Esports,10,1.0
2023,Vanir,oe:team:ed2763d0f6ca9c05c17d888f3dc956e,Vanir,31,1.0
2023,Varona Esports,oe:team:108d8dd5293715c077fd7e33643028c,Varona Esports,16,1.0
2023,Venomcrest Esports,oe:team:db052729079b7bbe03274df413b2d1b,Venomcrest Esports,9,1.0
2023,Verdant,oe:team:b33646d7b7b14dd6da17a88f6ddb592,Verdant,59,1.0
2023,Vertex Esports Club,oe:team:c7b154d74bc45311ce501267f82dc36,Vertex Esports Club,19,1.0
2023,ViV Esport,oe:team:2d9e95ecefb34c32ff1a997ebe372f9,ViV Esport,48,1.0
2023,Viperio,oe:team:fb9002f42f80682c50c85f05ec4dc8d,Viperio,3,1.0
2023,Vipers,oe:team:dcf87563dff3f23d3985a5bac289345,Vipers,29,1.0
2023,Vitality.Bee,oe:team:ccd089bf173a5fff1063eb0576201a7,Vitality.Bee,70,1.0
2023,Vivo Keyd Stars,oe:team:b9e44c69c1a70fb35df9be96f9eafea,Vivo Keyd Stars,45,1.0
2023,Vivo Keyd Stars Academy,oe:team:bf6f1cbd7a25bd88bbfdaf1c20366c1,Vivo Keyd Stars Academy,64,1.0
2023,WAP Esports,oe:team:65140c73015d004b0456fb43ba373a4,WAP Esports,61,1.0
2023,WAVE Esports,oe:team:a47e0c589cb9648875be30e30173f4a,WAVE Esports,6,1.0
2023,WLGaming Esports,oe:team:b19ab22267512e77945cd498106dcf1,WLGaming Esports,106,1.0
2023,Waia Snikt,oe:team:4aaf7ff9e32dc4fee354958c19ba481,Waia Snikt,53,1.0
2023,War Legion Esports,oe:team:35d8c122cd2fd58cdb1208f823023af,War Legion Esports,10,1.0
2023,WeSports,oe:team:7ce620feffbc833577b805ce32faa31,WeSports,5,1.0
2023,Webidoo Gaming,oe:team:796ea3d66925fb0819e543eb88eea1e,Webidoo Gaming,14,1.0
2023,Weibo Gaming,oe:team:606c6ac695907af3823ee6405c58ff1,Weibo Gaming,115,1.0
2023,Weibo Gaming Youth Team,oe:team:557e2d6abd8a8896014e4351756c305,Weibo Gaming Youth Team,76,1.0
2023,West Point Esports Academy,oe:team:a23eb8479b972c2ea103fa362b0b5d5,West Point Esports Academy,4,1.0
2023,West Point Esports Philippines,oe:team:0092987a7da75e9fd0cbf8110d10b76,West Point Esports,18,0.9444444444444444
2023,White Dragons,oe:team:6468029fb605bd6fdf1cf866e890739,White Dragons,73,1.0
2023,Wild Panthers Esports,oe:team:aba8187a8c4790f554138cda083003b,Wild Panthers Esports,32,1.0
2023,Wild West Bandits,oe:team:79da6e4c61cc7c2baaa793f76839831,Wild West Bandits,11,1.0
2023,Wildcard Gaming,oe:team:9034597e77937456f89960ad1b8615e,Wildcard Gaming,84,1.0
2023,Winthrop University,oe:team:333ba9fefa87eda14bd32c5420d7002,Winthrop University,59,1.0
2023,Wizards,oe:team:f135d4a15fb5acaad384bd86d20ba15,Wizards,22,1.0
2023,X7 Esports,oe:team:a8c6d9059474d8fa4c57a093e9e43ac,X7 Esports,6,1.0
2023,XAL Esports,oe:team:95a3aac041d6e4b3dfd81145330c6e8,XAL Esports,3,1.0
2023,XtremeDominators,oe:team:466e22ca9bc6b20cbf4edfc9a674ba2,XtremeDominators,15,1.0
2023,Young Buffalos,oe:team:bf39c1a44d6fed170aed4820c00a923,Young Buffalos,5,1.0
2023,Young Miracles,oe:team:1486bbe432b1153d9a83ff6e75d6c90,Young Miracles,3,1.0
2023,Young Ninjas,oe:team:8cf7783c1584820ccf70723d683e137,Young Ninjas,4,1.0
2023,ZEST (Spanish Team),oe:team:6ac25692553cc34c6f3fd717b12fe61,seQura ZEST,17,1.0
2023,ZETA,oe:team:50c26816bdd3bb2a02def8e11a5cd5a,ZETA,4,1.0
2023,Zenigma,oe:team:8d567f356b6454fc287a81f6467cf35,Zenigma,20,1.0
2023,ZennIT,oe:team:79fc65ce199f2e4fe97e277bdef6695,ZennIT,35,1.0
2023,Zero Tenacity,oe:team:125fc4d6b0dc1b21596f4f06a207d62,Zero Tenacity,90,1.0
2023,ZeroZone Gaming,oe:team:ec830d79559b38ffe2dcda535fd2bac,ZeroZone Gaming,3,1.0
2023,Zerolag Esports,oe:team:6a68fff9fc521e2fbcab2fc19978d24,Zerolag Esports,44,1.0
2023,Zeus Kralik,oe:team:5b591ee5220144c1d1a14141921c6a5,Zeus Kralik,29,1.0
2023,Zylant Esports,oe:team:479dc9903b6f233af09b0227170a0cc,Zylant Esports,26,1.0
2023,aNc Outplayed,oe:team:cd6b4265231d4ba346274357681c335,aNc Outplayed,55,1.0
2023,beGenius ESC,oe:team:607baf04091e515e195644cb08ec21c,beGenius ESC,35,1.0
2023,devils.one,oe:team:92e22c0b203c93b7d25c3a07b68575c,devils.one inStreamly,13,1.0
2023,eSuba,oe:team:3faefd9245a4ef6ba347fbcf2a51515,eSuba,63,1.0
2023,exeed Poland,oe:team:73fd73cbf2497f12179741f800f02f9,exeed,36,1.0
2023,mCon esports,oe:team:ee662fa8580ced6fb87aa4ca5b1fe7b,mCon esports,28,1.0
2023,mYinsanity,oe:team:f678dedcefb1a8df0844b6499004aa1,mYinsanity,5,1.0
2023,paiN Gaming,oe:team:61450737f7b683db4da7b3e0bf0dced,paiN Gaming,66,1.0
2023,paiN Gaming Academy,oe:team:3cb9dbe9618f5c61765f4ff189e79a9,paiN Gaming Academy,51,1.0
2024,100 Thieves,oe:team:4bd1751425ef6a9bc9d4d8e9385b4a6,100 Thieves,67,1.0
2024,24 7 Tower Dive,oe:team:76f3de935fdb45874ac6a85e9d65253,24/7 Tower Dive,8,1.0
2024,3V,oe:team:bae5c5b458ee21472c7f6f270990bfe,Veni Vidi Vici,4,1.0
2024,42 Gaming,oe:team:da5f2e46989c6a8ce510b0cc1f84828,42 Gaming,8,1.0
2024,A One Man Army,oe:team:8e2b0d0cd75672565eb80d7e5beaa92,A One Man Army,52,1.0
2024,AOE Esports,oe:team:f99374803c2802a727e34ba54af754d,Area of Effect Esports,66,1.0
2024,APOLLO GAMING,oe:team:16f72e69fc7d2d27c151024912a6497,APOLLO GAMING,25,1.0
2024,AXIZ CREST,oe:team:2b308998f2c7033f864caf1d5cc9dc0,AXIZ CREST,42,1.0
2024,AXIZ CREST Academy,oe:team:68c346d1a5284be386b75f84d76b27d,AXIZ CREST Academy,41,1.0
2024,Actions Per Minute,oe:team:3a96025b8db516e2c44dbb3c0b31996,Actions Per Minute,10,1.0
2024,Aegis (French Team),oe:team:e3a29387c70230d76837b86c2aefd14,Aegis,59,1.0
2024,Akroma,oe:team:e05fc2a9f99e906ea564a672d75f839,Akroma,33,1.0
2024,AliorBank Team,oe:team:ccf3ac6ecc7f9a46f87a052deebe32e,AliorBank Team,10,1.0
2024,All Knights,oe:team:ac644a006bcf1a44682d666df19864c,All Knights,38,1.0
2024,Angry Bats,oe:team:134d1af7b5cafdd70f8f1ecdb2306c7,Angry Bats,4,1.0
2024,Ankora Gaming,oe:team:df045d28ec9b0b40ea9eb6ab50693ac,Ankora Gaming,27,1.0
2024,Anorthosis Famagusta Esports,oe:team:5f1bc4a914b49c7b7ff4c2f1b8d8df9,Anorthosis Famagusta Esports,62,1.0
2024,Antic Esports,oe:team:22fca4d0e6f23af1d0bfc7b3b4de18c,Antic Esports,56,1.0
2024,Anubis Gaming,oe:team:f2094ae60f9b1f3b6a17ad88ad75fc1,Anubis Gaming,33,1.0
2024,Anyone's Legend,oe:team:ed28f87f0cfdba0a2a8f183cebae73a,Anyone's Legend,89,1.0
2024,Anyone's Legend.Young,oe:team:4278e8a32eefe381f75ac6d09218de3,Anyone's Legend.Young,65,1.0
2024,Apex Mission Impossible,oe:team:fa12fb801e77d60b9fde291b93c5d3f,Apex Mission Impossible,15,1.0
2024,Ascendance (Turkish Team),oe:team:1ae6f1e266a5dd14d303f25facc35fd,Ascendance,3,1.0
2024,Atleta Esport,oe:team:2857b1b013cbea649c5c610a18efa44,Atleta Esport,57,1.0
2024,Atletec,oe:team:e0ec1fed6e0949a0aef5f506ccb76ce,Atletec,6,1.0
2024,Aurora (Belgian Team),oe:team:9d360cb53ceabaf46a078820f7370b5,Aurora,12,1.0
2024,Austrian Force willhaben,oe:team:a1934e3feca7db728021f9c61a6bc27,Austrian Force willhaben,51,1.0
2024,Axolotl,oe:team:e7121adad88546bce0ff2cc41c2d343,Axolotl,31,1.0
2024,BGA eQuizers,oe:team:01b5dd4629769111733c78dd9a011b7,BGA eQuizers,21,1.0
2024,BK ROG Esports,oe:team:c40f6d0d20a7a718c60342e48c144a2,BK ROG Esports,95,1.0
2024,BNK FEARX,oe:team:5c2e7e9ea8dfcba0150d9a5619baecf,BNK FEARX,48,1.0
2024,BNK FEARX Youth,oe:team:20edec57649c30e1ed81e4b42634ac1,BNK FEARX Youth,51,1.0
2024,BRUTE,oe:team:ddb6aa775eebeffd5cc41ba5c35c6a1,BRUTE,35,1.0
2024,BWE Esports,oe:team:82e3504486eabe3575dc4b5ff507451,BWE Esports,32,1.0
2024,Baam Esports,oe:team:b1a205489742f1e0600c6489b5d15a8,BAAM Esports,3,1.0
2024,Back2TheGame,oe:team:544b70d08c7df83ccb74d08a677b902,Back2TheGame,100,1.0
2024,Back2TheGame Outlaws,oe:team:544b70d08c7df83ccb74d08a677b902,Back2TheGame,4,1.0
2024,Barça eSports,oe:team:2d1b8a518ba70fe8352fb0fdd8aec1a,Barça eSports,68,1.0
2024,BeFive,oe:team:548579194cfbf70ae730c1f1c24a013,BeFive,53,1.0
2024,Berlin International Gaming,oe:team:3de935df8f40fbb4d0e564d4a20e6cb,Berlin International Gaming,60,1.0
2024,Beyond Gaming,oe:team:89008bdacc273b554227d6b76869381,Beyond Gaming,38,1.0
2024,Beşiktaş Esports,oe:team:4f19751f9f051533995772897da2d77,Beşiktaş Esports,71,1.0
2024,Bilibili Gaming,oe:team:d356a144644879dabb5f34cd99c886d,Bilibili Gaming,162,1.0
2024,Bilibili Gaming Junior,oe:team:4dfc9a0f1a6e1f2fcd8169ad3cdc5da,Bilibili Gaming Junior,67,1.0
2024,Black Rock Esports,oe:team:d30e66a7990e43d1f69a003206d70dd,Black Rock Esports,14,1.0
2024,Blue Otter,oe:team:009345cfebfe411229f8fad11210219,Blue Otter,53,1.0
2024,BlueWhites,oe:team:1e721d47851a84b2858863e83516b9c,BlueWhites,27,1.0
2024,BoostGate Esports,oe:team:331c852427c61f82050b618c2b442c4,BoostGate Esports,80,1.0
2024,Burning Core Toyama,oe:team:73c73a123b43e071470729f74ef2022,Burning Core Toyama,40,1.0
2024,Burning Core Toyama Academy,oe:team:26de0e706bbdee6670640bb499d80a9,Burning Core Toyama Academy,21,1.0
2024,CCG Esports,oe:team:048e91c09583c84485494a087471c3f,CCG Esports,37,1.0
2024,CERBERUS Esports (Vietnamese Team),oe:team:05825167aedac3dc1e6f72133f52604,CERBERUS Esports,54,1.0
2024,CORE 128,oe:team:1ea3ba0a6fe2a84009902077124947c,CORE 128,13,1.0
2024,CTBC Flying Oyster,oe:team:0916b3c324c8577b0c6344f3e067f62,CTBC Flying Oyster,78,1.0
2024,CTBC Flying Oyster Academy,oe:team:2d2d70decb08dfb9bd23327e33e4198,CTBC Flying Oyster Academy,64,1.0
2024,CYRUS,oe:team:67e0f56bd57e2c81697e6936eb6fd66,CYRUS,12,1.0
2024,Case Esports,oe:team:a7d0fbf8d498d1ecf38752df7f6259d,Case Esports,34,1.0
2024,Castle Berry,oe:team:88e677ab2cae428472297ee0b24de0a,Castle Berry,8,1.0
2024,Chienhsin Bear,oe:team:435f9b3d0b3ae3b58516d7bd843a988,Chienhsin Bear (健行熊),57,1.0
2024,Cincinnati Fear,oe:team:969667ee6e31f83d6da935558895498,Cincinnati Fear,35,1.0
2024,Cloud9,oe:team:fc8e90107dabb9a35c490b0d86adea0,Cloud9,53,1.0
2024,Comanchero Gaming,oe:team:90fbd91d902c12f09a5240cfa9ab02d,Comanchero Gaming,11,1.0
2024,Connecting Esports,oe:team:8b1ecabb6bba3b37566ed7b51e1f9af,Connecting Esports,5,1.0
2024,Contingent Esports,oe:team:065c49bcfb74d3fbda261369253b622,Contingent Esports,9,1.0
2024,Coven,oe:team:676672c934fc8d49a87f3de987a0e5c,Coven,10,1.0
2024,Crvena zvezda Esports,oe:team:f4b807048502e27f01499f06b235a9a,Crvena zvezda Esports,44,1.0
2024,Cyber Wolves,oe:team:fb1fd138f4e0b99eacbe4da8395e94d,Cyber Wolves,32,1.0
2024,Cyberground Gaming,oe:team:7894460f171d66e8ffc149c05b056a8,Cyberground Gaming,6,1.0
2024,DELTALAND,oe:team:584bd4429ff126b7a3ad272200aa6ff,DELTALAND,9,1.0
2024,DG Esports,oe:team:b5e47225b5e13f4d8fc673c8ade41fb,Saigon Dino,12,1.0
2024,DMG Esports,oe:team:147e28c0910250269fbc430f9f42010,DMG Esports,35,1.0
2024,DREN Esports,oe:team:ee569c9f5e85fba8fcf57d51b1b78ed,DREN Esports,24,1.0
2024,DRX,oe:team:1d0389df0c5eea93b04122ba167c010,Kiwoom DRX,83,1.0
2024,DRX Academy,oe:team:d6bba391a1129002440759541df27e0,DRX Academy,31,1.0
2024,DRX Challengers,oe:team:d2e8948728f7e4aeb9ee27e753315bc,Kiwoom DRX Challengers,87,1.0
2024,DRX Shinhan Bank,oe:team:d6bba391a1129002440759541df27e0,DRX Academy,39,1.0
2024,DSC3V,oe:team:bf7163477e0f18c36e46e90f61e0175,DSC3V,19,1.0
2024,DSYRE,oe:team:3e3ca0895ded506fd637e723d6ae2a1,DSYRE,75,1.0
2024,DUCKIE GETTERS,oe:team:35bad3c0a9d1dbf8f9374edc897126b,DUCKIE GETTERS,27,1.0
2024,Dango SB,oe:team:6da30cd905c797eaea30aeb18bc091a,Dango SB,11,1.0
2024,Dark Passage,oe:team:a42600a99997fca0d35f2821662b997,Dark Passage,73,1.0
2024,Deep Cross Gaming,oe:team:7e56e9367c023df96cc8257ff4e16c0,Deep Cross Gaming,77,1.0
2024,Deep Cross Gaming Academy,oe:team:60b05f35ec3d0e7ef1d475e9fb5cdbe,Deep Cross Gaming Academy,53,1.0
2024,Delta Syndicate,oe:team:d7b1c568f7a023c10d7ad7778b48cc7,Delta Syndicate,39,1.0
2024,DetonatioN FocusMe,oe:team:e435aa3ecb82a89e60544f5f5857a81,DetonatioN FocusMe,85,1.0
2024,DetonatioN FocusMe Academy,oe:team:845f7165c7cdaad9d2a2d764375d0df,DetonatioN FocusMe Academy,47,1.0
2024,Dewish Team,oe:team:f7c0f545d3fc1860239d04b3ebe97f8,Dewish Team,6,1.0
2024,Diamant Esports,oe:team:830f05a5024d0794bd8d5b598b2432b,Diamant Esports,35,1.0
2024,Dignitas,oe:team:0dbb780176ecad18f17292d1f5653af,Dignitas,48,1.0
2024,Dire Wolves,oe:team:cd6e0eea04af23b9c0735dab41a9941,Dire Wolves,31,1.0
2024,Disguised,oe:team:289284911fb6f41c0ccaecc3a0c2891,Disguised,67,1.0
2024,Diversion Gaming,oe:team:8065dbb2f6c7eb09df70a55bea52136,Diversion Gaming,12,1.0
2024,Dogs of War,oe:team:bae5c5b458ee21472c7f6f270990bfe,Veni Vidi Vici,13,1.0
2024,Domme Jongens,oe:team:f8d1a83e0a00a6ba5b0b1bc4c5b28c7,Domme Jongens,4,1.0
2024,Dplus KIA Challengers,oe:team:64f78960f955a6b659025e38b4f0a18,Dplus Kia Challengers,101,1.0
2024,Dplus KIA Youth,oe:team:503cf7645c53c8f084b5cbdec6744a7,Dplus Kia Academy,72,1.0
2024,Dplus Kia,oe:team:ef69efa6acebe94107f0cf1ba716806,Dplus Kia,133,1.0
2024,Dplus Kia Challengers,oe:team:64f78960f955a6b659025e38b4f0a18,Dplus Kia Challengers,20,1.0
2024,Dplus Kia Youth,oe:team:503cf7645c53c8f084b5cbdec6744a7,Dplus Kia Academy,8,1.0
2024,Dragonsteel,oe:team:73062b9e7b567b8cd1f200e96efecc5,Dragonsteel,35,1.0
2024,Dragoon's Goons,oe:team:c1b674b53e16ce7d513f9017d2fd62e,Dragoon's Goons,34,1.0
2024,Dream Makers,oe:team:f33930460c641ba8c7ffe11342c08ef,Dream Makers,53,1.0
2024,Dutch Community Team,oe:team:7095511f957b70cdefc430c4c177457,Dutch Community Team,3,1.0
2024,Dynamo Eclot,oe:team:e3f89acb10ecd65327fa954ff2ec047,Dynamo Eclot,49,1.0
2024,Dynasty,oe:team:5c1d767e4c02111f0def3b6691b4851,Dynasty,36,1.0
2024,E WIE EINFACH E-SPORTS,oe:team:26ff1a9f7fb8e976fbdcc5d2a8ac397,E WIE EINFACH E-SPORTS,36,1.0
2024,ECORP,oe:team:8120bc8b433f77dac74abd20771f8a1,ECORP,5,1.0
2024,EDward Gaming,oe:team:056c3140a119e44a03d462e2c832f27,EDward Gaming,72,1.0
2024,EDward Gaming Youth Team,oe:team:6a04b6d8daa2cb0c623e81db686de40,EDG Youth Team,66,1.0
2024,EGN Esports,oe:team:8d48390319b4f7c25c13dd410b3a0bf,EGN Esports,57,1.0
2024,EKO Esports,oe:team:d455b12f2d0ae8596211073fb17c14d,EKO Esports,34,1.0
2024,ENEMI3S,oe:team:4e32226d1afb63dde4a39d02cb1cd0f,ENEMI3S,36,1.0
2024,EQX,oe:team:7f470540da8b0e7f3731c8273f8489e,EQX,3,1.0
2024,EXILE esports,oe:team:dba2e551039e079ceae513ba7386109,EXILE esports,29,1.0
2024,Eclipse Gaming (Latin American Team),oe:team:df307a715ef3aff2837cf96bfa86685,Eclipse Gaming,19,1.0
2024,Eintracht Frankfurt,oe:team:48199c3e87ac9d14cdf50169f8eaabc,Eintracht Frankfurt,36,1.0
2024,Eintracht Spandau,oe:team:980ab072663574c2e4fca71f275d302,Eintracht Spandau,83,1.0
2024,Entropiq,oe:team:06554c70cfe8a6be14b004b3c18abe6,Entropiq,87,1.0
2024,Erfolg Esports,oe:team:4103ef051074f24e9566d1b7443c3fb,Erfolg Esports,46,1.0
2024,Esport STUBA,oe:team:17fa6b1358f7feeb5a68bbf5cd3d0d6,Esport STUBA,30,1.0
2024,Esprit Shōnen,oe:team:df682d5adfed257780a68a85004ed27,Esprit Shōnen,34,1.0
2024,Estral Esports,oe:team:1c81857b6ce6a3c1cd9220fd97e077f,Estral Esports,74,1.0
2024,Europe Saviors Club,oe:team:e1a6907d696e9dab6cd3d954ac2aa76,Europe Saviors Club,13,1.0
2024,FC Schalke 04 Esports,oe:team:1d0f5e58f39613aff1a3dd4ed85933e,FC Schalke 04 Esports,60,1.0
2024,FLY5,oe:team:14954f645b2dba17a0d9a4b3466a75b,FLY5,23,1.0
2024,FURIA,oe:team:87e3e1e75839f75a10bbc66e894d806,FURIA,53,1.0
2024,FURIA Academy,oe:team:0ced2ec7ba6127cccf42c5da4bcf9c0,FURIA Youth,57,1.0
2024,FURY Global,oe:team:6b379ef5d9ba6269ee1ec9e37f54cb7,FURY Global,32,1.0
2024,FUT Esports,oe:team:8df5e2c8825f60f136b2cbed5633a81,FUT Esports,57,1.0
2024,Fear x Starforge,oe:team:40b32b2ffef74fa6069942534eb432d,Fear x Starforge,57,1.0
2024,FearX,oe:team:5c2e7e9ea8dfcba0150d9a5619baecf,BNK FEARX,43,1.0
2024,FearX Academy,oe:team:eade4a74478f5f903aeec82cedcd13d,BNK FEARX Academy,36,1.0
2024,FearX Youth,oe:team:20edec57649c30e1ed81e4b42634ac1,BNK FEARX Youth,47,1.0
2024,FlameHard,oe:team:0777dce04475528bdf4062724306b06,FlameHard,5,1.0
2024,Fluxo,oe:team:ca3882dbcefa68eac0892e3218080db,Fluxo,45,1.0
2024,Fluxo Academy,oe:team:5ecdc5d869196e2d21f1491520820e1,Fluxo Academy,31,1.0
2024,FlyQuest,oe:team:2e66da41dc460dd378e3bcc57042d31,FlyQuest,88,1.0
2024,FlyQuest Challengers,oe:team:b2ff895cdc5bf3ed50f501883eb4201,FlyQuest NZXT,35,1.0
2024,FlyQuest NZXT,oe:team:b2ff895cdc5bf3ed50f501883eb4201,FlyQuest NZXT,37,1.0
2024,Fnatic,oe:team:78f183fa5a7d8ecb22b9ad272c3abd7,Fnatic,116,1.0
2024,Fnatic TQ,oe:team:8a7675b5d0c1386df989adf7428201b,Fnatic TQ,3,1.0
2024,Fog Esports,oe:team:86b46a299f5fb0b6af80a07785b2090,Fog Esports,9,1.0
2024,Forsaken (Polish Team),oe:team:9e12a15ab90a0a26c7e4e5308d3924c,Forsaken,66,1.0
2024,Fourth Wall,oe:team:ad74f35a586017e4be6c3d75d4d7fe9,Fourth Wall,4,1.0
2024,Fox Gaming,oe:team:04b0bb961538735de30f92ad6e7cc60,Fox Gaming,36,1.0
2024,Frank Esports,oe:team:957a0b20bb6ce6491d39eb82e5fcb17,Frank Esports,97,1.0
2024,Frank Esports Academy,oe:team:f6f46fec64efaa34b25700ce7a88e44,Frank Esports Academy,67,1.0
2024,Fuego,oe:team:0f0f407ca567fc73cc83d541ef45731,Fuego,43,1.0
2024,Fukuoka SoftBank HAWKS gaming,oe:team:d8ca3fc1f0827ec76369af7b70d43e3,Fukuoka SoftBank HAWKS gaming,93,1.0
2024,Fullclear Esports,oe:team:290627d9d3b48188e614d4433d66630,Fullclear Esports,14,1.0
2024,FunPlus Phoenix,oe:team:33d17f3717f58e12a3da80b377221fb,FunPlus Phoenix,90,1.0
2024,FunPlus Phoenix Blaze,oe:team:68d9c4b067b3b6d5f3d5e4b1adc9f6e,FunPlus Phoenix Blaze,62,1.0
2024,Furious Gaming,oe:team:6414602bd3443e9f8c3aae5c73bbc5a,Furious Gaming,17,1.0
2024,G2 Esports,oe:team:7d6673d3a9d00363c6bebc1a630da6e,G2 Esports,124,1.0
2024,GAM Esports,oe:team:9cae7677cd0dbcc1cd86653870b73c2,GAM Esports,115,1.0
2024,GIANTX,oe:team:6cd05f0ac20bfb965a59dc8bcc4f184,GiantX,48,1.0
2024,GIANTX PRIDE,oe:team:4349ed857362135b73b20e8b27c4114,GIANTX iTero,57,1.0
2024,GLORE.FIFINE,oe:team:5e86e312935ad545ee215e67adcee9c,GLORE,61,1.0
2024,GMBLERS Esports,oe:team:eb2f7366b23f654102ef78cfbd9ab56,GMBLERS Esports,7,1.0
2024,GRP Esports,oe:team:2d038b581c7aa5565f197e93de4ff35,GRP Esports,33,1.0
2024,GTZ Esports,oe:team:3659b5cb3434354530c31ce71461fc1,GTZ Esports,69,1.0
2024,Galakticos,oe:team:28428f3022fc1ea52264b35912093dc,Galakticos,42,1.0
2024,GameWard,oe:team:312ee76ca74cbb5cb984d8b71ef4847,GameWard,63,1.0
2024,Gamespace Mediterranean College Esports,oe:team:4410ecf1b88f1316b6e6c110120c896,Gamespace Mediterranean College Esports,74,1.0
2024,Geekay Esports,oe:team:1ff3f5c94edd806e1fed4105fc48995,Geekay Esports,81,1.0
2024,Gen.G,oe:team:50f58982d91a36557ec8aec52ab014f,Gen.G,139,1.0
2024,Gen.G Global Academy,oe:team:4c9dd0212552afe76315b616b7891f5,Gen.G Global Academy,89,1.0
2024,Gen.G Scholars,oe:team:86318836d208e1ac7c6cc6ae0d4afbe,Gen.G Scholars,73,1.0
2024,Gentle Hearts Gaming,oe:team:63a32d4afe1be641dd23499aca68dc2,Gentle Hearts Gaming,15,1.0
2024,Gentle Mates,oe:team:d2c27cb51cedbbac1752f1ec81addc4,Gentle Mates,68,1.0
2024,Geração Estrutura,oe:team:e57714ba6424bd674f7aaa8d2f67695,Geração Estrutura,5,1.0
2024,Giants (Spanish Team),oe:team:6dd9fc16013a656e475c1b1eb7d4e06,Giants,7,1.0
2024,GnG Amazigh,oe:team:c9d247506c051256fff4babbcfcab82,GnG Amazigh,28,1.0
2024,Golden Guardians,oe:team:87ee02298073abc2d55060f097d4041,Golden Guardians,3,1.0
2024,Gravity (2024 North American Team),oe:team:34f7ef1c31ed62eebd077936879b1b3,Gravity,7,1.0
2024,Ground Zero Gaming,oe:team:788115a84f68bc65fa6d3a4e0f67a3e,Ground Zero Gaming,63,1.0
2024,Guangdong Flying Tigers,oe:team:53f52b247cb7772fe473ef03d29f09c,Guangdong Flying Tigers,8,1.0
2024,Guasones,oe:team:91c35185025768de7d8aa448933f56c,Guasones,58,1.0
2024,Guinea Pink,oe:team:a599bf4fe20c6be57044f7319b04e3d,Guinea Pink,42,1.0
2024,H3ARTS,oe:team:9612b71bae1efe2a13f2fa4df2a421a,H3ARTS,7,1.0
2024,HEET,oe:team:6567b6e67c534f15e044f3b430fef3e,HEET,4,1.0
2024,HELL PIGS,oe:team:a31fdd71fc715fc1ee4a50fe19e828e,HELL PIGS,40,1.0
2024,Hanwha Life Esports,oe:team:3a1d18f46bcb3716ebcfcf4ef068934,Hanwha Life Esports,124,1.0
2024,Hanwha Life Esports Academy,oe:team:2acbd6362cc5096e13641bd088a72a6,Hanwha Life Esports Academy,68,1.0
2024,Hanwha Life Esports Challengers,oe:team:2a5e5fceaa40b335ebc6b49359abf62,Hanwha Life Esports Challengers,106,1.0
2024,Heracles Gaming,oe:team:9c11dcc627ab2baf49d113ce6aba078,Heracles Gaming,8,1.0
2024,Hungkuang Falcon,oe:team:672aa1aa4e9ac51d56830a3652dbc8b,Hungkuang Falcon (弘光獵鷹),50,1.0
2024,Hurricane of Feathers,oe:team:38eebf1d7f1cbc9ee434d8bea9b33cc,Hurricane of Feathers,41,1.0
2024,IME Wolves,oe:team:5da32456c86f1fef9fede107131e769,IME Wolves,4,1.0
2024,INFINITY,oe:team:7e3dd5ff49e1a44784d225d2de40260,inf,68,1.0
2024,INTZ,oe:team:bcb21457414eb9be1d27489ff7e8e59,INTZ,36,1.0
2024,INTZ Academy,oe:team:532875bcf5a8fb1cd2f05cd0001bbf6,INTZ Academy,28,1.0
2024,ION Global Esports,oe:team:788b5f2d3941c1a0d7961eaf043e4f1,ION Global Esports,39,1.0
2024,Ici Japon Corp. Esport,oe:team:7d2c778dc03e3fe0db9e45a57895b88,Ici Japon Corp. Esport,60,1.0
2024,Ilha das Lendas,oe:team:e04bb02c9f91cabcdcea575d09e4c58,Ilha das Lendas,26,1.0
2024,Illuminar Gaming,oe:team:6cedba5819b5b7c465cb3bb48bfe855,Illuminar Gaming,4,1.0
2024,Immortals,oe:team:c334c629fea759876e9e04afbe4aee7,Immortals,29,1.0
2024,Impunity,oe:team:215b3bc4217842708191cc9be161132,Impunity,79,1.0
2024,Inside Games,oe:team:c2bd1dd17a070dbbb8df9aefb634a41,Inside Games,17,1.0
2024,Invictus Gaming,oe:team:53a258f289c26d94431c0496a54e151,Invictus Gaming,88,1.0
2024,Invictus Gaming Young,oe:team:01c9a45038d103935dc69490914f530,Invictus Gaming Young,76,1.0
2024,Iron Wolves,oe:team:bc9bdf946d79f2f1f483b429a7dfffc,Iron Wolves,27,1.0
2024,Isurus,oe:team:5737b101780a9835142549164be1ac4,Isurus,72,1.0
2024,Izanagi Ignis,oe:team:6a1d38823bbf62daf83a3281d26ef81,Izanagi Ignis,4,1.0
2024,IziDream,oe:team:84bc703e28859788770611d94cf02ac,IziDream,59,1.0
2024,J Team,oe:team:b41d715b166da7092724123264e4560,J Team,56,1.0
2024,JD Gaming,oe:team:b42d0f31f2727621b963042276817c4,JD Gaming,122,1.0
2024,Janus Panter,oe:team:a4210a7157a4ecda3230e3a4465ac5c,Janus Panter,14,1.0
2024,Ji Jie Hao,oe:team:98b04bf2ce15d307f6afb1254004629,Ji Jie Hao (集结号),54,1.0
2024,Joblife,oe:team:7380b73561abdd86c2391e9481acd4b,Joblife,46,1.0
2024,Joy Dream,oe:team:ae2a2737a8d8d2b8e396dabae0e149b,Joy Dream,71,1.0
2024,Juicy Ballers,oe:team:14f8bede5684e16daaa0c21247b5bcb,Juicy Ballers,8,1.0
2024,Jörmungang,oe:team:13697a0e9b7df2bbb787cca7b9fd140,Jörmungang,16,1.0
2024,KOI Academy,oe:team:ca93fb52911145b76f82c3a3af6d007,Finetwork KOI,13,1.0
2024,KRC Genk Esports,oe:team:01a959b2a20ca77057e580ec051aa3e,KRC Genk Esports,34,1.0
2024,KT Rolster,oe:team:d723992568441c6bafa2658129eade7,KT Rolster,113,1.0
2024,KT Rolster Academy,oe:team:14ef7370c4cbc9bc08a771e3f7cbb4d,KT Rolster Academy,76,1.0
2024,KT Rolster Challengers,oe:team:b9733b8e8aa341319bbaf1035198a28,KT Rolster Challengers,118,1.0
2024,KaBuM! Academy,oe:team:5fa7169f2a9ba7a17a9ce3afd59643d,KaBuM! Academy,52,1.0
2024,KaBuM! Esports,oe:team:86e551648da70c86cb473ce5d5f26f7,KaBuM! Esports,44,1.0
2024,Kanga Esports,oe:team:40ca71047541a6edbbb6e29893f9058,Kanga Esports,30,1.0
2024,Karmine Corp,oe:team:f3aa9bbd924ce3af42ac53f8326bc7c,Karmine Corp,46,1.0
2024,Karmine Corp Blue,oe:team:42bf6c1040db8f2221ff017fa4d34e4,Karmine Corp Blue,84,1.0
2024,Kaufland Hangry Knights,oe:team:0410783728358f6e711de31a6f1e8f9,Kaufland Hangry Knights,9,1.0
2024,Kawaii Kiwis,oe:team:8eb9a212591f919a353abfac0c0a52a,Kawaii Kiwis,46,1.0
2024,Keypulse Esports,oe:team:d9f29b4eac8fd2a40f5a117e294316f,Keypulse Esports,30,1.0
2024,Klanik Esport,oe:team:0ade5e44c23039bca133eee58ec1b83,Klanik Esport,40,1.0
2024,Komodo (North American Team),oe:team:67d3ec1d2fa3c09c24d226fc7eb0046,Komodo,13,1.0
2024,Kwangdong Freecs,oe:team:b3c72a20aa56f5d28022ac04a7dc294,DN SOOPers,90,1.0
2024,Kwangdong Freecs Academy,oe:team:00ae39840233a9dc8db235166c32ba7,DN SOOPers Academy,67,1.0
2024,Kwangdong Freecs Challengers,oe:team:f78d56f289804906a627706f330ee06,DN SOOPers Challengers,104,1.0
2024,LGD Gaming,oe:team:5f401785b6b78326f9a46b3c6b206ed,LGD Gaming,86,1.0
2024,LGD Gaming Young Team,oe:team:6100f2588a65a71921d4f8ee206d94e,LGD Gaming Young Team,69,1.0
2024,LNG Academy,oe:team:2506f4369f41031c5ae85640da9f749,LNG Academy,65,1.0
2024,LNG Esports,oe:team:a9145b7711873f53e610fbba0493484,LNG Esports,113,1.0
2024,LODIS (Polish Team),oe:team:6d98739f80c37e5b5c2431950983a05,LODIS,8,1.0
2024,LOUD,oe:team:658a021a796aa5501503220adb38cf4,LOUD,75,1.0
2024,LOUD Academy,oe:team:611801d741d02f705ab3433a71ce43f,LOUD Academy,49,1.0
2024,LUA Gaming,oe:team:374ab80ad8c28c38cd170e188e4aca8,LUA Gaming,18,1.0
2024,Laranja Mecânica Ignis,oe:team:117f005eb1a2ed7a76379270629c831,Laranja Mecânica Ignis,4,1.0
2024,Leviatan,oe:team:53ef3d5a3ac5d88bc000eff7d87aeb3,Leviatan,55,1.0
2024,Leões Porto Salvo Esports,oe:team:0957b09f054bf983fcc61228d919bef,Leões Porto Salvo Esports,12,1.0
2024,LiT Esports,oe:team:7109f52153fb32f851ab4af575c272c,LiT Esports,32,1.0
2024,Liberty,oe:team:84e1da9e55480128662cfdfe79cb892,Liberty,36,1.0
2024,Liberty Academy,oe:team:0de5bc0ac90e504b773c2d2d09edc81,Liberty Academy,39,1.0
2024,Liiv SANDBOX Academy Online,oe:team:f028b03d55190de2e3db0332acb61c3,Liiv SANDBOX Academy,32,1.0
2024,Lille Esport,oe:team:f9d5cf621532c5ac51e0947d7098b7f,Lille Esport,33,1.0
2024,Lionscreed,oe:team:4fcce38bb1040d265360c445aa5875a,Lionscreed,28,1.0
2024,Lotus (North American Team),oe:team:068598211100000c050b32c63748313,Lotus,30,1.0
2024,Lotus Knights,oe:team:cb0b5e954436709699e6b94a82e991b,Lotus Knights,5,1.0
2024,Lundqvist Lightside,oe:team:91e745607dea86d98f6307553e0491d,Lundqvist Lightside,27,1.0
2024,Lupus Esports,oe:team:1b4462a50541e063fc148be4082fd0b,Lupus Esports,32,1.0
2024,Lynch Esports,oe:team:d7ead772c393c12c978e820f07202e7,Lynch Esports,9,1.0
2024,LØS,oe:team:ea65e6cc48a9be50fc5334369a5fca5,LØS,44,1.0
2024,LØS Academy,oe:team:494084b2b199c80ed746561d08a1683,LØS Academy,28,1.0
2024,L’art de la Guerre,oe:team:6e57bc5e53adaaa2cb7c3c69cec3798,L’art de la Guerre,6,1.0
2024,MAD Lions,oe:team:6a0084dacefb228be863fbb64cefe11,MAD Lions KOI,5,1.0
2024,MAD Lions KOI,oe:team:6a0084dacefb228be863fbb64cefe11,MAD Lions KOI,85,1.0
2024,MAMMOTH,oe:team:7bd8d762a338118fce3df129202eaed,MAMMOTH,26,1.0
2024,MAX (Chinese Team),oe:team:91c9cf14d344ea993274f77fd9fa508,MAX,56,1.0
2024,MGN Blue Esports,oe:team:f120b297d22778c31d145387ae3a372,MGN Blue Esports,57,1.0
2024,MGN Box Esports,oe:team:f120b297d22778c31d145387ae3a372,MGN Blue Esports,18,1.0
2024,MHSC Esport,oe:team:91b2523df100990f9ca59be20dc3244,MHSC Esport,45,1.0
2024,MIBR,oe:team:d480fbbd7d17c53d88e53ce1b74cb1d,MIBR,6,1.0
2024,MOUZ NXT,oe:team:7c4854374e4daa6b00206eb922359a9,MOUZ NXT,44,1.0
2024,MS Company,oe:team:14ad76b8d9e647d4b29c3d26ecd29c9,MS Company,6,1.0
2024,Macko Esports,oe:team:a2e63aee03585f0b37ff4cad936e349,Macko Esports,90,1.0
2024,Maelstrom Esports,oe:team:73e0f9b604d3a8278df751b481e833e,Maelstrom Esports,7,1.0
2024,Malvinas Gaming,oe:team:d5772fdb1ae7fcc8046fa2e056a8715,Malvinas Gaming,14,1.0
2024,Maryville University,oe:team:9336ce46babf314b50e3a103506ae0a,Maryville University,41,1.0
2024,MattyUSA LODIS,oe:team:6d98739f80c37e5b5c2431950983a05,LODIS,27,1.0
2024,Maverix,oe:team:601cc8d49e98a9fcd0c4e674157d628,Maverix,44,1.0
2024,Meow Gaming Club,oe:team:086ca806ed58727cbb991f2464281ac,Meow Gaming Club,22,1.0
2024,Meta Gaming,oe:team:541d18c9fef51d35e84731aeff4fc70,Meta Gaming,29,1.0
2024,MiaoJing,oe:team:3fbe14cabc2c91b41d58e14930276fd,MiaoJing (妙竞),51,1.0
2024,Mind Blue eSports,oe:team:83f5468c58ea895ffadba299f475a14,Mind Blue eSports,5,1.0
2024,Mirage Alliance,oe:team:1d1d0b0c76290957c7c9aa69a3ae4e7,Mirage Alliance,27,1.0
2024,Misa Esports,oe:team:196ea640b81c54e20e32b6294ab9769,Misa Esports,64,1.0
2024,Movistar KOI,oe:team:4acc40654379b4da680be1bd3129dfa,Movistar KOI,56,1.0
2024,Movistar R7,oe:team:2cb996a4b0ffaca3bcf66fe91450243,Movistar R7,85,1.0
2024,Movistar Riders,oe:team:4acc40654379b4da680be1bd3129dfa,Movistar KOI,11,1.0
2024,Myth Esports,oe:team:04bb54d81b8d6daaaf0eee289e9eb03,Myth Esports,57,1.0
2024,NASR eSports Turkey,oe:team:1bcba9d314932379a955b3de9e8654d,NASR eSports Turkey,33,1.0
2024,NNO Prime,oe:team:2ae1a4c6fe17bf70dd4b5520d60f55b,NNO Prime,74,1.0
2024,NONAME (Turkish Team),oe:team:ec818d10e53bf2300b0b2171c57a47b,NONAME,12,1.0
2024,NORD Esports,oe:team:6ef01b22224b92f917d70dd9f33568b,NORD Esports,53,1.0
2024,NOVO Esports,oe:team:b3407aff8f36af4d7492aceb5b6bfd6,NOVO Esports,4,1.0
2024,NRG,oe:team:e758ebe9a5a2cc81b9c8078479c2d87,NRG,49,1.0
2024,NXT,oe:team:3f15fada7994f98f3bc6207bed01c16,NXT,15,1.0
2024,Nate.A,oe:team:85094958b197b0a0eba1f077f61bca6,Nate.A,9,1.0
2024,Nate9527,oe:team:2ca17e7780f4966b73fcf5f3e4ff97b,Nate9527,19,1.0
2024,Nativz,oe:team:a73a242584df96b35d6e606d93608f8,Nativz,28,1.0
2024,Next Level Esports,oe:team:4a2f7060cf6155e968865d1bb8868d2,Next Level Esports,4,1.0
2024,Nigel's Last Tiles,oe:team:c7d3dad1236a94efda11c4c6dddbf24,Nigel's Last Tiles,4,1.0
2024,Nightblood Gaming,oe:team:5c7efc253888e6f167f6ba04a39c2fe,Nightblood Gaming,5,1.0
2024,Nigma Galaxy Male,oe:team:c6aa23f2afcbe6fc281c7bb9b96c843,Nigma Galaxy,70,1.0
2024,Ninjas in Pyjamas.CN,oe:team:48d7941ccbd5b89aca46c57b0c2f8fb,Ninjas in Pyjamas,124,1.0
2024,Nongshim Esports Academy,oe:team:7c64febcd5ccff13dcd035dc6867a00,Nongshim Esports Academy,102,1.0
2024,Nongshim RedForce,oe:team:5cd2cd09ec94296f605dd13a2924d6c,Nongshim RedForce,84,1.0
2024,Nongshim RedForce Academy,oe:team:ff07fcf769a41fa17ded4746368d6c7,Nongshim RedForce Academy,36,1.0
2024,OGC Esports,oe:team:74168817a4be4c1592aa886a083c3fb,OGC Esports,14,1.0
2024,OGC Sigma Esports,oe:team:df3a003b928fe81923968edd1e34644,OGC Sigma Esports,18,1.0
2024,OKSavingsBank BRION,oe:team:b77b3f6068e20a2b3edc0ecd3dc70d4,HANJIN BRION,82,1.0
2024,OKSavingsBank BRION Academy,oe:team:cea8093762c0842e5bb4a1c2a4f7d66,HANJIN BRION Academy,77,1.0
2024,OKSavingsBank BRION Challengers,oe:team:fa3d687a87bcae80362f784a7da571d,HANJIN BRION Challengers,93,1.0
2024,Odivelas Sports Club,oe:team:fca935f82fd01de843aa2799eb575ea,Odivelas Sports Club,30,1.0
2024,Oh My God,oe:team:f4c4528c6981e104a11ea7548630c23,Oh My God,79,1.0
2024,Oh My God Academy,oe:team:d6ede6ace357c075af068ccac12ae9f,Oh My God Academy,56,1.0
2024,Once Upon A Team,oe:team:e1cbefa2c9766f5deaa96d958a31e89,Once Upon A Team,35,1.0
2024,One More Esports,oe:team:ca663b1c89065ae6491db8e9cd5c305,One More Esports,28,1.0
2024,One Way Esports,oe:team:a181ac52921fccf36966206cb6591b0,One Way Esports,3,1.0
2024,Orbit Anonymo Esports,oe:team:63ae9b77e466107d6e94d22f956a48a,Anonymo Esports,57,1.0
2024,Original Gaming,oe:team:03625f7331ee82f52b8c79c576e23cd,Original Gaming,20,1.0
2024,Osaka,oe:team:0d70a380fe641d8206c6d43c185b9c2,Osaka,18,1.0
2024,Oxygen Kumiho,oe:team:6c2ceb74557e37080fd69a632a4f860,Oxygen Kumiho,12,1.0
2024,PRIMATE,oe:team:5d09f3012c419e96c75321094d349ab,PRIMATE,36,1.0
2024,PSG Talon,oe:team:4880b157399745e82e26e229d8bbf48,PSG Talon,108,1.0
2024,PSG Talon Academy,oe:team:7c1df37eb66c8c498b823787634c4bc,PSG Talon Academy,73,1.0
2024,Packmiko E-Sports,oe:team:5642dc48ef5216e995ecea7b12beec2,Packmiko E-Sports,8,1.0
2024,Papara SuperMassive,oe:team:5203ff881d5c82c5f720eb3a2f3b44c,Papara SuperMassive,86,1.0
2024,Parakeet Gaming,oe:team:ee8c33305d4b7aa4b351c9ccf602796,Parakeet Gaming,14,1.0
2024,Partizan Esports,oe:team:e42ade212c09777da0f54bffe481f6d,Partizan Esports,59,1.0
2024,Pee N W's,oe:team:fcb24fbdc2ca7983e16d184b5927332,Pee N W's,7,1.0
2024,PepePo,oe:team:4d9208e3292bbf1350fdda5d481dcd3,PepePo,7,1.0
2024,PepeTinkyWinky,oe:team:184a898435558234ff97bea69b4fe8f,PepeTinkyWinky,5,1.0
2024,Pertinax Esports,oe:team:178e4603342985e4154647761633799,Pertinax Esports,18,1.0
2024,Pirates IDV,oe:team:02f03b46fec3f3a0066dc511ba2fc68,Pirates IDV,17,1.0
2024,Project Conquerors,oe:team:ad003d7f74930eeab29a6029c3b9f52,Project Conquerors,34,1.0
2024,Pulse Star,oe:team:2b5d8344f95980c907bc6d7e7e59777,Pulse Star,31,1.0
2024,PÊEK Gaming,oe:team:db4e98d03fec12b08cb7a80b739c446,PÊEK Gaming,30,1.0
2024,RA'AD,oe:team:6a4c502c27267c22c54b431be11b43f,RA'AD,34,1.0
2024,RED Academy,oe:team:391e50581a00cea9f06b2d845b4de05,RED Academy,34,1.0
2024,RED Canids,oe:team:67169969ecc058b307edfa9c6b7a3c0,RED Canids,64,1.0
2024,RQS Esports,oe:team:24d4cca360ddad2c3eb478dce8a1a2e,RQS Esports,11,1.0
2024,Rainbow Warriors,oe:team:afeca2d124b58ca3538d968b859aa65,Rainbow Warriors,47,1.0
2024,Ramboot Club,oe:team:d17ce7a4192b52f8e1daf94c381c75f,Ramboot Club,62,1.0
2024,Rare Atom,oe:team:8516ca63facc91286d6c00212ca945e,Rare Atom,82,1.0
2024,Rare Atom Period,oe:team:67140a291d66109643b99e9dff2cbc3,Rare Atom Period,45,1.0
2024,Rebels Gaming,oe:team:60411922d8062ecea0c728af9c876a0,Rebels Gaming,47,1.0
2024,ReluminateGG,oe:team:9c83208cd5fdf2a69ef2b19e8e4b0a4,ReluminateGG,11,1.0
2024,Repre Gold,oe:team:d8d10f89b7b5b3575e975ff5cb59bf4,Repre Gold,10,1.0
2024,Rich Gang (Norwegian Team),oe:team:2b20d0fcdb72f7b490eb1dc468136cf,Rich Gang,9,1.0
2024,Rift Sloths,oe:team:6941c63e43125b02bacb47ff9707814,Rift Sloths,10,1.0
2024,Rise Gaming,oe:team:58af275511abd4695afad70410859ef,Rise Gaming,23,1.0
2024,Rise Gaming Ignis,oe:team:9cc94323ab0c26101a9c37dd37c2862,Rise Gaming Ignis,20,1.0
2024,Rogue (European Team),oe:team:cd62e47544f14f1d239afa659b9d243,Rogue,29,1.0
2024,Royal Club,oe:team:5e97f293e9986969e0abb397228dd6f,Royal Club,61,1.0
2024,Royal Never Give Up,oe:team:73f3126d91d35faa5d5ce34abadb865,Royal Never Give Up,75,1.0
2024,Ruddy Esports,oe:team:b1db6fe70c0141676d7a2e2660bd869,Ruddy Corporation,62,1.0
2024,SAMCLAN Esports Club,oe:team:c9c39ac4c61b8281f7107deb9e3a587,SAMCLAN Esports Club,16,1.0
2024,SAW (Portuguese Team),oe:team:a8a0eef53287f2902287c62a06cabd1,SAW,22,1.0
2024,SINS Esports,oe:team:a288f7a515a6cc02f21acdb9b593cf2,SINS Esports,4,1.0
2024,SK Gaming,oe:team:75760dca486d4682426196b76bd1a54,SK Gaming,52,1.0
2024,SK Gaming Prime,oe:team:aa8c3b781d96ddb7a24ab3240918988,SK Gaming Prime,74,1.0
2024,SNOOZE Esports,oe:team:d0cd5a00349efaf7a3b8df54e1357e2,SNOOZE Esports,33,1.0
2024,SPIKE Syndicate,oe:team:21903b00a2d96c19ca87cb0e4b28527,SPIKE Syndicate,45,1.0
2024,Sengoku Gaming,oe:team:984c3ce601b35d7617ad0bc8570946c,QT DIG∞,59,1.0
2024,Sengoku Gaming Academy,oe:team:e03a850dd5c4b5029e75de77a2afb98,Sengoku Gaming Academy,19,1.0
2024,Senshi eSports (Benelux Team),oe:team:9b09acb83880c52f76efbb9b6d17c2d,Senshi eSports,10,1.0
2024,Seven Dark,oe:team:2ab090cf81f9367248a25ca61a1568a,Seven Dark,3,1.0
2024,Shopify Rebellion,oe:team:b360f1d729b0a8e0f29a5243c4200fa,Shopify Rebellion,30,1.0
2024,Six Karma,oe:team:3d3456d514814ba68c9532044bc50e2,Six Karma,50,1.0
2024,Solary,oe:team:90938c428db11f6e372f5c6833b9743,Solary,47,1.0
2024,Spectacled Bears,oe:team:9aa855d087642f20ad7e3a7ae5c8251,Spectacled Bears,21,1.0
2024,Spinebusters E-Sport,oe:team:f6433b0a2d314da7847b34aa70e38df,Spinebusters E-Sport,7,1.0
2024,Stormbringers,oe:team:b469fd5f0912d223dd70c3bbb5ddcb9,Stormbringers,3,1.0
2024,Supernova,oe:team:8776b7033f1bc10634e50d90f861c1d,Supernova,64,1.0
2024,T1,oe:team:ce499dea30cfce118f4fe85da0227e8,T1,188,1.0
2024,T1 Esports Academy,oe:team:731b7a9fd004cdbe2bcb3da795bce47,T1 Esports Academy,104,1.0
2024,T1 Esports Academy Rookies,oe:team:32cd49a197bd08d99b16fe354e1f758,T1 Esports Academy Rookies,41,1.0
2024,T1 Rookies,oe:team:32cd49a197bd08d99b16fe354e1f758,T1 Esports Academy Rookies,38,1.0
2024,TES (Hong Kong Team),oe:team:77f6ca7cd828cae45d030c2d70cc5ff,TES,3,1.0
2024,TNU Eagle,oe:team:9114fb0f268de0d260acfef5fd97ef6,TNU Eagle (東南飛鷹),44,1.0
2024,Tan'i eSports,oe:team:8c3a7c804b6606ebd0684ca41204759,Tan'i eSports,5,1.0
2024,Team 7AM,oe:team:fc3d0bdc84e08efc1b6623448e64c15,Team 7AM,6,1.0
2024,Team Anomaly Breaker,oe:team:419bc1080bea0fa43f9923125b79103,Team Anomaly Breaker,3,1.0
2024,Team BDS,oe:team:7338408a0fe0217451d2c9a567db999,Team BDS,100,1.0
2024,Team BDS Academy,oe:team:9adc852fe2e027c5e4abd53ae8915ff,Team BDS Academy,101,0.9801980198019802
2024,Team Bliss,oe:team:0b27fc98592297c4441bce44760a642,Team Bliss,60,1.0
2024,Team Du Sud,oe:team:1dc6411295a36bd29c29b1096ba859d,Team du Sud,55,1.0
2024,Team ESCA Gaming,oe:team:1158ec5b08f516ca81868bc48293989,Team ESCA Gaming,14,1.0
2024,Team Flash.Vietnam,oe:team:9bcc3882a74d7ec2b66f7067ba31bc3,Team Flash,61,1.0
2024,Team GMask,oe:team:c0ef3d9a9da956711db67cce9abe4a8,Team GMask,12,1.0
2024,Team GO,oe:team:8d538207b9de9d20e1a525aae593515,Team GO,104,1.0
2024,Team Heretics,oe:team:1285e1c04d54de96502f12da4d49458,Team Heretics,45,1.0
2024,Team Heretics Academy,oe:team:2dfc66b98002c5afad2a98dbf86e350,Team Heretics Academy,89,1.0
2024,Team Insidious,oe:team:9bd7ce113c5d4ff95b1c75205356a3f,Team Insidious,6,1.0
2024,Team Legion (Greek Team),oe:team:f52cb05bb2f6d4003d6412f8e60a0d2,Team Legion,6,1.0
2024,Team Liquid,oe:team:8eb884e168f28402ce685bedebb5250,Team Liquid,93,1.0
2024,Team Liquid Challengers,oe:team:aeb3be196652186472d8f244ee9ef0a,Team Liquid Challengers,62,1.0
2024,Team Meliora,oe:team:6ec5a2c4ca3b81f6c486a6f0e7fc54d,Team Meliora,17,1.0
2024,Team Mythic,oe:team:6e8a61d49c812c30858c7582d30db33,Team Mythic,8,1.0
2024,Team Paradox,oe:team:efc08f072a9536658366e05509720b3,The ParadOx Invaders,14,1.0
2024,Team Phantasma,oe:team:75a4d34e4afac036d164b0f1a580486,Team Phantasma,63,1.0
2024,Team Refuse,oe:team:d932b52fb3a9d5fad174728a969ee14,Team Refuse,39,1.0
2024,Team Secret (Vietnamese Team),oe:team:ee140e8e9d6abd0bfd2b7bc94639d43,Team Secret,70,1.0
2024,Team UNiTY,oe:team:6e322bda09963acbe90845ce95e76f4,Team UNiTY,85,1.0
2024,Team Vitality,oe:team:e8d8ae992fe72acb7adc7bfcee31dbb,Team Vitality,46,1.0
2024,Team WE,oe:team:62c1cd9465dc63824593ee5046f5aa8,Team WE,79,1.0
2024,Team WE Academy,oe:team:85bf857a01b615a257739e34d9f0720,Team WE Academy,45,1.0
2024,Team Whales,oe:team:407a64574852482edb8c1560eab637c,Team Whales,84,1.0
2024,The Gulls Esports,oe:team:86c503fd54ecb1f0a46b937c5ca8f75,The Gulls Esports,8,1.0
2024,ThunderTalk Gaming,oe:team:df80f468a3f9a722df056fe9104f052,ThunderTalk Gaming,77,1.0
2024,ThunderTalk Gaming Young,oe:team:fd27f7adaecaeac4f8736159d57c0ce,ThunderTalk Gaming Young,66,1.0
2024,Tomorrow Esports,oe:team:65f7d8b9f9b44f3476f64abf64c3c19,Tomorrow Esports,24,1.0
2024,Top Esports,oe:team:fcec508e780bbd1ad493852640f5b36,Top Esports,139,1.0
2024,Top Esports Challenger,oe:team:eaeaad6cbcd022d2b872d4776aae2e6,Top Esports Challenger,62,1.0
2024,Tropa Raizen,oe:team:c04fb2bd1f657c649b375211e58123d,Tropa Raizen,13,1.0
2024,Tropa XV,oe:team:65c534614cdd76c73cbc50c610694f6,XV eSports,18,1.0
2024,Twareg Esports,oe:team:cebae9cfc891a8d67ea63e8aafe73b1,Twareg Esports,6,1.0
2024,Twisted Minds,oe:team:40d8ba3a56bb69899bc84d078a11c1a,Twisted Minds,43,1.0
2024,UCAM Esports,oe:team:746e6715fc4295c54954be5efc385af,UCAM Esports,55,1.0
2024,UCAM Esports Academy,oe:team:f36bb11834ba1d730a49d7b3a2c2db5,UCAM Esports Academy,15,1.0
2024,UCAM Tokiers,oe:team:746e6715fc4295c54954be5efc385af,UCAM Esports,6,1.0
2024,UCAM Tokiers Academy,oe:team:f36bb11834ba1d730a49d7b3a2c2db5,UCAM Esports Academy,6,1.0
2024,Ukrainian Glory Team,oe:team:c3be92c03d2f9faa98638485e7915f7,Ukrainian Glory Team,3,1.0
2024,Ultra Prime,oe:team:8d09428f093dfbf3c488bce350af0b1,Ultra Prime,77,1.0
2024,Ultra Prime Academy,oe:team:3d4a6fe0ca7bda9057ee1172eb5761c,Ultra Prime Academy,46,1.0
2024,Undead Gaming,oe:team:22e3ecae7af241c9c5be021c855885e,Undead Gaming,33,1.0
2024,Unicorns of Love Sexy Edition,oe:team:6a060bd74c9041bf0aa89adf9d15d12,Unicorns of Love Sexy Edition,69,1.0
2024,Universae Instituto FP,oe:team:2d02ba0b874367692a25110f0e321f6,Universae Instituto FP,39,1.0
2024,University of Mississippi,oe:team:391f687ddcec222d212baa6d079c5b6,University of Mississippi,5,1.0
2024,UnlockTan'i,oe:team:73aca20581efb2c231d79b38adfc9e7,UnlockTan'i,6,1.0
2024,V3 Esports,oe:team:af4b23d4634c4e6ecb5659fb1e689e9,V3 Esports,55,1.0
2024,V3 Esports Academy,oe:team:c8d302e68ffd3e684186a0db372b7b6,V3 Esports Academy,35,1.0
2024,Veni Vidi Vici (Spanish Team),oe:team:bae5c5b458ee21472c7f6f270990bfe,Veni Vidi Vici,11,1.0
2024,Venomcrest Esports,oe:team:db052729079b7bbe03274df413b2d1b,Venomcrest Esports,53,1.0
2024,Verdant,oe:team:b33646d7b7b14dd6da17a88f6ddb592,Verdant,28,1.0
2024,Vikings Esports (2023 Vietnamese Team),oe:team:fe099196385a285d6d6edde504dc1f6,MGN Vikings Esports,81,1.0
2024,Vitality.Bee,oe:team:ccd089bf173a5fff1063eb0576201a7,Vitality.Bee,95,1.0
2024,Vivo Keyd Stars,oe:team:b9e44c69c1a70fb35df9be96f9eafea,Vivo Keyd Stars,71,1.0
2024,Vivo Keyd Stars Academy,oe:team:bf6f1cbd7a25bd88bbfdaf1c20366c1,Vivo Keyd Stars Academy,71,1.0
2024,Vivo Keyd Stars Ignis,oe:team:fe07f07518f9957e12ab859e26baa90,Vivo Keyd Stars Ignis,12,1.0
2024,WANG TOWN,oe:team:35e40d981db933ea38c30555e95c3f9,WANG TOWN,9,1.0
2024,WAP Esports,oe:team:65140c73015d004b0456fb43ba373a4,WAP Esports,37,1.0
2024,WLGaming Esports,oe:team:b19ab22267512e77945cd498106dcf1,WLGaming Esports,62,1.0
2024,Waia Snikt,oe:team:4aaf7ff9e32dc4fee354958c19ba481,Waia Snikt,29,1.0
2024,Weibo Gaming,oe:team:606c6ac695907af3823ee6405c58ff1,Weibo Gaming,152,1.0
2024,Weibo Gaming Youth Team,oe:team:557e2d6abd8a8896014e4351756c305,Weibo Gaming Youth Team,54,1.0
2024,West Point Esports Academy,oe:team:a23eb8479b972c2ea103fa362b0b5d5,West Point Esports Academy,53,1.0
2024,West Point Esports Philippines,oe:team:0092987a7da75e9fd0cbf8110d10b76,West Point Esports,45,1.0
2024,White Dragons,oe:team:6468029fb605bd6fdf1cf866e890739,White Dragons,42,1.0
2024,Wild Panthers Esports,oe:team:aba8187a8c4790f554138cda083003b,Wild Panthers Esports,34,1.0
2024,Wildcard Gaming,oe:team:9034597e77937456f89960ad1b8615e,Wildcard Gaming,26,1.0
2024,Winthrop University,oe:team:333ba9fefa87eda14bd32c5420d7002,Winthrop University,37,1.0
2024,Wizards,oe:team:f135d4a15fb5acaad384bd86d20ba15,Wizards,5,1.0
2024,ZETA,oe:team:50c26816bdd3bb2a02def8e11a5cd5a,ZETA,48,1.0
2024,ZennIT,oe:team:79fc65ce199f2e4fe97e277bdef6695,ZennIT,54,1.0
2024,Zerance,oe:team:302fced4d92a9b83cb5784fd6f3b548,Zerance,34,1.0
2024,Zero Tenacity,oe:team:125fc4d6b0dc1b21596f4f06a207d62,Zero Tenacity,126,1.0
2024,ZeroZone Gaming,oe:team:ec830d79559b38ffe2dcda535fd2bac,ZeroZone Gaming,4,1.0
2024,Zerolag Esports,oe:team:6a68fff9fc521e2fbcab2fc19978d24,Zerolag Esports,27,1.0
2024,aNc Outplayed,oe:team:cd6b4265231d4ba346274357681c335,aNc Outplayed,41,1.0
2024,devils.one,oe:team:92e22c0b203c93b7d25c3a07b68575c,devils.one inStreamly,27,1.0
2024,eSuba,oe:team:3faefd9245a4ef6ba347fbcf2a51515,eSuba,36,1.0
2024,grompcord,oe:team:6f8a0882ddf665cb8774bdac6952ada,grompcord,9,1.0
2024,mCon esports,oe:team:ee662fa8580ced6fb87aa4ca5b1fe7b,mCon esports,65,1.0
2024,paiN Gaming,oe:team:61450737f7b683db4da7b3e0bf0dced,paiN Gaming,81,1.0
2024,paiN Gaming Academy,oe:team:3cb9dbe9618f5c61765f4ff189e79a9,paiN Gaming Academy,72,1.0
2024,paiN Gaming Female,oe:team:89bdbcbd299d3b431c393a3904d23f8,PaiN Gaming Ignis,9,1.0
2025,100 Thieves,oe:team:4bd1751425ef6a9bc9d4d8e9385b4a6,100 Thieves,74,1.0
2025,24 7 Tower Dive,oe:team:76f3de935fdb45874ac6a85e9d65253,24/7 Tower Dive,7,1.0
2025,3BL Esports,oe:team:bfd5446b1eba9098e03dfaa63a1c391,3BL Esports,7,1.0
2025,42 Gaming,oe:team:da5f2e46989c6a8ce510b0cc1f84828,42 Gaming,6,1.0
2025,7REX,oe:team:d939caa94947133c4537be5e931980c,7REX,10,1.0
2025,A One Man Army,oe:team:8e2b0d0cd75672565eb80d7e5beaa92,A One Man Army,53,1.0
2025,A One Man Army Prime,oe:team:e48971339218173510419a40bc80080,A One Man Army Prime,9,1.0
2025,AG.AL,oe:team:ed28f87f0cfdba0a2a8f183cebae73a,Anyone's Legend,10,1.0
2025,AKA HERO,oe:team:2f576c94aad38903992aa950e957d4c,AKA HERO,3,1.0
2025,AVE Axolotl,oe:team:e7121adad88546bce0ff2cc41c2d343,Axolotl,16,1.0
2025,AaB Esport,oe:team:1b9ffe897d79c81c5deeca9e3c78f69,AaB Esport,4,1.0
2025,Actions Per Minute,oe:team:3a96025b8db516e2c44dbb3c0b31996,Actions Per Minute,46,1.0
2025,Alpha7 Esports,oe:team:64ea90e46b8491a5fca803051d42463,Alpha7 Esports,41,1.0
2025,Andromeda Gaming,oe:team:35b8b37ab87d44db8717e12c2164e2e,Andromeda Gaming,23,1.0
2025,Ankora Gaming,oe:team:df045d28ec9b0b40ea9eb6ab50693ac,Ankora Gaming,5,1.0
2025,Anorthosis Famagusta Esports,oe:team:5f1bc4a914b49c7b7ff4c2f1b8d8df9,Anorthosis Famagusta Esports,11,1.0
2025,Anubis Gaming,oe:team:f2094ae60f9b1f3b6a17ad88ad75fc1,Anubis Gaming,76,1.0
2025,Anyone's Legend,oe:team:ed28f87f0cfdba0a2a8f183cebae73a,Anyone's Legend,173,1.0
2025,Anyone's Legend.Young,oe:team:4278e8a32eefe381f75ac6d09218de3,Anyone's Legend.Young,11,1.0
2025,Apex Mission Impossible,oe:team:fa12fb801e77d60b9fde291b93c5d3f,Apex Mission Impossible,37,1.0
2025,Apex Predator,oe:team:70afb41e202f4d1ca2803e34f42898c,Apex Predator,5,1.0
2025,Aurora (Belgian Team),oe:team:9d360cb53ceabaf46a078820f7370b5,Aurora,50,1.0
2025,Austrian Force willhaben,oe:team:a1934e3feca7db728021f9c61a6bc27,Austrian Force willhaben,69,1.0
2025,Axolotl,oe:team:e7121adad88546bce0ff2cc41c2d343,Axolotl,37,1.0
2025,B2U,oe:team:a3de49118fc788cc18b33c6db66deb7,B2U,8,1.0
2025,BBL Dark Passage,oe:team:070a0f7f26241f1269bfa3e8f787920,BBL Dark Passage,53,1.0
2025,BERZLOY,oe:team:3e67560e364e73283a651ea020aee10,BERZLOY,4,1.0
2025,BK ROG Esports,oe:team:c40f6d0d20a7a718c60342e48c144a2,BK ROG Esports,90,1.0
2025,BNK FEARX,oe:team:5c2e7e9ea8dfcba0150d9a5619baecf,BNK FEARX,127,1.0
2025,BNK FEARX Academy,oe:team:eade4a74478f5f903aeec82cedcd13d,BNK FEARX Academy,79,1.0
2025,BNK FEARX Youth,oe:team:20edec57649c30e1ed81e4b42634ac1,BNK FEARX Youth,154,1.0
2025,BRUTE,oe:team:ddb6aa775eebeffd5cc41ba5c35c6a1,BRUTE,43,1.0
2025,BWE Esports,oe:team:82e3504486eabe3575dc4b5ff507451,BWE Esports,3,1.0
2025,Baam Esports,oe:team:b1a205489742f1e0600c6489b5d15a8,BAAM Esports,77,1.0
2025,Back2TheGame,oe:team:544b70d08c7df83ccb74d08a677b902,Back2TheGame,76,1.0
2025,Barça eSports,oe:team:2d1b8a518ba70fe8352fb0fdd8aec1a,Barça eSports,128,1.0
2025,Bastu Five,oe:team:aa780995928f3f687c5fa7edcf3490e,Bastu Five,4,1.0
2025,BeFive,oe:team:548579194cfbf70ae730c1f1c24a013,BeFive,58,1.0
2025,Berlin International Gaming,oe:team:3de935df8f40fbb4d0e564d4a20e6cb,Berlin International Gaming,105,1.0
2025,Beşiktaş Esports,oe:team:4f19751f9f051533995772897da2d77,Beşiktaş Esports,64,1.0
2025,Bilibili Gaming,oe:team:d356a144644879dabb5f34cd99c886d,Bilibili Gaming,195,1.0
2025,Bilibili Gaming Junior,oe:team:4dfc9a0f1a6e1f2fcd8169ad3cdc5da,Bilibili Gaming Junior,15,1.0
2025,Bitfix Gaming,oe:team:f4342581cac266ae8ef96736fa371ee,Bitfix Gaming,12,1.0
2025,Blue Otter,oe:team:009345cfebfe411229f8fad11210219,Blue Otter,47,1.0
2025,BlueWhites,oe:team:1e721d47851a84b2858863e83516b9c,BlueWhites,12,1.0
2025,BoostGate Esports,oe:team:331c852427c61f82050b618c2b442c4,BoostGate Esports,76,1.0
2025,Brod n Friends,oe:team:7e406cba1b8a226c8851b874815ebbe,Brod n Friends,6,1.0
2025,Bulldog Esports,oe:team:4ccccd4b7c3dba7d799d52c4b78634d,Bulldog Esports,46,1.0
2025,Burning Core Toyama,oe:team:73c73a123b43e071470729f74ef2022,Burning Core Toyama,52,1.0
2025,Bushido Wildcats,oe:team:105f13a20172b3dbd963c7738617873,Bushido Wildcats,71,1.0
2025,CCG Esports,oe:team:048e91c09583c84485494a087471c3f,CCG Esports,42,1.0
2025,CGN Esports,oe:team:495b0c22a5bb88860c66182df70ebf2,CGN Esports,40,1.0
2025,CHICAGO BULAS,oe:team:8694d6c9241ddbc59c68782eb133fc1,Dopamina E-Sport,13,1.0
2025,CITA Kaizen,oe:team:13542a31d4dadc538d24058317fded8,CITA Kaizen,38,1.0
2025,CNG Royal,oe:team:fe39df9671c4c4f0cddf29b8c339f7c,CNG Royal,4,1.0
2025,CORE 128,oe:team:1ea3ba0a6fe2a84009902077124947c,CORE 128,27,1.0
2025,CTBC Flying Oyster,oe:team:0916b3c324c8577b0c6344f3e067f62,CTBC Flying Oyster,119,1.0
2025,CTBC Flying Oyster Academy,oe:team:2d2d70decb08dfb9bd23327e33e4198,CTBC Flying Oyster Academy,65,1.0
2025,Caldya Esport,oe:team:91b412c563fc3316ad48e31547a3143,Caldya Esport,17,1.0
2025,Ceuta Guardians,oe:team:ce040cf05416a4fb294ee333eca91a4,Ceuta Guardians,6,1.0
2025,Chiefs Esports Club,oe:team:692bccdba8ec7050f5aeb916815439e,Chiefs Esports Club,51,1.0
2025,Chinese Taipei (National Team),oe:team:ced368512306a716c05f553ffa2a9c3,Chinese Taipei (National Team),9,1.0
2025,Citadel Gaming,oe:team:e87c7d57b92c16e76f7e040342a4bc3,Citadel Gaming,20,1.0
2025,Clocks,oe:team:d8e5b2802083135d9056d7d02d92f73,RAYN Clocks,48,1.0
2025,Cloud9,oe:team:fc8e90107dabb9a35c490b0d86adea0,Cloud9,66,1.0
2025,Colossal Gaming,oe:team:35d740411d9f9072f939b1faf33a6e2,Colossal Gaming,47,1.0
2025,Connect Arena Esports,oe:team:6881319a341416b43dbb4bdb0d09e78,Connect Arena Esports,16,1.0
2025,Conviction,oe:team:ed026f019f5d0091c44014578ed7a8f,Conviction,63,1.0
2025,Corinthians Esports,oe:team:073b31b12492884d29b3fd73a5747f4,Corinthians Esports,52,1.0
2025,Crusaders,oe:team:a97f0277badd5512c40d3f1f8e56909,Crusaders,22,1.0
2025,Crvena zvezda Esports,oe:team:f4b807048502e27f01499f06b235a9a,Crvena zvezda Esports,91,1.0
2025,Cupid Esports,oe:team:d522e8753c50018adbb82305997c211,Cupid Esports,17,1.0
2025,CyberCore Esports,oe:team:4d7210b1c06aa728a46dc1aa2544830,SN CyberCore Esports,8,1.0
2025,DKB XPERION NXT,oe:team:e11d88a3cdcd9d6fbb73a26b0f8a300,DKB XPERION NXT,22,1.0
2025,DMG Esports,oe:team:147e28c0910250269fbc430f9f42010,DMG Esports,46,1.0
2025,DN Freecs,oe:team:b3c72a20aa56f5d28022ac04a7dc294,DN SOOPers,88,1.0
2025,DN Freecs Academy,oe:team:00ae39840233a9dc8db235166c32ba7,DN SOOPers Academy,89,1.0
2025,DN Freecs Challengers,oe:team:f78d56f289804906a627706f330ee06,DN SOOPers Challengers,139,1.0
2025,DOCISK,oe:team:39542800e26e148906d1b2ec4cebc75,DOCISK,32,1.0
2025,DRX,oe:team:1d0389df0c5eea93b04122ba167c010,Kiwoom DRX,102,1.0
2025,DRX Academy,oe:team:d6bba391a1129002440759541df27e0,DRX Academy,76,1.0
2025,DRX Challengers,oe:team:d2e8948728f7e4aeb9ee27e753315bc,Kiwoom DRX Challengers,141,1.0
2025,DarkZero Dragonsteel,oe:team:34d6d3e3a9181eaf86aa2c8ed613e93,DarkZero Dragonsteel,53,1.0
2025,Deep Cross Gaming,oe:team:7e56e9367c023df96cc8257ff4e16c0,Deep Cross Gaming,122,1.0
2025,Delta Syndicate,oe:team:d7b1c568f7a023c10d7ad7778b48cc7,Delta Syndicate,45,1.0
2025,DetonatioN FocusMe,oe:team:e435aa3ecb82a89e60544f5f5857a81,DetonatioN FocusMe,53,1.0
2025,DetonatioN FocusMe Academy,oe:team:845f7165c7cdaad9d2a2d764375d0df,DetonatioN FocusMe Academy,48,1.0
2025,Dignitas,oe:team:0dbb780176ecad18f17292d1f5653af,Dignitas,39,1.0
2025,Disguised,oe:team:289284911fb6f41c0ccaecc3a0c2891,Disguised,48,1.0
2025,Divernex,oe:team:0a7053bdd5648d8ffb85d0847224110,Divernex,38,1.0
2025,Diversion Gaming,oe:team:8065dbb2f6c7eb09df70a55bea52136,Diversion Gaming,77,1.0
2025,Dopamina E-Sport,oe:team:8694d6c9241ddbc59c68782eb133fc1,Dopamina E-Sport,20,1.0
2025,Dorado Gaming,oe:team:37bd385fc057edaaa06e0aa102f6d74,Dorado Gaming,23,1.0
2025,Dplus KIA,oe:team:ef69efa6acebe94107f0cf1ba716806,Dplus Kia,14,1.0
2025,Dplus KIA Challengers,oe:team:64f78960f955a6b659025e38b4f0a18,Dplus Kia Challengers,54,1.0
2025,Dplus KIA Youth,oe:team:503cf7645c53c8f084b5cbdec6744a7,Dplus Kia Academy,84,1.0
2025,Dplus Kia,oe:team:ef69efa6acebe94107f0cf1ba716806,Dplus Kia,150,1.0
2025,Dplus Kia Challengers,oe:team:64f78960f955a6b659025e38b4f0a18,Dplus Kia Challengers,56,1.0
2025,Dplus Kia Youth,oe:team:503cf7645c53c8f084b5cbdec6744a7,Dplus Kia Academy,42,1.0
2025,Dragons Esports,oe:team:7f7029733ab4c308a8207fb80714b5f,Dragons Esports,48,1.0
2025,Dream Makers,oe:team:f33930460c641ba8c7ffe11342c08ef,Dream Makers,22,1.0
2025,Dung Dynasty,oe:team:a5db7fc71cdcb604a98e6ae9c505b0d,Dung Dynasty,26,1.0
2025,Dutch Community Team,oe:team:7095511f957b70cdefc430c4c177457,Dutch Community Team,6,1.0
2025,Dynamo Eclot,oe:team:e3f89acb10ecd65327fa954ff2ec047,Dynamo Eclot,39,1.0
2025,Dynamo Eclot Talents,oe:team:ef2dd1b1ee2468704103b42eb8af1ac,Dynamo Eclot Talents,29,1.0
2025,Dynasty,oe:team:5c1d767e4c02111f0def3b6691b4851,Dynasty,5,1.0
2025,E WIE EINFACH E-SPORTS,oe:team:26ff1a9f7fb8e976fbdcc5d2a8ac397,E WIE EINFACH E-SPORTS,85,1.0
2025,EDward Gaming,oe:team:056c3140a119e44a03d462e2c832f27,EDward Gaming,68,1.0
2025,EDward Gaming Youth Team,oe:team:6a04b6d8daa2cb0c623e81db686de40,EDG Youth Team,16,1.0
2025,EKO Esports,oe:team:d455b12f2d0ae8596211073fb17c14d,EKO Esports,37,1.0
2025,EXILE esports,oe:team:dba2e551039e079ceae513ba7386109,EXILE esports,42,1.0
2025,Eintracht Frankfurt,oe:team:48199c3e87ac9d14cdf50169f8eaabc,Eintracht Frankfurt,60,1.0
2025,Eintracht Spandau,oe:team:980ab072663574c2e4fca71f275d302,Eintracht Spandau,54,1.0
2025,Entropiq,oe:team:06554c70cfe8a6be14b004b3c18abe6,Entropiq,98,1.0
2025,Epic Avalanche,oe:team:4357a4653fdbc55e280d270149527c8,Epic Avalanche,9,1.0
2025,Esprit Shōnen,oe:team:df682d5adfed257780a68a85004ed27,Esprit Shōnen,76,1.0
2025,Estral Esports,oe:team:1c81857b6ce6a3c1cd9220fd97e077f,Estral Esports,33,1.0
2025,Eternal Fire,oe:team:33ef9e523e6474ddd4833d4ad1bc8d7,Eternal Fire,36,1.0
2025,Ethereal Enigmas,oe:team:316e1fa1536df09f54d4b2885a11855,Ethereal Enigmas,63,1.0
2025,FC Schalke 04 Esports,oe:team:1d0f5e58f39613aff1a3dd4ed85933e,FC Schalke 04 Esports,3,1.0
2025,FLY5,oe:team:14954f645b2dba17a0d9a4b3466a75b,FLY5,5,1.0
2025,FN Esports,oe:team:402e5fe9cbc5ebb9548e90fa7ffbf87,FN Esports,26,1.0
2025,FURIA,oe:team:87e3e1e75839f75a10bbc66e894d806,FURIA,67,1.0
2025,FUT Esports,oe:team:8df5e2c8825f60f136b2cbed5633a81,FUT Esports,7,1.0
2025,Fajnie Mieć Skład,oe:team:b2834fcfe9befb84ccdf46cb07fd73d,StormMedia Fajnie Mieć Skład,26,1.0
2025,Falke Esports,oe:team:50074114f4e5791ba2bda471c1baa3c,Falke Esports,51,1.0
2025,Fantastic Esports,oe:team:43f25072c76f508a376e1fb312a2da9,Fantastic Esports,6,1.0
2025,Farenvehn,oe:team:7e7a493811702587ac939452a0333c3,Farenvehn,57,1.0
2025,FlameHard,oe:team:0777dce04475528bdf4062724306b06,FlameHard,52,1.0
2025,Flamengo MDL,oe:team:50b9075ca20fb326456aded56aa7937,Flamengo MDL,77,1.0
2025,Fluxo W7M,oe:team:45c362a0cfc4b81f597b5ab89250df5,Fluxo W7M,30,1.0
2025,FlyQuest,oe:team:2e66da41dc460dd378e3bcc57042d31,FlyQuest,99,1.0
2025,Fnatic,oe:team:78f183fa5a7d8ecb22b9ad272c3abd7,Fnatic,85,1.0
2025,Fog Esports,oe:team:86b46a299f5fb0b6af80a07785b2090,Fog Esports,58,1.0
2025,Footprint Gaming,oe:team:30df0dfdb026bb1ba035c39546b1763,Footprint Gaming,3,1.0
2025,For The Win Esports,oe:team:ecaf2adae2ff7f9511c9f662f18ffe7,For The Win Esports,25,1.0
2025,Forsaken (Polish Team),oe:team:9e12a15ab90a0a26c7e4e5308d3924c,Forsaken,95,1.0
2025,Fortress Esports,oe:team:65e4a14c47136e01eaf51e17c56d34f,Fortress Esports,12,1.0
2025,Fortune Makers,oe:team:d81ac1020360a3e79e8276cd0ae7d52,Fortune Makers,3,1.0
2025,Fourth Wall,oe:team:ad74f35a586017e4be6c3d75d4d7fe9,Fourth Wall,4,1.0
2025,Fox Gaming,oe:team:04b0bb961538735de30f92ad6e7cc60,Fox Gaming,55,1.0
2025,FoxFire (Turkish Team),oe:team:811d8b80fcf141395f7ebb12216277f,FoxFire,3,1.0
2025,Fractious eSports,oe:team:7937668325b3c4ee54f8e52256479bb,Fractious eSports,12,1.0
2025,Frank Esports,oe:team:957a0b20bb6ce6491d39eb82e5fcb17,Frank Esports,100,1.0
2025,Fuego,oe:team:0f0f407ca567fc73cc83d541ef45731,Fuego,47,1.0
2025,Fukuoka SoftBank HAWKS gaming,oe:team:d8ca3fc1f0827ec76369af7b70d43e3,Fukuoka SoftBank HAWKS gaming,54,1.0
2025,FunPlus Phoenix,oe:team:33d17f3717f58e12a3da80b377221fb,FunPlus Phoenix,115,1.0
2025,G2 Esports,oe:team:7d6673d3a9d00363c6bebc1a630da6e,G2 Esports,116,1.0
2025,G2 Hel,oe:team:56c54396683c5dac155193fba1da7a5,G2 Hel,31,1.0
2025,GAM Esports,oe:team:9cae7677cd0dbcc1cd86653870b73c2,GAM Esports,100,1.0
2025,GIANTX,oe:team:6cd05f0ac20bfb965a59dc8bcc4f184,GiantX,57,1.0
2025,GIANTX PRIDE,oe:team:4349ed857362135b73b20e8b27c4114,GIANTX iTero,99,1.0
2025,GLORE.FIFINE,oe:team:5e86e312935ad545ee215e67adcee9c,GLORE,57,1.0
2025,GMBLERS Esports,oe:team:eb2f7366b23f654102ef78cfbd9ab56,GMBLERS Esports,62,1.0
2025,GOAL,oe:team:007a3c4175ca4f86d9dc49e4f2e9cf8,GOAL,30,1.0
2025,GTZ Esports,oe:team:3659b5cb3434354530c31ce71461fc1,GTZ Esports,38,1.0
2025,Galions,oe:team:e0143514c5de64f62eb418004ca2751,Galions,82,1.0
2025,GameWard,oe:team:312ee76ca74cbb5cb984d8b71ef4847,GameWard,43,1.0
2025,Gamespace Mediterranean College Esports,oe:team:4410ecf1b88f1316b6e6c110120c896,Gamespace Mediterranean College Esports,89,1.0
2025,Gaming Barcelona,oe:team:d4f8ab0e0740665be5966a24747df61,Gaming Barcelona,18,1.0
2025,Garden Gaming,oe:team:162ebdd01ead82c4cb441a98d932b24,Garden Gaming,16,1.0
2025,Geekay Esports,oe:team:1ff3f5c94edd806e1fed4105fc48995,Geekay Esports,91,1.0
2025,Gen.G,oe:team:50f58982d91a36557ec8aec52ab014f,Gen.G,181,1.0
2025,Gen.G Global Academy,oe:team:4c9dd0212552afe76315b616b7891f5,Gen.G Global Academy,129,1.0
2025,Gen.G Scholars,oe:team:86318836d208e1ac7c6cc6ae0d4afbe,Gen.G Scholars,82,1.0
2025,GenZ Gaming (2025 Vietnamese Team),oe:team:2ad193e149f9f0f9252490fa3f62a65,GenZ Gaming,14,1.0
2025,Gentle Mates,oe:team:d2c27cb51cedbbac1752f1ec81addc4,Gentle Mates,98,1.0
2025,Geração Estrutura,oe:team:e57714ba6424bd674f7aaa8d2f67695,Geração Estrutura,4,1.0
2025,GnG Amazigh,oe:team:c9d247506c051256fff4babbcfcab82,GnG Amazigh,90,1.0
2025,Golden Lions,oe:team:dbea9378f0ff4aec096cd27745d47da,Golden Lions,20,1.0
2025,Green Dolphin Gaming,oe:team:2bcca6d95dbad6ed6d3e7479522e19d,Green Dolphin Gaming,38,1.0
2025,Ground Zero Gaming,oe:team:788115a84f68bc65fa6d3a4e0f67a3e,Ground Zero Gaming,56,1.0
2025,Grow uP eSports,oe:team:622a2f5dc9620cda6c9155119741546,Grow uP eSports,12,1.0
2025,Guasones,oe:team:91c35185025768de7d8aa448933f56c,Guasones,38,1.0
2025,Guinea Pink,oe:team:a599bf4fe20c6be57044f7319b04e3d,Guinea Pink,44,1.0
2025,HELL PIGS,oe:team:a31fdd71fc715fc1ee4a50fe19e828e,HELL PIGS,56,1.0
2025,HUTECH CHICKEN,oe:team:4b18f21ecb033ffc21880a9c6c7fef6,HUTECH CHICKEN,5,1.0
2025,Hanoi Rookies Esports,oe:team:7b1122e1f5214e276149b7c5a417861,Hanoi Rookies Esports,12,1.0
2025,Hanwha Life Esports,oe:team:3a1d18f46bcb3716ebcfcf4ef068934,Hanwha Life Esports,168,1.0
2025,Hanwha Life Esports Academy,oe:team:2acbd6362cc5096e13641bd088a72a6,Hanwha Life Esports Academy,99,1.0
2025,Hanwha Life Esports Challengers,oe:team:2a5e5fceaa40b335ebc6b49359abf62,Hanwha Life Esports Challengers,105,1.0
2025,Heracles Gaming,oe:team:9c11dcc627ab2baf49d113ce6aba078,Heracles Gaming,7,1.0
2025,Howl Esports,oe:team:0d770dff428cbc855c233b749e4016e,Howl Esports,7,1.0
2025,Hungkuang Falcon,oe:team:672aa1aa4e9ac51d56830a3652dbc8b,Hungkuang Falcon (弘光獵鷹),18,1.0
2025,Hurricane of Feathers,oe:team:38eebf1d7f1cbc9ee434d8bea9b33cc,Hurricane of Feathers,17,1.0
2025,Hyper Vortex Esports,oe:team:53631bb6fdda56859eabf842cb2e1d5,Hyper Vortex Esports,14,1.0
2025,INFINITY,oe:team:7e3dd5ff49e1a44784d225d2de40260,inf,29,1.0
2025,Ici Japon Corp. Esport,oe:team:7d2c778dc03e3fe0db9e45a57895b88,Ici Japon Corp. Esport,77,1.0
2025,Icon Esports (Mexican Team),oe:team:38c2ea4d918763cd207dc83af5b1f7f,Icon Esports,17,1.0
2025,Inferno Esports (Filipino Team),oe:team:748b9d7b874398c8e24425c73659ef6,Inferno Esports,7,1.0
2025,Inside Games,oe:team:c2bd1dd17a070dbbb8df9aefb634a41,Inside Games,8,1.0
2025,Invictus Gaming,oe:team:53a258f289c26d94431c0496a54e151,Invictus Gaming,144,1.0
2025,Isurus,oe:team:5737b101780a9835142549164be1ac4,Isurus,24,1.0
2025,Isurus Estral,oe:team:ea57e93bc73880655acdc795361215b,Isurus Estral,38,1.0
2025,IziDream,oe:team:84bc703e28859788770611d94cf02ac,IziDream,63,1.0
2025,JD Gaming,oe:team:b42d0f31f2727621b963042276817c4,JD Gaming,151,1.0
2025,Joblife,oe:team:7380b73561abdd86c2391e9481acd4b,Joblife,48,1.0
2025,Jolly Rogers,oe:team:d6c9e669304c9e48286cf0c8c75d7ec,Jolly Rogers,11,1.0
2025,Jörmungang,oe:team:13697a0e9b7df2bbb787cca7b9fd140,Jörmungang,55,1.0
2025,KAOS e-sport,oe:team:829dfe12e8897e57883e53610867b8e,KAOS e-sport,50,1.0
2025,KIA.eSuba Academy,oe:team:c5819326ccf3b14446406bd7ac066c3,KIA.eSuba Academy,83,1.0
2025,KT Rolster,oe:team:d723992568441c6bafa2658129eade7,KT Rolster,138,1.0
2025,KT Rolster Academy,oe:team:14ef7370c4cbc9bc08a771e3f7cbb4d,KT Rolster Academy,98,1.0
2025,KT Rolster Challengers,oe:team:b9733b8e8aa341319bbaf1035198a28,KT Rolster Challengers,129,1.0
2025,KaBuM! Ilha das Lendas,oe:team:a36eecb3eab2d2a79f411e462878d26,KaBuM! Ilha das Lendas,53,1.0
2025,Karmine Corp,oe:team:f3aa9bbd924ce3af42ac53f8326bc7c,Karmine Corp,106,1.0
2025,Karmine Corp Blue,oe:team:42bf6c1040db8f2221ff017fa4d34e4,Karmine Corp Blue,118,1.0
2025,Karmine Corp Blue Stars,oe:team:343268a42863e8fc2767e02e4042de8,Karmine Corp Blue Stars,42,1.0
2025,Kaufland Hangry Knights,oe:team:0410783728358f6e711de31a6f1e8f9,Kaufland Hangry Knights,77,1.0
2025,Kawaii Kiwis,oe:team:8eb9a212591f919a353abfac0c0a52a,Kawaii Kiwis,43,1.0
2025,Keypulse Esports,oe:team:d9f29b4eac8fd2a40f5a117e294316f,Keypulse Esports,22,1.0
2025,Kiedyś Miałem Fun,oe:team:dbe0589e5cff81fa6b163d9f30ffeee,Kiedyś Miałem Fun,40,1.0
2025,Kwangdong Freecs,oe:team:b3c72a20aa56f5d28022ac04a7dc294,DN SOOPers,5,1.0
2025,Kwangdong Freecs Academy,oe:team:00ae39840233a9dc8db235166c32ba7,DN SOOPers Academy,24,1.0
2025,LGD Gaming,oe:team:5f401785b6b78326f9a46b3c6b206ed,LGD Gaming,62,1.0
2025,LGD Gaming Young Team,oe:team:6100f2588a65a71921d4f8ee206d94e,LGD Gaming Young Team,9,1.0
2025,LNG Academy,oe:team:2506f4369f41031c5ae85640da9f749,LNG Academy,10,1.0
2025,LNG Esports,oe:team:a9145b7711873f53e610fbba0493484,LNG Esports,54,1.0
2025,LODIS (Polish Team),oe:team:6d98739f80c37e5b5c2431950983a05,LODIS,31,1.0
2025,LOUD,oe:team:658a021a796aa5501503220adb38cf4,LOUD,57,1.0
2025,LUA Gaming,oe:team:374ab80ad8c28c38cd170e188e4aca8,LUA Gaming,52,1.0
2025,LYON (2024 American Team),oe:team:da1143bf9a245b78a8dc86417de85b3,LYON,33,1.0
2025,LYON Academy,oe:team:6a7a3de886a10bd30d57577290fb45e,LYON Academy,31,1.0
2025,Lazy In Life,oe:team:9e16817e124883039a2fd14a6cd43f5,Lazy In Life,14,1.0
2025,Lechuga Gaming,oe:team:269606077846efea08be23b544de829,Lechuga Gaming,16,1.0
2025,Lenovo Legion Honvéd,oe:team:f099ce1a14c9b88426484eea075e093,Lenovo Legion Honvéd,30,1.0
2025,Leviatan,oe:team:53ef3d5a3ac5d88bc000eff7d87aeb3,Leviatan,40,1.0
2025,Leões Porto Salvo Esports,oe:team:0957b09f054bf983fcc61228d919bef,Leões Porto Salvo Esports,16,1.0
2025,Lille Esport,oe:team:f9d5cf621532c5ac51e0947d7098b7f,Lille Esport,41,1.0
2025,LittleSans,oe:team:e8668e6835ba28cf47446c4451bbfd9,LittleSans,5,1.0
2025,Los Ratones,oe:team:2d096df29ab7e32950c86e0d72fc986,Los Ratones,102,1.0
2025,Lotus (North American Team),oe:team:068598211100000c050b32c63748313,Lotus,5,1.0
2025,Luminosity Gaming,oe:team:f59945d4b3a3148637047638acb88b7,Luminosity Gaming,64,1.0
2025,Lund Esports Organization,oe:team:0f47b3270fb312dca25d0e5c336646d,Lund Esports Organization,17,1.0
2025,Lundqvist Lightside,oe:team:91e745607dea86d98f6307553e0491d,Lundqvist Lightside,41,1.0
2025,Lupus Esports,oe:team:1b4462a50541e063fc148be4082fd0b,Lupus Esports,26,1.0
2025,LØS,oe:team:ea65e6cc48a9be50fc5334369a5fca5,LØS,45,1.0
2025,MGN Vikings Academy,oe:team:6a7710fb4e287e8ef741ab87b070ad0,MGN Vikings Academy,27,1.0
2025,MGN Vikings Esports,oe:team:fe099196385a285d6d6edde504dc1f6,MGN Vikings Esports,87,1.0
2025,MIBR,oe:team:d480fbbd7d17c53d88e53ce1b74cb1d,MIBR,5,1.0
2025,MOUZ NXT,oe:team:7c4854374e4daa6b00206eb922359a9,MOUZ NXT,3,1.0
2025,MY STAR,oe:team:f4e28ce02dea2124a77a47a70ac961f,MY STAR,33,1.0
2025,Macko Esports,oe:team:a2e63aee03585f0b37ff4cad936e349,Macko Esports,19,1.0
2025,Magaza Esports,oe:team:8b7f6ca4d6c6251072fa4044da4d8b3,Magaza Esports,14,1.0
2025,Malvinas Gaming,oe:team:d5772fdb1ae7fcc8046fa2e056a8715,Malvinas Gaming,19,1.0
2025,Malvinas Gaming EU,oe:team:ec81d260625c7fe27668874bf096021,Malvinas Gaming EU,8,1.0
2025,Maverix,oe:team:601cc8d49e98a9fcd0c4e674157d628,Maverix,5,1.0
2025,Maze Gaming,oe:team:ec984a85fa876a52f448869c93cd93b,Maze Gaming,45,1.0
2025,Meavedron,oe:team:3ab1da3e7d4f6beb00abafe38746ebd,Meavedron,85,1.0
2025,Melilla Fortune,oe:team:d03e93c97146427042dc20fff5de7f1,Melilla Titans,11,1.0
2025,Mila Gaming,oe:team:42c61eed1dbfc09e86376ebdf7adaab,Mila Gaming,16,1.0
2025,Mind Blue eSports,oe:team:83f5468c58ea895ffadba299f475a14,Mind Blue eSports,4,1.0
2025,Misa Esports,oe:team:196ea640b81c54e20e32b6294ab9769,Misa Esports,92,1.0
2025,Monta Club,oe:team:9c47b9a7c8357263dafdcfb72b1fc11,Monta Club,34,1.0
2025,Movistar KOI,oe:team:4acc40654379b4da680be1bd3129dfa,Movistar KOI,116,1.0
2025,Movistar KOI Fénix,oe:team:86dbb7cea91eaf08738bdc93a8442ce,Movistar KOI Fénix,46,1.0
2025,Myth Esports,oe:team:04bb54d81b8d6daaaf0eee289e9eb03,Myth Esports,63,1.0
2025,NASR eSports Turkey,oe:team:1bcba9d314932379a955b3de9e8654d,NASR eSports Turkey,8,1.0
2025,NGU eSports,oe:team:9b7f0bef2d0cd003274bb6046b59b98,NGU eSports,3,1.0
2025,NNO Prime,oe:team:2ae1a4c6fe17bf70dd4b5520d60f55b,NNO Prime,12,1.0
2025,NONAME (Turkish Team),oe:team:ec818d10e53bf2300b0b2171c57a47b,NONAME,8,1.0
2025,NORD Esports,oe:team:6ef01b22224b92f917d70dd9f33568b,NORD Esports,60,1.0
2025,Nativz,oe:team:a73a242584df96b35d6e606d93608f8,Nativz,3,1.0
2025,Natus Vincere,oe:team:d2ba9f92d85cff67d60aaad88e61048,Natus Vincere,8,1.0
2025,Near Airport,oe:team:e7da30846ab7b1224900ea5a0e6d8bb,Near Airport,38,1.0
2025,Never Give Up (Vietnamese Team),oe:team:254c1e7c80edaef162a904cdefa435c,Never Give Up,26,1.0
2025,NextGeneration Esports,oe:team:adcf619d451ca4ce696d1fb0f83bd29,NextGeneration Esports,10,1.0
2025,Nightbirds,oe:team:785213aebf3ebc4bf4e9aeef665d698,Nightbirds,82,1.0
2025,Nigma Galaxy Male,oe:team:c6aa23f2afcbe6fc281c7bb9b96c843,Nigma Galaxy,29,1.0
2025,Ninjas in Pyjamas.CN,oe:team:48d7941ccbd5b89aca46c57b0c2f8fb,Ninjas in Pyjamas,118,1.0
2025,Nocturne Gale,oe:team:7ec8796996a3f88bc9c94d9214ef13f,Nocturne Gale,46,1.0
2025,Nongshim Esports Academy,oe:team:7c64febcd5ccff13dcd035dc6867a00,Nongshim Esports Academy,105,1.0
2025,Nongshim RedForce,oe:team:5cd2cd09ec94296f605dd13a2924d6c,Nongshim RedForce,138,1.0
2025,Nongshim RedForce Academy,oe:team:ff07fcf769a41fa17ded4746368d6c7,Nongshim RedForce Academy,104,1.0
2025,ODD Esports,oe:team:dc02a128e3246c9c9819777fca172ef,ODD Esports,36,1.0
2025,OGC Esports,oe:team:74168817a4be4c1592aa886a083c3fb,OGC Esports,4,1.0
2025,OKSavingsBank BRION,oe:team:b77b3f6068e20a2b3edc0ecd3dc70d4,HANJIN BRION,115,1.0
2025,OKSavingsBank BRION Academy,oe:team:cea8093762c0842e5bb4a1c2a4f7d66,HANJIN BRION Academy,59,1.0
2025,OKSavingsBank BRION Challengers,oe:team:fa3d687a87bcae80362f784a7da571d,HANJIN BRION Challengers,95,1.0
2025,Odivelas Sports Club,oe:team:fca935f82fd01de843aa2799eb575ea,Odivelas Sports Club,52,1.0
2025,Oh My God,oe:team:f4c4528c6981e104a11ea7548630c23,Oh My God,32,1.0
2025,Oh My God Academy,oe:team:d6ede6ace357c075af068ccac12ae9f,Oh My God Academy,7,1.0
2025,Once Upon A Team,oe:team:e1cbefa2c9766f5deaa96d958a31e89,Once Upon A Team,58,1.0
2025,One More Esports,oe:team:ca663b1c89065ae6491db8e9cd5c305,One More Esports,68,1.0
2025,Orbit Anonymo Esports,oe:team:63ae9b77e466107d6e94d22f956a48a,Anonymo Esports,49,1.0
2025,Otter Side,oe:team:42c66b75a01e703aa898e9c22ad6ce1,Otter Side,22,1.0
2025,Oxygen Gaming,oe:team:f559203c4bdf14dbfb2e440de75d53e,Oxygen Gaming,52,1.0
2025,PRINCIPALITY,oe:team:d58a84867e710510653aaecb2723984,PRINCIPALITY,18,1.0
2025,PSG Talon,oe:team:4880b157399745e82e26e229d8bbf48,PSG Talon,29,1.0
2025,PSG Talon Academy,oe:team:7c1df37eb66c8c498b823787634c4bc,PSG Talon Academy,18,1.0
2025,Papara SuperMassive,oe:team:5203ff881d5c82c5f720eb3a2f3b44c,Papara SuperMassive,68,1.0
2025,Parakeet Gaming,oe:team:ee8c33305d4b7aa4b351c9ccf602796,Parakeet Gaming,6,1.0
2025,Partizan Esports,oe:team:e42ade212c09777da0f54bffe481f6d,Partizan Esports,17,1.0
2025,Partizan Sangal,oe:team:a66e91a2f91dd5b797328cdebf35039,Partizan Sangal,70,1.0
2025,Pertinax Esports,oe:team:178e4603342985e4154647761633799,Pertinax Esports,6,1.0
2025,Priority,oe:team:502996d9790340c5fd7b86a5b93b1c9,Priority,16,1.0
2025,Project Conquerors,oe:team:ad003d7f74930eeab29a6029c3b9f52,Project Conquerors,74,1.0
2025,Pulse Star,oe:team:2b5d8344f95980c907bc6d7e7e59777,Pulse Star,32,1.0
2025,PÊEK Gaming,oe:team:db4e98d03fec12b08cb7a80b739c446,PÊEK Gaming,23,1.0
2025,QT DIG,oe:team:984c3ce601b35d7617ad0bc8570946c,QT DIG∞,51,1.0
2025,RATZ,oe:team:d4c26280fdaf9d5282dd54a0e38056f,RATZ,20,1.0
2025,RED Academy,oe:team:391e50581a00cea9f06b2d845b4de05,RED Academy,47,1.0
2025,RED Canids,oe:team:67169969ecc058b307edfa9c6b7a3c0,RED Canids,63,1.0
2025,REDPack Esports,oe:team:314949f363d8e988f61dccc0cd7a121,REDPack Esports,5,1.0
2025,REJECT,oe:team:59b228d9fec9b88833bfe5d812ed8ad,REJECT,60,1.0
2025,ROSSMANN Centaurs,oe:team:e46f2dda10740009ffb0c01498dc5ce,ROSSMANN Centaurs,99,1.0
2025,RQS Esports,oe:team:24d4cca360ddad2c3eb478dce8a1a2e,RQS Esports,11,1.0
2025,Ramboot Club,oe:team:d17ce7a4192b52f8e1daf94c381c75f,Ramboot Club,49,1.0
2025,Rebels Gaming,oe:team:60411922d8062ecea0c728af9c876a0,Rebels Gaming,4,1.0
2025,Rich Gang (Norwegian Team),oe:team:2b20d0fcdb72f7b490eb1dc468136cf,Rich Gang,46,1.0
2025,Rise Gaming,oe:team:58af275511abd4695afad70410859ef,Rise Gaming,38,1.0
2025,Rise Gaming Ignis,oe:team:9cc94323ab0c26101a9c37dd37c2862,Rise Gaming Ignis,8,1.0
2025,Rogue (European Team),oe:team:cd62e47544f14f1d239afa659b9d243,Rogue,29,1.0
2025,Royal Never Give Up,oe:team:73f3126d91d35faa5d5ce34abadb865,Royal Never Give Up,31,1.0
2025,Ruddy Corporation,oe:team:b1db6fe70c0141676d7a2e2660bd869,Ruddy Corporation,7,1.0
2025,Ruddy Esports,oe:team:b1db6fe70c0141676d7a2e2660bd869,Ruddy Corporation,9,1.0
2025,Ruzeh Esports,oe:team:0e3665fcd81e2bfb5f4db58d32e4657,Ruzeh Esports,10,1.0
2025,SDM Tigres,oe:team:804b7284c54110d826f11a5a521ab69,SDM Tigres,38,1.0
2025,SINS Esports,oe:team:a288f7a515a6cc02f21acdb9b593cf2,SINS Esports,8,1.0
2025,SK Gaming,oe:team:75760dca486d4682426196b76bd1a54,SK Gaming,37,1.0
2025,SN CyberCore Esports,oe:team:4d7210b1c06aa728a46dc1aa2544830,SN CyberCore Esports,20,1.0
2025,SNOOZE Esports,oe:team:d0cd5a00349efaf7a3b8df54e1357e2,SNOOZE Esports,17,1.0
2025,SPIKE Syndicate,oe:team:21903b00a2d96c19ca87cb0e4b28527,SPIKE Syndicate,65,1.0
2025,Saigon Dino,oe:team:b5e47225b5e13f4d8fc673c8ade41fb,Saigon Dino,51,1.0
2025,Saigon Secret,oe:team:b58f7f4a97ead24b49916205613b557,Saigon Secret,37,1.0
2025,Saving OCE,oe:team:ebc9eb627be881661502ce98e356359,Saving OCE,4,1.0
2025,Sengoku Gaming,oe:team:984c3ce601b35d7617ad0bc8570946c,QT DIG∞,13,1.0
2025,Senshi eSports (Benelux Team),oe:team:9b09acb83880c52f76efbb9b6d17c2d,Senshi eSports,65,1.0
2025,Seven Dark,oe:team:2ab090cf81f9367248a25ca61a1568a,Seven Dark,27,1.0
2025,Shopify Rebellion,oe:team:b360f1d729b0a8e0f29a5243c4200fa,Shopify Rebellion,63,1.0
2025,Sicar Esports,oe:team:2facdac25fac9b0db3b80bf3a089e88,Sicar Esports,39,1.0
2025,Silent Storm Esports,oe:team:bfafe5bf7e0d1e10487b866e11bc421,Silent Storm Esports,10,1.0
2025,Skillcamp,oe:team:b659295189ec2ddd1a30e39fd3a0bd8,Skillcamp,52,1.0
2025,Solary,oe:team:90938c428db11f6e372f5c6833b9743,Solary,66,1.0
2025,Soul's Heart Esport,oe:team:eeffdb07120d60e9780e6a9e74ebe0f,Soul's Heart Esport,5,1.0
2025,Spirit Quartz Gaming,oe:team:3f8b5fec0ab9c72e3b734922cb5b9d2,Spirit Quartz Gaming,34,1.0
2025,Stellae Gaming,oe:team:5c83cdc1ed8710fd35b1f344ad10a79,Stellae Gaming,46,1.0
2025,StormMedia Fajnie Mieć Skład,oe:team:b2834fcfe9befb84ccdf46cb07fd73d,StormMedia Fajnie Mieć Skład,47,1.0
2025,Supernova,oe:team:8776b7033f1bc10634e50d90f861c1d,Supernova,45,1.0
2025,T1,oe:team:ce499dea30cfce118f4fe85da0227e8,T1,186,1.0
2025,T1 Esports Academy,oe:team:731b7a9fd004cdbe2bcb3da795bce47,T1 Esports Academy,148,1.0
2025,T1 Esports Academy Rookies,oe:team:32cd49a197bd08d99b16fe354e1f758,T1 Esports Academy Rookies,122,1.0
2025,TALON (Hong Kong Team),oe:team:4880b157399745e82e26e229d8bbf48,PSG Talon,63,1.0
2025,TALON Academy,oe:team:7c1df37eb66c8c498b823787634c4bc,PSG Talon Academy,52,1.0
2025,Tan'i eSports,oe:team:8c3a7c804b6606ebd0684ca41204759,Tan'i eSports,10,1.0
2025,Tan'i eSports CZ,oe:team:a1f7a79516b418bae38cd4d5b46903e,Tan'i eSports CZ,58,1.0
2025,Team Axelent69,oe:team:038e2d1dec645ae39a75e37b94234a1,Team Axelent69,8,1.0
2025,Team BDS,oe:team:7338408a0fe0217451d2c9a567db999,Team BDS,50,1.0
2025,Team BDS Academy,oe:team:9adc852fe2e027c5e4abd53ae8915ff,Team BDS Academy,47,1.0
2025,Team Evermeet,oe:team:e0d615e241b3741ff62ddd5be08c722,Team Evermeet,22,1.0
2025,Team Flash.Vietnam,oe:team:9bcc3882a74d7ec2b66f7067ba31bc3,Team Flash,39,1.0
2025,Team Heretics,oe:team:1285e1c04d54de96502f12da4d49458,Team Heretics,54,1.0
2025,Team Heretics Academy,oe:team:2dfc66b98002c5afad2a98dbf86e350,Team Heretics Academy,117,1.0
2025,Team Insidious,oe:team:9bd7ce113c5d4ff95b1c75205356a3f,Team Insidious,65,1.0
2025,Team Liquid,oe:team:8eb884e168f28402ce685bedebb5250,Team Liquid,69,1.0
2025,Team Meliora,oe:team:6ec5a2c4ca3b81f6c486a6f0e7fc54d,Team Meliora,6,1.0
2025,Team Mentality,oe:team:20ac802b980b4a0e33e933f3a5f9505,Team Mentality,7,1.0
2025,Team Paradox,oe:team:efc08f072a9536658366e05509720b3,The ParadOx Invaders,55,1.0
2025,Team Phantasma,oe:team:75a4d34e4afac036d164b0f1a580486,Team Phantasma,103,1.0
2025,Team Refuse,oe:team:d932b52fb3a9d5fad174728a969ee14,Team Refuse,21,1.0
2025,Team Secret Whales,oe:team:740de582f50775c516c77ed7b923fd5,Team Secret Whales,78,1.0
2025,Team UNiTY,oe:team:6e322bda09963acbe90845ce95e76f4,Team UNiTY,59,1.0
2025,Team Valiant,oe:team:71bd93fd1eab2c2f4ba60305ecabce2,Team Valiant,46,1.0
2025,Team Vitality,oe:team:e8d8ae992fe72acb7adc7bfcee31dbb,Team Vitality,52,1.0
2025,Team WE,oe:team:62c1cd9465dc63824593ee5046f5aa8,Team WE,127,1.0
2025,Team WE Academy,oe:team:85bf857a01b615a257739e34d9f0720,Team WE Academy,6,1.0
2025,TeamOrangeGaming,oe:team:e6423e34fc74500296fbaa43fac025d,TeamOrangeGaming,81,1.0
2025,TeamOrangeGaming Academy,oe:team:59c2016972da2ab6cb47c28ef46a7ba,TeamOrangeGaming Academy,7,1.0
2025,The Forbidden Five,oe:team:ce75fba240a993403195b79b44636c7,The Forbidden Five,14,1.0
2025,The Ruddy Sack,oe:team:b1db6fe70c0141676d7a2e2660bd869,Ruddy Corporation,32,1.0
2025,The Secret Club,oe:team:82a01ce538c539d0c25e85a336b70c1,The Secret Club,27,1.0
2025,ThunderTalk Gaming,oe:team:df80f468a3f9a722df056fe9104f052,ThunderTalk Gaming,98,1.0
2025,ThunderTalk Gaming Young,oe:team:fd27f7adaecaeac4f8736159d57c0ce,ThunderTalk Gaming Young,7,1.0
2025,Top Esports,oe:team:fcec508e780bbd1ad493852640f5b36,Top Esports,186,1.0
2025,Top Esports Challenger,oe:team:eaeaad6cbcd022d2b872d4776aae2e6,Top Esports Challenger,12,1.0
2025,Tormenta E-Sports,oe:team:d4c26280fdaf9d5282dd54a0e38056f,RATZ,9,1.0
2025,UCAM Esports,oe:team:746e6715fc4295c54954be5efc385af,UCAM Esports,54,1.0
2025,ULF Esports,oe:team:257377cff6d20cc978872f83d3da049,ULF Esports,85,1.0
2025,Ultra Prime,oe:team:8d09428f093dfbf3c488bce350af0b1,Ultra Prime,70,1.0
2025,Underworld Esports,oe:team:8d72ee9185fe0727bf453dd59e38cb2,Underworld Esports,16,1.0
2025,UniQ Esports Club,oe:team:8d91a7a5e315ed163e09c72ad22b0dc,UniQ Esports Club,22,1.0
2025,Unicorns of Love Sexy Edition,oe:team:6a060bd74c9041bf0aa89adf9d15d12,Unicorns of Love Sexy Edition,104,1.0
2025,Universae Instituto FP,oe:team:2d02ba0b874367692a25110f0e321f6,Universae Instituto FP,43,1.0
2025,V3 Esports,oe:team:af4b23d4634c4e6ecb5659fb1e689e9,V3 Esports,26,1.0
2025,VARREL YOUTH,oe:team:11f71a8417e4fd5046fd34c56e219fa,VARREL YOUTH,51,1.0
2025,VININE,oe:team:659132057bf3872268ec0676b57862b,VININE,3,1.0
2025,Vancouver Impact,oe:team:0f4b80bdd31dfd1bda297b891e65672,Vancouver Impact,14,1.0
2025,Veni Vidi Vici (Spanish Team),oe:team:bae5c5b458ee21472c7f6f270990bfe,Veni Vidi Vici,79,1.0
2025,Venomcrest Esports,oe:team:db052729079b7bbe03274df413b2d1b,Venomcrest Esports,43,1.0
2025,Venomcrest Serpents,oe:team:f7dba423d0f9ebdb6c58b97616b9bad,Venomcrest Serpents,4,1.0
2025,Venus Gaming,oe:team:038e73f25fcaf350481353bf5879c38,Venus Gaming,6,1.0
2025,Verdant,oe:team:b33646d7b7b14dd6da17a88f6ddb592,Verdant,80,1.0
2025,VfB eSports,oe:team:b23a51e14c53108a0de36eb92df2c5a,VfB eSports,3,1.0
2025,Vietnam (National Team),oe:team:4e0dd298cbb6e92265a616c94a4553a,Vietnam (National Team),5,1.0
2025,Vitality.Bee,oe:team:ccd089bf173a5fff1063eb0576201a7,Vitality.Bee,88,1.0
2025,Vivo Keyd Stars,oe:team:b9e44c69c1a70fb35df9be96f9eafea,Vivo Keyd Stars,69,1.0
2025,Vivo Keyd Stars Academy,oe:team:bf6f1cbd7a25bd88bbfdaf1c20366c1,Vivo Keyd Stars Academy,56,1.0
2025,Vivo Keyd Stars Ignis,oe:team:fe07f07518f9957e12ab859e26baa90,Vivo Keyd Stars Ignis,8,1.0
2025,WAP Esports,oe:team:65140c73015d004b0456fb43ba373a4,WAP Esports,32,1.0
2025,WLGaming Esports,oe:team:b19ab22267512e77945cd498106dcf1,WLGaming Esports,47,1.0
2025,Weibo Gaming,oe:team:606c6ac695907af3823ee6405c58ff1,Weibo Gaming,160,1.0
2025,Weibo Gaming Youth Team,oe:team:557e2d6abd8a8896014e4351756c305,Weibo Gaming Youth Team,11,1.0
2025,West Point Esports Philippines,oe:team:0092987a7da75e9fd0cbf8110d10b76,West Point Esports,84,1.0
2025,White Dragons,oe:team:6468029fb605bd6fdf1cf866e890739,White Dragons,7,1.0
2025,Wild Panthers Esports,oe:team:aba8187a8c4790f554138cda083003b,Wild Panthers Esports,5,1.0
2025,Winthrop University,oe:team:333ba9fefa87eda14bd32c5420d7002,Winthrop University,46,1.0
2025,XV eSports,oe:team:65c534614cdd76c73cbc50c610694f6,XV eSports,9,1.0
2025,Xibalbá Esports,oe:team:1b3d369ddd1fc986db6f3bde56d5131,Xibalbá Esports,5,1.0
2025,Yang Yang Gaming,oe:team:4c8ce94c32c391c558644af9a3cd884,Yang Yang Gaming,56,1.0
2025,ZETA,oe:team:50c26816bdd3bb2a02def8e11a5cd5a,ZETA,27,1.0
2025,Zena Esports,oe:team:01d50b1de5bdc717131b31c64378a5b,Zena Esports,55,1.0
2025,ZennIT,oe:team:79fc65ce199f2e4fe97e277bdef6695,ZennIT,86,1.0
2025,Zenshi Gaming,oe:team:a1964e03a2f3d36aecdeccc14a2c89a,Zenshi Gaming,11,1.0
2025,Zerance,oe:team:302fced4d92a9b83cb5784fd6f3b548,Zerance,47,1.0
2025,Zero Tenacity,oe:team:125fc4d6b0dc1b21596f4f06a207d62,Zero Tenacity,113,1.0
2025,ZeroZone Gaming,oe:team:ec830d79559b38ffe2dcda535fd2bac,ZeroZone Gaming,15,1.0
2025,Zerolag Esports,oe:team:6a68fff9fc521e2fbcab2fc19978d24,Zerolag Esports,42,1.0
2025,Zeu5 Esports,oe:team:10b956b9c5ac7a1d0bf3ded8a12a78a,Zeu5 Esports,43,1.0
2025,aNc Legends,oe:team:bdf46a1aa900f8a91ed9412def4d2f5,aNc Legends,30,1.0
2025,devils.one x Kiedyś Miałem Team,oe:team:92e22c0b203c93b7d25c3a07b68575c,devils.one inStreamly,15,1.0
2025,e-Champ Gaming,oe:team:b75eada98b0b044c59e748c5a2e59be,e-Champ Gaming,17,1.0
2025,eQuizers,oe:team:94223abdc94b7506183935d070fa35d,eQuizers,26,1.0
2025,eSuba,oe:team:3faefd9245a4ef6ba347fbcf2a51515,eSuba,114,1.0
2025,evil genius (RTV Team),oe:team:7a65b3713141bd998414190ac4c00bc,Evil genius,7,1.0
2025,htp eSport Akademie Hannover,oe:team:d1b84f96311ecca3c800369ce1e59e4,htp eSport Akademie Hannover,4,1.0
2025,mCon esports,oe:team:ee662fa8580ced6fb87aa4ca5b1fe7b,mCon esports,77,1.0
2025,paiN Gaming,oe:team:61450737f7b683db4da7b3e0bf0dced,paiN Gaming,62,1.0
2025,regnum4games,oe:team:423471551f6ba1b127ed1c884aaa67a,regnum4games,3,1.0
2025,wangting,oe:team:ff6d6552ee3ce383d533d88a5901d23,wangting,57,1.0
all,100 Thieves,oe:team:4bd1751425ef6a9bc9d4d8e9385b4a6,100 Thieves,525,1.0
all,100 Thieves Academy,oe:team:acbc961cec36a59ede6695669ad7a19,100 Thieves Academy,356,1.0
all,100 Thieves Challengers,oe:team:590c61a318de97dde90d97fed3d81da,100 Thieves Challengers,40,1.0
all,100 Thieves Next,oe:team:a3e5d7937cfb8a6d810b5d18d0b1fe7,100 Thieves Next,182,1.0
all,17 Academy,oe:team:666515300647cde21ae9c59716a931a,17 Academy,9,1.0
all,19esports,oe:team:3eb6b5da983552dd32f84d7f0e99717,19esports,27,1.0
all,2144 Danmu Gaming,oe:team:001f05f3618c2ed84a6b43434753bd8,2144 Danmu Gaming,44,1.0
all,2144 Gaming,oe:team:11d06b1fb262e1879c0df46fa28499c,2144 Gaming,46,1.0
all,21Phoenix,oe:team:af9a40bf839c23e8d5411e42a0e3b38,21Phoenix,13,1.0
all,24 7 Tower Dive,oe:team:76f3de935fdb45874ac6a85e9d65253,24/7 Tower Dive,17,1.0
all,300 (North American Team),oe:team:11906fcdcf6e25e9a5e85b782beb1ba,300,10,1.0
all,3BL Esports,oe:team:bfd5446b1eba9098e03dfaa63a1c391,3BL Esports,54,1.0
all,3V,oe:team:bae5c5b458ee21472c7f6f270990bfe,Veni Vidi Vici,4,1.0
all,404 Multigaming e.V.,oe:team:1e6c5e927a3371615a4b52d6b845d17,404 Multigaming e.V.,21,1.0
all,42 Gaming,oe:team:da5f2e46989c6a8ce510b0cc1f84828,42 Gaming,19,1.0
all,4Elements Esports,oe:team:e919e6c4f8ed9efed7f8a1f49d2b44a,4Elements Esports,13,1.0
all,4Elements Scuttle Squad,oe:team:aaaacee1fb3399071bdaa0e6a24ff6f,4Elements Scuttle Squad,17,1.0
all,5 Hydra Esport,oe:team:84315572819d9799b654528873efbb6,5 Hydra Esport,14,1.0
all,5 Ronin,oe:team:6a87540e0a690bc1aa918c3c31b21e7,5 Ronin,141,1.0
all,5 Ronin Academy,oe:team:65838799d4f18b5f3cda973edca3e8b,5 Ronin Academy,103,1.0
all,5Fox E-Sports Club,oe:team:6fdc1069d1d3adf089d6ca73d8ec06a,5Fox E-Sports Club,10,1.0
all,6Sense,oe:team:dcc812505700e6470c2b4bb2ce4437c,6Sense,44,1.0
all,7REX,oe:team:d939caa94947133c4537be5e931980c,7REX,10,1.0
all,7more7 Pompa Team,oe:team:b5ac2d78f427d88ed9666c8d1c9e1d2,7more7 Pompa Team,57,1.0
all,7more7 Pompa Team Academy,oe:team:3e8e10cb2ed3bdaa31a961c0094c0a6,7more7 Pompa Team Academy,3,1.0
all,7th heaven,oe:team:32f5dedea90b1ec28566a3b0c278cc3,7th heaven,113,1.0
all,7th heaven X,oe:team:2ed21f3214fcb3867b89a28ac39763e,7th heaven X,10,1.0
all,9z Team,oe:team:996738a4a0d3d56b8c1fdcf003f23ee,9z Team,124,1.0
all,A One Man Army,oe:team:8e2b0d0cd75672565eb80d7e5beaa92,A One Man Army,128,1.0
all,A One Man Army Prime,oe:team:e48971339218173510419a40bc80080,A One Man Army Prime,9,1.0
all,ACE 1,oe:team:6bbda53cb536e51fc2d3fd0256951c1,ACE 1,34,1.0
all,ACTINA PACT,oe:team:1210047b1f9e343b6a2f0e48358733c,ACTINA PACT,35,1.0
all,AG.AL,oe:team:ed28f87f0cfdba0a2a8f183cebae73a,Anyone's Legend,10,1.0
all,AGD E-Sports,oe:team:9f3c8ed4ad53efba760b6267af69b7f,AGD E-Sports,6,1.0
all,AGO Gaming,oe:team:c95ec0a82febf95c7bd2db4da77efe8,AGO esports,5,1.0
all,AGO ROGUE,oe:team:5a5f8cc0161f43afe3461b293535517,AGO ROGUE,211,1.0
all,AKA HERO,oe:team:2f576c94aad38903992aa950e957d4c,AKA HERO,3,1.0
all,AKIHABARA ENCOUNT,oe:team:00139c5837e7a000b62cb9ed6f4f3c8,AKIHABARA ENCOUNT,35,1.0
all,ALTERNATE aTTaX,oe:team:503b43b019e9748cc07a115d524f697,ALTERNATE aTTaX,5,1.0
all,ANEW Academy,oe:team:5769a39e27db9aa771714d1d6f71899,ANEW Academy,15,1.0
all,ANEW Blaze,oe:team:b40d3a5915a3627fb180a52ffcf8fcd,ANEW Blaze,36,1.0
all,ANEW Dawn,oe:team:c574d318fab6447b119865b6e12361e,ANEW Dawn,9,1.0
all,ANEW Esports,oe:team:86bd7e5d5feb9c91d3026fdf741ef07,ANEW Esports,56,0.9821428571428571
all,ANEW Genesis,oe:team:d1f94eb386150a299d1fcccb7bf56ac,ANEW Genesis,5,1.0
all,ANEW Rising,oe:team:dfbc53a1d6a3646a7e7dc1278a137ac,ANEW Rising,18,1.0
all,ANON (North American Team),oe:team:965cad858801dad4dfb5885de2f7db7,ANON,4,1.0
all,AOE Esports,oe:team:f99374803c2802a727e34ba54af754d,Area of Effect Esports,149,1.0
all,AOE Gold,oe:team:e9830aab7a1713887db405511b17c82,AOE Gold,84,1.0
all,APK Prince,oe:team:c228d8939c704a1d5ac0e3d49477cc4,SeolHaeOne Prince,275,1.0
all,APOLLO GAMING,oe:team:16f72e69fc7d2d27c151024912a6497,APOLLO GAMING,25,1.0
all,AS Esports,oe:team:16467fb3050a31b2b27672467beb1a8,AS Esports,38,1.0
all,AS Trenčín esports,oe:team:2895c70302bd198ff8327ba552cafdb,AS Trenčín esports,39,1.0
all,ASP Esports,oe:team:d8ab5f687bf0b1d829bd0c2883b819c,ASP Esports,14,1.0
all,ASUS ROG Army,oe:team:266f28c813f67d6f43897ef089f6cf6,ASUS ROG Army,49,1.0
all,ASUS ROG ELITE,oe:team:8876fffa2a609c6e4cfddfbbaedc2dd,ASUS ROG ELITE,104,1.0
all,ATLAS eSports Team,oe:team:575f4ac938f0343c3e0f26bbacfe063,ATLAS eSports Team,12,1.0
all,AVANGAR,oe:team:6ce0a8dd22626bff39fc36240eef7ee,AVANGAR,13,1.0
all,AVE Axolotl,oe:team:e7121adad88546bce0ff2cc41c2d343,Axolotl,16,1.0
all,AVEZ Esport,oe:team:b2f0f60d345fc34475b278e7a1ede1b,AVEZ Esport,35,1.0
all,AXIZ,oe:team:800133e1f0fb01e3326d93eee58f0f4,AXIZ,218,1.0
all,AXIZ Academy,oe:team:3b1c9e07a26cdc1ed8b830314e19cfd,AXIZ Academy,36,1.0
all,AXIZ CREST,oe:team:2b308998f2c7033f864caf1d5cc9dc0,AXIZ CREST,42,1.0
all,AXIZ CREST Academy,oe:team:68c346d1a5284be386b75f84d76b27d,AXIZ CREST Academy,41,1.0
all,AZIO eSports,oe:team:4fc2ce83c0e48f8c07cf04a0fe13b33,AZIO eSports,14,1.0
all,AaB Esport,oe:team:1b9ffe897d79c81c5deeca9e3c78f69,AaB Esport,22,1.0
all,Absolute Legends Netherlands,oe:team:b351c67cd7c244b6f664bf5b246e952,Absolute Legends Netherlands,26,1.0
all,Absolved,oe:team:2ede2009837b8d7774a09a5dc367f92,Absolved,37,1.0
all,Abyss Academy,oe:team:07f47f630315f524f0179378f356b77,Abyss Academy,18,1.0
all,Abyss Esports,oe:team:de55ffb045c6780ab5edf7e5d74b4d5,Abyss Esports,83,1.0
all,Abyss Esports Red,oe:team:de55ffb045c6780ab5edf7e5d74b4d5,Abyss Esports,18,1.0
all,Abyssal Esport Club,oe:team:c53d416e0d33d229126f8d13b00d07b,Abyssal Esport Club,25,1.0
all,Acclaim EmpireX,oe:team:ca8a8d5dadda551344e9632c64990bb,Acclaim EmpireX,5,1.0
all,AceS GaminG,oe:team:88181dbc63dfbd1664e8a1e8846ed21,AceS GaminG,35,1.0
all,Actions Per Minute,oe:team:3a96025b8db516e2c44dbb3c0b31996,Actions Per Minute,56,1.0
all,Activit-E,oe:team:9604d03f235a62e504a79be47eb61c6,Activit-E,11,1.0
all,Adonis Esports,oe:team:359f4fcf1cfcd0894f52563d5cae1bc,V Gaming Adonis,24,1.0
all,Adverse,oe:team:d6daccfb074c6700b6237137d41fabb,Adverse,5,1.0
all,Aegis (French Team),oe:team:e3a29387c70230d76837b86c2aefd14,Aegis,130,1.0
all,Aethernum eSports,oe:team:670864fcb76e8cbb5123ee8de639b08,Aethernum eSports,16,1.0
all,Aethra Esports,oe:team:39d5dcd1979d4062609cf7c1fc9ff55,Aethra Esports,30,1.0
all,Afreeca Freecs,oe:team:b3c72a20aa56f5d28022ac04a7dc294,DN SOOPers,645,1.0
all,Afreeca Freecs Academy,oe:team:00ae39840233a9dc8db235166c32ba7,DN SOOPers Academy,56,1.0
all,Afreeca Freecs Challengers,oe:team:f78d56f289804906a627706f330ee06,DN SOOPers Challengers,47,1.0
all,Afro Beast,oe:team:b07f968bfb5a5b0164a904c75e77e78,Afro Beast,5,1.0
all,Aftershock Esports,oe:team:846fd5a569a9d306b647411861e962f,Aftershock Esports,10,1.0
all,Aguilas Doradas,oe:team:45aa17d9e673616344575f3295302d4,Aguilas Doradas,33,1.0
all,Akademia,oe:team:2f9d5b62dd6216cb5e7e777844e17d8,Akademia,30,1.0
all,Akroma,oe:team:e05fc2a9f99e906ea564a672d75f839,Akroma,83,1.0
all,Albus NoX Luna,oe:team:f2357aab765dfb94659ba2223a6d4f0,Albus NoX Luna,42,1.0
all,AlienTech eSports,oe:team:92ebcf3407842256ee7954c5e2390a8,AlienTech eSports,5,1.0
all,AliorBank Team,oe:team:ccf3ac6ecc7f9a46f87a052deebe32e,AliorBank Team,88,1.0
all,All Combo,oe:team:66951189b9e08c162667e26facca95e,All Combo,164,1.0
all,All Knights,oe:team:ac644a006bcf1a44682d666df19864c,All Knights,245,1.0
all,All for One Gaming,oe:team:30fa9a41992f6d79206892a5af03a43,All for One Gaming,5,1.0
all,Alpha Esports,oe:team:dfd20f6b96340a66e4004f41215f6b7,Alpha Esports,147,1.0
all,Alpha Sydney,oe:team:1704188dc8a75f5d0c78f344b5b9e9c,Alpha Sydney,23,1.0
all,Alpha7 Esports,oe:team:64ea90e46b8491a5fca803051d42463,Alpha7 Esports,41,1.0
all,Alternative Gaming,oe:team:59a8444df1eea7efd120e292be07453,Alternative Gaming,3,1.0
all,Andromeda Gaming,oe:team:35b8b37ab87d44db8717e12c2164e2e,Andromeda Gaming,23,1.0
all,Angry Bats,oe:team:134d1af7b5cafdd70f8f1ecdb2306c7,Angry Bats,19,1.0
all,Ankora Gaming,oe:team:df045d28ec9b0b40ea9eb6ab50693ac,Ankora Gaming,60,1.0
all,Anorthosis Famagusta Esports,oe:team:5f1bc4a914b49c7b7ff4c2f1b8d8df9,Anorthosis Famagusta Esports,349,1.0
all,Antares Esports,oe:team:920c52a8d7dbd6f216f9e59b825abc8,Antares Esports,39,1.0
all,Antic Esports,oe:team:22fca4d0e6f23af1d0bfc7b3b4de18c,Antic Esports,56,1.0
all,Anubis Gaming,oe:team:f2094ae60f9b1f3b6a17ad88ad75fc1,Anubis Gaming,162,1.0
all,Anyone's Legend,oe:team:ed28f87f0cfdba0a2a8f183cebae73a,Anyone's Legend,428,1.0
all,Anyone's Legend.Young,oe:team:4278e8a32eefe381f75ac6d09218de3,Anyone's Legend.Young,235,1.0
all,Anáhuac Esports,oe:team:a376ed223776110ba2749fc65c07896,Anáhuac Esports,44,1.0
all,Apex Gaming,oe:team:60b1f136230746a33c9f53f90d53a8b,Apex Gaming,71,1.0
all,Apex Mission Impossible,oe:team:fa12fb801e77d60b9fde291b93c5d3f,Apex Mission Impossible,71,1.0
all,Apex Predator,oe:team:70afb41e202f4d1ca2803e34f42898c,Apex Predator,5,1.0
all,Apex Pride,oe:team:b2ad0a325a5c242defaf51aa2244015,Apex Pride,11,1.0
all,Aporia,oe:team:6c9ef0b5da5c5697051a9ce0eec23b6,Aporia,8,1.0
all,Aqualix Esports.NA,oe:team:c41302163fe262dab12e400d7adc95a,Aqualix Esports,3,1.0
all,Aquatik Esports,oe:team:c73ee5d874c7218ab92adf5f3bd0c0e,Aquatik Esports,12,1.0
all,Arctic Gaming Mexico,oe:team:ac655e92876e020fc404aff244a95e3,Arctic Gaming México,172,1.0
all,Area of Effect Brady,oe:team:479a62d88953b27ea1ead81075aa9d4,Area of Effect Brady,11,1.0
all,Area of Effect Cows,oe:team:7ecd295055a86992d94f07f571abd9c,Area of Effect Cows,4,1.0
all,Area of Effect Ginger Turmeric,oe:team:362c31d38bf8e4a3fd5a37cfa8c449b,Area of Effect Ginger Turmeric,59,1.0
all,Area of Effect Need Her,oe:team:a7a76c2d37e9b45217a8f7ce66ddb8b,Area of Effect Need Her,13,1.0
all,Area of Effect Pump,oe:team:9fc25674200c10afd54d7ebb1a62a79,Area of Effect Pump,8,1.0
all,Area of Effect Randoms,oe:team:0db4f03569e38f6ff1c09aa1907ca6d,Area of Effect Randoms,87,1.0
all,Area of Effect Soupy Time,oe:team:cd0265100a71f098affbc8b2cbe043f,Area of Effect Soupy Time,4,1.0
all,Area of Effect Will's Kittens,oe:team:a0f0ee0d7ff81dae79b2580688fb76d,Area of Effect Will's Kittens,13,1.0
all,Arena Quesito,oe:team:5a65820ae9d6b52452d469d0b4ffc29,Arena Quesito,63,1.0
all,Aris Esports,oe:team:08ca49e0997f5e1e0d71001f4bc13fd,Aris Esports,15,1.0
all,Arsenal,oe:team:4fc9baf210346939946d5a49f255588,Arsenal,3,1.0
all,Ascendance (Turkish Team),oe:team:1ae6f1e266a5dd14d303f25facc35fd,Ascendance,3,1.0
all,Ascension Gaming,oe:team:6db10eb2b230fe5af5947ce5d46bc9a,Ascension Gaming,46,1.0
all,Association de Gaming et d'Esport de Mons,oe:team:67a8a9e3f3b1b16e9c4dc0ac8aaa514,AGEM,10,1.0
all,Aston eSports,oe:team:f42d079ab8451bab070c347e730f5fa,Aston eSports,10,1.0
all,Astral Authority,oe:team:f185af4fd48a7fac2dc50d7a23824b5,Astral Authority,5,1.0
all,Astralis,oe:team:128d0cec08b877912eb91f94a1f3295,Astralis,114,1.0
all,Astralis SB,oe:team:90a3fe0ae48ef2bfe82b20711646096,Astralis SB,53,1.0
all,Astralis Talent,oe:team:c94195cef56d1eabb7e0304efad4c47,Astralis Talent,60,1.0
all,Asura (Korean Team),oe:team:9f8570136192e22b6e703c51ed81742,ASURA,108,1.0
all,Asura eSports,oe:team:186ab4e0a1d44a51c426ed35af560f2,Asura eSports,10,1.0
all,Atheris Esports,oe:team:0e99b04d101a93f6de17a4bf5de8b70,Atheris Esports,86,1.0
all,Athletico Esports,oe:team:e16dc1d6a36fc086c71f495a89442e9,Athletico Esports,9,1.0
all,Atlando Esports,oe:team:e4e374ea65e4f2ca513cdd2579ad578,Atlando Esports,9,1.0
all,Atlas (Italian Team),oe:team:d535f853989194a502c3af8c4b88d14,ASD Atlas,4,1.0
all,Atleta Esport,oe:team:2857b1b013cbea649c5c610a18efa44,Atleta Esport,132,1.0
all,Atletec,oe:team:e0ec1fed6e0949a0aef5f506ccb76ce,Atletec,118,1.0
all,Atomic México,oe:team:12f0138300dd741199ea6ad1666531c,Atomic México,80,1.0
all,Aurelius Esports,oe:team:c856cde28eaed2123b1a9c2d9133bd6,Aurelius Esports,21,1.0
all,Aurora (Belgian Team),oe:team:9d360cb53ceabaf46a078820f7370b5,Aurora,62,1.0
all,Australs,oe:team:49f7d0d26c02418d44ffcf34a087068,Australs,28,1.0
all,Austrian Force eSports,oe:team:a1934e3feca7db728021f9c61a6bc27,Austrian Force willhaben,14,1.0
all,Austrian Force willhaben,oe:team:a1934e3feca7db728021f9c61a6bc27,Austrian Force willhaben,130,1.0
all,Authority E-sports,oe:team:5169c1789fd93fb88b4e0dfebf36dba,Authority E-sports,13,1.0
all,Auxesis Esports,oe:team:486eb7673f4c5e1f05bb9b1f2ccc59f,Auxesis Esports,37,1.0
all,Avant Academy,oe:team:fd2be44e083523bc6f60d506d74be4d,Avant Academy,21,1.0
all,Avant Gaming,oe:team:5bef6688c36d00642436d00a83d9c14,Avant Gaming,178,1.0
all,Avant Garde,oe:team:5bef6688c36d00642436d00a83d9c14,Avant Gaming,84,1.0
all,Avia Deceptor,oe:team:5c5f0acb6a80770623c66e0d6b7a592,Avia Deceptor,3,1.0
all,Away from Normal,oe:team:27b676a1e4c8cf0fa2eb95072cf19a6,Away from Normal,7,1.0
all,Awesome Spear,oe:team:fcfdb4e291df2ed5206d241f59fd902,Awesome Spear,37,1.0
all,Awesome Spear Academy,oe:team:11316fd322539b98a9a695912841fac,Awesome Spear Academy,20,1.0
all,Axolotl,oe:team:e7121adad88546bce0ff2cc41c2d343,Axolotl,178,1.0
all,Axolotl Academy,oe:team:3bc449343ffa0783714235cf9b55ddf,Axolotl Academy,3,1.0
all,Azules Esports,oe:team:44990d61d2b6817c830634b1f652af2,Azules Esports,89,1.0
all,Azules Esports Academy,oe:team:b654c85830c3979466517ca5158b309,Azules Esports Academy,62,1.0
all,B2U,oe:team:a3de49118fc788cc18b33c6db66deb7,B2U,8,1.0
all,BBL Dark Passage,oe:team:070a0f7f26241f1269bfa3e8f787920,BBL Dark Passage,53,1.0
all,BCN Squad,oe:team:67acf50fd9db87b9aec311bedf9bea3,BCN Squad,76,1.0
all,BERZLOY,oe:team:3e67560e364e73283a651ea020aee10,BERZLOY,4,1.0
all,BGA eQuizers,oe:team:01b5dd4629769111733c78dd9a011b7,BGA eQuizers,21,1.0
all,BISONS ECLUB,oe:team:b346309564f4fc7f30ac14403e93010,BISONS ECLUB,131,1.0
all,BK ROG Esports,oe:team:c40f6d0d20a7a718c60342e48c144a2,BK ROG Esports,298,1.0
all,BLACKLIST,oe:team:7c70757b78984c0990d99dc3524395e,BLACKLIST,22,1.0
all,BNK FEARX,oe:team:5c2e7e9ea8dfcba0150d9a5619baecf,BNK FEARX,175,1.0
all,BNK FEARX Academy,oe:team:eade4a74478f5f903aeec82cedcd13d,BNK FEARX Academy,79,1.0
all,BNK FEARX Youth,oe:team:20edec57649c30e1ed81e4b42634ac1,BNK FEARX Youth,205,1.0
all,BOOBA,oe:team:8302c2d2d001eeeb1a8496f581e99ed,BOOBA,7,1.0
all,BOOM Esports,oe:team:df45d96b7b251f89748cc28b2bc8969,BOOM Esports,54,1.0
all,BPZ,oe:team:77451e1c46e819c6edcf2d9ac5d7f5f,BPZ,41,1.0
all,BRION,oe:team:b77b3f6068e20a2b3edc0ecd3dc70d4,HANJIN BRION,37,1.0
all,BRION Academy,oe:team:cea8093762c0842e5bb4a1c2a4f7d66,HANJIN BRION Academy,37,1.0
all,BRION Challengers,oe:team:fa3d687a87bcae80362f784a7da571d,HANJIN BRION Challengers,40,1.0
all,BRUTE,oe:team:ddb6aa775eebeffd5cc41ba5c35c6a1,BRUTE,237,1.0
all,BRUTE Academy,oe:team:1d013d613a36012255cc7f3b8562439,BRUTE Academy,19,1.0
all,BRUTE Talents,oe:team:1d013d613a36012255cc7f3b8562439,BRUTE Academy,14,1.0
all,BT Excel,oe:team:2b7b9f30577e4eb59af48370ce8679c,JD|XL,84,1.0
all,BWE Esports,oe:team:82e3504486eabe3575dc4b5ff507451,BWE Esports,82,1.0
all,Baam Esports,oe:team:b1a205489742f1e0600c6489b5d15a8,BAAM Esports,80,1.0
all,Baby Whales,oe:team:6aa90245ef05420f45275eaf822049a,Baby Whales,6,1.0
all,Back2TheGame,oe:team:544b70d08c7df83ccb74d08a677b902,Back2TheGame,176,1.0
all,Back2TheGame Outlaws,oe:team:544b70d08c7df83ccb74d08a677b902,Back2TheGame,12,1.0
all,Bandits Gaming,oe:team:150ed90e9ca3262dbe6f3253b42ebb7,Bandits Gaming,66,1.0
all,Bangkok Titans,oe:team:5fae505234a3d1c41f885c3b7bc3876,Bangkok Titans,32,1.0
all,Barcelona BG,oe:team:6827c3eeac39f6467fa2163753a508c,Barcelona BG,16,1.0
all,Barrage (British Team),oe:team:ed697fa53b4832c6625299c1ddd40c9,Barrage,83,1.0
all,Barrage Academy,oe:team:6df3f4d9e60d9c1523e02b4b4a8cde4,Barrage Academy,39,1.0
all,Barrage.NA,oe:team:820a182de738908d69fb74a7745c677,Barrage.NA,86,1.0
all,Barça eSports,oe:team:2d1b8a518ba70fe8352fb0fdd8aec1a,Barça eSports,310,1.0
all,Bastards Esports,oe:team:2375bf67ae2a232830947aaba2a6be7,Bastards Esports,37,1.0
all,Bastu Five,oe:team:aa780995928f3f687c5fa7edcf3490e,Bastu Five,8,1.0
all,Bay State College,oe:team:be543a92f2258b940563996544963c3,Bay State College,86,1.0
all,Bay State College B,oe:team:be543a92f2258b940563996544963c3,Bay State College,4,1.0
all,BeFive,oe:team:548579194cfbf70ae730c1f1c24a013,BeFive,111,1.0
all,Beetle Juice,oe:team:2bd27341f37c47ed3fc176f2ddb9725,Beetle Juice,13,1.0
all,Bencheados,oe:team:ba3b1a1f005f917f9aaea679f31ae08,Bencheados,54,1.0
all,Benelux United,oe:team:7028068cb1c8be18ba79b4d656123bf,Benelux United,14,1.0
all,BeomSAMA Fan Club,oe:team:0ce92abf77546dafee13c1c3f37c25e,Spear Gaming,33,1.0
all,Berjaya Dragons,oe:team:eb704226a35906f55b51e7ebeaee260,Berjaya Dragons,92,1.0
all,Berlin International Gaming,oe:team:3de935df8f40fbb4d0e564d4a20e6cb,Berlin International Gaming,455,1.0
all,Bethany Lutheran College,oe:team:a4b8f2a5c30a05dd32e2c0f3f97b1b3,Bethany Lutheran College,14,1.0
all,Bethany Lutheran College B,oe:team:a4b8f2a5c30a05dd32e2c0f3f97b1b3,Bethany Lutheran College,7,1.0
all,Beyond Gaming,oe:team:89008bdacc273b554227d6b76869381,Beyond Gaming,263,1.0
all,Beyond Gaming Academy,oe:team:68de47af306a393bf9db4e657623b48,Beyond Gaming Academy,9,1.0
all,Beşiktaş Academy,oe:team:1983b6e9dc5d2b7538f8787448dd5d7,Beşiktaş Academy,161,1.0
all,Beşiktaş Esports,oe:team:4f19751f9f051533995772897da2d77,Beşiktaş Esports,403,1.0
all,Beşiktaş.Oyun Hizmetleri,oe:team:fb2c3c21cd8bbdb161246014c23e7e7,Beşiktaş.Oyun Hizmetleri,58,1.0
all,Bifrost,oe:team:f081b761c52c8815264545f31442cf6,Bifrost,110,1.0
all,Big Duck Energy,oe:team:7bccc87651259205127166d5fd82a68,Big Duck Energy,4,1.0
all,Big Gods,oe:team:720582b405a4fafd693c0c55a1f5419,Big Gods,22,1.0
all,Big Gods Jackals,oe:team:9feb8ebfa423e419320a66a09cfa3d2,Big Gods Jackals,40,1.0
all,Big One Gaming,oe:team:dda0813cbc9db279be5ee98c7c5b9c1,Big One Gaming,65,1.0
all,Bigetron E-Sports,oe:team:4ba35a7ee6378eb1f82d8e706bd6f2c,Bigetron E-Sports,4,1.0
all,Bilibili Gaming,oe:team:d356a144644879dabb5f34cd99c886d,Bilibili Gaming,1014,1.0
all,Bilibili Gaming Junior,oe:team:4dfc9a0f1a6e1f2fcd8169ad3cdc5da,Bilibili Gaming Junior,536,1.0
all,Bilibili Live,oe:team:752142f82bfee344e60754832e2d4d4,Bilibili Live,7,1.0
all,Bis Esports,oe:team:588c0f09975443cbfbbe71a9ac1d75c,Bis Esports,85,1.0
all,Bitfix Gaming,oe:team:f4342581cac266ae8ef96736fa371ee,Bitfix Gaming,12,1.0
all,Black Lion,oe:team:c2b781ca4585097d9119d3d2f6612be,Black Lion,5,1.0
all,Black Rock Esports,oe:team:d30e66a7990e43d1f69a003206d70dd,Black Rock Esports,14,1.0
all,Black Star Gaming,oe:team:9f4d6a0d3f64dd4a431b97862bd88aa,Black Star Gaming,21,1.0
all,Blade Edge,oe:team:6934a11328a9bc03556896290420b49,Blade Edge,3,1.0
all,Blue Esports,oe:team:cf83296039548902f3c9d60b22635ec,Blue Esports,13,1.0
all,Blue Otter,oe:team:009345cfebfe411229f8fad11210219,Blue Otter,103,1.0
all,BlueWhites,oe:team:1e721d47851a84b2858863e83516b9c,BlueWhites,39,1.0
all,Boavista FC,oe:team:07837648624136cfa442f4d3bf29de0,Boavista FC,200,1.0
all,Boca Juniors Gaming,oe:team:60e5f1fdc57df40ba2ca71ecf3c3b52,Boca Juniors Gaming,115,1.0
all,Bogged,oe:team:5e22ca5822229015c5a73cd17f43f92,Bogged,12,1.0
all,Boise State University,oe:team:2f3f3e58c9f5e3efba3c2c64ee7e4d6,Boise State University,9,1.0
all,Bombers,oe:team:8de081afe2ce8b05dff41610b880b5a,Bombers,105,1.0
all,Bombers Academy,oe:team:fae75f985d8c1509fa55ea782737bf6,Bombers Academy,25,1.0
all,BoostGate Esports,oe:team:331c852427c61f82050b618c2b442c4,BoostGate Esports,156,1.0
all,Born to Kill,oe:team:ea713c468d50ec009b60c1447b18b48,Born to Kill,29,1.0
all,BowQen Blackbucks,oe:team:33968118a37b94e30cae520c22ce065,BowQen Blackbucks,21,1.0
all,Box Gaming,oe:team:f120b297d22778c31d145387ae3a372,MGN Blue Esports,11,1.0
all,Brave e-Sports,oe:team:8943b9a2cd4bdae374d4a0a64c9cf09,Brave e-Sports,10,1.0
all,Braves Rising,oe:team:eefde58f0df8d64690b358edd3c8cbb,Braves Rising,61,1.0
all,BrawL eSports,oe:team:8399bf9150237c73be9e56066202a4d,BrawL eSports,3,1.0
all,Bring It On,oe:team:a32a2b3523e4b21334396c1d0b6aa11,Bring It On,17,1.0
all,Brion Blade,oe:team:b77b3f6068e20a2b3edc0ecd3dc70d4,HANJIN BRION,124,1.0
all,Brod n Friends,oe:team:7e406cba1b8a226c8851b874815ebbe,Brod n Friends,6,1.0
all,Brussels Guardians,oe:team:ca06a036247ca868972c49cbe00b507,Brussels Guardians,20,1.0
all,Buff Katarina,oe:team:be05254b418d34ad5579446766e37b8,Buff Katarina,6,1.0
all,Bulldog Esports,oe:team:4ccccd4b7c3dba7d799d52c4b78634d,Bulldog Esports,113,1.0
all,Burning Core,oe:team:73c73a123b43e071470729f74ef2022,Burning Core Toyama,269,1.0
all,Burning Core Academy,oe:team:26de0e706bbdee6670640bb499d80a9,Burning Core Toyama Academy,37,1.0
all,Burning Core Toyama,oe:team:73c73a123b43e071470729f74ef2022,Burning Core Toyama,92,1.0
all,Burning Core Toyama Academy,oe:team:26de0e706bbdee6670640bb499d80a9,Burning Core Toyama Academy,21,1.0
all,Bursaspor Academy,oe:team:f897961ec197675982fc03ad90bd8b1,Bursaspor Academy,34,1.0
all,Bursaspor Esports,oe:team:51176816845d58dd15984964ae60734,Bursaspor Esports,67,1.0
all,Burst The Sky Esports,oe:team:c525a336b58cf2df7c961b52a7af5ce,Burst The Sky Esports,128,1.0
all,Bushido Wildcats,oe:team:105f13a20172b3dbd963c7738617873,Bushido Wildcats,71,1.0
all,CASLA Esports,oe:team:e422814c2933709b7f913eb23f74e05,CASLA Esports,62,1.0
all,CB Gaming,oe:team:4161958403ac6cd3d1c4c132cda8c79,CB Gaming,27,1.0
all,CCG Esports,oe:team:048e91c09583c84485494a087471c3f,CCG Esports,106,1.0
all,CCfuture,oe:team:f0822146e30aa1b07cbda205f14378e,CCfuture,31,1.0
all,CERBERUS Esports (Vietnamese Team),oe:team:05825167aedac3dc1e6f72133f52604,CERBERUS Esports,438,1.0
all,CGG Black Panthers,oe:team:0e29f789cf5b2a1c46e5d092c46e69d,Black Panthers eSports,7,1.0
all,CGN Esports,oe:team:495b0c22a5bb88860c66182df70ebf2,CGN Esports,40,1.0
all,CHICAGO BULAS,oe:team:8694d6c9241ddbc59c68782eb133fc1,Dopamina E-Sport,13,1.0
all,CILEKLER,oe:team:976f493ffced42aa45f10ce70339c46,ÇİLEKLER,109,1.0
all,CITA Kaizen,oe:team:13542a31d4dadc538d24058317fded8,CITA Kaizen,38,1.0
all,CJ Entus,oe:team:f8c3923ecbc5de1edc4eaea53407c6f,CJ Entus,193,1.0
all,CLG Academy,oe:team:fe409cbd7c72eb621d9c4e7eac75936,CLG Academy,333,1.0
all,CLG Challengers,oe:team:558b79ef1b362e8584a27b6e95bc0fc,CLG Challengers,38,1.0
all,CLG Faith,oe:team:272ff09ae291fdf2d216c02a428e1e1,CLG Faith,61,1.0
all,CNB e-Sports Club,oe:team:4df410b2df000c4b430debfe467a76f,CNB e-Sports Club,174,1.0
all,CNG Royal,oe:team:fe39df9671c4c4f0cddf29b8c339f7c,CNG Royal,4,1.0
all,CONQUEROR Gaming,oe:team:a46bbd97cd8f657483cd2ebe65807fa,CONQUEROR Gaming,4,1.0
all,CORE 128,oe:team:1ea3ba0a6fe2a84009902077124947c,CORE 128,40,1.0
all,CR4ZY,oe:team:c47878260ba6bd108f98aafa82cd454,CR4ZY,45,1.0
all,CTBC Flying Oyster,oe:team:0916b3c324c8577b0c6344f3e067f62,CTBC Flying Oyster,361,1.0
all,CTBC Flying Oyster Academy,oe:team:2d2d70decb08dfb9bd23327e33e4198,CTBC Flying Oyster Academy,149,1.0
all,CTRL PLAY,oe:team:ec6df3b8882b76b51d9bbaee084738e,CTRL PLAY,33,1.0
all,CTU Pathos,oe:team:d78bf288bea8c9483999ec69fbf20cf,CTU Pathos,5,1.0
all,CYRUS,oe:team:67e0f56bd57e2c81697e6936eb6fd66,CYRUS,12,1.0
all,Cacatúas LFO,oe:team:18f3315875a9cc6515ec3e15410abe6,Cacatúas LFO,7,1.0
all,Caldya Esport,oe:team:91b412c563fc3316ad48e31547a3143,Caldya Esport,17,1.0
all,Campus Party Sparks,oe:team:e82c09af2170776b35900be0ac82aa7,Campus Party Sparks,89,1.0
all,Case Esports,oe:team:a7d0fbf8d498d1ecf38752df7f6259d,Case Esports,62,1.0
all,Castle Berry,oe:team:88e677ab2cae428472297ee0b24de0a,Castle Berry,8,1.0
all,Cattleya Gaming,oe:team:644e00b2fc248d4befa4848e338b001,Cattleya Gaming,7,1.0
all,Ceuta Guardians,oe:team:ce040cf05416a4fb294ee333eca91a4,Ceuta Guardians,6,1.0
all,Charlotte Phoenix,oe:team:eab5c007906936e2b6214db2d274fd5,Charlotte Phoenix,21,1.0
all,Chasing Haze 07,oe:team:7212e3764623f9aaa8b18e3f3f0891d,Chasing Haze 07,12,1.0
all,Cherry Esports,oe:team:f97d88e6ec3c80153be75b4fc3c0c10,Cherry Esports,121,1.0
all,Chiefs Academy,oe:team:42efab15102679bcf44aa18df95363e,Chiefs Academy,44,1.0
all,Chiefs Black,oe:team:27f9a0f6d7bc8ab1e40475cd66a294b,The Chiefs Black,15,1.0
all,Chiefs Esports Club,oe:team:692bccdba8ec7050f5aeb916815439e,Chiefs Esports Club,540,1.0
all,Chienhsin Bear,oe:team:435f9b3d0b3ae3b58516d7bd843a988,Chienhsin Bear (健行熊),60,1.0
all,Chilli Esport,oe:team:8ac27a5e5352fc23d134a1c6606ee62,Chilli Esport,28,1.0
all,Chilly Mountain Wolves,oe:team:7d81087d536bb108e36a3966efdf7e7,Chilly Mountain Wolves,17,1.0
all,Chinese Taipei (National Team),oe:team:ced368512306a716c05f553ffa2a9c3,Chinese Taipei (National Team),9,1.0
all,Chivas Esports,oe:team:63378aef5a4b205c1fcf71696736355,Chivas Esports,28,1.0
all,Chong Qing Gaming,oe:team:54bd9d229a7e95564619f0f44117263,Chong Qing Gaming,35,1.0
all,Cidade Curiosa Esports,oe:team:0598edad868785a36f966f60d2aae01,Cidade Curiosa Esports,18,1.0
all,Cienciano Esports,oe:team:27bcb7f4062fa834d3aa48013a24549,Cienciano Esports,40,1.0
all,Cincinnati Fear,oe:team:969667ee6e31f83d6da935558895498,Cincinnati Fear,172,1.0
all,Citadel Gaming,oe:team:e87c7d57b92c16e76f7e040342a4bc3,Citadel Gaming,20,1.0
all,Clocks,oe:team:d8e5b2802083135d9056d7d02d92f73,RAYN Clocks,48,1.0
all,Cloud9,oe:team:fc8e90107dabb9a35c490b0d86adea0,Cloud9,886,1.0
all,Cloud9 Academy,oe:team:4e28e7839cbb263369dfcb1794a25e2,Cloud9 Academy,326,1.0
all,Cloud9 Amateur,oe:team:0ceefa1371cd26b24911fa299937e9e,Cloud9 Amateur,108,1.0
all,Cloud9 Challenger,oe:team:a9a1ccc73a7b43036564a30bcec844a,Cloud9 Challenger,24,1.0
all,Cloud9 Challengers,oe:team:0a3b94b6b532be6a4fb62b5cc4f8a5f,Cloud9 Challengers,48,1.0
all,Club Deportivo Municipal,oe:team:19de4148001c056cbc5804dc8636190,Club Deportivo Municipal,43,1.0
all,Clutch Gaming,oe:team:7b13b2cc48c457832262d00d5ffa6d6,Clutch Gaming,143,1.0
all,Clutch Gaming Academy,oe:team:6c12501a3ea9d19dbbd5619f3f938e9,Clutch Gaming Academy,77,1.0
all,Coliseo Dragons,oe:team:57d5631e7201b8107fa494d8734c222,Coliseo Dragons,72,1.0
all,Colors Esport,oe:team:6549d1a5cc99d18e80b5c65ed0f81c8,Colors Esport,10,1.0
all,Colossal Gaming,oe:team:35d740411d9f9072f939b1faf33a6e2,Colossal Gaming,47,1.0
all,Columbia College,oe:team:abbabe3f07708032b87bc78494b6d8f,Columbia College,23,1.0
all,Comanche,oe:team:57ca6ef2561289fd5bd5ac2ebe689e1,Comanche,16,1.0
all,Comanchero Gaming,oe:team:90fbd91d902c12f09a5240cfa9ab02d,Comanchero Gaming,13,1.0
all,ConViction Moon,oe:team:e736f10b61654a27a75f59a05afd0e6,ConViction Moon,9,1.0
all,ConViction Sun,oe:team:81e49623deefa7a783ec7a8b4b4ae13,ConViction Sun,10,1.0
all,Connect Arena Esports,oe:team:6881319a341416b43dbb4bdb0d09e78,Connect Arena Esports,16,1.0
all,Connecting Esports,oe:team:8b1ecabb6bba3b37566ed7b51e1f9af,Connecting Esports,10,1.0
all,Contingent Esports,oe:team:065c49bcfb74d3fbda261369253b622,Contingent Esports,9,1.0
all,Converse University,oe:team:297a4368db36b6d06ab4e3b8c1f1a33,Converse University,13,1.0
all,Conviction,oe:team:ed026f019f5d0091c44014578ed7a8f,Conviction,176,1.0
all,Copenhagen Wolves,oe:team:6d92c120d5550d72128830b0a4df0f8,Copenhagen Wolves,23,1.0
all,Corax Gaming Club,oe:team:14954f645b2dba17a0d9a4b3466a75b,FLY5,25,1.0
all,Corinthians Esports,oe:team:073b31b12492884d29b3fd73a5747f4,Corinthians Esports,52,1.0
all,Coscu Army,oe:team:dc37b5d3bad57cd8d808c22f1f42046,Coscu Army,8,1.0
all,Cosmic Wolf Esports,oe:team:ca2e7723177797c546f6e4c30bb67b3,Cosmic Wolf Esports,4,1.0
all,Cougar E-Sport,oe:team:581e5fa873dd0139907fe323959e32a,Cougar E-Sport,31,1.0
all,Counter Logic Gaming,oe:team:cbfaf0ca2181f0903d2fcceb6c28f3b,Counter Logic Gaming,505,1.0
all,Coven,oe:team:676672c934fc8d49a87f3de987a0e5c,Coven,10,1.0
all,CowBoySquad Imperials Esports,oe:team:7931d6d331270fdf093b49a51a50db4,CowBoySquad Imperials Esports,38,1.0
all,Cream Esports,oe:team:464ed025802ab9dbf7f78130613e252,Cream Esports,43,1.0
all,Cream Esports Mexico,oe:team:9874244e1d55d280cb0bad2070d9a13,Cream Real Betis,63,1.0
all,Cream Real Betis.EU,oe:team:9a6cddd5ca373adebf62539aeedf9be,Cream Real Betis,77,1.0
all,Cream Real Betis.Mexico,oe:team:9874244e1d55d280cb0bad2070d9a13,Cream Real Betis,19,1.0
all,Cremas Esports,oe:team:ca619ab78f35d18f498c11f812542e0,Cremas Esports,14,1.0
all,Crest Gaming,oe:team:6d17eb4ba840f83bf65c9a19c656a53,Crest Gaming Act,3,1.0
all,Crest Gaming Act,oe:team:6d17eb4ba840f83bf65c9a19c656a53,Crest Gaming Act,280,1.0
all,Crest Gaming Act Academy,oe:team:d83c59bf7d6cbaba72f9d6684114336,Crest Gaming Act Academy,51,1.0
all,Crew e-Sports Club,oe:team:2c5866dddf12420590b19eb49ffb082,Crew e-Sports Club,115,1.0
all,Crimson Gaming,oe:team:4874e6de4ceddd06bc053532608b580,Crimson Gaming,16,1.0
all,CrowCrowd,oe:team:ba0e5d60413f9eda6ffb0cb0e0ee531,CrowCrowd,104,1.0
all,Crusaders,oe:team:a97f0277badd5512c40d3f1f8e56909,Crusaders,22,1.0
all,Cruzados Esports,oe:team:cb951a65f688a6e2bdf1d8d4a91da4d,Cruzados Esports,122,1.0
all,Cruzeiro Academy,oe:team:9c05f0b234bce3c3f6c0fd7106dca4d,Cruzeiro Academy,18,1.0
all,Cruzeiro eSports,oe:team:2e45edc1af6306d418511400cece5ab,Cruzeiro eSports,18,1.0
all,Crvena zvezda Esports,oe:team:f4b807048502e27f01499f06b235a9a,Crvena zvezda Esports,368,1.0
all,Cryptova,oe:team:7f0dbe2d7087bdad6566b0c0b81ad7c,Cryptova,67,1.0
all,Crystal Cave Gaming Emerald,oe:team:4fe384f3e93db8f9a984f06a3c75e6c,Crystal Cave Gaming Emerald,33,1.0
all,Cube Adonis,oe:team:e04e615807da5e9d86b88eb695ff935,Cube Adonis,46,1.0
all,Cupid Esports,oe:team:d522e8753c50018adbb82305997c211,Cupid Esports,17,1.0
all,Cyber Gaming,oe:team:25829f8f0cea05880678526dc19a8df,Cyber Gaming,56,1.0
all,Cyber Gaming Academy,oe:team:50e9f47da0df883740bc17ceff32c4e,Cyber Gaming Academy,25,1.0
all,Cyber Wolves,oe:team:fb1fd138f4e0b99eacbe4da8395e94d,Cyber Wolves,133,1.0
all,CyberCore Esports,oe:team:4d7210b1c06aa728a46dc1aa2544830,SN CyberCore Esports,8,1.0
all,Cyberground Gaming,oe:team:7894460f171d66e8ffc149c05b056a8,Cyberground Gaming,187,1.0
all,Cyclone,oe:team:b923235c01c3537277ed9e8f6538936,Cyclone,10,1.0
all,Córdoba Patrimonio eSports,oe:team:3a82a0efc78faf326cdc53735dbaebb,Córdoba Patrimonio eSports,23,1.0
all,D7G Esports Club,oe:team:3e7c25b77e695737a359094427e9752,D7G Esports Club,55,1.0
all,DAMWON Gaming,oe:team:ef69efa6acebe94107f0cf1ba716806,Dplus Kia,397,1.0
all,DAN Gaming,oe:team:c52f1f25b322f34e191a3d0edb5d88d,DAN Gaming,93,1.0
all,DELTALAND,oe:team:584bd4429ff126b7a3ad272200aa6ff,DELTALAND,9,1.0
all,DG Esports,oe:team:b5e47225b5e13f4d8fc673c8ade41fb,Saigon Dino,12,1.0
all,DIVIZON,oe:team:8e8f04c4040a90e878b7bc4bc84a9ca,DIVIZON,3,1.0
all,DK Crew,oe:team:17510332b3aaea6f1e10ab3b091b54d,DK Crew,24,1.0
all,DKB Diamonds,oe:team:e11d88a3cdcd9d6fbb73a26b0f8a300,DKB XPERION NXT,8,1.0
all,DKB XPERION NXT,oe:team:e11d88a3cdcd9d6fbb73a26b0f8a300,DKB XPERION NXT,22,1.0
all,DKJH,oe:team:f332127ba5ee3389e4c5cff45ac9a51,EFS,3,1.0
all,DMG Esports,oe:team:147e28c0910250269fbc430f9f42010,DMG Esports,81,1.0
all,DN Freecs,oe:team:b3c72a20aa56f5d28022ac04a7dc294,DN SOOPers,88,1.0
all,DN Freecs Academy,oe:team:00ae39840233a9dc8db235166c32ba7,DN SOOPers Academy,89,1.0
all,DN Freecs Challengers,oe:team:f78d56f289804906a627706f330ee06,DN SOOPers Challengers,139,1.0
all,DOCISK,oe:team:39542800e26e148906d1b2ec4cebc75,DOCISK,32,1.0
all,DREN Esports,oe:team:ee569c9f5e85fba8fcf57d51b1b78ed,DREN Esports,73,1.0
all,DRX,oe:team:1d0389df0c5eea93b04122ba167c010,Kiwoom DRX,591,1.0
all,DRX Academy,oe:team:d6bba391a1129002440759541df27e0,DRX Academy,245,1.0
all,DRX Challengers,oe:team:d2e8948728f7e4aeb9ee27e753315bc,Kiwoom DRX Challengers,499,1.0
all,DRX Rookie,oe:team:d6bba391a1129002440759541df27e0,DRX Academy,30,1.0
all,DRX Shinhan Bank,oe:team:d6bba391a1129002440759541df27e0,DRX Academy,39,1.0
all,DS Gaming,oe:team:b5c576b8e06c20217de8792be32aa47,DS Gaming,109,1.0
all,DSC3V,oe:team:bf7163477e0f18c36e46e90f61e0175,DSC3V,19,1.0
all,DSYRE,oe:team:3e3ca0895ded506fd637e723d6ae2a1,DSYRE,147,1.0
all,DUCKIE GETTERS,oe:team:35bad3c0a9d1dbf8f9374edc897126b,DUCKIE GETTERS,27,1.0
all,DWG KIA,oe:team:ef69efa6acebe94107f0cf1ba716806,Dplus Kia,291,1.0
all,DWG KIA Academy,oe:team:503cf7645c53c8f084b5cbdec6744a7,Dplus Kia Academy,28,1.0
all,DWG KIA Challengers,oe:team:64f78960f955a6b659025e38b4f0a18,Dplus Kia Challengers,142,1.0
all,DWG KIA Youth,oe:team:503cf7645c53c8f084b5cbdec6744a7,Dplus Kia Academy,38,1.0
all,Dango,oe:team:53a68cab878347b3d5bc556c8643b50,Dango,4,1.0
all,Dango SB,oe:team:6da30cd905c797eaea30aeb18bc091a,Dango SB,13,1.0
all,Dare Black,oe:team:963d2ba50b08c4a53571a83e6a7cc46,Dare Black,21,1.0
all,Dare Gaming,oe:team:1c89da29fc415ae539fb8299388b9ba,Dare Gaming,11,1.0
all,Dare White,oe:team:e18b5c998b30fb5392f043157d69b12,Dare White,10,1.0
all,Dark Allegiance,oe:team:7e2401900a9756d56a10b66590357fe,Dark Allegiance,40,1.0
all,Dark Crows,oe:team:15ee27398a7075e6d267578bcf29e9f,Dark Crows,14,1.0
all,Dark Horse,oe:team:c5c317341ae046ce3345b8d56efce5c,Dark Horse,229,1.0
all,Dark Matter,oe:team:2360b31c1628a21ddd778891dabac91,Dark Matter,42,1.0
all,Dark Passage,oe:team:a42600a99997fca0d35f2821662b997,Dark Passage,479,1.0
all,Dark Passage Academy,oe:team:9a7713efaa6251ddeb7736b04a99d07,Dark Passage Academy,162,1.0
all,Dark Tigers,oe:team:1f2037e30f42a254f0d6ac9df9fad9a,Dark Tigers,65,1.0
all,Dark Tigers Academy,oe:team:91ec0b2fa7bcf8baa6b4deddec7141e,Dark Tigers Academy,92,1.0
all,Dark Wolves,oe:team:2419c102f4ed9d9a100f80381aa8923,Dark Wolves,26,1.0
all,Dark Zone,oe:team:c709ca1768c057f3f5d3f6ac1e0e88f,Dark Zone,13,1.0
all,DarkSpawn Gaming,oe:team:a71099f02ea48590446b27993a6732a,DarkSpawn Gaming,8,1.0
all,DarkZero Dragonsteel,oe:team:34d6d3e3a9181eaf86aa2c8ed613e93,DarkZero Dragonsteel,53,1.0
all,Darkness Eagles Esports,oe:team:b22e10e47d406db28cf95e49812f101,Darkness Eagles Esports,4,1.0
all,Dash9 Gaming,oe:team:cb2c732f028c98d4fb314ee8f28b5d8,Dash9 Gaming,112,1.0
all,Dashing Buffalo,oe:team:8e27b674a472ab529e758f13f0bace0,Saigon Buffalo,77,1.0
all,Dawn Esports,oe:team:37a187007662c2f3506e4a3586cc6bc,Dawn Esports,38,1.0
all,DayDreamers,oe:team:d448392af90cd2fa0b726394ecfa13f,DayDreamers,15,1.0
all,Dead Rabbits Club,oe:team:e08debf4c952ffb61c82a30e5239a7b,Dead Rabbits Club,69,1.0
all,Deep Cross Gaming,oe:team:7e56e9367c023df96cc8257ff4e16c0,Deep Cross Gaming,317,1.0
all,Deep Cross Gaming Academy,oe:team:60b05f35ec3d0e7ef1d475e9fb5cdbe,Deep Cross Gaming Academy,69,1.0
all,Defusekids,oe:team:1fa8dca98f8e2e8b4077b5622355c61,Defusekids,40,1.0
all,Deliverance Esports Peru,oe:team:fe59c993d0bda004e54eaecdd957f54,Deliverance Esports Peru,15,1.0
all,Delta Five,oe:team:9c1e113110b4cbbe5e29ed549969ec9,Delta Five,4,1.0
all,Delta Fox,oe:team:8d10db7607957d1126c63c3192d4930,Delta Fox,36,1.0
all,Delta Syndicate,oe:team:d7b1c568f7a023c10d7ad7778b48cc7,Delta Syndicate,84,1.0
all,Demise,oe:team:a52f0919a02a88ffe47639587f72073,Demise,68,1.0
all,DengKaiLi Game Team,oe:team:d123edddbd447a5af9b6402e1689e2d,DengKaiLi Game Team,31,1.0
all,Descuydado Aucas Esports,oe:team:66183b5685c9e0a01698642ff9bd420,Descuydado Aucas Esports,28,1.0
all,Descuydado Esports,oe:team:66183b5685c9e0a01698642ff9bd420,Descuydado Aucas Esports,71,1.0
all,Destined For Glory,oe:team:b2936bb3f54edca9b7fb84778f9bbdc,Destined For Glory,3,1.0
all,DetonatioN FocusMe,oe:team:e435aa3ecb82a89e60544f5f5857a81,DetonatioN FocusMe,645,1.0
all,DetonatioN FocusMe Academy,oe:team:845f7165c7cdaad9d2a2d764375d0df,DetonatioN FocusMe Academy,146,1.0
all,DetonatioN Rising,oe:team:2b9f01782d3b29a381114f7c283c458,DetonatioN Rising,13,1.0
all,Dewish Team,oe:team:f7c0f545d3fc1860239d04b3ebe97f8,Dewish Team,66,1.0
all,Dewish Tnu Team,oe:team:7ddbc4d4273d3c7fda060bf1d4fb144,Dewish Tnu Team,11,1.0
all,Diablo Chairs,oe:team:520d78e8ddef53291798ab89ed297de,Diablo Chairs,15,1.0
all,Diabolus Esports,oe:team:d496918ed33df066a706f8d33683d4c,Diabolus Esports,46,1.0
all,Diamant Esports,oe:team:830f05a5024d0794bd8d5b598b2432b,Diamant Esports,157,1.0
all,Diamond Doves,oe:team:e40cdcb20302c0240d2084c909668aa,Diamond Doves,66,1.0
all,Different Dimension,oe:team:b5e8ce41e4348bfe92ecfcea564d1aa,Different Dimension,19,1.0
all,Dignitas,oe:team:0dbb780176ecad18f17292d1f5653af,Dignitas,415,1.0
all,Dignitas Academy,oe:team:9b9cc5a065b0b4dd8f57b23361f03ee,Dignitas Academy,222,1.0
all,Dignitas Challengers,oe:team:eeccd8e382587a7bb88ee904876cc45,Dignitas Challengers,45,1.0
all,Dignitas Mirage,oe:team:47b7394e386b2ab9bb97100fe136098,Dignitas Mirage,70,1.0
all,Dinka Never Homeless Again,oe:team:ea04c2731d4cce306a17d765544e7e9,Dinka Never Homeless Again,7,1.0
all,Dire Cubs,oe:team:0d9f89772c3f008ae34e4f597253242,Dire Cubs,54,1.0
all,Dire Wolves,oe:team:cd6e0eea04af23b9c0735dab41a9941,Dire Wolves,474,1.0
all,Disguised,oe:team:289284911fb6f41c0ccaecc3a0c2891,Disguised,165,1.0
all,Divernex,oe:team:0a7053bdd5648d8ffb85d0847224110,Divernex,38,1.0
all,Diversion Gaming,oe:team:8065dbb2f6c7eb09df70a55bea52136,Diversion Gaming,89,1.0
all,Dogs of War,oe:team:bae5c5b458ee21472c7f6f270990bfe,Veni Vidi Vici,15,1.0
all,Dolphins,oe:team:8f3490a556855787a9949347ae9b834,Dolphins,29,1.0
all,Domino esports,oe:team:147e28c0910250269fbc430f9f42010,DMG Esports,42,1.0
all,Dominus Esports,oe:team:aa3f831d6c456d1739dddbade7aa9e4,Dominus Esports,111,1.0
all,Dominus Esports Young,oe:team:809957ac5348a94a81ebb138b8f3379,Dominus Esports Young,130,1.0
all,Domme Jongens,oe:team:f8d1a83e0a00a6ba5b0b1bc4c5b28c7,Domme Jongens,6,1.0
all,Domme Jongens Academy,oe:team:f8d1a83e0a00a6ba5b0b1bc4c5b28c7,Domme Jongens,9,1.0
all,Dopamina E-Sport,oe:team:8694d6c9241ddbc59c68782eb133fc1,Dopamina E-Sport,20,1.0
all,Dorado Gaming,oe:team:37bd385fc057edaaa06e0aa102f6d74,Dorado Gaming,23,1.0
all,Doxa Gaming,oe:team:724389b7ca1e2ed397ccb7bec52fb3d,Doxa Gaming,22,1.0
all,Dplus KIA,oe:team:ef69efa6acebe94107f0cf1ba716806,Dplus Kia,14,1.0
all,Dplus KIA Challengers,oe:team:64f78960f955a6b659025e38b4f0a18,Dplus Kia Challengers,288,1.0
all,Dplus KIA Youth,oe:team:503cf7645c53c8f084b5cbdec6744a7,Dplus Kia Academy,192,1.0
all,Dplus Kia,oe:team:ef69efa6acebe94107f0cf1ba716806,Dplus Kia,380,1.0
all,Dplus Kia Challengers,oe:team:64f78960f955a6b659025e38b4f0a18,Dplus Kia Challengers,80,1.0
all,Dplus Kia Youth,oe:team:503cf7645c53c8f084b5cbdec6744a7,Dplus Kia Academy,50,1.0
all,Dragon Army,oe:team:e8d370a0e90adebb0571ec096375906,Dragon Army,124,1.0
all,Dragon Army Academy,oe:team:2e6d581037ed7a47664cb5d147614e1,Dragon Army Academy,10,1.0
all,Dragon Gate Team,oe:team:31f6ccdc4e624abb0a528381291a572,Dragon Gate Team,33,1.0
all,DragonX,oe:team:1d0389df0c5eea93b04122ba167c010,Kiwoom DRX,69,1.0
all,Dragons E.C.,oe:team:08d1c79edd0b1acd40f6c9307a79e79,Dragons E.C.,28,1.0
all,Dragons Esports,oe:team:7f7029733ab4c308a8207fb80714b5f,Dragons Esports,48,1.0
all,Dragonsteel,oe:team:73062b9e7b567b8cd1f200e96efecc5,Dragonsteel,35,1.0
all,Dragoon's Goons,oe:team:c1b674b53e16ce7d513f9017d2fd62e,Dragoon's Goons,34,1.0
all,Dramatik Gaming,oe:team:72d49cb85f06f2078c12030e004a88c,Dramatik Gaming,9,1.0
all,Dream Makers,oe:team:f33930460c641ba8c7ffe11342c08ef,Dream Makers,82,1.0
all,Dream Team,oe:team:a853fd5749073c512ab2250330f159e,Dream Team,27,1.0
all,Dropz Esports,oe:team:0cb38b413d6ae4e08c029369dcd352f,Dropz Esports,14,1.0
all,Dung Dynasty,oe:team:a5db7fc71cdcb604a98e6ae9c505b0d,Dung Dynasty,26,1.0
all,Dusty,oe:team:7bb33d6141f427f4f19b019f5eb7905,Dusty,168,1.0
all,Dutch Community Team,oe:team:7095511f957b70cdefc430c4c177457,Dutch Community Team,21,1.0
all,Dynamo Eclot,oe:team:e3f89acb10ecd65327fa954ff2ec047,Dynamo Eclot,217,1.0
all,Dynamo Eclot Academy,oe:team:ef2dd1b1ee2468704103b42eb8af1ac,Dynamo Eclot Talents,14,1.0
all,Dynamo Eclot Talents,oe:team:ef2dd1b1ee2468704103b42eb8af1ac,Dynamo Eclot Talents,29,1.0
all,Dynamo Esports,oe:team:6aaed163c1cc8908851232141caceca,Dynamo Esports,19,1.0
all,Dynasty,oe:team:5c1d767e4c02111f0def3b6691b4851,Dynasty,114,1.0
all,Dynasty Academy,oe:team:d9d892aa846256524bcf642899931a7,Dynasty Academy,21,1.0
all,E WIE EINFACH E-SPORTS,oe:team:26ff1a9f7fb8e976fbdcc5d2a8ac397,E WIE EINFACH E-SPORTS,241,1.0
all,E-corp Gaming,oe:team:416a2fec935fb99b6697e3f8cd6d372,E-corp Gaming,4,1.0
all,EAS Team ESCA Gaming,oe:team:5a474b2ad31be89700a3bad1f52f3a4,EAS Team ESCA Gaming,4,1.0
all,EBRO,oe:team:32c61c5bf86fc0dad1a88712e34f3fc,EBRO,136,1.0
all,ECLOT,oe:team:e3f89acb10ecd65327fa954ff2ec047,Dynamo Eclot,18,1.0
all,ECLOT Academy,oe:team:ef2dd1b1ee2468704103b42eb8af1ac,Dynamo Eclot Talents,35,1.0
all,ECORP,oe:team:8120bc8b433f77dac74abd20771f8a1,ECORP,69,1.0
all,EDward Esports,oe:team:dc43b84ccda7199fecec19166e392c0,EDward Esports,23,1.0
all,EDward Gaming,oe:team:056c3140a119e44a03d462e2c832f27,EDward Gaming,1079,1.0
all,EDward Gaming Youth Team,oe:team:6a04b6d8daa2cb0c623e81db686de40,EDG Youth Team,570,1.0
all,EFIVE Esports,oe:team:ca96ca51b432a5029caf11f1af715de,EFIVE Esports,28,1.0
all,EFS,oe:team:f332127ba5ee3389e4c5cff45ac9a51,EFS,28,1.0
all,EGN Esports,oe:team:8d48390319b4f7c25c13dd410b3a0bf,EGN Esports,302,1.0
all,EKO Esports,oe:team:d455b12f2d0ae8596211073fb17c14d,EKO Esports,71,1.0
all,ELR Gaming,oe:team:45157b3486f4c506e2503afebc2c735,ELR Gaming,17,1.0
all,ELaB x EXP,oe:team:85f9c508d56b7ed3db09d9c7a933513,ELaB x EXP,3,1.0
all,ENCE,oe:team:91fa95faaf50bc60760526b25974fcb,ENCE,27,1.0
all,ENEMI3S,oe:team:4e32226d1afb63dde4a39d02cb1cd0f,ENEMI3S,67,1.0
all,EPIC-DUDES,oe:team:cc901dfa35cb4e6d7c5684d57361771,EPIC-DUDES,5,1.0
all,EQX,oe:team:7f470540da8b0e7f3731c8273f8489e,EQX,10,1.0
all,ERKO Esports,oe:team:bbd25c9b9a5044937d8800dfeb8922e,ERKO Esports,78,1.0
all,ERN ROAR,oe:team:573f080fbc713a0b7ab0768e157e84b,RNL ROAR,8,1.0
all,ES Sharks,oe:team:2844099587c35cb0e600ebb009c291a,ES Sharks,116,1.0
all,ESC Ever,oe:team:2e32a1985132a6c92ac8d39a3d158f0,ESC Ever,120,1.0
all,ESC Shane,oe:team:7fb67efb7459cbbba2a9eb30196d62e,ESC Shane,34,1.0
all,ESCORT P9,oe:team:f33e729f8b4bab6c8188aa1c381e053,ESCORT P9,14,1.0
all,ESTORM,oe:team:3401055de8e987e2b873385429123bc,ESTORM,67,1.0
all,EURONICS Gaming,oe:team:514d848d968399a239cdcc3d1412f2d,EURONICS Gaming,124,1.0
all,EVOS Esports,oe:team:1961f0a198997edc84b41b7da7f643d,EVOS Esports,240,1.0
all,EXILE esports,oe:team:dba2e551039e079ceae513ba7386109,EXILE esports,99,1.0
all,Eanix,oe:team:a4e812bb963821f8b0f5a5bed31521d,Eanix,10,1.0
all,Earth Revolution Gaming,oe:team:fe0f9f1a1d12af08c693959b09e45b4,Earth Revolution Gaming,9,1.0
all,Echo Fox,oe:team:8c6a9b88111f0f2ed8b5c6c5f42614d,Echo Fox,251,1.0
all,Echo Fox Academy,oe:team:2b688a6cc8da916b7b3aaf2bd615605,Echo Fox Academy,94,1.0
all,Echo Zulu Domme Jongens,oe:team:f8d1a83e0a00a6ba5b0b1bc4c5b28c7,Domme Jongens,10,1.0
all,Eclipse Gaming (Latin American Team),oe:team:df307a715ef3aff2837cf96bfa86685,Eclipse Gaming,70,1.0
all,Ego Geniuses,oe:team:4cc87116c34de4956f4bd1cbaeff7f9,Ego Geniuses,5,1.0
all,Eintracht Frankfurt,oe:team:48199c3e87ac9d14cdf50169f8eaabc,Eintracht Frankfurt,149,1.0
all,Eintracht Spandau,oe:team:980ab072663574c2e4fca71f275d302,Eintracht Spandau,243,1.0
all,Element Mystic,oe:team:76f7672e031bd51b67dcacb01731e10,Element Mystic,72,1.0
all,Elementaries Esport Club,oe:team:21060505f3a0a34bbcb8f538cf0e231,Elementaries Esport Club,17,1.0
all,Elements,oe:team:aa56a2e65d8106aef3c61e4f6bf94fd,Elements,18,1.0
all,Elements Pro Gaming,oe:team:0d5a4462c2d79495e2e236cdaf8a360,Elements Pro Gaming,115,1.0
all,Elite Wolves,oe:team:c49a2a9ac33f825f884410881760d80,Elite Wolves,9,1.0
all,Elyandra Esport,oe:team:9ce92bf0f1f33f7fa5be025f6d47ac8,Team EYA,11,1.0
all,Ember,oe:team:fcb94b14624bcdf327d65d191cd8503,Ember,14,1.0
all,Emissary Esports,oe:team:0dfe299ce6b2991300f9730a4d670b3,Emissary Esports,14,1.0
all,Emprox,oe:team:85fcd014fb0b98c94dcbf3f7f1f207d,Emprox,33,1.0
all,Empyreans,oe:team:8824dcf25a4ad98b02d3b8fd3361d84,Empyreans,7,1.0
all,Enclave,oe:team:4f945c33c50d670037fb6dad4005b17,Enclave,93,1.0
all,Enemy,oe:team:8c6d21187fb58b7a079d70030686b33,Enemy,10,1.0
all,Energypot Wizards,oe:team:7ed86843d30c4d421da2669be889336,ŠAIM SE SuppUp,30,1.0
all,Entropiq,oe:team:06554c70cfe8a6be14b004b3c18abe6,Entropiq,323,1.0
all,Epic Avalanche,oe:team:4357a4653fdbc55e280d270149527c8,Epic Avalanche,9,1.0
all,Epsilon Esports,oe:team:24542d9de62f5d78a1e9977701cda29,Epsilon Esports,30,1.0
all,Erfolg Esports,oe:team:4103ef051074f24e9566d1b7443c3fb,Erfolg Esports,48,1.0
all,Espergærde eSport,oe:team:5e978e15b58c660c4f0db572e388fe3,Espergærde eSport,3,1.0
all,Esport Academy,oe:team:2540b4a0b7b84883270e4bee84cdc32,Esport Academy,23,1.0
all,Esport Empire,oe:team:fb0f0212147f5791a38c9789b221b24,Esport Empire,28,1.0
all,Esport STUBA,oe:team:17fa6b1358f7feeb5a68bbf5cd3d0d6,Esport STUBA,53,1.0
all,Esports Academy,oe:team:d8fed581a97ae8abd305567d504bd1c,Esports Academy,18,1.0
all,Esports Performance Center,oe:team:43155cbab766d2364949a70d7cc1e05,Esports Performance Center,8,1.0
all,Esprit Shōnen,oe:team:df682d5adfed257780a68a85004ed27,Esprit Shōnen,110,1.0
all,Estonian Vipers,oe:team:eb2b87e339ba7ff3299c01abfe6013b,Eesti Rästikud,15,1.0
all,Estoril Praia eSports,oe:team:6204b4f9d845639c01b5085892fd0e7,Estoril Praia eSports,18,1.0
all,Estral Esports,oe:team:1c81857b6ce6a3c1cd9220fd97e077f,Estral Esports,335,1.0
all,Eternal Fire,oe:team:33ef9e523e6474ddd4833d4ad1bc8d7,Eternal Fire,58,1.0
all,Ethereal Enigmas,oe:team:316e1fa1536df09f54d4b2885a11855,Ethereal Enigmas,63,1.0
all,Europe Saviors Anonymous,oe:team:c64792e95cc00718fdba07a0682c134,Europe Saviors Anonymous,14,1.0
all,Europe Saviors Club,oe:team:e1a6907d696e9dab6cd3d954ac2aa76,Europe Saviors Club,13,1.0
all,Ever8 Winners,oe:team:a93534e7216950180b13dbb88f26d2d,Ever8 Winners,213,1.0
all,Evil Geniuses Academy,oe:team:7276a3089a0ff2fb055ae059a87bebf,Evil Geniuses Academy,234,1.0
all,Evil Geniuses Challengers,oe:team:dc38e3639d434f131875cd48a01debc,Evil Geniuses Challengers,89,1.0
all,Evil Geniuses Prodigies,oe:team:72988cb15f0a6129beb79508d9a3162,Evil Geniuses Prodigies,177,1.0
all,Evil Geniuses.NA,oe:team:f7f7324c151aa6ed770b244ce08e027,Evil Geniuses,312,1.0
all,Evilvice Esports,oe:team:af6e55ec5637178b775d725c65616c3,Evilvice Esports,34,1.0
all,Excel Esports,oe:team:8f995652631df209ff11c4542abdcaf,Excel Esports,216,1.0
all,Excel UK,oe:team:2b7b9f30577e4eb59af48370ce8679c,JD|XL,55,1.0
all,Exceltec Predators,oe:team:afd3cd4d4c0a7e194f57ffe605f2d0e,Predators Esports,4,1.0
all,F3VP,oe:team:910f427f2ddacae3105b2dd73dfb8d7,F3VP,3,1.0
all,FALKN,oe:team:a69604de13edd910cbd314b60c91f0f,FALKN,6,1.0
all,FC Nantes Esports,oe:team:783df43f5fac1f660a576bcc8e9c270,FC Nantes Esports,50,1.0
all,FC Schalke 04 Esports,oe:team:1d0f5e58f39613aff1a3dd4ed85933e,FC Schalke 04 Esports,459,1.0
all,FC Schalke 04 Evolution,oe:team:d6bee7b81c11ac0c4318473f54211a9,FC Schalke 04 Evolution,140,1.0
all,FENNEL,oe:team:d418f5db39c1766ac692224837b3c24,FENNEL,74,1.0
all,FENNEL Academy,oe:team:d7f0eddf6b5b5f8d94d79ac85f44974,FENNEL Academy,20,1.0
all,FLY FAM,oe:team:426e3c3c1048f348d88cac6d146d370,FLY FAM,38,1.0
all,FLY5,oe:team:14954f645b2dba17a0d9a4b3466a75b,FLY5,42,1.0
all,FN Esports,oe:team:402e5fe9cbc5ebb9548e90fa7ffbf87,FN Esports,26,1.0
all,FTV Esports,oe:team:b8ceb43093a8ecd96a325ebdd5e38ab,FTV Esports,178,1.0
all,FURIA,oe:team:87e3e1e75839f75a10bbc66e894d806,FURIA,281,1.0
all,FURIA Academy,oe:team:0ced2ec7ba6127cccf42c5da4bcf9c0,FURIA Youth,194,1.0
all,FURIA Uppercut,oe:team:87e3e1e75839f75a10bbc66e894d806,FURIA,24,1.0
all,FURY Global,oe:team:6b379ef5d9ba6269ee1ec9e37f54cb7,FURY Global,32,1.0
all,FUT Esports,oe:team:8df5e2c8825f60f136b2cbed5633a81,FUT Esports,127,1.0
all,Fajnie Mieć Skład,oe:team:b2834fcfe9befb84ccdf46cb07fd73d,StormMedia Fajnie Mieć Skład,26,1.0
all,Falcons (Spanish Team),oe:team:d31f40e636f946b6081f341864eb157,Falcons,5,1.0
all,Falke Esports,oe:team:50074114f4e5791ba2bda471c1baa3c,Falke Esports,51,1.0
all,Falkol,oe:team:07e855b80cb18bda1a6c46470f0ca20,Falkol,66,1.0
all,Falkol Academy,oe:team:2f62f7949ae9858fc7f5ae789679b6a,Falkol Academy,3,1.0
all,Fantastic Esports,oe:team:43f25072c76f508a376e1fb312a2da9,Fantastic Esports,6,1.0
all,Fantasy Gaming,oe:team:685ec10929b61b7e3c50cc97d5883e2,Fantasy Gaming,29,1.0
all,Farenvehn,oe:team:7e7a493811702587ac939452a0333c3,Farenvehn,57,1.0
all,Fear x Starforge,oe:team:40b32b2ffef74fa6069942534eb432d,Fear x Starforge,57,1.0
all,FearX,oe:team:5c2e7e9ea8dfcba0150d9a5619baecf,BNK FEARX,43,1.0
all,FearX Academy,oe:team:eade4a74478f5f903aeec82cedcd13d,BNK FEARX Academy,36,1.0
all,FearX Youth,oe:team:20edec57649c30e1ed81e4b42634ac1,BNK FEARX Youth,47,1.0
all,Feint Gaming,oe:team:b99687ec014dcbef79af28a531809a2,Feint Gaming,63,1.0
all,Fenerbahçe Academy,oe:team:bc8cec60082a7eec4704c6ea73c2e4f,Fenerbahçe Academy,168,1.0
all,Fenerbahçe Esports,oe:team:418c28593a78b57ef74e47d0c18640a,Fenerbahçe Esports,355,1.0
all,Fireball,oe:team:a8155b0ea02bae01cd41369018837d6,Fireball,63,1.0
all,First Blood Crusade,oe:team:66752993077183caa68074d77b81cf0,First Blood Crusade,16,1.0
all,Five Kings,oe:team:96d4e03f36d8b7e463892e5ece175de,Five Kings,46,1.0
all,FlameHard,oe:team:0777dce04475528bdf4062724306b06,FlameHard,57,1.0
all,Flamengo Academy,oe:team:13caf544e9d552f669c15d697f5e6b9,Flamengo Academy,84,1.0
all,Flamengo Esports,oe:team:50b9075ca20fb326456aded56aa7937,Flamengo MDL,228,1.0
all,Flash Husky,oe:team:0008fb938a860fdc5ec05e26210ff59,Flash Husky,3,1.0
all,Flash Wolves,oe:team:7cd8dc1c987b84b99e3d246d1943c92,Flash Wolves,397,1.0
all,Flayn eSports,oe:team:9d31d6680574d0709870c340cf0703c,Flayn eSports,25,1.0
all,Flayn eSports CZSK Edition,oe:team:124467d9a6d8086151a0b4cac721066,Flayn eSports CZSK Edition,17,1.0
all,Fluxo,oe:team:ca3882dbcefa68eac0892e3218080db,Fluxo,89,1.0
all,Fluxo Academy,oe:team:5ecdc5d869196e2d21f1491520820e1,Fluxo Academy,72,1.0
all,Fluxo W7M,oe:team:45c362a0cfc4b81f597b5ab89250df5,Fluxo W7M,30,1.0
all,FlyQuest,oe:team:2e66da41dc460dd378e3bcc57042d31,FlyQuest,627,1.0
all,FlyQuest Academy,oe:team:92a5dd0b813a9eea72ba22adf5fe78e,FlyQuest Academy,302,1.0
all,FlyQuest Challengers,oe:team:b2ff895cdc5bf3ed50f501883eb4201,FlyQuest NZXT,127,1.0
all,FlyQuest NZXT,oe:team:b2ff895cdc5bf3ed50f501883eb4201,FlyQuest NZXT,37,1.0
all,Fnatic,oe:team:78f183fa5a7d8ecb22b9ad272c3abd7,Fnatic,913,1.0
all,Fnatic Academy,oe:team:47ae4f5f4aea5a7a0ab0b9778844cc2,Fnatic Academy,39,1.0
all,Fnatic Rising,oe:team:eaa2452a5e851bc274666f41623143b,Fnatic Rising,203,1.0
all,Fnatic TQ,oe:team:8a7675b5d0c1386df989adf7428201b,Fnatic TQ,107,1.0
all,Fog Esports,oe:team:86b46a299f5fb0b6af80a07785b2090,Fog Esports,67,1.0
all,Footprint Gaming,oe:team:30df0dfdb026bb1ba035c39546b1763,Footprint Gaming,3,1.0
all,For The Win Esports,oe:team:ecaf2adae2ff7f9511c9f662f18ffe7,For The Win Esports,307,1.0
all,Forsaken (Polish Team),oe:team:9e12a15ab90a0a26c7e4e5308d3924c,Forsaken,210,1.0
all,Fortius,oe:team:c83640239b15363ef7c6374fe1497b1,Fortius,6,1.0
all,Fortress Esports,oe:team:65e4a14c47136e01eaf51e17c56d34f,Fortress Esports,12,1.0
all,Fortune Makers,oe:team:d81ac1020360a3e79e8276cd0ae7d52,Fortune Makers,3,1.0
all,Fourth Wall,oe:team:ad74f35a586017e4be6c3d75d4d7fe9,Fourth Wall,22,1.0
all,Fox B,oe:team:eed9f442b59101a3865dfb3feac2792,Fox B,26,1.0
all,Fox Gaming,oe:team:04b0bb961538735de30f92ad6e7cc60,Fox Gaming,119,1.0
all,FoxFire (Turkish Team),oe:team:811d8b80fcf141395f7ebb12216277f,FoxFire,3,1.0
all,Fractious eSports,oe:team:7937668325b3c4ee54f8e52256479bb,Fractious eSports,12,1.0
all,Frank Esports,oe:team:957a0b20bb6ce6491d39eb82e5fcb17,Frank Esports,321,1.0
all,Frank Esports Academy,oe:team:f6f46fec64efaa34b25700ce7a88e44,Frank Esports Academy,67,1.0
all,Fredit BRION,oe:team:b77b3f6068e20a2b3edc0ecd3dc70d4,HANJIN BRION,178,1.0
all,Fredit BRION Academy,oe:team:cea8093762c0842e5bb4a1c2a4f7d66,HANJIN BRION Academy,59,1.0
all,Fredit BRION Challengers,oe:team:fa3d687a87bcae80362f784a7da571d,HANJIN BRION Challengers,117,1.0
all,Friends Forever Gaming,oe:team:b3931ca265ef0e93881b5eac6dcb375,Friends Forever Gaming,115,1.0
all,Froggy Five,oe:team:62b557ec916b66917adecc752676887,Froggy Five,8,1.0
all,FrostFire (North American Team),oe:team:9a05c2942353d2f3d466d6bcb640459,FrostFire,39,1.0
all,FroztFire Team,oe:team:8b52915aa28fabc19fab7d7af5b84bf,FroztFire Team,67,1.0
all,Fruition Esports,oe:team:29ef85d8a1244d668a749350ff1f2df,Fruition Esports,15,1.0
all,Fuego,oe:team:0f0f407ca567fc73cc83d541ef45731,Fuego,175,1.0
all,Fugitive Gaming,oe:team:0c696978201a689569c69659bad5732,Fugitive Gaming,4,1.0
all,Fukuoka SoftBank HAWKS gaming,oe:team:d8ca3fc1f0827ec76369af7b70d43e3,Fukuoka SoftBank HAWKS gaming,346,1.0
all,Fukuoka SoftBank HAWKS gaming Academy,oe:team:1db6b0bedabd9183def8928e75633c6,Fukuoka Softbank HAWKS gaming Academy,49,1.0
all,Full Spectrum,oe:team:6030b9c78163f43e8c7034bfccd4814,Full Spectrum,31,1.0
all,Fullclear Esports,oe:team:290627d9d3b48188e614d4433d66630,Fullclear Esports,21,1.0
all,FunPlus Phoenix,oe:team:33d17f3717f58e12a3da80b377221fb,FunPlus Phoenix,860,1.0
all,FunPlus Phoenix Blaze,oe:team:68d9c4b067b3b6d5f3d5e4b1adc9f6e,FunPlus Phoenix Blaze,611,1.0
all,Furious Gaming,oe:team:6414602bd3443e9f8c3aae5c73bbc5a,Furious Gaming,434,1.0
all,Furious Gaming Academy,oe:team:f6918e6c2a3ca4e775360a7069e972d,Furious Gaming Academy,29,1.0
all,Furious Gaming Argentina,oe:team:d0b66d86c80208d543571f362b08ef6,Furious Gaming Argentina,39,1.0
all,Furious Gaming Chile,oe:team:c33bf74e075fb47e63c1eb63226ae3d,Furious Gaming Chile,109,1.0
all,Future Perfect WLGaming,oe:team:b19ab22267512e77945cd498106dcf1,WLGaming Esports,10,1.0
all,G-Rex,oe:team:0b63f14fd7de22a26869bb1c76f87fc,G-Rex,185,1.0
all,G2 Arctic,oe:team:b350e8583018688fb4cea844b7f9806,G2 Arctic,158,1.0
all,G2 Esports,oe:team:7d6673d3a9d00363c6bebc1a630da6e,G2 Esports,1017,1.0
all,G2 Hel,oe:team:56c54396683c5dac155193fba1da7a5,G2 Hel,31,1.0
all,G2 Heretics,oe:team:1277180e600ca5f219e91d672a69f7f,G2 Heretics,50,1.0
all,G2 Vodafone,oe:team:a2bb57fa2128f7cab5d707d66540813,G2 Vodafone,22,1.0
all,GAM Esports,oe:team:9cae7677cd0dbcc1cd86653870b73c2,GAM Esports,710,1.0
all,GC Busan Rising Star,oe:team:0327d25d005275cfaf3cdb62628d33f,GC Busan Rising Star,34,1.0
all,GGEsports,oe:team:23dda07cf3e2a786d6b300cc78a1cf6,GGEsports,96,1.0
all,GIANTX,oe:team:6cd05f0ac20bfb965a59dc8bcc4f184,GiantX,105,1.0
all,GIANTX PRIDE,oe:team:4349ed857362135b73b20e8b27c4114,GIANTX iTero,156,1.0
all,GIGABYTE Marines,oe:team:9cae7677cd0dbcc1cd86653870b73c2,GAM Esports,99,1.0
all,GLORE,oe:team:5e86e312935ad545ee215e67adcee9c,GLORE,76,1.0
all,GLORE.FIFINE,oe:team:5e86e312935ad545ee215e67adcee9c,GLORE,118,1.0
all,GMBLERS Esports,oe:team:eb2f7366b23f654102ef78cfbd9ab56,GMBLERS Esports,69,1.0
all,GMedia Luxury,oe:team:d35b98d330df0acb88e2b27027b7e74,Luxury Esports,34,1.0
all,GOAL,oe:team:007a3c4175ca4f86d9dc49e4f2e9cf8,GOAL,30,1.0
all,GOEXANIMO,oe:team:7c0d6ddccf3c0de76d3760c5d1e685d,GOEXANIMO,40,1.0
all,GRP Esports,oe:team:2d038b581c7aa5565f197e93de4ff35,GRP Esports,33,1.0
all,GTZ Bulls,oe:team:3659b5cb3434354530c31ce71461fc1,GTZ Esports,105,1.0
all,GTZ Esports,oe:team:3659b5cb3434354530c31ce71461fc1,GTZ Esports,178,1.0
all,Gaia Esports,oe:team:adc76481b64bdf5b0110290c5957e1c,Gaia Esports,27,1.0
all,Galakticos,oe:team:28428f3022fc1ea52264b35912093dc,Galakticos,354,1.0
all,Galakticos Academy,oe:team:b9ec146a4772e94d2d303fcdbb73112,Galakticos Academy,147,1.0
all,Galatasaray Academy,oe:team:ee71b2a517ae4fb13ab8cf4704183d8,Galatasaray Academy,129,1.0
all,Galatasaray Esports,oe:team:0edc9f071bd123368afdc0c53a3db20,Galatasaray Esports,219,1.0
all,Galaxy Racer Esports EU Male,oe:team:94e404e87f8e9ebf3ff11a1dfa62dc9,Galaxy Racer Esports EU Male,22,1.0
all,Galions,oe:team:e0143514c5de64f62eb418004ca2751,Galions,82,1.0
all,Gama Dream,oe:team:defbe61b50f5f3bca8344b032c4db1c,Gama Dream,112,1.0
all,Gama E-Sport Dream,oe:team:603bfbbe0865f904c221dfa62faa8d2,Gama E-Sport Dream (伽马电子竞技),51,1.0
all,Gambit Esports,oe:team:418bd4b8f699d70c4509d7f9c768a3a,Gambit Esports,222,1.0
all,Game Changers (Greek Team),oe:team:4a76af3ced11eaed0ca7c6e4a20b826,Game Changers,23,1.0
all,Game Talents,oe:team:a0995be66c38dc996c6fd94bd9db9c3,Game Talents,203,1.0
all,GameWard,oe:team:312ee76ca74cbb5cb984d8b71ef4847,GameWard,315,1.0
all,GamerLegion,oe:team:455551fe1d375c5bdf7385bf56a9722,GamerLegion,266,1.0
all,GamersOrigin,oe:team:d4795b41be2ffe2063d40d1509eb890,GamersOrigin,173,1.0
all,Gamespace Mediterranean College Esports,oe:team:4410ecf1b88f1316b6e6c110120c896,Gamespace Mediterranean College Esports,348,1.0
all,Gamespace eSports,oe:team:4410ecf1b88f1316b6e6c110120c896,Gamespace Mediterranean College Esports,23,1.0
all,Gaming Barcelona,oe:team:d4f8ab0e0740665be5966a24747df61,Gaming Barcelona,18,1.0
all,Gaming Gaming,oe:team:0775b07e7e528fc47bd319f5cab14b4,Gaming Gaming,91,1.0
all,Gaming Team Kravaře,oe:team:1d2d98dc13fa45e5f9b24ddce88c9e0,Gaming Team Kravaře,60,1.0
all,Garden Gaming,oe:team:162ebdd01ead82c4cb441a98d932b24,Garden Gaming,16,1.0
all,GeekCase eSports,oe:team:92bc5b008ab5b69917c98fe85e50594,GeekCase eSports,65,1.0
all,GeekSide Esports,oe:team:b1e4549272fe20b4c311674483d4d90,GeekSide Esports,60,1.0
all,Geekay Esports,oe:team:1ff3f5c94edd806e1fed4105fc48995,Geekay Esports,224,1.0
all,Gen.G,oe:team:50f58982d91a36557ec8aec52ab014f,Gen.G,1004,1.0
all,Gen.G Academy,oe:team:86318836d208e1ac7c6cc6ae0d4afbe,Gen.G Scholars,29,1.0
all,Gen.G Challengers,oe:team:4c9dd0212552afe76315b616b7891f5,Gen.G Global Academy,128,1.0
all,Gen.G Global Academy,oe:team:4c9dd0212552afe76315b616b7891f5,Gen.G Global Academy,309,1.0
all,Gen.G Scholars,oe:team:86318836d208e1ac7c6cc6ae0d4afbe,Gen.G Scholars,183,1.0
all,GenZ Gaming (2025 Vietnamese Team),oe:team:2ad193e149f9f0f9252490fa3f62a65,GenZ Gaming,14,1.0
all,Genbu Gaming,oe:team:522de665f5644b585cf042680a85b81,Genbu Gaming,19,1.0
all,Genius Esports,oe:team:5d81332d807fb5ebe9ca0e63fc7f375,Genius Esports,53,1.0
all,Gentle Hearts Gaming,oe:team:63a32d4afe1be641dd23499aca68dc2,Gentle Hearts Gaming,23,1.0
all,Gentle Mates,oe:team:d2c27cb51cedbbac1752f1ec81addc4,Gentle Mates,166,1.0
all,Gentlemen's Gaming,oe:team:3a1d5821b38ab1ddec52f944973d1bd,Gentlemen's Gaming,109,1.0
all,Gentside,oe:team:55e772f74d76682c821da22459e0ac2,Gentside,13,1.0
all,George Mason University,oe:team:91ba0329ab84e56083678846c7fddb4,George Mason University,12,1.0
all,Geração Estrutura,oe:team:e57714ba6424bd674f7aaa8d2f67695,Geração Estrutura,9,1.0
all,Giants (Spanish Team),oe:team:6dd9fc16013a656e475c1b1eb7d4e06,Giants,113,1.0
all,Giants Gaming,oe:team:5d6a39df3a740f807c9d4dc9f04bd81,Giants Gaming,180,1.0
all,Giants Gaming Spain,oe:team:6dd9fc16013a656e475c1b1eb7d4e06,Giants,16,1.0
all,Giants Underdoges,oe:team:6dd9fc16013a656e475c1b1eb7d4e06,Giants,3,1.0
all,Ginger Turmeric,oe:team:bf1858c02d924648341c65c7fe4206f,Ginger Turmeric,32,1.0
all,Glacial Red,oe:team:a4e65fbd9139baf6a85d188d7c9dfa5,Glacial Red,7,1.0
all,Glaive Esports Prime,oe:team:bedeb2d8da4a388b246a256c9da7957,Glaive Esports Prime,36,1.0
all,Globant Emerald,oe:team:7cad317ac6d3deeb0421bca81551efd,Globant Emerald,148,1.0
all,Glorious Gaming,oe:team:d9ed0b8f74b1adc9a488cac7ecc72b1,Glorious Gaming,30,1.0
all,GnG Amazigh,oe:team:c9d247506c051256fff4babbcfcab82,GnG Amazigh,118,1.0
all,GnG Esports,oe:team:4df6cdd02990bde40c808cf09796dd7,GnG Esports,29,1.0
all,Goat Esports,oe:team:d6be0ecd5bcb3c81e3c23116e04b123,Goat Esports,14,1.0
all,God's Plan,oe:team:ecebaf23a84b54fc1b8668c9291778b,God's Plan,36,1.0
all,Godlike Goats,oe:team:3d95efcb0a40984886b3598f77eb167,Godlike Goats,3,1.0
all,Godsent,oe:team:d4bfd255bb67567308e77c241ff6cac,Godsent,41,1.0
all,Gold Coin United,oe:team:6ea50016f0954ae510c85438906534c,Gold Coin United,74,1.0
all,Golden Guardians,oe:team:87ee02298073abc2d55060f097d4041,Golden Guardians,324,1.0
all,Golden Guardians Academy,oe:team:d1f833765bf7a9a8109d96a1b61afd7,Golden Guardians Academy,386,1.0
all,Golden Guardians Challengers,oe:team:d90668db6ad5108669990e3878bb5b3,Golden Guardians Challengers,41,1.0
all,Golden Lions,oe:team:dbea9378f0ff4aec096cd27745d47da,Golden Lions,20,1.0
all,Goose Gaming,oe:team:3aad93555aced110c32e285e289128f,Goose Gaming,5,1.0
all,Goskilla,oe:team:8e59548c40b71c4232405f8b54fc7f9,Goskilla,79,1.0
all,Grand View University,oe:team:4c87a422072b2c1e754299a17ea36ce,Grand View University,66,1.0
all,Grand View University B,oe:team:4c87a422072b2c1e754299a17ea36ce,Grand View University,24,1.0
all,Granit Gaming,oe:team:fa56bf0083c4ae1f8508803e0209f21,Granit Gaming,36,1.0
all,Gravitas,oe:team:4889684df277c6008eb89f48f94bded,Gravitas,161,1.0
all,Gravitas Academy,oe:team:72c433e58f2ffff50fb11ccb1b9dbfb,Gravitas Academy,29,1.0
all,Gravity (2024 North American Team),oe:team:34f7ef1c31ed62eebd077936879b1b3,Gravity,7,1.0
all,Gravity Elite,oe:team:f54cf58f8e4305aceaf67d90e5656d3,Gravity Elite,35,1.0
all,Greek Regenesis,oe:team:d6a33a844865a46a3a046be02d6837b,Greek Regenesis eSports,62,1.0
all,Green Dolphin Gaming,oe:team:2bcca6d95dbad6ed6d3e7479522e19d,Green Dolphin Gaming,38,1.0
all,Griffin (Korean Team),oe:team:76b516358ee227ba806ba5d955b6314,Griffin,380,1.0
all,Ground Zero Gaming,oe:team:788115a84f68bc65fa6d3a4e0f67a3e,Ground Zero Gaming,156,1.0
all,Grow uP eSports,oe:team:622a2f5dc9620cda6c9155119741546,Grow uP eSports,45,1.0
all,Grypciocraft Esports,oe:team:2d038b581c7aa5565f197e93de4ff35,GRP Esports,66,1.0
all,Guangdong Flying Tigers,oe:team:53f52b247cb7772fe473ef03d29f09c,Guangdong Flying Tigers,8,1.0
all,Guarp Gaming,oe:team:0f915796a913d5a8fd01f830d5ad3e2,Guarp Gaming,3,1.0
all,Guasones,oe:team:91c35185025768de7d8aa448933f56c,Guasones,161,1.0
all,Guinea Pink,oe:team:a599bf4fe20c6be57044f7319b04e3d,Guinea Pink,86,1.0
all,Gunrunners,oe:team:5c99ca932b8499e126991aa8f90e67d,Gunrunners,14,1.0
all,Gödel Gamers,oe:team:1e43deb1f368f7574f37388e87db369,Gödel Gamers,7,1.0
all,H2k-Gaming,oe:team:5b90b1fda6971ccdccf9eb32286aa50,H2k-Gaming,247,1.0
all,H3ARTS,oe:team:9612b71bae1efe2a13f2fa4df2a421a,H3ARTS,7,1.0
all,HANAGUMI KAREN,oe:team:4e03a96aba9572295ad53c4bfa7d453,HANAGUMI KAREN,5,1.0
all,HEET,oe:team:6567b6e67c534f15e044f3b430fef3e,HEET,37,1.0
all,HELL PIGS,oe:team:a31fdd71fc715fc1ee4a50fe19e828e,HELL PIGS,132,1.0
all,HG Esports,oe:team:cc0febb14e6012fe5d7ab5bf50ac21f,HG Esports,20,1.0
all,HOU GAMING,oe:team:1a9887b52c7cb6550d325ede8244a12,HOU GAMING,8,1.0
all,HUTECH CHICKEN,oe:team:4b18f21ecb033ffc21880a9c6c7fef6,HUTECH CHICKEN,5,1.0
all,HWA Gaming,oe:team:47980e0bc08d56ec5a4274f07016ab5,HWA Gaming,204,1.0
all,HWA Gaming Academy,oe:team:25b0751ae06b76d14830ecef0a11715,HWA Academy,26,1.0
all,Hafnet eSports,oe:team:07f268d6bcf7dfa246348135f512fe2,Hafnet eSports,181,1.0
all,Hall of Fame,oe:team:0f4b99bef6a148e203e725bef554929,Hall of Fame,38,1.0
all,Hanoi Rookies Esports,oe:team:7b1122e1f5214e276149b7c5a417861,Hanoi Rookies Esports,12,1.0
all,Hanwha Life Esports,oe:team:3a1d18f46bcb3716ebcfcf4ef068934,Hanwha Life Esports,873,1.0
all,Hanwha Life Esports Academy,oe:team:2acbd6362cc5096e13641bd088a72a6,Hanwha Life Esports Academy,285,1.0
all,Hanwha Life Esports Challengers,oe:team:2a5e5fceaa40b335ebc6b49359abf62,Hanwha Life Esports Challengers,454,1.0
all,Hard Random,oe:team:cfc0ebfa157658a1257276edee9196e,Hard Random,36,1.0
all,HarmoniX Gaming,oe:team:e581596cec3767d68b3f23d68bfa5c4,HarmoniX Gaming,15,1.0
all,Harrisburg University,oe:team:e148df5f8ee1c28556f4d82343d4284,Harrisburg University,52,1.0
all,Havan Liberty Academy,oe:team:e8ff27ece26a00bc4fc1e253183dae4,Havan Liberty Academy,9,1.0
all,Havan Liberty Gaming,oe:team:a8760a8e23903488198e84618546202,Havan Liberty,71,1.0
all,Headhunters,oe:team:a5da55d495c7c86da763c939ece69b5,Headhunters,8,1.0
all,Hellions e-Sports Club,oe:team:4c4f442efee238e1448bc3ad5548a49,Hellions e-Sports Club,46,1.0
all,Heracles Gaming,oe:team:9c11dcc627ab2baf49d113ce6aba078,Heracles Gaming,44,1.0
all,Herbalife Real Betis,oe:team:37612c1a4e90b5ed7e0900448c1c198,Herbalife Real Betis,4,1.0
all,Here For T-Shirt,oe:team:bcf344c593b108e38ac0c953a51485e,Here For T-Shirt,10,1.0
all,Hertha BSC eSport,oe:team:b0a43f7f56c22b10b2042076b0cd5cc,Hertha BSC eSport,20,1.0
all,Hexagone Esports,oe:team:5e9b632a0a9d6901c33e980b637a50e,Hexagone Esports,40,1.0
all,Hive Athens EC,oe:team:4c4cf1a1c1cb435bb27ce8d200d8fd3,Hive Athens EC,80,1.0
all,Hokuto Esports,oe:team:f34c400132b57be53eb4c25828693c2,Hokuto Esports,4,1.0
all,Hong Kong Attitude,oe:team:6f0162b86d2a0d206ba9a08a1da14be,Hong Kong Attitude,331,1.0
all,Hong Kong Esports,oe:team:f6916bcaf8f0e2930832c306d5476a3,Hong Kong Esports,94,1.0
all,Hooked Esports,oe:team:ea6fa09489335785c9921c1e427aea5,Hooked Esports,16,1.0
all,Horizon Gaming (North American Team),oe:team:261717b9c2bb2e79e8ae53253d69768,Horizon Gaming,7,1.0
all,Howl Esports,oe:team:0d770dff428cbc855c233b749e4016e,Howl Esports,9,1.0
all,Howling eSports,oe:team:fc9df461bf197760e6c41bae3444bcf,Howling eSports,8,1.0
all,Huma,oe:team:6e3dc75dc40096ba9bedd4098b676b9,Huma,51,1.0
all,Humanoids5,oe:team:1b18017e07a881162b1363034370b6f,Humanoids5,18,1.0
all,Hungkuang Falcon,oe:team:672aa1aa4e9ac51d56830a3652dbc8b,Hungkuang Falcon (弘光獵鷹),77,1.0
all,Hurricane Gaming,oe:team:810d335400a6391892d9f9bef5d57b3,Hurricane Gaming,18,1.0
all,Hurricane of Feathers,oe:team:38eebf1d7f1cbc9ee434d8bea9b33cc,Hurricane of Feathers,68,1.0
all,Huya All Star,oe:team:ce10c59d79b11ab8fa936e7aac890f1,Huya All Star,4,1.0
all,Hydras Esport,oe:team:073fa031df5e0204a637d33a30bfaea,Hydras Esport,5,1.0
all,Hyper Vortex Esports,oe:team:53631bb6fdda56859eabf842cb2e1d5,Hyper Vortex Esports,14,1.0
all,I Gaming Star,oe:team:4717e24738f334e3105a914a0388bc3,I Gaming Star,88,1.0
all,I May,oe:team:2f758c15b9c1781b2d4032011ae1628,I May,154,1.0
all,IDM Pirata,oe:team:6847673c12caa91b1d6cf66f52f5dd3,IDM Pirata,13,1.0
all,IKISEQ Gaming,oe:team:216b87f7739fab7fa9177e7e01c2c7b,IKISEQ Gaming,44,0.9545454545454546
all,IME Wolves,oe:team:5da32456c86f1fef9fede107131e769,IME Wolves,4,1.0
all,IN Gaming,oe:team:6c8bf5b93fd189943d784b55bb71b61,IN Gaming,101,1.0
all,INFINITY,oe:team:7e3dd5ff49e1a44784d225d2de40260,inf,476,1.0
all,INTZ,oe:team:bcb21457414eb9be1d27489ff7e8e59,INTZ,443,1.0
all,INTZ Academy,oe:team:532875bcf5a8fb1cd2f05cd0001bbf6,INTZ Academy,155,1.0
all,INTZ Red,oe:team:9981ed8d509feb1b77d43af088fd0b1,INTZ Red,6,1.0
all,INTZ.Genesis,oe:team:eaff5703f519ece3dcd7b5b49d000c2,INTZ.Genesis,23,1.0
all,ION Global Esports,oe:team:788b5f2d3941c1a0d7961eaf043e4f1,ION Global Esports,39,1.0
all,IZI Elyandra,oe:team:9ce92bf0f1f33f7fa5be025f6d47ac8,Team EYA,7,1.0
all,Ici Japon Corp. Esport,oe:team:7d2c778dc03e3fe0db9e45a57895b88,Ici Japon Corp. Esport,137,1.0
all,Icon Esports (Mexican Team),oe:team:38c2ea4d918763cd207dc83af5b1f7f,Icon Esports,17,1.0
all,Ilha da Macacada Gaming,oe:team:3cfb5ebe63afedf7c686dd9bb4c277c,Ilha da Macacada Gaming,47,1.0
all,Ilha das Lendas,oe:team:e04bb02c9f91cabcdcea575d09e4c58,Ilha das Lendas,26,1.0
all,Illinois State University,oe:team:b99696624afa81613e7c305f10c6b05,Illinois State University,120,1.0
all,Illinois Wesleyan University,oe:team:98a9ba345111f7398ad7a32e0c787c0,Illinois Wesleyan University,6,1.0
all,Illuminar Gaming,oe:team:6cedba5819b5b7c465cb3bb48bfe855,Illuminar Gaming,322,1.0
all,ImPerium Vancuverii,oe:team:8265f85d8735e77263455fb97ddc95a,ImPerium Vancuverii,12,1.0
all,Immortals,oe:team:c334c629fea759876e9e04afbe4aee7,Immortals,400,1.0
all,Immortals Academy,oe:team:c96403ed0b812c805aeb6100bdc19a5,Immortals Academy,224,1.0
all,Immortals Area of Effect,oe:team:b735021538d7137d6ff64bcea052a95,Immortals Area of Effect,41,1.0
all,Immortals Challengers,oe:team:f7674bf69c8ffd96da506fcb1e65383,Immortals Challengers,37,1.0
all,Imperial Esports,oe:team:82e9f79d33605efd892beced7a35440,Imperial Esports,10,1.0
all,Imperium Pro Team,oe:team:d685ccc695e935d012e859cb3574f1c,Imperium Pro Team,7,1.0
all,Impunity,oe:team:215b3bc4217842708191cc9be161132,Impunity,229,1.0
all,Inaequalis,oe:team:f6ac342191e871ae8b13952ed61c31a,Inaequalis,81,1.0
all,Inaequalis Academy,oe:team:882a78e2d59d08be4e05e8f7cc86ee8,Inaequalis Academy,10,1.0
all,Incredible Miracle,oe:team:d4553ea5020d1c35901ff030e2b4922,Incredible Miracle,3,1.0
all,Incubus,oe:team:32c3055d495d91676e208b0c8997536,Incubus,74,1.0
all,Indictive Esports,oe:team:89d1736937ce3251b8fc0483c356230,Indictive Esports,19,1.0
all,Infamous Gaming,oe:team:6d8869cea2b945acacd32c7573f95ac,Infamous Gaming,41,1.0
all,Inferno Esports (Filipino Team),oe:team:748b9d7b874398c8e24425c73659ef6,Inferno Esports,7,1.0
all,Infernum Gaming,oe:team:ef433aefe2d4bcfaff6296b947199e3,Infernum Gaming,24,1.0
all,Infinity Esports Academy,oe:team:5dd1b9c2ee82eddc109ca9f7f345685,Infinity Esports Academy,29,1.0
all,Inside Games,oe:team:c2bd1dd17a070dbbb8df9aefb634a41,Inside Games,194,1.0
all,Inside Games Academy,oe:team:fbc692c1e8c7eb9e89861374b186c53,Inside Games Challengers,12,1.0
all,Inside Games Challengers,oe:team:fbc692c1e8c7eb9e89861374b186c53,Inside Games Challengers,61,1.0
all,Inspire eSports,oe:team:a38ea999e47fb979b560472be410271,Inspire eSports,15,1.0
all,Instinct Gaming,oe:team:911e2c053ed5ccc74ae46c53d8b87db,Instinct Gaming,37,1.0
all,Intel New Indians,oe:team:4f4727b2da651c6017ec5993bb5368a,Intel New Indians,62,1.0
all,Intergalaxy Tigers Gaming,oe:team:242740d647af081075d8ad7863ccb4a,Intergalaxy Tigers Gaming,18,1.0
all,Intrepid Fox Gaming,oe:team:a98857d2543af198af5ca1b1532d5c7,Intrepid Fox Gaming,80,1.0
all,Intuition,oe:team:5ba8f69f3398de4c9b200e1f1456669,Intuition,18,1.0
all,Inventive Esports,oe:team:e902a02fc3a32f47cf0c3729893098b,Inventive Esports,10,1.0
all,Invictus Gaming,oe:team:53a258f289c26d94431c0496a54e151,Invictus Gaming,1033,1.0
all,Invictus Gaming Young,oe:team:01c9a45038d103935dc69490914f530,Invictus Gaming Young,549,1.0
all,Invulnerables Esports,oe:team:8ba229067a5105945896e0e9ccdf83d,Invulnerables Esports,4,1.0
all,Ion Squad,oe:team:956aba50c93849d09fac4f00c5db750,Ion Squad,71,1.0
all,Ion Squad Academy,oe:team:02cba6bad755f6f7a6aeca29e4690be,Ion Squad Academy,47,1.0
all,Ionikos Nikaias Esports,oe:team:c94055c4eae45033b3e176ed7c35585,Ionikos Nikaias Esports,16,1.0
all,Iron Hawks e-Sports,oe:team:9b0df420260436d585355369af3cbe6,Iron Hawks e-Sports,44,1.0
all,Iron Wolves,oe:team:bc9bdf946d79f2f1f483b429a7dfffc,Iron Wolves,189,1.0
all,Issue is Critical,oe:team:ba3f6cba3383f76d3e6cf742e7778d0,Issue is Critical,18,1.0
all,Istanbul Wildcats,oe:team:a65adb2808377018a2a7832eb2bd7f4,İstanbul Wildcats,256,1.0
all,Istanbul Wildcats Academy,oe:team:637d0a65124780ff6ecca6ec06e67c2,İstanbul Wildcats Academy,161,1.0
all,Isurus,oe:team:5737b101780a9835142549164be1ac4,Isurus,574,1.0
all,Isurus Academy,oe:team:948ad976121cb4b2f628ecced7da1ee,Isurus Academy,90,1.0
all,Isurus Estral,oe:team:ea57e93bc73880655acdc795361215b,Isurus Estral,38,1.0
all,Izanagi Ignis,oe:team:6a1d38823bbf62daf83a3281d26ef81,Izanagi Ignis,6,1.0
all,IziDream,oe:team:84bc703e28859788770611d94cf02ac,IziDream,316,1.0
all,J Team,oe:team:b41d715b166da7092724123264e4560,J Team,564,1.0
all,J Team 2,oe:team:1ef508bf919d376e20393cb83aa8d3e,J Team 2,6,1.0
all,JAYOB e-Sports,oe:team:2f839cf696806700bdca2c8dffcaa55,JAYOB e-Sports,5,1.0
all,JD Gaming,oe:team:b42d0f31f2727621b963042276817c4,JD Gaming,1010,1.0
all,JDXL,oe:team:2b7b9f30577e4eb59af48370ce8679c,JD|XL,67,1.0
all,Jake's Kittens,oe:team:76ecde5c27efc1f27885bfcab917c01,Jake's Kittens,16,1.0
all,Janus Esports,oe:team:1ab54595dac94e054c4f3831f7ccb98,Janus Esports,104,1.0
all,Janus Panter,oe:team:a4210a7157a4ecda3230e3a4465ac5c,Janus Panter,14,1.0
all,Ji Jie Hao,oe:team:98b04bf2ce15d307f6afb1254004629,Ji Jie Hao (集结号),125,1.0
all,Jin Air Green Wings,oe:team:5e29baf115bdaaeeb3bafa7f288b298,Jin Air Green Wings,474,1.0
all,JingNetGame,oe:team:4cc7dd932bf287501df7bc4e30de138,JingNetGame,59,1.0
all,Joblife,oe:team:7380b73561abdd86c2391e9481acd4b,Joblife,187,1.0
all,Jolly Rogers,oe:team:d6c9e669304c9e48286cf0c8c75d7ec,Jolly Rogers,11,1.0
all,Joy Dream,oe:team:ae2a2737a8d8d2b8e396dabae0e149b,Joy Dream,674,1.0
all,Juicy Ballers,oe:team:14f8bede5684e16daaa0c21247b5bcb,Juicy Ballers,8,1.0
all,Just Randoms,oe:team:d83bffd1eb6ab4fc8b58abb3e646d48,Just Randoms,27,1.0
all,Just Toys Havoks,oe:team:6682645faf448187489b1b9fe877172,Just Toys Havoks,67,1.0
all,Jörmungang,oe:team:13697a0e9b7df2bbb787cca7b9fd140,Jörmungang,71,1.0
all,K1CK,oe:team:73f3cc4e54620b1454530648442e066,K1CK,49,1.0
all,K1ck Black,oe:team:8fb7f5b556a2ea521252d37459c6d99,K1ck Black,5,1.0
all,K1ck Neosurf,oe:team:73f3cc4e54620b1454530648442e066,K1CK,84,1.0
all,K1ck eSports Club,oe:team:73f3cc4e54620b1454530648442e066,K1CK,60,1.0
all,KAOS e-sport,oe:team:829dfe12e8897e57883e53610867b8e,KAOS e-sport,55,1.0
all,KIA.eSuba Academy,oe:team:c5819326ccf3b14446406bd7ac066c3,KIA.eSuba Academy,83,1.0
all,KINGDOM,oe:team:6eb26cc7d52822f5c721c8045cc8dec,RPG-KINGDOM,10,1.0
all,KIT SC SmartWe,oe:team:10fe85810efd60943daa38355eb6054,KIT SC SmartWe,5,1.0
all,KIYF eSports Club,oe:team:c46a7c8dbc4aa414a481a5de60c613e,KIYF eSports Club,51,1.0
all,KODE Gaming,oe:team:2d358e69f7d1cb5dbd0ab99c7d49861,KODE Gaming,15,1.0
all,KOI (Spanish Team),oe:team:5aef7c486046c4885a0baad37b027e8,KOI,113,1.0
all,KOI Academy,oe:team:ca93fb52911145b76f82c3a3af6d007,Finetwork KOI,63,1.0
all,KOO Tigers,oe:team:93c730021ff69abdfccc4911a2f666f,ROX Tigers,17,1.0
all,KOVA Esports,oe:team:6355abffc8fb5d3670268042d6384e9,KOVA Esports,38,1.0
all,KRC Genk Esports,oe:team:01a959b2a20ca77057e580ec051aa3e,KRC Genk Esports,207,1.0
all,KRC Genk Esports Talent Team,oe:team:b10ab4f0e7089ad20da443550dadde7,KRC Genk Esports Talent Team,28,1.0
all,KRÜ Esports,oe:team:24c803324b67186eda323d3f077ce50,KRÜ Esports,53,1.0
all,KSV eSports,oe:team:40588fea8e54db0dd6c86ed78262a13,KSV eSports,47,1.0
all,KT Rolster,oe:team:d723992568441c6bafa2658129eade7,KT Rolster,1130,1.0
all,KT Rolster Academy,oe:team:14ef7370c4cbc9bc08a771e3f7cbb4d,KT Rolster Academy,207,1.0
all,KT Rolster Challengers,oe:team:b9733b8e8aa341319bbaf1035198a28,KT Rolster Challengers,485,1.0
all,KV Mechelen Esports,oe:team:fc7375b80317eeffe3f05e4d3912626,KV Mechelen Esports,133,1.0
all,KV Mechelen Esports Academy,oe:team:e5b2f06fead102a38cae16182e72cab,KV Mechelen Esports Academy,19,1.0
all,KaBuM! Academy,oe:team:5fa7169f2a9ba7a17a9ce3afd59643d,KaBuM! Academy,185,1.0
all,KaBuM! Black,oe:team:73ecd29b1247e79bb564ec09cb51d3b,KaBuM! Black,7,1.0
all,KaBuM! Esports,oe:team:86e551648da70c86cb473ce5d5f26f7,KaBuM! Esports,401,1.0
all,KaBuM! Ilha das Lendas,oe:team:a36eecb3eab2d2a79f411e462878d26,KaBuM! Ilha das Lendas,53,1.0
all,KaBuM! Orange,oe:team:86e551648da70c86cb473ce5d5f26f7,KaBuM! Esports,12,1.0
all,Kaisa Gaming,oe:team:279461902267b4990dbdbb4aebccef9,Kaisa Gaming,103,1.0
all,Kanaya Gaming,oe:team:a87f96bba57cf77564601348d413ced,Kayana Gaming,8,1.0
all,Kanga Esports,oe:team:40ca71047541a6edbbb6e29893f9058,Kanga Esports,105,1.0
all,Kaos Latin Gamers,oe:team:c5b7f439779b465529ff283c53f41c0,Kaos Latin Gamers,320,1.0
all,Kaos Latin Gamers Academy,oe:team:f3bc4f2e318bd6b40e1ddd88c637396,Kaos Latin Gamers Academy,44,1.0
all,Karma Clan Esports,oe:team:67fa892b6ce24fdf93916569f3897d9,Karma Clan Esports,95,1.0
all,Karmine Corp,oe:team:f3aa9bbd924ce3af42ac53f8326bc7c,Karmine Corp,383,1.0
all,Karmine Corp Blue,oe:team:42bf6c1040db8f2221ff017fa4d34e4,Karmine Corp Blue,202,1.0
all,Karmine Corp Blue Stars,oe:team:343268a42863e8fc2767e02e4042de8,Karmine Corp Blue Stars,42,1.0
all,Karolinerna,oe:team:8d26bbe72031cf7b3973b6ec349004c,Karolinerna,3,1.0
all,Kaufland Hangry Knights,oe:team:0410783728358f6e711de31a6f1e8f9,Kaufland Hangry Knights,97,1.0
all,Kawaii Kiwis,oe:team:8eb9a212591f919a353abfac0c0a52a,Kawaii Kiwis,273,1.0
all,Keep Gaming,oe:team:2e20c05347a053a7257f1bb639b417b,Keep Gaming,13,1.0
all,Kelyx's Grandpa Gamers,oe:team:9d4860bdb68e36c39e6a9d36d3d8fac,Kelyx's Grandpa Gamers,15,1.0
all,Kenty,oe:team:7d972ad90215f34c0b41ffd5734c0d4,Kenty,50,1.0
all,KeyMedia,oe:team:f6d3af6ea2f59c08f5231415a65cee2,KeyMedia,34,1.0
all,Keyd Stars,oe:team:2ac91e85ddcfa4e5c6ec6c9b5d3f3f0,Vivo Keyd,81,1.0
all,Keypulse Esports,oe:team:d9f29b4eac8fd2a40f5a117e294316f,Keypulse Esports,79,1.0
all,Kiedyś Miałem Fun,oe:team:dbe0589e5cff81fa6b163d9f30ffeee,Kiedyś Miałem Fun,40,1.0
all,Killabeez,oe:team:4e5fe936e690fb945932add515ea1ea,Killabeez,14,1.0
all,King of Future,oe:team:c2cbbea762044e35a5915b171125398,King of Future,108,1.0
all,King of Goats,oe:team:64b1b7f74d693cae5d71675ac09e58b,King of Goats,19,1.0
all,Kings of the North,oe:team:2013af66afe8640d60c0c92073714bb,Kings of the North,36,1.0
all,Kingzone DragonX,oe:team:fce0c469080578fffd7034b5f2ff57d,Kingzone DragonX,218,1.0
all,Klanik Esport,oe:team:0ade5e44c23039bca133eee58ec1b83,Klanik Esport,87,1.0
all,KlikTech,oe:team:5436999a3de96fa22facd4bcd0c709b,KlikTech,14,1.0
all,Komil and Friends,oe:team:5628f250931675f9c0d20aad46cc117,Komil & Friends,129,1.0
all,Komodo (North American Team),oe:team:67d3ec1d2fa3c09c24d226fc7eb0046,Komodo,25,1.0
all,Komputronik H34T,oe:team:df909168cd1adaab72084399480a8e4,Komputronik H34T,19,1.0
all,Kongdoo Monster,oe:team:46c474825b4767ff6113d344264f60f,Kongdoo Monster,282,1.0
all,Korean Streamer,oe:team:7161a611ce6a349976475e383ef3c17,Korean Streamer,9,1.0
all,Kowloon Esports,oe:team:a23ce736c2f04077f0cbb27248d12f0,Kowloon Esports (九龍電競),4,1.0
all,Kuala Lumpur Hunters,oe:team:ad9fce8cc6928691a352c901c980942,Kuala Lumpur Hunters,48,1.0
all,Kumiho Esports,oe:team:60d6ebbd85798fb137a4c3f1cef0bb1,Kumiho Esports,14,1.0
all,Kwangdong Freecs,oe:team:b3c72a20aa56f5d28022ac04a7dc294,DN SOOPers,266,1.0
all,Kwangdong Freecs Academy,oe:team:00ae39840233a9dc8db235166c32ba7,DN SOOPers Academy,180,1.0
all,Kwangdong Freecs Challengers,oe:team:f78d56f289804906a627706f330ee06,DN SOOPers Challengers,262,1.0
all,LDLC OL,oe:team:e31c6dcc465e0b94500ef023f42cdc1,LDLC OL,271,1.0
all,LDM Esports,oe:team:5babf9f14b8cc18a551ee1fd2d5c6f9,LDM Esports,52,1.0
all,LDM Mexico,oe:team:0f426d6eead4f6ea73a5529581b61ad,LDM Mexico,27,1.0
all,LDN UTD,oe:team:61964511adf52f5329a7f3ab958910b,LDN UTD,18,1.0
all,LGD Gaming,oe:team:5f401785b6b78326f9a46b3c6b206ed,LGD Gaming,808,1.0
all,LGD Gaming Young Team,oe:team:6100f2588a65a71921d4f8ee206d94e,LGD Gaming Young Team,394,1.0
all,LK Gaming,oe:team:f550ae2e836d5c94219533f03917afe,LK Gaming,21,1.0
all,LNG Academy,oe:team:2506f4369f41031c5ae85640da9f749,LNG Academy,467,1.0
all,LNG Esports,oe:team:a9145b7711873f53e610fbba0493484,LNG Esports,663,1.0
all,LODIS (Polish Team),oe:team:6d98739f80c37e5b5c2431950983a05,LODIS,39,1.0
all,LOUD,oe:team:658a021a796aa5501503220adb38cf4,LOUD,307,1.0
all,LOUD Academy,oe:team:611801d741d02f705ab3433a71ce43f,LOUD Academy,175,1.0
all,LP Gaming,oe:team:bf61f06b4a15dd2870441f42412fde1,LP Gaming,7,1.0
all,LUA Gaming,oe:team:374ab80ad8c28c38cd170e188e4aca8,LUA Gaming,70,1.0
all,LUL Esports,oe:team:9589babfa44eff55bd391b13a9074b9,LUL Esports,20,1.0
all,LYON (2024 American Team),oe:team:da1143bf9a245b78a8dc86417de85b3,LYON,33,1.0
all,LYON Academy,oe:team:6a7a3de886a10bd30d57577290fb45e,LYON Academy,31,1.0
all,Labradoodle 9,oe:team:84d8e19b7740d3aa61ac4529abf8ac9,Labradoodle 9,23,1.0
all,LanXiang Gaming,oe:team:84ec2a9e95dfe995742eb5108cee0cc,LanXiang Gaming,26,1.0
all,Lanomania,oe:team:7059e08408418e21e2889f05669912b,Lanomania,15,1.0
all,LaoPengYou,oe:team:c334b1db5e9b81049496999c69aec9d,LaoPengYou,32,1.0
all,Laranja Mecânica Ignis,oe:team:117f005eb1a2ed7a76379270629c831,Laranja Mecânica Ignis,4,1.0
all,Large (North American Team),oe:team:7696cbc1be4accf7f39391f87ff81ba,Large,10,1.0
all,Last Kings,oe:team:7c478d49c05e056db41158bc64f4f26,Last Kings,113,1.0
all,Last Resistance,oe:team:e06f783b141f72cbae90ba86cfbd83b,Last Resistance,21,1.0
all,Laughing Coffins,oe:team:984c4fc2610cfb9285f5702d46cf68e,Laughing Coffins,6,1.0
all,Lazy In Life,oe:team:9e16817e124883039a2fd14a6cd43f5,Lazy In Life,14,1.0
all,Lechuga Gaming,oe:team:269606077846efea08be23b544de829,Lechuga Gaming,16,1.0
all,Legacy Esports,oe:team:4f5a0b869cd5960c307d1c45e9399a3,Legacy Esports,335,1.0
all,Legacy Genesis,oe:team:638506106b833cf5649e0490244eed4,Legacy Genesis,84,1.0
all,Legatum,oe:team:5126f460925c87fa40d1b37ef0c364d,Legatum,57,1.0
all,Legend Dragon,oe:team:2bcd837658f1f4d46be0deec2de6ab0,Legend Dragon,172,1.0
all,Legend Esport Gaming,oe:team:587ebdbf24034c9cf825a6e731ad058,Legend Esport Gaming,178,1.0
all,Legion Gaming (Oceanic Team),oe:team:2ef197afa32eb4689943a62f7211bb8,Legion Gaming,6,1.0
all,Lenovo Legion Honvéd,oe:team:f099ce1a14c9b88426484eea075e093,Lenovo Legion Honvéd,30,1.0
all,Level Up esports,oe:team:60af568eab0264f92225ad6649bac88,Level Up esports,45,1.0
all,Leviatan,oe:team:53ef3d5a3ac5d88bc000eff7d87aeb3,Leviatan,195,1.0
all,Leviatan Esports Chile,oe:team:e6083d0ae87166549dfcf0b01c21300,Leviatan Esports Chile,4,1.0
all,Leviathans,oe:team:622459d5680faa3d82144c4d49a0294,Leviathans,3,1.0
all,Leões Porto Salvo Esports,oe:team:0957b09f054bf983fcc61228d919bef,Leões Porto Salvo Esports,42,1.0
all,LiT Esports,oe:team:7109f52153fb32f851ab4af575c272c,LiT Esports,71,1.0
all,Liberty,oe:team:84e1da9e55480128662cfdfe79cb892,Liberty,116,1.0
all,Liberty Academy,oe:team:0de5bc0ac90e504b773c2d2d09edc81,Liberty Academy,129,1.0
all,Liberty Zeal Queue,oe:team:07fbe02a89664dfcfbe8f825f0afca6,Liberty Zeal Queue,32,1.0
all,Life Support,oe:team:02008dfb4feddaf6583dd7116eb5180,Life Support,29,1.0
all,Liga del Mal,oe:team:5babf9f14b8cc18a551ee1fd2d5c6f9,LDM Esports,18,1.0
all,Liiv SANDBOX,oe:team:c75f1f337fc5867914749d438a4871d,Liiv SANDBOX,286,1.0
all,Liiv SANDBOX Academy,oe:team:f028b03d55190de2e3db0332acb61c3,Liiv SANDBOX Academy,24,1.0
all,Liiv SANDBOX Academy Online,oe:team:f028b03d55190de2e3db0332acb61c3,Liiv SANDBOX Academy,32,1.0
all,Liiv SANDBOX Challengers,oe:team:e7a7c6bf58eb268ed3f13aac4158aa8,Liiv SANDBOX Youth,123,1.0
all,Liiv SANDBOX Youth,oe:team:e7a7c6bf58eb268ed3f13aac4158aa8,Liiv SANDBOX Youth,88,1.0
all,Lille Esport,oe:team:f9d5cf621532c5ac51e0947d7098b7f,Lille Esport,186,1.0
all,LinGan e-Sports,oe:team:d18ab971048c6bc6e9f13ce38ba9fae,LinGan e-Sports,170,1.0
all,LionsCreed Baltics,oe:team:64b59b4a50cdf821d0c4d070b5ed2b2,LionsCreed Baltics,9,1.0
all,Lionscreed,oe:team:4fcce38bb1040d265360c445aa5875a,Lionscreed,28,1.0
all,LittleSans,oe:team:e8668e6835ba28cf47446c4451bbfd9,LittleSans,5,1.0
all,Liyab Esports,oe:team:a179c4d51956d861145724a1c578e35,Liyab Esports,80,1.0
all,London Esports,oe:team:54d858264b5700c29cbe2fca7fc7649,London Esports,82,1.0
all,Longzhu Gaming,oe:team:fbf53cf218dfaa8c2b2a864d13d2206,Longzhu Gaming,212,1.0
all,Looking for ORG (Turkish Team),oe:team:e90ea79eb35058df85082ef1ff0c728,Looking for ORG,8,1.0
all,Los Grandes,oe:team:ea65e6cc48a9be50fc5334369a5fca5,LØS,30,1.0
all,Los Grandes Academy,oe:team:494084b2b199c80ed746561d08a1683,LØS Academy,33,1.0
all,Los Ratones,oe:team:2d096df29ab7e32950c86e0d72fc986,Los Ratones,102,1.0
all,Lotus (North American Team),oe:team:068598211100000c050b32c63748313,Lotus,35,1.0
all,Lotus Bloom,oe:team:a9deae81a8c100a7c823eaff0aaf305,Lotus Bloom,6,1.0
all,Lotus Esports (2019 North American Team),oe:team:3f5f26df72c4e0c05bf272b1c6cbd0b,Lotus Esports,6,1.0
all,Lotus Knights,oe:team:cb0b5e954436709699e6b94a82e991b,Lotus Knights,5,1.0
all,Louisiana State University,oe:team:ab8a919db08c9f8321da77bc63cb31d,Louisiana State University,10,1.0
all,Low Priority,oe:team:727e5078b5daf52d982d59909e6055e,Low Priority,4,1.0
all,LowLandLions,oe:team:813dd5137f04b19ed1b27465511a56c,LowLandLions,88,1.0
all,Lowkey Esports,oe:team:d7a70e630922657d105195d2cbff0e5,Lowkey Esports,5,1.0
all,Lowkey Esports.Vietnam,oe:team:246827ba8505ab1bac1083d093120bc,Lowkey Esports.Vietnam,65,1.0
all,Lucent Esports,oe:team:050760fca0033774e06c7cb44de8802,Lucent Esports,23,1.0
all,Luminosity Gaming,oe:team:f59945d4b3a3148637047638acb88b7,Luminosity Gaming,64,1.0
all,Lund Esports Organization,oe:team:0f47b3270fb312dca25d0e5c336646d,Lund Esports Organization,17,1.0
all,Lundqvist Lightside,oe:team:91e745607dea86d98f6307553e0491d,Lundqvist Lightside,85,1.0
all,Lupus Esports,oe:team:1b4462a50541e063fc148be4082fd0b,Lupus Esports,58,1.0
all,Luxury Esports,oe:team:d35b98d330df0acb88e2b27027b7e74,Luxury Esports,83,1.0
all,Lynch Esports,oe:team:d7ead772c393c12c978e820f07202e7,Lynch Esports,9,1.0
all,Lynx (Oceanic Team),oe:team:02d08f1a8d1e1e84e6d828e1a8c0c14,Lynx,6,1.0
all,Lyon Gaming (2013 Latin American Team),oe:team:d996d27c1737a1f7494fc09d6911339,Lyon Gaming,88,1.0
all,Lyon Gaming (2017 Latin America North Team),oe:team:d763efccae3a91419242f36294f86e4,Lyon Gaming,8,1.0
all,LØS,oe:team:ea65e6cc48a9be50fc5334369a5fca5,LØS,107,1.0
all,LØS Academy,oe:team:494084b2b199c80ed746561d08a1683,LØS Academy,46,1.0
all,L’art de la Guerre,oe:team:6e57bc5e53adaaa2cb7c3c69cec3798,L’art de la Guerre,6,1.0
all,M19,oe:team:c7ad88feac64b5b6cca8f234b392862,M19,134,1.0
all,MAD Lions,oe:team:6a0084dacefb228be863fbb64cefe11,MAD Lions KOI,329,1.0
all,MAD Lions E.C.,oe:team:a6a9ea0fa71e2e96cf5d5eb6ce9a4e2,MAD Lions E.C.,137,1.0
all,MAD Lions E.C. Colombia,oe:team:8129cf4a441af6379d48593e7e6918f,MAD Lions E.C. Colombia,8,1.0
all,MAD Lions E.C. Mexico,oe:team:5b3bde865666acea6504cdeae90120f,MAD Lions E.C. Mexico,41,1.0
all,MAD Lions KOI,oe:team:6a0084dacefb228be863fbb64cefe11,MAD Lions KOI,85,1.0
all,MAD Lions Madrid,oe:team:9b4c0a1b3fce5f8df14d86277203dfe,MAD Lions Madrid,134,1.0
all,MAD Team,oe:team:d17e6a2f130f0cf8dd071ce88d5b870,MAD Team,173,1.0
all,MAMMOTH,oe:team:7bd8d762a338118fce3df129202eaed,MAMMOTH,262,1.0
all,MAX (Chinese Team),oe:team:91c9cf14d344ea993274f77fd9fa508,MAX,401,1.0
all,MEGA,oe:team:f589eafcf087c11af27e475bafb047f,MEGA,14,1.0
all,MF Gaming,oe:team:32e7849cefe705cea410ccad1fe560a,MF Gaming,24,1.0
all,MGN Blue Esports,oe:team:f120b297d22778c31d145387ae3a372,MGN Blue Esports,57,1.0
all,MGN Box Esports,oe:team:f120b297d22778c31d145387ae3a372,MGN Blue Esports,90,1.0
all,MGN Vikings Academy,oe:team:6a7710fb4e287e8ef741ab87b070ad0,MGN Vikings Academy,27,1.0
all,MGN Vikings Esports,oe:team:fe099196385a285d6d6edde504dc1f6,MGN Vikings Esports,87,1.0
all,MHSC Esport,oe:team:91b2523df100990f9ca59be20dc3244,MHSC Esport,70,1.0
all,MIBR,oe:team:d480fbbd7d17c53d88e53ce1b74cb1d,MIBR,11,1.0
all,MNM Gaming,oe:team:542063f7067a523ca263df1cb72f843,MNM Gaming,199,1.0
all,MOBA ROG,oe:team:11f5f2c70a8b02dc6d17fac94c126c9,MOBA ROG,67,1.0
all,MOUZ,oe:team:7c4854374e4daa6b00206eb922359a9,MOUZ NXT,115,1.0
all,MOUZ NXT,oe:team:7c4854374e4daa6b00206eb922359a9,MOUZ NXT,47,1.0
all,MS Company,oe:team:14ad76b8d9e647d4b29c3d26ecd29c9,MS Company,54,1.0
all,MVP,oe:team:21d5096acdfc62efed68418399ca291,MVP,355,1.0
all,MY STAR,oe:team:f4e28ce02dea2124a77a47a70ac961f,MY STAR,33,1.0
all,Machi Esports,oe:team:274c62a6d7e34e0e66e5f267a39d5f7,Machi Esports,373,1.0
all,Macko Esports,oe:team:a2e63aee03585f0b37ff4cad936e349,Macko Esports,294,1.0
all,Macro Maniacs,oe:team:11b12070e876658f576ec41209f10aa,Macro Maniacs,20,1.0
all,Mad Kings,oe:team:df70cf5eb04453059ae5a4e4e30a392,Mad Kings,26,1.0
all,Maelstrom Esports,oe:team:73e0f9b604d3a8278df751b481e833e,Maelstrom Esports,7,1.0
all,Magna Esports,oe:team:586486168f510b191d23bd992a82501,Magna Esports,22,1.0
all,Malvinas Gaming,oe:team:d5772fdb1ae7fcc8046fa2e056a8715,Malvinas Gaming,133,1.0
all,Malvinas Gaming EU,oe:team:ec81d260625c7fe27668874bf096021,Malvinas Gaming EU,8,1.0
all,Malvinas Rise,oe:team:d5772fdb1ae7fcc8046fa2e056a8715,Malvinas Gaming,28,1.0
all,Mammoth Academy,oe:team:4a8c0af26c3e3abad2cf15711001855,Mammoth Academy,51,1.0
all,Maryville University,oe:team:9336ce46babf314b50e3a103506ae0a,Maryville University,367,0.997275204359673
all,Maryville University B,oe:team:9336ce46babf314b50e3a103506ae0a,Maryville University,39,1.0
all,Masonic,oe:team:6cbb4413aab3129b90052a4a413d75f,Masonic,6,1.0
all,Master of Chicken Gaming,oe:team:fa63571a9f777688f079f0ee86f746d,Master of Chicken Gaming,12,1.0
all,MattyUSA LODIS,oe:team:6d98739f80c37e5b5c2431950983a05,LODIS,27,1.0
all,Maturalni Forsaken,oe:team:9e12a15ab90a0a26c7e4e5308d3924c,Forsaken,47,1.0
all,Maverix,oe:team:601cc8d49e98a9fcd0c4e674157d628,Maverix,49,1.0
all,Mayan Esports,oe:team:746a5d153c14c2727ec6c086f1763fc,Mayan Esports,57,1.0
all,Maycam Evolve,oe:team:d53c3b4468d5a9ec7fb407350dd55df,Maycam Evolve,106,1.0
all,Maze Gaming,oe:team:ec984a85fa876a52f448869c93cd93b,Maze Gaming,99,1.0
all,Meavedron,oe:team:3ab1da3e7d4f6beb00abafe38746ebd,Meavedron,85,1.0
all,Medieval Riga,oe:team:03c4cd6bcb3f046a897dae021a02f83,Medieval Riga,20,1.0
all,Melilla Fortune,oe:team:d03e93c97146427042dc20fff5de7f1,Melilla Titans,11,1.0
all,Melty eSport Club,oe:team:cefba747496bb78899734aa2e1c67c8,Melty eSport Club,5,1.0
all,Meme City Esports,oe:team:d7ec1f968a609382e6e6d1bc2f6e4c3,Meme City Esports,10,1.0
all,Meow Gaming Club,oe:team:086ca806ed58727cbb991f2464281ac,Meow Gaming Club,25,1.0
all,Mercenaries,oe:team:f8ea9253431e533c75ae105288e498a,Mercenaries,26,1.0
all,Merciless Gaming,oe:team:628a7f107a6aedc53fc6e74b22e6085,Merciless Gaming,18,1.0
all,Meta Falcon Team,oe:team:9e6526e349893ee3604c6e43fcafea1,Meta Falcon Team,45,1.0
all,Meta Gaming,oe:team:541d18c9fef51d35e84731aeff4fc70,Meta Gaming,124,0.9919354838709677
all,Method2Madness,oe:team:7eeeaaabeefa28f46686c865d9c682b,Method2Madness,31,1.0
all,Mezexis Esports,oe:team:853a1d4037366856c872b104ea2686d,Mezexis Esports,14,1.0
all,MiaoJing,oe:team:3fbe14cabc2c91b41d58e14930276fd,MiaoJing (妙竞),135,1.0
all,Michigan State University,oe:team:feb2238d292019b934a4a51cdae3230,Michigan State University,12,1.0
all,Midnight Sun Esports,oe:team:13cc0048846a92bc721899580fe666c,Midnight Sun Esports,54,1.0
all,Mighty Eagle,oe:team:590084186c6389b83116f1f83567149,Mighty Eagle,137,1.0
all,Mila Gaming,oe:team:42c61eed1dbfc09e86376ebdf7adaab,Mila Gaming,16,1.0
all,Millenium,oe:team:d946eb399b263986b81fad7203186fa,Millenium,62,1.0
all,Mind Blue eSports,oe:team:83f5468c58ea895ffadba299f475a14,Mind Blue eSports,12,1.0
all,Miners,oe:team:64a41d3f257e38f07d4bd8570809432,Miners,21,1.0
all,Miners Academy,oe:team:0e27d54d74f138c822f16d1f9df4939,Miners Academy,21,1.0
all,Mineski,oe:team:66e08436a077c287777406c045d7b27,Mineski,22,1.0
all,Minus Three,oe:team:12eb870ed3419407c763c34f905e65a,Minus Three,5,1.0
all,MiraGe Gaming,oe:team:9c706ff52b1746f7b4699b86db72fe9,MiraGe Gaming,5,1.0
all,Miracle (North American Team),oe:team:46ec34791c2aa89c45af2b10d33f6bd,Miracle,15,1.0
all,Mirage Alliance,oe:team:1d1d0b0c76290957c7c9aa69a3ae4e7,Mirage Alliance,67,1.0
all,Mirage Elyandra,oe:team:972ebfdff75f6a30cc82aad4a35e2af,Mirage Elyandra,45,1.0
all,Mirage Sport Électronique,oe:team:cb88ee3c195b2c7056830437a1f1565,Mirage Sport Électronique,106,1.0
all,Mirage Élite,oe:team:9b290e4aafba34a0f1caaa02fbc6ed1,Mirage Élite,16,1.0
all,Misa Esports,oe:team:196ea640b81c54e20e32b6294ab9769,Misa Esports,156,1.0
all,Misfits Academy,oe:team:c5e4f376de880fec7ac4b52fcc2ae27,Misfits Academy,30,1.0
all,Misfits Gaming,oe:team:594b183f8fb081ef64820f31ab8d641,Misfits Gaming,368,1.0
all,Misfits Premier,oe:team:c59bcb753bac65c0397bf9ebbcf850b,Misfits Premier,264,1.0
all,Mkers,oe:team:22042a8a81add8ab741dcfc6c8985ca,Mkers,68,1.0
all,Mkers Academy,oe:team:39ef0c894423ffdfa22011f672f19be,Mkers Academy,3,1.0
all,MnM Gaming Academy,oe:team:dad402da1140c74da1f0c558dd926de,MnM Gaming Academy,32,1.0
all,Monkey Mafia,oe:team:c5d6cb43c96de77a0e420bc9f0ddc8a,Monkey Mafia,5,1.0
all,Monolith Gaming,oe:team:a10518b2ac8567174d81bc6a7e9b540,Monolith Gaming,13,1.0
all,Monta Club,oe:team:9c47b9a7c8357263dafdcfb72b1fc11,Monta Club,34,1.0
all,Moss Seven Club,oe:team:f58a8d352e90ae75eeedd400a5bad78,Moss Seven Club,125,1.0
all,Mount Olympus,oe:team:023e1c0f9c1c213e48998e61fbe066c,Mount Olympus,5,1.0
all,Movistar KOI,oe:team:4acc40654379b4da680be1bd3129dfa,Movistar KOI,172,1.0
all,Movistar KOI Fénix,oe:team:86dbb7cea91eaf08738bdc93a8442ce,Movistar KOI Fénix,46,1.0
all,Movistar Optix,oe:team:a19a63a498e083aef0b8fc70b2b7715,Movistar Optix,125,1.0
all,Movistar R7,oe:team:2cb996a4b0ffaca3bcf66fe91450243,Movistar R7,159,1.0
all,Movistar Riders,oe:team:4acc40654379b4da680be1bd3129dfa,Movistar KOI,382,1.0
all,Movistar Riders Academy,oe:team:f3c533aeb87ace93284514faf321076,Movistar Riders Academy,93,1.0
all,Munster Rugby Gaming,oe:team:570bfe8899b9aff8ccbdd18334ec8ab,Munster Rugby Gaming,31,1.0
all,Munster Rugby Gaming Academy,oe:team:83614d04de89b4e9fa13ebf5d3aa5d2,Munster Rugby Gaming Academy,23,1.0
all,Murk Esports,oe:team:beec81e2b73991101281075bc6d68df,Murk Esports,6,1.0
all,Mysterious Monkeys,oe:team:31ac21d217683775f54a242ab54f4e9,Mysterious Monkeys,40,1.0
all,Myth Esports,oe:team:04bb54d81b8d6daaaf0eee289e9eb03,Myth Esports,134,1.0
all,NARCIS,oe:team:5b76240cc27a58c6f7ceef7d8c36660,NARCIS,39,1.0
all,NASR eSports Turkey,oe:team:1bcba9d314932379a955b3de9e8654d,NASR eSports Turkey,182,1.0
all,NASR eSports Turkey Academy,oe:team:7306bbcc9ca5d0b66f56d62d1d1c243,NASR eSports Turkey Academy,83,1.0
all,NGU eSports,oe:team:9b7f0bef2d0cd003274bb6046b59b98,NGU eSports,3,1.0
all,NK Osijek Esport,oe:team:e043b3558468d96e47864c0f89684c2,NK Osijek Esport,15,1.0
all,NNO Prime,oe:team:2ae1a4c6fe17bf70dd4b5520d60f55b,NNO Prime,128,1.0
all,NOCTA,oe:team:95e6dffd3a0a0be2b8c7c737ac017d5,NOCTA,29,1.0
all,NONAME (Turkish Team),oe:team:ec818d10e53bf2300b0b2171c57a47b,NONAME,20,1.0
all,NORD Esports,oe:team:6ef01b22224b92f917d70dd9f33568b,NORD Esports,169,1.0
all,NOVO Esports,oe:team:b3407aff8f36af4d7492aceb5b6bfd6,NOVO Esports,19,1.0
all,NRG,oe:team:e758ebe9a5a2cc81b9c8078479c2d87,NRG,92,1.0
all,NRG Esports,oe:team:e758ebe9a5a2cc81b9c8078479c2d87,NRG,69,1.0
all,NVision Esports,oe:team:f403408263100c2f4d2c43bf05a0a58,NVision Esports,91,1.0
all,NXT,oe:team:3f15fada7994f98f3bc6207bed01c16,NXT,19,1.0
all,NYYRIKKI,oe:team:931fd7145df2dee0403461381e45b58,NYYRIKKI,69,1.0
all,NYYRIKKI White,oe:team:199301cdad60fad3c201615b42aab67,NYYRIKKI White,6,1.0
all,NaJin e-mFire,oe:team:0bad133adf0b0d75b82191b60e3d624,NaJin e-mFire,3,1.0
all,Naguara Mexico,oe:team:17f42f64501a18c03627a58357acbe4,Naguara Mexico,38,1.0
all,Naguara Team,oe:team:da7281abfbacdeb467493b62cbe151e,Naguara Team,47,1.0
all,Nameless Randoms,oe:team:0e4c4b77383d06c59013c463dc425b5,Nameless Randoms,14,1.0
all,Nameless Thieves,oe:team:8018d19489ff674e33727d54e9c0b4f,Nameless Thieves,9,1.0
all,Nate.A,oe:team:85094958b197b0a0eba1f077f61bca6,Nate.A,29,1.0
all,Nate9527,oe:team:2ca17e7780f4966b73fcf5f3e4ff97b,Nate9527,50,1.0
all,Native Gaming,oe:team:0520f3fedc9144bc9c62fadd5fd0568,Native Gaming,15,1.0
all,Nativz,oe:team:a73a242584df96b35d6e606d93608f8,Nativz,93,1.0
all,Natus Vincere,oe:team:d2ba9f92d85cff67d60aaad88e61048,Natus Vincere,8,1.0
all,Natus Vincere.CIS,oe:team:46aed4f90885fb0531287eda12df2a0,Natus Vincere CIS,78,1.0
all,Near Airport,oe:team:e7da30846ab7b1224900ea5a0e6d8bb,Near Airport,38,1.0
all,NecroRaisers,oe:team:ef1e6aa205209aa800aae6775fd68c7,NecroRaisers,8,1.0
all,Nerf Galeforce,oe:team:c82b21e613f9aaffd2ba5c16ab104bc,Nerf Galeforce,21,1.0
all,Nerv,oe:team:47bf9c96596e56abf93d96d5373938f,Nerv,18,1.0
all,Netshoes Miners,oe:team:64a41d3f257e38f07d4bd8570809432,Miners,39,1.0
all,Netshoes Miners Academy,oe:team:0e27d54d74f138c822f16d1f9df4939,Miners Academy,39,1.0
all,Never Give Up (Vietnamese Team),oe:team:254c1e7c80edaef162a904cdefa435c,Never Give Up,26,1.0
all,Newbee,oe:team:7e76012fb69f9e19b2dc690dde98ac1,Newbee,111,1.0
all,Newbee Young,oe:team:75f5f1d80d6a208eebe887bece2c451,Newbee Young,46,1.0
all,Newell's Esports,oe:team:aa901e4bbb1fae688437d636787b958,Newell's Esports,13,1.0
all,Newstar,oe:team:096d11bb39c67344ba0d303a4505e81,Newstar,109,1.0
all,Next Level Esports,oe:team:4a2f7060cf6155e968865d1bb8868d2,Next Level Esports,4,1.0
all,NextGeneration Esports,oe:team:adcf619d451ca4ce696d1fb0f83bd29,NextGeneration Esports,10,1.0
all,Nexus Gaming (Romanian Team),oe:team:786880f9b3bc8bdeafa1f7b250642be,Nexus KTRL,29,1.0
all,Nexus KTRL,oe:team:786880f9b3bc8bdeafa1f7b250642be,Nexus KTRL,58,1.0
all,Nigel's Last Tiles,oe:team:c7d3dad1236a94efda11c4c6dddbf24,Nigel's Last Tiles,4,1.0
all,Nightbirds,oe:team:785213aebf3ebc4bf4e9aeef665d698,Nightbirds,82,1.0
all,Nightblood Gaming,oe:team:5c7efc253888e6f167f6ba04a39c2fe,Nightblood Gaming,5,1.0
all,Nigma Galaxy Male,oe:team:c6aa23f2afcbe6fc281c7bb9b96c843,Nigma Galaxy,151,1.0
all,Ninjas in Pyjamas,oe:team:5a200b1a94fcaa054dd7c5764adbcaf,Ninjas in Pyjamas,66,1.0
all,Ninjas in Pyjamas.CN,oe:team:48d7941ccbd5b89aca46c57b0c2f8fb,Ninjas in Pyjamas,325,1.0
all,No Ace,oe:team:7108af535f0d9b910b6e4ba8e03d022,No Ace,10,1.0
all,No Name (North American Team),oe:team:b4e415571a886e90b99b34b8b9b626b,No Name,5,1.0
all,No Need Orga,oe:team:4af7101de8aaa0ada19a5937eb60b65,No Need Orga,24,1.0
all,No Org,oe:team:4b85e66c4e276c54cb7f4428f030279,No Org,61,1.0
all,No Team,oe:team:f93bd7ba4570c2b83b075cbc60f97ca,No Team,39,1.0
all,Noble Esports,oe:team:8726cc5f2f30137866f13cfc53a9fb2,Noble Esports,5,1.0
all,Nocturne Gale,oe:team:7ec8796996a3f88bc9c94d9214ef13f,Nocturne Gale,46,1.0
all,Nocturns Gaming,oe:team:1403f42870de19dee6af045d2f65e29,Nocturns Gaming,89,1.0
all,NonHK,oe:team:fe9f9acb467abd421f95d92a3ba83b7,NonHK,4,1.0
all,Nongshim Esports Academy,oe:team:7c64febcd5ccff13dcd035dc6867a00,Nongshim Esports Academy,320,1.0
all,Nongshim RedForce,oe:team:5cd2cd09ec94296f605dd13a2924d6c,Nongshim RedForce,503,1.0
all,Nongshim RedForce Academy,oe:team:ff07fcf769a41fa17ded4746368d6c7,Nongshim RedForce Academy,242,1.0
all,Nongshim RedForce Challengers,oe:team:7c64febcd5ccff13dcd035dc6867a00,Nongshim Esports Academy,155,1.0
all,Nordavind,oe:team:888e2625be28a957836e6274721196e,Nordavind,57,1.0
all,Nordavind Black,oe:team:781c236369001a7dd7c0586af3cf8b2,Nordavind Black,4,1.0
all,Nordavind White,oe:team:55a4d5740b155eddef49ce090a4506f,Nordavind White,18,1.0
all,Northern Lions Esports,oe:team:51ad8552b28c8fa33276c08f9b8ca9b,Northern Lions Esports,49,1.0
all,Not Academy Team,oe:team:3164955ca46e8960e8b1b520d722cba,Not Academy Team,13,1.0
all,Nova Esports (Thai Team),oe:team:10ce81cc4b8f1ade3f8d3aab9866467,Nova Esports,49,1.0
all,Nova eSports (North American Team),oe:team:3acdd562c78716845be6449bfa89dd9,Nova eSports,13,1.0
all,Now or Never,oe:team:266c3f54200781c862b534392cf53f9,Now or Never,64,1.0
all,NumberOne Esports,oe:team:ec45c1d412e89b59d0b013eab4af15e,NumberOne Esports,22,1.0
all,Nuovo Gaming,oe:team:5a8bba35fc7744a5bf40635276340bc,Nuovo Gaming,13,1.0
all,ODD Esports,oe:team:dc02a128e3246c9c9819777fca172ef,ODD Esports,36,1.0
all,ODIN Gaming,oe:team:65381c751e78df337720522a7275412,ODIN Gaming,45,1.0
all,OFFSET Esports,oe:team:a2af8a630966a79f15f17d89b1f97d2,OFFSET Esports,104,1.0
all,OGC Esports,oe:team:74168817a4be4c1592aa886a083c3fb,OGC Esports,18,1.0
all,OGC Sigma Esports,oe:team:df3a003b928fe81923968edd1e34644,OGC Sigma Esports,18,1.0
all,OKSavingsBank BRION,oe:team:b77b3f6068e20a2b3edc0ecd3dc70d4,HANJIN BRION,242,1.0
all,OKSavingsBank BRION Academy,oe:team:cea8093762c0842e5bb4a1c2a4f7d66,HANJIN BRION Academy,136,1.0
all,OKSavingsBank BRION Challengers,oe:team:fa3d687a87bcae80362f784a7da571d,HANJIN BRION Challengers,230,1.0
all,OP innogy eSport,oe:team:040dc048e75fcdf175aa7f8e204c9e6,OP innogy eSport,37,1.0
all,OQ (North American Team),oe:team:1c282536c5574499989be3aa8ae0600,OQ,16,1.0
all,ORDER,oe:team:6575d9a58f0b41a108f2d6a565a0650,ORDER,310,1.0
all,ORDER Academy,oe:team:15cd04e605d88070159951f2801fa82,ORDER Academy,37,1.0
all,OZ Gaming,oe:team:492de98f62f1f41a5255dd0a15ce444,OZ Gaming,76,1.0
all,Obnoxious Gaming,oe:team:b4f55af603bfb209eda84e1d685e594,Obnoxious Gaming,22,1.0
all,Odivelas Sports Club,oe:team:fca935f82fd01de843aa2799eb575ea,Odivelas Sports Club,159,1.0
all,Oh My Dream,oe:team:d6ede6ace357c075af068ccac12ae9f,Oh My God Academy,643,1.0
all,Oh My God,oe:team:f4c4528c6981e104a11ea7548630c23,Oh My God,753,1.0
all,Oh My God Academy,oe:team:d6ede6ace357c075af068ccac12ae9f,Oh My God Academy,63,1.0
all,Olympiacos Alimou,oe:team:007a3c4175ca4f86d9dc49e4f2e9cf8,GOAL,62,1.0
all,Once Upon A Team,oe:team:e1cbefa2c9766f5deaa96d958a31e89,Once Upon A Team,103,1.0
all,One Breath Gaming,oe:team:785bf7c68fff8e64a5b17ba5972f10a,One Breath Gaming,62,1.0
all,One More Esports,oe:team:ca663b1c89065ae6491db8e9cd5c305,One More Esports,116,1.0
all,One Way Esports,oe:team:a181ac52921fccf36966206cb6591b0,One Way Esports,3,1.0
all,OnlyGame,oe:team:591045589c51305cadf216042381acc,OnlyGame,80,0.9875
all,OpTic Gaming,oe:team:5f8017c71cc475ecf851aaf298b9359,OpTic Gaming,77,1.0
all,OpTic Gaming Academy,oe:team:8ec1d9b925364a4f40c174a30023afc,OpTic Gaming Academy,72,1.0
all,Operation Kino e-Sports,oe:team:536636ce0064fb7b5d3b9e91a0d7ca6,Operation Kino e-Sports,119,1.0
all,Orbit Anonymo Esports,oe:team:63ae9b77e466107d6e94d22f956a48a,Anonymo Esports,159,1.0
all,Orgless,oe:team:d67b8c3f9b00fd1c8cbdc714358bad3,Orgless,17,1.0
all,Origen,oe:team:ac6cb6091eb27e5332f2926f44a7067,Origen,250,1.0
all,Origen BCN,oe:team:df0754486ef18bcdf1205ccaa30fb03,Origen BCN,64,1.0
all,Origen SB,oe:team:90a3fe0ae48ef2bfe82b20711646096,Astralis SB,44,1.0
all,Original Gaming,oe:team:03625f7331ee82f52b8c79c576e23cd,Original Gaming,20,1.0
all,Osaka,oe:team:0d70a380fe641d8206c6d43c185b9c2,Osaka,70,1.0
all,Otter Side,oe:team:42c66b75a01e703aa898e9c22ad6ce1,Otter Side,22,1.0
all,OuYi Game Team,oe:team:f568ed3699bca56338d11b4def79e9c,OuYi Game Team,36,1.0
all,Outlaws,oe:team:9454328308280a614737117e4326bfb,Outlaws,33,1.0
all,Outlawz,oe:team:8e34e040d5bd4c7f4c6e3406d78b555,Outlawz,9,1.0
all,Outplayed,oe:team:cd6b4265231d4ba346274357681c335,aNc Outplayed,151,1.0
all,OverPower Esports,oe:team:631731910c3b71653b00f15d0d45ab0,OverPower Esports,40,1.0
all,Overdrive,oe:team:4dad6945980f064ce21fc328531ac41,Overdrive,13,1.0
all,Overload (Brazilian Team),oe:team:1529e8ab605ab3c1492f3b83d5c384d,Overload,3,1.0
all,Oxygen Gaming,oe:team:f559203c4bdf14dbfb2e440de75d53e,Oxygen Gaming,52,1.0
all,Oxygen Kumiho,oe:team:6c2ceb74557e37080fd69a632a4f860,Oxygen Kumiho,12,1.0
all,Oxygen Valiants,oe:team:51e312fb2c4611c0466764797df079f,Oxygen Valiants,60,1.0
all,Oyun Hizmetleri,oe:team:ef73b0c8f0ee92631adf7cb11ebe12d,Oyun Hizmetleri,68,1.0
all,P3P eSports,oe:team:ebb55385af1c848dba72b6a8dad6159,P3P eSports,66,1.0
all,PCS Taran,oe:team:5142c879abcb70bac792134b00d86c7,PCS Taran,61,1.0
all,PDK Sideral,oe:team:7364ae7e257c7063f49674c53557c48,PDK Sideral,9,1.0
all,PDW,oe:team:d2628b4f33cdc631c1fc42be5d2b771,PDW,36,1.0
all,PEACE (Oceanic Team),oe:team:b61ee1b18ac8e03518fc61ac07d497c,PEACE,140,1.0
all,PENTA 1860,oe:team:efcd9996cce28c8f5c8062ac3b7fbb4,PENTA 1860,102,1.0
all,PENTAGRAM,oe:team:4493f5b2d1af75dcdcc93bbbdb8778c,PENTAGRAM,61,1.0
all,PEX Team,oe:team:90b9e6e49dbd149490c883ec1f7d619,PEX Team,8,1.0
all,PIGSPORTS,oe:team:31079f1545ca2d6e01c96256c3e8987,PIGSPORTS,42,1.0
all,PIRTS,oe:team:202701554502f458c89ef1fab2781c9,PIRTS,6,1.0
all,PRIDE (Polish Team),oe:team:4bf1cdb1d7d084e66dbc3e32ba54236,PRIDE,73,1.0
all,PRIMATE,oe:team:5d09f3012c419e96c75321094d349ab,PRIMATE,92,1.0
all,PRINCIPALITY,oe:team:d58a84867e710510653aaecb2723984,PRINCIPALITY,18,1.0
all,PRO42,oe:team:0b6e76188d250e0d86e58ef1182a53a,PRO42,22,1.0
all,PSG Talon,oe:team:4880b157399745e82e26e229d8bbf48,PSG Talon,444,1.0
all,PSG Talon Academy,oe:team:7c1df37eb66c8c498b823787634c4bc,PSG Talon Academy,126,1.0
all,PSV Esports,oe:team:d80103bdd8d612247d7d44fc77d204a,PSV Esports,85,1.0
all,PSV Esports Academy,oe:team:10bfef11013e97d8caf67bac2bd8fb4,PSV Esports Academy,31,1.0
all,Packmiko E-Sports,oe:team:5642dc48ef5216e995ecea7b12beec2,Packmiko E-Sports,8,1.0
all,Pampas,oe:team:c240ced85731a0f86a197a555989280,Pampas,137,1.0
all,Papara SuperMassive,oe:team:5203ff881d5c82c5f720eb3a2f3b44c,Papara SuperMassive,291,1.0
all,Parakeet Gaming,oe:team:ee8c33305d4b7aa4b351c9ccf602796,Parakeet Gaming,20,1.0
all,Paris Saint-Germain eSports,oe:team:920d4a03397129a99a0d796646b9f7d,Paris Saint-Germain eSports,25,1.0
all,Pars eSports,oe:team:c4301c851cb9c9c8a622d1855cd7941,Pars eSports,25,1.0
all,Partizan Esports,oe:team:e42ade212c09777da0f54bffe481f6d,Partizan Esports,161,1.0
all,Partizan Sangal,oe:team:a66e91a2f91dd5b797328cdebf35039,Partizan Sangal,70,1.0
all,Pathos,oe:team:bda9842b6f0c5e85c1d404581d67a50,Pathos,41,1.0
all,Peak Performance Esports,oe:team:ede9dbba5dba2018415a753766070a4,Peak Performance,10,1.0
all,Peak Performance X,oe:team:487ccffd3886547ad9f9a85faf58f8f,Peak Performance X,8,1.0
all,Peak Performance Y,oe:team:2c5b2b78e33591922cfc0db2949ca0b,Peak Performance Y,6,1.0
all,Pee N W's,oe:team:fcb24fbdc2ca7983e16d184b5927332,Pee N W's,7,1.0
all,Penguins,oe:team:af3038a77428ddddd50e5b431c5269e,UCAM Penguins,96,1.0
all,Pentagon Maze,oe:team:80273ded915e8e99319d5610cd03754,Pentagon Maze,26,1.0
all,Pentagon Rejects,oe:team:eca46d5eadb0c405cb19a9104024393,Pentagon Rejects,36,1.0
all,Pentanet.GG,oe:team:9b4a7228059e863c153b3e196ac85b2,Pentanet.GG,219,1.0
all,Pentanet.GG Rise,oe:team:ca60495d47019431a6813188aea1eb2,Pentanet.GG Rise,13,1.0
all,People's Red Wolf Gaming,oe:team:9c07a8db250057eb7af3f7522b9a54c,People's Red Wolf Gaming,73,1.0
all,PepePo,oe:team:4d9208e3292bbf1350fdda5d481dcd3,PepePo,7,1.0
all,PepeTinkyWinky,oe:team:184a898435558234ff97bea69b4fe8f,PepeTinkyWinky,5,1.0
all,Percent Esports,oe:team:808802433f8a06e8632de7eaeb2d676,Percent Esports,37,1.0
all,Pertinax Esports,oe:team:178e4603342985e4154647761633799,Pertinax Esports,36,1.0
all,Phelan Gaming,oe:team:bf0c8b283dc9b86d914af061ac30424,Phelan Gaming,45,1.0
all,Phlox Gaming,oe:team:c20f8549c29d0dd0bb92d7aa8028547,Phlox Gaming,58,1.0
all,Phoenix1,oe:team:4eb0013695b2543e1f1a5efe013d978,Phoenix1,160,1.0
all,Phong Vũ Buffalo,oe:team:b24f151e143d152c7cf8be9f13ec015,Phong Vũ Buffalo,110,1.0
all,Piast Gliwice Esports,oe:team:48eeb326e7084ba937fbc1e0d9396c7,Piast Gliwice Esports,20,1.0
all,Ping is the Problem,oe:team:45cca9378d2622cb26d07d2cf549bf6,Ping is the Problem,14,1.0
all,Pirate Dream,oe:team:e3586aa5fa693c32f782331619442a1,Pirate Dream,102,1.0
all,Pirates IDV,oe:team:02f03b46fec3f3a0066dc511ba2fc68,Pirates IDV,17,1.0
all,Pixel Esports Club,oe:team:c6d5aa661b7fc79404111ac75fbdcd4,Pixel Esports Club,101,1.0
all,PlaPro.c58,oe:team:2c73dd4b4e6547f24e2d46acc17dc60,PlaPro.c58,13,1.0
all,Plejehjemmet Kalder,oe:team:7f5fb0bf91044f65546ee0197d24a27,Plejehjemmet Kalder,7,1.0
all,Polar Ace,oe:team:7df78a658a1ca10f6d413c775cf35cd,Polar Ace,43,1.0
all,Polar Squad Esports,oe:team:28bd4f4351e19c337f79665da9d649c,Polar Squad Esports,20,1.0
all,Pompa Team,oe:team:b5ac2d78f427d88ed9666c8d1c9e1d2,7more7 Pompa Team,29,1.0
all,Predators Esports,oe:team:afd3cd4d4c0a7e194f57ffe605f2d0e,Predators Esports,98,1.0
all,Priority,oe:team:502996d9790340c5fd7b86a5b93b1c9,Priority,16,1.0
all,ProGaming Esports,oe:team:aa2a535ded3bc45217af1684a4451c4,ProGaming Esports,125,1.0
all,Prodigy Esports,oe:team:5753d046a1c9282ce2597e81227eba0,Prodigy Esports,47,1.0
all,Project Conquerors,oe:team:ad003d7f74930eeab29a6029c3b9f52,Project Conquerors,160,1.0
all,Project Sinners,oe:team:17b1cb79fe8d299f0eaed063132fdff,Project Sinners,8,1.0
all,Project11,oe:team:51815048971b363597530c6d350a27f,P11 Esports,7,1.0
all,Pulse Star,oe:team:2b5d8344f95980c907bc6d7e7e59777,Pulse Star,63,1.0
all,Purdue University Northwest,oe:team:9e21e206a6c679cf4b28511d9c03455,Purdue University Northwest,9,1.0
all,Pushing Gaming,oe:team:da434e49a9c0160f58d6801620c3559,Pushing Gaming,6,1.0
all,Pyrsos Esports,oe:team:7f558ae3ef0742800bf509957e7a3d8,Pyrsos Esports,81,1.0
all,PÊEK Gaming,oe:team:db4e98d03fec12b08cb7a80b739c446,PÊEK Gaming,141,1.0
all,QG Reapers,oe:team:dea36d562876c9ebf2456f71b55f790,QG Reapers,33,1.0
all,QLASH Forge,oe:team:8bcb5c0aa41c119da58107290671f4d,QLASH Forge,50,1.0
all,QLASH Spain,oe:team:22e85b1589714de8f4aa211025bf1fb,QLASH Spain,83,1.0
all,QT DIG,oe:team:984c3ce601b35d7617ad0bc8570946c,QT DIG∞,51,1.0
all,QTV Gaming,oe:team:ef323f7c8590882faf14dfddd0a0252,QTV Gaming,54,1.0
all,QUT Tigers,oe:team:c4193e1de4cbb3a64553aa2e1d31b57,QUT Tigers,39,1.0
all,Qiao Gu Reapers,oe:team:1664f819c4a19a12d748a78a1ca0d7d,Qiao Gu Reapers,16,1.0
all,Qing Jiu E-sport Club,oe:team:ca3c8e270b623c1ed43ba1d912e23f4,Qing Jiu E-sport Club,68,1.0
all,Qing Niao Yu Xing Game Team,oe:team:9c852b265abe189b62a514ce836b619,QNG Team,33,1.0
all,Quantum Gravity Gaming,oe:team:de19d3e45d96597bc4bb3817d69af07,Quantum Gravity Gaming,4,1.0
all,R-SIXTEAM,oe:team:ef3bf261bc147069cca4a0bd4a6599b,R-SIXTEAM,27,1.0
all,RA'AD,oe:team:6a4c502c27267c22c54b431be11b43f,RA'AD,86,1.0
all,RAGE,oe:team:e4f1fdf037eeaaec0c32772eb6d4d94,RAGE,5,1.0
all,RAMS,oe:team:8cdcd791dbcd3d0cb8fc18d9f9d0a01,RAMS,17,1.0
all,RATE Gaming,oe:team:195cd5e125970a033b3b79e304bf85c,RATE Gaming,9,1.0
all,RATZ,oe:team:d4c26280fdaf9d5282dd54a0e38056f,RATZ,20,1.0
all,RBG Esports,oe:team:cc8dc289276eb43fdc22851ed1b5ec9,RBG Esports,4,1.0
all,RED Academy,oe:team:391e50581a00cea9f06b2d845b4de05,RED Academy,218,1.0
all,RED Canids,oe:team:67169969ecc058b307edfa9c6b7a3c0,RED Canids,534,1.0
all,REDPack Esports,oe:team:314949f363d8e988f61dccc0cd7a121,REDPack Esports,5,1.0
all,REJECT,oe:team:59b228d9fec9b88833bfe5d812ed8ad,REJECT,60,1.0
all,REVERSE Gaming,oe:team:779aaefb139c447bdc6950d89221014,RGA,81,1.0
all,RIFT Esports,oe:team:636ad22c939bc97d743c271a0daa83e,RIFT Esports,15,1.0
all,RMIT Redbacks,oe:team:f48d6969116c71798a9db7a42e63e59,RMIT Redbacks,10,1.0
all,ROG Esport,oe:team:6fa5a72fecb65f4271496fa35ca73be,ROG Esport,38,1.0
all,ROSSMANN Centaurs,oe:team:e46f2dda10740009ffb0c01498dc5ce,ROSSMANN Centaurs,99,1.0
all,ROX Tigers,oe:team:93c730021ff69abdfccc4911a2f666f,ROX Tigers,278,1.0
all,RQS Esports,oe:team:24d4cca360ddad2c3eb478dce8a1a2e,RQS Esports,26,1.0
all,RSC Anderlecht Esports,oe:team:bed2e4c078902a8c2d224b59ea3e28e,RSC Anderlecht Esports,27,1.0
all,Racoon (Italian Team),oe:team:1ea33e423fda711df3254bb510eac95,Racoon,137,1.0
all,Radiance,oe:team:955d9ba35580bdcc7bed3f11736b0f7,Radiance,81,1.0
all,Rainbow Warriors,oe:team:afeca2d124b58ca3538d968b859aa65,Rainbow Warriors,47,1.0
all,Rainbow7,oe:team:2cb996a4b0ffaca3bcf66fe91450243,Movistar R7,253,1.0
all,Raise Gaming,oe:team:3bbdbd086c3b497980f0a8d932d1717,Raise Gaming,57,1.0
all,Raleigh Black Flame,oe:team:aa15ab1242b04fe5178062d343902a9,Raleigh Black Flame,15,1.0
all,Ramboot Club,oe:team:d17ce7a4192b52f8e1daf94c381c75f,Ramboot Club,142,1.0
all,Ramo Awake Gaming,oe:team:ef68c2c368d0cd292339d94c268bd19,Ramo Awake Gaming,67,1.0
all,Rampage,oe:team:a9744fc5b0ca952b17ef07c0aa99602,Rampage,100,1.0
all,Random 5,oe:team:f60c41e54d2d0eaad6159eeb45336b4,Random 5,40,1.0
all,Rare Atom,oe:team:8516ca63facc91286d6c00212ca945e,Rare Atom,344,1.0
all,Rare Atom Period,oe:team:67140a291d66109643b99e9dff2cbc3,Rare Atom Period,317,1.0
all,Rascal Jester,oe:team:16fbfa0b9d8a6aaa7ea303ac6d70669,Rascal Jester,312,1.0
all,Rascal Jester Academy,oe:team:0efbfba0e842adbd975dbebaa4abacb,Rascal Jester Academy,16,1.0
all,Ravioli Ravioli,oe:team:901dbcb5c35166c95ec603ddbf858f7,Ravioli Ravioli,3,1.0
all,Razer Pichau Gaming,oe:team:3cfb5ebe63afedf7c686dd9bb4c277c,Ilha da Macacada Gaming,6,1.0
all,ReDefy Esports,oe:team:e03a60a972926ef947735e1b38b9a9b,ReDefy Esports,23,1.0
all,Rebels Anarchy,oe:team:05e27fbd83768ba717ef966c8824e66,Rebels Anarchy,6,1.0
all,Rebels Gaming,oe:team:60411922d8062ecea0c728af9c876a0,Rebels Gaming,102,1.0
all,Rebirth eSports,oe:team:5c116dedda7feae2f6ffc093f844ac6,Rebirth eSports,356,1.0
all,Red Bulls,oe:team:885eddef5df7c403b631524a951ca60,Red Bulls,22,1.0
all,Red Eye Esports,oe:team:2a7fc0772538d018f713520c5e90ee0,Red Eye Esports,36,1.0
all,Red Rooster Team,oe:team:4e8c9129c779623a9d7c00425e873f9,Red Rooster Team,34,1.0
all,Redemption Arc,oe:team:7a42940d69b1850f89df16fe7218d0a,Redemption Arc,24,1.0
all,Redemption eSports Porto Alegre,oe:team:f7357a7d977599b7742a122a2230cae,Redemption eSports Porto Alegre,100,1.0
all,Reformed Gaming,oe:team:61c8ded0aba830147de246ec1efdbb0,Reformed Gaming,18,1.0
all,Reign (European Team),oe:team:e021476ce48284b328c89031d763a85,Reign,5,1.0
all,Rejects Gaming,oe:team:b136827bb6e2aa53e85960a66f6f6d4,Rejects Gaming,31,1.0
all,Reload eSports,oe:team:c227c1d8bfe654bdc0fe943b45dc7d1,Reload Esports,7,1.0
all,ReluminateGG,oe:team:9c83208cd5fdf2a69ef2b19e8e4b0a4,ReluminateGG,11,1.0
all,Remo Brave e-Sports,oe:team:8943b9a2cd4bdae374d4a0a64c9cf09,Brave e-Sports,17,1.0
all,Renegades,oe:team:7fc9f6b6b4b32b25ac385379af32647,Renegades,22,1.0
all,Renegades: Banditos,oe:team:9a512ef54e608a160c7657aa1b6ec84,Renegades: Banditos,8,1.0
all,Rensga Academy,oe:team:7b914afab59e61931e6d546c93acd0f,Rensga Academy,81,1.0
all,Rensga Esports,oe:team:92ede2510f2ad0234b1dd75f03108ae,Rensga eSports,129,1.0
all,Repre Gold,oe:team:d8d10f89b7b5b3575e975ff5cb59bf4,Repre Gold,10,1.0
all,Resolve,oe:team:05d26e7d7c53744b903ae1f6f8a8c7e,Resolve,71,1.0
all,Resolve Academy,oe:team:5ddbbdc2f72c7dcc7e03be83301394c,Resolve Academy,16,1.0
all,Resolve NA,oe:team:9548eb0ae58f318888c036712da329b,Resolve NA,57,1.0
all,Respawn Esports,oe:team:1e3081dd5c7fccb47f2b0cec82117bd,Respawn Esports,36,1.0
all,Resurgence,oe:team:e2a65fbaf1e4dc9f539e9c7dfa195ad,Resurgence,49,1.0
all,Return of the Middlesticks,oe:team:c085603cf0bc129969f42a3b8d83e80,Return of the Middlesticks,7,1.0
all,Reven Esports,oe:team:4054ca135a8ad4383af9b6bed4fabcf,Reven Esports,13,1.0
all,Revenge eSports,oe:team:c23c193a1bb8ae1ef470ae681db8b73,Revenge eSports,4,1.0
all,Revenger (Chinese Team),oe:team:67fd6872ba50981ffb3481e9abf8a61,Revenger,41,1.0
all,Revival (North American Team),oe:team:a90653c5054faaece9e6462622a1593,Revival,95,1.0
all,Rex Regalis,oe:team:fc33a168b2f014da258c4115e9bff1c,Rex Regalis,7,1.0
all,Rich Gang (Norwegian Team),oe:team:2b20d0fcdb72f7b490eb1dc468136cf,Rich Gang,55,1.0
all,Riddle Esports,oe:team:9eb531c72890b1ae7e50122f0884f37,Riddle Esports,161,1.0
all,Rift Sloths,oe:team:6941c63e43125b02bacb47ff9707814,Rift Sloths,31,1.0
all,Rise Gaming,oe:team:58af275511abd4695afad70410859ef,Rise Gaming,61,1.0
all,Rise Gaming Ignis,oe:team:9cc94323ab0c26101a9c37dd37c2862,Rise Gaming Ignis,28,1.0
all,Rising Star Gaming,oe:team:8c840b4abee1640e81a94537623dc79,Rising Star Gaming,101,1.0
all,Rising SuperStar Gaming,oe:team:3f907847a2567328254a7c414ed90d8,Rising SuperStar Gaming,37,1.0
all,River Plate Gaming,oe:team:0444a233369afe0d17d6b8bafc147a4,River Plate Gaming,163,1.0
all,RoX (2014 CIS Team),oe:team:d00921d1fc09960415443f591cb6160,RoX,196,1.0
all,Robert Morris University Illinois,oe:team:b1204b591832cdd2a02b3da34d94988,Robert Morris University Illinois,11,1.0
all,Rock Bottom Esports,oe:team:a9986d8da91b2157ae330b45ffc81c0,Rock Bottom Esports,13,1.0
all,RockTribeEsports,oe:team:354fe9fa9e8a886b397f591b7f28e63,RockTribeEsports,12,1.0
all,Rogue (European Team),oe:team:cd62e47544f14f1d239afa659b9d243,Rogue,329,1.0
all,Rogue Esports Club,oe:team:1fa8035bcf1ab3abbbfd0eecfea8958,Rogue Esports Club,62,1.0
all,Rogue Warriors,oe:team:746be9a4c3793ab321bba257c450864,Rogue Warriors,376,1.0
all,Rogue Warriors Shark,oe:team:608e3f723c2e599fda1b4237e8dea8f,Rogue Warriors Shark,326,1.0
all,Romulea eSport,oe:team:49ab43c1250170a36a0d3dc3fbbf2e2,Romulea eSport,20,1.0
all,Royal Bandits,oe:team:9a09ff82bcddf9b01cb51081074c0ae,Royal Bandits,80,1.0
all,Royal Club,oe:team:5e97f293e9986969e0abb397228dd6f,Royal Club,724,1.0
all,Royal Never Give Up,oe:team:73f3126d91d35faa5d5ce34abadb865,Royal Never Give Up,1100,1.0
all,Royal Youth,oe:team:1fcd541d3a51d70860c46eaae858ba8,Royal Youth,102,1.0
all,Royal Youth Academy,oe:team:e16e08020a1c1f4b5e15b794a4e7ea3,Royal Youth Academy,71,1.0
all,Ruddy Corporation,oe:team:b1db6fe70c0141676d7a2e2660bd869,Ruddy Corporation,7,1.0
all,Ruddy Esports,oe:team:b1db6fe70c0141676d7a2e2660bd869,Ruddy Corporation,112,1.0
all,Rulers Esports,oe:team:7b8716b2844c07fe1a6d7ce84919276,Rulers Esports,25,1.0
all,RunAway,oe:team:3458023b7fd22a703b1813dc0163762,RunAway,40,1.0
all,Ruzeh Esports,oe:team:0e3665fcd81e2bfb5f4db58d32e4657,Ruzeh Esports,10,1.0
all,S2V Esports,oe:team:c1db99dba74a3a144f637b616c9f4f7,S2V Esports,114,1.0
all,S2V Esports Academy,oe:team:c14015eb860f145768d4368ba5c6349,S2V Esports Academy,42,1.0
all,SAIM SE,oe:team:efffad611f754b23229bc78d12a18a2,ŠAIM SE,20,1.0
all,SAIM SE SuppUp,oe:team:7ed86843d30c4d421da2669be889336,ŠAIM SE SuppUp,21,1.0
all,SAMCLAN Esports Club,oe:team:c9c39ac4c61b8281f7107deb9e3a587,SAMCLAN Esports Club,95,1.0
all,SANDBOX Gaming,oe:team:c75f1f337fc5867914749d438a4871d,Liiv SANDBOX,201,1.0
all,SANDBOX Gaming Academy,oe:team:f028b03d55190de2e3db0332acb61c3,Liiv SANDBOX Academy,25,1.0
all,SAW (Portuguese Team),oe:team:a8a0eef53287f2902287c62a06cabd1,SAW,22,1.0
all,SBENU Korea,oe:team:14b278a98a1b9727523f77e7d6c759e,SBENU Korea,29,1.0
all,SBENU Sonicboom,oe:team:14b278a98a1b9727523f77e7d6c759e,SBENU Korea,49,1.0
all,SBTC Esports,oe:team:31df330ccc0f1b3b521959a24288ac4,SBTC Esports,196,1.0
all,SCARZ,oe:team:120458344421ad48ba0be59fbe15dd1,SCARZ,39,1.0
all,SCARZ Burning Core,oe:team:0c8c7ae7026874903b3d5407b112e8e,SCARZ Burning Core,14,1.0
all,SDM Tigres,oe:team:804b7284c54110d826f11a5a521ab69,SDM Tigres,38,1.0
all,SEM9,oe:team:5e3055ed3b815352627fec92727dfe6,SEM9,36,1.0
all,SEM9 WPE,oe:team:8d4bd0816b76bc1a855963d34c13aaa,SEM9 WPE,18,1.0
all,SHEINOO,oe:team:c80b36851e005bcee841f7d7a7c1a66,SHEINOO,71,1.0
all,SINNERS Esports,oe:team:9a3327bd6c9a07e61350e24d97419fa,SINNERS Esports,193,1.0
all,SINS Esports,oe:team:a288f7a515a6cc02f21acdb9b593cf2,SINS Esports,12,1.0
all,SK Gaming,oe:team:75760dca486d4682426196b76bd1a54,SK Gaming,317,1.0
all,SK Gaming Prime,oe:team:aa8c3b781d96ddb7a24ab3240918988,SK Gaming Prime,343,1.0
all,SK Telecom T1,oe:team:3354e252e33ed55fd8fa14595ca1564,SK Telecom T1,602,1.0
all,SN CyberCore Esports,oe:team:4d7210b1c06aa728a46dc1aa2544830,SN CyberCore Esports,20,1.0
all,SNOOZE Esports,oe:team:d0cd5a00349efaf7a3b8df54e1357e2,SNOOZE Esports,50,1.0
all,SOVEJA,oe:team:a0a78d5a95671aea7ba8c46f24cd33e,SOVEJA,14,1.0
all,SPGeSports,oe:team:6042dfd171ec855f1069300f12a3077,SPGeSports,5,1.0
all,SPIKE Syndicate,oe:team:21903b00a2d96c19ca87cb0e4b28527,SPIKE Syndicate,127,1.0
all,SQUARE (Korean Team),oe:team:12dec4e1f7ec620651b2b95c440ffac,SQUARE,22,1.0
all,STOPWATCH eSports (Czech Team),oe:team:0cca6f834d9b13e58facbfe117a4fce,STOPWATCH eSports,57,1.0
all,STXP,oe:team:af43fc33034ccf6681e473fe3544f96,STXP,3,1.0
all,Saigon Buffalo,oe:team:8e27b674a472ab529e758f13f0bace0,Saigon Buffalo,317,1.0
all,Saigon Dino,oe:team:b5e47225b5e13f4d8fc673c8ade41fb,Saigon Dino,51,1.0
all,Saigon Jokers,oe:team:c509b8c47b3761cbc2c790b576d0eb6,Saigon Jokers,34,1.0
all,Saigon Secret,oe:team:b58f7f4a97ead24b49916205613b557,Saigon Secret,37,1.0
all,Saint Gaming,oe:team:8ae3b1b7a8c9ef4336dc391318a2c6b,Saint Gaming,100,1.0
all,Saint Louis University,oe:team:f32bc8a601cde2e7989f7045b766456,Saint Louis University,12,1.0
all,Samsung Galaxy,oe:team:3b84bb916852d07609c83d1ce91c1a9,Samsung Galaxy,285,1.0
all,Samsung Morning Stars,oe:team:9efc9069228bc0817c7a9bac775daa7,Samsung Morning Stars,177,1.0
all,SanHe Gaming,oe:team:26ffec0fda09c861a2a3828867f7c2d,SanHe Gaming,30,1.0
all,Santiago Wanderers eSports,oe:team:71cc230a7d2155dd4958f3de7ad40bb,Santiago Wanderers eSports,124,1.0
all,Santos Dexterity,oe:team:a5b345b357701f1ae4ca1cef4c8fe52,Santos Dexterity,3,1.0
all,Santos e-Sports,oe:team:6ce440e4a70cb66fe47b84deb9e068c,Santos e-Sports,42,1.0
all,Saprissa Esports,oe:team:1f75fda1d2b3b7aea236e4fd8a5dd4c,Saprissa Esports,85,1.0
all,Satori,oe:team:701cc9a49e30d35bebb81fbafc3c9be,Satori,13,1.0
all,Savage (Latin American Team),oe:team:493ebd2097eb7f5cd5d2cbec7f53a06,Savage,64,1.0
all,Saving OCE,oe:team:ebc9eb627be881661502ce98e356359,Saving OCE,4,1.0
all,Scorpio Game,oe:team:4b2481a930580adc0bb83b582586934,Scorpio Game,156,1.0
all,Scouting4ProScene,oe:team:b6c77dc4935906a5dfe138090f15890,Scouting4ProScene,20,1.0
all,SeaDoggos,oe:team:84d208915088885cfba993570949df6,SeaDoggos,10,1.0
all,Sector 7,oe:team:59ec31a2da0d4d53a4ad01d2b0b31fa,Sector 7,10,1.0
all,Sector One,oe:team:22cc1ec02bc49515b9e4a5f6318149a,Sector One,147,1.0
all,Sector One Fox,oe:team:7ac987e3cb5774be7c2d57f3a902d9b,Sector One Fox,3,1.0
all,Sengoku Gaming,oe:team:984c3ce601b35d7617ad0bc8570946c,QT DIG∞,335,1.0
all,Sengoku Gaming Academy,oe:team:e03a850dd5c4b5029e75de77a2afb98,Sengoku Gaming Academy,70,1.0
all,Sengoku Gaming Legends,oe:team:984c3ce601b35d7617ad0bc8570946c,QT DIG∞,14,1.0
all,Senshi Esports Club,oe:team:c43ee08b2e8d090cd2bbc1aee0cd2ba,Senshi Esports Club,11,1.0
all,Senshi eSports (Benelux Team),oe:team:9b09acb83880c52f76efbb9b6d17c2d,Senshi eSports,78,1.0
all,Sentinels ESC,oe:team:f16bc42ce90f52133028907c5b9c5bd,Sentinels ESC,9,1.0
all,SeolHaeOne Prince,oe:team:c228d8939c704a1d5ac0e3d49477cc4,SeolHaeOne Prince,41,1.0
all,Seorabeol Gaming,oe:team:73ebe8c6bb0621f090da33008832d1d,Seorabeol Gaming,43,1.0
all,Seven Dark,oe:team:2ab090cf81f9367248a25ca61a1568a,Seven Dark,30,1.0
all,Shadow Battlica,oe:team:78d4e0721edab44889b93d1a9faf9cb,Shadow Battlica,39,1.0
all,Shadow Cream,oe:team:5bdae2e4b1f59b7a0d419c388f56036,Shadow Cream,83,1.0
all,Shadow EK,oe:team:34b127df58a2c8b9b072cea604c4932,Shadow EK,42,1.0
all,Shadow fOu,oe:team:6829e554d78eac8d403444754b60621,Shadow fOu,28,1.0
all,Sheng Jie Gaming,oe:team:14df65afe42f4703832beda2efeba28,Sheng Jie Gaming,33,1.0
all,Shopify Rebellion,oe:team:b360f1d729b0a8e0f29a5243c4200fa,Shopify Rebellion,93,1.0
all,Shu Dai Xiong Gaming,oe:team:7f60009d2aa9ce24f05deec2010a33f,Shu Dai Xiong Gaming,423,1.0
all,Si Yi Xuan E-Sport,oe:team:7d8c130d2b311b6293873cbfd58c561,Si Yi Xuan E-Sport,69,1.0
all,Sicar Esports,oe:team:2facdac25fac9b0db3b80bf3a089e88,Sicar Esports,39,1.0
all,Sign Us Please,oe:team:2821021a236f205783e02a657158e0b,Sign Us Please,11,1.0
all,Silent Storm Esports,oe:team:bfafe5bf7e0d1e10487b866e11bc421,Silent Storm Esports,10,1.0
all,Silver Crows,oe:team:a0c225ada0851e721976c70ca16dac6,Silver Crows,37,1.0
all,Simplicity Esports,oe:team:5dea096f07a86312fd9dce9eee5acfa,Simplicity Esports,7,1.0
all,Sin Academy,oe:team:b26e8f9cc0de55d879683b6f58a15f1,Sin Academy,24,1.0
all,Sin Gaming,oe:team:7aebbd262ba4e37525795a0e0846ca0,Sin Gaming,155,1.0
all,Sinisters,oe:team:35a8556d92988fd1af626af63146983,Sinisters,14,1.0
all,SinoDragon Gaming,oe:team:cd62fe7f473afa37527d2d15e9565cd,SinoDragon Gaming,131,1.0
all,SinoDragon Prince,oe:team:237bdad69af2aa4bfd669ae26456cd1,SinoDragon Prince,35,1.0
all,Six Karma,oe:team:3d3456d514814ba68c9532044bc50e2,Six Karma,195,1.0
all,Skillcamp,oe:team:b659295189ec2ddd1a30e39fd3a0bd8,Skillcamp,52,1.0
all,Skull Cracker,oe:team:43ced4959bb9855f62e450057a03496,Skull Cracker,52,1.0
all,Sky Gaming,oe:team:948e3c29c3d34294bdbc08ca06ec0bd,Sky Gaming,45,1.0
all,Slaughter House,oe:team:72dbb628b62f86001cfab61bc031f76,Slaughter House,15,1.0
all,Smash It Down,oe:team:ee05009669039fc7ccbec84adc29566,Smash It Down,10,1.0
all,Snake Esports,oe:team:c1dea751bdd62128fe179344fceb5b2,Snake Esports,278,1.0
all,Snake WuDu,oe:team:9eb54fd65f627fbe91f9452fee87632,Snake WuDu,40,1.0
all,Snowman Slammers,oe:team:a26e2e9c07c2a3dde0c711a406fa20c,Snowman Slammers,16,1.0
all,SolaFide Esports,oe:team:e4a4cd8b5d8bf287ee99b842e5b621f,SolaFide Esports,55,1.0
all,Solary,oe:team:90938c428db11f6e372f5c6833b9743,Solary,300,1.0
all,Soul's Heart Esport,oe:team:eeffdb07120d60e9780e6a9e74ebe0f,Soul's Heart Esport,5,1.0
all,Sovereign,oe:team:88d38b09586ab039ce64838aa57cd84,Sovereign,10,1.0
all,Spear Gaming,oe:team:0ce92abf77546dafee13c1c3f37c25e,Spear Gaming,116,1.0
all,Spectacled Bears,oe:team:9aa855d087642f20ad7e3a7ae5c8251,Spectacled Bears,112,1.0
all,Spinebusters E-Sport,oe:team:f6433b0a2d314da7847b34aa70e38df,Spinebusters E-Sport,7,1.0
all,Spirit Quartz Gaming,oe:team:3f8b5fec0ab9c72e3b734922cb5b9d2,Spirit Quartz Gaming,34,1.0
all,Spirituals,oe:team:c0a92e1f459a41706f1957f888cd182,Spirituals,55,1.0
all,Split Raiders,oe:team:816fd66f05f2069179b4c7f6a32fcdb,Split Raiders,107,1.0
all,Splyce,oe:team:3413ca4510110b5181f3e4b24d52719,Splyce,319,1.0
all,Splyce Vipers,oe:team:2362f7eb0a254f874a322769e206a01,Splyce Vipers,35,1.0
all,Sport Boys Association,oe:team:85cb0853a7598ed4d820f5381312634,Sport Boys Association,5,1.0
all,Sprout (German Team),oe:team:22d1a6ffc0fa291465b2fa0ece24b75,Sprout,15,1.0
all,St. Clair College,oe:team:67f88609cfb6ca6b201ae9a808c0e6f,St. Clair College,5,1.0
all,Star Horn Royal Club,oe:team:5e97f293e9986969e0abb397228dd6f,Royal Club,61,1.0
all,Stardust (Korean Team),oe:team:154210b19b5b63e6ca6145fe9917904,Stardust,50,1.0
all,Starlan Gaming Club,oe:team:b6389008090f914e012316f50c2aec8,Starlan Gaming Club,44,1.0
all,Starlan Gaming Club Academy,oe:team:abb2f3f7048c034414f1f75372a672f,Starlan Gaming Club Academy,28,1.0
all,Stellae Gaming,oe:team:5c83cdc1ed8710fd35b1f344ad10a79,Stellae Gaming,46,1.0
all,Stone Movistar,oe:team:c4e1d023cf4809fe9847af6eca0d26b,Stone Movistar,101,1.0
all,StormMedia Fajnie Mieć Skład,oe:team:b2834fcfe9befb84ccdf46cb07fd73d,StormMedia Fajnie Mieć Skład,47,1.0
all,Stormbringers,oe:team:b469fd5f0912d223dd70c3bbb5ddcb9,Stormbringers,87,1.0
all,Striking Vipers,oe:team:f4f16779039b02d87dbaae150f0723f,Striking Vipers,38,1.0
all,Striking Vipers Champions,oe:team:15842ce075edd560e96177e2919be83,Striking Vipers Champions,18,1.0
all,Striking Vipers Maestros,oe:team:3dcde0a1aaf93724e1ba79cad2b698e,Striking Vipers Maestros,13,1.0
all,Submarino Stars,oe:team:0be4da26bf3e925132f60c3d537fdab,Submarino Stars,10,1.0
all,SunSister ReUnion,oe:team:ad15034033556001441137e8cab957d,SunSister ReUnion,22,1.0
all,Suning,oe:team:8d47748b0e2a0ac34c90891889805a8,Suning,524,1.0
all,Suning-S,oe:team:31b35dcae7e5d01be2e407b0abe6a23,Suning-S,345,1.0
all,Supay Gaming,oe:team:d3959141423413e4590414afc16b1f6,Supay Gaming,9,1.0
all,Super Nova Sentinels,oe:team:89ed24eb5dec9bd396c48c780673cd7,Super Nova Sentinels,8,1.0
all,Super Sunshine Fruit Basket Warriors,oe:team:f85f96a7979a43af6e1b26bd96df8a9,Super Sunshine Fruit Basket Warriors,24,1.0
all,SuperMassive Academy,oe:team:437a2fa4639d8cb1677176861d69260,SuperMassive Academy,102,1.0
all,SuperMassive Blaze,oe:team:0f1c217161a1486fff3abf544df2986,SuperMassive Blaze,65,1.0
all,SuperMassive Blaze Academy,oe:team:b4923557f98ba20d401bcaf6c01b4aa,SuperMassive Blaze Academy,70,1.0
all,SuperMassive Esports,oe:team:5203ff881d5c82c5f720eb3a2f3b44c,Papara SuperMassive,326,1.0
all,SuperMassive TNG,oe:team:b867a40fb93da6e032034f570785949,SuperMassive TNG,12,1.0
all,Supernova,oe:team:8776b7033f1bc10634e50d90f861c1d,Supernova,447,1.0
all,SuppUp eSports,oe:team:7ed86843d30c4d421da2669be889336,ŠAIM SE SuppUp,26,1.0
all,Synthetic Esports,oe:team:62c159a40da42fbccda2555996c3946,Synthetic Esports,12,1.0
all,Szata Maga,oe:team:882489a21810ca2d45a4fcddb00d6ec,Szata Maga,37,1.0
all,Szaty Bobra,oe:team:a0eb0573dbdb2b6f0fe2a0c40559ef3,Szaty Bobra,10,1.0
all,Szef 6,oe:team:b45f5c5398ab0870ea8b2fef769d977,Szef+6,5,1.0
all,T Show,oe:team:5984d6ffbed283b363cf996cacff642,T Show,48,1.0
all,T.Bear Gaming,oe:team:ba3a80e4a7bc541ccedf373c5b896cd,T.Bear Gaming,30,1.0
all,T1,oe:team:ce499dea30cfce118f4fe85da0227e8,T1,933,1.0
all,T1 Challengers,oe:team:731b7a9fd004cdbe2bcb3da795bce47,T1 Esports Academy,193,1.0
all,T1 Esports Academy,oe:team:731b7a9fd004cdbe2bcb3da795bce47,T1 Esports Academy,293,1.0
all,T1 Esports Academy Rookies,oe:team:32cd49a197bd08d99b16fe354e1f758,T1 Esports Academy Rookies,163,1.0
all,T1 Rookies,oe:team:32cd49a197bd08d99b16fe354e1f758,T1 Esports Academy Rookies,159,1.0
all,TALON (Hong Kong Team),oe:team:4880b157399745e82e26e229d8bbf48,PSG Talon,113,1.0
all,TALON Academy,oe:team:7c1df37eb66c8c498b823787634c4bc,PSG Talon Academy,52,1.0
all,TBA (North American Team),oe:team:33882d595cdafd472dc1ded1b7ee10b,TBA,28,1.0
all,TDC Esports,oe:team:f44643241cfd17320bf6320016fd4dc,TDC Esports,25,1.0
all,TEAM ORANGE,oe:team:291b1ecd389e1a53742e4e652a4c02f,TEAM ORANGE,52,1.0
all,TEAM4NOT.OCE,oe:team:ab717ab35c38578031d681a7305e25a,TEAM4NOT,15,1.0
all,TES (Hong Kong Team),oe:team:77f6ca7cd828cae45d030c2d70cc5ff,TES,21,1.0
all,TM Gaming,oe:team:439e4e85c9c426a80587a334dc9c2e9,TM Gaming,28,1.0
all,TNU Eagle,oe:team:9114fb0f268de0d260acfef5fd97ef6,TNU Eagle (東南飛鷹),44,1.0
all,TOOOLS esports,oe:team:eec28291806422c00c2cbe3a75f7de2,TOOOLS esports,22,1.0
all,TSM,oe:team:a22510a4756fa424cb0771b13261139,TSM,627,1.0
all,TSM Academy,oe:team:b2840811ed80a85fcf6f023d4b73f8d,TSM Academy,321,1.0
all,TSM Amateur,oe:team:279a86f948fa264006bc8f4e67e5f93,TSM Amateur,37,1.0
all,TSM Challengers,oe:team:f51b1895a789e5fd883a0df8acaa4d0,TSM Challengers,37,1.0
all,TT willhaben,oe:team:77fc49e1f3cf3ab3814b897f2b61cd6,TT willhaben,24,1.0
all,TWELVE,oe:team:afa484dd1dde6e199432ed3535863d5,TWELVE,142,1.0
all,Taco Gaming,oe:team:5e1b75330088d864dcd0c2cef261890,Taco Gaming,78,1.0
all,Tainted Minds,oe:team:d61f857fa7a7d8ea4f0d453526373f7,Tainted Minds,57,1.0
all,Tainted Minds Blue,oe:team:5485dcb916189fac2d4ef41fdd90a1e,Tainted Minds Blue,4,1.0
all,Taipei Assassins,oe:team:cda8735d6cec0a3e7a2676682d66953,Taipei Assassins,33,1.0
all,Taipei Berserkers,oe:team:967043d5ddfbbf373eb3c3954387564,Taipei Berserkers,4,1.0
all,Taipei Bravo,oe:team:8e382814490769ecbef51dc2e824773,Taipei Bravo,20,1.0
all,Tan Chi Sa Gaming,oe:team:e85b277c0a485ba7d3daf63b76580d2,Tan Chi Sa Gaming,29,1.0
all,Tan'i eSports,oe:team:8c3a7c804b6606ebd0684ca41204759,Tan'i eSports,15,1.0
all,Tan'i eSports CZ,oe:team:a1f7a79516b418bae38cd4d5b46903e,Tan'i eSports CZ,58,1.0
all,Taurus Esports,oe:team:26a71672e8a167cb76a4d3c53814920,Taurus Esports,21,1.0
all,Team 7AM,oe:team:fc3d0bdc84e08efc1b6623448e64c15,Team 7AM,149,1.0
all,Team 7AM Academy,oe:team:5282afc4205757c0e2a5d607c948d5c,Team 7AM Academy,19,1.0
all,Team AURORA,oe:team:ce02eb63c33525b64c0734c872d64cd,Team AURORA,363,1.0
all,Team AURORA Academy,oe:team:ec79d991a7dd0150a5f4b447c0ab1f4,Team AURORA Academy,161,1.0
all,Team Afro,oe:team:fc1bd99623705778dfcd456fa72e882,Team Afro,71,1.0
all,Team Ambition,oe:team:51eb4ab719043c7abdfca6fdddd1c5c,Team Ambition,94,1.0
all,Team Ambition Blaze,oe:team:f58b735b924142c30448bec482ec523,Team Amibition Blaze,5,1.0
all,Team Ambition Red,oe:team:593d4fdeb992980e2e3860717e33e66,Team Ambition Red,9,1.0
all,Team Ambition Sussy,oe:team:25d1db96f2b7d3a30e4a12329939220,Team Ambition Sussy,5,1.0
all,Team Amelia,oe:team:e6f0665e93b6c71463ded6de6a9dff6,Team Amelia,4,1.0
all,Team Anomaly Breaker,oe:team:419bc1080bea0fa43f9923125b79103,Team Anomaly Breaker,6,1.0
all,Team Atlantis,oe:team:7b9e20d6e9a96efac45522f9a7b8a12,Team Atlantis,8,1.0
all,Team Axelent69,oe:team:038e2d1dec645ae39a75e37b94234a1,Team Axelent69,8,1.0
all,Team Aze,oe:team:0a9aa50beea19fcbc6b939fe6b94f08,Team Aze,200,1.0
all,Team BDS,oe:team:7338408a0fe0217451d2c9a567db999,Team BDS,309,1.0
all,Team BDS Academy,oe:team:9adc852fe2e027c5e4abd53ae8915ff,Team BDS Academy,289,0.986159169550173
all,Team BattleComics,oe:team:6f30f03d10ff80e0355187c6d7c6be4,Team BattleComics,168,1.0
all,Team BearMax,oe:team:d6bba391a1129002440759541df27e0,DRX Academy,5,1.0
all,Team Black (Dutch Team),oe:team:8eced35dbf4b2e1fc9f73d2ce972ce5,Team Black,9,1.0
all,Team BlackEye,oe:team:c1b5d2c3a85ded7cc01056828f1ce89,Team BlackEye,35,1.0
all,Team Bliss,oe:team:0b27fc98592297c4441bce44760a642,Team Bliss,120,1.0
all,Team Brickz,oe:team:f2c96c44d1212aa70fcb30a764db73b,Team Brickz,8,1.0
all,Team Cappadocia,oe:team:8b83746d117ad44d17b689eab7cbc0e,Team Cappadocia,33,1.0
all,Team Clarity,oe:team:10b48447bc74f36daefaf538256e696,Team Clarity,29,1.0
all,Team Cloud Drake (NASG Team),oe:team:f6fd2177acca4512dc0b8abbe67351a,Team Cloud Drake,75,1.0
all,Team Coachify,oe:team:005064b6157615d237ba20bcffe00f5,Team Coachify,13,1.0
all,Team DeftFox,oe:team:41b7b299a5a6edd09082b7a7253ac6e,Team DeftFox,15,1.0
all,Team Differential,oe:team:7451f7cb524834f5b06c6da2ad7adc3,Team Differential,17,1.0
all,Team Dragon Knights,oe:team:9258ebe3b68150d21add891da1b6ca9,Team Dragon Knights,27,1.0
all,Team Du Sud,oe:team:1dc6411295a36bd29c29b1096ba859d,Team du Sud,129,1.0
all,Team Dynamics,oe:team:3f0da22a1e50a49e14e7e54bd90206f,Team Dynamics,130,1.0
all,Team Dynamics Academy,oe:team:adefd7d85fbbac120d5a3d411dbae3c,Team Dynamics Academy,24,1.0
all,Team E Turner,oe:team:feb2b2b123198afc6beb8181a4ad4d8,Team E Turner,7,1.0
all,Team ESCA Gaming,oe:team:1158ec5b08f516ca81868bc48293989,Team ESCA Gaming,156,1.0
all,Team Echo Zulu,oe:team:ea6aaa4a7803a05fef1377dbedb3786,Team Echo Zulu,91,1.0
all,Team Echo Zulu Tribe,oe:team:6f61abe84654a499297eb91643581ae,Team Echo Zulu Tribe,28,1.0
all,Team Empire,oe:team:169482d39d38b4aeff05db79208759f,Team Empire,56,1.0
all,Team EnVyUs,oe:team:bfc5cbabbc2029df065de9bfd67410c,Team EnVyUs,162,1.0
all,Team Evermeet,oe:team:e0d615e241b3741ff62ddd5be08c722,Team Evermeet,22,1.0
all,Team Exile5,oe:team:cbbafed5c0ebf092e70ef9821426b2f,Team Exile5,46,1.0
all,Team Fighter,oe:team:d5258d543c6a4a8e0996193f99ccede,Team Fighter,129,1.0
all,Team Fish Taco,oe:team:01a3132448697cecc30364f52173670,Team Fish Taco,147,1.0
all,Team Flash.Vietnam,oe:team:9bcc3882a74d7ec2b66f7067ba31bc3,Team Flash,440,1.0
all,Team Flux,oe:team:158e31c37dbe9830ecca9741528f948,Team Flux,4,1.0
all,Team Forge,oe:team:fb999a0470494c0967ddc6b7121f54c,Team Forge,47,1.0
all,Team Fracture,oe:team:9d077b7dd546c066fbfc0a56d4dadcc,Team Fracture,5,1.0
all,Team Front,oe:team:b95c7d26800fbb3b5bd1965c2eddc13,Team Front,14,1.0
all,Team Frostbite,oe:team:d846b19a0131d2b0c3e931f2d4e9f14,Team Frostbite,3,1.0
all,Team GMask,oe:team:c0ef3d9a9da956711db67cce9abe4a8,Team GMask,12,1.0
all,Team GO,oe:team:8d538207b9de9d20e1a525aae593515,Team GO,247,1.0
all,Team Gates,oe:team:144fd27a5b974d216d3e2dd26283bb5,Team Gates,10,1.0
all,Team Genesis,oe:team:61587debb28ffdd2de34cf953cd94d7,Team Genesis,4,1.0
all,Team Heretics,oe:team:1285e1c04d54de96502f12da4d49458,Team Heretics,222,1.0
all,Team Heretics Academy,oe:team:2dfc66b98002c5afad2a98dbf86e350,Team Heretics Academy,271,1.0
all,Team Hurricane,oe:team:a7bae5ae93d535e22b517b6b53d2006,Team Hurricane,52,1.0
all,Team Impulse,oe:team:ae0cec6dc617eba9801ec9939d1c18c,Team Impulse,23,1.0
all,Team Infamous,oe:team:d06e44d315e9885e416867447358542,Team Infamous,37,1.0
all,Team Infernal Drake (NASG Team),oe:team:858117e8241051433bcfacf5fdac547,Team Infernal Drake,78,1.0
all,Team Insidious,oe:team:9bd7ce113c5d4ff95b1c75205356a3f,Team Insidious,71,1.0
all,Team Just,oe:team:4a81ab52f81b6819837a7f0439f684a,Team Just,90,1.0
all,Team Just Alpha,oe:team:d43a0921a6e4fcd44ff8ed919480a7b,Team Just Alpha,38,1.0
all,Team Just Challenger,oe:team:a0c61d7b8ea9386318c01e0d5204a54,Team Just Challenger,7,1.0
all,Team Just Ice,oe:team:d1df3657e00e792cf0c4cf2aab478a6,Team Just Ice,25,1.0
all,Team Kinguin,oe:team:92e22c0b203c93b7d25c3a07b68575c,devils.one inStreamly,22,1.0
all,Team KungFu,oe:team:11ebb3b1152f4086e0bb3345fb91ee4,Team KungFu,24,1.0
all,Team Legion (Greek Team),oe:team:f52cb05bb2f6d4003d6412f8e60a0d2,Team Legion,6,1.0
all,Team Liquid,oe:team:8eb884e168f28402ce685bedebb5250,Team Liquid,836,1.0
all,Team Liquid Academy,oe:team:3406c21f701022dbe9d9bf397b41465,Team Liquid Academy,380,1.0
all,Team Liquid Challengers,oe:team:aeb3be196652186472d8f244ee9ef0a,Team Liquid Challengers,158,1.0
all,Team Liquid First,oe:team:3e4d288f8db8d89105f516d3e2665a2,Team Liquid First,42,1.0
all,Team MCES,oe:team:6e14f9bf67e6e4000df4d600ad43bfa,Team MCES,182,1.0
all,Team MCES Academy,oe:team:07de50aa2d5a5cc1855309ea3eea1ac,Team MCES Academy,6,1.0
all,Team Manila Eagles,oe:team:197be2494181ca61af31737a390e397,Team Manila Eagles,14,1.0
all,Team Meliora,oe:team:6ec5a2c4ca3b81f6c486a6f0e7fc54d,Team Meliora,23,1.0
all,Team Mentality,oe:team:20ac802b980b4a0e33e933f3a5f9505,Team Mentality,7,1.0
all,Team Mist,oe:team:2b3458d31ba7b76ce1e872c71294ed1,Team Mist,32,1.0
all,Team Moops,oe:team:551f75a0b41dd5e9c9d068562434a86,Team Moops,20,1.0
all,Team Mountain Drake (NASG Team),oe:team:ea7f5b6d73556e1148c7bb8ae123d4d,Team Mountain Drake,81,1.0
all,Team Mythic,oe:team:6e8a61d49c812c30858c7582d30db33,Team Mythic,8,1.0
all,Team Nerotec,oe:team:d5465e862dc30f6b659b2e4965a9f0a,Team Nerotec,14,1.0
all,Team Ocean Drake (NASG Team),oe:team:9f837e0b7d5a822babf09cc081b7622,Team Ocean Drake,78,1.0
all,Team Omniscius H,oe:team:7f6c8333ca229185d5795c01489cdb6,Team Omniscius H,3,1.0
all,Team Oplon,oe:team:a17419c119598748edfc4c00e060572,Team Oplon,69,1.0
all,Team Orora,oe:team:fcfe169f63d7580c18c9c55bffe478c,Team Orora,8,1.0
all,Team Paradox,oe:team:efc08f072a9536658366e05509720b3,The ParadOx Invaders,73,1.0
all,Team Pending,oe:team:2cdf83c2f75fed75c2c693ee85c81e2,Team Pending,31,1.0
all,Team Phantasma,oe:team:75a4d34e4afac036d164b0f1a580486,Team Phantasma,373,1.0
all,Team Pinnacle,oe:team:f5ae665c5b772f9c081b30593177b9d,Team Pinnacle,217,1.0
all,Team Plink,oe:team:127cb9411cd6e3788e2a4193a6e8850,Team Plink,5,1.0
all,Team QLASH Academy,oe:team:dc42a41e785824e6e40b27f4043c2e3,Team QLASH Academy,13,1.0
all,Team Queso,oe:team:65ef83f1c6a889cdc68ff12943c9f45,Team Queso,102,1.0
all,Team ROCCAT,oe:team:907351811cc0343ae5746cd2c75549d,Team ROCCAT,170,1.0
all,Team Rapid,oe:team:bdda8f7333978ef80dd676e054a009c,Team Rapid,16,1.0
all,Team Refuse,oe:team:d932b52fb3a9d5fad174728a969ee14,Team Refuse,266,1.0
all,Team Regicide,oe:team:023ba1e4767910cd55b399cf9094b15,Team Regicide,41,1.0
all,Team Rigel,oe:team:95786f2a93617fcde81ed16ee15f5bb,Team Rigel,9,1.0
all,Team Sampi,oe:team:c9c57deef5fcd4cd734181f121c9ee8,Team Sampi,123,1.0
all,Team Secret (Vietnamese Team),oe:team:ee140e8e9d6abd0bfd2b7bc94639d43,Team Secret,377,1.0
all,Team Secret (Vietnamese Team) Academy,oe:team:a6339afa00dc3a4377341abaab42c8a,Team Secret Academy,6,1.0
all,Team Secret Whales,oe:team:740de582f50775c516c77ed7b923fd5,Team Secret Whales,78,1.0
all,Team Singularity,oe:team:b7f246aa375086484bc9e7469ab3b0c,Team Singularity,128,1.0
all,Team Spirit,oe:team:600b76b49b52ddab1ef5f9f9ca4a657,Team Spirit,4,1.0
all,Team THRLL,oe:team:6b4e04b5498281cfb61ef8955023ad9,Team THRLL,57,1.0
all,Team THRLL Academy,oe:team:d2ae1a42c10d8ff649b4f32f13e6468,Team THRLL Academy,43,1.0
all,Team THRLL Academy Twente,oe:team:d2ae1a42c10d8ff649b4f32f13e6468,Team THRLL Academy,22,1.0
all,Team Tony Top,oe:team:747118bb5b7c9205440e3d565a5f89f,Team Tony Top,7,1.0
all,Team Turquality,oe:team:c33c60aabef5b74d45d8c5750d74da5,Team Turquality,79,1.0
all,Team UNiTY,oe:team:6e322bda09963acbe90845ce95e76f4,Team UNiTY,173,1.0
all,Team Universe,oe:team:199c31b0e7e7a1940be7eb7e4aa53ec,Team Universe,46,1.0
all,Team Valiant,oe:team:71bd93fd1eab2c2f4ba60305ecabce2,Team Valiant,46,1.0
all,Team Vitality,oe:team:e8d8ae992fe72acb7adc7bfcee31dbb,Team Vitality,499,1.0
all,Team WE,oe:team:62c1cd9465dc63824593ee5046f5aa8,Team WE,977,1.0
all,Team WE Academy,oe:team:85bf857a01b615a257739e34d9f0720,Team WE Academy,510,1.0
all,Team WE Future,oe:team:811548fd73c60743b29eed0e5f73720,Team WE Future,17,1.0
all,Team Whales,oe:team:407a64574852482edb8c1560eab637c,Team Whales,228,1.0
all,Team Yetti,oe:team:a8c8d7ddcc650370a3efd256810ea64,Team Yetti,7,1.0
all,Team Zoose,oe:team:955313528df0835dd06b61b9eb2aa0f,Team Zoose,3,1.0
all,Team oNe eSports,oe:team:364547a649dd1c75e258f0d5168509f,Team oNe eSports,164,1.0
all,Team-LDLC,oe:team:e31c6dcc465e0b94500ef023f42cdc1,LDLC OL,68,1.0
all,TeamOrangeGaming,oe:team:e6423e34fc74500296fbaa43fac025d,TeamOrangeGaming,95,1.0
all,TeamOrangeGaming Academy,oe:team:59c2016972da2ab6cb47c28ef46a7ba,TeamOrangeGaming Academy,7,1.0
all,Teamless Revenge,oe:team:616a6d6c884d5d8713ef0d73559da28,Teamless Revenge,14,1.0
all,Tectonic,oe:team:ee45aec8db48a3adec16589f944e577,Tectonic,52,1.0
all,Tectonic Academy,oe:team:31429ba7db9414629983bdba5210ea6,Tectonic Academy,12,1.0
all,Tempest Gaming,oe:team:b9af077d71abf84d8f8045523ff1b84,Tempest Gaming,34,1.0
all,Tempo Storm,oe:team:69aa914c3c6ec71f1c8aa4fc03abc4d,Tempo Storm,44,1.0
all,The Agency,oe:team:8c81de10bc9e8ffe93375f78b73aed8,The Agency,66,1.0
all,The Cheese Chasers,oe:team:c280c09b3014e82b48c8b199322d1b5,The Cheese Chasers,10,1.0
all,The Expendables,oe:team:968eb31de624c891997b3d80121837a,The Expendables,17,1.0
all,The Forbidden Five,oe:team:ce75fba240a993403195b79b44636c7,The Forbidden Five,14,1.0
all,The Gulls Esports,oe:team:86c503fd54ecb1f0a46b937c5ca8f75,The Gulls Esports,8,1.0
all,The Kings,oe:team:4160bf895acdf688dc5312c2280fbc4,The Kings,137,1.0
all,The Kings Moon,oe:team:57ab4379bc2ebd5a0f7f53e791060cd,The Kings Moon,13,1.0
all,The Largest Salary,oe:team:c0ac296596eb3725646fb17916598aa,The Largest Salary,18,1.0
all,The Last Dance,oe:team:2ef1e4f46f806850b2fb250af865813,The Last Dance,5,1.0
all,The Last Monk,oe:team:28a78235191b77f045765df966fea1e,The Last Monk,8,1.0
all,The Longest Yard,oe:team:b04ff1a6e33cd215305fb00a28193d1,The Longest Yard,4,1.0
all,The Plan,oe:team:4e653f6d72f24b97fb8f67d25a03c90,The Plan,14,1.0
all,The Ruddy Sack,oe:team:b1db6fe70c0141676d7a2e2660bd869,Ruddy Corporation,32,1.0
all,The Secret Club,oe:team:82a01ce538c539d0c25e85a336b70c1,The Secret Club,27,1.0
all,The Spawn Esports,oe:team:59de6eea8bbeeec7cd0602d12bd17ec,The Spawn Esports,3,1.0
all,Third Party,oe:team:b331793792760275d31d140e4e2cdeb,Third Party,32,1.0
all,ThunderTalk Gaming,oe:team:df80f468a3f9a722df056fe9104f052,ThunderTalk Gaming,434,1.0
all,ThunderTalk Gaming Young,oe:team:fd27f7adaecaeac4f8736159d57c0ce,ThunderTalk Gaming Young,327,1.0
all,ThunderoBot Gaming,oe:team:1bf134b02c87e9c980a67114a600a43,ThunderoBot Gaming,33,1.0
all,Tiktok Tony Top,oe:team:02040f0504a1cb0f0657964125e0ae2,Tiktok Tony Top,11,1.0
all,Timeout Esports,oe:team:13909e6689e1df762fd22aee7999e77,Timeout Esports,17,1.0
all,Timeout Esports Academy,oe:team:f57128cd29ac423bc73a9e301b0495f,Timeout Esports Academy,9,1.0
all,Together Esports,oe:team:a10cab12e1a47303e3ec014e09d51c8,Together Esports,3,1.0
all,Tomorrow Esports,oe:team:65f7d8b9f9b44f3476f64abf64c3c19,Tomorrow Esports,118,1.0
all,Tony Parker Adéquat Academy,oe:team:012fbc89aa8feec1ac4a7cbec64cf5e,Tony Parker Adéquat Academy,73,1.0
all,Top Dog Gaming,oe:team:1f2a633ac1baa6782d705b479d0add9,Top Dog Gaming,5,1.0
all,Top Esports,oe:team:fcec508e780bbd1ad493852640f5b36,Top Esports,860,1.0
all,Top Esports Challenger,oe:team:eaeaad6cbcd022d2b872d4776aae2e6,Top Esports Challenger,486,1.0
all,Topsports Gaming,oe:team:fcec508e780bbd1ad493852640f5b36,Top Esports,159,1.0
all,Tormenta E-Sports,oe:team:d4c26280fdaf9d5282dd54a0e38056f,RATZ,9,1.0
all,Trance's Tyrants,oe:team:a44bd8ff05b5aa133256f183698f5cc,Trance's Tyrants,9,1.0
all,Tricked Esport,oe:team:2afb248007781e3a3ff485eece218bd,Tricked Esport,89,1.0
all,Tricksters,oe:team:0981919f271bab5684bad9d851b2985,Tricksters,5,1.0
all,Trident Esports,oe:team:47442e965eb1111493261ea973ae5b3,Trident Esports,39,1.0
all,Triple Esports,oe:team:e11d25f4e815b120222610590480818,Triple Esports,34,1.0
all,Triumphant Song Gaming,oe:team:d133a1d79e3a76fd1db258c7c06bb7b,Triumphant Song Gaming,145,1.0
all,Tropa Raizen,oe:team:c04fb2bd1f657c649b375211e58123d,Tropa Raizen,13,1.0
all,Tropa XV,oe:team:65c534614cdd76c73cbc50c610694f6,XV eSports,18,1.0
all,Tundra Gaming,oe:team:6b57c465157e1299f3f87d2c8767de6,Tundra Gaming,13,1.0
all,Turing eSports,oe:team:9ff9802d71a1c44c5046ec222bd97f1,Turing eSports,3,1.0
all,Twareg Esports,oe:team:cebae9cfc891a8d67ea63e8aafe73b1,Twareg Esports,6,1.0
all,Twisted Minds,oe:team:40d8ba3a56bb69899bc84d078a11c1a,Twisted Minds,57,1.0
all,Two-eyed Monsters,oe:team:b27df85e8130444ae2c7c22d61057cf,Two-eyed Monsters,18,1.0
all,TyLoo,oe:team:c3ad0025de0e62a6b31956339814b07,TyLoo,82,1.0
all,UCAM Esports,oe:team:746e6715fc4295c54954be5efc385af,UCAM Esports,109,1.0
all,UCAM Esports Academy,oe:team:f36bb11834ba1d730a49d7b3a2c2db5,UCAM Esports Academy,15,1.0
all,UCAM Esports Club,oe:team:746e6715fc4295c54954be5efc385af,UCAM Esports,106,1.0
all,UCAM Esports Club Academy,oe:team:f36bb11834ba1d730a49d7b3a2c2db5,UCAM Esports Academy,9,1.0
all,UCAM Tokiers,oe:team:746e6715fc4295c54954be5efc385af,UCAM Esports,116,1.0
all,UCAM Tokiers Academy,oe:team:f36bb11834ba1d730a49d7b3a2c2db5,UCAM Esports Academy,59,1.0
all,ULF Esports,oe:team:257377cff6d20cc978872f83d3da049,ULF Esports,85,1.0
all,UQ Union,oe:team:c89864253bfbc47feae7aebf4013806,UQ Union,26,1.0
all,UTS Esports,oe:team:3b41580aaafc8fae0130f6868cb8a84,UTS Esports,20,1.0
all,Ukrainian Glory Team,oe:team:c3be92c03d2f9faa98638485e7915f7,Ukrainian Glory Team,3,1.0
all,Ultimate,oe:team:de98ff88c3bdee429f503fcffeac1c8,UTM Esports,40,1.0
all,Ultra Prime,oe:team:8d09428f093dfbf3c488bce350af0b1,Ultra Prime,346,1.0
all,Ultra Prime Academy,oe:team:3d4a6fe0ca7bda9057ee1172eb5761c,Ultra Prime Academy,278,1.0
all,Umbra Collective,oe:team:685fb3a358db5c0fa5090a445feca36,Umbra Collective,9,1.0
all,Umbra Divinus Gaming,oe:team:0ecfc77c8f5a9c17c1cea3296163dca,Umbra Divinus Gaming,37,1.0
all,Undead Gaming,oe:team:22e3ecae7af241c9c5be021c855885e,Undead Gaming,251,1.0
all,Underworld Esports,oe:team:8d72ee9185fe0727bf453dd59e38cb2,Underworld Esports,19,1.0
all,UniQ Esports Club,oe:team:8d91a7a5e315ed163e09c72ad22b0dc,UniQ Esports Club,79,1.0
all,Unicorns of Love,oe:team:142fd4ee188f60dc0549cdca7610e55,Unicorns of Love,215,1.0
all,Unicorns of Love Sexy Edition,oe:team:6a060bd74c9041bf0aa89adf9d15d12,Unicorns of Love Sexy Edition,464,1.0
all,Unicorns of Love.CIS,oe:team:e84133caa1e561518201cc7d33f14ed,Unicorns of Love.CIS,178,1.0
all,Universae Instituto FP,oe:team:2d02ba0b874367692a25110f0e321f6,Universae Instituto FP,82,1.0
all,Universidad Católica Esports,oe:team:9ed161c748673bdb61d92c3e82cf52b,Universidad Católica Esports,134,1.0
all,Universitario Esports,oe:team:e129de91074731ebb2203742f65ba3e,Universitario Esports,8,1.0
all,University of California Irvine,oe:team:d1a3c25be4cdcdb9d51353653b0ea70,"University of California, Irvine",88,1.0
all,University of California Irvine B,oe:team:d1a3c25be4cdcdb9d51353653b0ea70,"University of California, Irvine",25,1.0
all,University of California San Diego,oe:team:3b43717f41be607aa14afe1bd1c6ec4,"University of California, San Diego",11,1.0
all,University of Michigan,oe:team:cc40378bfc9614a14500fbd6db90869,University of Michigan,23,1.0
all,University of Mississippi,oe:team:391f687ddcec222d212baa6d079c5b6,University of Mississippi,5,1.0
all,University of North America,oe:team:5640443378d4820c8b19ffb39afd60a,University of North America,11,1.0
all,University of St. Thomas,oe:team:c541d877d968f5bd0053efc0f43563d,University of St. Thomas,28,1.0
all,University of St. Trevor,oe:team:27b893ea8ff7bd787106a1f3de4738d,University of St. Trevor,10,1.0
all,University of Texas at Dallas,oe:team:5774d59075b9be61779abedd5c227c7,University of Texas at Dallas,54,1.0
all,University of Toronto,oe:team:e7bb15e9b5c8dbb32b34d8dc5b08d99,University of Toronto,21,1.0
all,University of Toronto Scarborough,oe:team:678f5605ae9ccd6ada221305d37f7f8,University of Toronto Scarborough,10,1.0
all,Unlimited Potential,oe:team:35d01dfcb4df96b0fe4ccb8db0ce83b,Unlimited Potential,145,1.0
all,UnlockTan'i,oe:team:73aca20581efb2c231d79b38adfc9e7,UnlockTan'i,6,1.0
all,Unsold Stuff Gaming,oe:team:d071b2912dea2b3debbf837afb9f8de,Unsold Stuff Gaming,197,1.0
all,Upper Echelon,oe:team:6e30eb8b4abb3420042ac3a2eef5f23,Upper Echelon,28,1.0
all,Uppercut esports,oe:team:ff7be8a72b034b8ea34a3f7f69efdc0,Uppercut esports,45,1.0
all,V Gaming,oe:team:ac678d40140c478ab827805903fe691,V Gaming,12,1.0
all,V Gaming Adonis,oe:team:359f4fcf1cfcd0894f52563d5cae1bc,V Gaming Adonis,31,1.0
all,V3 Esports,oe:team:af4b23d4634c4e6ecb5659fb1e689e9,V3 Esports,386,1.0
all,V3 Esports Academy,oe:team:c8d302e68ffd3e684186a0db372b7b6,V3 Esports Academy,94,1.0
all,V3 New Generation,oe:team:6e3823e272bd5d09c31ee43c80df7e6,V3 New Generation,14,1.0
all,V5 87,oe:team:518298125ac66f7525bb09ec1b5eb9a,V5 87,368,1.0
all,VARREL YOUTH,oe:team:11f71a8417e4fd5046fd34c56e219fa,VARREL YOUTH,51,1.0
all,VC Gaming,oe:team:fd2c4002bfafbae0456da0185e14120,VC Gaming,34,1.0
all,VININE,oe:team:659132057bf3872268ec0676b57862b,VININE,6,1.0
all,VIS eSports,oe:team:52235db6d4db68f5ab5f3ba3c341f56,VIS eSports,10,1.0
all,VP Game,oe:team:c77c806b4de6749ab640b4a79f7a5f9,VP Game,159,1.0
all,VSG (Korean Team),oe:team:4389119a53bbe91e642f1e60f28f4c3,VSG,89,1.0
all,Vaevictis Syndicate,oe:team:722107b1d7bc5b210c8b65bca71ea31,Vaevictis Syndicate,3,1.0
all,Vaevictis eSports,oe:team:d80359db3f21194a58b02a3c7362695,Vaevictis eSports,128,1.0
all,Valiance,oe:team:7550baf6848b4c199dda63607978183,Valiance,118,1.0
all,Valiants,oe:team:51e312fb2c4611c0466764797df079f,Oxygen Valiants,34,1.0
all,Valkiria Esports,oe:team:fec0b0f2f22d7f75ac162e1ebba6f31,Valkiria Esports,21,1.0
all,Valorous,oe:team:47b5eae9d91563c34d6d6963bbabb19,Valorous,53,1.0
all,Vancouver Impact,oe:team:0f4b80bdd31dfd1bda297b891e65672,Vancouver Impact,14,1.0
all,Vandals Esports,oe:team:b62ca0a6c7279dc53fb2afa1946d284,Vandals Esports,38,1.0
all,Vanir,oe:team:ed2763d0f6ca9c05c17d888f3dc956e,Vanir,92,1.0
all,Varona Esports,oe:team:108d8dd5293715c077fd7e33643028c,Varona Esports,27,1.0
all,Vatra Gaming,oe:team:d3754c508c7b5e6077da6a23465ecde,Vatra Gaming,4,1.0
all,Vega Squadron,oe:team:95fa2bbc5eb242e7c3243c3467e32f3,Vega Squadron,238,1.0
all,Vegas Inferno,oe:team:ea0defcb90ef9d0e67e092adcc37656,Vegas Inferno,13,1.0
all,Veni Vidi Vici (Spanish Team),oe:team:bae5c5b458ee21472c7f6f270990bfe,Veni Vidi Vici,90,1.0
all,Venomcrest Esports,oe:team:db052729079b7bbe03274df413b2d1b,Venomcrest Esports,105,1.0
all,Venomcrest Serpents,oe:team:f7dba423d0f9ebdb6c58b97616b9bad,Venomcrest Serpents,4,1.0
all,Ventus Esports,oe:team:a1ce95efef52e7d4372ee093ee66baf,Ventus Esports,8,1.0
all,Venus Gaming,oe:team:038e73f25fcaf350481353bf5879c38,Venus Gaming,6,1.0
all,Verdant,oe:team:b33646d7b7b14dd6da17a88f6ddb592,Verdant,167,1.0
all,Verity Esports,oe:team:462603c08f676fac8ba56c3dd77086f,Verity Esports,5,1.0
all,Vertex Esports Club,oe:team:c7b154d74bc45311ce501267f82dc36,Vertex Esports Club,19,1.0
all,Vestigial,oe:team:6b339976f82ca5625d59d16e40dd1a5,Vestigial,10,1.0
all,Vexo eSports,oe:team:643c0d1b7e6efc039d437b21ea33c3b,Vexo eSports,11,1.0
all,VfB eSports,oe:team:b23a51e14c53108a0de36eb92df2c5a,VfB eSports,3,1.0
all,ViV Esport,oe:team:2d9e95ecefb34c32ff1a997ebe372f9,ViV Esport,56,1.0
all,Vici Gaming,oe:team:5627e3ef0b2477289b218ddeb6a151a,Vici Gaming,447,1.0
all,Vici Gaming Potential,oe:team:abdec2ea4b31e351c80a16d988c5940,Vici Gaming Potential,166,1.0
all,Victorious Ace,oe:team:fe4037291be174edbe8b85a271f54f5,Victorious Ace,38,1.0
all,Victorious Gaming,oe:team:661399cd57d6efe4a62201665c4ebc8,Victorious Gaming,237,1.0
all,Victory Five,oe:team:b5454c08654c7f6175d1d887f80c769,Victory Five,342,1.0
all,Victory Song Gaming,oe:team:cd71fca6c80adf06a6c0ee35e1614a3,Victory Song Gaming,67,1.0
all,Vietnam (National Team),oe:team:4e0dd298cbb6e92265a616c94a4553a,Vietnam (National Team),5,1.0
all,Viking Esports (Norwegian Team),oe:team:704dba1c1ea7d27403638c9df54cc43,Viking Esports,13,1.0
all,Vikingekrig Academy,oe:team:f3e93a37225a7f012ac53604a9afcae,Vikingekrig Academy,48,1.0
all,Vikingekrig Esports,oe:team:1c1e5c3fdd3090ed2162e9a17bcd4ab,Vikingekrig Esports,104,1.0
all,Vikings Esports (2023 Vietnamese Team),oe:team:fe099196385a285d6d6edde504dc1f6,MGN Vikings Esports,81,1.0
all,Vikings Gaming,oe:team:5c1805e6ac1ed4744cb02abb0184f26,Vikings Gaming,42,1.0
all,Villarreal QLASH,oe:team:29ebc72f4b298bdef44063a8fe89751,Villarreal QLASH,4,1.0
all,Viperio,oe:team:fb9002f42f80682c50c85f05ec4dc8d,Viperio,40,1.0
all,Vipers,oe:team:dcf87563dff3f23d3985a5bac289345,Vipers,32,1.0
all,Vipers Inc,oe:team:79b1bfb5e365f605aee635bc9198945,Vipers Inc,6,1.0
all,Virtual Reality Game,oe:team:38b4af2eefb42dc083c053dfa028d00,Virtual Reality Game,33,1.0
all,Virtuoso Gaming,oe:team:b9c02a709c0f42b28098151b80acf70,Virtuoso Gaming,15,1.0
all,Virtus.pro,oe:team:cd17656e0072109bd90f948b279e01e,Virtus.pro,47,1.0
all,Vitality.Bee,oe:team:ccd089bf173a5fff1063eb0576201a7,Vitality.Bee,500,1.0
all,Vivo Keyd,oe:team:2ac91e85ddcfa4e5c6ec6c9b5d3f3f0,Vivo Keyd,148,1.0
all,Vivo Keyd Stars,oe:team:b9e44c69c1a70fb35df9be96f9eafea,Vivo Keyd Stars,185,1.0
all,Vivo Keyd Stars Academy,oe:team:bf6f1cbd7a25bd88bbfdaf1c20366c1,Vivo Keyd Stars Academy,191,1.0
all,Vivo Keyd Stars Ignis,oe:team:fe07f07518f9957e12ab859e26baa90,Vivo Keyd Stars Ignis,20,1.0
all,Vodafone Giants Academy,oe:team:eb2c3286d3f7ae58bb118bbc87bab2c,Vodafone Giants Academy,19,1.0
all,Vodafone Giants.Spain,oe:team:6dd9fc16013a656e475c1b1eb7d4e06,Giants,243,1.0
all,Vorax,oe:team:a621a30c938fad7388e9621fbd548eb,Vorax Liberty,26,1.0
all,Vorax Academy,oe:team:02838cf562dd82da8db95974cc13a65,Vorax Liberty Academy,22,1.0
all,Vorax Liberty,oe:team:a621a30c938fad7388e9621fbd548eb,Vorax Liberty,22,1.0
all,Vorax Liberty Academy,oe:team:02838cf562dd82da8db95974cc13a65,Vorax Liberty Academy,22,1.0
all,Vortex Team,oe:team:c330157f545ea628d7c8bd0b35850bf,Vortex Team,34,1.0
all,WANG TOWN,oe:team:35e40d981db933ea38c30555e95c3f9,WANG TOWN,9,1.0
all,WAP Esports,oe:team:65140c73015d004b0456fb43ba373a4,WAP Esports,199,1.0
all,WAVE Esports,oe:team:a47e0c589cb9648875be30e30173f4a,WAVE Esports,72,1.0
all,WLGaming Esports,oe:team:b19ab22267512e77945cd498106dcf1,WLGaming Esports,453,1.0
all,WP Gaming,oe:team:2a20f01b9c2fec8d3b781133e2bb7b2,WP Gaming,10,1.0
all,WYDream,oe:team:6998237450f7427fecdf5535de44aaf,WYDream,28,1.0
all,WaY (Korean Team),oe:team:7f5ff8b103655c631db30014ce73a6c,WaY,22,1.0
all,Wahaha Gaming,oe:team:d5d81960196c1bcae308a2ab10bf756,Wahaha Gaming,4,1.0
all,Waia Snikt,oe:team:4aaf7ff9e32dc4fee354958c19ba481,Waia Snikt,128,1.0
all,Wan Yoo,oe:team:74df59d74d9fc4559d80ab13034ba77,Wan Yoo,18,1.0
all,WanZhen Esports Club,oe:team:f11c9eace9c9f61931b6e0269d80102,WanZhen Esports Club,183,1.0
all,War Legion Esports,oe:team:35d8c122cd2fd58cdb1208f823023af,War Legion Esports,10,1.0
all,WarKidZ E-Sports,oe:team:b8657dd7e358c05adb2aea0a6cb8bf1,WarKidZ E-Sports,15,1.0
all,Warthox Esport,oe:team:eb6fe14fc9cd93bc1fabd5ad75e78e3,Warthox,3,1.0
all,Wayi Spider,oe:team:acc3e7a06d4b21fc76b8a3b37812c15,Wayi Spider,70,1.0
all,We Talent,oe:team:8faf26a1c15f3a92e0383bc23ca3a22,We Talent,53,1.0
all,WeSports,oe:team:7ce620feffbc833577b805ce32faa31,WeSports,7,1.0
all,Webidoo Gaming,oe:team:796ea3d66925fb0819e543eb88eea1e,Webidoo Gaming,14,1.0
all,Weibo Gaming,oe:team:606c6ac695907af3823ee6405c58ff1,Weibo Gaming,524,1.0
all,Weibo Gaming Youth Team,oe:team:557e2d6abd8a8896014e4351756c305,Weibo Gaming Youth Team,232,1.0
all,West Point Esports Academy,oe:team:a23eb8479b972c2ea103fa362b0b5d5,West Point Esports Academy,57,1.0
all,West Point Esports Philippines,oe:team:0092987a7da75e9fd0cbf8110d10b76,West Point Esports,149,0.9932885906040269
all,WhereAreyouFrom,oe:team:f679caba939e1e66d4729c4c389f4b8,WhereAreyouFrom,4,1.0
all,White Dragons,oe:team:6468029fb605bd6fdf1cf866e890739,White Dragons,244,1.0
all,WiLD MultiGaming,oe:team:e21e3adb4144bf39d2647579b25501f,WiLD MultiGaming,50,1.0
all,Wichita Wolves,oe:team:0e20c6cd9c6f05c1bcf91e0b5ef3697,Wichita Wolves,36,1.0
all,Wild Panthers Esports,oe:team:aba8187a8c4790f554138cda083003b,Wild Panthers Esports,76,1.0
all,Wild West Bandits,oe:team:79da6e4c61cc7c2baaa793f76839831,Wild West Bandits,36,1.0
all,Wildcard Aces,oe:team:84f2d760b83c76fadf318ae1e8992a7,Wildcard Aces,21,1.0
all,Wildcard Gaming,oe:team:9034597e77937456f89960ad1b8615e,Wildcard Gaming,211,1.0
all,Wildcard Gaming Black,oe:team:8b823ba88c451b0360a647d8e77808f,Wildcard Gaming Black,26,1.0
all,Wildcard Gaming Developmental,oe:team:6795b2eb09949cd70e100ccd9f3f4a8,Wildcard Gaming Developmental,62,1.0
all,Wildcard Gaming Red,oe:team:e4c1b46cd564252c83c5102dc789b3b,Wildcard Gaming Red,61,1.0
all,Wind and Rain,oe:team:43f0e738f499e03374ad0b758c936ce,Wind and Rain,24,1.0
all,Windstorm Gaming,oe:team:ad3e9fa0eb18ea2fb5cb90dcccdccc0,Windstorm Gaming,16,1.0
all,WingsOflibeRty,oe:team:1e9864f507023ee6bf40ee13c457351,WingsOflibeRty,4,1.0
all,Winners,oe:team:e5762a12b1dca7458bf1e6cdba8457e,Winners,99,1.0
all,Winston King of Amateur,oe:team:03a6df9b82af1a8fbb6e86aae9524ee,Winston King of Amateur,3,1.0
all,Winthrop University,oe:team:333ba9fefa87eda14bd32c5420d7002,Winthrop University,270,1.0
all,Winthrop University B,oe:team:333ba9fefa87eda14bd32c5420d7002,Winthrop University,5,1.0
all,Wisła Płock eSports,oe:team:cff4c4759805907c870737415c8d4fd,Wisła Płock eSports,61,1.0
all,Wizard esports,oe:team:ada0b5363377a30441f51e8b089b451,Wizard esports,5,1.0
all,Wizards,oe:team:f135d4a15fb5acaad384bd86d20ba15,Wizards,27,1.0
all,Wolf Club Esports,oe:team:b8221bf34848e0692862ac0bbb5769b,Wolf Club Esports,36,1.0
all,Wonder Stag e-Sports,oe:team:9ba69c103bcfd680652144161843038,Wonder Stag e-Sports,3,1.0
all,World Class Empyreans,oe:team:2be2ebecc453760d7df4991a51a8edc,World Class Empyreans,22,1.0
all,Wortex Gaming,oe:team:988ec64c309f7bbb4f213dad89f4b0d,Wortex Gaming,15,1.0
all,WuDu,oe:team:364b7057b299d4fe2fcfeda934696bb,WuDu,36,1.0
all,Wulf Pack,oe:team:c3c53a2526d32e8ccd259465e37f1a0,Wulf Pack Esports,27,0.9629629629629629
all,X7 Esports,oe:team:a8c6d9059474d8fa4c57a093e9e43ac,X7 Esports,109,1.0
all,XAL Esports,oe:team:95a3aac041d6e4b3dfd81145330c6e8,XAL Esports,3,1.0
all,XT Esports,oe:team:5baea1d85fe74c9b5324e0ac7b55f23,XT Esports,13,1.0
all,XT Gurb Nation,oe:team:d1c09638d5f5bff76830781601a792d,XTGN,5,1.0
all,XTEN Esports,oe:team:e2032cdda6a487d10b7be0435e4fb31,XTEN Esports,160,1.0
all,XTEN Mexico,oe:team:afa32967cbfd11cd4684a90c675346d,XTEN Mexico,37,1.0
all,XV eSports,oe:team:65c534614cdd76c73cbc50c610694f6,XV eSports,9,1.0
all,XY Esports,oe:team:cf666cb66152773d0557c53bfb2137e,XY Esports,4,1.0
all,Xibalbá Esports,oe:team:1b3d369ddd1fc986db6f3bde56d5131,Xibalbá Esports,5,1.0
all,Xoldiers,oe:team:3300cac03807753d6b1c9a80f4a34bc,Xoldiers,4,1.0
all,XtremeDominators,oe:team:466e22ca9bc6b20cbf4edfc9a674ba2,XtremeDominators,25,1.0
all,YDN Gamers,oe:team:1814e10e29c1ebec936f15aa87797bd,YDN Esports,44,1.0
all,Yang Yang Gaming,oe:team:4c8ce94c32c391c558644af9a3cd884,Yang Yang Gaming,56,1.0
all,York University,oe:team:7d3f1f5d2a382251cc3b30d01233958,York University,13,1.0
all,Young Buffalos,oe:team:bf39c1a44d6fed170aed4820c00a923,Young Buffalos,5,1.0
all,Young Generation,oe:team:6c951ee7222ac9acd244aa88c9e8330,Young Generation,67,1.0
all,Young Glory,oe:team:3383aee09cbbd027fc9ebb11859de19,Young Glory,77,1.0
all,Young Miracles,oe:team:1486bbe432b1153d9a83ff6e75d6c90,Young Miracles,590,0.9983050847457627
all,Young Ninjas,oe:team:8cf7783c1584820ccf70723d683e137,Young Ninjas,4,1.0
all,YouthCrew Esports,oe:team:ea2a0b6a4dfccbe3c144dabb2bf99de,YouthCrew Esports,75,1.0
all,Z10 ESHARK,oe:team:125fc4d6b0dc1b21596f4f06a207d62,Zero Tenacity,21,1.0
all,ZAGA Talent Gaming,oe:team:a171b75ac0c9cdb81a4d66413a6f4e7,ZAGA Talent Gaming,99,1.0
all,ZERØZONE,oe:team:6ac25692553cc34c6f3fd717b12fe61,seQura ZEST,13,1.0
all,ZEST (Spanish Team),oe:team:6ac25692553cc34c6f3fd717b12fe61,seQura ZEST,17,1.0
all,ZETA,oe:team:50c26816bdd3bb2a02def8e11a5cd5a,ZETA,79,1.0
all,ZTR Gaming,oe:team:1129ec2d3533aa87e078d02ebc0d8d3,ZTR Gaming,43,1.0
all,Zena Esports,oe:team:01d50b1de5bdc717131b31c64378a5b,Zena Esports,55,1.0
all,Zenigma,oe:team:8d567f356b6454fc287a81f6467cf35,Zenigma,20,1.0
all,Zenigma Eclipse,oe:team:126d75f320051aed7d29f443a90f7a2,Zenigma Eclipse,14,1.0
all,Zenigma Lunar,oe:team:7f7395d536372f0927503c2c40d1c9f,Zenigma Lunar,6,1.0
all,Zenigma Solar,oe:team:097dbc6e895dcb0a501ce84f8743d1a,Zenigma Solar,18,1.0
all,Zenith Esports,oe:team:bfd1bba6235971993e82d51e679a34a,Zenith Esports,32,1.0
all,ZennIT,oe:team:79fc65ce199f2e4fe97e277bdef6695,ZennIT,209,1.0
all,Zenshi Gaming,oe:team:a1964e03a2f3d36aecdeccc14a2c89a,Zenshi Gaming,11,1.0
all,Zephyr Esport,oe:team:2c6e7ebd2b826d217cd4987841bd899,Zephyr Esport,3,1.0
all,Zerance,oe:team:302fced4d92a9b83cb5784fd6f3b548,Zerance,83,1.0
all,Zero Six PowerSpike,oe:team:520240664f961bf37844d78b76f64ba,Zero Six PowerSpike,21,1.0
all,Zero Tenacity,oe:team:125fc4d6b0dc1b21596f4f06a207d62,Zero Tenacity,440,1.0
all,ZeroZone Gaming,oe:team:ec830d79559b38ffe2dcda535fd2bac,ZeroZone Gaming,22,1.0
all,Zerolag Esports,oe:team:6a68fff9fc521e2fbcab2fc19978d24,Zerolag Esports,220,1.0
all,Zeu5 Bogota,oe:team:c07f6511ffe83e745fd290a3dbe9a98,Zeu5 Bogota,48,1.0
all,Zeu5 Esports,oe:team:10b956b9c5ac7a1d0bf3ded8a12a78a,Zeu5 Esports,43,1.0
all,Zeus Kralik,oe:team:5b591ee5220144c1d1a14141921c6a5,Zeus Kralik,29,1.0
all,Zodiac Esports,oe:team:a4ca69c7236ad2293831575c2595227,Zodiac Esports,5,1.0
all,Zoos Gaming,oe:team:d3a84f44a4b85b09d6443097285f7c7,Zoos Gaming,106,1.0
all,Zwan Gaming Mexico,oe:team:b945e7a96b93d96b108071ea38c013e,Zwan Gaming Mexico,30,1.0
all,Zylant Esports,oe:team:479dc9903b6f233af09b0227170a0cc,Zylant Esports,87,1.0
all,aNc Legends,oe:team:bdf46a1aa900f8a91ed9412def4d2f5,aNc Legends,30,1.0
all,aNc Outplayed,oe:team:cd6b4265231d4ba346274357681c335,aNc Outplayed,155,1.0
all,ad hoc gaming,oe:team:52fd51dc4607d54f4e6e7b00a69b3ca,ad hoc gaming,64,1.0
all,against All authority,oe:team:0ffca231017728de3912ab5e474d12c,against All authority,28,1.0
all,ahq Fighter,oe:team:55669acf4bbe596500b25b07e9a841c,ahq Fighter,10,1.0
all,ahq eSports Club,oe:team:d15303823a1dccff9f3068fb357e356,ahq eSports Club,409,1.0
all,bbq Olivers,oe:team:c6a4f426b85f581ff9b009d1e8bfae5,bbq Olivers,266,1.0
all,beGenius ESC,oe:team:607baf04091e515e195644cb08ec21c,beGenius ESC,81,1.0
all,devils.one,oe:team:92e22c0b203c93b7d25c3a07b68575c,devils.one inStreamly,203,1.0
all,devils.one x Kiedyś Miałem Team,oe:team:92e22c0b203c93b7d25c3a07b68575c,devils.one inStreamly,15,1.0
all,e-Champ Gaming,oe:team:b75eada98b0b044c59e748c5a2e59be,e-Champ Gaming,21,1.0
all,e-mFire,oe:team:e120826aae03bee4be6cfec8ac49ede,e-mFire,18,1.0
all,eKoVy,oe:team:dfce81ccb0f912228489d95e7600adf,eKoVy,14,1.0
all,eMonkeyz,oe:team:30c141fd39621b22cf67eb62dbaea69,eMonkeyz,168,1.0
all,eNsure,oe:team:30d6a49f3d5f6455e6bd49dad39dcb1,eNsure,25,1.0
all,eQuizers,oe:team:94223abdc94b7506183935d070fa35d,eQuizers,26,1.0
all,eStar (Chinese Team),oe:team:1d93dd0f3753b0af50c9f8307496922,eStar,126,1.0
all,eStar Young,oe:team:014165c3a9a1dc9e63e248ce83ca576,eStar Young,138,1.0
all,eSuba,oe:team:3faefd9245a4ef6ba347fbcf2a51515,eSuba,457,1.0
all,eSuba Academy,oe:team:c5819326ccf3b14446406bd7ac066c3,KIA.eSuba Academy,86,1.0
all,eUnited,oe:team:2261bbacd055e64d38e4c43a2bfcbd9,eUnited,65,1.0
all,eWolves Ignis,oe:team:45f175c1c5709f73fb646454cfd36d3,eWolves Ignis,4,1.0
all,eXtatus,oe:team:6d67a82053d3c1cdd25fb9c5a9e64b0,eXtatus,27,1.0
all,eXtreme Gamers,oe:team:1e8ab310a44559502177379445ad12d,XGamers,92,1.0
all,evil genius (RTV Team),oe:team:7a65b3713141bd998414190ac4c00bc,Evil genius,7,1.0
all,exeed Poland,oe:team:73fd73cbf2497f12179741f800f02f9,exeed,36,1.0
all,g3nerationX,oe:team:faa8ea6e89c8c4ca180fc12dcbbd5ba,g3nerationX,19,1.0
all,grompcord,oe:team:6f8a0882ddf665cb8774bdac6952ada,grompcord,9,1.0
all,htp eSport Akademie Hannover,oe:team:d1b84f96311ecca3c800369ce1e59e4,htp eSport Akademie Hannover,4,1.0
all,hyFresh Blade,oe:team:b77b3f6068e20a2b3edc0ecd3dc70d4,HANJIN BRION,35,1.0
all,iDomina eSports,oe:team:1ed1d3a123c9cb9961e9dada9786646,iDomina eSports,33,1.0
all,inFerno eSports,oe:team:7a41aed19e5c6f7fd69b0cfafee4071,inFerno eSports,20,1.0
all,justforfun,oe:team:89bd16bac1dcdbb669bf9ff28aec00f,justforfun,13,1.0
all,mCon LG UltraGear,oe:team:ee662fa8580ced6fb87aa4ca5b1fe7b,mCon esports,91,1.0
all,mCon esports,oe:team:ee662fa8580ced6fb87aa4ca5b1fe7b,mCon esports,180,1.0
all,mCon esports Academy,oe:team:79327f7eebf9715e6ce6ebb5ab28777,mCon esports Academy,4,1.0
all,mCon esports Rotterdam,oe:team:ee662fa8580ced6fb87aa4ca5b1fe7b,mCon esports,31,1.0
all,mYinsanity,oe:team:f678dedcefb1a8df0844b6499004aa1,mYinsanity,48,1.0
all,mousesports,oe:team:7c4854374e4daa6b00206eb922359a9,MOUZ NXT,189,1.0
all,nerdRage,oe:team:43c075d12246347af6745bce7e5a665,nerdRage,6,1.0
all,optical spectrum E-sport,oe:team:6a622995ad838febe8b15bdd3d0c9de,optical spectrum E-sports,59,1.0
all,paiN Gaming,oe:team:61450737f7b683db4da7b3e0bf0dced,paiN Gaming,549,1.0
all,paiN Gaming Academy,oe:team:3cb9dbe9618f5c61765f4ff189e79a9,paiN Gaming Academy,225,1.0
all,paiN Gaming Female,oe:team:89bdbcbd299d3b431c393a3904d23f8,PaiN Gaming Ignis,9,1.0
all,piratesports,oe:team:c4360b2f59028db18a7d5b19ec74bcb,piratesports,71,1.0
all,regnum4games,oe:team:423471551f6ba1b127ed1c884aaa67a,regnum4games,3,1.0
all,wangting,oe:team:ff6d6552ee3ce383d533d88a5901d23,wangting,57,1.0
all,x25 Esports,oe:team:3921fffdab4f130255658ea322e1ab6,x25 Esports,58,1.0
all,x6tence,oe:team:c5065df5008bc2f0a6df83dc37c6f1d,x6tence,54,1.0
all,x6tence Mexico,oe:team:97a0a823fda2047f7ce43ecf0e5f12e,x6tence México,35,1.0
all,Žalgiris Esports,oe:team:b1d244894e61a09903b2c3dd0462d3d,Žalgiris Esports,18,1.0
