year,T,games,buffs_z,denied,denied_exp,other_denied,other_denied_exp,pull,cb_obs,cb_exp,other_pull,co_obs,co_exp,comfort,comfort_other,core_picks,familiar,breadth_z,resid,pexp,denied_excess,other_excess,buffs_z_rb,pull_rb,other_pull_rb,comfort_rb,familiar_rb,resid_rb,tercile
2016,oe:team:056c3140a119e44a03d462e2c832f27,11,1.3553257865722708,0.010695187165775402,0.01737967914438503,0.0648621041879469,0.033367381681988426,0.0,0.0,0.0,0.7272727272727273,1.3636363636363635,0.6363636363636364,0.07272727272727272,0.08193473193473193,1.5454545454545454,0.5272727272727272,0.8457365318252569,-0.10187579766878002,0.5564212522142346,-0.006684491978609628,0.03149472250595847,1.1857393243477743,0.02492615266269499,0.4640539734137987,-0.02277484344908544,-0.04044510940235086,-0.08786758251115165,high
2016,oe:team:2f758c15b9c1781b2d4032011ae1628,6,1.3417912618249848,0.036231884057971016,0.04286589099816288,0.06571815718157181,0.04070734251943458,0.0,0.0,0.0,0.5539906103286386,1.1666666666666667,0.6126760563380281,0.13836477987421383,0.1668238993710692,2.3333333333333335,0.6333333333333333,0.6383142911731602,-0.12095851958772785,0.45429185292106117,-0.006634006940191867,0.025010814662137233,1.2137969534867001,0.022364161893290935,0.2612432313027604,0.04093074313511902,0.06872656969836571,-0.10161931716968257,high
2016,oe:team:3354e252e33ed55fd8fa14595ca1564,20,-0.6336341456084701,0.22000000000000003,0.043859649122807015,0.0340625,0.04649122807017544,0.0,0.0,0.0,-0.24736842105263152,0.7,0.9473684210526315,0.08484848484848485,0.10575757575757576,1.7,0.53,-0.014680557867212108,0.10492803691334451,0.5950719630866554,0.176140350877193,-0.012428728070175435,-0.6306904110309778,0.014298648906591273,-0.6330761310085146,-0.018667513845394494,-0.02481266120991505,0.141049948892371,low
2016,oe:team:3413ca4510110b5181f3e4b24d52719,6,-0.9571190008423526,0.0,0.06866197183098592,0.06630824372759857,0.05819324549447221,0.0,0.0,0.0,0.4953051643192488,1.8333333333333333,1.3380281690140847,0.1175438596491228,0.13289473684210526,2.6666666666666665,0.6333333333333333,0.8515726408734708,-0.22521035367479672,0.3918770203414634,-0.06866197183098592,0.008114998233126357,-1.12787571532556,0.024998237784636366,0.2329172388033965,0.02209610070582302,0.06552796235401685,-0.21135213315076512,low
2016,oe:team:3b84bb916852d07609c83d1ce91c1a9,17,-0.975996101147778,0.058823529411764705,0.07500000000000001,0.06405913150600553,0.050872600349040134,0.0,0.0,0.0,0.36813725490196075,1.1764705882352942,0.8083333333333333,0.09984917043740572,0.11666666666666667,1.9411764705882353,0.5647058823529412,-0.17760895453473816,0.1836647608116685,0.5810411215412726,-0.016176470588235306,0.0131865311569654,-0.9403820852864402,0.012286227061066364,-0.040764937666405876,-0.00518433534147158,0.012336942417790202,0.22397411770626482,low
2016,oe:team:5b90b1fda6971ccdccf9eb32286aa50,13,-0.1811171207193205,0.07692307692307693,0.0546875,0.042590178183398525,0.04952330508474577,0.0,0.0,0.0,0.024639423076923076,0.9230769230769231,0.8984375,0.10686070686070687,0.13683298683298684,2.3846153846153846,0.6307692307692307,0.5535523714362546,0.09085100486681186,0.5245336105178036,0.022235576923076927,-0.006933126901347245,-0.29211503176527615,0.02131721892671121,-0.2801746607944601,0.008637201763918332,0.06743378945000168,0.11236868492961377,mid
2016,oe:team:73f3126d91d35faa5d5ce34abadb865,10,0.4714729829860985,0.12307692307692306,0.04936854190585533,0.04010152284263959,0.0488673384347299,0.16268656716417912,0.2,0.03731343283582089,-0.47611940298507466,0.3,0.7761194029850746,0.09952380952380953,0.10345238095238093,2.2,0.58,1.5826697975827566,-0.05952483826097282,0.45952483826097285,0.07370838117106773,-0.00876581559209031,0.15411720876837176,0.19671500422319502,-0.6344283549384895,0.01088545359324639,0.001229090094919779,-0.0644566453457999,high
2016,oe:team:7cd8dc1c987b84b99e3d246d1943c92,6,1.8036569188261264,0.0,0.056338028169014086,0.05802469135802468,0.03766301512780386,-0.056338028169014086,0.0,0.056338028169014086,0.2629107981220657,0.8333333333333334,0.5704225352112676,0.09666666666666666,0.09583333333333333,2.0,0.6666666666666666,-1.2398166678071076,-0.08451077498279047,0.4178441083161238,-0.056338028169014086,0.020361676230220824,2.0522640376963484,-0.0571717363089085,-0.297207258839893,-0.018260189587631936,0.13022950805530248,-0.016901472963845983,high
2016,oe:team:7d6673d3a9d00363c6bebc1a630da6e,6,0.0551655030360897,0.0,0.14788732394366197,0.11513157894736843,0.05045404002965159,-0.19014084507042253,0.0,0.19014084507042253,0.9460093896713616,1.8333333333333333,0.8873239436619716,0.10520833333333333,0.13125,2.3333333333333335,0.5333333333333333,1.2590179495918299,-0.38803143802236917,0.5546981046890358,-0.14788732394366197,0.06467753891771684,-0.1972918426193218,-0.1601100171609679,0.7416253684588874,0.013555499985422574,-0.04058320543246596,-0.38464502487668606,mid
2016,oe:team:93c730021ff69abdfccc4911a2f666f,16,-0.9439724488439312,0.08333333333333333,0.02185792349726776,0.060675182481751834,0.049958118942204144,0.0,0.0,0.0,0.27356557377049184,1.4375,1.1639344262295082,0.0875,0.11551339285714285,1.8125,0.45,-0.061427526308718165,-0.04355395538969031,0.6685539553896903,0.06147540983606557,0.01071706353954769,-0.9316550468187222,0.013721250353435925,-0.11879703348310047,-0.016451397662156933,-0.10411151540815315,-0.006230593207246322,low
2016,oe:team:a22510a4756fa424cb0771b13261139,6,-1.2819161678621736,0.0,0.18309859154929578,0.07539682539682539,0.05436787391012743,0.0,0.0,0.0,0.34507042253521125,1.5,1.1549295774647887,0.12549019607843137,0.14844771241830065,2.6666666666666665,0.6,-0.8553227701915509,0.026277043198165873,0.4737229568018341,-0.18309859154929578,0.021028951486697964,-1.1104074802289299,0.003915395974912033,-0.1603110924533518,0.014144497103675192,0.057795915936484844,0.0840044151817747,low
2016,oe:team:bcb21457414eb9be1d27489ff7e8e59,6,-0.0280959929539121,0.0,0.039436619718309855,0.07833333333333332,0.04598969523354818,-0.04929577464788732,0.0,0.04929577464788732,0.852112676056338,1.5,0.647887323943662,0.10476190476190476,0.12764550264550265,1.8333333333333333,0.3666666666666667,-0.9360703608394252,-0.09569153282453116,0.2623581994911978,-0.039436619718309855,0.032343638099785146,0.15960414167946443,-0.04637773836420751,0.33523593601437973,-0.007335873306557286,-0.17432630497453191,-0.03588885601488305,mid
2016,oe:team:cbfaf0ca2181f0903d2fcceb6c28f3b,6,1.234380643917742,0.0,0.05086071987480437,0.05583756345177665,0.05759403707801311,-0.04929577464788732,0.0,0.04929577464788732,-0.2535211267605634,0.5,0.7535211267605634,0.08992248062015505,0.10872093023255815,1.6666666666666667,0.5666666666666667,1.0451533025616297,0.05305149165105977,0.44694850834894023,-0.05086071987480437,-0.00175647362623646,1.0248072786982565,-0.021906511354988136,-0.48835091395629554,-0.0037222775471055184,-0.004042171056483249,0.06193446922101706,high
2016,oe:team:d15303823a1dccff9f3068fb357e356,6,0.2494423270127605,0.0,0.04225352112676056,0.08333333333333333,0.03893951946975973,-0.04929577464788732,0.0,0.04929577464788732,1.2816901408450705,2.0,0.7183098591549295,0.1212962962962963,0.1503858024691358,2.3333333333333335,0.5666666666666668,-1.3691720423369096,-0.01905000728546624,0.5190500072854662,-0.04225352112676056,0.0443938138635736,0.5239876896630989,-0.05172722502832582,0.7031570558908746,0.0051646304363885225,0.032169676173378514,0.051883874834034886,mid
2016,oe:team:f2357aab765dfb94659ba2223a6d4f0,10,-1.15532855404932,0.0,0.11194029850746268,0.0828125,0.03597248134328358,0.0,0.0,0.0,0.6582089552238807,1.3,0.6417910447761194,0.11461538461538463,0.12769230769230772,2.5,0.52,-1.4834451317222748,0.16607444920570524,0.23392555079429478,-0.11194029850746268,0.046840018656716415,-0.8578692362520945,-0.003842902687945097,0.06340795602615185,-0.0025806151870019414,-0.012783037705586763,0.23994527956087622,low
2016,oe:team:fc8e90107dabb9a35c490b0d86adea0,9,-0.3540558921488125,0.03703703703703704,0.031045751633986936,0.06489675516224189,0.04294638209266007,0.0,0.0,0.0,0.32598039215686275,1.3333333333333333,1.0073529411764706,0.08888888888888888,0.10914105594956659,1.5555555555555556,0.5111111111111111,-0.6384728734364138,-0.058353248335418995,0.3916865816687523,0.005991285403050106,0.021950373069581815,-0.22602978501269375,0.006593833118808868,-0.1485303767697377,-0.020437080797187788,-0.034345448990772576,-0.006199165085892074,mid
2017,oe:team:056c3140a119e44a03d462e2c832f27,6,-0.3466223219802333,0.0,0.010324483775811211,0.10784313725490195,0.09860649501461578,0.0,0.0,0.0,0.1961651917404129,2.8333333333333335,2.6371681415929205,0.10592592592592592,0.10592592592592592,2.8333333333333335,0.9,0.5037322535966399,-0.13673038557131523,0.47006371890464854,-0.010324483775811211,0.00923664224028617,-0.44763033993998896,-0.021311366070758064,-0.325465384634145,0.008631137664561611,0.23751088149916277,-0.1037328111088672,low
2017,oe:team:3354e252e33ed55fd8fa14595ca1564,19,1.955828431725381,0.0,0.005434782608695652,0.09029454369869627,0.1111926605504587,-0.005,0.0,0.005,-0.5678947368421055,1.8421052631578947,2.41,0.0902575587905935,0.10098917506532287,1.631578947368421,0.8210526315789474,1.3845961109357583,-0.10005726236890744,0.6790046307899601,-0.005434782608695652,-0.020898116851762433,1.678190246276976,-0.015431312588982796,-0.9641255557716206,0.0011670932364516995,0.14535166178405376,-0.08969888988824105,high
2017,oe:team:364547a649dd1c75e258f0d5168509f,9,-1.208894715798272,,,0.1309941520467836,0.08722488038277512,0.0,0.0,0.0,0.7888888888888889,2.888888888888889,2.1,0.12514619883040934,0.12953216374269005,3.0,0.6000000000000001,-0.7468469145928844,-0.05320105808620418,0.3865343914195375,,0.043769271664008486,-1.059137526291816,-0.03675798488674363,0.08922589235066025,0.016203577613620717,-0.04373200199082943,0.011937821921887762,low
2017,oe:team:3b84bb916852d07609c83d1ce91c1a9,16,-0.2657842850597923,0.0,0.002080443828016643,0.09441489361702128,0.09146870481305515,0.0,0.0,0.0,-0.04490291262135937,2.125,2.1699029126213594,0.10416666666666666,0.10774739583333333,2.0625,0.875,0.04976074148381899,0.18083456837073342,0.6316654316292666,-0.002080443828016643,0.002946188803966132,-0.2757622720431573,-0.026918627953326547,-0.6311608624902423,0.0026436100364419417,0.21931988388903312,0.22549972650240252,mid
2017,oe:team:418bd4b8f699d70c4509d7f9c768a3a,4,0.2608877736642941,0.0,0.0,0.1355140186915888,0.07899227956115401,0.0,0.0,0.0,2.0478260869565217,3.0,0.9521739130434783,0.10227272727272728,0.10795454545454546,2.0,0.45,0.5676182608004777,-0.20980173966253027,0.20980173966253027,0.0,0.05652173913043479,0.14706938091327182,-0.020522273443874136,1.53529032102372,0.005572970144958953,-0.21344732835349006,-0.17844610817327478,high
2017,oe:team:418c28593a78b57ef74e47d0c18640a,15,-0.0330687242282192,0.0,0.04006410256410257,0.14202898550724638,0.11729574773053034,0.0,0.0,0.0,0.5506410256410255,2.7333333333333334,2.182692307692308,0.11757575757575758,0.1195959595959596,2.4,0.6,-0.5894452839419425,0.015056373564933723,0.45161029310173295,-0.04006410256410257,0.024733237776716044,0.08512640701778625,-0.034813827290388094,-0.1266142785612881,0.010099167416713016,-0.04609282871822429,0.07614985282366038,mid
2017,oe:team:594b183f8fb081ef64820f31ab8d641,12,0.2692865307469371,0.0,0.0029205607476635504,0.18912175648702598,0.117913705299681,-0.004672897196261682,0.0,0.004672897196261682,1.179127725856698,3.3333333333333335,2.1542056074766354,0.10333333333333333,0.11575396825396826,2.0,0.5666666666666667,0.4675527406004691,0.2193830043471809,0.2806169956528191,-0.0029205607476635504,0.07120805118734498,0.1755332019050609,-0.026431137131877815,0.6523466348862699,0.005701570864731838,-0.09527980458895305,0.25331043340123066,high
2017,oe:team:62c1cd9465dc63824593ee5046f5aa8,22,0.0176134305808348,0.012396694214876032,0.007497656982193065,0.13766699250570216,0.12858884824298858,0.0,0.0,0.0,0.6344892221180879,3.727272727272727,3.0927835051546393,0.11050156739811912,0.11234326018808778,2.772727272727273,0.8363636363636363,0.4549132079992328,0.1361900263160184,0.5910827009567089,0.004899037232682967,0.009078144262713583,-0.07360542855640562,-0.02191435803438966,0.10590876759197754,0.012752080943608775,0.1746067422188977,0.1704423057191097,high
2017,oe:team:6c951ee7222ac9acd244aa88c9e8330,7,-1.208894715798272,,,0.19047619047619047,0.12857142857142856,0.0,0.0,0.0,0.8035714285714286,3.5714285714285716,2.767857142857143,0.11972789115646257,0.13639455782312923,2.0,0.7142857142857143,-2.1693252599355946,-0.2445253690866772,0.5302396548009629,,0.06190476190476191,-0.7739032232908569,-0.054327828790598595,-0.09859555083611726,-0.0024636235096284764,0.09188910051759397,-0.14282717936618075,low
2017,oe:team:6f0162b86d2a0d206ba9a08a1da14be,8,-0.6545767483438186,0.0,0.0045045045045045045,0.16618497109826588,0.11623183877519137,0.0,0.0,0.0,1.2623873873873874,3.875,2.6126126126126126,0.10571428571428572,0.10910714285714286,2.5,0.675,-0.02708179727449704,-0.23209063006793684,0.6070906300679368,-0.0045045045045045045,0.04995313232307451,-0.6491463264362406,-0.027867754114424107,0.6651901355577426,0.0034755214518737867,0.020472425438642663,-0.1854505313807573,low
2017,oe:team:73f3126d91d35faa5d5ce34abadb865,15,0.029475211493592,0.02222222222222222,0.021367521367521364,0.11474926253687315,0.1210219537100068,-0.004807692307692308,0.0,0.004807692307692308,-0.3810897435897433,2.1333333333333333,2.514423076923076,0.0527659574468085,0.05404255319148935,0.6666666666666666,0.64,1.4348872685119334,0.1813545782218407,0.48531208844482593,0.0008547008547008551,-0.006272691173133657,-0.2582473195796989,-0.014617830035735704,-0.7701611145419817,-0.03585609873551379,-0.036455273981365145,0.190420410811378,high
2017,oe:team:78f183fa5a7d8ecb22b9ad272c3abd7,19,-0.0771621989120963,0.0,0.004285714285714286,0.10362694300518135,0.0933419689119171,-0.005,0.0,0.005,0.3907894736842105,2.3157894736842106,1.925,0.09263157894736843,0.09447368421052632,2.0526315789473686,0.6421052631578948,0.5581449297059151,0.04283990201778454,0.5361074664032681,-0.004285714285714286,0.01028497409326426,-0.18908100633677474,-0.025639283976319815,-0.12309491543429348,-0.004156412320970655,-0.0211999771298426,0.07443900887988361,mid
2017,oe:team:7cd8dc1c987b84b99e3d246d1943c92,6,0.3641697864373392,0.0,0.0004916420845624386,0.10614525139664804,0.1181341770900282,0.0,0.0,0.0,-0.17699115044247815,2.0,2.176991150442478,0.0954954954954955,0.09864864864864864,1.8333333333333333,0.6,0.20024652037437804,-0.38485130516487887,0.5515179718315455,-0.0004916420845624386,-0.011988925693380156,0.3240165026602198,-0.02505989199891724,-0.7418259484649351,-0.004625943980637525,-0.05793721374984402,-0.34405380253445883,high
2017,oe:team:7d6673d3a9d00363c6bebc1a630da6e,6,-0.7469630762528943,0.0,0.011799410029498525,0.12640901771336552,0.10972168782865203,0.0,0.0,0.0,0.3908554572271384,2.8333333333333335,2.442477876106195,0.0857142857142857,0.09861111111111111,2.0,0.6,0.5352957154967111,0.04925186981041252,0.4507481301895875,-0.011799410029498525,0.016687329884713484,-0.8543001761876694,-0.020921507694027616,-0.12628174547404497,-0.011286522013051987,-0.06296253077842698,0.08143822743924163,low
2017,oe:team:9cae7677cd0dbcc1cd86653870b73c2,7,-0.2139650306236119,0.0,0.004464285714285714,0.1383219954648526,0.10586734693877552,-0.004464285714285714,0.0,0.004464285714285714,0.7410714285714286,2.5714285714285716,1.8303571428571428,0.05714285714285715,0.0631868131868132,1.5714285714285714,0.31428571428571433,-1.538977773452661,-0.09774784850061713,0.38346213421490283,-0.004464285714285714,0.03245464852607709,0.09462965131439605,-0.05100633205065355,-0.07135929789252418,-0.05917763199107655,-0.3175653199193528,-0.01225030539116849,mid
2017,oe:team:a22510a4756fa424cb0771b13261139,7,-0.1310542235257237,0.0,0.004464285714285714,0.14470443349753695,0.09732912561576355,-0.004464285714285714,0.0,0.004464285714285714,0.8437500000000001,2.5714285714285716,1.7276785714285714,0.12916666666666668,0.13139880952380953,2.142857142857143,0.7999999999999999,-0.3080857718014637,-0.1413304031994646,0.5699018317708932,-0.004464285714285714,0.047375307881773396,-0.06927709301824223,-0.03580288069245046,0.20654902914705497,0.024310645185874166,0.14968713205142595,-0.0874681830868282,mid
2017,oe:team:a9744fc5b0ca952b17ef07c0aa99602,4,0.5751171334804288,0.0,0.006521739130434782,0.11861313868613138,0.11059980958425895,-0.004347826086956522,0.0,0.004347826086956522,0.12608695652173907,2.5,2.373913043478261,0.1396551724137931,0.13405172413793104,3.0,0.65,-0.9166734413811383,-0.20497401548469824,0.20497401548469824,-0.006521739130434782,0.008013329101872427,0.7589278122073838,-0.0432034355710606,-0.5977525402662692,0.029130795266835582,0.008815182570119845,-0.13547040077919487,high
2017,oe:team:c334c629fea759876e9e04afbe4aee7,7,-1.0549175026164794,0.0,0.03125,0.16678058783321942,0.11062457279562542,0.0,0.0,0.0,0.44642857142857145,2.142857142857143,1.6964285714285714,0.09387755102040816,0.10674603174603174,1.8571428571428572,0.6285714285714287,-0.5153483310120499,-0.20600404260666255,0.49171832832094825,-0.03125,0.056156015037594,-0.9515802374270295,-0.03389861343072414,-0.2202782923451685,-0.012908903758016878,-0.018632761358061134,-0.14681493922808805,low
2017,oe:team:c5b7f439779b465529ff283c53f41c0,4,-0.3270252221207325,0.0,0.01594202898550725,0.16588785046728974,0.10312880942706218,0.0,0.0,0.0,1.6304347826086953,3.5,1.8695652173913044,0.1181818181818182,0.1181818181818182,1.5,0.7,-1.2570702004947694,0.20274777510723901,0.047252224892760986,-0.01594202898550725,0.06275904104022756,-0.0749584376699538,-0.04306004461141965,0.8581364114188343,0.004487002337674163,0.06392070634081143,0.2809999732848766,low
2017,oe:team:cd6e0eea04af23b9c0735dab41a9941,5,-0.0938873099990839,0.0,0.0061403508771929825,0.1183098591549296,0.08299357548801582,0.0,0.0,0.0,0.8973684210526315,3.2,2.3026315789473686,0.12137931034482759,0.12275862068965518,2.6,0.64,-0.34161474033219397,-0.1580879573316819,0.3580879573316819,-0.0061403508771929825,0.03531628366691378,-0.02538697558448083,-0.03175273045184063,0.2553942670498669,0.016211001697778327,-0.009809975540649269,-0.10336400463178626,mid
2017,oe:team:d15303823a1dccff9f3068fb357e356,6,-0.2388382727529785,0.0,0.004424778761061947,0.1280068728522337,0.10717544019706231,-0.004424778761061947,0.0,0.004424778761061947,0.7831858407079646,3.5,2.7168141592920354,0.07083333333333333,0.07312500000000001,1.3333333333333333,0.5,0.15946294402257472,-0.06740158630907978,0.4007349196424131,-0.004424778761061947,0.020831432655171386,-0.27081366404218776,-0.029988412045523674,0.2125450937415852,-0.029667962370021457,-0.15732551133804623,-0.02555589942762577,mid
2017,oe:team:d996d27c1737a1f7494fc09d6911339,7,-0.0330687242282192,0.047619047619047616,0.005208333333333333,0.13398402839396628,0.10542369121561668,0.0,0.0,0.0,0.7455357142857145,3.142857142857143,2.3973214285714284,0.10043290043290043,0.11139971139971139,2.142857142857143,0.7428571428571429,1.8107856900222865,-0.00447505700254941,0.2901893427168351,0.04241071428571428,0.028560337178349604,-0.3961661280436568,-0.005167201256450784,0.4099772335362415,0.015311943687808426,0.06076386476732519,-0.005070240946160126,mid
2017,oe:team:fbf53cf218dfaa8c2b2a864d13d2206,9,3.5951943354736584,0.3504273504273504,0.07814685314685314,0.12563543936092955,0.10499108734402852,0.6979797979797979,0.8888888888888888,0.19090909090909092,0.17525252525252527,1.8888888888888888,1.7136363636363636,0.11555555555555556,0.11492063492063492,2.111111111111111,0.6444444444444445,-1.1150865800344134,0.03416045926170541,0.6325062074049612,0.27228049728049725,0.020644352016901027,3.8187906696345206,0.6566734742995688,-0.576833061159582,0.003183168179433128,0.0062355748421806,0.10876351707000535,high
2017,oe:team:fc8e90107dabb9a35c490b0d86adea0,18,-0.4328495613620372,0.0,0.005775577557755776,0.12887067395264118,0.09976059081317967,0.0,0.0,0.0,0.7772277227722775,3.5,2.7227722772277225,0.09022222222222222,0.09981481481481481,2.4444444444444446,0.5777777777777778,1.3985597107033916,0.0768025259879288,0.5898641406787378,-0.005775577557755776,0.029110083139461507,-0.7132877174814514,-0.010258840179081814,0.3829847615682572,0.0012618129505509341,-0.09813262847216227,0.0868020180889561,low
2018,oe:team:056c3140a119e44a03d462e2c832f27,17,-0.9067582489175404,0.08470588235294117,0.10039215686274511,0.10902255639097745,0.08379404393336282,-2.6122894697062506e-17,0.29411764705882354,0.29411764705882354,0.4558823529411765,2.411764705882353,1.9558823529411764,0.10629514963880288,0.10804953560371516,2.411764705882353,0.7529411764705882,1.4518102512198392,-0.10241906290516822,0.74947788643458,-0.015686274509803935,0.025228512457614635,-1.1978741639345594,0.03197145247548235,0.05830465244808239,0.033976394957785,0.12621992369371998,-0.09192080932669133,low
2018,oe:team:0b63f14fd7de22a26869bb1c76f87fc,14,-0.4871488017057957,0.14285714285714285,0.08095238095238096,0.0922882427307206,0.07203961230509903,0.0,0.0,0.0,0.6523809523809524,2.5,1.8476190476190477,0.05773809523809524,0.05890376984126984,1.3571428571428572,0.5142857142857143,1.5189666450253827,-0.04138662849468855,0.5413866284946885,0.06190476190476189,0.02024863042562157,-0.791730867010373,0.03280093951841163,0.2643636344872057,-0.013955168089130056,-0.11344280003448039,-0.03261437054092084,low
2018,oe:team:418bd4b8f699d70c4509d7f9c768a3a,9,0.7122658128906086,0.04040404040404041,0.09483471074380165,0.09156378600823044,0.06515151515151514,-0.022727272727272728,0.0,0.022727272727272728,0.2166666666666667,1.6666666666666667,1.45,0.08009259259259259,0.08842592592592592,1.6666666666666667,0.6444444444444444,1.3576437454872938,-0.03240151442192546,0.4768459588663699,-0.05443067033976124,0.026412270856715298,0.44003209577600283,0.008081075359233044,-0.19431657530701332,0.006896775701785474,0.019135570958942985,-0.019483074652999664,high
2018,oe:team:4bd1751425ef6a9bc9d4d8e9385b4a6,6,-0.3999941065275103,0.18333333333333332,0.08938053097345132,0.0938818565400844,0.07356894813487173,0.11799410029498525,0.16666666666666666,0.048672566371681415,0.3643067846607669,1.3333333333333333,0.9690265486725664,0.08529411764705881,0.0963235294117647,1.5,0.5666666666666667,-0.0031365552798011303,-0.007398891669394891,0.3407322250027282,0.093952802359882,0.02031290840521266,-0.3993651667886475,0.13199467232627207,-0.24039710804735653,-0.0005759401359211511,-0.03823221175793542,0.0404931479642778,mid
2018,oe:team:50f58982d91a36557ec8aec52ab014f,6,-1.4936203690561995,0.0,0.005445881552076241,0.12535014005602244,0.07518405592325426,0.0,0.0,0.0,1.2920353982300885,3.0,1.7079646017699115,0.07551020408163266,0.08072562358276644,1.8333333333333333,0.5333333333333333,-0.6920886062271019,-0.4579183285220091,0.6245849951886757,-0.005445881552076241,0.05016608413276817,-1.3548432749384456,0.005490931071185985,0.5892523081973827,-0.01677671926880172,-0.06123212980806385,-0.39231943838333955,low
2018,oe:team:5203ff881d5c82c5f720eb3a2f3b44c,9,1.3707679542376543,0.1361111111111111,0.14761363636363634,0.10628019323671496,0.0585544889892716,-0.07121212121212121,0.3333333333333333,0.40454545454545454,0.9292929292929293,2.111111111111111,1.1818181818181819,0.06790123456790123,0.07073045267489712,1.2222222222222223,0.5777777777777778,0.37485389792784884,-0.002421347557785336,0.44686579200222976,-0.011502525252525236,0.047725704247443365,1.295602528589728,-0.0525427728288079,0.37839974836944534,-0.014448238697361419,-0.03279048260266698,0.03575590795112708,high
2018,oe:team:53a258f289c26d94431c0496a54e151,18,0.5018872066940201,0.1276595744680851,0.12144512323572784,0.07338820301783265,0.08798842847247687,0.012651265126512656,0.3888888888888889,0.37623762376237624,-0.0929592959295931,1.5555555555555556,1.6485148514851486,0.08909090909090908,0.09343434343434343,2.0,0.7111111111111111,0.15558961656931777,0.08331156787013094,0.6944662099076468,0.006214451232357254,-0.01460022545464422,0.47068849215355796,0.028612354920320215,-0.675066934648836,0.004699219077343556,0.10383153950506768,0.12712416454068548,mid
2018,oe:team:6db10eb2b230fe5af5947ce5d46bc9a,4,2.1233418300628486,0.11607142857142856,0.03819875776397516,0.11235955056179775,0.09208597948216903,0.7304347826086957,1.0,0.26956521739130435,0.7782608695652173,2.0,1.2217391304347827,0.07619047619047618,0.075,1.0,0.45,-0.5149895045000151,-0.14492267499356498,0.14492267499356498,0.0778726708074534,0.020273571079628724,2.226607143626185,0.7381131660112619,0.10068960337484432,-0.014446954823971842,-0.14722172719041515,-0.08387543299142246,high
2018,oe:team:73f3126d91d35faa5d5ce34abadb865,12,0.1478354060217123,0.09523809523809523,0.13451268357810411,0.09597924773022048,0.08053020109822175,-0.16510903426791276,0.16666666666666666,0.3317757009345794,0.2710280373831777,2.0,1.7289719626168223,0.07261904761904761,0.07400793650793651,1.4166666666666667,0.7666666666666666,1.0588330124841419,-0.14076119279777521,0.7240945261311086,-0.03927458834000888,0.015449046631998739,-0.06448100448755079,-0.13799146850709293,-0.18249389332017849,-0.0033598777640809936,0.145839578801739,-0.1201629776783003,mid
2018,oe:team:78f183fa5a7d8ecb22b9ad272c3abd7,17,1.7201772537279236,0.13494809688581316,0.05262399077277971,0.07745098039215687,0.07340686274509804,0.10294117647058823,0.11764705882352941,0.014705882352941176,-0.16666666666666677,1.1764705882352942,1.343137254901961,0.0542016806722689,0.06127450980392156,1.0588235294117647,0.5294117647058824,0.9704632555959519,0.2571504832106211,0.4487318697305554,0.08232410611303345,0.004044117647058823,1.5255806813412538,0.12896723680397532,-0.6327689138252026,-0.022600316286596284,-0.09008988781830428,0.2800199014889089,high
2018,oe:team:7cd8dc1c987b84b99e3d246d1943c92,7,-1.1106918525373122,0.20408163265306123,0.2346938775510204,0.07303370786516854,0.08211276083467094,-0.03571428571428571,0.2857142857142857,0.32142857142857145,-0.13392857142857145,1.8571428571428572,1.9910714285714286,0.05405405405405406,0.05386100386100386,1.1428571428571428,0.5142857142857143,-0.05816003575955046,-0.15182406140306276,0.5803954899744913,-0.030612244897959162,-0.0090790529695024,-1.0990296452940875,-0.022393340171684085,-0.7464656054881695,-0.03232848972386057,-0.08978788105374011,-0.10251785580271663,low
2018,oe:team:7d6673d3a9d00363c6bebc1a630da6e,24,0.5839861749658597,0.08620689655172414,0.20072595281306715,0.1072635135135135,0.09185633001422473,-0.19649122807017547,0.16666666666666666,0.3631578947368421,0.5004385964912282,1.9583333333333333,1.4578947368421051,0.09494949494949495,0.0960858585858586,1.7083333333333333,0.6833333333333335,1.0777470066545574,0.0843242142829238,0.49900911905040957,-0.11451905626134301,0.015407183499288768,0.3678771443707963,-0.16914004474585415,0.0496092615409226,0.01914673357918595,0.06222255931614274,0.10443631826191016,high
2018,oe:team:7e3dd5ff49e1a44784d225d2de40260,8,-0.3601519601602938,0.11805555555555557,0.13513513513513514,0.1537769784172662,0.07884503208244216,0.0011261261261261354,0.375,0.3738738738738739,1.3288288288288288,3.0,1.6711711711711712,0.09833333333333333,0.10652777777777778,2.125,0.65,-0.08287633459573955,0.14716504157970606,0.22783495842029394,-0.017079579579579576,0.07493194633482404,-0.3435336590022579,0.014141786520553328,0.7127731830641711,0.011720583161898602,0.04629711809377646,0.19710648414309986,mid
2018,oe:team:86e551648da70c86cb473ce5d5f26f7,5,-0.2370035077525346,0.0,0.016917293233082706,0.09504950495049505,0.06800416883793642,-0.05263157894736842,0.0,0.05263157894736842,0.843859649122807,1.8,0.956140350877193,0.09454545454545454,0.09454545454545454,1.4,0.48,-1.4607046582951724,-0.33624776206679813,0.5362477620667981,-0.016917293233082706,0.027045336112558632,0.0558959071757803,-0.056634264493298454,0.031656396491017535,-0.00490032096650074,-0.1030371879175466,-0.2508945660791266,mid
2018,oe:team:8eb884e168f28402ce685bedebb5250,6,-0.2598087767169347,0.0,0.11452368558042686,0.1097560975609756,0.06622778617166702,-0.30973451327433627,0.0,0.30973451327433627,1.592920353982301,3.0,1.407079646017699,0.10987654320987654,0.11049382716049383,2.3333333333333335,0.7000000000000001,-0.9733031537735943,0.12133682132475121,0.3786631786752488,-0.11452368558042686,0.04352831138930857,-0.06464275005354758,-0.3077170239747329,0.8501035677563236,0.014970401374299157,0.10965240180215143,0.19416324485473505,mid
2018,oe:team:b24f151e143d152c7cf8be9f13ec015,6,-0.9407089500825868,0.0,0.2247787610619469,0.11077844311377245,0.06634518573472524,-0.3274336283185841,0.0,0.3274336283185841,1.228613569321534,2.6666666666666665,1.4380530973451326,0.08095238095238096,0.07642857142857143,1.8333333333333333,0.5,-0.6558324735059576,0.025752660327433174,0.30758067300590014,-0.2247787610619469,0.044433257379047214,-0.8092019088131484,-0.32149487700847945,0.5309919014668941,-0.010996854558460698,-0.09510925958623748,0.09041972666051291,low
2018,oe:team:b3c72a20aa56f5d28022ac04a7dc294,9,-1.1304334565931402,0.11695906432748537,0.026315789473684213,0.09705215419501134,0.08265306122448979,0.09747474747474746,0.1111111111111111,0.013636363636363636,0.6267676767676768,2.2222222222222223,1.5954545454545455,0.1028322440087146,0.1262164124909223,1.8888888888888888,0.7111111111111111,0.7437792526775229,-0.24235762663851856,0.686802071082963,0.09064327485380116,0.014399092970521554,-1.2795755208070845,0.12070090399250336,0.1283947004314096,0.023918923379327,0.09500943386386076,-0.21366217192412196,low
2018,oe:team:c5b7f439779b465529ff283c53f41c0,4,0.5106835247231457,0.016666666666666666,0.12086956521739133,0.08069620253164557,0.0798569069895432,-0.3130434782608696,0.0,0.3130434782608696,-0.558695652173913,1.25,1.808695652173913,0.07857142857142857,0.08357142857142857,2.0,0.7,0.5697101064504932,-0.2408855452586252,0.2408855452586252,-0.10420289855072466,0.0008392955421023668,0.39644567663354374,-0.29196734936054597,-1.0818491079607426,-0.00196316353722175,0.08650914127558232,-0.2077163157067251,high
2018,oe:team:cd6e0eea04af23b9c0735dab41a9941,4,-0.3601519601602938,0.06666666666666667,0.10434782608695653,0.08043478260869566,0.06525519848771268,-0.05217391304347826,0.0,0.05217391304347826,0.38043478260869557,1.75,1.3695652173913044,0.112,0.1135,2.75,0.65,-1.8247116663344252,-0.08204610622276431,0.3320461062227643,-0.037681159420289864,0.015179584120982983,0.00573787009875576,-0.06067265740963455,-0.4835884988914652,0.009163881091886004,0.07242245992716859,0.01266248346068024,mid
2018,oe:team:d17e6a2f130f0cf8dd071ce88d5b870,6,-0.5375443737476613,0.17391304347826086,0.07233551365909967,0.12690355329949235,0.07591752392075828,0.15339233038348082,0.16666666666666666,0.01327433628318584,1.0457227138643066,2.3333333333333335,1.2876106194690267,0.10714285714285714,0.11726190476190475,1.6666666666666667,0.6333333333333333,-1.687323519384557,-0.3064361676419321,0.3064361676419321,0.1015775298191612,0.050986029378734074,-0.19920351283787635,0.14659054562592053,0.20125800564399457,0.005586364688175978,0.05369514364712033,-0.21525860943717307,low
2018,oe:team:d723992568441c6bafa2658129eade7,11,-1.4470086505962148,0.01515151515151515,0.029706790123456787,0.09442248572683357,0.08165593129361245,0.0,0.0,0.0,0.5021043771043773,2.6363636363636362,2.134259259259259,0.07906976744186046,0.10007047216349542,2.0,0.6545454545454545,0.07358708153053352,0.05108851851257401,0.5852751178510623,-0.014555274971941637,0.012766554433221111,-1.4617642776178548,0.014948229566396,-0.09167714052142562,-0.006085690155836397,0.04849581795109471,0.0970086735058972,low
2018,oe:team:e435aa3ecb82a89e60544f5f5857a81,8,0.9944810163250564,0.08796296296296297,0.0817484150817484,0.16260162601626016,0.07199882809638908,0.059684684684684686,0.375,0.3153153153153153,1.3175675675675675,2.75,1.4324324324324325,0.12685185185185185,0.1326388888888889,2.75,0.65,-0.7488465021915676,0.0762380233919642,0.1737619766080358,0.0062145478812145605,0.09060279791987108,1.1446391616540503,0.06447456650920066,0.6067044248368942,0.03403628824583691,0.05628583399719955,0.14329565594592825,high
2018,oe:team:e8d8ae992fe72acb7adc7bfcee31dbb,6,1.2654076116221271,0.04938271604938271,0.03425106522451655,0.09938837920489296,0.08041730940975886,-0.0663716814159292,0.0,0.0663716814159292,0.44690265486725655,2.0,1.5530973451327437,0.08266666666666667,0.10022222222222223,2.0,0.5,-1.117510165422989,0.11745748484659524,0.38254251515340476,0.015131650824866165,0.018971069795134105,1.4894899213279504,-0.06613537542418899,-0.31644343805241876,-0.013582612193274233,-0.08818467418002443,0.19399019242571894,high
2018,oe:team:fc8e90107dabb9a35c490b0d86adea0,22,-0.2598087767169343,0.14438502673796794,0.10794420861127958,0.08585858585858587,0.060055637375225006,0.0,0.0,0.0,0.6804123711340206,2.0,1.3195876288659794,0.0734006734006734,0.08535353535353535,1.4545454545454546,0.4454545454545455,0.46649930364759634,0.1781278568667587,0.45823577949687766,0.036440818126688354,0.025802948483360864,-0.35335087116217334,0.019801313223603012,0.14256582795422212,-0.008095219056505672,-0.16648828088415119,0.21394972132005544,mid
2019,oe:team:1fcd541d3a51d70860c46eaae858ba8,8,0.0320976868804489,0.10714285714285714,0.029124149659863947,0.045588235294117645,0.05367647058823529,0.3973214285714286,0.5,0.10267857142857142,-0.2767857142857142,0.75,1.0267857142857142,0.09875,0.12354166666666666,2.625,0.525,-0.9574842998986803,-0.24632637015200493,0.4963263701520049,0.0780187074829932,-0.008088235294117646,0.22409172869495747,0.2639863015804468,-0.9188518439810256,-0.004374605057867858,-0.0017753019566755686,-0.21197689309080398,mid
2019,oe:team:246827ba8505ab1bac1083d093120bc,8,0.2512931961859295,0.10227272727272727,0.03165584415584415,0.0873397435897436,0.06974015567765568,0.1830357142857143,0.25,0.06696428571428571,0.3839285714285714,1.625,1.2410714285714286,0.0769736842105263,0.08393640350877193,1.75,0.5,1.5027120443616775,0.00955782352446638,0.3654421764755336,0.0706168831168831,0.01759958791208792,-0.05002950864679884,0.08008787992594305,0.09209593385241618,-0.003236772919405327,-0.0636751565525209,-0.019322540766659388,high
2019,oe:team:3354e252e33ed55fd8fa14595ca1564,14,0.0250108212931471,0.020634920634920634,0.031865828092243184,0.09984639016897082,0.0592412254006898,-0.0660377358490566,0.0,0.0660377358490566,1.254043126684636,2.4285714285714284,1.1745283018867927,0.08803986710963455,0.09842192691029901,2.0,0.6,-0.6903895557487284,0.034640441880507744,0.6082167009766352,-0.01123090745732255,0.040605164768281014,0.16344722306887094,-0.1960738228387482,0.6500005983122645,-0.012597030618489158,0.06921861241302857,0.062125280540776866,mid
2019,oe:team:33d17f3717f58e12a3da80b377221fb,18,2.9778714826687422,0.22847222222222222,0.14393382352941178,0.06906906906906907,0.08050697756580111,0.7467320261437909,1.3888888888888888,0.6421568627450981,-0.02941176470588247,1.0,1.0294117647058825,0.11840277777777779,0.1363425925925926,2.5,0.6777777777777778,-0.01859354309165196,0.12116215158035948,0.6566156261974183,0.08453839869281043,-0.011437908496732041,2.9815998461418523,0.6249936760695763,-0.5378174289500983,0.024022955119022162,0.1369202939300555,0.13138106941258867,high
2019,oe:team:3413ca4510110b5181f3e4b24d52719,20,-1.3978137312342938,0.011111111111111112,0.03,0.14268292682926828,0.08089430894308942,-0.05500000000000001,0.0,0.05500000000000001,1.57,3.0,1.43,0.13192307692307692,0.15451923076923077,2.4,0.5599999999999999,-1.4165562834126038,-0.07154210508881309,0.6215421050888131,-0.018888888888888886,0.06178861788617886,-1.1137669157001864,-0.19400538771402254,0.8625803938249537,0.024522697956207623,0.040110201096855175,-0.025393956448165445,low
2019,oe:team:50b9075ca20fb326456aded56aa7937,5,0.1240019596554524,0.0782608695652174,0.03572778827977316,0.0696629213483146,0.06980947728382998,-0.05217391304347826,0.0,0.05217391304347826,-0.19565217391304338,0.8,0.9956521739130434,0.060952380952380945,0.05952380952380952,0.6,0.36,1.1384675587730857,0.06349378328171315,0.13650621671828686,0.04253308128544424,-0.00014655593551538004,-0.10428271102444393,-0.1596207394445587,-0.5393386476557551,-0.0226506314279412,-0.1982119468428917,0.043974916129203234,mid
2019,oe:team:53a258f289c26d94431c0496a54e151,14,0.0250108212931467,0.06507936507936508,0.05125786163522012,0.07142857142857142,0.07133488043587932,-0.07008086253369272,0.07142857142857142,0.14150943396226415,0.22843665768194063,1.7142857142857142,1.4858490566037736,0.09036544850498339,0.11691583610188261,1.8571428571428572,0.6285714285714287,1.2723164408960175,0.054916814523538804,0.5165117569050326,0.013821503444144963,9.369099269210257e-05,-0.23011312797738004,-0.175874444811019,-0.09619509243616009,0.008009098039312547,0.06835191664143517,0.03195787901975114,mid
2019,oe:team:5737b101780a9835142549164be1ac4,8,1.7686047356292125,0.13749999999999998,0.11283482142857143,0.06395348837209303,0.07044227574750832,-0.05357142857142857,0.0,0.05357142857142857,-0.0044642857142858094,1.0,1.0044642857142858,0.08571428571428572,0.09692460317460316,1.375,0.525,2.1975426297768768,0.03360292470345394,0.34139707529654606,0.024665178571428553,-0.006488787375415292,1.3279551170451862,-0.14793701282852567,-0.19738085794106125,0.011975446533142267,-0.04909674246796342,-0.013135375107755629,high
2019,oe:team:6f0162b86d2a0d206ba9a08a1da14be,14,0.212681521105018,0.027874564459930314,0.026806258628624024,0.10393772893772894,0.08009796806966618,-0.03706199460916442,0.07142857142857142,0.10849056603773585,0.4730458221024259,2.142857142857143,1.669811320754717,0.10277777777777777,0.09715608465608465,2.7142857142857144,0.6571428571428573,-0.2158633269425071,-0.09998308634857195,0.5285545149200005,0.0010683058313062897,0.023839760868062762,0.25596627535488325,-0.1612369366501773,-0.06344316380384526,0.006560594040335767,0.1192441722370295,-0.08469411093106194,mid
2019,oe:team:73f3126d91d35faa5d5ce34abadb865,6,-0.2952105126515841,0.010416666666666666,0.031661184210526314,0.11041666666666666,0.06762609649122807,-0.0043859649122807015,0.0,0.0043859649122807015,1.1359649122807018,2.5,1.3640350877192982,0.10462962962962963,0.17407407407407408,2.0,0.5,-0.3175694702810822,-0.04864172283765822,0.5486417228376582,-0.02124451754385965,0.042790570175438594,-0.23153171795739502,-0.1298171377200905,0.584997042266443,0.007465159868014356,-0.036373220521875936,-0.030738783976596927,low
2019,oe:team:76b516358ee227ba806ba5d955b6314,11,-0.7660183661656408,0.007905138339920948,0.009772636617471082,0.08630609896432681,0.049761932412031126,-0.0045871559633027525,0.0,0.0045871559633027525,0.8953294412010009,1.9090909090909092,1.0137614678899083,0.06597402597402596,0.0806060606060606,1.7272727272727273,0.5818181818181819,0.09131105143417562,0.02303595873152442,0.6133276776321119,-0.0018674982775501343,0.036544166552295684,-0.7843279904895435,-0.12496801150942301,0.4025697923776773,-0.027382150688831805,0.0393122671178247,0.03043020360951055,low
2019,oe:team:78f183fa5a7d8ecb22b9ad272c3abd7,10,0.3614579754377598,0.32249999999999995,0.06477272727272727,0.1286713286713287,0.07749523204068658,0.5681818181818181,0.7,0.1318181818181818,1.1681818181818184,2.6,1.4318181818181817,0.12303030303030302,0.11419191919191918,2.7,0.7,-0.44716186192096974,0.02305460353363903,0.47694539646636097,0.2577272727272727,0.05117609663064211,0.4511225404072251,0.44114997559953,0.5987651784252581,0.024658816097355353,0.1655705025551036,0.04428821410428787,high
2019,oe:team:7b13b2cc48c457832262d00d5ffa6d6,14,0.095241020806945,0.12142857142857143,0.13596698113207548,0.140625,0.07803655660377358,-0.17318059299191374,0.14285714285714285,0.3160377358490566,1.3942048517520218,2.7857142857142856,1.391509433962264,0.09343629343629345,0.12229729729729731,2.0,0.5142857142857143,-0.47185821250668236,-0.0992083695205675,0.527779798091996,-0.014538409703504049,0.06258844339622642,0.18985767968282818,-0.30051747433012144,0.8212724401228578,-0.005165214093149055,-0.019773368924648697,-0.07734003467957368,mid
2019,oe:team:7bd8d762a338118fce3df129202eaed,5,-1.6173421560814698,0.04,0.04,0.11485148514851484,0.0490314248816186,0.0,0.0,0.0,1.5695652173913044,2.4,0.8304347826086957,0.09142857142857144,0.10285714285714284,2.0,0.44000000000000006,-1.2058485654147175,0.08638213545887363,0.3136178645411264,0.0,0.06582006026689624,-1.3755462959146794,-0.13640281613415892,0.8921419568587621,-0.014009286200915329,-0.0830501499761327,0.12711485633831848,low
2019,oe:team:7d6673d3a9d00363c6bebc1a630da6e,18,0.2430682239793446,0.03333333333333333,0.046568627450980386,0.10660660660660662,0.0860272036742625,-0.12254901960784312,0.0,0.12254901960784312,0.29411764705882354,1.6666666666666667,1.3725490196078431,0.06923076923076923,0.09426638176638177,1.5,0.3888888888888889,1.3046809583677794,0.10258365287605198,0.5085274582350592,-0.013235294117647053,0.020579402932344115,-0.018545434335432126,-0.22794284921275496,-0.025906691134073928,-0.01282413970862083,-0.17181605014596105,0.07879291250028392,high
2019,oe:team:8eb884e168f28402ce685bedebb5250,6,0.7770060030567983,0.06862745098039216,0.041408668730650154,0.12666666666666668,0.06649122807017543,-0.017543859649122806,0.0,0.017543859649122806,0.9956140350877193,2.1666666666666665,1.1710526315789473,0.13055555555555556,0.1587962962962963,2.6666666666666665,0.7999999999999999,-0.7060583037528989,0.005699168145483047,0.49430083185451695,0.02721878224974201,0.06017543859649124,0.9185842905635071,-0.14777348031017284,0.3893409041281038,0.02977271987802764,0.26945362394956773,0.03358671143248031,high
2019,oe:team:9cae7677cd0dbcc1cd86653870b73c2,6,0.3614579754377603,0.13333333333333333,0.03848684210526316,0.14285714285714288,0.0849310776942356,0.23684210526315794,0.3333333333333333,0.09649122807017545,0.618421052631579,2.0,1.381578947368421,0.07474747474747474,0.06801346801346801,1.8333333333333333,0.6333333333333333,0.6036450603802843,-0.07167384638476113,0.23834051305142778,0.09484649122807018,0.057926065162907284,0.24041551554986673,0.12278938018966759,0.1985972609414588,-0.013836848117253265,0.08314305210722159,-0.07744716765678619,high
2019,oe:team:b41d715b166da7092724123264e4560,6,0.1844652970074287,0.0,0.01770630279402209,0.0915032679738562,0.05804953560371517,-0.05701754385964911,0.0,0.05701754385964911,0.6710526315789473,1.5,0.8289473684210527,0.075,0.08090277777777778,1.3333333333333333,0.39999999999999997,-0.40070896737693845,0.08720390525408134,0.41279609474591866,-0.01770630279402209,0.033453732370141036,0.264815162009035,-0.18347562016374183,0.10824902476715809,-0.022938826954508926,-0.1351262325076201,0.10724362365460807,mid
2019,oe:team:d15303823a1dccff9f3068fb357e356,6,-1.3801698392427493,0.0606060606060606,0.06459330143540669,0.034482758620689655,0.054567453115547476,0.05701754385964911,0.16666666666666666,0.10964912280701754,-0.5789473684210525,0.8333333333333334,1.412280701754386,0.10537634408602149,0.11917562724014337,2.8333333333333335,0.6,-0.6950956290210792,-0.27207328977644507,0.27207328977644507,-0.003987240829346088,-0.02008469449485782,-1.2407897791441376,-0.07307667053357449,-1.1836598532707552,0.004695614222558698,0.06928919760021181,-0.24446749968597917,low
2019,oe:team:e435aa3ecb82a89e60544f5f5857a81,4,0.2207432994186149,0.35416666666666663,0.04956896551724138,0.07865168539325842,0.051724137931034475,0.9612068965517241,1.0,0.03879310344827586,0.4525862068965517,1.25,0.7974137931034483,0.1523809523809524,0.21349206349206348,2.5,0.55,-1.328056051149015,-0.044086272859452935,0.29408627285945294,0.30459770114942525,0.02692754746222395,0.4870441140046051,0.8232946258411463,-0.2422345083520259,0.04580486023105838,0.028782808789390178,-0.00021268074301358797,mid
2019,oe:team:e84133caa1e561518201cc7d33f14ed,11,-1.2376323975110577,0.0855614973262032,0.04398273070696168,0.047138047138047146,0.07587010339303919,-0.0045871559633027525,0.0,0.0045871559633027525,-0.8148457047539616,0.8181818181818182,1.63302752293578,0.07227272727272728,0.08575757575757575,1.4545454545454546,0.5454545454545454,1.4923079412721918,0.09348149118839733,0.3610639633570572,0.04157876661924152,-0.028732056254992047,-1.5368688793072134,-0.10766349735296335,-1.1081594701945245,-0.008034633162424752,-0.018064562621561052,0.06486852416793908,low
2019,oe:team:ef69efa6acebe94107f0cf1ba716806,18,-0.6575662326416748,0.0699588477366255,0.03413217138707335,0.09227330779054917,0.0624577417173766,0.11764705882352941,0.16666666666666666,0.049019607843137254,0.892156862745098,2.3333333333333335,1.4411764705882353,0.1172514619883041,0.15092592592592594,2.3333333333333335,0.6666666666666666,-0.34494723330989585,0.04034717095899765,0.6818750512632246,0.03582667634955215,0.029815566073172567,-0.5883976692063189,-0.00812227239943508,0.3372914950476309,0.019831997086385583,0.13070407819750454,0.058953749436844866,low
2019,oe:team:f589eafcf087c11af27e475bafb047f,4,-0.7466700982130087,0.0,0.046182266009852216,0.09736842105263158,0.07903811252268603,-0.11206896551724138,0.0,0.11206896551724138,0.125,1.5,1.375,0.09285714285714285,0.11607142857142856,2.0,0.4,0.09950481148526562,0.04725677174585208,0.20274322825414792,-0.046182266009852216,0.01833030852994555,-0.7666227292264556,-0.23234861524497102,-0.3665931853404496,-0.00042271752700216,-0.14262881080789097,0.054440427680675946,low
2019,oe:team:fc8e90107dabb9a35c490b0d86adea0,6,0.4384113138857303,0.07222222222222223,0.035672514619883036,0.05228758169934641,0.06256449948400412,0.47807017543859653,0.5,0.021929824561403508,-0.08333333333333326,1.5,1.5833333333333333,0.03888888888888889,0.06435185185185184,0.6666666666666666,0.2333333333333333,-0.4862971929199095,-0.10666875798423081,0.4400020913175641,0.03654970760233919,-0.010276917784657717,0.5359232664071691,0.3505549499921486,-0.6583212778652116,-0.059847102595010804,-0.30050918330948595,-0.08442932494087291,high
2020,oe:team:1d0389df0c5eea93b04122ba167c010,9,1.5208674597818266,0.11411411411411414,0.01698841698841699,0.11017740429505135,0.09983993597438974,-0.004761904761904762,0.0,0.004761904761904762,0.4523809523809523,2.6666666666666665,2.2142857142857144,0.06079664570230608,0.06079664570230609,1.0,0.6666666666666666,2.5900072305801576,-0.13873390153048015,0.5831783459749246,0.09712569712569714,0.01033746832066161,1.0015211304681175,0.01953092300027119,-0.13147614280197045,-0.02604444110659583,-0.017071285811762406,-0.1793068241769621,high
2020,oe:team:274c62a6d7e34e0e66e5f267a39d5f7,6,-1.704876612000194,0.0,0.004629629629629629,0.1761904761904762,0.10798941798941801,0.0,0.0,0.0,0.9166666666666666,3.1666666666666665,2.25,0.1787037037037037,0.1787037037037037,3.5,0.7333333333333334,-1.3936627037628464,-0.19827899778563043,0.3649456644522971,-0.004629629629629629,0.06820105820105819,-1.4254204000812314,-0.024911758824359257,-0.23430558410539337,0.054758910768024714,0.10934542547148197,-0.13646707682554643,low
2020,oe:team:2cb996a4b0ffaca3bcf66fe91450243,7,1.2667685369676358,0.0,0.0026702269692923893,0.10638297872340426,0.09176774706701132,-0.009345794392523364,0.0,0.009345794392523364,0.457943925233645,2.0,1.542056074766355,0.09732142857142857,0.09575892857142856,1.8571428571428572,0.5142857142857143,0.8832071757119668,0.03106481772527936,0.25464946798900634,-0.0026702269692923893,0.014615231656392932,1.0896684890164985,-0.006134630641127337,-0.36889318451611175,-0.005416710125995481,-0.1438523815000767,0.03435859577577124,high
2020,oe:team:2e66da41dc460dd378e3bcc57042d31,6,-1.6759730725573456,0.0,0.008487654320987652,0.1903353057199211,0.10878259916721454,-0.009259259259259259,0.0,0.009259259259259259,1.6296296296296298,3.8333333333333335,2.2037037037037037,0.15238095238095237,0.16095238095238093,3.0,0.6,-1.1226884684899994,0.15680064151854228,0.3431993584814577,-0.008487654320987652,0.08155270655270656,-1.4508524133603804,-0.030824060267847092,0.5172332644430186,0.03096000016481081,-0.028052180985464487,0.21164821674791132,low
2020,oe:team:4880b157399745e82e26e229d8bbf48,11,0.0424737270447197,0.012121212121212121,0.012297734627831713,0.1291866028708134,0.10162238119570771,-0.009708737864077669,0.0,0.009708737864077669,0.474845542806708,2.727272727272727,2.2524271844660193,0.12672176308539945,0.12699724517906333,3.6363636363636362,0.7636363636363637,-0.5506880873933745,0.13137649786994965,0.41407804758459577,-0.0001765225066195919,0.027564221675105693,0.1528972939783428,-0.02420843489992842,-0.5561208619491684,0.01062839432732716,0.12700489549746707,0.1715230133913857,mid
2020,oe:team:4f5a0b869cd5960c307d1c45e9399a3,8,0.9253454772989922,0.0,0.006918238993710692,0.12061403508771928,0.08829857663025487,-0.009433962264150943,0.0,0.009433962264150943,0.7735849056603774,2.75,1.9764150943396226,0.082,0.085,1.75,0.42500000000000004,0.5188402634182832,-0.17058645761776825,0.5455864576177683,-0.006918238993710692,0.03231545845746442,0.821308012412809,-0.01072330271634423,-0.10512346891871445,-0.024131834224133304,-0.22767304982938127,-0.15792803592323695,high
2020,oe:team:50f58982d91a36557ec8aec52ab014f,9,0.3183711489991795,0.04938271604938271,0.01904761904761905,0.13866666666666666,0.09546666666666666,0.21746031746031746,0.2222222222222222,0.004761904761904762,1.592063492063492,3.4444444444444446,1.8523809523809522,0.12181069958847737,0.12530864197530864,2.5555555555555554,0.8444444444444444,0.9099516194477896,-0.05085460143561271,0.6064101569911683,0.030335097001763664,0.0432,0.13590832502188202,0.2210018171379315,0.7690337206776972,0.019321657326564545,0.18590521559974085,-0.04824818597649185,mid
2020,oe:team:5203ff881d5c82c5f720eb3a2f3b44c,12,0.7852744784605739,0.011111111111111112,0.00392156862745098,0.16810344827586207,0.11354800540906017,-0.00980392156862745,0.0,0.00980392156862745,0.7745098039215687,2.6666666666666665,1.8921568627450978,0.08525641025641027,0.08461538461538463,1.3333333333333333,0.38333333333333336,-1.0229530017576562,0.13287046704590744,0.28379619962075925,0.007189542483660131,0.054555442866801904,0.9903962558249852,-0.030136832764690084,-0.32368822263109737,-0.035235610720686726,-0.24621475436260898,0.18515472745961195,high
2020,oe:team:5f401785b6b78326f9a46b3c6b206ed,17,0.6046797944236192,0.032454361054766734,0.030927835051546386,0.17909025958561564,0.1101465002712968,-0.003032140691328073,0.058823529411764705,0.06185567010309277,1.572771376591874,3.588235294117647,2.015463917525773,0.14628190899001112,0.15221975582685907,3.3529411764705883,0.7999999999999999,-0.4263284599580007,-0.06711393033694635,0.7141727538663581,0.0015265260032203479,0.06894375931431884,0.6901668610800153,-0.015995800817277986,0.5595088053925923,0.03134681969445624,0.1615032936736454,-0.030163598539511893,high
2020,oe:team:6a0084dacefb228be863fbb64cefe11,10,-1.0823388393850015,0.0,0.00206043956043956,0.12661290322580646,0.10084522332506204,0.0,0.0,0.0,1.0538461538461537,3.4,2.3461538461538463,0.1030769230769231,0.10461538461538462,2.6,0.64,0.32257372918027305,-0.3785747922842645,0.7785747922842645,-0.00206043956043956,0.02576767990074441,-1.1470210843628594,-0.0037135407090215485,0.14719728019564798,-0.004882928008273066,-0.009729298371368957,-0.36087209765940687,low
2020,oe:team:78f183fa5a7d8ecb22b9ad272c3abd7,11,-0.6154355099236083,0.0,0.005393743257820928,0.12490761271249076,0.09057542031730997,0.0,0.0,0.0,0.846425419240953,2.5454545454545454,1.6990291262135921,0.13426573426573427,0.13583916083916084,2.6363636363636362,0.6545454545454545,0.10051512478994398,0.13667132041719232,0.4087832250373531,-0.005393743257820928,0.03433219239518079,-0.635590728211734,-0.006456313581044417,-0.0918357119645946,0.024237640244748837,0.008146756283656473,0.16008117348055292,low
2020,oe:team:7d6673d3a9d00363c6bebc1a630da6e,14,-0.6300262389692768,0.03896103896103896,0.019090909090909092,0.08998144712430427,0.08376623376623378,0.0,0.0,0.0,0.36999999999999983,1.5,1.1300000000000001,0.0642857142857143,0.0685267857142857,0.7857142857142857,0.4714285714285714,1.0802444325743348,0.06661684580078453,0.5048117256277869,0.019870129870129868,0.006215213358070487,-0.8466360515578633,0.0056448836443210165,-0.4287868906241638,-0.03661722907797454,-0.18966483568639383,0.0648465424737997,low
2020,oe:team:8d47748b0e2a0ac34c90891889805a8,19,-0.0774816738050457,0.02631578947368421,0.007105263157894737,0.11144057326414629,0.08636026686434396,-0.005263157894736842,0.0,0.005263157894736842,0.7526315789473683,2.210526315789474,1.4578947368421054,0.13318077803203662,0.13712814645308927,3.3157894736842106,0.7894736842105263,-0.7313294622909577,0.09969645739072419,0.5318824899776968,0.019210526315789473,0.025080306399802327,0.06916396767244924,-0.021994059904582204,-0.3040509275737951,0.01540492437963227,0.15555160976830168,0.14448566149394262,mid
2020,oe:team:8eb884e168f28402ce685bedebb5250,11,-1.4606915373968212,0.0,0.003236245954692556,0.15584415584415587,0.09611650485436894,0.0,0.0,0.0,1.5216240070609004,3.1818181818181817,1.6601941747572815,0.109717868338558,0.11964472309299895,2.0,0.6,-1.2169932202424136,0.19334155765766325,0.4430220787059731,-0.003236245954692556,0.059727650989786926,-1.216660959308052,-0.02272961295325228,0.3958024196936555,-0.012581433704012471,-0.026637728177468154,0.25061287215726863,low
2020,oe:team:a22510a4756fa424cb0771b13261139,6,-0.0517351487446082,0.0,0.014917695473251025,0.1343804537521815,0.10822668217956177,-0.009259259259259259,0.0,0.009259259259259259,0.8055555555555558,3.0,2.194444444444444,0.10650406504065041,0.10264227642276423,2.5,0.8333333333333334,0.8737855443575635,-0.2901311394198242,0.2901311394198242,-0.014917695473251025,0.026153771572619722,-0.2269459781629617,-0.006164467467238579,-0.02262281740614351,0.0036781737314964223,0.17533655018213926,-0.2865952147385527,mid
2020,oe:team:af4b23d4634c4e6ecb5659fb1e689e9,5,-0.9822881259289892,0.0,0.022935779816513763,0.20400000000000001,0.09660550458715596,-0.009174311926605505,0.0,0.009174311926605505,2.2449541284403667,3.8,1.5550458715596331,0.14476190476190476,0.15476190476190474,3.0,0.6799999999999999,-1.2409564724528324,-0.022314731274612393,0.2223147312746124,-0.022935779816513763,0.10739449541284406,-0.7334524542764034,-0.03219990871830724,1.1157211330675099,0.0222394101651038,0.05372169050237456,0.035572466034137676,low
2020,oe:team:b42d0f31f2727621b963042276817c4,10,-0.2334236949097406,0.05555555555555556,0.014957264957264956,0.12233009708737866,0.10378547423450338,0.09519230769230769,0.1,0.004807692307692308,0.6875,2.5,1.8125,0.12,0.13011363636363638,1.9,0.82,-0.1616213739174962,-0.14994796605674243,0.6499479660567424,0.04059829059829061,0.01854462285287528,-0.20101549685853748,0.08549819623625718,-0.28807887682710587,0.007530379503817968,0.17753301991554785,-0.11980090713394098,low
2020,oe:team:bcb21457414eb9be1d27489ff7e8e59,5,1.4856294726526642,0.0,0.010448521916411825,0.15084745762711865,0.09426994246617945,-0.013761467889908258,0.0,0.013761467889908258,1.115596330275229,3.4,2.284403669724771,0.09846153846153846,0.09576923076923077,2.2,0.64,0.6666929072643728,0.03434097218734311,0.1656590278126569,-0.010448521916411825,0.0565775151609392,1.351944705259301,-0.013224595745155334,0.2579362545012612,-0.006293203498991665,-0.014890653750409908,0.0431994129430681,high
2020,oe:team:cd62e47544f14f1d239afa659b9d243,6,0.0849194842684827,0.0,0.006944444444444445,0.1285310734463277,0.08709981167608287,-0.009259259259259259,0.0,0.009259259259259259,0.9351851851851852,2.6666666666666665,1.7314814814814816,0.10000000000000002,0.10512820512820514,2.0,0.6333333333333333,-1.0938834108372268,-0.2739852020097965,0.4406518686764631,-0.006944444444444445,0.04143126177024482,0.3042641746646632,-0.030468272520175737,-0.17311049269004097,-0.021152663323806484,0.004849112668803383,-0.2198779494907585,mid
2020,oe:team:e84133caa1e561518201cc7d33f14ed,14,0.158641062604492,0.015873015873015872,0.01111111111111111,0.09359605911330049,0.0917816091954023,0.0,0.0,0.0,0.2614285714285714,2.0714285714285716,1.81,0.09473684210526315,0.10037593984962405,2.2857142857142856,0.4571428571428572,0.1482197992131066,-0.008157362415506464,0.436728790986935,0.004761904761904762,0.0018144499178981838,0.1289201383753734,-0.005867085853365192,-0.6700413234788608,-0.014846932920965374,-0.18997135130733037,0.014026426312550912,mid
2020,oe:team:ef69efa6acebe94107f0cf1ba716806,17,-0.1151819426435434,0.00980392156862745,0.023768613974799544,0.14795008912655971,0.09663646777048839,-0.041237113402061855,0.0,0.041237113402061855,1.388114008489994,3.4705882352941178,2.082474226804124,0.08235294117647059,0.08165266106442577,1.8235294117647058,0.5176470588235295,0.34721647434862224,0.28000352532199635,0.5435258864427095,-0.013964692406172093,0.05131362135607133,-0.18480553260927962,-0.044646277466343656,0.4849732754461714,-0.025377388590455446,-0.132451849768453,0.29707287339664235,mid
2020,oe:team:fcec508e780bbd1ad493852640f5b36,15,1.4364817537619907,0.03333333333333333,0.012432012432012434,0.10443159922928709,0.08860279091492965,0.0,0.0,0.0,0.3292929292929295,2.4,2.0707070707070705,0.09859649122807017,0.09929824561403508,2.3333333333333335,0.7200000000000001,0.5198503602163482,-0.0859545522613705,0.6859545522613705,0.0209013209013209,0.015828808314357443,1.3322417450148745,-0.001276864168720926,-0.5492716479303984,-0.007525935004092744,0.06731179998755989,-0.07332209120223368,high
2021,oe:team:056c3140a119e44a03d462e2c832f27,21,-1.020050934956264,0.033126293995859216,0.04717391304347827,0.09470603884011705,0.093463687150838,-0.05238095238095238,0.047619047619047616,0.1,0.06476190476190469,1.9047619047619047,1.84,0.06214285714285714,0.07908730158730158,1.5238095238095237,0.44761904761904764,1.0678861117936296,-0.005971976350090946,0.62501959539771,-0.014047619047619052,0.0012423516892790532,-1.2341826662259412,-0.21439295939003444,-0.30542056150354857,-0.018724916159368835,-0.11321467051400548,-0.007019679973029776,low
2021,oe:team:0edc9f071bd123368afdc0c53a3db20,9,0.699713247200949,0.2222222222222222,0.04538690476190475,0.07496653279785809,0.0708907056798623,0.7013888888888888,0.8888888888888888,0.1875,0.03720238095238108,1.6666666666666667,1.6294642857142856,0.08333333333333333,0.08462962962962964,2.2222222222222223,0.4444444444444444,-0.6717722191874564,0.09230570132772381,0.3521387431167206,0.17683531746031744,0.004075827117995784,0.834416514454678,0.5178893665011354,-0.5806378032733298,-0.013737532227430143,-0.0902965841317708,0.13596919343183084,high
2021,oe:team:33d17f3717f58e12a3da80b377221fb,7,-0.1743316077307174,0.09523809523809525,0.045614035087719294,0.0979020979020979,0.08449883449883451,0.3696741854636592,0.5714285714285714,0.20175438596491227,0.25877192982456143,2.0,1.7412280701754386,0.1142857142857143,0.1449579831932773,2.857142857142857,0.6,-0.11678694625127153,-0.371300423068904,0.6570147087831897,0.04962406015037595,0.013403263403263393,-0.15091357586917353,0.1930296037126842,-0.2800605643569711,0.02238395430124136,0.0569348895179003,-0.34190068306023497,mid
2021,oe:team:3a1d18f46bcb3716ebcfcf4ef068934,17,-0.4546260282372587,0.05514705882352941,0.04071514423076923,0.10084033613445377,0.07774725274725275,0.16430995475113122,0.29411764705882354,0.1298076923076923,0.5687217194570137,1.8235294117647058,1.2548076923076923,0.09411764705882353,0.11712099473935915,2.0588235294117645,0.6941176470588236,2.200257593866439,0.031421548828788115,0.556813745288859,0.014431914592760178,0.02309308338720102,-0.8958200494073028,0.016284515795148648,0.35974363001610116,0.023796726128818942,0.11629977921168305,0.0012706115024072942,mid
2021,oe:team:4880b157399745e82e26e229d8bbf48,6,1.363339896315731,0.2857142857142857,0.04596273291925466,0.08816425120772947,0.08991808443604286,0.8173913043478261,1.0,0.18260869565217389,0.2202898550724638,1.3333333333333333,1.1130434782608696,0.09901960784313725,0.10833333333333334,2.0,0.5333333333333333,-0.21953869388432115,0.06810566122293443,0.43189433877706557,0.23975155279503105,-0.0017538332283133923,1.4073616324193823,0.6394775769731784,-0.3331703754191511,0.006160823127442902,-0.00819063001391504,0.10014623789355094,high
2021,oe:team:4bd1751425ef6a9bc9d4d8e9385b4a6,6,0.1493887089106403,0.04545454545454545,0.0313570487483531,0.12174940898345155,0.08550724637681158,-0.020289855072463777,0.16666666666666666,0.18695652173913044,0.5159420289855073,1.8333333333333333,1.317391304347826,0.09898989898989898,0.14242424242424243,2.0,0.4666666666666666,-0.651960440189943,0.08519155650431726,0.41480844349568274,0.014097496706192349,0.03624216260663997,0.28011933293077185,-0.20354467084265523,-0.09907775086086194,0.00210355936574366,-0.06837151370639555,0.12834586337780532,mid
2021,oe:team:50f58982d91a36557ec8aec52ab014f,16,-0.4980519243720752,0.004807692307692308,0.02545787545787546,0.12248322147651006,0.07500798977309044,0.0,0.0,0.0,1.1083333333333334,2.375,1.2666666666666666,0.08088235294117647,0.10839460784313726,1.875,0.6,0.7150413556563361,0.1094172411675044,0.5155827588324956,-0.020650183150183153,0.04747523170341962,-0.6414314867852791,-0.16637019446966686,0.68791989611054,-0.003271799091181818,0.04445850995546838,0.1174380486837726,mid
2021,oe:team:67169969ecc058b307edfa9c6b7a3c0,9,0.6496837437200109,0.05128205128205128,0.03142170329670329,0.13233458177278404,0.09124197431781703,0.1284722222222222,0.2222222222222222,0.09375,0.8303571428571428,2.0,1.1696428571428572,0.1272727272727273,0.15867003367003366,2.2222222222222223,0.5777777777777778,-0.5032424792309114,-0.23613309341261118,0.5694664267459445,0.01986034798534799,0.04109260745496701,0.7505935524871318,-0.052945692924276276,0.2365088483391859,0.031771539433268575,0.0405090148140287,-0.1968010071109158,high
2021,oe:team:6a0084dacefb228be863fbb64cefe11,11,0.1493887089106403,0.04132231404958678,0.05413223140495868,0.10869565217391304,0.0916501976284585,-0.0090909090909091,0.18181818181818182,0.19090909090909092,0.6727272727272728,2.1818181818181817,1.5090909090909088,0.09752066115702479,0.12107438016528925,2.090909090909091,0.5272727272727272,-1.6105286424429934,-0.12751894937551533,0.491155313011879,-0.012809917355371903,0.017045454545454544,0.47233071804163507,-0.20418554916487747,-0.0787542532283893,-0.00829373562674957,0.006611865753039944,-0.05972835056734127,mid
2021,oe:team:73f3126d91d35faa5d5ce34abadb865,12,-0.7678188549065397,0.05555555555555555,0.01643730886850153,0.09057971014492754,0.09114479457518948,0.0,0.0,0.0,0.2996941896024465,2.1666666666666665,1.8669724770642204,0.09999999999999999,0.13371913580246914,1.8333333333333333,0.65,-1.020301184991803,0.018811982647206182,0.5645213506861272,0.03911824668705402,-0.0005650844302619445,-0.5632288178736214,-0.1878044030526883,-0.3677625697730956,-0.0003170472316871599,0.12048646807892971,0.07143306517531034,low
2021,oe:team:78f183fa5a7d8ecb22b9ad272c3abd7,6,2.40071636555281,0.03333333333333333,0.025869565217391307,0.14634146341463414,0.07730646871686107,0.07971014492753621,0.16666666666666666,0.08695652173913045,0.9942028985507245,2.3333333333333335,1.3391304347826087,0.10303030303030304,0.11784511784511785,2.1666666666666665,0.6,-0.5129655244108016,-0.27755774734260075,0.44422441400926743,0.007463768115942026,0.06903499469777306,2.5035758321294947,-0.10182786511294792,0.39897043155591233,0.007438555225546523,0.06287707049958552,-0.23797576773234064,high
2021,oe:team:7e3dd5ff49e1a44784d225d2de40260,4,1.800362323781565,0.20312499999999997,0.0373931623931624,0.07692307692307693,0.08919570458031996,0.33760683760683763,0.5,0.1623931623931624,0.3141025641025641,1.75,1.435897435897436,0.1,0.096875,2.5,0.5,-0.617374233794829,-0.2852387937262521,0.2852387937262521,0.16573183760683757,-0.012272627657243032,1.92415774734198,0.15477921586007592,-0.29599352423715986,0.003435794603648382,-0.03555693002082058,-0.24297339165438436,high
2021,oe:team:89008bdacc273b554227d6b76869381,13,-0.7678188549065399,0.09440559440559439,0.044402356902356895,0.13448456305599163,0.08049886621315193,0.18269230769230768,0.3076923076923077,0.125,1.1200142450142452,2.6153846153846154,1.4953703703703702,0.09743589743589744,0.11565656565656567,2.076923076923077,0.49230769230769234,-0.22923367666695565,-0.25862011926007594,0.6432355038754606,0.05000323750323749,0.0539856968428397,-0.7218530880444136,0.004658832038398472,0.5651738370079702,0.0044868141266951505,-0.04907085847692742,-0.22633037051638905,low
2021,oe:team:8eb884e168f28402ce685bedebb5250,7,0.8372943817735254,0.04285714285714286,0.015131578947368421,0.15328467153284672,0.0904405173517736,0.10776942355889725,0.14285714285714285,0.03508771929824561,1.2976190476190477,2.7142857142857144,1.4166666666666665,0.10892857142857142,0.11205357142857143,2.2857142857142856,0.7142857142857143,0.8092550801757892,0.1073039884577478,0.32126744011368075,0.027725563909774438,0.06284415418107313,0.6750231531817716,-0.057437083295540016,0.8906178739422033,0.025651921399464664,0.15733113672732982,0.11290339620709301,high
2021,oe:team:a9145b7711873f53e610fbba0493484,11,-0.7011128502652904,0.028708133971291863,0.04449760765550239,0.11920030177291588,0.0857412297246322,0.009090909090909096,0.09090909090909091,0.08181818181818182,0.8818181818181817,2.6363636363636362,1.7545454545454546,0.0912396694214876,0.11297520661157025,1.9090909090909092,0.6727272727272727,2.0723335442289086,-0.02450044332700141,0.6608640796906378,-0.015789473684210527,0.033459072048283675,-1.1166556358612492,-0.1405145929929511,0.6546288277621084,0.01972727017562677,0.0968281049228947,-0.05136358722884561,low
2021,oe:team:b61ee1b18ac8e03518fc61ac07d497c,12,0.060626686605752,0.0,0.015749235474006116,0.08396946564885498,0.09111282302682262,-0.013761467889908258,0.0,0.013761467889908258,-0.1207951070336392,1.3333333333333333,1.4541284403669728,0.06881720430107525,0.08418458781362008,1.1666666666666667,0.5,0.3374401235551228,0.1495330836192038,0.2671335830474629,-0.015749235474006116,-0.007143357377967646,-0.0070365567483070615,-0.184795631219026,-0.5949638465337651,-0.018853907062730005,-0.04987794591633486,0.16725867183555915,mid
2021,oe:team:cd62e47544f14f1d239afa659b9d243,8,-1.1013488781127874,0.0,0.0254424778761062,0.08044554455445545,0.08315079295540173,0.0,0.0,0.0,0.07632743362831862,1.625,1.5486725663716814,0.05113636363636363,0.07386363636363635,1.0,0.30000000000000004,-0.3648202456245317,-0.062188832642961045,0.43718883264296104,-0.0254424778761062,-0.0027052484009462835,-1.0281953929844907,-0.1797081829419628,-0.4978150750583569,-0.04307556631732844,-0.23934492257792947,-0.026414355021965263,low
2021,oe:team:ce499dea30cfce118f4fe85da0227e8,14,-1.08603372398597,0.07407407407407407,0.017307026652821047,0.08748361730013107,0.08694161022035496,0.13351134846461948,0.14285714285714285,0.009345794392523364,0.32843791722296395,2.0714285714285716,1.7429906542056075,0.0868804664723032,0.10801749271137026,2.2142857142857144,0.5857142857142856,0.20071199301727385,0.19579281828287898,0.5184928960028353,0.05676704742125302,0.0005420070797761134,-1.1262803439922822,-0.039211622232765884,-0.16519543563654465,-0.0020641239844873677,0.03788708999428325,0.2170324748062123,low
2021,oe:team:e435aa3ecb82a89e60544f5f5857a81,11,-1.3410735822922777,0.03305785123966942,0.03760330578512397,0.12809917355371903,0.07892561983471075,-0.08636363636363636,0.0,0.08636363636363636,1.3909090909090909,3.1818181818181817,1.7909090909090908,0.12348484848484849,0.15845959595959597,2.909090909090909,0.6181818181818182,-1.7192890381744557,0.045178659959430434,0.3184577036769332,-0.004545454545454547,0.04917355371900828,-0.9963230192580612,-0.2828016383117448,0.6239444376452531,0.01665746271655433,0.0991522259702251,0.11576452451277985,low
2021,oe:team:e84133caa1e561518201cc7d33f14ed,5,0.7608604181220935,0.1878787878787879,0.030564263322884012,0.08703703703703704,0.05826947637292466,1.0232758620689655,1.2,0.17672413793103448,1.0362068965517242,2.2,1.1637931034482758,0.08,0.10407407407407407,1.8,0.52,0.055125033047218705,-0.00044699498273559346,0.2004469949827356,0.1573145245559039,0.02876756066411238,0.7498067873722066,0.8487546635324812,0.5218477875889344,-0.01030058025204218,-0.025643574210898266,0.024534411829492515,high
2021,oe:team:ef69efa6acebe94107f0cf1ba716806,19,-0.636789202932657,0.008421052631578947,0.03411764705882353,0.07860998650472334,0.08751256913021617,-0.0784313725490196,0.0,0.0784313725490196,-0.24097007223942207,1.631578947368421,1.8725490196078431,0.06526315789473684,0.07924812030075187,1.5263157894736843,0.4526315789473684,0.8820289969688525,0.16353225412568817,0.5733098511374697,-0.025696594427244583,-0.00890258262549283,-0.8136530033558773,-0.24273900712008428,-0.6376111528801611,-0.01733567944735329,-0.10541451594226453,0.16726128952684738,low
2021,oe:team:fc8e90107dabb9a35c490b0d86adea0,18,-0.3223180381953381,0.06321839080459771,0.034147974556411116,0.0878136200716846,0.08584403382398999,0.05987055016181231,0.16666666666666666,0.10679611650485436,-0.1661272923408844,1.7222222222222223,1.8883495145631066,0.06412698412698413,0.08555555555555555,1.6666666666666667,0.48888888888888893,-0.10226650745934093,0.0021228558493682215,0.4978771441506318,0.02907041624818659,0.00196958624769461,-0.30181163395304395,-0.11659468134188126,-0.7028926572068788,-0.027639533203692866,-0.054394009934104814,0.031149404082786446,mid
2022,oe:team:056c3140a119e44a03d462e2c832f27,11,-0.9248922438431406,0.01948051948051948,0.022783251231527094,0.08148148148148149,0.06955619412515965,0.0,0.0,0.0,0.8205329153605014,2.3636363636363638,1.543103448275862,0.07597402597402597,0.09967532467532467,1.4545454545454546,0.5818181818181819,0.390039208261099,-0.07890628662124943,0.6243608320757948,-0.0033027317510076135,0.01192528735632184,-1.0031026166587613,-0.014876250413478814,0.27302318799024167,-0.006101108917679469,0.00387685131813316,-0.038865094343126697,low
2022,oe:team:0916b3c324c8577b0c6344f3e067f62,6,0.5441993541079448,0.1149425287356322,0.040467369620974636,0.11280487804878048,0.07569038500302358,0.12121212121212122,0.16666666666666666,0.04545454545454545,0.9352617079889806,2.6666666666666665,1.731404958677686,0.11333333333333333,0.14912698412698414,2.8333333333333335,0.6333333333333333,-0.9523455500470182,-0.04906235038515547,0.21572901705182213,0.07447515911465756,0.0371144930457569,0.7351629776127236,0.08975530861320867,0.1966501188642159,0.018755292728495958,0.07552608786629866,0.025479655415280647,high
2022,oe:team:1d0389df0c5eea93b04122ba167c010,26,1.4873198861259258,0.08682983682983683,0.04957995799579958,0.05565978736710443,0.06906544312967883,-0.034653465346534656,0.0,0.034653465346534656,-0.04303122619954295,1.6153846153846154,1.6584158415841583,0.06979020979020979,0.0858158508158508,1.7692307692307692,0.5769230769230769,1.7200809771380732,0.22837223987136457,0.5023969908978662,0.03724987883403725,-0.013405655762574395,1.1424105240779692,-0.03310160889899444,-0.4011962394924514,0.00010301861425017836,-0.020967209274130396,0.23422984747980816,high
2022,oe:team:4bd1751425ef6a9bc9d4d8e9385b4a6,6,-0.7661940773978073,0.0,0.044628099173553724,0.09415584415584416,0.07700976709241172,0.0,0.0,0.0,0.4421487603305785,2.0,1.5578512396694215,0.08437499999999999,0.08567708333333333,1.3333333333333333,0.5,-0.6810066402048116,-0.17592255187553277,0.3425892185421994,-0.044628099173553724,0.017146077063432436,-0.6296391308892576,-0.02810535047888909,-0.25783502814585557,-0.007675803324270441,-0.061876988251073586,-0.1083542643565918,low
2022,oe:team:50f58982d91a36557ec8aec52ab014f,16,-0.0834228961795131,0.030000000000000002,0.04324324324324325,0.12876884422110552,0.07999456743175336,-0.009009009009009009,0.0,0.009009009009009009,1.0439189189189189,2.625,1.5810810810810811,0.09127906976744186,0.10830910852713178,1.5625,0.65,-0.10501357238653551,-0.04340155211695795,0.668401552116958,-0.01324324324324325,0.04877427678935216,-0.06236565251504276,-0.029999939557075552,0.425933489658432,0.00459303758928164,0.07948383931039525,0.009363059108764636,mid
2022,oe:team:5737b101780a9835142549164be1ac4,5,-0.1587631644518765,0.05,0.039446721311475405,0.13284671532846715,0.07368074667943042,0.0,0.0,0.0,1.4336065573770491,3.2,1.766393442622951,0.08551724137931035,0.10747126436781611,1.8,0.4,0.21067999494192569,0.05153412814639724,0.14846587185360277,0.010553278688524598,0.059165968649036726,-0.20100856081256974,-0.017091618676239165,0.8605632567328219,0.00177156358324603,-0.17525116761636536,0.09618505599692975,mid
2022,oe:team:658a021a796aa5501503220adb38cf4,10,0.8043705353542842,0.029629629629629627,0.039727761949984175,0.10151515151515152,0.07575757575757576,-0.07692307692307693,0.0,0.07692307692307693,0.7299145299145298,2.7,1.9700854700854702,0.0896551724137931,0.09994252873563218,2.5,0.6,-1.2219342495971468,0.007823827143655704,0.3921761728563443,-0.010098132320354548,0.025757575757575757,1.049391884985354,-0.11170973379332552,-0.0470756999636785,-0.007433804098905233,0.046236246361286676,0.08929456883247047,high
2022,oe:team:692bccdba8ec7050f5aeb916815439e,5,0.4274921310823084,0.06666666666666667,0.04599271402550091,0.10285714285714284,0.06912568306010929,0.09344262295081966,0.2,0.10655737704918034,0.6967213114754098,2.0,1.3032786885245902,0.10434782608695652,0.10797101449275362,1.8,0.4800000000000001,-1.4301222585543343,-0.4141270414688659,0.4141270414688659,0.020673952641165755,0.033731459797033556,0.7142591858922884,0.056084516868702125,-0.10990655832715623,0.005319796683135496,-0.0706411950360061,-0.32730563140411817,high
2022,oe:team:6a0084dacefb228be863fbb64cefe11,12,0.2388943100893033,0.0,0.02710997442455243,0.09393939393939393,0.07173913043478261,-0.05217391304347826,0.0,0.05217391304347826,0.1601449275362318,1.9166666666666667,1.756521739130435,0.07708333333333334,0.0842013888888889,1.6666666666666667,0.45,-0.8277951951856115,-0.09354505141718794,0.5935450514171879,-0.02710997442455243,0.022200263504611323,0.4048831887948167,-0.08209233294892775,-0.5607356760801769,-0.01633465138310735,-0.10967534432628587,-0.022204131252309255,high
2022,oe:team:73f3126d91d35faa5d5ce34abadb865,19,-0.3371212570085731,0.004048582995951417,0.03365384615384615,0.07685881370091897,0.058292915931804835,-0.009259259259259259,0.0,0.009259259259259259,0.5587231968810916,1.5263157894736843,0.9675925925925926,0.08557504873294346,0.10185185185185185,2.0526315789473686,0.6526315789473685,-0.2436736645559045,-0.09620491179880442,0.7277838591672254,-0.029605263157894735,0.01856589776911414,-0.2882599944826065,-0.03196285993906197,-0.07900187974995604,-0.0024024567339576393,0.08419514545158426,-0.039876578657055614,mid
2022,oe:team:78f183fa5a7d8ecb22b9ad272c3abd7,11,-0.9248922438431406,0.09090909090909091,0.09482758620689656,0.07096774193548387,0.06523915461624027,0.0,0.0,0.0,-0.02625391849529776,0.9090909090909091,0.9353448275862069,0.09602272727272726,0.12556818181818183,1.5454545454545454,0.6181818181818182,-0.7918208261469498,0.010563135774184662,0.5348914096803608,-0.003918495297805649,0.005728587319243597,-0.7661169189412669,-0.029474079890982212,-0.7420132118046702,0.002939806062778322,0.05796690351196974,0.08097947378025663,low
2022,oe:team:7d6673d3a9d00363c6bebc1a630da6e,6,-0.6455834708993541,0.0,0.021579430670339763,0.08333333333333333,0.059504132231404966,0.0,0.0,0.0,0.6611570247933884,2.0,1.3388429752066113,0.050666666666666665,0.0784,1.0,0.3333333333333333,0.32433603197863153,-0.23959279678291776,0.4062594634495844,-0.021579430670339763,0.023829201101928363,-0.7106190915275427,-0.015687787935332827,0.10429379483524995,-0.03202042438219027,-0.24362253206066223,-0.19786295822159222,low
2022,oe:team:89008bdacc273b554227d6b76869381,5,1.734374329024606,0.020833333333333332,0.044484289617486336,0.09259259259259259,0.06676280105241854,-0.08196721311475409,0.0,0.08196721311475409,0.569672131147541,2.0,1.430327868852459,0.09297297297297298,0.11621621621621622,2.2,0.64,-1.028224493214057,-0.05934332693177935,0.45934332693177937,-0.023650956284153004,0.02582979154017405,1.9405531419468978,-0.1143612499543022,-0.1797415824928963,-0.002311800382037517,0.08333084335920168,0.017148853922622432,high
2022,oe:team:8e27b674a472ab529e758f13f0bace0,9,-0.2090622164727011,0.013333333333333332,0.04610169491525424,0.12647209421402972,0.05250722486917128,0.0,0.0,0.0,2.2349340866290017,3.2222222222222223,0.9872881355932203,0.07328605200945626,0.09011032308904648,1.7777777777777777,0.5333333333333334,1.706286468997321,-0.057696216812598566,0.3910295501459319,-0.03276836158192091,0.07396486934485844,-0.5512055139772845,0.0013814725850673677,1.8748052874905152,0.0034703794621346595,-0.06435005257081287,-0.051484074671450705,mid
2022,oe:team:9cae7677cd0dbcc1cd86653870b73c2,6,0.4094678495339474,0.07017543859649122,0.034471509351892124,0.09728506787330317,0.05706592872368275,-0.0371900826446281,0.0,0.0371900826446281,1.3388429752066113,2.5,1.1611570247933884,0.05646258503401361,0.08072562358276644,1.5,0.5333333333333333,0.5033178650798965,-0.12588286699677956,0.2925495336634462,0.0357039292445991,0.04021913914962042,0.3085429244522885,-0.05066716355618728,0.8074595946837382,-0.024557478011300555,-0.04630703471515262,-0.08875306490747958,high
2022,oe:team:a65adb2808377018a2a7832eb2bd7f4,5,-1.3388874606570536,0.0,0.08401639344262295,0.07256637168141593,0.07598288118380966,0.0,0.0,0.0,0.1598360655737705,2.0,1.8401639344262297,0.08,0.09869565217391305,1.6,0.44000000000000006,-1.2950774835393042,-0.2651051004069436,0.2651051004069436,-0.08401639344262295,-0.003416509502393736,-1.0791994839936399,-0.035690090801031735,-0.6275668333209636,-0.017770229001504108,-0.11266669701417503,-0.18175449449958847,low
2022,oe:team:b42d0f31f2727621b963042276817c4,14,-0.4632248505476254,0.06015037593984963,0.06380996739636702,0.10697197539302802,0.07183384849896261,0.0,0.0,0.0,0.8482932996207333,2.357142857142857,1.508849557522124,0.12954545454545455,0.14399350649350648,2.642857142857143,0.8571428571428571,-0.483675854514241,0.08865580132136575,0.6256299129643486,-0.00365959145651739,0.03513812689406541,-0.36623852685949615,-0.025668005043466603,0.17640151702678236,0.03933258046800975,0.2923061549989254,0.1511524634384342,mid
2022,oe:team:cd62e47544f14f1d239afa659b9d243,10,-0.5440166443743407,0.3,0.18518518518518517,0.13916083916083916,0.06831629908552986,0.2666666666666667,0.6,0.3333333333333333,1.623931623931624,3.0,1.376068376068376,0.134,0.1537222222222222,3.3,0.72,-0.44335893980456437,0.03103769895887698,0.36896230104112304,0.11481481481481481,0.0708445400753093,-0.4551146385276849,0.24149663890380568,0.9577793563414991,0.044162635686160384,0.15455859478266895,0.09249817055934072,mid
2022,oe:team:ce499dea30cfce118f4fe85da0227e8,18,3.0864571548176234,0.16666666666666663,0.03563046724983998,0.04119241192411924,0.06625643320653389,0.1855249745158002,0.2222222222222222,0.03669724770642202,-0.719164118246687,0.6111111111111112,1.3302752293577982,0.05531914893617021,0.056126871552403465,1.1666666666666667,0.47777777777777775,1.915520534656767,0.12028889841798707,0.6019333238042351,0.13103619941682665,-0.025064021282414653,2.7023583976198733,0.18949081675755974,-1.04950636085396,-0.012547727799276678,-0.12304385626552361,0.12112348733741167,high
2022,oe:team:e435aa3ecb82a89e60544f5f5857a81,14,-0.380784244601998,0.0989010989010989,0.03471749489448605,0.07359307359307359,0.051622418879056046,0.0,0.0,0.0,0.6125158027812895,2.2142857142857144,1.6017699115044248,0.06326530612244897,0.0723639455782313,1.7142857142857142,0.4857142857142857,0.5162090012359895,0.2053252720951576,0.2946747279048424,0.06418360400661285,0.02197065471401754,-0.4842940907465415,-0.0133178551133265,0.08296760409008805,-0.017634689513802888,-0.09411943318233268,0.24212375733818123,mid
2022,oe:team:ef69efa6acebe94107f0cf1ba716806,12,0.1330955324590812,0.08823529411764706,0.03452685421994885,0.06241283124128313,0.07454975441149718,0.0,0.0,0.0,-0.1760869565217391,1.25,1.4260869565217391,0.09313725490196079,0.10623638344226581,2.0833333333333335,0.7666666666666666,1.6078918834428835,0.0654266108298982,0.5179067225034352,0.05370843989769821,-0.012136923170214052,-0.1893177557124417,0.00016614476314578616,-0.5502232064820862,0.022405140017033733,0.17045907593978235,0.07416760561691302,mid
2022,oe:team:f7f7324c151aa6ed770b244ce08e027,16,-0.5888255384294937,0.15384615384615385,0.03880803880803881,0.07232704402515723,0.08150603433622301,0.10698198198198199,0.125,0.018018018018018018,-0.24268018018018012,1.4375,1.6801801801801801,0.07022058823529412,0.08299632352941176,1.5,0.5,0.43620763609975677,0.03723994179727386,0.5252600582027261,0.11503811503811504,-0.009178990311065782,-0.6762935701601518,0.09267598423566499,-0.7836173712789718,-0.01142453618689601,-0.07863379891954696,0.0760945530228171,low
2022,oe:team:fc8e90107dabb9a35c490b0d86adea0,6,-0.9248922438431406,0.0,0.04132231404958678,0.08760683760683761,0.062168891714346274,0.0,0.0,0.0,0.7630853994490358,1.8333333333333333,1.0702479338842976,0.07291666666666667,0.0828125,1.1666666666666667,0.4666666666666666,0.5293575176755816,-0.12407643844117552,0.2907431051078422,-0.04132231404958678,0.02543794589249134,-1.0310386207541613,-0.013155450263954085,0.23540902324044555,-0.007860864333202565,-0.11336426345900832,-0.0876158850101528,low
2022,oe:team:fcec508e780bbd1ad493852640f5b36,6,-0.5751085300452632,0.10526315789473684,0.05284906481078729,0.0779220779220779,0.06797610103395227,0.0,0.0,0.0,0.04683195592286508,1.6666666666666667,1.6198347107438016,0.11224489795918367,0.11502267573696145,2.6666666666666665,0.8333333333333334,-0.3558783917574538,-0.22497649664496144,0.7249764966449614,0.052414093083949544,0.009945976888125638,-0.5037480588237604,-0.02408950546257878,-0.6068665829612088,0.02322232317360468,0.26657982979082834,-0.16576437452576498,low
2023,oe:team:0916b3c324c8577b0c6344f3e067f62,7,-1.032068338178583,0.05714285714285715,0.03592233009708738,0.13909774436090225,0.11951967296882984,0.0,0.0,0.0,0.3599167822468793,2.7142857142857144,2.354368932038835,0.14871794871794872,0.16691086691086693,3.4285714285714284,0.7714285714285715,-0.4159103133071357,0.03449819985051927,0.3940732287209093,0.021220527045769766,0.019578071392072405,-0.9486703105632732,-0.10078094959944794,-0.2032273386337868,0.01749238248181554,0.15333925013585198,0.07410915986895496,low
2023,oe:team:2cb996a4b0ffaca3bcf66fe91450243,4,-0.0924135628097231,0.8999999999999999,0.049056603773584895,0.09705882352941177,0.11337402885682574,0.9622641509433962,1.0,0.03773584905660377,-0.679245283018868,1.25,1.929245283018868,0.16111111111111112,0.20949074074074076,3.25,0.65,-1.2032787410239068,-0.7559775890654352,0.7559775890654352,0.850943396226415,-0.01631520532741397,0.1488669980758179,0.8517579634061613,-1.3544791542428223,0.02255203400761145,0.04372021600859825,-0.6961303658371499,mid
2023,oe:team:407a64574852482edb8c1560eab637c,10,-1.3261396997724249,0.0,0.0707142857142857,0.15095238095238098,0.11135714285714286,0.0,0.0,0.0,0.9750000000000002,3.4,2.425,0.16,0.18538759689922482,3.1,0.7,0.4367266385118396,0.08082678253302122,0.4191732174669788,-0.0707142857142857,0.039595238095238114,-1.413711801481899,-0.09024954277756843,0.5332372549766221,0.03671585245932402,0.06912219553659114,0.09852400411329433,low
2023,oe:team:4880b157399745e82e26e229d8bbf48,9,-0.6460229772634946,0.060606060606060615,0.018901890189018902,0.11750599520383694,0.10812735949853979,0.0814081408140814,0.1111111111111111,0.029702970297029705,-0.5440044004400438,1.7777777777777777,2.3217821782178216,0.15325670498084293,0.17835249042145593,3.3333333333333335,0.7333333333333334,-0.19296450343530766,0.4112424932454518,0.2554241734212148,0.04170417041704171,0.00937863570529715,-0.6073298781231801,-0.016619077530833578,-1.0754099612147607,0.024107645068782223,0.11190010496335306,0.44512349263645645,low
2023,oe:team:50f58982d91a36557ec8aec52ab014f,9,0.4469726848695441,0.08796296296296297,0.019801980198019802,0.14074074074074072,0.11178217821782176,0.1925192519251925,0.2222222222222222,0.029702970297029705,0.639163916391639,2.7777777777777777,2.1386138613861387,0.14343434343434344,0.17856341189674524,2.888888888888889,0.7333333333333333,0.1671064198348607,0.013943720801207204,0.6527229458654594,0.06816098276494316,0.028958562522918965,0.41346462947830465,0.09893947556551887,0.15901804355268062,0.01763896641820694,0.10649949344555334,0.03857048834723144,mid
2023,oe:team:606c6ac695907af3823ee6405c58ff1,19,-0.6595623379430704,0.043859649122807015,0.02701465201465202,0.08544087491455912,0.09693877551020408,0.0,0.0,0.0,-0.28253325621746667,1.0526315789473684,1.335164835164835,0.08947368421052633,0.11515899122807018,1.1578947368421053,0.4842105263157894,-0.7796024046612092,-0.062299850360613473,0.6412472187816661,0.016844997108154996,-0.011497900595644955,-0.5032370418572187,-0.10527311870351828,-0.8974525744348117,-0.04513929230322565,-0.1284238704868854,-0.013341590363026064,low
2023,oe:team:658a021a796aa5501503220adb38cf4,6,1.3036449605954392,0.06060606060606061,0.044580419580419584,0.21701388888888892,0.10296474358974357,-0.09615384615384616,0.0,0.09615384615384616,1.5929487179487183,3.3333333333333335,1.7403846153846152,0.16969696969696968,0.17727272727272725,3.1666666666666665,0.7333333333333334,-0.9730861949034612,0.1436320523880333,0.1897012809453,0.016025641025641024,0.11404914529914535,1.4987674828270685,-0.2038167938509746,0.9504850520279516,0.033281894663068225,0.12360095032449607,0.1975630656334687,high
2023,oe:team:6a0084dacefb228be863fbb64cefe11,5,-0.0924135628097231,0.07999999999999999,0.022857142857142857,0.14523809523809525,0.10935374149659864,-0.03333333333333333,0.0,0.03333333333333333,-0.023809523809523635,2.4,2.4238095238095236,0.10888888888888888,0.1303703703703704,2.6,0.52,0.9781179531081396,-0.19134906585115996,0.39134906585115997,0.057142857142857134,0.03588435374149661,-0.2885450494653662,-0.11689584223126256,-0.3884998143694963,-0.009352766535862462,-0.11899799407130898,-0.18756621619137004,mid
2023,oe:team:7338408a0fe0217451d2c9a567db999,16,-1.837486717066176,,,0.16510416666666666,0.0809840425531915,0.0,0.0,0.0,1.881648936170213,3.3125,1.430851063829787,0.15677083333333333,0.15677083333333333,3.0,0.75,-0.7782386495527939,-0.24262991257867672,0.7426299125786767,,0.08412012411347516,-1.6814348801434014,-0.10525627418391179,1.2669237620971472,0.022170558767685866,0.1373451485838866,-0.19370670263689063,low
2023,oe:team:78f183fa5a7d8ecb22b9ad272c3abd7,9,-0.8502739040868114,0.0,0.0171017101710171,0.15036593479707253,0.08827888776901642,-0.039603960396039604,0.0,0.039603960396039604,1.44994499449945,3.2222222222222223,1.7722772277227723,0.11174603174603176,0.13015873015873017,2.111111111111111,0.7333333333333333,-0.0278542681881983,0.08807788270161104,0.3563665617428334,-0.0171017101710171,0.062087047028056105,-0.8446885868844266,-0.13559180775881033,0.9420445228246829,-0.01586519954365285,0.10942365885078228,0.11771536144651912,low
2023,oe:team:7d6673d3a9d00363c6bebc1a630da6e,9,-0.6293591487347856,0.0,0.011881188118811881,0.13296903460837886,0.08330628144781692,0.0,0.0,0.0,1.180968096809681,2.888888888888889,1.7079207920792079,0.1188034188034188,0.14045584045584045,2.4444444444444446,0.5555555555555556,0.16104127808998672,-0.022306168536348314,0.35563950186968163,-0.011881188118811881,0.04966275316056194,-0.6616510264008137,-0.09365469039549085,0.6999587905384842,-0.007048448645064771,-0.07118731482525342,0.002476480043806569,low
2023,oe:team:8eb884e168f28402ce685bedebb5250,5,2.012932758777094,0.1894736842105263,0.03684210526315789,0.10948905109489052,0.0989224887035106,0.0,0.0,0.0,0.9,2.2,1.3,0.12387096774193548,0.14096774193548386,2.8,0.72,1.669601170673367,-0.32441947182879166,0.5244194718287917,0.1526315789473684,0.010566562391379916,1.6781455700892636,-0.07502160405074199,0.6337492435831731,0.012069753046209998,0.07063062632594008,-0.3384085265320214,high
2023,oe:team:9cae7677cd0dbcc1cd86653870b73c2,17,1.565405933733907,0.23227752639517346,0.024538185828508408,0.10784313725490197,0.08960573476702509,0.7163187855787476,0.7647058823529411,0.04838709677419355,0.5154965211891209,2.1176470588235294,1.6021505376344085,0.15261437908496733,0.169281045751634,3.3529411764705883,0.7999999999999999,1.4309175714705498,0.070530908369348,0.45888085633653436,0.20773934056666504,0.018237402487876878,1.2784794033677138,0.6383490638331852,0.21526677335748312,0.038590077068237846,0.15421058047291072,0.06267629336082227,high
2023,oe:team:a9145b7711873f53e610fbba0493484,11,0.5787684195966046,0.03636363636363637,0.03232323232323232,0.17088922006954793,0.11781751945686372,-0.050505050505050504,0.0,0.050505050505050504,1.02020202020202,3.3636363636363638,2.3434343434343434,0.1337995337995338,0.15571095571095572,3.0,0.6727272727272727,-1.2550578888988253,-0.06618541618581592,0.5207308707312704,0.004040404040404046,0.05307170061268421,0.8304316968183494,-0.1616507919227473,0.3375968707378165,-0.0052418117443513,0.06722411090756827,-0.005007410025051277,high
2023,oe:team:b42d0f31f2727621b963042276817c4,13,0.2566010680415673,0.038461538461538464,0.0625,0.13255494505494506,0.09476251840942562,-0.03608247422680412,0.0,0.03608247422680412,0.6530531324345759,2.3076923076923075,1.6546391752577319,0.08910256410256409,0.11826923076923078,1.7692307692307692,0.38461538461538464,-0.4015372435367981,0.051779039778471425,0.563605575606144,-0.024038461538461536,0.037792426645519434,0.3371170183645588,-0.13668589381807242,0.09195516141909503,-0.04198913206760284,-0.23368951466803414,0.09102059557295375,mid
2023,oe:team:ce499dea30cfce118f4fe85da0227e8,15,1.2382047173108224,0.05673758865248227,0.029339305711086228,0.09439252336448599,0.11571569109690114,0.10701754385964914,0.13333333333333333,0.026315789473684213,-0.31578947368421045,1.8,2.1157894736842104,0.08166666666666668,0.11106481481481482,1.4,0.4266666666666667,1.9415050433333292,0.33852086119776814,0.5281458054688986,0.02739828294139604,-0.021323167732415146,0.848895565701482,0.03535438010793203,-0.5433320013596233,-0.027602048712553135,-0.22678092352397625,0.31754356802670936,high
2023,oe:team:d356a144644879dabb5f34cd99c886d,18,0.7325301101115097,0.0308641975308642,0.03864734299516908,0.12636165577342048,0.10400682011935208,0.0,0.0,0.0,0.2578502415458938,2.111111111111111,1.8532608695652175,0.1101010101010101,0.146506734006734,1.6111111111111112,0.5,-1.821693637584338,-0.04424998310485184,0.5442499831048518,-0.007783145464304881,0.0223548356540684,1.097814767483544,-0.11814458374618925,-0.5054211594086329,-0.0342179529781292,-0.09700433741323641,0.03149120561552,high
2023,oe:team:d723992568441c6bafa2658129eade7,12,-0.973675505709232,0.0,0.0,0.1528497409326425,0.09614571217087871,0.0,0.0,0.0,1.0867346938775508,3.25,2.163265306122449,0.1625,0.18489583333333334,3.1666666666666665,0.7999999999999999,0.09912188697998346,-0.05055697072692089,0.5505569707269209,0.0,0.056704028761763794,-0.993551352984829,-0.09441949222181488,0.5969105445841936,0.0360714183836361,0.17418584270095486,-0.024182923441678005,low
2023,oe:team:e435aa3ecb82a89e60544f5f5857a81,4,-0.5440795556760993,0.0,0.02425876010781671,0.13271604938271606,0.1310272536687631,-0.0330188679245283,0.0,0.0330188679245283,0.2547169811320753,2.75,2.4952830188679247,0.07058823529411765,0.0823529411764706,1.5,0.3,-0.6869490211397701,-0.06539734186470168,0.06539734186470168,-0.02425876010781671,0.0016887957139529453,-0.40633304734891196,-0.1371475716772211,-0.347012203646093,-0.06316177215580851,-0.3140240811617019,-0.01882037909751,mid
2023,oe:team:e758ebe9a5a2cc81b9c8078479c2d87,8,-0.4293932063902794,0.019230769230769232,0.02262443438914027,0.140625,0.10910467128027682,0.0,0.0,0.0,0.6568627450980391,3.0,2.343137254901961,0.09913793103448276,0.13469827586206898,2.25,0.45,-0.1294384082142934,0.210813435903214,0.289186564096786,-0.003393665158371039,0.031520328719723184,-0.40343831275732045,-0.0972425711968519,0.13450075770390083,-0.029419449946514367,-0.17238603999502236,0.24306174246792098,mid
2023,oe:team:ef69efa6acebe94107f0cf1ba716806,8,0.6165224061069609,0.17,0.043137254901960784,0.054310344827586204,0.09672075726842462,0.33333333333333326,0.5,0.16666666666666669,-0.6544117647058822,1.375,2.0294117647058822,0.128125,0.139453125,3.25,0.75,1.2332894111571637,-0.18834466344515388,0.6883446634451539,0.12686274509803924,-0.042410412440838416,0.36922412790004355,0.2529225931082412,-0.9827758526641213,0.012259999003812305,0.10717475461154069,-0.19112001018612007,high
2023,oe:team:fc8e90107dabb9a35c490b0d86adea0,6,0.3613054572969544,0.07142857142857144,0.05425824175824176,0.1164874551971326,0.08896815550041355,0.0,0.0,0.0,0.16185897435897414,2.1666666666666665,2.0048076923076925,0.12833333333333333,0.15083333333333335,2.8333333333333335,0.5666666666666667,0.5481839012867848,-0.066423976110707,0.3997573094440403,0.01717032967032968,0.027519299696719055,0.251384027904501,-0.08887287035558163,-0.2640367174290869,0.006087293264374513,-0.06588285672260816,-0.0515913328228397,mid
2024,oe:team:2cb996a4b0ffaca3bcf66fe91450243,8,0.9233086628436024,0.2375,0.08724489795918366,0.09821428571428571,0.06908001295756398,0.24744897959183676,0.375,0.12755102040816327,0.375,1.625,1.25,0.10535714285714286,0.1316220238095238,2.5,0.6,-0.7945196625223748,0.2735555490094947,0.10144445099050531,0.15025510204081632,0.02913427275672173,1.0826251564142142,0.10838697081221349,-0.34162962004674907,0.006170043226931676,0.00560602509522358,0.338173071759295,high
2024,oe:team:2e66da41dc460dd378e3bcc57042d31,14,-1.808873193661566,0.0,0.01766304347826087,0.14324116743471582,0.07041841982234688,0.0,0.0,0.0,1.3920807453416149,2.5714285714285716,1.1793478260869565,0.09511278195488722,0.10084586466165413,1.9285714285714286,0.6142857142857142,0.29658004883974726,0.1886356028272438,0.3113643971727562,-0.01766304347826087,0.07282274761236894,-1.8683432051325772,-0.12558521197991165,0.8307800538383504,0.006088131451392696,0.0035266143807478664,0.22521062327435173,low
2024,oe:team:3a1d18f46bcb3716ebcfcf4ef068934,12,0.181895963462752,0.30357142857142855,0.13107902735562307,0.11568213783403657,0.08488194631474998,0.2695035460992908,0.5833333333333334,0.31382978723404253,0.8457446808510638,2.5,1.6542553191489364,0.12058823529411765,0.12279411764705883,2.75,0.7666666666666666,0.3244159484053683,-0.13661316978756566,0.6366131697875657,0.17249240121580547,0.03080019151928659,0.11684431805193439,0.14426215124101938,0.2884067073373168,0.0318228469921307,0.15549006323645834,-0.10075356358677985,high
2024,oe:team:4880b157399745e82e26e229d8bbf48,13,1.403970285747289,0.2909698996655518,0.17110799438990182,0.07015384615384615,0.06881720430107525,0.1927212572373863,0.46153846153846156,0.26881720430107525,-0.013234077750206873,1.3846153846153846,1.3978494623655915,0.10659340659340659,0.11982600732600733,2.6923076923076925,0.5538461538461539,-0.7221968752954191,-0.02316955457637726,0.4847080161148388,0.11986190527565,0.001336641852770895,1.5487846676525052,0.05455254858175417,-0.7195678275549804,0.008079917851588687,-0.04163257201310101,0.03958919036766492,high
2024,oe:team:4bd1751425ef6a9bc9d4d8e9385b4a6,7,-0.5987864763514065,0.1904761904761905,0.15404040404040406,0.10177404295051354,0.08196342510068,-0.03896103896103897,0.14285714285714285,0.18181818181818182,0.3037518037518037,1.5714285714285714,1.2676767676767677,0.1125,0.13311011904761905,1.7142857142857142,0.5142857142857143,0.4747116152687821,-0.24947548428077088,0.6780469128521994,0.03643578643578643,0.01981061784983354,-0.6939752974332688,-0.16234604604731953,-0.2321900822591077,0.025134458158020484,-0.09914513534178794,-0.21747864748612888,low
2024,oe:team:50f58982d91a36557ec8aec52ab014f,14,-0.7857104408139516,0.11160714285714286,0.06317934782608696,0.08788819875776398,0.06883270321361058,0.0,0.0,0.0,0.30667701863354047,1.7142857142857142,1.4076086956521738,0.07738095238095237,0.08752480158730158,1.7857142857142858,0.5714285714285714,0.7106790133966036,-0.11902755627002604,0.6904561276985974,0.048427795031055904,0.019055495544153395,-0.9282152695920318,-0.12047043874499185,-0.1956725542819605,-0.007786800703440527,-0.045541492741945064,-0.0930953497162802,low
2024,oe:team:606c6ac695907af3823ee6405c58ff1,16,-0.7026331232750428,0.17105263157894735,0.11549707602339179,0.0943579766536965,0.07453523562472979,0.0,0.0,0.0,0.5861111111111112,2.375,1.7888888888888888,0.08680555555555555,0.10472608024691357,1.9375,0.6375,-0.32725395839270216,0.03594963384591132,0.4640503661540887,0.05555555555555555,0.01982274102896671,-0.6370124022060285,-0.13329054272528043,-0.06399857458704314,-0.008029454254240263,0.03609762652563951,0.08855789708663576,low
2024,oe:team:61450737f7b683db4da7b3e0bf0dced,12,0.6446642437690012,0.26666666666666666,0.17836879432624117,0.09206349206349207,0.067629179331307,0.1081560283687943,0.4166666666666667,0.30851063829787234,0.23404255319148937,1.5,1.2659574468085106,0.09347826086956522,0.10507246376811595,2.25,0.5,-1.5035733589820097,-0.023771119040085886,0.44043778570675257,0.08829787234042549,0.024434312732185076,0.9461596587707097,-0.03966390829566134,-0.5835279339492291,-0.012312930067191957,-0.08375906019114072,0.059069889344111,high
2024,oe:team:6a0084dacefb228be863fbb64cefe11,10,-0.6660791035579225,0.13333333333333336,0.07118055555555555,0.09830508474576273,0.06629590395480227,0.0,0.0,0.0,0.8947916666666668,2.4,1.5052083333333333,0.0656,0.08813333333333333,1.8,0.48,0.25755743470404774,-0.009328318432471838,0.5093283184324718,0.06215277777777781,0.03200918079096046,-0.7177243293787944,-0.12606720261360346,0.3279357167580114,-0.02378810521511796,-0.13017380971423975,0.02824962753588964,low
2024,oe:team:78f183fa5a7d8ecb22b9ad272c3abd7,6,-0.8339488832558986,0.03333333333333333,0.11,0.0883668903803132,0.06785234899328858,0.0,0.0,0.0,0.3283333333333334,1.3333333333333333,1.005,0.11290322580645161,0.14740143369175626,1.8333333333333333,0.5666666666666668,-0.4690142134922987,-0.05884506821539781,0.3921784015487311,-0.07666666666666666,0.020514541387024618,-0.7399025009534757,-0.13504150474310325,-0.3419573388552146,0.016747867942634637,-0.03260948106443184,-0.002593405348897699,low
2024,oe:team:7d6673d3a9d00363c6bebc1a630da6e,8,-0.135540129639882,0.005681818181818181,0.013914656771799629,0.08314220183486239,0.06946264744429882,0.0,0.0,0.0,-0.05102040816326525,1.5,1.5510204081632653,0.06956521739130435,0.09017210144927536,1.375,0.42500000000000004,0.482342258099517,-0.049608821522359015,0.424608821522359,-0.008232838589981448,0.013679554390563564,-0.23225904156382982,-0.12329075665086195,-0.5858759960451849,-0.017729253018097593,-0.18854529968413444,-0.01780810091849558,mid
2024,oe:team:8eb884e168f28402ce685bedebb5250,10,-0.1103722466266922,0.16,0.10381944444444444,0.11986301369863013,0.06792237442922373,0.12291666666666665,0.3,0.17708333333333334,1.1927083333333333,2.5,1.3072916666666667,0.1032258064516129,0.10274193548387096,2.1,0.5599999999999999,-1.0605012394548134,-0.08455821088987414,0.5845582108898741,0.05618055555555557,0.0519406392694064,0.10227867551769303,-0.0194306327490529,0.4382135824218301,0.0015613674764528157,-0.030404585384351267,-0.013104659401426126,mid
2024,oe:team:9cae7677cd0dbcc1cd86653870b73c2,12,0.2495607469786051,0.030303030303030304,0.1455512572533849,0.10694444444444445,0.07358156028368795,-0.14361702127659576,0.0,0.14361702127659576,0.847517730496454,2.6666666666666665,1.8191489361702127,0.08333333333333333,0.0959045584045584,2.25,0.7999999999999999,0.7235359162916002,0.09111495470943215,0.4922183786239012,-0.11524822695035461,0.0333628841607565,0.10447786156577049,-0.26392865705794905,0.3469984659664023,-0.0017146711889098939,0.1828370984372627,0.11671672425060806,high
2024,oe:team:a9145b7711873f53e610fbba0493484,8,-0.0380145829637716,0.02631578947368421,0.11170784103114931,0.12150837988826815,0.08197468931706761,0.0,0.0,0.0,1.336734693877551,3.0,1.663265306122449,0.1118421052631579,0.12308114035087718,3.0,0.8,-0.20425103930600666,0.15882342663420945,0.46617657336579055,-0.0853920515574651,0.03953369057120054,0.0029416839800558633,-0.13177126329642483,0.7041357007682579,0.018152738600949098,0.19675273725907655,0.20827037509700178,mid
2024,oe:team:ce499dea30cfce118f4fe85da0227e8,17,0.709681274886408,0.05882352941176469,0.05247191011235954,0.08273133814929479,0.07357579341612458,0.1649041639127561,0.29411764705882354,0.12921348314606743,-0.2534699272967614,1.2352941176470589,1.4887640449438202,0.05976470588235294,0.06261437908496732,0.8823529411764706,0.7176470588235295,3.035007445153173,0.25072301491051796,0.5139828674424232,0.006351619299405149,0.009155544733170207,0.10110383252652366,0.0731428354758133,-0.4249281608339469,-0.0037543663385658926,0.06581498806361949,0.21691733983804956,high
2024,oe:team:d356a144644879dabb5f34cd99c886d,20,0.1756128049934223,0.16739130434782606,0.13498483316481294,0.07860824742268041,0.0822644449772237,0.03372093023255815,0.15,0.11627906976744187,0.1965116279069766,1.65,1.4534883720930234,0.08142857142857143,0.1131547619047619,1.65,0.53,-0.5273823878914832,0.0797765572028607,0.5702234427971393,0.032406471183013125,-0.003656197554543286,0.2813631303447489,-0.10204151322747129,-0.48208833617859365,-0.015270424745084827,-0.06840069843885829,0.13752834847004541,mid
2024,oe:team:d8ca3fc1f0827ec76369af7b70d43e3,4,0.0939317448921424,0.6666666666666666,0.19417211328976033,0.1170886075949367,0.06108835939439067,0.7450980392156863,1.0,0.2549019607843137,0.9656862745098038,2.25,1.2843137254901962,0.07647058823529412,0.09080882352941176,1.5,0.55,-0.5323501476105951,-0.44674185526401095,0.44674185526401095,0.47249455337690627,0.05600024820054603,0.20067820173861367,0.6092742361130988,0.2863791002706649,-0.020274677408414696,-0.04832618828371152,-0.3888623869276164,mid
2024,oe:team:ef69efa6acebe94107f0cf1ba716806,9,0.1659024691771868,0.2592592592592593,0.05841924398625428,0.09986504723346827,0.06941024249760006,0.4369988545246277,0.5555555555555556,0.11855670103092783,1.0836197021764031,2.4444444444444446,1.3608247422680413,0.09454545454545454,0.09787878787878788,2.111111111111111,0.6888888888888889,0.950073778784069,-0.27714089099191325,0.6104742243252466,0.20084001527300502,0.030454804735868216,-0.024605620438527098,0.31948531749489145,0.6153503622765745,0.011607412548983436,0.06832820397201905,-0.2573614019118525,mid
2024,oe:team:fcec508e780bbd1ad493852640f5b36,8,-1.5008977831054278,0.125,0.0701530612244898,0.09679203539823009,0.06253386310276324,0.0,0.0,0.0,0.5331632653061225,1.625,1.0918367346938775,0.10543478260869564,0.12880434782608696,1.625,0.65,-1.2818748483957727,-0.02019068464522944,0.5201906846452294,0.054846938775510196,0.03425817229546685,-1.2438571890508747,-0.14508161151703214,-0.252846227224803,0.0017084807117209583,0.06291574065398978,0.056952420120372604,low
2024,oe:team:fe099196385a285d6d6edde504dc1f6,4,2.632327766501156,0.358695652173913,0.11338448422847398,0.07916666666666666,0.06059368191721134,0.446078431372549,0.75,0.303921568627451,0.965686274509804,1.75,0.7843137254901961,0.0738095238095238,0.08412698412698412,1.0,0.6,0.1680142724005437,-0.4640572988261329,0.4640572988261329,0.24531116794543906,0.018572984749455325,2.5986376691866435,0.31890522992987297,0.38608296217939975,-0.016412582021741964,-0.008830774766334055,-0.4241779918465476,high
2025,oe:team:0916b3c324c8577b0c6344f3e067f62,12,-1.5552086413139328,0.4166666666666667,0.13709677419354838,0.0787037037037037,0.08966364181085044,0.0,0.0,0.0,-0.23683737990603573,2.1666666666666665,2.4035040465727024,0.09195402298850575,0.0975095785440613,2.5833333333333335,0.65,-0.9506974197976542,0.0303079502488523,0.3863587164178144,0.2795698924731183,-0.010959938107146738,-1.364575499664622,-0.010243738988179445,-0.7792225113714906,-0.005142799670762246,-0.07474364185180712,0.09561287904587343,low
2025,oe:team:2e66da41dc460dd378e3bcc57042d31,8,-1.3215274491223783,0.0,0.006578947368421052,0.10576923076923077,0.09068355963386239,0.0,0.0,0.0,0.6429338619913111,2.25,1.607066138008689,0.10294117647058823,0.10294117647058823,2.5,0.8,-0.1875281556994203,-0.22114241657346545,0.5961424165734655,-0.006578947368421052,0.015085671135368378,-1.2839244423988612,-0.0008173987656185685,0.2091934885211736,0.012952474857186855,0.06380977790148114,-0.1754518049859152,low
2025,oe:team:3a1d18f46bcb3716ebcfcf4ef068934,9,-0.5466659765647237,0.0,0.025571205007824723,0.13731656184486374,0.09619485560584132,0.0,0.0,0.0,1.3616621685330448,3.7777777777777777,2.416115609244733,0.09974160206718347,0.10245478036175709,2.4444444444444446,0.8,-0.18205096209762361,-0.04601775141675302,0.6015733069723086,-0.025571205007824723,0.04112170623902242,-0.5101612526407477,-0.0007497468137067269,0.9287015282117047,0.00980391476599921,0.06372762687805932,-0.0004679099280225363,low
2025,oe:team:4880b157399745e82e26e229d8bbf48,5,-0.286189944829241,0.0,0.012658227848101267,0.0983050847457627,0.090134817603819,0.0,0.0,0.0,0.12086416303744549,2.4,2.2791358369625545,0.1,0.10416666666666667,2.6,0.6,-1.3951548334694155,-0.18236830205214688,0.3823683020521469,-0.012658227848101267,0.008170267141943702,-0.00643453216797274,-0.015733486797480926,-0.48479391509816977,-0.0012364771824944845,-0.1180773389866738,-0.10564031272587361,mid
2025,oe:team:4acc40654379b4da680be1bd3129dfa,10,1.1138687257489792,0.0,0.004054054054054054,0.09870967741935484,0.09563943198165478,0.0,0.0,0.0,-0.12535407129460024,2.4,2.5253540712946,0.0875,0.09078125000000001,1.8,0.7,-0.936782641199834,-0.04218379649295789,0.4421837964929579,-0.004054054054054054,0.003070245437700056,1.3017116863120495,-0.010071869596479497,-0.665758295215115,-0.009467221094775474,-0.024952346050637026,0.022763506683959555,high
2025,oe:team:4bd1751425ef6a9bc9d4d8e9385b4a6,5,-1.3529013128888372,0.0,0.012658227848101267,0.10614525139664806,0.09762455671816683,0.0,0.0,0.0,0.08025067809003605,2.6,2.519749321909964,0.09666666666666666,0.09666666666666666,2.2,0.8800000000000001,0.019665414024498104,-0.09041862168824771,0.2904186216882477,-0.012658227848101267,0.008520694678481225,-1.3568446071265794,0.0017417675583191667,-0.3239936238009616,0.00860775578620713,0.1407021346380305,-0.050053120258441504,low
2025,oe:team:50f58982d91a36557ec8aec52ab014f,13,0.2956526195669027,0.05128205128205128,0.025699037316127916,0.09393721543254255,0.07298053320610735,0.0,0.0,0.0,0.6851827565136689,1.8461538461538463,1.1609710896401773,0.09324009324009325,0.09586247086247085,2.1538461538461537,0.9076923076923078,1.2241506710742727,-0.03656879879968078,0.6519534141842962,0.025583013965923364,0.020956682226435194,0.050186834744777614,0.016619054105525312,0.4524089467103297,0.01639969889041676,0.15032867658295504,-0.027159937026767715,mid
2025,oe:team:53a258f289c26d94431c0496a54e151,4,-0.1581845806620894,0.0,0.009027777777777779,0.11522633744855967,0.07377305499393838,-0.00625,0.0,0.00625,1.444045049892428,3.5,2.055954950107572,0.061,0.07100000000000001,1.5,0.55,0.47410794832190883,-0.11745395418626348,0.3674539541862635,-0.009027777777777779,0.04145328245462129,-0.25325235489540016,0.0011048473053813972,1.1044951762025716,-0.022826255434104194,-0.1961139324928974,-0.0887681422310034,mid
2025,oe:team:740de582f50775c516c77ed7b923fd5,6,1.7138938702825022,0.0,0.010683760683760682,0.1304824561403509,0.10287529534986935,-0.019230769230769232,0.0,0.019230769230769232,1.1029935768900658,3.5,2.397006423109934,0.11041666666666666,0.11302083333333333,2.6666666666666665,0.9333333333333332,-0.3338496802517397,-0.08026632092745961,0.4135996542607929,-0.010683760683760682,0.027607160790481547,1.7808371606077802,-0.021855468862918004,0.6484228747204664,0.019065133559569604,0.19933775028987163,-0.0308150799066292,high
2025,oe:team:78f183fa5a7d8ecb22b9ad272c3abd7,5,-1.118224811915726,0.2,0.038461538461538464,0.12258064516129033,0.10624480312898395,0.0,0.0,0.0,0.06181077118035301,3.0,2.9381892288196467,0.0784,0.08,1.8,0.64,0.8778741543780852,-0.24281092156763862,0.4428109215676386,0.16153846153846155,0.016335842032306383,-1.2942554863835767,0.012341994728247516,-0.2202589551722095,-0.0016655968202266298,-0.11216991836124013,-0.224502359872068,low
2025,oe:team:7d6673d3a9d00363c6bebc1a630da6e,10,0.762129847918983,0.125,0.04454866080556123,0.09285714285714286,0.08346276575444932,0.0,0.0,0.0,0.39368351692211245,2.7,2.3063164830778873,0.07931034482758621,0.08103448275862069,2.2,0.58,-1.1353979343315732,0.1085442302883014,0.3914557697116986,0.08045133919443877,0.009394377102693544,0.9897989997820791,-0.012525080718229342,-0.17499557532917046,-0.01950676935323859,-0.14197336615979594,0.1785961721678023,high
2025,oe:team:b9e44c69c1a70fb35df9be96f9eafea,7,-0.5620635744998261,0.0,0.003246753246753247,0.0869130869130869,0.08983246990000941,0.0,0.0,0.0,0.04987248170152471,2.7142857142857144,2.6644132325841894,0.10147783251231526,0.10147783251231526,3.0,0.7428571428571429,-0.996268929240684,-0.09666480707702751,0.3823790927913132,-0.003246753246753247,-0.002919382986922514,-0.36229246756953765,-0.01080661877471439,-0.49900020874702095,0.003956559052153625,0.018797016398765257,-0.03018863870842043,low
2025,oe:team:ce499dea30cfce118f4fe85da0227e8,24,1.3138771072601538,0.03985507246376812,0.01888459883005159,0.08960843373493976,0.0716487210165369,0.0,0.0,0.0,0.6102785448201055,2.25,1.6397214551798946,0.0714975845410628,0.07737520128824477,1.6666666666666667,0.7666666666666667,1.6786164602749098,0.0921565336524457,0.6161767996808877,0.02097047363371653,0.017959712718402868,0.9772821793865092,0.022232421087202414,0.4422024737853688,-0.0011099377672317765,0.002486619632051157,0.0898851082733772,high
2025,oe:team:d356a144644879dabb5f34cd99c886d,8,0.979534738166847,0.15,0.03766945773524721,0.0733695652173913,0.09078396755647347,0.0,0.0,0.0,-0.7727570009811796,1.25,2.0227570009811795,0.0880597014925373,0.09057835820895521,2.0,0.8,1.3058657629589536,-0.11245409052333388,0.6124540905233339,0.11233054226475278,-0.017414402339082174,0.7176835037140136,0.017628363958082052,-0.993897852278431,0.011980397495571431,0.04141074516518101,-0.10514539945753264,high
2025,oe:team:d723992568441c6bafa2658129eade7,16,0.6894606966886827,0.022727272727272728,0.029668860551213497,0.08919597989949749,0.06808752720055951,0.0,0.0,0.0,0.6931401964485692,2.0,1.3068598035514307,0.08658536585365853,0.0960619918699187,2.1875,0.6,-1.0334416496022238,0.24994135760643077,0.5000586423935692,-0.006941587823940769,0.021108452698937977,0.8966856499412637,-0.011265760311998428,0.13897559842761997,-0.01128213249836401,-0.12350258235037467,0.31737290712442384,high
2025,oe:team:ed28f87f0cfdba0a2a8f183cebae73a,10,-0.0941818985785134,0.03571428571428571,0.006081081081081081,0.09863013698630137,0.07963192132407956,0.0,0.0,0.0,0.7500502970217109,2.7,1.949949702978289,0.0608,0.06373333333333334,1.3,0.7,1.2811508138812575,0.15920653723999095,0.440793462760009,0.02963320463320463,0.018998215662221804,-0.35107730976910767,0.01732309548154702,0.5253910261709864,-0.015509497818901662,-0.058218561646269984,0.16715043057851298,mid
2025,oe:team:fcec508e780bbd1ad493852640f5b36,16,0.1267305847422155,0.0,0.02946567103423458,0.08836920529801325,0.07566067042082913,0.0,0.0,0.0,0.05792617499683839,1.375,1.3170738250031615,0.0905241935483871,0.0920866935483871,1.875,0.9125,0.28974098077627614,-0.06661255127443555,0.5041125512744355,-0.02946567103423458,0.01270853487718411,0.06863193812793313,0.0050776254050202835,-0.3078701757376538,0.004980753232994198,0.1691513404133006,-0.03318829877327479,mid
