year,teamid,team,major,n_unseen_patches,intended,nerfs,buffs,walkback,walkback_all_reasons,touched,pool_share_changed,buff_share,nerf_share,intended_z,nerfs_z,buffs_z,walkback_z,walkback_all_reasons_z,touched_z,org,breadth,meta,breadth_z,meta_z,buffs_z_res,nerfs_z_res,intended_z_res,buff_pct,buff_res_pct,finish
2016,oe:team:2f758c15b9c1781b2d4032011ae1628,I May,LPL,3,-5.283018867924528,5.716981132075472,0.4339622641509434,-0.4528301886792453,-0.4528301886792453,-0.3018867924528302,0.5811320754716982,0.0716981132075471,0.5094339622641509,0.8618751103189354,-0.6864670623106572,1.3417912618249848,0.0968813856166376,0.0968813856166376,-0.8131217710739989,BLG,6.794350814372471,0.435839551352122,0.6383142911731603,0.4188060454823979,1.349709704457673,-0.8296442957399506,1.0014630137090335,0.875,0.9375,
2023,oe:team:d356a144644879dabb5f34cd99c886d,Bilibili Gaming,LPL,6,-3.2727272727272725,4.090909090909091,0.8181818181818183,-0.1818181818181818,-0.1818181818181818,-0.0909090909090909,0.509090909090909,0.0727272727272727,0.4363636363636363,-1.5444857201124078,1.7430308846587084,0.7325301101115097,0.7677644834255571,0.7212463544352518,0.9995823204660228,BLG,5.446465670562222,0.4936658506731946,-1.8216936375843384,0.6161254164784083,1.0787917330275318,1.5206962418135646,-1.2119515466196222,0.8181818181818182,0.8636363636363636,SF
2024,oe:team:d356a144644879dabb5f34cd99c886d,Bilibili Gaming,LPL,3,-3.380952380952381,3.928571428571429,0.5476190476190476,-1.119047619047619,-1.6904761904761905,-0.5000000000000002,0.5095238095238095,0.0761904761904761,0.4333333333333333,0.2149898538825279,-0.1179415274421831,0.1756128049934223,0.1615716770755386,0.2003148741456319,0.4488850486634243,BLG,7.339081687940572,0.41592198147468074,-0.5273823878914832,0.566444109035742,0.3548823756400238,-0.31748553377703764,0.46785179741036,0.65,0.8,Runner-up
2025,oe:team:d356a144644879dabb5f34cd99c886d,Bilibili Gaming,LPL,3,-1.462686567164179,1.761194029850746,0.2985074626865671,-0.0895522388059701,0.208955223880597,-0.1343283582089552,0.2328358208955224,0.0388059701492537,0.1940298507462686,-0.2791293702306179,0.425877014005588,0.979534738166847,-0.1623163838502056,1.509181809643783,-0.2967416143674997,BLG,11.743469552649483,0.3192110101665585,1.3058657629589536,-0.20800660505835164,0.7789013547542741,0.5038659358165725,-0.4232200256412175,0.8235294117647058,0.7647058823529411,
2017,oe:team:fbf53cf218dfaa8c2b2a864d13d2206,Longzhu Gaming,LCK,3,-2.6571428571428575,3.4000000000000004,0.7428571428571429,-0.3428571428571428,-2.428571428571429,0.1714285714285713,0.5314285714285715,0.1257142857142857,0.4057142857142857,-0.6442563813374366,1.398665599081376,3.5951943354736584,-2.4791460952094755,-1.0592024935273048,1.8204979136030728,DRX,6.729544310417369,0.456537183746486,-1.1150865800344136,1.0113935177602853,3.936303880634698,1.0416420945009293,-0.18477819822916236,1.0,1.0,QF
2020,oe:team:1d0389df0c5eea93b04122ba167c010,Kiwoom DRX,LCK,3,-1.2264150943396226,1.9245283018867927,0.6981132075471699,0.0377358490566037,-0.2641509433962264,-0.169811320754717,0.3547169811320755,0.1018867924528302,0.2528301886792453,0.1171693717730024,0.3436981326433792,1.5208674597818266,0.1446212992280211,-1.336655774961641,-1.1747485870216208,DRX,12.021902158140913,0.3239109705118065,2.590007230580157,-1.1935771867766407,0.9638929852233544,0.7704321185658212,-0.483767481660243,1.0,0.8636363636363636,QF
2022,oe:team:1d0389df0c5eea93b04122ba167c010,Kiwoom DRX,LCK,4,-2.0727272727272728,3.2727272727272725,1.2000000000000002,-0.7818181818181817,-0.7818181818181817,-0.9090909090909092,0.469090909090909,0.1054545454545454,0.3636363636363636,0.760445614141872,0.1779700636977033,1.4873198861259258,-0.8813698951689515,-0.8688375738111094,-0.9215205404406154,DRX,10.53303223844246,0.3566078455235081,1.7200809771380745,-0.20697187306103343,1.2366928633259362,0.25735396937807864,0.5976907708023631,0.9166666666666666,0.9166666666666666,Champion
2016,oe:team:3b84bb916852d07609c83d1ce91c1a9,Samsung Galaxy,LCK,3,-6.743589743589744,6.846153846153846,0.1025641025641025,-0.3076923076923077,-0.3076923076923077,0.1538461538461539,0.6153846153846154,0.0205128205128205,0.5948717948717949,-1.1392813719580297,1.086491905954344,-0.975996101147778,0.9271821007030598,0.9271821007030598,0.5680721520746788,GENG,6.368733971448188,0.4271487563622395,-0.17760895453473818,0.11952341398239358,-0.9301298822372366,1.044105722709886,-1.0828703134360227,0.1875,0.1875,Runner-up
2017,oe:team:3b84bb916852d07609c83d1ce91c1a9,Samsung Galaxy,LCK,3,-3.0,3.1458333333333335,0.1458333333333333,-0.1666666666666666,-2.4375,-0.0833333333333333,0.4458333333333333,0.0208333333333333,0.4249999999999999,-1.1887445264697905,1.028977414180574,-0.2657842850597923,-0.9730876778260904,-1.077470641366282,-1.321904836977364,GENG,7.709449094296116,0.40221547458389556,0.04976074148381794,-0.7832370783096059,-0.43131148531281205,1.302012611134571,-1.5070823450663346,0.375,0.3333333333333333,Champion
2018,oe:team:50f58982d91a36557ec8aec52ab014f,Gen.G,LCK,4,-3.4897959183673466,3.7551020408163263,0.2653061224489795,-1.5510204081632653,-1.5510204081632653,-1.3469387755102042,0.4081632653061223,0.0285714285714285,0.3795918367346939,-2.6141845543415956,2.3907199205941456,-1.4936203690561995,-2.690439139962032,-2.690439139962032,-2.3656578441064866,GENG,8.309764079789758,0.3833819241982507,-0.6920886062271018,0.6196160189979872,-1.2835600557404012,2.1719565755579713,-2.3322795661564917,0.041666666666666664,0.041666666666666664,
2020,oe:team:50f58982d91a36557ec8aec52ab014f,Gen.G,LCK,3,-1.0925925925925926,1.5925925925925928,0.5,0.0,-0.2407407407407407,0.0555555555555555,0.3074074074074074,0.074074074074074,0.2333333333333334,0.3509870401462553,-0.2780052665225088,0.3183711489991795,-0.7062224707277746,-1.0732494429506194,0.5101713085992982,GENG,9.52563578652013,0.3797778132708654,0.9099516194477895,0.45473090187433846,0.3006818154050549,-0.43254499762664894,0.49255749298189366,0.6818181818181818,0.6818181818181818,QF
2021,oe:team:50f58982d91a36557ec8aec52ab014f,Gen.G,LCK,3,-3.176470588235294,3.9411764705882346,0.7647058823529411,-1.3529411764705883,-1.3529411764705883,-1.411764705882353,0.5235294117647058,0.1235294117647058,0.3999999999999999,0.5127591305355877,-0.8352353541133221,-0.4980519243720752,0.4129406079784596,0.4094607448631279,0.2355410652002042,GENG,8.784613961494905,0.39172756371542466,0.7150413556563362,-0.42014639362474077,-0.6702748027609744,-0.6858558245331485,0.310285142474506,0.4090909090909091,0.36363636363636365,SF
2022,oe:team:50f58982d91a36557ec8aec52ab014f,Gen.G,LCK,4,-2.883720930232558,3.4651162790697674,0.5813953488372092,-0.8604651162790697,-0.8604651162790697,-1.0697674418604652,0.4651162790697675,0.0744186046511627,0.3906976744186046,-0.4855435474591605,0.5551032422325525,-0.0834228961795131,-1.2451888206488475,-1.2321571480214704,-1.605812745934136,GENG,8.301297480570323,0.3834953064033699,-0.1050135723865355,1.103185219396902,0.15395441137855373,0.1703866204021342,-0.035557505498605646,0.625,0.7083333333333334,SF
2023,oe:team:50f58982d91a36557ec8aec52ab014f,Gen.G,LCK,5,-1.818181818181818,2.545454545454545,0.7272727272727273,-0.5454545454545454,-0.5151515151515151,-0.3030303030303031,0.4666666666666666,0.0909090909090909,0.3757575757575757,-0.0470293635957554,0.1890192285169079,0.4469726848695441,-0.4763397252864182,-0.5161921464038627,0.2064152830571398,GENG,6.954106776687846,0.4697890790000095,0.16710641983486074,-0.11290402466954756,0.40372736267017967,0.22905517652281307,-0.1002855979008708,0.6818181818181818,0.6363636363636364,QF
2024,oe:team:50f58982d91a36557ec8aec52ab014f,Gen.G,LCK,2,-3.3125,3.6458333333333335,0.3333333333333333,-1.8125,-2.7291666666666665,-1.3333333333333337,0.4791666666666667,0.0416666666666666,0.4375,0.3806723866934068,-0.7891880637409832,-0.7857104408139516,-1.642600106533299,-1.602900523127871,-1.2270381385290203,GENG,9.151869332601098,0.3773700524558894,0.7106790133966037,-0.9216234763278228,-1.0595238595898628,-0.46514792960315665,-0.023952612041827748,0.2,0.1,SF
2025,oe:team:50f58982d91a36557ec8aec52ab014f,Gen.G,LCK,3,-1.727272727272727,1.9545454545454544,0.2272727272727273,-0.0303030303030303,0.0909090909090909,-0.0757575757575757,0.2515151515151514,0.0272727272727272,0.2242424242424242,-0.736031963409141,0.7381754161366961,0.2956526195669027,0.390154793477144,0.1535126308918763,0.1735515776394471,GENG,11.656436882962122,0.31987578775988074,1.2241506710742742,-0.17124204282608085,0.11241001823741309,0.8030118667327972,-0.8615232989596955,0.6470588235294118,0.5882352941176471,SF
2016,oe:team:93c730021ff69abdfccc4911a2f666f,ROX Tigers,LCK,3,-6.071428571428571,6.178571428571429,0.1071428571428571,-0.5,-0.5,0.0714285714285714,0.5785714285714285,0.0214285714285714,0.5571428571428572,-0.2183403144468089,0.038294212588344,-0.9439724488439312,-0.1729663467864495,-0.1729663467864495,0.3182884466826861,HLE,6.429338658161202,0.43501904171463995,-0.06142752630871818,0.3905503699357287,-0.856996722931474,-0.09800619534433841,-0.057918800826255834,0.3125,0.3125,SF
2021,oe:team:3a1d18f46bcb3716ebcfcf4ef068934,Hanwha Life Esports,LCK,3,-3.3902439024390247,4.170731707317073,0.7804878048780488,-1.804878048780488,-1.7560975609756098,-1.5609756097560976,0.5512195121951221,0.1463414634146342,0.4048780487804878,0.2891893226849517,-0.5496187509068913,-0.4546260282372587,-0.442853689108137,-0.3553047074238168,0.0002718024846112,HLE,10.307028233892039,0.41084610126121823,2.2002575938664375,0.2435069909482909,-0.6717180062425758,-0.6251148198930421,0.2860876940208485,0.45454545454545453,0.3181818181818182,QF
2024,oe:team:3a1d18f46bcb3716ebcfcf4ef068934,Hanwha Life Esports,LCK,2,-2.92156862745098,3.4705882352941178,0.5490196078431373,-1.1372549019607845,-1.6666666666666667,-1.0980392156862746,0.5137254901960785,0.0705882352941176,0.4431372549019608,1.3268849078358442,-1.205236226487175,0.181895963462752,0.1142013500128478,0.2416493245129327,-0.7538362974393887,HLE,8.586297293059026,0.3984569772926353,0.32441594840536714,-0.10768834718643729,0.12064627472269088,-1.166350385751195,1.2684864597456516,0.7,0.7,QF
2025,oe:team:3a1d18f46bcb3716ebcfcf4ef068934,Hanwha Life Esports,LCK,3,-1.813953488372093,1.9534883720930232,0.1395348837209302,-0.2325581395348837,0.0,-0.2325581395348837,0.2465116279069767,0.013953488372093,0.2325581395348837,-0.8857172852292251,0.7364680319716383,-0.5466659765647237,-1.4957795698865362,-0.8905084607906265,-1.085476124586208,HLE,10.158727225774275,0.3522963024928894,-0.18205096209762361,1.6217275811158027,-0.1943570715424534,0.17080150564737862,-0.22294433570188243,0.35294117647058826,0.4117647058823529,QF
2016,oe:team:3413ca4510110b5181f3e4b24d52719,Splyce,LEC,3,-5.973684210526317,6.078947368421053,0.1052631578947368,-0.7894736842105262,-0.7894736842105262,-0.6842105263157895,0.4789473684210525,0.0210526315789473,0.4578947368421052,-0.0844188699729289,-0.1181294847755661,-0.9571190008423526,-1.8289792730075003,-1.8289792730075003,-1.9718337364375809,MKOI,6.905594544716173,0.42661785468036906,0.8515726408734676,0.1012408917732135,-1.0397162289516375,-0.14978574247746312,-0.08279649018992927,0.25,0.125,
2019,oe:team:3413ca4510110b5181f3e4b24d52719,Splyce,LEC,3,-3.076923076923077,3.423076923076923,0.3461538461538461,-0.2307692307692307,-0.8461538461538463,0.4615384615384615,0.4384615384615384,0.0538461538461538,0.3846153846153846,-0.658920980741287,0.0072399218560893,-1.3978137312342938,0.7657132647037816,-0.0459915216874459,1.9512105527771073,MKOI,6.638115586602017,0.384757004272193,-1.4165562834126024,0.10097957714404202,-1.2055589244781717,-0.03393746268420293,-0.5529178080455125,0.08333333333333333,0.125,QF
2020,oe:team:6a0084dacefb228be863fbb64cefe11,MAD Lions KOI,LEC,3,-1.5,1.7692307692307692,0.2692307692307693,0.0,-0.3076923076923077,0.0,0.3153846153846154,0.0461538461538461,0.2692307692307693,-0.3608442949012979,0.052831554474917,-1.0823388393850015,-0.7062224707277746,-1.8265734074046431,0.0948189622369321,MKOI,8.652895821728071,0.34314978215501774,0.322573729180273,-0.6259508939449121,-1.248902657312863,0.2722355464726951,-0.6282829830763383,0.18181818181818182,0.09090909090909091,
2021,oe:team:6a0084dacefb228be863fbb64cefe11,MAD Lions KOI,LEC,4,-3.6818181818181825,4.681818181818182,1.0,-1.5454545454545454,-1.5454545454545454,-1.818181818181818,0.609090909090909,0.1636363636363636,0.4454545454545455,-0.0157468002254181,0.0862838966296965,0.1493887089106403,0.0483944658428705,0.0442734890962143,-0.4052797587698899,MKOI,6.40079882031938,0.409281659998139,-1.6105286424429937,0.1892012294996759,0.3831188413091058,0.013554298422012862,0.13479061304596288,0.6590909090909091,0.6818181818181818,QF
2022,oe:team:6a0084dacefb228be863fbb64cefe11,MAD Lions KOI,LEC,3,-2.375,3.083333333333333,0.7083333333333333,-0.375,-0.375,-0.5416666666666666,0.45,0.0833333333333333,0.3666666666666666,0.2960418071035308,-0.1932919939258887,0.2388943100893033,1.0005617375049445,1.0105110570337466,0.6432726553452792,MKOI,7.417476491475765,0.3602149346332817,-0.8277951951856121,-0.03120766083535516,0.3328709823539779,-0.18592958591861866,0.3215833103569208,0.7083333333333334,0.75,
2023,oe:team:6a0084dacefb228be863fbb64cefe11,MAD Lions KOI,LEC,4,-0.7777777777777779,1.3333333333333337,0.5555555555555556,-0.4444444444444444,-0.4444444444444444,-0.4999999999999999,0.2555555555555556,0.0666666666666666,0.1888888888888888,1.0240678914126833,-1.029813442966856,-0.0924135628097231,-0.1307552228664251,-0.2537051916804141,-0.5300969659653939,MKOI,7.568906801729801,0.43828782939418637,0.9781179531081399,-1.0747316414820343,-0.4298200092721389,-0.6513078850170279,0.5453417758933077,0.5227272727272727,0.4090909090909091,
2024,oe:team:6a0084dacefb228be863fbb64cefe11,MAD Lions KOI,LEC,3,-3.640000000000001,4.0,0.36,-0.88,-1.4400000000000002,-0.6400000000000001,0.504,0.056,0.448,-0.4120104789809043,0.0516365448859354,-0.6660791035579225,0.7835076326955466,0.6351532920096375,0.1673299532150938,MKOI,8.488402077642391,0.40797498578737923,0.25755743470404774,0.25969767677464206,-0.644411928640052,-0.037732221190110785,-0.31908431263526765,0.3,0.25,
2025,oe:team:4acc40654379b4da680be1bd3129dfa,Movistar KOI,LEC,2,-0.8125,1.125,0.3125,0.09375,0.28125,0.0625,0.1875,0.03125,0.15625,0.8436501752500677,-0.6016943073924698,1.1138687257489792,1.546891321006283,2.339431791602117,1.283688644292911,MKOI,9.354881676379438,0.341580146399761,-0.936782641199834,1.029086084870936,1.436970063536674,-0.9641250111029034,1.3020535653784528,0.8823529411764706,0.9411764705882353,
2016,oe:team:cbfaf0ca2181f0903d2fcceb6c28f3b,Counter Logic Gaming,LCS,3,-5.558139534883721,5.976744186046512,0.4186046511627906,-0.4186046511627906,-0.4186046511627906,0.0,0.5441860465116279,0.0837209302325581,0.4604651162790698,0.4849269489755159,-0.2786027644757962,1.234380643917742,0.2926778798253895,0.2926778798253895,0.1018092353429595,NRG,7.006573638659534,0.42004540559420206,1.04515330256163,-0.12509281650063103,1.0822308452180924,-0.230600011837155,0.38630327421801497,0.8125,0.875,
2023,oe:team:e758ebe9a5a2cc81b9c8078479c2d87,NRG,LCS,5,-2.620689655172414,3.068965517241379,0.4482758620689656,-0.6551724137931034,-0.5517241379310345,-0.4827586206896552,0.5034482758620691,0.0620689655172413,0.4413793103448276,-0.8732121809842539,0.7154288564594656,-0.4293932063902794,-0.8517159951564109,-0.6519612609159913,-0.4656277240085146,NRG,6.729306314264275,0.5287736996267275,-0.12943840821429342,1.6880733268923251,-0.06995068260893711,0.12687513995521238,-0.1860916438393465,0.45454545454545453,0.5,QF
2017,oe:team:d996d27c1737a1f7494fc09d6911339,Lyon Gaming,Other,3,-2.909090909090909,3.090909090909091,0.1818181818181818,-0.1515151515151515,-2.393939393939394,0.1515151515151515,0.4606060606060606,0.0242424242424242,0.4363636363636363,-1.0443726698059088,0.9490895053719056,-0.0330687242282192,-0.843574054709583,-0.9883442231215732,1.57487254992134,R7,9.19087652235898,0.4009532320524277,1.8107856900222867,-0.8249378845168028,-0.4205302027961462,1.24411339314051,-1.4606626613349492,0.6458333333333334,0.375,
2020,oe:team:2cb996a4b0ffaca3bcf66fe91450243,Movistar R7,Other,3,-1.5,2.15625,0.65625,0.0625,-0.1875,-0.375,0.4125,0.11875,0.29375,-0.3608442949012979,0.7777043674163548,1.2667685369676358,0.7029875232615121,-0.4741966095151065,-2.7088093757090386,R7,9.485898259331705,0.34797277168732127,0.8832071757119666,-0.4836523092215817,1.0612312143889109,0.9499175327347831,-0.5966905958795528,0.8636363636363636,0.9090909090909091,
2023,oe:team:2cb996a4b0ffaca3bcf66fe91450243,Movistar R7,Other,5,-2.7777777777777777,3.333333333333333,0.5555555555555556,-0.5555555555555556,-0.5,-0.2222222222222222,0.5222222222222223,0.0555555555555555,0.4666666666666667,-1.0349345987977137,0.9812604649813552,-0.0924135628097231,-0.5108981755284178,-0.4599449418202667,0.5085741544510003,R7,5.915264791528061,0.4928178484107579,-1.2032787410239072,0.5902333644062799,0.17362140832785602,0.77056557217235,-0.7413367885804696,0.5227272727272727,0.5454545454545454,
2024,oe:team:2cb996a4b0ffaca3bcf66fe91450243,Movistar R7,Other,3,-2.7857142857142856,3.5,0.7142857142857143,-0.892857142857143,-1.3214285714285712,-0.0357142857142857,0.4571428571428571,0.1,0.3571428571428572,1.655707530498867,-1.1354099614108917,0.9233086628436024,0.7500568940466613,0.8409988548387969,1.3826136815277867,R7,6.947935376153987,0.4123430197114407,-0.7945196625223749,0.42829960823690577,1.1068248890337542,-1.2879663161576458,1.8651327768166373,0.9,0.9,
2016,oe:team:3354e252e33ed55fd8fa14595ca1564,SK Telecom T1,LCK,3,-5.999999999999999,6.151515151515151,0.1515151515151515,-0.2424242424242424,-0.2424242424242424,0.1212121212121212,0.5636363636363636,0.0303030303030303,0.5333333333333332,-0.1204746434851252,-0.0041879236311291,-0.6336341456084701,1.3005658162146512,1.3005658162146512,0.4691678970103745,T1,6.453723668919281,0.42541459369817575,-0.014680557867215517,0.059804508386961046,-0.619676401420573,-0.025081792940971476,-0.09566652110110424,0.375,0.375,Champion
2017,oe:team:3354e252e33ed55fd8fa14595ca1564,SK Telecom T1,LCK,3,-2.9148936170212765,3.404255319148936,0.4893617021276595,-0.1489361702127659,-2.574468085106383,0.0212765957446808,0.5319148936170213,0.0723404255319149,0.4595744680851062,-1.0535878946993478,1.4048550071299413,1.955828431725381,-0.821529182689752,-1.35771180289613,-0.0315764058879618,T1,8.832352963372864,0.4013374406857492,1.3845961109357563,-0.8122447535519949,1.6226074282908485,1.6936513496239594,-1.445122717337799,0.9583333333333334,0.9583333333333334,Runner-up
2019,oe:team:3354e252e33ed55fd8fa14595ca1564,SK Telecom T1,LCK,3,-1.9534883720930232,3.0,1.0465116279069768,-0.627906976744186,-1.0,-0.3488372093023256,0.4883720930232558,0.1348837209302325,0.3534883720930232,0.4051924957642614,-0.3954098137851654,0.0250108212931471,-1.0622530027518975,-0.5140965032345769,-1.4603626165336343,T1,7.551801200629311,0.39376067027244166,-0.6903895557487271,0.42394025166164284,0.19501838407829528,-0.546006382383627,0.6080617125208951,0.4166666666666667,0.625,SF
2021,oe:team:ce499dea30cfce118f4fe85da0227e8,T1,LCK,3,-4.020408163265306,4.571428571428571,0.5510204081632653,-1.5510204081632653,-1.5510204081632653,-1.9591836734693877,0.5591836734693878,0.110204081632653,0.4489795918367347,-0.3698531926638185,-0.0510647694170968,-1.08603372398597,0.0378548664954131,0.0337153541505722,-0.6276053507595145,T1,8.257402945179676,0.3900656784228765,0.20071199301727388,-0.4778346868077309,-1.2076655334016306,0.11622958795304879,-0.571911405471023,0.13636363636363635,0.09090909090909091,SF
2022,oe:team:ce499dea30cfce118f4fe85da0227e8,T1,LCK,4,-1.2340425531914894,3.0638297872340425,1.829787234042553,-0.6595744680851063,-0.6595744680851063,-0.7872340425531914,0.4510638297872341,0.1276595744680851,0.3234042553191489,2.0489785895494848,-0.2315240866684027,3.0864571548176234,-0.315873262885627,-0.3041171008792425,-0.4025542513359271,T1,10.772016708420319,0.33928635738994456,1.9155205346567665,-1.0510036182494218,2.6402661024638374,0.14268894657307504,1.5366435480209337,1.0,1.0,Runner-up
2023,oe:team:ce499dea30cfce118f4fe85da0227e8,T1,LCK,5,-1.8958333333333333,2.875,0.9791666666666669,-0.625,-0.6041666666666667,-0.6458333333333333,0.5291666666666667,0.1083333333333333,0.4208333333333333,-0.1269716951285454,0.520389361076557,1.2382047173108224,-0.7484875209421631,-0.8466444733324903,-1.0753993041840009,T1,8.299217509895728,0.4444028891630681,1.9415050433333296,-0.8880205288193107,0.8220536324559965,0.8379407516946198,-0.5747381525511286,0.8636363636363636,0.7727272727272727,Champion
2024,oe:team:ce499dea30cfce118f4fe85da0227e8,T1,LCK,2,-2.7733333333333334,3.4400000000000004,0.6666666666666666,-1.6533333333333335,-2.306666666666666,-1.3733333333333335,0.4960000000000001,0.088,0.408,1.6856744581724867,-1.2778555421665097,0.709681274886408,-1.228492351222567,-0.8694207013601162,-1.3074824515142578,T1,12.555185079976567,0.3486697424067666,3.0350074451531732,-2.0294279924952665,-0.0714389218839887,-0.5580844702149451,0.7269619646503684,0.85,0.5,Champion
2025,oe:team:ce499dea30cfce118f4fe85da0227e8,T1,LCK,3,-1.4927536231884058,1.8260869565217392,0.3333333333333333,0.0144927536231884,0.1884057971014492,0.0434782608695652,0.263768115942029,0.0376811594202898,0.2260869565217391,-0.3310508912242977,0.5306911230350985,1.3138771072601538,0.8078545418846127,1.2731874248702129,1.130953884080314,T1,12.14047685652691,0.3083068435570734,1.678616460274908,-0.8110457506800177,0.9452639588185567,0.8203158527659521,-0.7356465816124382,0.9411764705882353,0.8823529411764706,Champion
2017,oe:team:6c951ee7222ac9acd244aa88c9e8330,Young Generation,Other,2,-2.761904761904762,2.761904761904762,0.0,0.0,-1.9047619047619049,0.0,0.3619047619047618,0.0,0.3619047619047618,-0.8106277590167665,0.4705491255130861,-1.208894715798272,0.4515621764554905,0.0125288463593835,-0.2940160867875013,VN_BUFFALO_VIKINGS,5.842686859915849,0.4908359788359789,-2.169325259935595,2.144525520137075,-0.509260150529427,-0.2856450793671795,0.15464844527767907,0.0625,0.2916666666666667,
2018,oe:team:b24f151e143d152c7cf8be9f13ec015,Phong Vũ Buffalo,Other,2,-0.6571428571428571,1.085714285714286,0.4285714285714286,-0.0857142857142857,-0.0857142857142857,-0.1142857142857142,0.16,0.0457142857142857,0.1142857142857142,0.6746744173497696,-1.134093389933344,-0.9407089500825868,0.5286720047490849,0.5286720047490849,-0.1810597440823023,VN_BUFFALO_VIKINGS,8.360401827402487,0.393069036226931,-0.6558324735059575,1.0335997986293917,-0.6507406073877546,-1.4969057072635712,1.121956571046918,0.20833333333333334,0.3333333333333333,
2022,oe:team:8e27b674a472ab529e758f13f0bace0,Saigon Buffalo,Other,3,-1.7446808510638296,2.2765957446808507,0.5319148936170213,-0.4893617021276596,-0.4893617021276596,-0.5957446808510638,0.3446808510638296,0.076595744680851,0.2680851063829786,1.264447442161086,-1.7747103755480826,-0.2090622164727011,0.4715271111797612,0.4822025449752553,0.4129642029714394,VN_BUFFALO_VIKINGS,10.516164244785097,0.3330066815144766,1.7062864689973205,-1.356996137340114,-0.692204748232435,-1.2947979420144164,0.6382795945065904,0.5416666666666666,0.3333333333333333,
2024,oe:team:fe099196385a285d6d6edde504dc1f6,MGN Vikings Esports,Other,3,-3.5714285714285716,4.666666666666667,1.0952380952380951,-1.2857142857142858,-2.095238095238095,-0.952380952380952,0.6238095238095238,0.1428571428571428,0.4809523809523808,-0.2460398026347011,1.6343652199483718,2.632327766501156,-0.27204900911371,-0.5023707820984833,-0.4609018243839018,VN_BUFFALO_VIKINGS,8.357291667351962,0.3932291454142353,0.1680142724005437,-0.30947765729295457,2.5489427511936533,1.7428773440207797,-0.37865765946452307,1.0,1.0,
2020,oe:team:8d47748b0e2a0ac34c90891889805a8,Suning,LPL,3,-0.4782608695652173,0.9130434782608694,0.4347826086956521,0.0434782608695652,-0.0217391304347826,0.0,0.1999999999999999,0.0739130434782608,0.1260869565217391,1.4243611678958268,-1.550775813501388,-0.0774816738050457,0.2740975250908596,1.390907391748202,0.0948189622369321,WBG,7.086981527950462,0.37578441769072424,-0.7313294622909576,0.33690884659339243,0.07976513917586961,-1.6712303058071523,1.5939981617124406,0.45454545454545453,0.5454545454545454,Runner-up
2023,oe:team:606c6ac695907af3823ee6405c58ff1,Weibo Gaming,LPL,6,-3.40625,3.78125,0.375,-1.125,-0.9375,-0.75,0.475,0.0375,0.4375,-1.681947534089523,1.4316572256155904,-0.6595623379430704,-2.4591308079211296,-2.0840829741716043,-1.464900974340149,WBG,6.236439289693552,0.49138083179864955,-0.7796024046612094,0.5463569378949773,-0.453813299729827,1.2380412783540184,-1.4255719457225136,0.2727272727272727,0.36363636363636365,Runner-up
2024,oe:team:606c6ac695907af3823ee6405c58ff1,Weibo Gaming,LPL,3,-3.9259259259259256,4.277777777777778,0.3518518518518518,-0.9444444444444446,-1.4629629629629628,-0.0555555555555556,0.5407407407407407,0.0481481481481481,0.4925925925925926,-1.104067218930653,0.7111068261619501,-0.7026331232750428,0.6158409673690367,0.59528851098873,1.342710748499395,WBG,7.632112666826802,0.42299395985265864,-0.3272539583927022,0.839415710107414,-0.49203271747622146,0.41732697926298506,-0.75027733199469,0.25,0.35,SF
2016,oe:team:056c3140a119e44a03d462e2c832f27,EDward Gaming,LPL,3,-4.871794871794871,5.3076923076923075,0.4358974358974359,-0.1538461538461538,-0.1538461538461538,0.3076923076923077,0.5333333333333333,0.0871794871794871,0.4461538461538462,1.4253010824737615,-1.3291077166175096,1.3553257865722708,1.8073008586946675,1.8073008586946675,1.0343350688063977,oe:team:056c3140a119e44a03d462e2c832f27,6.902550206512636,0.3551586158327731,0.8457365318252537,-2.3595822057907276,0.7723213657838793,-0.5036122606779839,0.434220907074898,0.9375,0.8125,QF
2017,oe:team:056c3140a119e44a03d462e2c832f27,EDward Gaming,LPL,2,-1.577777777777778,1.7111111111111112,0.1333333333333333,0.0,-1.3333333333333337,0.0,0.2577777777777778,0.0177777777777777,0.2399999999999999,1.0698729644496054,-1.0578416841938971,-0.3466223219802333,0.4515621764554905,1.1816903080539514,-0.2940160867875013,oe:team:056c3140a119e44a03d462e2c832f27,8.091343655279626,0.40133173604871725,0.50373225359664,-0.8124332180961868,-0.5731178885647046,-0.7727127251103661,0.7188409819978459,0.2916666666666667,0.20833333333333334,
2018,oe:team:056c3140a119e44a03d462e2c832f27,EDward Gaming,LPL,3,-1.350877192982456,1.7894736842105263,0.4385964912280701,-0.1578947368421052,-0.1578947368421052,0.7192982456140349,0.3087719298245613,0.0666666666666666,0.2421052631578947,-0.1307875806720196,-0.2048089536474875,-0.9067582489175404,0.3700997507360465,0.3700997507360465,1.296278845576203,oe:team:056c3140a119e44a03d462e2c832f27,11.304077071900586,0.3509653955826204,1.451810251219839,-0.7657212207382994,-1.23865193282127,0.06806673385458725,-0.5066459680215067,0.25,0.08333333333333333,QF
2021,oe:team:056c3140a119e44a03d462e2c832f27,EDward Gaming,LPL,4,-4.5,5.075,0.5750000000000001,-1.4,-1.4,-1.45,0.62,0.105,0.5149999999999999,-0.8714230690765681,0.5754875277551872,-1.020050934956264,0.3238293287897599,0.3201927490089933,0.1752533166293337,oe:team:056c3140a119e44a03d462e2c832f27,9.14629590306274,0.4398380462724936,1.0678861117936316,1.249891626070208,-0.894958370199469,0.14463944203613083,-0.4162713922083756,0.18181818181818182,0.22727272727272727,Champion
2022,oe:team:056c3140a119e44a03d462e2c832f27,EDward Gaming,LPL,3,-3.0357142857142856,3.2857142857142856,0.25,-0.2857142857142857,-0.2857142857142857,-0.3928571428571428,0.4214285714285714,0.0357142857142857,0.3857142857142858,-0.7190621105366669,0.2034280333633212,-0.9248922438431406,1.4135954158651372,1.422977835551173,1.2770254224161497,oe:team:056c3140a119e44a03d462e2c832f27,8.906650500686654,0.3646913954155641,0.39003920826109895,0.1869188059672351,-0.9341027969280528,0.1399717175837164,-0.6616061425605569,0.125,0.125,QF
2022,oe:team:0916b3c324c8577b0c6344f3e067f62,CTBC Flying Oyster,Other,4,-2.5428571428571427,3.371428571428571,0.8285714285714286,-0.4857142857142856,-0.4857142857142856,-0.5428571428571428,0.4114285714285713,0.0628571428571428,0.3485714285714285,0.0381505415408861,0.3714506331563977,0.5441993541079448,0.4883999763383057,0.4990522516721379,0.6382026332087123,oe:team:0916b3c324c8577b0c6344f3e067f62,7.265175693622902,0.3845338579678873,-0.9523455500470179,1.1537911767320148,0.8945815380611499,-0.034484445031140454,0.5475908593143504,0.8333333333333334,0.8333333333333334,
2023,oe:team:0916b3c324c8577b0c6344f3e067f62,CTBC Flying Oyster,Other,4,-1.8717948717948725,2.128205128205128,0.2564102564102564,-0.4358974358974359,-0.4358974358974359,-0.4358974358974359,0.2974358974358974,0.0256410256410256,0.2717948717948718,-0.1022240690442864,-0.2305404795515413,-1.032068338178583,-0.1015134572770411,-0.2219759993512061,-0.2904036304846877,oe:team:0916b3c324c8577b0c6344f3e067f62,6.512141789224716,0.5083974161796371,-0.41591031330713585,1.065924288595513,-0.7645969488564577,-0.6035955883026358,0.34704887081516,0.13636363636363635,0.2727272727272727,
2025,oe:team:0916b3c324c8577b0c6344f3e067f62,CTBC Flying Oyster,Other,3,-1.6206896551724137,1.6551724137931034,0.0344827586206896,-0.1034482758620689,0.1034482758620689,-0.0689655172413793,0.2,0.0068965517241379,0.193103448275862,-0.5519781867052197,0.2546324455290993,-1.5552086413139328,-0.2918904346526982,0.2975155400894629,0.228088306468904,oe:team:0916b3c324c8577b0c6344f3e067f62,9.34006139897969,0.3202202779207411,-0.9506974197976542,-0.15219051328510766,-1.4709723657359595,0.30361585923509893,-0.5695929490530125,0.058823529411764705,0.17647058823529413,QF
2018,oe:team:0b63f14fd7de22a26869bb1c76f87fc,G-Rex,Other,2,-0.6875000000000001,1.25,0.5624999999999999,-0.0625,-0.0625,0.0624999999999999,0.2041666666666667,0.0583333333333333,0.1458333333333333,0.6394281801711607,-0.9171610722747334,-0.4871488017057957,0.5796711541517157,0.5796711541517157,0.1322528559418614,oe:team:0b63f14fd7de22a26869bb1c76f87fc,11.397872197438698,0.3523243506121982,1.5189666450253823,-0.7076455695196403,-0.8153557286570583,-0.6642302242091817,0.28391030559378017,0.3333333333333333,0.25,
2021,oe:team:0edc9f071bd123368afdc0c53a3db20,Galatasaray Esports,Other,4,-3.7,4.9,1.2000000000000002,-2.1,-2.1,-2.4000000000000004,0.6,0.17,0.43,-0.0347618284221097,0.3577494954045357,0.699713247200949,-1.0017009491421465,-1.0076686893212572,-1.3226653594007625,oe:team:0edc9f071bd123368afdc0c53a3db20,7.363066899741321,0.41376982097186704,-0.6717722191874566,0.34499678727122546,0.851388515360577,0.2347301363715777,0.13539511323852146,0.7727272727272727,0.8181818181818182,
2019,oe:team:1fcd541d3a51d70860c46eaae858ba8,Royal Youth,Other,3,-1.0,2.0500000000000003,1.0500000000000005,-0.4,-0.9000000000000001,-0.1,0.4,0.15,0.25,1.3083333922251803,-1.2995414929068922,0.0320976868804489,-0.013230919536341,-0.2098282652289421,-0.4127912526238682,oe:team:1fcd541d3a51d70860c46eaae858ba8,7.2157342672169165,0.40240735068912714,-0.957484299898679,0.734095886003671,0.297637229794349,-1.5593062399294757,1.6486583926223468,0.4583333333333333,0.7916666666666666,
2019,oe:team:246827ba8505ab1bac1083d093120bc,Lowkey Esports.Vietnam,Other,3,-0.6842105263157894,1.8421052631578947,1.1578947368421053,-0.1052631578947368,-0.6842105263157894,0.1578947368421052,0.4052631578947369,0.1789473684210526,0.2263157894736842,1.607448092208386,-1.4973985639612315,0.2512931961859295,1.3433991429679877,0.4467505641516406,0.6729110905920088,oe:team:246827ba8505ab1bac1083d093120bc,10.311230000909774,0.34581557064820967,1.502712044361679,-1.295846079153816,-0.19472298292139595,-1.0396492111845619,1.0153331144826332,0.75,0.375,
2020,oe:team:274c62a6d7e34e0e66e5f267a39d5f7,Machi Esports,Other,3,-0.8333333333333335,1.0,0.1666666666666666,0.0,-0.1944444444444444,0.0,0.2055555555555555,0.0277777777777777,0.1777777777777777,0.803970616994698,-1.3879094401912944,-1.704876612000194,-0.7062224707277746,-0.5523339356153909,0.0948189622369321,oe:team:274c62a6d7e34e0e66e5f267a39d5f7,6.102871129141407,0.4400763358778626,-1.3936627037628466,2.233792284946699,-1.0810770789614028,-2.171910666079879,1.7695344596239302,0.045454545454545456,0.22727272727272727,
2020,oe:team:2e66da41dc460dd378e3bcc57042d31,FlyQuest,LCS,3,-2.628571428571429,2.8000000000000003,0.1714285714285714,0.0,0.0,0.0285714285714285,0.3542857142857142,0.0342857142857142,0.3199999999999999,-2.3327095386109487,1.983424487327641,-1.6759730725573456,-0.7062224707277746,1.6355111951925705,0.3084287403661489,oe:team:2e66da41dc460dd378e3bcc57042d31,6.50549105827063,0.3973520493339239,-1.1226884684899991,0.9732451766031326,-1.3417105640826175,1.6396569462419492,-1.8882744678541201,0.09090909090909091,0.045454545454545456,
2024,oe:team:2e66da41dc460dd378e3bcc57042d31,FlyQuest,LCS,2,-3.578947368421052,3.6842105263157894,0.1052631578947368,-1.6052631578947367,-2.3684210526315788,-1.0,0.4736842105263157,0.0210526315789473,0.4526315789473683,-0.2642383417077482,-0.6980770380383765,-1.808873193661566,-1.1034270164690356,-0.976629212628568,-0.556668863652042,oe:team:2e66da41dc460dd378e3bcc57042d31,8.545539561045034,0.38717170958780694,0.29658004883974726,-0.5432888862805983,-1.9554534451364507,-0.5075767930267808,-0.4971244711794918,0.05,0.05,QF
2025,oe:team:2e66da41dc460dd378e3bcc57042d31,FlyQuest,LCS,2,-0.3823529411764706,0.4411764705882353,0.0588235294117647,0.0,0.0,0.0,0.0764705882352941,0.0058823529411764,0.0705882352941176,1.5864528469542702,-1.7061961020502756,-1.3215274491223783,0.6727163879880788,-0.8905084607906265,0.7818458607372355,oe:team:2e66da41dc460dd378e3bcc57042d31,10.152893605930446,0.29477358656467073,-0.18752815569941864,-1.559482933130799,-1.616366746562952,-1.163777448742657,0.9658218105482159,0.17647058823529413,0.058823529411764705,
2019,oe:team:33d17f3717f58e12a3da80b377221fb,FunPlus Phoenix,LPL,4,-1.5,4.0,2.5,-0.125,-0.3125,0.1875,0.6375,0.30625,0.33125,0.8347351172517716,0.5563077431850736,2.9778714826687422,1.2525533798538584,1.577747633054167,0.7975452881550559,oe:team:33d17f3717f58e12a3da80b377221fb,8.397075886100424,0.350539886258838,-0.01859354309164914,-1.1263853110399822,2.750751398439423,0.9485817963444927,0.38108178978016394,1.0,1.0,Champion
2021,oe:team:33d17f3717f58e12a3da80b377221fb,FunPlus Phoenix,LPL,4,-4.205882352941176,5.088235294117647,0.8823529411764706,-1.7058823529411764,-1.7058823529411764,-1.8235294117647056,0.6411764705882352,0.1588235294117647,0.4823529411764706,-0.5638270247183105,0.5919551100338073,-0.1743316077307174,-0.2553939859367871,-0.2600492240428805,-0.4137116117168649,oe:team:33d17f3717f58e12a3da80b377221fb,7.93195207534815,0.42209354994564563,-0.11678694625127155,0.6339347299608935,-0.031084071634508992,0.3706422231809593,-0.30264677438591997,0.5454545454545454,0.5454545454545454,
2017,oe:team:364547a649dd1c75e258f0d5168509f,Team oNe eSports,Other,2,-1.526315789473684,1.526315789473684,0.0,0.0,-1.263157894736842,0.0,0.2421052631578947,0.0,0.2421052631578947,1.1515992552394525,-1.3266284921977018,-1.208894715798272,0.4515621764554905,1.325271540191881,-0.2940160867875013,oe:team:364547a649dd1c75e258f0d5168509f,7.039318650036191,0.36042815742731604,-0.7468469145928844,-2.1637679756790678,-1.5589973740385035,-0.5760900851088779,0.31289823351975765,0.0625,0.041666666666666664,
2023,oe:team:407a64574852482edb8c1560eab637c,Team Whales,Other,4,-1.6279069767441865,1.790697674418605,0.1627906976744186,-0.1627906976744186,-0.1627906976744186,-0.1627906976744186,0.2651162790697675,0.0232558139534883,0.2418604651162791,0.1488588225764807,-0.5699166965755982,-1.3261396997724249,0.8328629594628116,0.7918823787960468,0.7308014639354381,oe:team:407a64574852482edb8c1560eab637c,7.158496616281617,0.5195006481832962,0.43672663851183974,1.4049392581801317,-1.0929749449839548,-1.057447197755705,0.695649782783268,0.09090909090909091,0.13636363636363635,
2017,oe:team:418bd4b8f699d70c4509d7f9c768a3a,Gambit Esports,Other,2,-1.6363636363636365,1.863636363636364,0.2272727272727273,0.0909090909090909,-1.5909090909090908,0.0909090909090909,0.2636363636363635,0.0272727272727272,0.2363636363636363,0.9768333234884372,-0.8359920431804008,0.2608877736642941,1.2286439151545343,0.6546819219113245,0.8273170952378035,oe:team:418bd4b8f699d70c4509d7f9c768a3a,8.145086496015491,0.370944662274142,0.5676182608004778,-1.8163333744344408,-0.17778218508449234,-0.20090464040532285,0.21777263342579845,0.7916666666666666,0.5,
2018,oe:team:418bd4b8f699d70c4509d7f9c768a3a,Gambit Esports,Other,3,0.1458333333333333,0.7708333333333333,0.9166666666666666,0.375,0.375,0.6041666666666666,0.2,0.1,0.1,1.606971945858462,-1.5498803321123484,0.7122658128906086,1.5408089698166818,1.5408089698166818,1.0922342230192654,oe:team:418bd4b8f699d70c4509d7f9c768a3a,11.172557811765147,0.3288619979402677,1.357643745487295,-1.7103214350834615,0.19942992071369436,-0.9483719140047462,0.854294112166523,0.7916666666666666,0.625,
2017,oe:team:418c28593a78b57ef74e47d0c18640a,Fenerbahçe Esports,Other,3,-3.424242424242424,3.606060606060606,0.1818181818181818,-0.2727272727272727,-2.939393939393939,-0.2121212121212121,0.4969696969696969,0.0242424242424242,0.4727272727272726,-1.8624798575679051,1.6983829948876883,-0.0330687242282192,-1.8796830396416415,-2.104361982011843,-2.910460178179879,oe:team:418c28593a78b57ef74e47d0c18640a,7.171729660488739,0.4549868659788231,-0.5894452839419426,0.9601755472220045,0.2339013644784439,1.3614278291366757,-1.4478835318464793,0.6458333333333334,0.8333333333333334,
2020,oe:team:4880b157399745e82e26e229d8bbf48,PSG Talon,Other,3,-0.3636363636363636,0.8181818181818182,0.4545454545454546,0.0,-0.0909090909090909,0.0,0.2121212121212121,0.0787878787878787,0.1333333333333333,1.6246356685577863,-1.7284482207487624,0.0424737270447197,-0.7062224707277746,0.61262256260703,0.0948189622369321,oe:team:4880b157399745e82e26e229d8bbf48,7.355382756155194,0.38689637736121646,-0.5506880873933744,0.6647586426634565,0.2445885042582988,-1.9623368138673178,1.918242323690612,0.5454545454545454,0.6363636363636364,
2021,oe:team:4880b157399745e82e26e229d8bbf48,PSG Talon,Other,4,-2.9705882352941173,4.411764705882352,1.441176470588235,-1.2352941176470589,-1.2352941176470589,-1.7058823529411764,0.6294117647058823,0.188235294117647,0.4411764705882353,0.7280763615863677,-0.2497213175401408,1.363339896315731,0.6357188059502087,0.6326307344984642,-0.2282108468834164,oe:team:4880b157399745e82e26e229d8bbf48,7.826626855298831,0.4219637033458147,-0.21953869388431946,0.6294274220537533,1.5181234531589578,-0.4698996313586322,0.9921713397540091,0.9090909090909091,0.9090909090909091,
2023,oe:team:4880b157399745e82e26e229d8bbf48,PSG Talon,Other,4,-1.586206896551724,1.96551724137931,0.3793103448275862,-0.3103448275862069,-0.3103448275862069,-0.4137931034482758,0.2758620689655172,0.0413793103448275,0.2344827586206896,0.1917891070556073,-0.3941291617188585,-0.6460229772634946,0.3280379958635657,0.2441148948640571,-0.2077507561809958,oe:team:4880b157399745e82e26e229d8bbf48,6.681149360472179,0.5179413972866372,-0.19296450343531005,1.357330652403775,-0.34623230084256457,-0.8677447782369545,0.7483775047989583,0.3181818181818182,0.45454545454545453,
2024,oe:team:4880b157399745e82e26e229d8bbf48,PSG Talon,Other,3,-3.5,4.321428571428571,0.8214285714285714,-0.7142857142857144,-0.9642857142857144,-0.2142857142857145,0.5642857142857143,0.1071428571428571,0.4571428571428571,-0.07315368144074,0.8147378703624664,1.403970285747289,1.214650486392285,1.4610156103483103,1.0234872842722624,oe:team:4880b157399745e82e26e229d8bbf48,7.053831460933009,0.42884982727087995,-0.7221968752954192,1.0654465913376199,1.7084674129230608,0.44055113935911666,0.3900362510325107,0.95,0.95,
2025,oe:team:4880b157399745e82e26e229d8bbf48,PSG Talon,Other,3,-1.9166666666666663,2.083333333333333,0.1666666666666666,-0.25,0.0,-0.2916666666666667,0.25,0.0166666666666666,0.2333333333333333,-1.0630883068168449,0.9461917202462468,-0.286189944829241,-1.6584167667271323,-0.8905084607906265,-1.56008712918925,oe:team:4880b157399745e82e26e229d8bbf48,8.866681092086278,0.35300298062593144,-1.3951548334694155,1.660809392027284,0.22110994165672293,0.36177082157593266,-0.3286611428456432,0.4117647058823529,0.6470588235294118,
2018,oe:team:4bd1751425ef6a9bc9d4d8e9385b4a6,100 Thieves,LCS,3,-0.9705882352941176,1.5588235294117647,0.588235294117647,-0.1764705882352941,-0.1764705882352941,0.0588235294117647,0.2764705882352941,0.0705882352941176,0.2058823529411764,0.3107478715332689,-0.5093727002054779,-0.3999941065275103,0.3292907147768087,0.3292907147768087,0.1257371453055894,oe:team:4bd1751425ef6a9bc9d4d8e9385b4a6,9.272000740314663,0.3583673305331699,-0.0031365552798011294,-0.4493956741417555,-0.4911275166016719,-0.352848374242995,0.12955586056294177,0.375,0.375,
2021,oe:team:4bd1751425ef6a9bc9d4d8e9385b4a6,100 Thieves,LCS,4,-4.454545454545454,5.454545454545454,1.0,-1.9393939393939392,-1.9393939393939392,-2.060606060606061,0.6545454545454545,0.1454545454545454,0.509090909090909,-0.8238854985848371,1.0477245589572493,0.1493887089106403,-0.6975749546382891,-0.7030078398342299,-0.7875237590327533,oe:team:4bd1751425ef6a9bc9d4d8e9385b4a6,7.383374875328594,0.42629217502196715,-0.6519604401899431,0.7796797554776095,0.38718024024814257,0.7733764067607557,-0.47924147794689453,0.6590909090909091,0.7272727272727273,
2022,oe:team:4bd1751425ef6a9bc9d4d8e9385b4a6,100 Thieves,LCS,3,-3.46875,3.78125,0.3125,-0.59375,-0.59375,-0.71875,0.475,0.0375,0.4375,-1.3843667052062565,1.174808688417048,-0.7661940773978073,-0.0113707744775277,-3.255033394851208e-05,-0.1108931374690567,oe:team:4bd1751425ef6a9bc9d4d8e9385b4a6,7.596970271835694,0.39691315205327415,-0.6810066402048129,1.7570024661156012,-0.32586301216812263,0.5599074402466708,-0.6440232632576421,0.20833333333333334,0.5,
2024,oe:team:4bd1751425ef6a9bc9d4d8e9385b4a6,100 Thieves,LCS,2,-3.25,3.625,0.375,-0.53125,-0.8125,0.21875,0.4875,0.04375,0.44375,0.5319477427381225,-0.8386483348366847,-0.5987864763514065,1.690858918546549,1.724522731439854,1.8943687976169084,oe:team:4bd1751425ef6a9bc9d4d8e9385b4a6,8.806362410711955,0.3568196382796924,0.47471161526878214,-1.7148498071422649,-1.0055300152891276,-0.23930434896954178,-0.1818831756640089,0.35,0.15,
2025,oe:team:4bd1751425ef6a9bc9d4d8e9385b4a6,100 Thieves,LCS,2,-0.4722222222222222,0.5277777777777778,0.0555555555555555,0.0,0.0,-0.0277777777777777,0.0944444444444444,0.0055555555555555,0.0888888888888888,1.4312614055725754,-1.5663189333122498,-1.3529013128888372,0.6727163879880788,-0.8905084607906265,0.5588046236013797,oe:team:4bd1751425ef6a9bc9d4d8e9385b4a6,10.373570216568973,0.3099993352610762,0.01966541402449977,-0.7174449476378298,-1.5013831431197435,-1.3163285956889548,1.140857900725968,0.11764705882352941,0.11764705882352941,
2020,oe:team:4f5a0b869cd5960c307d1c45e9399a3,Legacy Esports,Other,3,-1.12,1.7200000000000002,0.6000000000000001,0.16,-0.12,0.0,0.28,0.088,0.192,0.3031002048794197,-0.03937586918372,0.9253454772989922,2.9013551138847995,0.2852982001796572,0.0948189622369321,oe:team:4f5a0b869cd5960c307d1c45e9399a3,8.944513281320784,0.3191111111111112,0.5188402634182832,-1.3351933348141214,0.5905654823104458,0.4279097096604123,-0.2595676894172765,0.8181818181818182,0.7272727272727273,
2019,oe:team:50b9075ca20fb326456aded56aa7937,Flamengo MDL,Other,3,-1.6666666666666663,2.761904761904762,1.0952380952380951,-0.6190476190476191,-0.8095238095238095,-0.4761904761904761,0.4476190476190475,0.1523809523809523,0.2952380952380952,0.6768690255939689,-0.6220092321114128,0.1240019596554524,-1.021474690479184,0.0654620453475857,-1.9965028339329365,oe:team:50b9075ca20fb326456aded56aa7937,9.85292623430548,0.3505777310924369,1.138467558773087,-1.1250278203261133,-0.24308158745050262,-0.22530449944854608,0.17046095388139038,0.5416666666666666,0.3333333333333333,
2018,oe:team:5203ff881d5c82c5f720eb3a2f3b44c,Papara SuperMassive,Other,3,-0.4166666666666667,1.5277777777777777,1.1111111111111112,-0.5555555555555555,-0.5555555555555555,-0.1944444444444444,0.2888888888888888,0.1055555555555555,0.1833333333333333,0.9538799040195336,-0.5503672984558264,1.3707679542376543,-0.5035159079468967,-0.5035159079468967,-0.323122920748702,oe:team:5203ff881d5c82c5f720eb3a2f3b44c,9.799927569046384,0.35015004748338086,0.3748538979278475,-0.8005655465641106,1.1623095968393444,-0.2699183716894757,0.6135737268825674,0.9166666666666666,0.875,
2020,oe:team:5203ff881d5c82c5f720eb3a2f3b44c,Papara SuperMassive,Other,3,-1.3076923076923077,1.8846153846153848,0.576923076923077,0.0,-0.0384615384615384,-0.3461538461538461,0.3153846153846155,0.1076923076923076,0.2076923076923077,-0.0248399933928375,0.2689427036748492,0.7852744784605739,-0.7062224707277746,1.2027506198679183,-2.493145657405502,oe:team:5203ff881d5c82c5f720eb3a2f3b44c,6.653680374155267,0.36805184344451364,-1.0229530017576562,0.10876520992696476,0.9314086179118621,0.22672141565881132,0.06617259318629139,0.7727272727272727,0.8181818181818182,
2018,oe:team:53a258f289c26d94431c0496a54e151,Invictus Gaming,LPL,3,-1.018181818181818,1.8727272727272728,0.8545454545454545,-0.3636363636363636,-0.3636363636363636,0.0363636363636363,0.36,0.1163636363636363,0.2436363636363636,0.2554892222416091,-0.0948761211498015,0.5018872066940201,-0.0818912384488452,-0.0818912384488452,0.0859320766912734,oe:team:53a258f289c26d94431c0496a54e151,9.493688361866836,0.3904974034912094,0.15558961656931775,0.9236997338210257,0.671128606230825,-0.4159682986275723,0.6210454882489873,0.6666666666666666,0.7916666666666666,Champion
2019,oe:team:53a258f289c26d94431c0496a54e151,Invictus Gaming,LPL,4,-4.27906976744186,5.325581395348838,1.0465116279069766,-0.5116279069767442,-1.162790697674419,0.1627906976744185,0.5906976744186048,0.1302325581395348,0.4604651162790698,-1.797590178530663,1.81788683033167,0.0250108212931467,-0.527037654172532,-1.0094168906856122,0.6935224307574738,oe:team:53a258f289c26d94431c0496a54e151,10.02133907035319,0.4043570578023902,1.2723164408960188,0.8040317015252378,0.03453214472820322,1.543211117862149,-1.5317658104873593,0.375,0.5,SF
2025,oe:team:53a258f289c26d94431c0496a54e151,Invictus Gaming,LPL,3,-1.96,2.14,0.18,-0.2,0.0,-0.3,0.28,0.028,0.252,-1.1379187981885277,1.03771889405445,-0.1581845806620894,-1.1921901357840905,-0.8905084607906265,-1.6269995003300064,oe:team:53a258f289c26d94431c0496a54e151,10.85758542192676,0.33356803844998495,0.4741079483219105,0.5859880558607543,-0.09631931108157982,0.8356113976558771,-0.9233064455368096,0.47058823529411764,0.5294117647058824,
2019,oe:team:5737b101780a9835142549164be1ac4,Isurus,Other,4,-2.142857142857143,4.0476190476190474,1.9047619047619049,-0.0952380952380952,-0.7142857142857143,0.0,0.5333333333333332,0.1809523809523809,0.3523809523809523,0.2258230494288175,0.6016276268503229,1.7686047356292125,1.3895430226450056,0.3552413196386672,0.0081953702557576,oe:team:5737b101780a9835142549164be1ac4,11.185487503897281,0.3457224556489262,2.1975426297768768,-1.299186105646966,1.2376924790343098,1.0634850451228284,-0.3996485338795531,0.9583333333333334,0.9583333333333334,
2022,oe:team:5737b101780a9835142549164be1ac4,Isurus,Other,4,-2.620689655172414,3.172413793103449,0.5517241379310345,-0.1034482758620689,-0.1034482758620689,-0.1379310344827586,0.3793103448275862,0.0551724137931034,0.3241379310344828,-0.0814292675828061,-0.0186708054436182,-0.1587631644518765,2.2567538213452547,2.26497898342123,2.3627094730396263,oe:team:5737b101780a9835142549164be1ac4,8.687329156149591,0.3441039684239513,0.21067999494192563,-0.8162537735872585,-0.35051776706632254,0.2665470323206535,-0.4205028071471242,0.5833333333333334,0.4166666666666667,
2017,oe:team:594b183f8fb081ef64820f31ab8d641,Misfits Gaming,LEC,2,-1.8285714285714283,2.057142857142857,0.2285714285714285,0.0,-1.5428571428571427,0.0,0.3314285714285714,0.0457142857142857,0.2857142857142857,0.6715899693990872,-0.5545347408160692,0.2692865307469371,0.4515621764554905,0.7529977720992769,-0.2940160867875013,oe:team:594b183f8fb081ef64820f31ab8d641,8.060908355126175,0.409468438538206,0.46755274060046914,-0.5436203352936925,0.10191628901460537,-0.36319447375120234,0.4306938715854555,0.8333333333333334,0.7916666666666666,QF
2016,oe:team:5b90b1fda6971ccdccf9eb32286aa50,H2k-Gaming,LEC,3,-5.72972972972973,5.9459459459459465,0.2162162162162162,-0.7567567567567568,-0.7567567567567568,-0.3783783783783784,0.5351351351351351,0.0432432432432432,0.4918918918918919,0.2498278952888084,-0.3269603056316177,-0.1811171207193205,-1.6418131928940654,-1.6418131928940654,-1.0449455058080257,oe:team:5b90b1fda6971ccdccf9eb32286aa50,6.750135747736732,0.4389061130956393,0.5535523714362548,0.5244084293063792,-0.14142068454793716,-0.5072811431770532,0.4359323575224827,0.5,0.5,SF
2020,oe:team:5f401785b6b78326f9a46b3c6b206ed,LGD Gaming,LPL,3,-0.6603773584905661,1.207547169811321,0.5471698113207547,0.0377358490566037,-0.1886792452830188,0.0377358490566037,0.2415094339622641,0.0679245283018867,0.1735849056603773,1.1061631648922443,-0.9991812095549388,0.6046797944236192,0.1446212992280211,-0.4874652120604379,0.3769450842943883,oe:team:5f401785b6b78326f9a46b3c6b206ed,7.540159232539198,0.3917324596090837,-0.42632845995800067,0.8074435178571316,0.8207776600169314,-1.282244079403815,1.451615971701417,0.7272727272727273,0.7727272727272727,
2024,oe:team:61450737f7b683db4da7b3e0bf0dced,paiN Gaming,Other,3,-4.086956521739131,4.739130434782609,0.6521739130434783,-1.5217391304347825,-2.4782608695652177,-1.0869565217391304,0.5130434782608695,0.0869565217391304,0.4260869565217391,-1.4938265903824182,1.8064009454986376,0.6446642437690012,-0.886120539866185,-1.1673162880072387,-0.731547804924297,oe:team:61450737f7b683db4da7b3e0bf0dced,5.909728564274058,0.4310276679841897,-1.5035733589820106,1.149509159775677,1.0609852109617801,1.3996213589882665,-0.9607206229885137,0.8,0.85,
2017,oe:team:62c1cd9465dc63824593ee5046f5aa8,Team WE,LPL,2,-1.9482758620689653,2.137931034482759,0.1896551724137931,0.0,-1.7241379310344829,0.0,0.3310344827586207,0.0379310344827586,0.293103448275862,0.4814885049347741,-0.4370274569777777,0.0176134305808348,0.4515621764554905,0.382091377354793,-0.2940160867875013,oe:team:62c1cd9465dc63824593ee5046f5aa8,8.05027559816898,0.4274054567835829,0.45491320799923285,0.04896635318969555,-0.027552299689076205,-0.4521559796687879,0.480290456023869,0.7083333333333334,0.625,SF
2022,oe:team:658a021a796aa5501503220adb38cf4,LOUD,Other,4,-2.3448275862068964,3.275862068965517,0.9310344827586208,-0.7241379310344828,-0.7241379310344828,-0.8275862068965517,0.4482758620689654,0.0896551724137931,0.3586206896551724,0.3423979039948355,0.1841150908583695,0.8043705353542842,-0.6145423702897402,-0.602376276893018,-0.574406799178476,oe:team:658a021a796aa5501503220adb38cf4,6.935521281322846,0.3863920080775939,-1.2219342495971466,1.244334071650997,1.2058657036753182,-0.25450121352163146,0.9007925406830769,0.875,0.875,
2023,oe:team:658a021a796aa5501503220adb38cf4,LOUD,Other,4,-0.3636363636363636,1.3636363636363638,1.0,-0.409090909090909,-0.409090909090909,-0.5909090909090908,0.3272727272727272,0.1272727272727272,0.2,1.4504269929208973,-0.999342626179762,1.3036449605954392,-0.0098006470194274,-0.1224617143186898,-0.8700256962834866,oe:team:658a021a796aa5501503220adb38cf4,6.089765864956858,0.47035718259708464,-0.9730861949034614,-0.09555811821457351,1.4021272840232946,-0.970180809024154,1.456695463083589,0.9090909090909091,0.9545454545454546,
2021,oe:team:67169969ecc058b307edfa9c6b7a3c0,RED Canids,Other,4,-3.0454545454545454,4.2272727272727275,1.1818181818181817,-1.1818181818181817,-1.1818181818181817,-1.1818181818181817,0.618181818181818,0.1909090909090909,0.4272727272727272,0.6497791866588111,-0.4792694341512165,0.6496837437200109,0.736981623210095,0.734071638878163,0.5981107419201265,oe:team:67169969ecc058b307edfa9c6b7a3c0,7.535817557074847,0.426195682516051,-0.5032424792309115,0.7763302535617962,0.8687680497533702,-0.7518206022395659,0.9862206307212085,0.7272727272727273,0.8636363636363636,
2022,oe:team:692bccdba8ec7050f5aeb916815439e,Chiefs Esports Club,Other,3,-1.3478260869565215,2.130434782608696,0.782608695652174,-0.6956521739130435,-0.6956521739130435,-0.9130434782608696,0.3304347826086956,0.0869565217391304,0.2434782608695652,1.874164583881418,-2.061224398630326,0.4274921310823084,-0.4827679073886171,-0.4707826779897069,-0.9383538155185452,oe:team:692bccdba8ec7050f5aeb916815439e,6.6809479410633115,0.372094546435245,-1.430122258554334,0.5476553908872592,0.7123508895580977,-2.258049486438733,2.161031709487889,0.7916666666666666,0.7916666666666666,
2018,oe:team:6db10eb2b230fe5af5947ce5d46bc9a,Ascension Gaming,Other,4,-1.7142857142857144,3.047619047619047,1.3333333333333333,0.1428571428571428,0.1428571428571428,0.3333333333333333,0.4285714285714285,0.1523809523809523,0.2761904761904761,-0.5527239596935499,1.456518635439051,2.1233418300628486,1.0308174757903734,1.0308174757903734,0.6122435394805634,oe:team:6db10eb2b230fe5af5947ce5d46bc9a,8.55711256796614,0.3679948169744088,-0.514989504500015,-0.03796002505520988,2.178030315232895,1.4675587345019396,-0.5443171825937275,1.0,1.0,
2017,oe:team:6f0162b86d2a0d206ba9a08a1da14be,Hong Kong Attitude,Other,2,-1.8857142857142857,1.9714285714285713,0.0857142857142857,0.0,-1.542857142857143,0.0,0.2628571428571428,0.0114285714285714,0.2514285714285714,0.5808419452103615,-0.6792071029371827,-0.6545767483438186,0.4515621764554905,0.7529977720992764,-0.2940160867875013,oe:team:6f0162b86d2a0d206ba9a08a1da14be,7.64480682749971,0.4173575261947355,-0.027081797274497044,-0.28298792328491806,-0.7089211408690756,-0.5807489273619884,0.4679005313292075,0.20833333333333334,0.16666666666666666,
2019,oe:team:6f0162b86d2a0d206ba9a08a1da14be,Hong Kong Attitude,Other,3,-1.5833333333333337,2.7222222222222223,1.1388888888888888,-0.3611111111111111,-0.4722222222222222,0.1666666666666667,0.4277777777777777,0.1333333333333333,0.2944444444444444,0.75580207142287,-0.6597758018324539,0.212681521105018,0.1657688803774243,1.0917636417951662,0.7098397417218008,oe:team:6f0162b86d2a0d206ba9a08a1da14be,8.148864894436493,0.37431175404397937,-0.2158633269425071,-0.2736905915534457,0.18311139813824026,-0.5653561991629532,0.6553088686864763,0.625,0.5833333333333334,
2023,oe:team:7338408a0fe0217451d2c9a567db999,Team BDS,LEC,0,0.0,0.0,0.0,0.0,0.0,0.0,0.0,0.0,0.0,1.8247910820500604,-2.370529381598997,-1.837486717066176,1.389816587781545,1.3962128094384052,1.3395110507841157,oe:team:7338408a0fe0217451d2c9a567db999,6.237473105663371,0.420692998571137,-0.778238649552793,-1.6119545901114793,-2.0714149822943626,-1.8123367041877176,1.2101994567587928,0.045454545454545456,0.045454545454545456,
2016,oe:team:73f3126d91d35faa5d5ce34abadb865,Royal Never Give Up,LPL,3,-4.380952380952381,4.690476190476192,0.3095238095238095,-0.3333333333333333,-0.3333333333333333,0.1904761904761905,0.4571428571428572,0.0619047619047619,0.3952380952380952,2.097813898313017,-2.2982232794826443,0.4714729829860985,0.7804956410377921,0.7804956410377921,0.6790871322488975,oe:team:73f3126d91d35faa5d5ce34abadb865,7.28696284785792,0.42598647964501624,1.582669797582757,0.07949839499774244,0.29583661745317025,-2.3192076597920734,2.056983359134529,0.75,0.75,QF
2017,oe:team:73f3126d91d35faa5d5ce34abadb865,Royal Never Give Up,LPL,2,-1.7446808510638294,1.936170212765957,0.1914893617021276,0.0,-1.5106382978723405,0.0,0.2851063829787233,0.0382978723404255,0.2468085106382978,0.8048157921442383,-0.7304907696253007,0.029475211493592,0.4515621764554905,0.818918577918226,-0.2940160867875013,oe:team:73f3126d91d35faa5d5ce34abadb865,8.874659405586652,0.4403279504056329,1.4348872685119336,0.47588779563245115,-0.04752985385069676,-0.890175428182905,0.9307410138757514,0.75,0.5833333333333334,SF
2018,oe:team:73f3126d91d35faa5d5ce34abadb865,Royal Never Give Up,LPL,3,-1.25,2.0,0.7499999999999999,-0.5,-0.5,0.0535714285714285,0.3357142857142857,0.0821428571428571,0.2535714285714285,-0.0136638616677676,0.0731821170363157,0.1478354060217123,-0.3814666615132503,-0.3814666615132503,0.1164289872537723,oe:team:73f3126d91d35faa5d5ce34abadb865,10.7552186929417,0.3922621096631424,1.0588330124841416,0.9991153715087837,0.22295792278330892,-0.2703516524792844,0.34071366228388217,0.625,0.6666666666666666,QF
2019,oe:team:73f3126d91d35faa5d5ce34abadb865,Royal Never Give Up,LPL,4,-4.805555555555555,5.694444444444445,0.888888888888889,-0.5833333333333334,-1.2500000000000002,-0.1944444444444445,0.5888888888888889,0.1111111111111111,0.4777777777777777,-2.2962757006279864,2.1689402702735343,-0.2952105126515841,-0.8570871191298075,-1.274767098248667,-0.8103897297879595,oe:team:73f3126d91d35faa5d5ce34abadb865,8.020895054334336,0.43331794398276396,-0.3175694702810808,1.842856035433523,0.11855364246213196,1.5256739381533455,-1.5380318364463572,0.3333333333333333,0.5416666666666666,
2021,oe:team:73f3126d91d35faa5d5ce34abadb865,Royal Never Give Up,LPL,4,-4.5,5.166666666666668,0.6666666666666667,-2.4444444444444446,-2.4444444444444446,-2.4444444444444446,0.5277777777777777,0.1055555555555555,0.4222222222222222,-0.8714230690765681,0.6895407827960061,-0.7678188549065397,-1.6539460065372118,-1.661060825642492,-1.3927434261156206,oe:team:73f3126d91d35faa5d5ce34abadb865,7.005808839781106,0.43538777606574214,-1.0203011849918031,1.095411353826531,-0.4210884976522269,0.3036531087931613,-0.38240918220919956,0.2727272727272727,0.45454545454545453,QF
2022,oe:team:73f3126d91d35faa5d5ce34abadb865,Royal Never Give Up,LPL,3,-2.111111111111111,2.592592592592593,0.4814814814814814,-0.5555555555555556,-0.5555555555555556,-0.7777777777777778,0.3740740740740741,0.0666666666666666,0.3074074074074074,0.7014737021370031,-1.155273236568351,-0.3371212570085731,0.1653158545987768,0.1764115715873949,-0.3622817350738354,oe:team:73f3126d91d35faa5d5ce34abadb865,8.131743225255311,0.3701572194545649,-0.243673664555903,0.45325440986903454,-0.21528779406554532,-1.3141876348324841,0.8955926024377427,0.5,0.5833333333333334,QF
2025,oe:team:740de582f50775c516c77ed7b923fd5,Team Secret Whales,Other,3,-1.96875,2.34375,0.375,-0.125,0.0,-0.21875,0.325,0.05,0.275,-1.1530288012539636,1.366812923408942,1.7138938702825022,-0.4928501893695268,-0.8905084607906265,-0.9746038817076284,oe:team:740de582f50775c516c77ed7b923fd5,9.997050265112998,0.3313713773528533,-0.3338496802517397,0.46450489454493915,1.848947999854663,1.2035974944525705,-0.9502160444002092,1.0,1.0,
2019,oe:team:76b516358ee227ba806ba5d955b6314,Griffin,LCK,3,-2.628571428571428,3.2857142857142856,0.6571428571428573,-0.5714285714285714,-1.0285714285714285,-0.1714285714285714,0.4857142857142856,0.0971428571428571,0.3885714285714285,-0.2342438462596363,-0.1234905117936686,-0.7660183661656408,-0.8022912620133483,-0.6010302855219014,-0.7134959832521722,oe:team:76b516358ee227ba806ba5d955b6314,8.535361273062179,0.4184105494505495,0.09131105143417703,1.3081291593709266,-0.5107021352707561,-0.5787630762537784,0.28939539869300396,0.20833333333333334,0.2916666666666667,QF
2017,oe:team:78f183fa5a7d8ecb22b9ad272c3abd7,Fnatic,LEC,2,-1.95,2.125,0.175,0.05,-1.8500000000000003,0.05,0.325,0.0349999999999999,0.29,0.4787504179980447,-0.4558357874701875,-0.0771621989120963,0.8789571327399649,0.1245734864384454,0.3227171633264163,oe:team:78f183fa5a7d8ecb22b9ad272c3abd7,8.137117243489993,0.41604885701479144,0.5581449297059152,-0.326222530344717,-0.2112423049557945,-0.3398375930469793,0.3214035978985567,0.5833333333333334,0.4166666666666667,QF
2018,oe:team:78f183fa5a7d8ecb22b9ad272c3abd7,Fnatic,LEC,3,-0.6428571428571428,1.857142857142857,1.2142857142857144,0.2857142857142857,0.2857142857142857,0.7857142857142857,0.35,0.1428571428571428,0.2071428571428571,0.6912608819044092,-0.1154546809276938,1.7201772537279236,1.3446583951911788,1.3446583951911788,1.4139862196770767,oe:team:78f183fa5a7d8ecb22b9ad272c3abd7,10.631795561183006,0.34489308850031664,0.9704632555959505,-1.0252244276354658,1.393780082507906,0.2457736307255754,0.23286414649938264,0.9583333333333334,0.9583333333333334,Runner-up
2019,oe:team:78f183fa5a7d8ecb22b9ad272c3abd7,Fnatic,LEC,3,-1.878787878787879,3.090909090909091,1.212121212121212,-0.303030303030303,-0.5454545454545454,0.0606060606060606,0.4787878787878787,0.1333333333333333,0.3454545454545453,0.4759485453022194,-0.3088900358787801,0.3614579754377598,0.4331062438849965,0.8689409422455846,0.2633387780615915,oe:team:78f183fa5a7d8ecb22b9ad272c3abd7,7.857837867302814,0.35550337321555037,-0.44716186192096835,-0.9483454886548695,0.2225373766107749,0.0195513166874422,0.11387932639452786,0.7916666666666666,0.6666666666666666,QF
2020,oe:team:78f183fa5a7d8ecb22b9ad272c3abd7,Fnatic,LEC,3,-1.6153846153846154,1.961538461538462,0.3461538461538461,0.0,-0.1153846153846153,0.1538461538461538,0.3076923076923077,0.0538461538461538,0.2538461538461539,-0.5624468758063742,0.4130168031414707,-0.6154355099236083,-0.7062224707277746,0.3372294692186152,1.2450254598557915,oe:team:78f183fa5a7d8ecb22b9ad272c3abd7,8.322955894147336,0.2867206092336983,0.10051512478994397,-2.290850100138437,-1.0941200627994974,1.2114126731692223,-1.491462601835681,0.3181818181818182,0.18181818181818182,QF
2021,oe:team:78f183fa5a7d8ecb22b9ad272c3abd7,Fnatic,LEC,4,-1.2121212121212124,3.0303030303030303,1.818181818181818,-0.1818181818181818,-0.1818181818181818,0.0606060606060605,0.5393939393939393,0.2545454545454545,0.2848484848484848,2.5671278631586114,-1.9685598718742892,2.40071636555281,2.630596305969961,2.6310165507785204,2.557111243267301,oe:team:78f183fa5a7d8ecb22b9ad272c3abd7,7.525850993033731,0.3175402990645485,-0.5129655244108017,-2.995376280316661,1.8529202634105255,-0.9273568704211232,1.3820887436832008,1.0,1.0,
2022,oe:team:78f183fa5a7d8ecb22b9ad272c3abd7,Fnatic,LEC,3,-3.375,3.625,0.25,-0.46875,-0.46875,-0.53125,0.475,0.03125,0.44375,-1.2403316898654173,0.8685174908775848,-0.9248922438431406,0.5668763752267421,0.5774209395904487,0.6876353490402399,oe:team:78f183fa5a7d8ecb22b9ad272c3abd7,7.461466130147917,0.36495144284128744,-0.7918208261469497,0.199590250872694,-0.7882768058239148,0.7956387123033836,-1.1233177189989734,0.125,0.25,
2023,oe:team:78f183fa5a7d8ecb22b9ad272c3abd7,Fnatic,LEC,4,-1.085714285714286,1.4,0.3142857142857143,-0.4285714285714285,-0.4285714285714285,-0.4571428571428571,0.2457142857142857,0.0457142857142857,0.2,0.7070468730787015,-0.9627776460352492,-0.8502739040868114,-0.0764490867718547,-0.1947795487833134,-0.3698448502440073,oe:team:78f183fa5a7d8ecb22b9ad272c3abd7,6.806313766402276,0.4469484309852974,-0.027854268188198306,-0.8102975033835593,-1.011904393500749,-0.6806454401507879,0.381365353227503,0.22727272727272727,0.18181818181818182,
2024,oe:team:78f183fa5a7d8ecb22b9ad272c3abd7,Fnatic,LEC,3,-3.129032258064516,3.4516129032258065,0.3225806451612903,-0.9032258064516128,-1.4838709677419355,-0.6451612903225806,0.432258064516129,0.0387096774193548,0.3935483870967741,0.8247387544375724,-1.250285429762197,-0.8339488832558986,0.7230804919104643,0.558991233784469,0.1569500418621602,oe:team:78f183fa5a7d8ecb22b9ad272c3abd7,7.424545224144954,0.4192262473363216,-0.46901421349229877,0.693985610778352,-0.6357815773306839,-1.4940085007879815,1.1263763564185978,0.15,0.3,
2025,oe:team:78f183fa5a7d8ecb22b9ad272c3abd7,Fnatic,LEC,2,-0.72,0.8,0.08,0.08,0.08,0.08,0.128,0.008,0.12,1.0033844933703904,-1.126629568939513,-1.118224811915726,1.4186789974969465,0.028230099889976,1.4242046236885002,oe:team:78f183fa5a7d8ecb22b9ad272c3abd7,11.287626556705124,0.32407155635062607,0.8778741543780852,0.060798863811236066,-1.2122453683702024,-1.1440872252184213,0.9874763977571185,0.23529411764705882,0.23529411764705882,
2019,oe:team:7b13b2cc48c457832262d00d5ffa6d6,Clutch Gaming,LCS,4,-4.243243243243244,5.324324324324325,1.0810810810810811,-0.7297297297297298,-1.4594594594594594,-0.027027027027027,0.5837837837837838,0.1351351351351351,0.4486486486486487,-1.7636554184131474,1.816690453767282,0.095241020806945,-1.530928064751126,-1.912085704882092,-0.1055847980900871,oe:team:7b13b2cc48c457832262d00d5ffa6d6,7.826764149120033,0.3945380109173212,-0.4718582125066809,0.4518233893739163,0.24443984939721153,1.6573074936709191,-1.55960214000498,0.5,0.7083333333333334,
2019,oe:team:7bd8d762a338118fce3df129202eaed,MAMMOTH,Other,3,-2.904761904761905,3.142857142857143,0.238095238095238,-0.4761904761904761,-0.6666666666666665,-0.0476190476190476,0.3999999999999999,0.038095238095238,0.3619047619047619,-0.4958505124354248,-0.259450162789417,-1.6173421560814698,-0.3639244050816773,0.5001309567842085,-0.1922744501631117,oe:team:7bd8d762a338118fce3df129202eaed,6.9032346059194385,0.43019666199813267,-1.2058485654147169,1.730895936615073,-1.1187146475702336,-0.8674819838433163,0.2581366060947696,0.041666666666666664,0.16666666666666666,
2016,oe:team:7cd8dc1c987b84b99e3d246d1943c92,Flash Wolves,Other,3,-5.266666666666667,5.766666666666667,0.5,-0.6,-0.6,-0.1999999999999999,0.6066666666666667,0.1,0.5066666666666666,0.8842795783881505,-0.6084538292169064,1.8036569188261264,-0.7450435394809944,-0.7450435394809944,-0.5043325564082752,oe:team:7cd8dc1c987b84b99e3d246d1943c92,5.814645709064427,0.3788702669149596,-1.2398166678071079,-1.5430302860471174,1.6397090782215085,-0.07622562786222875,0.3187633141380066,1.0,1.0,
2017,oe:team:7cd8dc1c987b84b99e3d246d1943c92,Flash Wolves,Other,2,-2.108108108108108,2.351351351351352,0.2432432432432432,0.1081081081081081,-1.7297297297297298,0.1081081081081081,0.3243243243243244,0.0324324324324324,0.2918918918918919,0.2276604456650507,-0.1266052816435978,0.3641697864373392,1.375659379232732,0.3706503751667283,1.0394612107561043,oe:team:7cd8dc1c987b84b99e3d246d1943c92,7.836042281159767,0.4829417600232283,0.20024652037438018,1.8837235897149514,0.7234949566919763,-0.7819125116206245,0.9785405472314045,0.875,0.9166666666666666,
2018,oe:team:7cd8dc1c987b84b99e3d246d1943c92,Flash Wolves,Other,2,-1.1621621621621625,1.5405405405405406,0.3783783783783784,-0.2432432432432432,-0.2432432432432432,-0.081081081081081,0.2054054054054054,0.0378378378378378,0.1675675675675675,0.0883204812019748,-0.5335146115506333,-1.1106918525373122,0.1825987747071158,0.1825987747071158,-0.1222120594476791,oe:team:7cd8dc1c987b84b99e3d246d1943c92,9.195151255601624,0.3934170148260435,-0.058160035759550456,1.0484708453629208,-0.8901352284745536,-0.8989740597730098,0.5140702131176105,0.16666666666666666,0.20833333333333334,
2016,oe:team:7d6673d3a9d00363c6bebc1a630da6e,G2 Esports,LEC,3,-6.09375,6.34375,0.25,-0.4375,-0.4375,-0.1875,0.575,0.05,0.525,-0.2489233366223351,0.2976476542082234,0.0551655030360897,0.184581898647641,0.184581898647641,-0.4664486944238232,oe:team:7d6673d3a9d00363c6bebc1a630da6e,7.118133636932578,0.45731432566811697,1.25901794959183,1.1583272257244563,0.13844631631184115,-0.10049587914185876,0.16047611579057544,0.625,0.5625,
2017,oe:team:7d6673d3a9d00363c6bebc1a630da6e,G2 Esports,LEC,2,-2.119047619047618,2.1904761904761907,0.0714285714285714,0.0,-1.9285714285714284,0.0,0.3333333333333332,0.0142857142857142,0.3190476190476189,0.2102875131063986,-0.3605999552943366,-0.7469630762528943,0.4515621764554905,-0.0361862145445566,-0.2940160867875013,oe:team:7d6673d3a9d00363c6bebc1a630da6e,8.117895793693219,0.4325087055908051,0.5352957154967111,0.2175627871013392,-0.7675389844511872,-0.4341148777851557,0.2734171388108758,0.16666666666666666,0.125,
2018,oe:team:7d6673d3a9d00363c6bebc1a630da6e,G2 Esports,LEC,3,-1.3333333333333337,2.212121212121212,0.8787878787878788,-0.2121212121212121,-0.2121212121212121,0.1515151515151515,0.3696969696969697,0.103030303030303,0.2666666666666666,-0.1104182382364979,0.3532791806798446,0.5839861749658597,0.2509703427338269,0.2509703427338269,0.2900120316503859,oe:team:7d6673d3a9d00363c6bebc1a630da6e,10.781635246260183,0.3830952972346415,1.0777470066545571,0.6073668663725297,0.5770417716668195,0.14628299555229057,0.08501278756390745,0.75,0.75,SF
2019,oe:team:7d6673d3a9d00363c6bebc1a630da6e,G2 Esports,LEC,3,-2.076923076923077,3.230769230769231,1.1538461538461535,-0.5,-1.1153846153846154,-0.0384615384615384,0.5000000000000001,0.1461538461538461,0.3538461538461539,0.2882755692055305,-0.1757826852535717,0.2430682239793446,-0.4735161193145953,-0.8651752393949261,-0.1537225616210216,oe:team:7d6673d3a9d00363c6bebc1a630da6e,10.062061115156888,0.3476148889465859,1.3046809583677808,-1.2313046966436927,-0.16580287572977778,0.2586457818365615,-0.2686734646793481,0.7083333333333334,0.4166666666666667,Runner-up
2020,oe:team:7d6673d3a9d00363c6bebc1a630da6e,G2 Esports,LEC,3,-2.28125,2.625,0.34375,0.125,-0.15625,0.15625,0.325,0.0375,0.2875,-1.7258617697794183,1.6556559110410771,-0.6300262389692768,2.112197517250799,-0.122578642063827,1.2629974363810863,oe:team:7d6673d3a9d00363c6bebc1a630da6e,9.778660876832456,0.35531905386081986,1.0802444325743346,-0.26690592209687286,-0.8153075973259531,1.7532050172903502,-1.8833252688434716,0.2727272727272727,0.2727272727272727,SF
2022,oe:team:7d6673d3a9d00363c6bebc1a630da6e,G2 Esports,LEC,3,-2.84,3.2,0.36,-0.64,-0.64,-0.6799999999999999,0.416,0.04,0.376,-0.4183718689870299,0.0354054335702448,-0.6455834708993541,-0.2253222198681076,-0.2136903416059755,0.0541360830761981,oe:team:7d6673d3a9d00363c6bebc1a630da6e,8.826308327591908,0.34295390070921994,0.3243360319786315,-0.8722936272571425,-0.862525372996459,0.3406252518471132,-0.7852939662441367,0.25,0.16666666666666666,
2023,oe:team:7d6673d3a9d00363c6bebc1a630da6e,G2 Esports,LEC,4,-0.9615384615384616,1.3461538461538465,0.3846153846153846,-0.0384615384615384,-0.0384615384615384,-0.3461538461538461,0.2307692307692307,0.0615384615384615,0.1692307692307692,0.8348860386796768,-1.0169219435569317,-0.6293591487347856,1.2582286426293168,1.2534314439569687,0.0451670391883012,oe:team:7d6673d3a9d00363c6bebc1a630da6e,6.94950900077018,0.4299938725490196,0.16104127808998442,-1.3279710159879177,-0.919301910042742,-0.5536684326737418,0.29161521568866344,0.36363636363636365,0.22727272727272727,
2024,oe:team:7d6673d3a9d00363c6bebc1a630da6e,G2 Esports,LEC,3,-3.565217391304348,4.0434782608695645,0.4782608695652174,-1.5,-2.4130434782608696,-1.1956521739130437,0.4695652173913044,0.0521739130434782,0.417391304347826,-0.2310062268787048,0.1548579802160926,-0.135540129639882,-0.8295613199284578,-1.054095837001153,-0.950146481514616,oe:team:7d6673d3a9d00363c6bebc1a630da6e,8.817535309753943,0.396947694296975,0.48234225809951703,-0.16594522719593696,-0.22779430001391313,0.21470567029244772,-0.32018723448887676,0.4,0.45,
2025,oe:team:7d6673d3a9d00363c6bebc1a630da6e,G2 Esports,LEC,2,-0.7586206896551725,1.0344827586206895,0.2758620689655172,-0.1724137931034483,0.0344827586206896,-0.1724137931034483,0.1793103448275862,0.0344827586206896,0.1448275862068965,0.9366920660470868,-0.7478964359400546,0.762129847918983,-0.9349616497465496,-0.4945004604972633,-0.6025480249335933,oe:team:7d6673d3a9d00363c6bebc1a630da6e,9.14334157034385,0.290112197632527,-1.1353979343315732,-1.8172742985529917,0.5296798687969569,-0.11969852931040437,0.2557048052444315,0.7647058823529411,0.7058823529411765,QF
2018,oe:team:7e3dd5ff49e1a44784d225d2de40260,inf,Other,3,-1.2000000000000002,1.8,0.6,-0.1333333333333333,-0.1333333333333333,0.0666666666666666,0.3,0.0733333333333333,0.2266666666666666,0.0443887642734702,-0.1909094001132973,-0.3601519601602938,0.4240583649488165,0.4240583649488165,0.139637327996303,oe:team:7e3dd5ff49e1a44784d225d2de40260,9.160630814273423,0.37742977368361197,-0.08287633459573954,0.3652477656228043,-0.2757291083943776,-0.31848707144441035,0.195588461386273,0.4375,0.4583333333333333,
2021,oe:team:7e3dd5ff49e1a44784d225d2de40260,inf,Other,4,-3.4499999999999993,5.05,1.6,-1.3,-1.3,-1.0,0.6699999999999998,0.22,0.4499999999999999,0.2266948092824094,0.5443820945622365,1.800362323781565,0.5131907970657467,0.5098872401990293,0.8847937421172738,oe:team:7e3dd5ff49e1a44784d225d2de40260,7.41882731174112,0.39043222506393865,-0.6173742337948291,-0.46511091448141567,1.7804764890884972,0.7037774064925049,0.0674576913654138,0.9545454545454546,0.9545454545454546,
2018,oe:team:86e551648da70c86cb473ce5d5f26f7,KaBuM! Esports,Other,4,-2.909090909090909,3.5454545454545454,0.6363636363636364,-0.9090909090909092,-0.9090909090909092,-0.9545454545454544,0.4363636363636363,0.0818181818181818,0.3545454545454545,-1.9399555406270317,2.113889295010599,-0.2370035077525346,-1.2801929307064654,-1.2801929307064654,-1.6702296409831945,oe:team:86e551648da70c86cb473ce5d5f26f7,7.236263330135427,0.384580407683504,-1.4607046582951722,0.6708338351626026,0.07664563042757255,1.874027957188595,-1.6019756026989682,0.5833333333333334,0.5833333333333334,
2021,oe:team:89008bdacc273b554227d6b76869381,Beyond Gaming,Other,4,-4.787878787878788,5.454545454545455,0.6666666666666666,-1.878787878787879,-1.878787878787879,-1.7575757575757578,0.6545454545454545,0.109090909090909,0.5454545454545453,-1.1724943488575288,1.0477245589572504,-0.7678188549065399,-0.5828104284104185,-0.5880414815372387,-0.3097187587041745,oe:team:89008bdacc273b554227d6b76869381,7.8166890564927005,0.4215363799659412,-0.2292336766669557,0.6145939335256189,-0.6148808784588997,0.8326720951950249,-0.9139382396254263,0.22727272727272727,0.4090909090909091,
2022,oe:team:89008bdacc273b554227d6b76869381,Beyond Gaming,Other,4,-3.0270270270270268,4.324324324324325,1.2972972972972971,-1.0270270270270272,-1.0270270270270272,-1.135135135135135,0.5351351351351352,0.1243243243243243,0.4108108108108109,-0.7057152365282492,2.2393775533785347,1.734374329024606,-2.0157004217632744,-2.001611201220542,-1.8842018935460083,oe:team:89008bdacc273b554227d6b76869381,7.1723905418067435,0.37943423423423417,-1.0282244932140567,0.9052995756334279,2.043351233526504,1.919677777347181,-0.29304871060226934,0.9583333333333334,0.9583333333333334,
2018,oe:team:8eb884e168f28402ce685bedebb5250,Team Liquid,LCS,3,-1.6666666666666663,2.296296296296296,0.6296296296296295,0.074074074074074,0.074074074074074,0.8148148148148149,0.3999999999999999,0.0888888888888888,0.311111111111111,-0.4974357445114181,0.4644288091098161,-0.2598087767169347,0.8797088849677634,0.8797088849677634,1.465560310216034,oe:team:8eb884e168f28402ce685bedebb5250,7.917000974215003,0.35327829533691835,-0.9733031537735942,-0.6668782446936375,-0.27764205434439326,0.6925971675162489,-0.7216917504449758,0.5,0.4166666666666667,
2019,oe:team:8eb884e168f28402ce685bedebb5250,Team Liquid,LCS,4,-3.291666666666667,4.708333333333332,1.4166666666666663,-0.4999999999999999,-0.75,-0.2083333333333333,0.5666666666666665,0.1666666666666666,0.4,-0.8623253680696101,1.2304410127056584,0.7770060030567983,-0.4735161193145951,0.2465740917795117,-0.868860094076796,oe:team:8eb884e168f28402ce685bedebb5250,7.5320862934381125,0.377409792497189,-0.7060583037528975,-0.16256423607753104,0.829478679024505,1.284074657730512,-0.8953958780036282,0.9166666666666666,0.9166666666666666,
2020,oe:team:8eb884e168f28402ce685bedebb5250,Team Liquid,LCS,3,-1.3448275862068966,1.5517241379310345,0.2068965517241379,0.0,-0.2413793103448276,0.0344827586206896,0.2965517241379311,0.0344827586206896,0.2620689655172414,-0.0897235826496437,-0.3545503819479427,-1.4606915373968212,-0.7062224707277746,-1.0804344844311058,0.352623866875642,oe:team:8eb884e168f28402ce685bedebb5250,6.36537082717606,0.38476977277019986,-1.2169932202424134,0.6020148150973895,-1.1905951839935134,-0.569407218473829,0.2092599701199434,0.13636363636363635,0.13636363636363635,
2021,oe:team:8eb884e168f28402ce685bedebb5250,Team Liquid,LCS,4,-4.0,5.25,1.25,-1.6875,-1.6875,-1.3125,0.6375,0.14375,0.49375,-0.3485097936675315,0.7932255601058387,0.8372943817735254,-0.2205848925037014,-0.2251789131623593,0.3920573355284265,oe:team:8eb884e168f28402ce685bedebb5250,8.88118731908017,0.39699685736275014,0.8092550801757876,-0.23723572093439524,0.6908998411881879,0.8792912386922428,-0.48151730615674265,0.8636363636363636,0.7727272727272727,
2023,oe:team:8eb884e168f28402ce685bedebb5250,Team Liquid,LCS,5,-0.5806451612903225,1.8064516129032255,1.2258064516129032,-0.0967741935483871,-0.0967741935483871,0.1612903225806451,0.3483870967741935,0.1161290322580645,0.232258064516129,1.2270161655373644,-0.5540755292586771,2.012932758777094,1.0587243386888416,1.036956470485114,1.9426104110258933,oe:team:8eb884e168f28402ce685bedebb5250,8.09309651054858,0.42882934602935785,1.669601170673365,-1.3635275028300828,1.5329065874801895,-0.07204350004162013,0.599902821331147,1.0,1.0,
2024,oe:team:8eb884e168f28402ce685bedebb5250,Team Liquid,LCS,2,-3.7096774193548385,4.193548387096773,0.4838709677419355,-1.8064516129032255,-2.7419354838709675,-1.3548387096774197,0.5548387096774192,0.0580645161290322,0.496774193548387,-0.5806581017197855,0.5111384182911561,-0.1103722466266922,-1.6268638719538495,-1.6250677888490443,-1.2702877691662446,oe:team:8eb884e168f28402ce685bedebb5250,6.558481253871524,0.41352597545741787,-1.0605012394548137,0.4739605685393111,0.11468014691255118,0.3415498107106769,-0.3405551011413629,0.45,0.65,
2017,oe:team:9cae7677cd0dbcc1cd86653870b73c2,GAM Esports,Other,2,-2.307692307692308,2.4615384615384617,0.1538461538461538,0.0,-1.923076923076923,0.0,0.3384615384615385,0.0307692307692307,0.3076923076923077,-0.0892973103371521,0.0336630702168768,-0.2139650306236119,0.4515621764554905,-0.0249442774128781,-0.2940160867875013,oe:team:9cae7677cd0dbcc1cd86653870b73c2,6.372954222942878,0.4275601280915719,-1.5389777734526613,0.05407624140805817,-0.01642355924970823,0.008304672735972709,0.0034194173592938526,0.4583333333333333,0.6666666666666666,
2019,oe:team:9cae7677cd0dbcc1cd86653870b73c2,GAM Esports,Other,3,-1.3939393939393938,2.606060606060606,1.2121212121212122,-0.2121212121212121,-0.5757575757575757,0.0606060606060606,0.4484848484848484,0.1515151515151515,0.2969696969696969,0.9351953573976464,-0.770328851379502,0.3614579754377603,0.8515473345925005,0.7767384458802405,0.2633387780615915,oe:team:9cae7677cd0dbcc1cd86653870b73c2,9.179995894448561,0.3829885571582988,0.6036450603802858,0.037545541192886674,0.2959397190767388,-0.7808488584174811,0.9225372222921534,0.8333333333333334,0.75,
2022,oe:team:9cae7677cd0dbcc1cd86653870b73c2,GAM Esports,Other,3,-1.4489795918367347,2.2244897959183674,0.7755102040816326,-0.3265306122448979,-0.3265306122448979,-0.6938775510204082,0.3387755102040816,0.0979591836734693,0.2408163265306123,1.718755019857939,-1.8768517735985848,0.4094678495339474,1.2247800200433347,1.2344215939432068,-0.0049658892586398,oe:team:9cae7677cd0dbcc1cd86653870b73c2,9.045168209708049,0.3148959583833534,0.503317865079898,-2.2394852822171165,-0.10757804452515257,-1.0946407214969058,0.7919096347408263,0.75,0.6666666666666666,
2023,oe:team:9cae7677cd0dbcc1cd86653870b73c2,GAM Esports,Other,4,-0.7500000000000001,1.8333333333333333,1.0833333333333333,-0.4444444444444444,-0.4444444444444444,-0.6666666666666667,0.361111111111111,0.1333333333333333,0.2277777777777777,1.052665148221161,-0.5270449659798033,1.565405933733907,-0.1307552228664251,-0.2537051916804141,-1.153299638215231,oe:team:9cae7677cd0dbcc1cd86653870b73c2,7.912158661027829,0.44504199959024787,1.43091757147055,-0.8685065709050598,1.215113619645701,-0.2184546851399095,0.6362941149705856,0.9545454545454546,0.9090909090909091,
2024,oe:team:9cae7677cd0dbcc1cd86653870b73c2,GAM Esports,Other,3,-3.692307692307693,4.2564102564102555,0.5641025641025641,-0.8717948717948719,-1.3846153846153846,-0.1794871794871795,0.4871794871794871,0.0769230769230769,0.4102564102564102,-0.538616315424482,0.66037834298687,0.2495607469786051,0.804855112631017,0.7313035827101901,1.0934708898912882,oe:team:9cae7677cd0dbcc1cd86653870b73c2,9.170694598207797,0.37824903407095184,0.7235359162916003,-0.8876956267287174,-0.018902009544876502,0.9726549042502859,-0.9301433039243807,0.75,0.55,
2016,oe:team:a22510a4756fa424cb0771b13261139,TSM,LCS,3,-6.441176470588235,6.499999999999999,0.0588235294117647,-0.5882352941176471,-0.5882352941176471,-0.3529411764705882,0.5352941176470589,0.0117647058823529,0.5235294117647059,-0.7249390817778723,0.5429819908756759,-1.2819161678621736,-0.6777403403404599,-0.6777403403404599,-0.9678527501003962,oe:team:a22510a4756fa424cb0771b13261139,6.015212465420051,0.4693363593103701,-0.8553227701915511,1.5723268504565706,-0.8580641531960727,-0.00833009283233399,-0.05108420132807645,0.0625,0.25,
2017,oe:team:a22510a4756fa424cb0771b13261139,TSM,LCS,2,-2.229166666666667,2.395833333333333,0.1666666666666666,0.0,-2.145833333333333,0.0,0.3708333333333333,0.0333333333333333,0.3375,0.0354085081593739,-0.0619057543791696,-0.1310542235257237,0.4515621764554905,-0.4807111452930121,-0.2940160867875013,oe:team:a22510a4756fa424cb0771b13261139,7.408417788488981,0.44098253111411,-0.3080857718014637,0.49751323019884275,0.0075989465423138836,-0.2365097638232444,0.25035365146046923,0.5,0.7083333333333334,
2020,oe:team:a22510a4756fa424cb0771b13261139,TSM,LCS,3,-2.3170731707317076,2.7560975609756104,0.4390243902439024,0.0,-0.1951219512195122,-0.048780487804878,0.3902439024390244,0.0682926829268292,0.3219512195121951,-1.7884528149689525,1.901196830558887,-0.0517351487446082,-0.7062224707277746,-0.5599570893812723,-0.2698806589592917,oe:team:a22510a4756fa424cb0771b13261139,9.471899376580463,0.35041446521463065,0.8737855443575622,-0.4116120257133787,-0.24146047150626854,2.0482763361901544,-1.9947959764330538,0.5,0.36363636363636365,
2022,oe:team:a65adb2808377018a2a7832eb2bd7f4,İstanbul Wildcats,Other,3,-3.347826086956522,3.4347826086956523,0.0869565217391304,-0.8695652173913043,-0.8695652173913043,-0.8695652173913043,0.408695652173913,0.017391304347826,0.391304347826087,-1.1985824100564788,0.4956412503947601,-1.3388874606570536,-1.2872856808902098,-1.2741962291888682,-0.753187789661317,oe:team:a65adb2808377018a2a7832eb2bd7f4,6.846081368451261,0.3724220300129067,-1.295077483539304,0.5636128267289734,-1.0671470827558482,0.2938300313741838,-0.9114973971385463,0.041666666666666664,0.08333333333333333,
2021,oe:team:a9145b7711873f53e610fbba0493484,LNG Esports,LPL,4,-4.381818181818182,5.072727272727271,0.6909090909090909,-1.6363636363636362,-1.6363636363636362,-1.6727272727272726,0.5854545454545453,0.1236363636363636,0.4618181818181818,-0.7478253857980686,0.5726597611012808,-0.7011128502652904,-0.1237523234989353,-0.1281760483492726,-0.1759333586121718,oe:team:a9145b7711873f53e610fbba0493484,10.175900258085823,0.4019556598240469,2.072333544228909,-0.06510299221567893,-0.9655443816614883,0.6041194168674461,-0.869561719238288,0.3181818181818182,0.18181818181818182,
2023,oe:team:a9145b7711873f53e610fbba0493484,LNG Esports,LPL,6,-2.58974358974359,3.358974358974359,0.7692307692307692,-0.3076923076923077,-0.3076923076923077,-0.1538461538461538,0.4512820512820512,0.0615384615384615,0.3897435897435898,-0.8413531680941724,1.0070434638012045,0.5787684195966046,0.3371130265637194,0.2539618855869147,0.7642470456304203,oe:team:a9145b7711873f53e610fbba0493484,5.876012795589522,0.5137511929268311,-1.2550578888988269,1.229391147660935,0.98123535845581,0.5734918402535465,-0.2874622674072993,0.7272727272727273,0.8181818181818182,QF
2024,oe:team:a9145b7711873f53e610fbba0493484,LNG Esports,LPL,3,-2.9736842105263155,3.473684210526316,0.5,-0.8421052631578948,-1.236842105263158,-0.4736842105263157,0.431578947368421,0.0578947368421052,0.3736842105263158,1.2007440536726557,-1.1978860933212503,-0.0380145829637716,0.8820992834501545,0.9878449285121024,0.5018089387852916,oe:team:a9145b7711873f53e610fbba0493484,7.8122153432736665,0.40985659584052864,-0.2042510393060067,0.33232602507392073,0.05441522896076604,-1.3145105387302594,1.344250823432985,0.5,0.6,QF
2017,oe:team:a9744fc5b0ca952b17ef07c0aa99602,Rampage,Other,3,-3.103448275862069,3.3793103448275863,0.2758620689655172,-0.2068965517241379,-2.6206896551724137,0.1379310344827586,0.5172413793103449,0.0551724137931034,0.4620689655172413,-1.353029742673518,1.3685722702935206,0.5751171334804288,-1.3169686771354374,-1.4522826401315123,1.4073170169750304,oe:team:a9744fc5b0ca952b17ef07c0aa99602,6.8964554413090395,0.42042818911686003,-0.9166734413811384,-0.18154218979799888,0.6492524961731527,1.4279239197928635,-1.3840556435659281,0.9166666666666666,0.875,
2020,oe:team:af4b23d4634c4e6ecb5659fb1e689e9,V3 Esports,Other,3,-1.238095238095238,1.5238095238095235,0.2857142857142857,0.0,0.0,0.0,0.2285714285714285,0.0476190476190476,0.1809523809523809,0.0967615633435576,-0.4068334295376362,-0.9822881259289892,-0.7062224707277746,1.6355111951925705,0.0948189622369321,oe:team:af4b23d4634c4e6ecb5659fb1e689e9,6.329765660149941,0.4124531676231225,-1.2409564724528321,1.4187920196762573,-0.5429613096638046,-0.9062991393715949,0.7264283580267611,0.22727272727272727,0.3181818181818182,
2018,oe:team:b3c72a20aa56f5d28022ac04a7dc294,DN SOOPers,LCK,4,-2.0784313725490193,2.4509803921568625,0.3725490196078431,-1.156862745098039,-1.156862745098039,-1.0392156862745097,0.3019607843137254,0.0392156862745098,0.2627450980392157,-0.975516193439261,0.6686825968834823,-1.1304334565931402,-1.8245195164051884,-1.8245195164051884,-1.8202884313943064,oe:team:b3c72a20aa56f5d28022ac04a7dc294,10.315193473036627,0.39399636143117034,0.7437792526775228,1.0732295243786,-1.002032928534948,0.2979975338043107,-0.5767190977486317,0.125,0.16666666666666666,QF
2019,oe:team:b41d715b166da7092724123264e4560,J Team,Other,3,-1.7500000000000002,2.875,1.1249999999999998,-0.2916666666666667,-0.4583333333333333,-0.0833333333333333,0.4916666666666666,0.1499999999999999,0.3416666666666667,0.5979359797650671,-0.5143745084064453,0.1844652970074287,0.4854113802234345,1.134023119295949,-0.3426268154772638,oe:team:b41d715b166da7092724123264e4560,7.916286347325235,0.4119492998057856,-0.40070896737693706,1.0763647265896648,0.45222028855245344,-0.8910019040741602,1.050721477924627,0.5833333333333334,0.8333333333333334,
2020,oe:team:b42d0f31f2727621b963042276817c4,JD Gaming,LPL,3,-1.1590909090909092,1.568181818181818,0.409090909090909,0.0454545454545454,-0.1818181818181818,0.0454545454545454,0.2772727272727272,0.0636363636363636,0.2136363636363636,0.2347996941364272,-0.3237257509492068,-0.2334236949097406,0.3186575249007976,-0.4102660699785103,0.4346527001697771,oe:team:b42d0f31f2727621b963042276817c4,7.933467283078828,0.39448222666434896,-0.16162137391749676,0.8885732730975914,-0.03288824721648531,-0.6339266728089873,0.6007950216081617,0.36363636363636365,0.45454545454545453,QF
2022,oe:team:b42d0f31f2727621b963042276817c4,JD Gaming,LPL,3,-2.318181818181818,2.75,0.4318181818181819,-0.6818181818181818,-0.6818181818181818,-0.7272727272727272,0.3909090909090909,0.05,0.3409090909090909,0.3833357557949487,-0.8467132153434099,-0.4632248505476254,-0.4187721754055358,-0.4068747818715917,-0.1471898868558425,oe:team:b42d0f31f2727621b963042276817c4,7.838267345096133,0.36407947716650135,-0.4836758545142409,0.15710159720973277,-0.3726099335509407,-0.9034860628762433,0.46900968843728075,0.4166666666666667,0.375,SF
2023,oe:team:b42d0f31f2727621b963042276817c4,JD Gaming,LPL,6,-2.791666666666667,3.458333333333333,0.6666666666666666,-0.3333333333333333,-0.2083333333333333,-0.2083333333333333,0.4166666666666667,0.0666666666666666,0.35,-1.0492332272019531,1.1069525842281185,0.2566010680415673,0.2493877297955673,0.6228137464139586,0.56050771047182,oe:team:b42d0f31f2727621b963042276817c4,6.523037520410028,0.48956164523372114,-0.4015372435367982,0.49081171666797746,0.40521621114572043,0.9342868674548855,-0.8326871813591176,0.5909090909090909,0.6818181818181818,SF
2021,oe:team:b61ee1b18ac8e03518fc61ac07d497c,PEACE,Other,4,-3.548387096774194,4.516129032258063,0.967741935483871,-1.032258064516129,-1.032258064516129,-0.5161290322580645,0.6064516129032257,0.1548387096774193,0.4516129032258064,0.1237989712180494,-0.1198694142678637,0.060626686605752,1.02019085728855,1.0177789424175123,1.6477404361903276,oe:team:b61ee1b18ac8e03518fc61ac07d497c,8.397555504796083,0.4013154737773953,0.33744012355512115,-0.08732548886842367,0.0019450524593029594,-0.08802135547866613,0.07301719217730326,0.5909090909090909,0.5909090909090909,
2025,oe:team:b9e44c69c1a70fb35df9be96f9eafea,Vivo Keyd Stars,Other,2,-0.5517241379310345,0.6896551724137931,0.1379310344827586,0.0344827586206896,0.1034482758620689,0.0,0.1241379310344827,0.0137931034482758,0.1103448275862068,1.2939729267076403,-1.3048569256451403,-0.5620635744998261,0.9942519955350044,0.2975155400894629,0.7818458607372355,oe:team:b9e44c69c1a70fb35df9be96f9eafea,9.291524341295084,0.3376160576428204,-0.996268929240684,0.8098578959807824,-0.27639525146655797,-1.5911761562705167,1.6666554971914176,0.29411764705882354,0.29411764705882354,
2016,oe:team:bcb21457414eb9be1d27489ff7e8e59,INTZ,Other,2,-6.047619047619048,6.285714285714286,0.238095238095238,-0.4761904761904761,-0.4761904761904761,0.4761904761904761,0.5523809523809524,0.0476190476190476,0.504761904761905,-0.1857184241262492,0.2065234720174546,-0.0280959929539121,-0.0367574913829863,-0.0367574913829863,1.5450039776078042,oe:team:bcb21457414eb9be1d27489ff7e8e59,5.973091426724219,0.4533803644914756,-0.9360703608394272,1.0228544347387385,0.29365001960788345,-0.1537335476389414,0.27013760827937916,0.5625,0.6875,
2020,oe:team:bcb21457414eb9be1d27489ff7e8e59,INTZ,Other,3,-0.9230769230769232,1.6153846153846156,0.6923076923076923,0.0769230769230769,-0.1153846153846153,0.1153846153846153,0.276923076923077,0.0923076923076922,0.1846153846153846,0.6471686096240833,-0.2353166444583246,1.4856294726526642,1.0281898295667324,0.3372294692186152,0.9574738354510768,oe:team:bcb21457414eb9be1d27489ff7e8e59,9.164196237255473,0.34797532310621315,0.6666929072643727,-0.483577031575856,1.3063497745501143,-0.064047270822577,0.4213268794586668,0.9545454545454546,0.9545454545454546,
2017,oe:team:c334c629fea759876e9e04afbe4aee7,Immortals,LCS,2,-1.7857142857142856,1.809523809523809,0.0238095238095238,0.0,-1.6428571428571426,0.0,0.2666666666666666,0.0047619047619047,0.2619047619047619,0.7396509875406316,-0.914699342499286,-1.0549175026164794,0.4515621764554905,0.5483945163027277,-0.2940160867875013,oe:team:c334c629fea759876e9e04afbe4aee7,7.234062257478536,0.4201884253028264,-0.5153483310120499,-0.1894632858593775,-1.0310371907909681,-0.8508877602875191,0.6869409258591298,0.125,0.08333333333333333,
2017,oe:team:c5b7f439779b465529ff283c53f41c0,Kaos Latin Gamers,Other,3,-3.454545454545455,3.590909090909091,0.1363636363636363,-0.2272727272727272,-2.5,0.1363636363636363,0.4636363636363635,0.0272727272727272,0.4363636363636363,-1.9106038097892004,1.6763449510784008,-0.3270252221207325,-1.4911421702921197,-1.2053476762391253,1.3879836862504558,oe:team:c5b7f439779b465529ff283c53f41c0,6.610103396272339,0.45632806499858525,-1.2570702004947696,1.0044848451691628,0.029886378921598178,1.3211262233166232,-1.4473725774868622,0.3333333333333333,0.75,
2018,oe:team:c5b7f439779b465529ff283c53f41c0,Kaos Latin Gamers,Other,3,-0.6,1.4571428571428573,0.8571428571428571,0.0571428571428571,0.0571428571428571,0.6,0.2914285714285713,0.0971428571428571,0.1942857142857142,0.7410202755683275,-0.6436377152269197,0.5106835247231457,0.8425129241498903,0.8425129241498903,1.0848497509648238,oe:team:c5b7f439779b465529ff283c53f41c0,10.072076824010598,0.34726882140415977,0.5697101064504931,-0.923696244208268,0.25353394392518647,-0.31947299062891243,0.3420529261737338,0.7083333333333334,0.7083333333333334,
2020,oe:team:cd62e47544f14f1d239afa659b9d243,Rogue,LEC,3,-1.5384615384615383,2.0,0.4615384615384615,0.0,-0.1923076923076923,0.0384615384615384,0.3538461538461539,0.0923076923076923,0.2615384615384616,-0.4280451552029901,0.4850538528747806,0.0849194842684827,-0.7062224707277746,-0.528291681430688,0.3823705866416471,oe:team:cd62e47544f14f1d239afa659b9d243,6.54829029436422,0.3429722110350383,-1.0938834108372266,-0.6311899928257145,0.08896840763591485,0.7002799428682142,-0.6323457379056041,0.5909090909090909,0.5909090909090909,
2021,oe:team:cd62e47544f14f1d239afa659b9d243,Rogue,LEC,4,-4.863636363636363,5.409090909090908,0.5454545454545454,-2.0,-2.0,-1.6363636363636362,0.6272727272727272,0.0818181818181818,0.5454545454545454,-1.2517236330104125,0.9911692258791576,-1.1013488781127874,-0.8123394808661597,-0.8179741981312212,-0.1185967585727423,oe:team:cd62e47544f14f1d239afa659b9d243,7.6777066494762405,0.40645528984832974,-0.3648202456245318,0.09109068566313723,-1.0385819430736531,0.9578936044629295,-1.198161228046689,0.09090909090909091,0.13636363636363635,
2022,oe:team:cd62e47544f14f1d239afa659b9d243,Rogue,LEC,3,-3.2666666666666666,3.6666666666666665,0.4,-0.6,-0.6,-0.6,0.48,0.0466666666666666,0.4333333333333333,-1.073891227693781,0.9501951435547747,-0.5440166443743407,-0.0402831319627411,-0.0289052248301682,0.3948415706534979,oe:team:cd62e47544f14f1d239afa659b9d243,7.88756707036855,0.33839656830116116,-0.44335893980456575,-1.0943607612191542,-0.713132277924822,1.3295139900873276,-1.4950545367114056,0.375,0.2916666666666667,QF
2017,oe:team:cd6e0eea04af23b9c0735dab41a9941,Dire Wolves,Other,2,-1.1724137931034484,1.3448275862068966,0.1724137931034483,0.0,-1.0689655172413794,0.0,0.193103448275862,0.0206896551724137,0.1724137931034482,1.7136276264627308,-1.5906050605122188,-0.0938873099990839,0.4515621764554905,1.7225954670563235,-0.2940160867875013,oe:team:cd6e0eea04af23b9c0735dab41a9941,7.3802122064742,0.42038820019071643,-0.3416147403321919,-0.182863307109431,-0.08972012422502275,-1.5283561741986333,1.6555773232922235,0.5416666666666666,0.5416666666666666,
2018,oe:team:cd6e0eea04af23b9c0735dab41a9941,Dire Wolves,Other,3,-0.84,1.44,0.6,-0.32,-0.32,0.1599999999999999,0.28,0.08,0.2,0.4623676710503847,-0.666274130982601,-0.3601519601602938,0.0139728969317642,0.0139728969317642,0.305049502015794,oe:team:cd6e0eea04af23b9c0735dab41a9941,6.7278667191640995,0.38895367847411444,-1.824711666334425,0.8577278409187404,0.03567464323479708,-0.9727787339583075,0.8925303302935961,0.4375,0.5416666666666666,
2016,oe:team:d15303823a1dccff9f3068fb357e356,ahq eSports Club,Other,3,-6.1111111111111125,6.388888888888889,0.2777777777777778,-0.3333333333333333,-0.3333333333333333,0.3333333333333333,0.5833333333333333,0.0555555555555555,0.5277777777777779,-0.272710131647746,0.3685220181343774,0.2494423270127605,0.7804956410377921,0.7804956410377921,1.112045554928351,oe:team:d15303823a1dccff9f3068fb357e356,5.747168986943469,0.39545171339563867,-1.3691720423369098,-0.9720193552184293,0.2174517489154452,0.7013022628360193,-0.601857655745051,0.6875,0.625,
2017,oe:team:d15303823a1dccff9f3068fb357e356,ahq eSports Club,Other,2,-2.15,2.3,0.15,0.0,-1.725,0.0,0.31,0.03,0.2799999999999999,0.161132333337505,-0.2012963814729144,-0.2388382727529785,0.4515621764554905,0.3803275561841327,-0.2940160867875013,oe:team:d15303823a1dccff9f3068fb357e356,7.801733903716164,0.4354303003137606,0.15946294402257472,0.3140837427185289,-0.19420668512830772,-0.3100251169711436,0.2805228582477023,0.4166666666666667,0.4583333333333333,
2019,oe:team:d15303823a1dccff9f3068fb357e356,ahq eSports Club,Other,3,-2.645161290322581,3.0,0.3548387096774194,-0.5483870967741936,-0.8064516129032258,-0.1935483870967742,0.4,0.064516129032258,0.3354838709677419,-0.249957706074423,-0.3954098137851654,-1.3801698392427493,-0.6962347643685897,0.0748097638731046,-0.8066174482209376,oe:team:d15303823a1dccff9f3068fb357e356,7.545879872532472,0.38835973590816264,-0.6950956290210779,0.2302092308458252,-1.2490426810529023,-0.4785441622771189,-0.12504446657953583,0.125,0.08333333333333333,
2018,oe:team:d17e6a2f130f0cf8dd071ce88d5b870,MAD Team,Other,2,-1.119047619047619,1.6666666666666663,0.5476190476190476,-0.4285714285714285,-0.4285714285714285,-0.1428571428571428,0.2523809523809524,0.0619047619047619,0.1904761904761904,0.138378730083094,-0.366970411546373,-0.5375443737476613,-0.2245462018128476,-0.2245462018128476,-0.2316961238841873,oe:team:d17e6a2f130f0cf8dd071ce88d5b870,6.919752223438269,0.3892722556648559,-1.6873235193845568,0.8713424031470947,-0.15559727156897785,-0.6776351235083431,0.5677059467827934,0.2916666666666667,0.5,
2018,oe:team:d723992568441c6bafa2658129eade7,KT Rolster,LCK,4,-2.86046511627907,3.1395348837209305,0.2790697674418604,-0.9069767441860466,-0.9069767441860466,-0.5813953488372092,0.3534883720930232,0.0372093023255813,0.3162790697674419,-1.8834984414029945,1.5778895984701584,-1.4470086505962148,-1.275548350503917,-1.275548350503917,-1.0089056743317253,oe:team:d723992568441c6bafa2658129eade7,9.379158119360408,0.3976616669588919,0.07358708153053477,1.229868265767942,-1.2054810227967732,1.1498024726932423,-1.390621905676044,0.08333333333333333,0.125,QF
2023,oe:team:d723992568441c6bafa2658129eade7,KT Rolster,LCK,5,-2.275,2.55,0.275,-0.95,-0.95,-0.7750000000000001,0.43,0.035,0.395,-0.5173242505642667,0.1935898510349724,-0.973675505709232,-1.8604056574784913,-2.1304869179530717,-1.5583813751776252,oe:team:d723992568441c6bafa2658129eade7,6.902570034253432,0.45486769230769236,0.09912188697998349,-0.5684987068295834,-1.1014567809137583,0.39203459968806076,-0.7512865078128137,0.18181818181818182,0.09090909090909091,QF
2025,oe:team:d723992568441c6bafa2658129eade7,KT Rolster,LCK,3,-1.048780487804878,1.3170731707317072,0.2682926829268293,-0.1463414634146341,0.0,-0.2195121951219512,0.1902439024390244,0.0292682926829268,0.1609756097560975,0.4356274443889933,-0.2914605224256433,0.6894606966886827,-0.6918493611135081,-0.8905084607906265,-0.9807239156534294,oe:team:d723992568441c6bafa2658129eade7,9.25193262062282,0.32982945827061627,-1.0334416496022238,0.37923129232749453,0.891942989815544,-0.4279374842431611,0.6362594963690679,0.7058823529411765,0.8235294117647058,Runner-up
2024,oe:team:d8ca3fc1f0827ec76369af7b70d43e3,Fukuoka SoftBank HAWKS gaming,Other,3,-3.6176470588235294,4.147058823529412,0.5294117647058824,-0.8823529411764706,-1.411764705882353,-0.7352941176470587,0.5470588235294117,0.0705882352941176,0.4764705882352941,-0.3579072928190283,0.4007678702673559,0.0939317448921424,0.7773859288905219,0.6841710872687428,-0.0243167924262063,oe:team:d8ca3fc1f0827ec76369af7b70d43e3,7.3318078213689475,0.41674517626942487,-0.5323501476105952,0.5982186407304251,0.28027389482217224,0.19013481497326862,-0.09199509704365899,0.55,0.75,
2018,oe:team:e435aa3ecb82a89e60544f5f5857a81,DetonatioN FocusMe,Other,3,-0.5185185185185185,1.5185185185185186,1.0,-0.4444444444444445,-0.4444444444444445,-0.3703703703703704,0.2666666666666666,0.0888888888888888,0.1777777777777777,0.8356245548799748,-0.5625937575831231,0.9944810163250564,-0.2594174150796039,-0.2594174150796039,-0.6349117408251239,oe:team:e435aa3ecb82a89e60544f5f5857a81,8.230492194037804,0.361422908934838,-0.7488465021915688,-0.31881393915845635,1.0203215577968574,-0.45471511746049686,0.7414765604762984,0.8333333333333334,0.8333333333333334,
2019,oe:team:e435aa3ecb82a89e60544f5f5857a81,DetonatioN FocusMe,Other,3,-1.4285714285714284,2.571428571428571,1.1428571428571428,-0.5714285714285714,-1.0,-0.0952380952380952,0.438095238095238,0.1523809523809524,0.2857142857142857,0.9023920136765444,-0.8032887667724109,0.2207432994186149,-0.8022912620133483,-0.5140965032345772,-0.3927442705819811,oe:team:e435aa3ecb82a89e60544f5f5857a81,6.749469337712938,0.3310399159663865,-1.3280560511490136,-1.8258474588528157,0.009898353149118383,-0.17292104820907628,0.22682059111655162,0.6666666666666666,0.4583333333333333,
2021,oe:team:e435aa3ecb82a89e60544f5f5857a81,DetonatioN FocusMe,Other,3,-2.625,3.0833333333333335,0.4583333333333333,-1.25,-1.25,-1.0,0.4,0.0833333333333333,0.3166666666666667,1.089501713707319,-1.9025786499498492,-1.3410735822922777,0.6078715312037402,0.6047344857940473,0.8847937421172738,oe:team:e435aa3ecb82a89e60544f5f5857a81,6.289314462369804,0.3807923707117255,-1.719289038174456,-0.7997349385373195,-1.2955452661790365,-1.631293859717804,0.8460018945706134,0.045454545454545456,0.045454545454545456,
2022,oe:team:e435aa3ecb82a89e60544f5f5857a81,DetonatioN FocusMe,Other,3,-3.0357142857142856,3.5,0.4642857142857142,-0.8571428571428572,-0.8571428571428572,-0.9642857142857142,0.4571428571428571,0.0571428571428571,0.4,-0.7190621105366669,0.6234845328460141,-0.380784244601998,-1.2298201256400965,-1.216809546960357,-1.1565852031359924,oe:team:e435aa3ecb82a89e60544f5f5857a81,9.060931555577174,0.3741247663403352,0.5162090012359893,0.6465828061529922,-0.3116824404374643,0.40044853879655584,-0.48193853049552116,0.4583333333333333,0.5416666666666666,
2023,oe:team:e435aa3ecb82a89e60544f5f5857a81,DetonatioN FocusMe,Other,5,-2.5294117647058822,2.941176470588235,0.4117647058823529,-0.7058823529411764,-0.6470588235294118,-0.7058823529411764,0.4117647058823529,0.0470588235294117,0.3647058823529412,-0.7792414790983834,0.5869322477366079,-0.5440795556760993,-1.0252092291299368,-1.0058736921904643,-1.2999355610975452,oe:team:e435aa3ecb82a89e60544f5f5857a81,6.306676641657334,0.45888463543070757,-0.6869490211397714,-0.445849387223963,-0.5516103210776763,0.7393233555985433,-0.9275012293214975,0.4090909090909091,0.3181818181818182,
2019,oe:team:e84133caa1e561518201cc7d33f14ed,Unicorns of Love.CIS,Other,2,-2.0249999999999995,2.45,0.425,-0.075,-0.775,0.375,0.355,0.0549999999999999,0.3,0.3374569285296929,-0.9188544701187966,-1.2376323975110577,1.4826959797429855,0.1705070322781027,1.5868952060543544,oe:team:e84133caa1e561518201cc7d33f14ed,10.298139234068525,0.3764345146379044,1.4923079412721931,-0.19754736353560562,-1.4587333441850745,-0.8437186799867094,0.1889978416721266,0.16666666666666666,0.041666666666666664,
2020,oe:team:e84133caa1e561518201cc7d33f14ed,Unicorns of Love.CIS,Other,3,-1.3157894736842106,1.789473684210526,0.4736842105263157,0.0,-0.1052631578947368,-0.1052631578947368,0.3052631578947368,0.0842105263157894,0.2210526315789473,-0.038987542930036,0.0907457911766591,0.158641062604492,-0.7062224707277746,0.4511138311461553,-0.6921644308707087,oe:team:e84133caa1e561518201cc7d33f14ed,8.393836627941258,0.34159132685598526,0.14821979921310657,-0.6719319150359899,0.00384612205902099,0.3254274155885878,-0.31694813164277447,0.6363636363636364,0.5,
2021,oe:team:e84133caa1e561518201cc7d33f14ed,Unicorns of Love.CIS,Other,3,-1.925925925925926,3.1481481481481484,1.222222222222222,-0.9629629629629628,-0.9629629629629628,-1.037037037037037,0.4814814814814815,0.2,0.2814814814814814,1.820611941362546,-1.8219349342644224,0.7608604181220935,1.1514090790329612,1.1492279327284094,0.8263953531882253,oe:team:e84133caa1e561518201cc7d33f14ed,8.108169682014957,0.3489623366641045,0.05512503304721872,-1.9046369100495821,0.36632458721800537,-1.1582607405745629,1.0495288263537699,0.8181818181818182,0.6363636363636364,
2018,oe:team:e8d8ae992fe72acb7adc7bfcee31dbb,Team Vitality,LEC,3,-0.5999999999999999,1.6800000000000002,1.08,-0.56,-0.56,-0.32,0.352,0.128,0.224,0.7410202755683276,-0.349364310403065,1.2654076116221271,-0.5132798476615887,-0.5132798476615887,-0.5456416786558747,oe:team:e8d8ae992fe72acb7adc7bfcee31dbb,7.715591785980503,0.3583705722070845,-1.1175101654229889,-0.44925713951806795,1.309368435499723,-0.1976108669941917,0.6112201817630842,0.875,0.9166666666666666,
2025,oe:team:ed28f87f0cfdba0a2a8f183cebae73a,Anyone's Legend,LPL,3,-1.9733333333333336,2.16,0.1866666666666666,0.0133333333333333,0.1466666666666666,0.0133333333333333,0.28,0.0266666666666666,0.2533333333333333,-1.1609435647644302,1.070022602457345,-0.0941818985785134,0.79704348957289,0.7938455671238114,0.8889056545624463,oe:team:ed28f87f0cfdba0a2a8f183cebae73a,11.71714628787907,0.32135754640839387,1.2811508138812575,-0.08929552628628395,-0.26764577881842394,1.106556253725561,-1.2559943397363729,0.5294117647058824,0.35294117647058826,QF
2019,oe:team:ef69efa6acebe94107f0cf1ba716806,Dplus Kia,LCK,3,-2.263157894736842,2.973684210526316,0.7105263157894737,-0.4736842105263157,-1.0526315789473686,0.0789473684210526,0.4157894736842105,0.0842105263157894,0.3315789473684211,0.1118745922923582,-0.4204550126528031,-0.6575662326416748,-0.352388435162423,-0.6742376811322807,0.3405532304238833,oe:team:ef69efa6acebe94107f0cf1ba716806,7.986447499426182,0.386134569562187,-0.34494723330989446,0.15039271788429262,-0.5851318910614799,-0.47430304098960024,0.1884505800094473,0.2916666666666667,0.25,QF
2020,oe:team:ef69efa6acebe94107f0cf1ba716806,Dplus Kia,LCK,3,-1.3809523809523807,1.809523809523809,0.4285714285714285,0.0476190476190476,-0.2142857142857142,0.0476190476190476,0.2523809523809523,0.0571428571428571,0.1952380952380952,-0.1528416320627267,0.1282989399098135,-0.1151819426435434,0.3674613342164438,-0.7755834387590602,0.4508352591189601,oe:team:ef69efa6acebe94107f0cf1ba716806,8.689510595465658,0.3567924828794394,0.3472164743486234,-0.22343353580295047,-0.20276513482778583,0.20759883198377055,-0.25899499659574615,0.4090909090909091,0.4090909090909091,Champion
2021,oe:team:ef69efa6acebe94107f0cf1ba716806,Dplus Kia,LCK,3,-3.2,3.914285714285714,0.7142857142857143,-1.7142857142857144,-1.7142857142857144,-1.9428571428571428,0.5142857142857142,0.1085714285714285,0.4057142857142857,0.4881514469869268,-0.8686932990603603,-0.636789202932657,-0.2713067143633409,-0.275989937588262,-0.6018623874765054,oe:team:ef69efa6acebe94107f0cf1ba716806,8.955783897499972,0.3915173299101412,0.8820289969688526,-0.42744414723658697,-0.8307376665027634,-0.7160640687135286,0.2750400836854745,0.36363636363636365,0.2727272727272727,Runner-up
2022,oe:team:ef69efa6acebe94107f0cf1ba716806,Dplus Kia,LCK,4,-2.4705882352941178,3.1372549019607843,0.6666666666666666,-0.6078431372549019,-0.6078431372549019,-0.6274509803921569,0.4156862745098039,0.0627450980392157,0.3529411764705882,0.1491825757756164,-0.0875915022259949,0.1330955324590812,-0.0765653060618324,-0.0651376006685616,0.2779328249161891,oe:team:ef69efa6acebe94107f0cf1ba716806,10.395846852666722,0.35448060633080697,1.6078918834428833,-0.31062678968275553,-0.12504174810687488,0.027422985191000726,-0.050230028238926666,0.6666666666666666,0.625,QF
2023,oe:team:ef69efa6acebe94107f0cf1ba716806,Dplus Kia,LCK,5,-1.0625,1.84375,0.78125,-0.03125,0.0,-0.03125,0.36875,0.09375,0.275,0.7309460091257867,-0.5165706227092397,0.6165224061069609,1.2829013823453594,1.3962128094384052,1.2226605497372711,oe:team:ef69efa6acebe94107f0cf1ba716806,7.762343531495357,0.46407496930632286,1.2332894111571642,-0.2873729291623962,0.40852361578893787,-0.4112436685758086,0.5581734830570987,0.7727272727272727,0.7272727272727273,
2024,oe:team:ef69efa6acebe94107f0cf1ba716806,Dplus Kia,LCK,2,-3.6545454545454543,4.199999999999999,0.5454545454545455,-1.5454545454545454,-2.1090909090909093,-1.309090909090909,0.5963636363636363,0.1018181818181818,0.4945454545454545,-0.4472163800240373,0.5264551474046645,0.1659024691771868,-0.94782150707098,-0.5264199168576412,-1.178284009447058,oe:team:ef69efa6acebe94107f0cf1ba716806,9.502394655851862,0.3641096747289408,0.950073778784068,-1.433461373091201,-0.24115555836343502,1.0297978830495798,-1.0694022965790195,0.6,0.4,
2016,oe:team:f2357aab765dfb94659ba2223a6d4f0,Albus NoX Luna,Other,2,-6.807692307692308,6.884615384615386,0.0769230769230769,-0.6153846153846154,-0.6153846153846154,-0.3846153846153846,0.553846153846154,0.0153846153846153,0.5384615384615385,-1.2271095382056945,1.146881896518643,-1.15532855404932,-0.8330554152801555,-0.8330554152801555,-1.0638480564863384,oe:team:f2357aab765dfb94659ba2223a6d4f0,5.687559762924846,0.40275779947606577,-1.4834451317222752,-0.7204215818661281,-1.1222342222724746,1.3915390194666613,-1.4494701306833666,0.125,0.0625,QF
2019,oe:team:f589eafcf087c11af27e475bafb047f,MEGA,Other,3,-2.4285714285714284,3.095238095238095,0.6666666666666666,0.0476190476190476,-0.1428571428571428,0.4761904761904761,0.438095238095238,0.0952380952380952,0.3428571428571428,-0.044804536270273,-0.3047700464546667,-0.7466700982130087,2.047093308042512,2.0939169653851564,2.0128935744444516,oe:team:f589eafcf087c11af27e475bafb047f,8.545670917388016,0.3968808356676004,0.09950481148526562,0.535860298518014,-0.6496094678690416,-0.4910041215204083,0.1668375687600408,0.25,0.20833333333333334,
2022,oe:team:f7f7324c151aa6ed770b244ce08e027,Evil Geniuses,LCS,3,-3.088235294117647,3.4705882352941173,0.3823529411764705,-0.5882352941176471,-0.6470588235294117,-0.6176470588235294,0.4529411764705882,0.0647058823529411,0.388235294117647,-0.7997539958816751,0.5658297191915262,-0.5888255384294937,0.0141401291858958,-0.2462994798605293,0.3196859483937992,oe:team:f7f7324c151aa6ed770b244ce08e027,8.963105485526032,0.3446081697169207,0.4362076360997567,-0.7916853361672306,-0.8029118468038009,0.8434454219871257,-1.1393032943222146,0.2916666666666667,0.20833333333333334,
2016,oe:team:fc8e90107dabb9a35c490b0d86adea0,Cloud9,LCS,3,-7.212765957446808,7.404255319148935,0.1914893617021276,-0.5106382978723404,-0.5106382978723404,0.2978723404255319,0.6297872340425532,0.0382978723404255,0.5914893617021277,-1.7821088015154,1.9627892158447704,-0.3540558921488125,-0.2338256226050179,-0.2338256226050179,1.004573606036288,oe:team:fc8e90107dabb9a35c490b0d86adea0,6.128329684387507,0.4315998825382418,-0.6384728734364157,0.27280568063847627,-0.22111740041208147,1.8650572444497824,-1.6426158365571049,0.4375,0.4375,QF
2017,oe:team:fc8e90107dabb9a35c490b0d86adea0,Cloud9,LCS,2,-1.84,1.96,0.12,0.0,-1.54,0.0,0.2920000000000001,0.024,0.268,0.6534403645613419,-0.695830084553331,-0.4328495613620372,0.4515621764554905,0.7588435794077494,-0.2940160867875013,oe:team:fc8e90107dabb9a35c490b0d86adea0,8.844099565661171,0.4352237730751913,1.3985597107033918,0.3072606860258721,-0.5397903112117063,-0.7969309566921888,0.7129960476725158,0.25,0.25,QF
2018,oe:team:fc8e90107dabb9a35c490b0d86adea0,Cloud9,LCS,3,-0.7777777777777777,1.4074074074074074,0.6296296296296297,0.0,0.0,0.4074074074074074,0.274074074074074,0.0666666666666666,0.2074074074074074,0.53461093888837,-0.709311267110686,-0.2598087767169343,0.7169765563895681,0.7169765563895681,0.7435230426706357,oe:team:fc8e90107dabb9a35c490b0d86adea0,9.92792569174733,0.31167916382640304,0.4664993036475963,-2.4446388033741,-0.8141689715367595,0.144204704889755,-0.4733202075019536,0.5416666666666666,0.2916666666666667,SF
2019,oe:team:fc8e90107dabb9a35c490b0d86adea0,Cloud9,LCS,4,-3.5000000000000004,4.749999999999999,1.25,-0.6666666666666666,-1.4166666666666667,-0.2499999999999999,0.5916666666666666,0.15,0.4416666666666667,-1.059657982641864,1.270095910912752,0.4384113138857303,-1.240658118945019,-1.7818808282580592,-1.0442711869433068,oe:team:fc8e90107dabb9a35c490b0d86adea0,7.808596573848126,0.3835761014003884,-0.48629719291990814,0.05862069932613354,0.5092895951035794,1.2476157229567604,-1.0136015068048772,0.875,0.875,
2021,oe:team:fc8e90107dabb9a35c490b0d86adea0,Cloud9,LCS,4,-5.0285714285714285,5.857142857142858,0.8285714285714285,-2.657142857142857,-2.657142857142857,-2.7142857142857144,0.6285714285714287,0.1142857142857142,0.5142857142857145,-1.4242171030804067,1.5486432233632024,-0.3223180381953381,-2.0567148438226432,-2.0645379973800275,-1.8182174025986888,oe:team:fc8e90107dabb9a35c490b0d86adea0,7.946836186287404,0.43931927379424174,-0.1022665074593427,1.231883705213785,-0.05906591542744222,1.119108807702278,-0.9224262398022738,0.5,0.5,QF
2022,oe:team:fc8e90107dabb9a35c490b0d86adea0,Cloud9,LCS,3,-3.09375,3.34375,0.25,-0.28125,-0.28125,-0.25,0.3875,0.025,0.3625,-0.8082266438429008,0.3171933353065507,-0.9248922438431406,1.434247099783147,1.4436011744770445,1.885428078804185,oe:team:fc8e90107dabb9a35c490b0d86adea0,9.077009627346294,0.33737236403995563,0.52935751767558,-1.1442676112166228,-1.2220674321409855,0.7180184881962258,-1.2943382362424658,0.125,0.041666666666666664,
2023,oe:team:fc8e90107dabb9a35c490b0d86adea0,Cloud9,LCS,5,-2.3499999999999996,3.05,0.7,-0.15,-0.1,-0.1,0.5,0.0699999999999999,0.43,-0.5945368439471562,0.6963583280220254,0.3613054572969544,0.8766236016878549,1.0249812591866707,0.9655894474342136,oe:team:fc8e90107dabb9a35c490b0d86adea0,7.242988544119656,0.4887492354740061,0.5481839012867838,0.4660064104391901,0.389759761101956,0.536357865598445,-0.4317509812933886,0.6363636363636364,0.5909090909090909,
2020,oe:team:fcec508e780bbd1ad493852640f5b36,Top Esports,LPL,3,-0.631578947368421,1.3157894736842106,0.6842105263157894,0.0526315789473684,-0.0263157894736842,0.0526315789473684,0.2526315789473684,0.0894736842105263,0.163157894736842,1.1564803929632237,-0.7964473476441126,1.4364817537619907,0.480480682105309,1.3394118541809663,0.4883106587907525,oe:team:fcec508e780bbd1ad493852640f5b36,8.946014107038923,0.36873257128501447,0.5198503602163481,0.12884955961013145,1.3997125847544247,-0.8391263221629873,1.1845246990337581,0.9090909090909091,1.0,SF
2022,oe:team:fcec508e780bbd1ad493852640f5b36,Top Esports,LPL,3,-2.5306122448979593,2.9183673469387754,0.3877551020408163,-0.6326530612244898,-0.6326530612244898,-0.7142857142857143,0.4122448979591836,0.0571428571428571,0.3551020408163265,0.0569632782384646,-0.5166688228927231,-0.5751085300452632,-0.1913354486201833,-0.1797502181165416,-0.0918805544569306,oe:team:fcec508e780bbd1ad493852640f5b36,7.994538722749681,0.38131252501000396,-0.35587839175745367,0.9968238736163676,-0.3289846208166263,-0.8653998315042617,0.4755878786704205,0.3333333333333333,0.4583333333333333,
2024,oe:team:fcec508e780bbd1ad493852640f5b36,Top Esports,LPL,3,-4.326086956521738,4.499999999999999,0.1739130434782608,-1.173913043478261,-2.0000000000000004,-0.5,0.5217391304347827,0.017391304347826,0.5043478260869565,-2.0726192569882835,1.2386830511827602,-1.5008977831054278,0.0188269791374628,-0.3370329806292809,0.4488850486634247,oe:team:fcec508e780bbd1ad493852640f5b36,6.234342771947636,0.44544889408312727,-1.281874848395773,1.7061546933511298,-0.9980938519018479,0.6389471333012776,-1.3251132103615153,0.1,0.2,QF
2025,oe:team:fcec508e780bbd1ad493852640f5b36,Top Esports,LPL,3,-1.435483870967742,1.6451612903225803,0.2096774193548387,-0.1129032258064516,0.0806451612903225,-0.1129032258064516,0.2225806451612903,0.0258064516129032,0.1967741935483871,-0.2321541904687566,0.2384626248602418,0.1267305847422155,-0.3800534238187907,0.0356392818309485,-0.1247088450407587,oe:team:fcec508e780bbd1ad493852640f5b36,10.661220845719658,0.3033347272603499,0.28974098077627614,-1.0860214430818127,-0.12954115877294525,0.617983462969293,-0.6837243097274099,0.5882352941176471,0.47058823529411764,SF
