year,patch,champion,llm_dir,llm_mag,source,ups,downs,reshaped,data_dir,net,changed,reason
2016,6.13,Blitzcrank,nerf,2,Data Dragon,0.0,0.0,3.0,reshaped,0.0,E:effect1~; R:cooldown~; R:effect3~,
2016,6.13,Fiora,bugfix,0,Data Dragon,0.0,0.0,0.0,none,0.0,,
2016,6.13,Gnar,buff,2,Data Dragon,1.0,1.0,19.0,mixed,0.0,E:effect10~; E:effect4~; E:effect5~; E:effect6~; E:effect7~; E:effect8~; E:effect9~; Q:effect10~; Q:effect5~; Q:effect8~; Q:effect9~; R:effect5~,
2016,6.13,Irelia,nerf,2,Data Dragon,0.0,1.0,0.0,down,-1.0,R:cooldown-,
2016,6.13,Jarvan IV,buff,1,Data Dragon,2.0,1.0,0.0,mixed,0.3333333333333333,W:effect1-; W:effect3+; W:range+,
2016,6.13,Kindred,nerf,2,Data Dragon,1.0,1.0,1.0,mixed,0.0,W:effect8~; stats:armor-; stats:armorperlevel+,
2016,6.13,Leona,bugfix,0,Data Dragon,0.0,0.0,0.0,none,0.0,,
2016,6.13,Lulu,buff,2,Data Dragon,3.0,0.0,2.0,up,1.0,Q:effect3+; Q:effect5~; W:effect7~; stats:movespeed+; stats:mp+,
2016,6.13,Miss Fortune,bugfix,0,Data Dragon,0.0,0.0,0.0,none,0.0,,
2016,6.13,Nidalee,bugfix,0,Data Dragon,0.0,0.0,0.0,none,0.0,,
2016,6.13,Shaco,bugfix,0,Data Dragon,0.0,0.0,0.0,none,0.0,,
2016,6.13,Swain,nerf,2,Data Dragon,1.0,1.0,0.0,mixed,0.0,R:cooldown-; R:effect5+,
2016,6.13,Syndra,buff,1,Data Dragon,0.0,0.0,0.0,none,0.0,,
2016,6.13,Tahm Kench,buff,3,Data Dragon,4.0,2.0,2.0,mixed,0.3333333333333333,E:cooldown+; E:effect1-; E:effect2+; E:effect3~; Q:effect3+; R:effect1~; R:effect2-; R:range+,
2016,6.13,Thresh,buff,1,Data Dragon,0.0,0.0,1.0,reshaped,0.0,W:vara1~,
2016,6.13,Trundle,nerf,2,Data Dragon,0.0,2.0,0.0,down,-1.0,stats:hpregen-; stats:hpregenperlevel-,
2016,6.13,Twitch,bugfix,0,Data Dragon,0.0,0.0,0.0,none,0.0,,
2016,6.13,Varus,bugfix,0,Data Dragon,0.0,0.0,0.0,none,0.0,,
2016,6.13,Vladimir,nerf,2,Data Dragon,1.0,1.0,0.0,mixed,0.0,Q:effect1-; Q:vara1+,
2016,6.13,Volibear,nerf,2,Data Dragon,0.0,2.0,0.0,down,-1.0,W:effect1-; W:effect3-,
2016,6.13,Zac,bugfix,0,Data Dragon,0.0,0.0,0.0,none,0.0,,
2016,6.13,Ziggs,bugfix,0,Data Dragon,0.0,1.0,2.0,down,-1.0,Q:effect7~; W:effect3-; W:varf2~,
2016,6.13,Zilean,bugfix,0,Data Dragon,0.0,0.0,0.0,none,0.0,,
2016,6.13,Zyra,nerf,2,Data Dragon,0.0,0.0,0.0,none,0.0,,
2016,6.14,Annie,buff,1,Data Dragon,0.0,0.0,0.0,none,0.0,,
2016,6.14,Azir,nerf,2,Data Dragon,0.0,0.0,5.0,reshaped,0.0,W:effect10~; W:effect6~; W:effect7~; W:effect8~; W:effect9~,
2016,6.14,Bard,bugfix,0,Data Dragon,0.0,0.0,0.0,none,0.0,,
2016,6.14,Braum,bugfix,0,Data Dragon,0.0,0.0,0.0,none,0.0,,
2016,6.14,Darius,bugfix,0,Data Dragon,0.0,0.0,0.0,none,0.0,,
2016,6.14,Fiora,buff,2,Data Dragon,1.0,0.0,0.0,up,1.0,Q:effect2+,
2016,6.14,Gragas,bugfix,0,Data Dragon,0.0,0.0,0.0,none,0.0,,
2016,6.14,Graves,bugfix,0,Data Dragon,0.0,0.0,0.0,none,0.0,,
2016,6.14,Hecarim,bugfix,0,Data Dragon,0.0,0.0,0.0,none,0.0,,
2016,6.14,Illaoi,nerf,1,Data Dragon,0.0,0.0,0.0,none,0.0,,
2016,6.14,Jarvan IV,bugfix,0,Data Dragon,0.0,0.0,0.0,none,0.0,,
2016,6.14,Kayle,bugfix,0,Data Dragon,0.0,0.0,0.0,none,0.0,,
2016,6.14,Lee Sin,buff,1,Data Dragon,1.0,0.0,0.0,up,1.0,W:effect1+,
2016,6.14,Leona,buff,2,Data Dragon,3.0,5.0,7.0,mixed,-0.25,E:effect2-; Q:cooldown+; Q:effect1-; Q:effect2-; Q:effect3~; Q:effect5~; R:effect3+; R:effect4-; R:effect5+; R:effect6~; R:effect7~; R:vara2~,
2016,6.14,Lulu,bugfix,0,Data Dragon,0.0,0.0,0.0,none,0.0,,
2016,6.14,Lux,buff,1,Data Dragon,0.0,1.0,0.0,down,-1.0,Q:effect1-,
2016,6.14,Malzahar,nerf,2,Data Dragon,0.0,2.0,0.0,down,-1.0,stats:attackrange-; stats:movespeed-,
2016,6.14,Poppy,buff,1,Data Dragon,1.0,0.0,0.0,up,1.0,W:effect2+,
2016,6.14,Rek'Sai,nerf,1,Data Dragon,0.0,0.0,0.0,none,0.0,,
2016,6.14,Ryze,rework,0,Data Dragon,14.0,7.0,29.0,mixed,0.3333333333333333,E:cooldown+; E:cost+; E:effect1+; E:effect2+; E:effect3+; E:effect4-; E:effect5+; E:effect6-; E:effect7~; E:range+; E:vara1+; E:vara2~,
2016,6.14,Shyvana,bugfix,0,Data Dragon,0.0,0.0,0.0,none,0.0,,
2016,6.14,Sona,buff,3,Data Dragon,16.0,7.0,11.0,mixed,0.391304347826087,E:effect1+; E:effect2+; E:effect3+; E:effect4-; E:effect6-; E:effect7-; E:effect9~; E:range+; E:vara2~; E:varf1~; E:varf2~; E:varf3~,
2016,6.14,Taliyah,buff,2,Data Dragon,0.0,2.0,1.0,down,-1.0,E:effect7~; W:cooldown-; W:effect2-,
2016,6.14,Veigar,bugfix,0,Data Dragon,0.0,0.0,0.0,none,0.0,,
2016,6.14,Viktor,nerf,1,Data Dragon,0.0,0.0,0.0,none,0.0,,
2016,6.14,Vladimir,bugfix,0,Data Dragon,0.0,0.0,0.0,none,0.0,,
2016,6.14,Yasuo,bugfix,0,Data Dragon,0.0,0.0,0.0,none,0.0,,
2016,6.14,Zyra,bugfix,0,Data Dragon,0.0,0.0,0.0,none,0.0,,
2016,6.15,Annie,bugfix,0,Data Dragon,0.0,0.0,0.0,none,0.0,,
2016,6.15,Braum,nerf,2,Data Dragon,0.0,1.0,0.0,down,-1.0,Q:effect1-,
2016,6.15,Caitlyn,bugfix,0,Data Dragon,0.0,0.0,0.0,none,0.0,,
2016,6.15,Corki,buff,1,Data Dragon,0.0,0.0,0.0,none,0.0,,
2016,6.15,Darius,bugfix,0,Data Dragon,0.0,0.0,0.0,none,0.0,,
2016,6.15,Evelynn,bugfix,0,Data Dragon,0.0,0.0,0.0,none,0.0,,
2016,6.15,Graves,bugfix,0,Data Dragon,0.0,0.0,0.0,none,0.0,,
2016,6.15,Hecarim,nerf,2,Data Dragon,0.0,2.0,0.0,down,-1.0,Q:effect1-; stats:attackdamage-,
2016,6.15,Illaoi,nerf,1,Data Dragon,0.0,0.0,0.0,none,0.0,,
2016,6.15,Jarvan IV,buff,1,Data Dragon,1.0,0.0,1.0,up,1.0,E:effect3+; E:effect5~,
2016,6.15,Karma,nerf,2,Data Dragon,0.0,1.0,0.0,down,-1.0,E:effect1-,
2016,6.15,Kassadin,buff,2,Data Dragon,1.0,0.0,1.0,up,1.0,E:cost+; Q:effect1~,
2016,6.15,Malzahar,nerf,2,Data Dragon,0.0,0.0,0.0,none,0.0,,
2016,6.15,Miss Fortune,bugfix,0,Data Dragon,0.0,0.0,0.0,none,0.0,,
2016,6.15,Mordekaiser,bugfix,0,Data Dragon,0.0,0.0,0.0,none,0.0,,
2016,6.15,Nami,bugfix,0,Data Dragon,0.0,0.0,0.0,none,0.0,,
2016,6.15,Nidalee,adjust,0,Data Dragon,2.0,0.0,3.0,up,1.0,Q:effect1+; Q:effect2+; R:effect3~; R:effect4~; R:effect9~,
2016,6.15,Rammus,bugfix,0,Data Dragon,0.0,0.0,0.0,none,0.0,,
2016,6.15,Renekton,buff,2,Data Dragon,1.0,0.0,1.0,up,1.0,R:effect2+; R:effect6~,
2016,6.15,Shen,nerf,1,Data Dragon,0.0,1.0,0.0,down,-1.0,stats:hpregen-,
2016,6.15,Shyvana,buff,1,Data Dragon,0.0,1.0,0.0,down,-1.0,R:effect3-,
2016,6.15,Sona,bugfix,0,unavailable,,,,,,,hotfix in preceding patch
2016,6.15,Taliyah,nerf,1,Data Dragon,1.0,1.0,1.0,mixed,0.0,Q:effect2+; Q:effect7~; R:cooldown-,
2016,6.15,Taric,bugfix,0,Data Dragon,0.0,0.0,0.0,none,0.0,,
2016,6.15,Vayne,buff,1,Data Dragon,0.0,0.0,0.0,none,0.0,,
2016,6.15,Vel'Koz,bugfix,0,Data Dragon,0.0,0.0,0.0,none,0.0,,
2016,6.15,Viktor,nerf,1,Data Dragon,0.0,0.0,0.0,none,0.0,,
2016,6.15,Vladimir,nerf,2,Data Dragon,0.0,2.0,0.0,down,-1.0,W:cooldown-; stats:movespeed-,
2016,6.15,Zac,bugfix,0,Data Dragon,0.0,0.0,0.0,none,0.0,,
2016,6.15,Zyra,buff,1,Data Dragon,2.0,0.0,0.0,up,1.0,Q:effect1+; Q:vara1+,
2016,6.16,Ahri,bugfix,0,Data Dragon,0.0,0.0,0.0,none,0.0,,
2016,6.16,Annie,bugfix,0,Data Dragon,0.0,0.0,0.0,none,0.0,,
2016,6.16,Azir,bugfix,0,Data Dragon,0.0,0.0,0.0,none,0.0,,
2016,6.16,Braum,bugfix,0,Data Dragon,0.0,0.0,0.0,none,0.0,,
2016,6.16,Fiora,bugfix,0,Data Dragon,0.0,0.0,0.0,none,0.0,,
2016,6.16,Fizz,bugfix,0,Data Dragon,0.0,0.0,0.0,none,0.0,,
2016,6.16,Graves,bugfix,0,Data Dragon,0.0,0.0,0.0,none,0.0,,
2016,6.16,Irelia,nerf,2,Data Dragon,1.0,0.0,2.0,up,1.0,R:vara2~; R:varf1~; stats:mpregen+,
2016,6.16,Katarina,bugfix,0,Data Dragon,0.0,0.0,0.0,none,0.0,,
2016,6.16,Leona,adjust,0,Data Dragon,0.0,0.0,0.0,none,0.0,,
2016,6.16,Lulu,buff,2,Data Dragon,2.0,0.0,1.0,up,1.0,W:cooldown+; W:effect2~; W:effect7+,
2016,6.16,Lux,bugfix,0,Data Dragon,0.0,0.0,0.0,none,0.0,,
2016,6.16,Miss Fortune,bugfix,0,Data Dragon,0.0,0.0,0.0,none,0.0,,
2016,6.16,Mordekaiser,buff,1,Data Dragon,0.0,0.0,0.0,none,0.0,,
2016,6.16,Nami,bugfix,0,Data Dragon,0.0,0.0,0.0,none,0.0,,
2016,6.16,Nautilus,buff,2,Data Dragon,0.0,0.0,0.0,none,0.0,,
2016,6.16,Orianna,bugfix,0,Data Dragon,0.0,0.0,0.0,none,0.0,,
2016,6.16,Shyvana,bugfix,0,Data Dragon,0.0,0.0,0.0,none,0.0,,
2016,6.16,Sona,nerf,2,Data Dragon,0.0,5.0,1.0,down,-1.0,E:effect1-; E:effect4-; E:varf4~; R:effect3-; R:effect4-; R:effect5-,
2016,6.16,Soraka,bugfix,0,Data Dragon,0.0,0.0,0.0,none,0.0,,
2016,6.16,Syndra,bugfix,0,Data Dragon,0.0,0.0,0.0,none,0.0,,
2016,6.16,Thresh,bugfix,0,Data Dragon,0.0,0.0,0.0,none,0.0,,
2016,6.16,Tristana,bugfix,0,Data Dragon,0.0,0.0,0.0,none,0.0,,
2016,6.16,Twisted Fate,bugfix,0,Data Dragon,1.0,0.0,6.0,up,1.0,E:effect2~; E:effect4~; Q:effect2~; R:effect2+; R:effect3~; R:effect4~; W:effect7~,
2016,6.16,Vayne,bugfix,0,Data Dragon,0.0,0.0,0.0,none,0.0,,
2016,6.16,Viktor,nerf,1,Data Dragon,1.0,3.0,0.0,mixed,-0.5,R:effect6-; R:effect7+; R:effect8-; R:effect9-,
2016,6.16,Xerath,bugfix,0,Data Dragon,0.0,0.0,0.0,none,0.0,,
2016,6.16,Yasuo,bugfix,0,Data Dragon,0.0,0.0,0.0,none,0.0,,
2016,6.17,Ahri,bugfix,0,Data Dragon,0.0,0.0,0.0,none,0.0,,
2016,6.17,Annie,nerf,1,Data Dragon,0.0,0.0,0.0,none,0.0,,
2016,6.17,Ashe,nerf,2,Data Dragon,0.0,2.0,0.0,down,-1.0,Q:effect3-; R:effect1-,
2016,6.17,Corki,buff,1,Data Dragon,0.0,0.0,0.0,none,0.0,,
2016,6.17,Diana,buff,1,Data Dragon,0.0,0.0,0.0,none,0.0,,
2016,6.17,Draven,buff,1,Data Dragon,2.0,0.0,1.0,up,1.0,R:cooldown+; R:cost+; R:effect3~,
2016,6.17,Ekko,bugfix,0,Data Dragon,0.0,0.0,0.0,none,0.0,,
2016,6.17,Elise,bugfix,0,Data Dragon,0.0,0.0,0.0,none,0.0,,
2016,6.17,Evelynn,buff,1,Data Dragon,1.0,0.0,1.0,up,1.0,R:cooldown+; R:vara1~,
2016,6.17,Ezreal,buff,1,Data Dragon,0.0,0.0,4.0,reshaped,0.0,E:vara2~; Q:vara1~; R:vara2~; R:varf1~,
2016,6.17,Gangplank,nerf,3,Data Dragon,0.0,4.0,0.0,down,-1.0,R:cooldown-; R:effect1-; W:cost-; stats:hp-,
2016,6.17,Gragas,nerf,3,Data Dragon,0.0,1.0,0.0,down,-1.0,E:cooldown-,
2016,6.17,Jayce,buff,2,Data Dragon,1.0,0.0,0.0,up,1.0,E:cost+,
2016,6.17,Jhin,nerf,2,unavailable,,,,,,,hotfix in preceding patch
2016,6.17,Jinx,buff,1,Data Dragon,2.0,0.0,0.0,up,1.0,R:vara1+; R:vara2+,
2016,6.17,Kalista,bugfix,0,Data Dragon,0.0,0.0,0.0,none,0.0,,
2016,6.17,Katarina,bugfix,0,Data Dragon,0.0,0.0,0.0,none,0.0,,
2016,6.17,Kennen,adjust,0,Data Dragon,0.0,0.0,0.0,none,0.0,,
2016,6.17,Kha'Zix,bugfix,0,Data Dragon,0.0,0.0,0.0,none,0.0,,
2016,6.17,Kled,adjust,0,Data Dragon,0.0,0.0,0.0,none,0.0,,
2016,6.17,Lee Sin,bugfix,0,Data Dragon,0.0,0.0,0.0,none,0.0,,
2016,6.17,Leona,bugfix,0,Data Dragon,0.0,0.0,0.0,none,0.0,,
2016,6.17,Malphite,buff,2,Data Dragon,2.0,0.0,0.0,up,1.0,W:cooldown+; W:effect1+,
2016,6.17,Morgana,buff,1,Data Dragon,1.0,0.0,0.0,up,1.0,E:range+,
2016,6.17,Nasus,bugfix,0,Data Dragon,0.0,0.0,0.0,none,0.0,,
2016,6.17,Orianna,buff,1,Data Dragon,2.0,0.0,0.0,up,1.0,R:cooldown+; R:cost+,
2016,6.17,Poppy,buff,1,Data Dragon,2.0,0.0,0.0,up,1.0,W:effect3+; stats:movespeed+,
2016,6.17,Rek'Sai,nerf,3,Data Dragon,1.0,1.0,0.0,mixed,0.0,E:effect4+; R:cooldown-,
2016,6.17,Riven,buff,2,Data Dragon,2.0,0.0,0.0,up,1.0,R:effect1+; R:effect2+,
2016,6.17,Ryze,buff,1,Data Dragon,0.0,0.0,0.0,none,0.0,,
2016,6.17,Sion,bugfix,0,Data Dragon,0.0,0.0,0.0,none,0.0,,
2016,6.17,Sivir,nerf,2,Data Dragon,0.0,2.0,2.0,down,-1.0,R:effect1-; W:effect3-; W:effect7~; W:varf2~,
2016,6.17,Syndra,bugfix,0,Data Dragon,0.0,0.0,0.0,none,0.0,,
2016,6.17,Tahm Kench,bugfix,0,Data Dragon,0.0,0.0,0.0,none,0.0,,
2016,6.17,Thresh,buff,1,Data Dragon,1.0,0.0,0.0,up,1.0,R:cooldown+,
2016,6.17,Trundle,nerf,1,Data Dragon,0.0,0.0,1.0,reshaped,0.0,E:cooldown~,
2016,6.17,Twitch,bugfix,0,Data Dragon,0.0,0.0,0.0,none,0.0,,
2016,6.17,Vayne,buff,2,Data Dragon,1.0,0.0,0.0,up,1.0,Q:effect2+,
2016,6.17,Veigar,buff,1,Data Dragon,0.0,0.0,0.0,none,0.0,,
2016,6.17,Vi,buff,2,Data Dragon,1.0,0.0,0.0,up,1.0,Q:cooldown+,
2016,6.17,Yasuo,bugfix,0,Data Dragon,0.0,0.0,0.0,none,0.0,,
2016,6.17,Zilean,bugfix,0,Data Dragon,0.0,0.0,0.0,none,0.0,,
2016,6.18,Ahri,bugfix,0,Data Dragon,0.0,0.0,0.0,none,0.0,,
2016,6.18,Ashe,nerf,1,Data Dragon,0.0,1.0,0.0,down,-1.0,W:cooldown-,
2016,6.18,Aurelion Sol,bugfix,0,Data Dragon,0.0,0.0,0.0,none,0.0,,
2016,6.18,Ekko,nerf,1,Data Dragon,0.0,1.0,0.0,down,-1.0,stats:attackdamage-,
2016,6.18,Elise,bugfix,0,Data Dragon,0.0,0.0,0.0,none,0.0,,
2016,6.18,Gnar,nerf,2,Data Dragon,0.0,2.0,0.0,down,-1.0,E:cooldown-; W:effect1-,
2016,6.18,Kalista,bugfix,0,Data Dragon,0.0,0.0,0.0,none,0.0,,
2016,6.18,Kled,bugfix,0,Data Dragon,0.0,0.0,1.0,reshaped,0.0,W:effect9~,
2016,6.18,Lee Sin,buff,1,Data Dragon,1.0,0.0,0.0,up,1.0,W:effect2+,
2016,6.18,Lissandra,nerf,1,Data Dragon,0.0,1.0,0.0,down,-1.0,stats:hpperlevel-,
2016,6.18,Lulu,buff,1,Data Dragon,0.0,0.0,2.0,reshaped,0.0,Q:effect4~; Q:effect6~,
2016,6.18,Lux,buff,1,Data Dragon,1.0,0.0,0.0,up,1.0,E:effect1+,
2016,6.18,Miss Fortune,buff,1,Data Dragon,0.0,0.0,0.0,none,0.0,,
2016,6.18,Nocturne,buff,1,Data Dragon,1.0,0.0,0.0,up,1.0,E:effect2+,
2016,6.18,Rek'Sai,nerf,2,Data Dragon,0.0,2.0,0.0,down,-1.0,stats:armor-; stats:armorperlevel-,
2016,6.18,Riven,bugfix,0,Data Dragon,0.0,0.0,0.0,none,0.0,,
2016,6.18,Ryze,bugfix,0,Data Dragon,2.0,0.0,0.0,up,1.0,R:effect7+; R:range+,
2016,6.18,Shen,nerf,2,Data Dragon,0.0,2.0,2.0,down,-1.0,Q:effect1-; Q:effect2-; Q:vara1~; Q:vara2~,
2016,6.18,Taliyah,nerf,2,Data Dragon,0.0,1.0,1.0,down,-1.0,E:effect1-; Q:effect9~,
2016,6.18,Teemo,bugfix,0,Data Dragon,0.0,0.0,0.0,none,0.0,,
2016,6.18,Trundle,bugfix,0,Data Dragon,0.0,0.0,0.0,none,0.0,,
2016,6.18,Vladimir,nerf,2,Data Dragon,0.0,4.0,0.0,down,-1.0,E:cooldown-; E:effect2-; E:effect4-; stats:hp-,
2016,6.18,Yasuo,nerf,2,Data Dragon,1.0,1.0,0.0,mixed,0.0,stats:attackspeedoffset+; stats:attackspeedperlevel-,
2016,6.18,Yorick,rework,0,Data Dragon,21.0,19.0,15.0,mixed,0.05,E:cooldown-; E:cost+; E:effect1+; E:effect2-; E:effect3~; E:effect4+; E:effect5-; E:effect6~; E:effect7~; E:effect8~; E:range+; E:vara1~,
2016,6.18,Zed,bugfix,0,Data Dragon,0.0,0.0,0.0,none,0.0,,
2017,7.16,Aatrox,nerf,1,Data Dragon,0.0,0.0,0.0,none,0.0,,
2017,7.16,Caitlyn,nerf,2,Data Dragon,2.0,1.0,0.0,mixed,0.3333333333333333,Q:effect2+; W:effect2-; W:effect6+,
2017,7.16,Cassiopeia,nerf,1,Data Dragon,2.0,1.0,1.0,mixed,0.3333333333333333,E:effect1~; E:vara2+; stats:mp-; stats:mpperlevel+,
2017,7.16,Corki,nerf,1,Data Dragon,0.0,1.0,0.0,down,-1.0,stats:attackdamage-,
2017,7.16,Fiddlesticks,bugfix,0,Data Dragon,0.0,0.0,0.0,none,0.0,,
2017,7.16,Fiora,buff,1,Data Dragon,1.0,0.0,0.0,up,1.0,R:effect2+,
2017,7.16,Fizz,buff,1,Data Dragon,1.0,0.0,0.0,up,1.0,E:cooldown+,
2017,7.16,Galio,nerf,2,Data Dragon,0.0,2.0,0.0,down,-1.0,R:cooldown-; R:effect5-,
2017,7.16,Heimerdinger,bugfix,0,Data Dragon,0.0,0.0,0.0,none,0.0,,
2017,7.16,Irelia,bugfix,0,Data Dragon,0.0,0.0,0.0,none,0.0,,
2017,7.16,Jax,buff,1,Data Dragon,0.0,0.0,0.0,none,0.0,,
2017,7.16,Jayce,buff,1,Data Dragon,0.0,0.0,0.0,none,0.0,,
2017,7.16,Kayn,bugfix,0,Data Dragon,0.0,0.0,0.0,none,0.0,,
2017,7.16,LeBlanc,nerf,1,Data Dragon,0.0,1.0,0.0,down,-1.0,Q:effect7-,
2017,7.16,Maokai,nerf,1,Data Dragon,0.0,1.0,0.0,down,-1.0,E:effect8-,
2017,7.16,Nautilus,bugfix,0,Data Dragon,0.0,0.0,0.0,none,0.0,,
2017,7.16,Orianna,nerf,2,Data Dragon,0.0,2.0,0.0,down,-1.0,E:effect1-; W:effect1-,
2017,7.16,Riven,buff,1,Data Dragon,0.0,0.0,0.0,none,0.0,,
2017,7.16,Sejuani,bugfix,0,Data Dragon,0.0,0.0,0.0,none,0.0,,
2017,7.16,Singed,bugfix,0,Data Dragon,0.0,0.0,0.0,none,0.0,,
2017,7.16,Sion,buff,2,Data Dragon,2.0,0.0,0.0,up,1.0,R:effect2+; W:effect5+,
2017,7.16,Syndra,nerf,1,Data Dragon,1.0,1.0,0.0,mixed,0.0,E:vara1+; Q:vara1-,
2017,7.16,Tahm Kench,bugfix,0,Data Dragon,0.0,0.0,0.0,none,0.0,,
2017,7.16,Taliyah,nerf,1,Data Dragon,0.0,1.0,0.0,down,-1.0,Q:cost-,
2017,7.16,Teemo,bugfix,0,Data Dragon,0.0,0.0,0.0,none,0.0,,
2017,7.16,Tristana,bugfix,0,Data Dragon,0.0,0.0,0.0,none,0.0,,
2017,7.16,Twitch,bugfix,0,Data Dragon,0.0,0.0,0.0,none,0.0,,
2017,7.16,Vi,buff,1,Data Dragon,1.0,0.0,0.0,up,1.0,R:cooldown+,
2017,7.16,Yasuo,bugfix,0,Data Dragon,0.0,0.0,0.0,none,0.0,,
2017,7.17,Cassiopeia,bugfix,0,Data Dragon,0.0,0.0,0.0,none,0.0,,
2017,7.17,Cho'Gath,bugfix,0,Data Dragon,0.0,0.0,0.0,none,0.0,,
2017,7.17,Draven,nerf,2,Data Dragon,0.0,0.0,0.0,none,0.0,,
2017,7.17,Ezreal,buff,1,Data Dragon,1.0,0.0,0.0,up,1.0,Q:vara1+,
2017,7.17,Hecarim,buff,1,Data Dragon,2.0,2.0,0.0,mixed,0.0,R:effect2-; R:effect3-; R:effect5+; R:effect6+,
2017,7.17,Illaoi,bugfix,0,Data Dragon,0.0,0.0,0.0,none,0.0,,
2017,7.17,Jhin,bugfix,0,Data Dragon,0.0,0.0,0.0,none,0.0,,
2017,7.17,Jinx,bugfix,0,Data Dragon,0.0,0.0,0.0,none,0.0,,
2017,7.17,Katarina,bugfix,0,Data Dragon,0.0,0.0,0.0,none,0.0,,
2017,7.17,Leona,buff,2,Data Dragon,0.0,0.0,1.0,reshaped,0.0,Q:cooldown~,
2017,7.17,Lulu,bugfix,0,Data Dragon,0.0,0.0,0.0,none,0.0,,
2017,7.17,Malzahar,bugfix,0,Data Dragon,0.0,0.0,0.0,none,0.0,,
2017,7.17,Maokai,adjust,0,Data Dragon,0.0,0.0,0.0,none,0.0,,
2017,7.17,Nidalee,bugfix,0,Data Dragon,0.0,0.0,0.0,none,0.0,,
2017,7.17,Poppy,bugfix,0,Data Dragon,0.0,0.0,0.0,none,0.0,,
2017,7.17,Rek'Sai,bugfix,0,Data Dragon,0.0,0.0,0.0,none,0.0,,
2017,7.17,Thresh,bugfix,0,Data Dragon,0.0,0.0,0.0,none,0.0,,
2017,7.17,Twisted Fate,bugfix,0,Data Dragon,0.0,0.0,0.0,none,0.0,,
2017,7.17,Urgot,buff,2,Data Dragon,1.0,0.0,0.0,up,1.0,R:effect4+,
2017,7.17,Warwick,bugfix,0,Data Dragon,0.0,0.0,0.0,none,0.0,,
2017,7.17,Yasuo,bugfix,0,Data Dragon,0.0,0.0,0.0,none,0.0,,
2017,7.17,Zac,bugfix,0,Data Dragon,0.0,0.0,0.0,none,0.0,,
2017,7.17,Zed,buff,1,Data Dragon,4.0,0.0,0.0,up,1.0,W:effect1+; W:effect4+; W:effect5+; stats:attackspeedoffset+,
2017,7.18,Aatrox,bugfix,0,Data Dragon,0.0,0.0,0.0,none,0.0,,
2017,7.18,Ahri,bugfix,0,Data Dragon,0.0,0.0,0.0,none,0.0,,
2017,7.18,Azir,buff,1,Data Dragon,1.0,0.0,0.0,up,1.0,R:effect1+,
2017,7.18,Brand,bugfix,0,Data Dragon,0.0,0.0,0.0,none,0.0,,
2017,7.18,Cassiopeia,nerf,1,Data Dragon,1.0,1.0,0.0,mixed,0.0,E:effect1-; E:vara2+,
2017,7.18,Elise,nerf,2,Data Dragon,2.0,1.0,0.0,mixed,0.3333333333333333,E:effect3+; W:effect3-; W:vara1+,
2017,7.18,Fiora,buff,2,Data Dragon,1.0,0.0,0.0,up,1.0,R:effect2+,
2017,7.18,Fizz,bugfix,0,Data Dragon,0.0,0.0,0.0,none,0.0,,
2017,7.18,Gnar,nerf,1,Data Dragon,0.0,1.0,0.0,down,-1.0,stats:hp-,
2017,7.18,Gragas,nerf,2,Data Dragon,0.0,1.0,0.0,down,-1.0,stats:armor-,
2017,7.18,Ivern,buff,1,Data Dragon,1.0,0.0,0.0,up,1.0,E:effect2+,
2017,7.18,Jarvan IV,nerf,1,Data Dragon,0.0,2.0,0.0,down,-1.0,W:effect1-; W:effect6-,
2017,7.18,Kalista,nerf,2,Data Dragon,0.0,1.0,0.0,down,-1.0,R:cooldown-,
2017,7.18,Karma,bugfix,0,Data Dragon,0.0,0.0,0.0,none,0.0,,
2017,7.18,Kha'Zix,bugfix,0,Data Dragon,0.0,0.0,0.0,none,0.0,,
2017,7.18,Lee Sin,buff,1,Data Dragon,0.0,0.0,1.0,reshaped,0.0,W:effect1~,
2017,7.18,Lucian,nerf,1,Data Dragon,0.0,1.0,0.0,down,-1.0,E:cooldown-,
2017,7.18,Lulu,bugfix,0,Data Dragon,0.0,0.0,0.0,none,0.0,,
2017,7.18,Nautilus,buff,1,Data Dragon,2.0,0.0,0.0,up,1.0,Q:cost+; Q:effect4+,
2017,7.18,Nidalee,buff,1,Data Dragon,0.0,0.0,0.0,none,0.0,,
2017,7.18,Orianna,bugfix,0,Data Dragon,0.0,0.0,0.0,none,0.0,,
2017,7.18,Ornn,buff,1,unavailable,,,,,,,hotfix in preceding patch
2017,7.18,Quinn,bugfix,0,Data Dragon,0.0,0.0,0.0,none,0.0,,
2017,7.18,Rakan,nerf,2,Data Dragon,3.0,2.0,0.0,mixed,0.2,R:cooldown+; R:effect7-; R:effect8-; W:effect2+; W:effect4+,
2017,7.18,Rengar,buff,1,Data Dragon,1.0,0.0,0.0,up,1.0,stats:armor+,
2017,7.18,Rumble,adjust,0,Data Dragon,0.0,0.0,0.0,none,0.0,,
2017,7.18,Ryze,buff,1,Data Dragon,1.0,1.0,0.0,mixed,0.0,Q:cost-; W:vara1+,
2017,7.18,Sivir,bugfix,0,Data Dragon,0.0,0.0,0.0,none,0.0,,
2017,7.18,Soraka,bugfix,0,Data Dragon,0.0,0.0,0.0,none,0.0,,
2017,7.18,Syndra,bugfix,0,Data Dragon,0.0,0.0,0.0,none,0.0,,
2017,7.18,Talon,bugfix,0,Data Dragon,0.0,0.0,0.0,none,0.0,,
2017,7.18,Tristana,nerf,1,Data Dragon,0.0,1.0,0.0,down,-1.0,E:effect5-,
2017,7.18,Xerath,bugfix,0,Data Dragon,1.0,0.0,0.0,up,1.0,W:effect10+,
2018,8.16,Aatrox,nerf,2,Data Dragon,0.0,1.0,0.0,down,-1.0,R:cooldown-,
2018,8.16,Fizz,nerf,2,Data Dragon,0.0,0.0,0.0,none,0.0,,
2018,8.16,Hecarim,buff,2,Data Dragon,1.0,0.0,0.0,up,1.0,Q:effect1+,
2018,8.16,Orianna,nerf,1,Data Dragon,0.0,1.0,0.0,down,-1.0,stats:spellblock-,
2018,8.16,Quinn,nerf,1,Data Dragon,0.0,1.0,0.0,down,-1.0,stats:attackdamageperlevel-,
2018,8.16,Rakan,nerf,2,Data Dragon,0.0,2.0,0.0,down,-1.0,stats:armor-; stats:hp-,
2018,8.16,Taliyah,nerf,2,Data Dragon,0.0,2.0,0.0,down,-1.0,W:cooldown-; stats:movespeed-,
2018,8.16,Trundle,nerf,2,Data Dragon,1.0,2.0,0.0,mixed,-0.3333333333333333,Q:effect1-; Q:effect2+; Q:effect6-,
2018,8.16,Tryndamere,nerf,2,Data Dragon,0.0,1.0,0.0,down,-1.0,E:cooldown-,
2018,8.16,Wukong,nerf,2,Data Dragon,0.0,2.0,0.0,down,-1.0,Q:effect1-; Q:effect6-,
2018,8.16,Zoe,nerf,2,Data Dragon,0.0,2.0,0.0,down,-1.0,W:effect7-; W:vara1-,
2018,8.16,Amumu,buff,1,Data Dragon,1.0,0.0,0.0,up,1.0,E:effect7+,
2018,8.16,Leona,buff,2,Data Dragon,1.0,0.0,0.0,up,1.0,W:cooldown+,
2018,8.16,Nautilus,buff,2,Data Dragon,1.0,2.0,1.0,mixed,-0.3333333333333333,W:cooldown+; W:effect1~; W:effect2-; W:effect3-,
2018,8.16,Rammus,buff,2,Data Dragon,2.0,0.0,0.0,up,1.0,W:effect6+; W:effect7+,
2018,8.16,Sion,buff,2,Data Dragon,3.0,0.0,0.0,up,1.0,W:effect5+; W:effect6+; W:effect8+,
2018,8.16,Tahm Kench,adjust,0,Data Dragon,2.0,3.0,0.0,mixed,-0.2,Q:cooldown+; Q:effect5-; W:cooldown-; W:cost+; W:effect1-,
2018,8.17,Nunu & Willump,rework,0,Data Dragon,24.0,18.0,3.0,mixed,0.14285714285714285,E:cooldown-; E:cost+; E:effect1-; E:effect10+; E:effect2~; E:effect3-; E:effect4-; E:effect5+; E:effect8+; E:effect9+; E:range+; E:vara1-,
2018,8.17,Akali,bugfix,0,Data Dragon,0.0,0.0,0.0,none,0.0,,
2018,8.17,Annie,buff,1,Data Dragon,2.0,15.0,0.0,mixed,-0.7647058823529411,E:effect1-; E:effect2-; E:effect3-; E:range+; Q:effect1-; R:effect1-; R:effect10-; R:effect2-; R:effect3-; R:effect4-; R:effect5-; R:effect6-,
2018,8.17,Bard,buff,1,Data Dragon,1.0,0.0,0.0,up,1.0,R:cooldown+,
2018,8.17,Fiora,buff,1,Data Dragon,1.0,0.0,0.0,up,1.0,E:effect6+,
2018,8.17,Garen,nerf,1,Data Dragon,0.0,1.0,0.0,down,-1.0,Q:effect1-,
2018,8.17,Irelia,buff,1,Data Dragon,0.0,0.0,0.0,none,0.0,,
2018,8.17,Kassadin,buff,1,Data Dragon,1.0,0.0,0.0,up,1.0,R:cooldown+,
2018,8.17,Kayn,buff,2,Data Dragon,2.0,0.0,0.0,up,1.0,E:effect2+; E:effect5+,
2018,8.17,Master Yi,buff,2,Data Dragon,2.0,0.0,0.0,up,1.0,W:cooldown+; W:effect2+,
2018,8.17,Rengar,buff,1,Data Dragon,1.0,0.0,0.0,up,1.0,R:cooldown+,
2018,8.17,Varus,nerf,1,Data Dragon,1.0,1.0,0.0,mixed,0.0,stats:hp-; stats:hpperlevel+,
2018,8.17,Wukong,buff,1,Data Dragon,0.0,0.0,0.0,none,0.0,,
2018,8.17,Yorick,nerf,2,Data Dragon,0.0,0.0,0.0,none,0.0,,
2018,8.17,Taric,adjust,0,Data Dragon,0.0,0.0,0.0,none,0.0,,
2018,8.18,Aatrox,buff,2,Data Dragon,0.0,0.0,0.0,none,0.0,,
2018,8.18,Akali,nerf,2,Data Dragon,0.0,0.0,0.0,none,0.0,,
2018,8.18,Braum,nerf,1,Data Dragon,0.0,1.0,0.0,down,-1.0,stats:hp-,
2018,8.18,Kai'Sa,nerf,1,Data Dragon,0.0,0.0,0.0,none,0.0,,
2018,8.18,Lucian,buff,1,Data Dragon,1.0,0.0,0.0,up,1.0,Q:effect2+,
2018,8.18,Renekton,buff,2,Data Dragon,2.0,0.0,0.0,up,1.0,E:effect2+; E:effect3+,
2018,8.18,Ryze,nerf,2,Data Dragon,0.0,2.0,0.0,down,-1.0,E:effect3-; E:effect6-,
2018,8.18,Sejuani,nerf,2,Data Dragon,0.0,2.0,0.0,down,-1.0,E:effect3-; R:effect5-,
2018,8.18,Trundle,nerf,2,Data Dragon,0.0,1.0,1.0,down,-1.0,E:cooldown-; E:effect2~,
2018,8.18,Vayne,buff,2,Data Dragon,1.0,0.0,0.0,up,1.0,Q:cooldown+,
2018,8.18,Viktor,buff,1,Data Dragon,0.0,0.0,0.0,none,0.0,,
2018,8.18,Nunu & Willump,bugfix,0,Data Dragon,0.0,0.0,0.0,none,0.0,,
2018,8.19,Darius,buff,2,Data Dragon,2.0,0.0,0.0,up,1.0,E:effect1+; W:effect4+,
2018,8.19,Elise,buff,2,Data Dragon,0.0,1.0,0.0,down,-1.0,E:effect3-,
2018,8.19,Fiora,buff,1,Data Dragon,0.0,0.0,0.0,none,0.0,,
2018,8.19,Jarvan IV,buff,2,Data Dragon,0.0,0.0,0.0,none,0.0,,
2018,8.19,Janna,buff,1,Data Dragon,0.0,0.0,0.0,none,0.0,,
2018,8.19,Kha'Zix,buff,2,Data Dragon,2.0,0.0,0.0,up,1.0,W:effect3+; W:effect7+,
2018,8.19,Kog'Maw,buff,2,Data Dragon,3.0,0.0,0.0,up,1.0,R:effect2+; R:range+; stats:movespeed+,
2018,8.19,Nunu & Willump,buff,2,Data Dragon,2.0,0.0,2.0,up,1.0,E:vara1+; E:vara2~; Q:vara1+; Q:vara2~,
2018,8.19,Pyke,buff,2,Data Dragon,1.0,1.0,0.0,mixed,0.0,R:effect1+; R:effect3-,
2018,8.19,Tahm Kench,nerf,2,Data Dragon,1.0,1.0,0.0,mixed,0.0,stats:hp-; stats:hpperlevel+,
2018,8.19,Thresh,buff,2,Data Dragon,2.0,0.0,0.0,up,1.0,Q:cooldown+; Q:cost+,
2018,8.19,Draven,bugfix,0,Data Dragon,0.0,0.0,0.0,none,0.0,,
2019,9.16,Pantheon,rework,0,CommunityDragon,8.0,10.0,150.0,mixed,-0.1111111111111111,PantheonBasicAttack3:castRadius~; PantheonBasicAttack3:castRange~; PantheonBasicAttack3:cooldownTime~; PantheonBasicAttack3:missileSpeed~; PantheonE2:castRadius~; PantheonE2:castRange~; PantheonE2:cooldownTime~; PantheonE2:mCoefficient~; PantheonE2:missileSpeed~; PantheonE:AttacksPerSecond~; PantheonE:EmpoweredShieldDuration~; PantheonE:MinionDamageReduction~,
2019,9.16,Azir,nerf,2,CommunityDragon,0.0,1.0,0.0,down,-1.0,AzirQWrapper:cooldownTime-,
2019,9.16,Corki,nerf,2,CommunityDragon,0.0,2.0,0.0,down,-1.0,stats:baseDamage-; stats:damagePerLevel-,
2019,9.16,Dr. Mundo,buff,2,CommunityDragon,2.0,0.0,0.0,up,1.0,BurningAgony:effect4+; Masochism:cooldownTime+,
2019,9.16,Ekko,buff,2,CommunityDragon,2.0,0.0,0.0,up,1.0,EkkoE:effect0+; EkkoR:cooldownTime+,
2019,9.16,Ezreal,nerf,2,CommunityDragon,0.0,2.0,0.0,down,-1.0,EzrealE:cooldownTime-; EzrealQ:mCoefficient2-,
2019,9.16,Fiora,buff,2,CommunityDragon,2.0,0.0,0.0,up,1.0,FioraE:cooldownTime+; FioraE:effect3+,
2019,9.16,Jax,buff,1,CommunityDragon,1.0,0.0,0.0,up,1.0,JaxLeapStrike:cooldownTime+,
2019,9.16,Kassadin,buff,2,CommunityDragon,1.0,0.0,0.0,up,1.0,NetherBlade:effect2+,
2019,9.16,LeBlanc,buff,2,CommunityDragon,2.0,0.0,0.0,up,1.0,LeblancQ:mCoefficient+; LeblancQ:mCoefficient2+,
2019,9.16,Lux,buff,2,CommunityDragon,1.0,0.0,0.0,up,1.0,LuxPrismaticWave:effect1+,
2019,9.16,Nocturne,buff,2,CommunityDragon,6.0,0.0,0.0,up,1.0,NocturneShroudofDarkness:effect0+; NocturneShroudofDarkness:effect1+; stats:baseArmor+; stats:baseHP+; stats:resource.arBase+; stats:resource.arBaseStaticRegen+,
2019,9.16,Riven,nerf,2,CommunityDragon,0.0,1.0,0.0,down,-1.0,RivenTriCleave:cooldownTime-,
2019,9.16,Sejuani,nerf,3,CommunityDragon,2.0,3.0,0.0,mixed,-0.2,SejuaniPassive:BonusArmorBase-; SejuaniPassive:BonusArmorRatio+; SejuaniPassive:BonusMRBase-; SejuaniPassive:BonusMRRatio+; SejuaniQ:cooldownTime-,
2019,9.16,Shen,buff,2,CommunityDragon,2.0,0.0,0.0,up,1.0,ShenE:effect1+; ShenQ:effect5+,
2019,9.16,Singed,buff,2,CommunityDragon,4.0,1.0,0.0,mixed,0.6,InsanityPotion:StatAmount+; stats:attackSpeedPerLevel+; stats:baseDamage+; stats:resource.arBase+; stats:resource.arBaseStaticRegen-,
2019,9.16,Sion,buff,2,CommunityDragon,5.0,1.0,0.0,mixed,0.6666666666666666,SionQ:effect0+; SionQ:effect3+; SionQ:effect8+; stats:baseHP+; stats:resource.arBase+; stats:resource.arBaseStaticRegen-,
2019,9.16,Sivir,nerf,2,CommunityDragon,0.0,1.0,0.0,down,-1.0,SivirW:BounceADRatio-,
2019,9.16,Sylas,nerf,1,CommunityDragon,0.0,0.0,0.0,none,0.0,,
2019,9.16,Syndra,buff,2,CommunityDragon,3.0,0.0,0.0,up,1.0,SyndraE5:effect0+; SyndraE:effect0+; SyndraQ:effect4+,
2019,9.16,Tahm Kench,nerf,2,CommunityDragon,0.0,2.0,0.0,down,-1.0,TahmKenchE:effect0-; stats:baseMoveSpeed-,
2019,9.16,Yuumi,nerf,2,CommunityDragon,0.0,3.0,1.0,down,-1.0,YuumiQ:EmpoweredMissileBaseDamage-; YuumiQ:SlowAmount-; YuumiQ:SlowDuration~; YuumiQ:cooldownTime-,
2019,9.16,Ziggs,buff,2,CommunityDragon,4.0,0.0,1.0,up,1.0,ZiggsR:cooldownTime~; ZiggsW:cooldownTime+; ZiggsW:mCoefficient+; ZiggsWToggle:cooldownTime+; ZiggsWToggle:mCoefficient+,
2019,9.16,Darius,bugfix,0,CommunityDragon,0.0,0.0,4.0,reshaped,0.0,DariusHemoMarker:castRadius~; DariusHemoMarker:castRange~; DariusHemoMarker:cooldownTime~; DariusHemoMarker:mana~,
2019,9.16,Gnar,bugfix,0,CommunityDragon,0.0,0.0,0.0,none,0.0,,
2019,9.16,Karma,bugfix,0,CommunityDragon,0.0,0.0,0.0,none,0.0,,
2019,9.16,Katarina,bugfix,0,CommunityDragon,0.0,0.0,0.0,none,0.0,,
2019,9.16,Lee Sin,bugfix,0,CommunityDragon,0.0,0.0,0.0,none,0.0,,
2019,9.16,Malzahar,bugfix,0,CommunityDragon,0.0,0.0,0.0,none,0.0,,
2019,9.16,Master Yi,bugfix,0,CommunityDragon,0.0,0.0,0.0,none,0.0,,
2019,9.16,Nautilus,bugfix,0,CommunityDragon,0.0,0.0,0.0,none,0.0,,
2019,9.16,Orianna,bugfix,0,CommunityDragon,0.0,0.0,0.0,none,0.0,,
2019,9.16,Poppy,bugfix,0,CommunityDragon,0.0,0.0,0.0,none,0.0,,
2019,9.16,Twitch,bugfix,0,CommunityDragon,0.0,0.0,0.0,none,0.0,,
2019,9.16,Xayah,bugfix,0,CommunityDragon,0.0,0.0,0.0,none,0.0,,
2019,9.17,Aurelion Sol,rework,0,CommunityDragon,4.0,3.0,5.0,mixed,0.14285714285714285,AurelionSolE:castRange+; AurelionSolE:cooldownTime-; AurelionSolE:effect2+; AurelionSolE:effect3+; AurelionSolQ:cooldownTime~; AurelionSolQ:effect1+; AurelionSolW:cooldownTime~; AurelionSolW:mana-; AurelionSolWToggleOff:DamageMultiplier~; AurelionSolWToggleOff:ManaCost~; AurelionSolWToggleOff:StarBaseDamageIncrease~; AurelionSolWToggleOff:cooldownTime-,
2019,9.17,Kayle,rework,0,CommunityDragon,7.0,5.0,3.0,mixed,0.16666666666666666,KayleE:ActiveExecutePercent-; KaylePassive:EnrageASPerStackUpgrade-; KaylePassive:FinalAttackRange~; KaylePassive:MSTowardsEnemy-; KaylePassive:UpgradedAttackRange-; KayleQ:CastDelay+; KayleQ:ManaRefundPercent~; KayleQ:MissileSpawnOffset~; KayleQ:ShredDuration+; KayleQ:ShredPercent-; KayleQ:castRange+; KayleQMis:castRange+,
2019,9.17,Galio,buff,2,CommunityDragon,5.0,0.0,0.0,up,1.0,GalioQ:cooldownTime+; GalioW2:effect0+; GalioW2:effect1+; GalioW2:effect2+; stats:resource.arBaseStaticRegen+,
2019,9.17,Kalista,buff,2,CommunityDragon,3.0,0.0,0.0,up,1.0,stats:baseDamage+; stats:resource.arBase+; stats:resource.arPerLevel+,
2019,9.17,Leona,buff,1,CommunityDragon,1.0,0.0,0.0,up,1.0,LeonaShieldOfDaybreak:cooldownTime+,
2019,9.17,Lucian,buff,1,CommunityDragon,1.0,0.0,0.0,up,1.0,stats:baseDamage+,
2019,9.17,Neeko,buff,1,CommunityDragon,0.0,0.0,0.0,none,0.0,,
2019,9.17,Pantheon,buff,2,unavailable,,,,,,,hotfix in preceding patch
2019,9.17,Qiyana,nerf,2,CommunityDragon,0.0,2.0,0.0,down,-1.0,QiyanaE:BaseDamage-; QiyanaR:cooldownTime-,
2019,9.17,Ryze,buff,1,CommunityDragon,1.0,0.0,0.0,up,1.0,stats:baseSpellBlock+,
2019,9.17,Zyra,buff,2,CommunityDragon,1.0,0.0,2.0,up,1.0,ZyraR:cooldownTime~; ZyraR:effect2+; ZyraR:mana~,
2019,9.17,Soraka,bugfix,0,CommunityDragon,0.0,0.0,0.0,none,0.0,,
2019,9.17,Camille,bugfix,0,CommunityDragon,0.0,0.0,0.0,none,0.0,,
2019,9.17,Fiddlesticks,bugfix,0,CommunityDragon,0.0,0.0,0.0,none,0.0,,
2019,9.17,Graves,bugfix,0,CommunityDragon,0.0,0.0,0.0,none,0.0,,
2019,9.17,Malphite,bugfix,0,CommunityDragon,0.0,0.0,0.0,none,0.0,,
2019,9.17,Thresh,bugfix,0,CommunityDragon,0.0,0.0,0.0,none,0.0,,
2019,9.17,Zac,bugfix,0,CommunityDragon,0.0,0.0,0.0,none,0.0,,
2019,9.17,Rek'Sai,bugfix,0,CommunityDragon,0.0,0.0,0.0,none,0.0,,
2019,9.17,Viktor,bugfix,0,CommunityDragon,0.0,0.0,0.0,none,0.0,,
2019,9.17,Lee Sin,bugfix,0,CommunityDragon,0.0,0.0,0.0,none,0.0,,
2019,9.17,Sylas,bugfix,0,CommunityDragon,0.0,0.0,0.0,none,0.0,,
2019,9.17,Sivir,bugfix,0,CommunityDragon,0.0,0.0,0.0,none,0.0,,
2019,9.17,Mordekaiser,bugfix,0,CommunityDragon,0.0,0.0,0.0,none,0.0,,
2019,9.17,Tahm Kench,bugfix,0,CommunityDragon,0.0,0.0,0.0,none,0.0,,
2019,9.18,Aatrox,nerf,2,CommunityDragon,0.0,0.0,1.0,reshaped,0.0,AatroxPassive:PHealingMinionMod~,
2019,9.18,Akali,nerf,3,CommunityDragon,0.0,1.0,1.0,down,-1.0,AkaliR:R2BaseDamage~; AkaliR:cooldownTime-,
2019,9.18,Annie,adjust,0,CommunityDragon,0.0,1.0,3.0,down,-1.0,AnnieE:DamageReduction-; AnnieE:MovementSpeed~; AnnieE:MovementSpeedDuration~; AnnieE:cooldownTime~,
2019,9.18,Aurelion Sol,buff,1,CommunityDragon,1.0,0.0,0.0,up,1.0,stats:baseHP+,
2019,9.18,Caitlyn,buff,1,CommunityDragon,1.0,0.0,0.0,up,1.0,stats:baseDamage+,
2019,9.18,Ekko,buff,2,CommunityDragon,2.0,0.0,0.0,up,1.0,EkkoW:effect1+; EkkoW:mana+,
2019,9.18,Evelynn,buff,2,CommunityDragon,2.0,0.0,0.0,up,1.0,EvelynnR:CritMultiplier+; EvelynnR:effect1+,
2019,9.18,Jhin,buff,1,CommunityDragon,1.0,0.0,0.0,up,1.0,stats:baseDamage+,
2019,9.18,Kai'Sa,nerf,2,CommunityDragon,0.0,1.0,0.0,down,-1.0,KaisaE:effect4-,
2019,9.18,Kayle,buff,1,CommunityDragon,1.0,0.0,0.0,up,1.0,KayleE:Passive Damage+,
2019,9.18,Lee Sin,buff,2,CommunityDragon,3.0,0.0,0.0,up,1.0,BlindMonkRKick:BaseDamage+; stats:baseDamage+; stats:baseHP+,
2019,9.18,Miss Fortune,buff,1,CommunityDragon,1.0,0.0,0.0,up,1.0,MissFortuneScattershot:effect1+,
2019,9.18,Nunu & Willump,nerf,2,CommunityDragon,0.0,5.0,0.0,down,-1.0,NunuE:SlowAmount-; stats:armorPerLevel-; stats:hpPerLevel-; stats:resource.arBase-; stats:resource.arBaseStaticRegen-,
2019,9.18,Teemo,buff,2,CommunityDragon,1.0,0.0,50.0,up,1.0,BlindingDart:APRatio~; BlindingDart:BaseDamage~; BlindingDart:BlindDuration~; BlindingDart:MissChance~; BlindingDart:effect0~; BlindingDart:effect1~; BlindingDart:effect2~; BlindingDart:mCoefficient~; MoveQuick:ActiveMSBonus~; MoveQuick:CooldownOnDamageTaken~; MoveQuick:MSBuffDuration~; MoveQuick:PassiveMSBonus~,
2019,9.18,Warwick,buff,2,CommunityDragon,0.0,0.0,0.0,none,0.0,,
2019,9.18,Xayah,nerf,2,CommunityDragon,0.0,2.0,0.0,down,-1.0,XayahR:cooldownTime-; stats:baseArmor-,
2019,9.18,Zoe,buff,2,CommunityDragon,0.0,0.0,0.0,none,0.0,,
2019,9.18,Jayce,bugfix,0,CommunityDragon,0.0,0.0,0.0,none,0.0,,
2019,9.18,Pantheon,bugfix,0,CommunityDragon,0.0,0.0,0.0,none,0.0,,
2019,9.18,Kindred,bugfix,0,CommunityDragon,0.0,0.0,0.0,none,0.0,,
2019,9.18,Tahm Kench,bugfix,0,CommunityDragon,0.0,0.0,0.0,none,0.0,,
2019,9.18,Shaco,bugfix,0,CommunityDragon,0.0,0.0,0.0,none,0.0,,
2019,9.18,Diana,bugfix,0,CommunityDragon,0.0,0.0,0.0,none,0.0,,
2019,9.18,Jinx,bugfix,0,CommunityDragon,0.0,0.0,0.0,none,0.0,,
2019,9.18,Taliyah,bugfix,0,CommunityDragon,0.0,0.0,0.0,none,0.0,,
2019,9.18,Illaoi,bugfix,0,CommunityDragon,0.0,0.0,0.0,none,0.0,,
2019,9.18,Bard,bugfix,0,CommunityDragon,0.0,0.0,0.0,none,0.0,,
2019,9.18,Karthus,bugfix,0,CommunityDragon,0.0,0.0,0.0,none,0.0,,
2019,9.19,Aatrox,buff,1,CommunityDragon,0.0,0.0,0.0,none,0.0,,
2019,9.19,Akali,buff,1,CommunityDragon,0.0,0.0,1.0,reshaped,0.0,AkaliR:R2BaseDamage~,
2019,9.19,Annie,buff,2,CommunityDragon,1.0,0.0,0.0,up,1.0,AnnieE:cooldownTime+,
2019,9.19,Ashe,buff,2,CommunityDragon,0.0,0.0,0.0,none,0.0,,
2019,9.19,Blitzcrank,buff,2,CommunityDragon,1.0,0.0,6.0,up,1.0,RocketGrab:BaseDamage~; RocketGrabMissile:castRange+; RocketGrabMissile:effect0~; RocketGrabMissile:mCoefficient~; StaticField:MaxStacks~; StaticField:Zap Countdown~; StaticField:ZapCountdown~,
2019,9.19,Fiora,buff,2,CommunityDragon,0.0,0.0,0.0,none,0.0,,
2019,9.19,Gragas,nerf,2,CommunityDragon,0.0,2.0,0.0,down,-1.0,GragasW:cooldownTime-; GragasW:effect1-,
2019,9.19,Graves,buff,1,CommunityDragon,4.0,0.0,0.0,up,1.0,stats:baseDamage+; stats:baseHP+; stats:resource.arBase+; stats:resource.arBaseStaticRegen+,
2019,9.19,Heimerdinger,buff,2,CommunityDragon,1.0,0.0,0.0,up,1.0,HeimerdingerE:StunDuration+,
2019,9.19,Karma,nerf,2,CommunityDragon,0.0,1.0,0.0,down,-1.0,KarmaQ:mCoefficient-,
2019,9.19,Mordekaiser,buff,1,CommunityDragon,1.0,0.0,0.0,up,1.0,MordekaiserW:DamageConversion+,
2019,9.19,Orianna,buff,2,CommunityDragon,1.0,0.0,0.0,up,1.0,OrianaDetonateCommand:Damage+,
2019,9.19,Ornn,buff,1,CommunityDragon,0.0,0.0,2.0,reshaped,0.0,OrnnR:RStunDuration~; OrnnR:RStunReduction~,
2019,9.19,Pantheon,nerf,1,CommunityDragon,0.0,2.0,0.0,down,-1.0,PantheonE:RecastLockout-; stats:baseSpellBlock-,
2019,9.19,Rek'Sai,buff,2,CommunityDragon,1.0,0.0,0.0,up,1.0,stats:baseArmor+,
2019,9.19,Riven,adjust,0,CommunityDragon,1.0,1.0,0.0,mixed,0.0,RivenFeint:cooldownTime+; RivenTriCleave:cooldownTime-,
2019,9.19,Sejuani,nerf,2,CommunityDragon,0.0,0.0,0.0,none,0.0,,
2019,9.19,Sion,buff,2,CommunityDragon,1.0,0.0,0.0,up,1.0,SionW:effect0+,
2019,9.19,Sylas,nerf,3,CommunityDragon,0.0,2.0,7.0,down,-1.0,SylasE:KnockUpDuration~; SylasPassive:AoEDamageReduction~; SylasQ:DetonationDelay~; SylasQ:MinionMod~; SylasQ:MinionMonsterMod~; SylasQ:mCoefficient~; SylasQ:mCoefficient2~; stats:armorPerLevel-; stats:baseArmor-,
2019,9.19,Tahm Kench,nerf,2,CommunityDragon,0.0,0.0,1.0,reshaped,0.0,TahmKenchE:effect1~,
2019,9.19,Twisted Fate,buff,2,CommunityDragon,2.0,0.0,0.0,up,1.0,CardmasterStack:effect0+; CardmasterStack:effect2+,
2019,9.19,Vayne,buff,2,CommunityDragon,1.0,0.0,0.0,up,1.0,VayneInquisition:BonusAttackDamage+,
2019,9.19,Veigar,buff,1,CommunityDragon,1.0,0.0,0.0,up,1.0,VeigarEventHorizon:cooldownTime+,
2019,9.19,Xin Zhao,buff,2,CommunityDragon,1.0,0.0,0.0,up,1.0,XinZhaoQ:effect0+,
2019,9.19,Yuumi,nerf,2,CommunityDragon,0.0,2.0,0.0,down,-1.0,YuumiQ:SlowAmount-; YuumiQ:SlowDuration-,
2019,9.19,Zac,buff,1,CommunityDragon,0.0,0.0,2.0,reshaped,0.0,ZacPassiveChunkDrop:ReviveCooldown~; ZacR:AdditionalChunkHealing~,
2019,9.19,Kayle,bugfix,0,CommunityDragon,0.0,0.0,0.0,none,0.0,,
2019,9.19,Rakan,bugfix,0,CommunityDragon,0.0,0.0,0.0,none,0.0,,
2019,9.19,Illaoi,bugfix,0,CommunityDragon,0.0,0.0,0.0,none,0.0,,
2019,9.19,Shyvana,bugfix,0,CommunityDragon,0.0,0.0,0.0,none,0.0,,
2019,9.19,Yasuo,bugfix,0,CommunityDragon,0.0,0.0,0.0,none,0.0,,
2020,10.17,Aatrox,buff,1,unavailable,,,,,,,no snapshot
2020,10.17,Caitlyn,nerf,1,unavailable,,,,,,,no snapshot
2020,10.17,Evelynn,nerf,1,unavailable,,,,,,,no snapshot
2020,10.17,Gragas,buff,1,unavailable,,,,,,,no snapshot
2020,10.17,Hecarim,nerf,1,unavailable,,,,,,,no snapshot
2020,10.17,Kai'Sa,buff,2,unavailable,,,,,,,no snapshot
2020,10.17,Lux,nerf,2,unavailable,,,,,,,no snapshot
2020,10.17,Qiyana,nerf,2,unavailable,,,,,,,no snapshot
2020,10.17,Sona,nerf,2,unavailable,,,,,,,no snapshot
2020,10.17,Varus,buff,1,unavailable,,,,,,,no snapshot
2020,10.17,Xayah,buff,1,unavailable,,,,,,,no snapshot
2020,10.17,Yone,nerf,2,unavailable,,,,,,,no snapshot
2020,10.18,Ahri,rework,0,unavailable,,,,,,,no snapshot
2020,10.18,Anivia,bugfix,0,unavailable,,,,,,,no snapshot
2020,10.18,Ashe,nerf,1,unavailable,,,,,,,no snapshot
2020,10.18,Caitlyn,bugfix,0,unavailable,,,,,,,no snapshot
2020,10.18,Fiora,bugfix,0,unavailable,,,,,,,no snapshot
2020,10.18,Galio,nerf,1,unavailable,,,,,,,no snapshot
2020,10.18,Garen,bugfix,0,unavailable,,,,,,,no snapshot
2020,10.18,Graves,bugfix,0,unavailable,,,,,,,no snapshot
2020,10.18,Jarvan IV,buff,1,unavailable,,,,,,,no snapshot
2020,10.18,Kayle,buff,2,unavailable,,,,,,,no snapshot
2020,10.18,Kha'Zix,bugfix,0,unavailable,,,,,,,no snapshot
2020,10.18,Kled,bugfix,0,unavailable,,,,,,,no snapshot
2020,10.18,Kog'Maw,nerf,1,unavailable,,,,,,,no snapshot
2020,10.18,Lux,bugfix,0,unavailable,,,,,,,no snapshot
2020,10.18,Miss Fortune,buff,2,unavailable,,,,,,,no snapshot
2020,10.18,Nami,bugfix,0,unavailable,,,,,,,no snapshot
2020,10.18,Pyke,bugfix,0,unavailable,,,,,,,no snapshot
2020,10.18,Riven,bugfix,0,unavailable,,,,,,,no snapshot
2020,10.18,Rumble,buff,1,unavailable,,,,,,,no snapshot
2020,10.18,Sett,nerf,3,unavailable,,,,,,,no snapshot
2020,10.18,Shen,nerf,1,unavailable,,,,,,,no snapshot
2020,10.18,Shyvana,adjust,0,unavailable,,,,,,,no snapshot
2020,10.18,Teemo,bugfix,0,unavailable,,,,,,,no snapshot
2020,10.18,Tryndamere,bugfix,0,unavailable,,,,,,,no snapshot
2020,10.18,Twitch,buff,2,unavailable,,,,,,,no snapshot
2020,10.18,Xin Zhao,buff,2,unavailable,,,,,,,no snapshot
2020,10.18,Yone,bugfix,0,unavailable,,,,,,,no snapshot
2020,10.18,Zed,bugfix,0,unavailable,,,,,,,no snapshot
2020,10.19,Ahri,buff,2,unavailable,,,,,,,hotfix in preceding patch
2020,10.19,Akali,nerf,1,CommunityDragon,0.0,1.0,0.0,down,-1.0,AkaliQ:BaseDamageNamed-,
2020,10.19,Aphelios,buff,1,CommunityDragon,1.0,0.0,0.0,up,1.0,stats:damagePerLevel+,
2020,10.19,Azir,nerf,1,CommunityDragon,0.0,2.0,0.0,down,-1.0,AzirW:effect2-; AzirW:effect6-,
2020,10.19,Caitlyn,nerf,2,CommunityDragon,0.0,2.0,0.0,down,-1.0,stats:attackSpeedPerLevel-; stats:baseDamage-,
2020,10.19,Irelia,buff,2,CommunityDragon,2.0,0.0,0.0,up,1.0,IreliaR:BaseMissileDamage+; IreliaR:BaseZoneDamage+,
2020,10.19,Ivern,buff,1,CommunityDragon,1.0,0.0,3.0,up,1.0,IvernE:effect2+; IvernP:LevelForBuffShare~; IvernP:PickupDuration~; IvernP:castRange~,
2020,10.19,Lucian,nerf,1,CommunityDragon,0.0,1.0,0.0,down,-1.0,stats:damagePerLevel-,
2020,10.19,Nautilus,bugfix,0,CommunityDragon,0.0,0.0,0.0,none,0.0,,
2020,10.19,Senna,nerf,2,CommunityDragon,0.0,1.0,0.0,down,-1.0,SennaPassive:SoulDropPercentChanceOnSennaKill-,
2020,10.19,Sivir,buff,1,CommunityDragon,0.0,0.0,0.0,none,0.0,,
2020,10.19,Sylas,buff,2,CommunityDragon,1.0,0.0,0.0,up,1.0,SylasR:cooldownTime+,
2020,10.19,Twisted Fate,nerf,1,CommunityDragon,0.0,1.0,0.0,down,-1.0,stats:baseMoveSpeed-,
2020,10.19,Udyr,buff,2,CommunityDragon,2.0,0.0,10.0,up,1.0,UdyrPassiveMonkeyAgility:ASBonus~; UdyrPassiveMonkeyAgility:BuffDuration~; UdyrPassiveMonkeyAgility:GlobalCD~; UdyrPassiveMonkeyAgility:MSBonus~; UdyrPassiveMonkeyAgility:MaxStacks~; UdyrPassiveMonkeyAgility:castRange~; UdyrPassiveMonkeyAgility:effect0~; UdyrPassiveMonkeyAgility:effect1~; UdyrPassiveMonkeyAgility:effect2~; UdyrPassiveMonkeyAgility:effect3~; UdyrPhoenixStance:ConeAPRatio+; UdyrPhoenixStance:ConeDamage+,
2020,10.19,Vayne,buff,1,CommunityDragon,1.0,0.0,0.0,up,1.0,VayneInquisition:BonusAttackDamage+,
2021,11.16,Akshan,nerf,1,unavailable,,,,,,,hotfix in preceding patch
2021,11.16,Diana,nerf,1,CommunityDragon,0.0,1.0,0.0,down,-1.0,DianaPassive:MonsterMod-,
2021,11.16,Fiora,nerf,2,CommunityDragon,0.0,1.0,0.0,down,-1.0,FioraE:cooldownTime-,
2021,11.16,Jarvan IV,buff,2,CommunityDragon,1.0,0.0,0.0,up,1.0,JarvanIVCataclysm:calcDamageCalc/mFormulaParts/1/mCoefficient+,
2021,11.16,Jhin,buff,2,CommunityDragon,2.0,0.0,0.0,up,1.0,JhinR:calcDamageCalc/mFormulaParts/1/mCoefficient+; JhinW:BaseDamage+,
2021,11.16,Karma,adjust,0,CommunityDragon,3.0,2.0,4.0,mixed,0.2,KarmaMantra:effect0+; KarmaPassive:BasicAttackMantraRefund~; KarmaPassive:calcSpellMantraRefund/mFormulaParts/0/mLevel1Value~; KarmaPassive:calcSpellMantraRefund/mFormulaParts/0/mNumber~; KarmaQ:cooldownTime~; KarmaQ:effect0-; KarmaQ:mana+; KarmaSolKimShield:effect0+; KarmaSolKimShield:effect2-,
2021,11.16,Lee Sin,nerf,2,CommunityDragon,0.0,1.0,0.0,down,-1.0,BlindMonkWOne:effect1-,
2021,11.16,Lulu,nerf,2,CommunityDragon,0.0,1.0,1.0,down,-1.0,LuluR:cooldownTime~; LuluW:cooldownTime-,
2021,11.16,Maokai,adjust,0,CommunityDragon,1.0,3.0,5.0,mixed,-0.5,MaokaiE:EmpoweredBaseDamage-; MaokaiE:calcUnempoweredPercentHealth/mFormulaParts/1/mCoefficient-; MaokaiE:effect0-; MaokaiPassive:calcPassiveHealingTotal/mFormulaParts/1/mSubpart/mLevel1Value+; MaokaiPassive:calc{7797e259}/mMultiplier/mCoefficient~; MaokaiPassive:calc{ab7c3d4b}/mFormulaParts/0/mEndValue~; MaokaiPassive:calc{ab7c3d4b}/mFormulaParts/0/mStartValue~; MaokaiPassive:calc{f980dc6f}/mFormulaParts/0/mEndValue~; MaokaiPassive:calc{f980dc6f}/mFormulaParts/0/mStartValue~,
2021,11.16,Nunu & Willump,buff,2,CommunityDragon,2.0,0.0,0.0,up,1.0,NunuE:calcTotalSnowballDamage/mFormulaParts/1/mCoefficient+; stats:baseMoveSpeed+,
2021,11.16,Shaco,buff,1,CommunityDragon,0.0,0.0,0.0,none,0.0,,
2021,11.16,Sivir,buff,2,CommunityDragon,1.0,0.0,0.0,up,1.0,SivirW:BounceADRatio+,
2021,11.16,Sona,rework,0,CommunityDragon,4.0,0.0,156.0,up,1.0,SonaE:AllyBaseMovementSpeed~; SonaE:AllyMovementSpeedDuration~; SonaE:AuraDuration~; SonaE:AuraRange~; SonaE:BaseGlobalCD~; SonaE:ManaRefund~; SonaE:SelfBaseMovementSpeed~; SonaE:SelfMovementSpeedDurationMax~; SonaE:SelfMovementSpeedDurationMin~; SonaE:TempoDuration~; SonaE:calcAllyMS/mFormulaParts/1/mCoefficient~; SonaE:calcTotalMSTT/mFormulaParts/1/mCoefficient~,
2021,11.16,Tahm Kench,nerf,2,CommunityDragon,0.0,2.0,0.0,down,-1.0,TahmKenchPassive:calcTotalDamage/mFormulaParts/0/mLevel1Value-; TahmKenchQ:BaseHeal-,
2021,11.16,Tryndamere,bugfix,0,CommunityDragon,0.0,0.0,0.0,none,0.0,,
2021,11.16,Vladimir,buff,2,CommunityDragon,3.0,2.0,7.0,mixed,0.2,VladimirBloodGorged:calcApproximateAPBonusAvoidingRecursion/mFormulaParts/0/mPart1/mSubparts/1/mCoefficient~; VladimirBloodGorged:calcApproximateAPBonusAvoidingRecursion/mFormulaParts/0/mPart1/mSubparts/1/mPart2/mCoefficient~; VladimirBloodGorged:calcApproximateAPBonusAvoidingRecursion/mFormulaParts/0/mPart2/mPart1/mNumber-; VladimirBloodGorged:calcApproximateAPBonusAvoidingRecursion/mFormulaParts/0/mPart2/mPart2/mNumber+; VladimirBloodGorged:calcApproximateAPBonusAvoidingRecursion/mMultiplier/mNumber~; VladimirBloodGorged:calcApproximateHPBonusAvoidingRecursion/mFormulaParts/0/mPart1/mSubparts/1/mCoefficient~; VladimirBloodGorged:calcApproximateHPBonusAvoidingRecursion/mFormulaParts/0/mPart1/mSubparts/1/mPart1/mPart1/mNumber~; VladimirBloodGorged:calcApproximateHPBonusAvoidingRecursion/mFormulaParts/0/mPart1/mSubparts/1/mPart1/mPart2/mNumber~; VladimirBloodGorged:calcApproximateHPBonusAvoidingRecursion/mFormulaParts/0/mPart1/mSubparts/1/mPart2/mCoefficient~; VladimirBloodGorged:calcApproximateHPBonusAvoidingRecursion/mFormulaParts/0/mPart2/mPart1/mNumber+; VladimirBloodGorged:effect0-; VladimirBloodGorged:effect1+,
2021,11.16,Warwick,bugfix,0,CommunityDragon,0.0,0.0,0.0,none,0.0,,
2021,11.16,Xin Zhao,nerf,1,CommunityDragon,0.0,1.0,0.0,down,-1.0,stats:baseDamage-,
2021,11.16,Ziggs,adjust,0,CommunityDragon,1.0,1.0,1.0,mixed,0.0,ZiggsE:effect0~; ZiggsE:effect1-; stats:resource.arBase+,
2021,11.17,Akshan,adjust,0,unavailable,,,,,,,hotfix in preceding patch
2021,11.17,Amumu,buff,3,CommunityDragon,4.0,5.0,2.0,mixed,-0.1111111111111111,AuraofDespair:effect0-; AuraofDespair:effect1+; BandageToss:calcTotalDamage/mFormulaParts/1/mCoefficient+; BandageToss:cooldownTime+; BandageToss:effect0-; BandageToss:mAmmoRechargeTime~; BandageToss:mCoefficient+; BandageToss:mMaxAmmo~; CurseoftheSadMummy:RDuration-; stats:armorPerLevel-; stats:hpPerLevel-,
2021,11.17,Dr. Mundo,bugfix,0,CommunityDragon,0.0,0.0,0.0,none,0.0,,
2021,11.17,Ekko,buff,2,CommunityDragon,1.0,0.0,0.0,up,1.0,EkkoPassive:effect1+,
2021,11.17,Evelynn,buff,1,CommunityDragon,1.0,0.0,0.0,up,1.0,EvelynnR:cooldownTime+,
2021,11.17,Gangplank,adjust,0,CommunityDragon,1.0,1.0,5.0,mixed,0.0,GangplankE:CritAmpPerc~; GangplankE:effect0+; GangplankE:mAmmoRechargeTime-; GangplankPassive:MoveSpeed~; GangplankPassive:OldMoveSpeed~; GangplankPassive:calcMoveSpeed/mFormulaParts/0/mEndValue~; GangplankPassive:calcMoveSpeed/mFormulaParts/0/mStartValue~,
2021,11.17,Graves,nerf,1,CommunityDragon,0.0,1.0,0.0,down,-1.0,GravesQLineSpell:mana-,
2021,11.17,Irelia,nerf,1,CommunityDragon,0.0,1.0,0.0,down,-1.0,IreliaQ:HealTADCoefficient-,
2021,11.17,Kalista,bugfix,0,CommunityDragon,0.0,0.0,0.0,none,0.0,,
2021,11.17,Kassadin,bugfix,0,CommunityDragon,0.0,0.0,0.0,none,0.0,,
2021,11.17,Kayn,nerf,2,CommunityDragon,0.0,4.0,0.0,down,-1.0,KaynPassive:calc{822939d7}/mFormulaParts/0/mEndValue-; KaynPassive:calc{822939d7}/mFormulaParts/0/mStartValue-; KaynPassiveAss:effect0-; KaynPassiveAss:effect3-,
2021,11.17,Leona,nerf,1,CommunityDragon,0.0,2.0,0.0,down,-1.0,LeonaSolarBarrier:effect1-; LeonaSolarBarrier:effect3-,
2021,11.17,Lissandra,buff,1,CommunityDragon,2.0,0.0,0.0,up,1.0,LissandraQ:mana+; stats:baseDamage+,
2021,11.17,Lucian,adjust,0,CommunityDragon,2.0,3.0,16.0,mixed,-0.2,LucianPAttributionMissile2:castRange~; LucianPAttributionMissile2:cooldownTime~; LucianPAttributionMissile2:missileSpeed~; LucianPAttributionMissile:castRange~; LucianPAttributionMissile:cooldownTime~; LucianPAttributionMissile:missileSpeed~; LucianPassive:MaxAutos~; LucianPassive:NumAuto~; LucianPassive:OnhitPassiveDuration~; LucianPassive:PassiveDamageBase~; LucianPassive:calcPassiveTotalDamage/mFormulaParts/0/mCoefficient~; LucianR:BaseDamage-,
2021,11.17,Mordekaiser,bugfix,0,CommunityDragon,0.0,0.0,0.0,none,0.0,,
2021,11.17,Nami,buff,1,CommunityDragon,2.0,0.0,0.0,up,1.0,NamiW:mana+; stats:baseHP+,
2021,11.17,Nunu & Willump,bugfix,0,CommunityDragon,0.0,0.0,0.0,none,0.0,,
2021,11.17,Senna,buff,2,CommunityDragon,1.0,1.0,0.0,mixed,0.0,SennaPassive:CritReductionPercent-; SennaPassive:SoulDropPercentChanceOnSennaKill+,
2021,11.17,Shaco,bugfix,0,CommunityDragon,0.0,0.0,0.0,none,0.0,,
2021,11.17,Sylas,bugfix,0,CommunityDragon,0.0,0.0,0.0,none,0.0,,
2021,11.17,Teemo,buff,1,CommunityDragon,1.0,0.0,0.0,up,1.0,ToxicShot:ImpactBaseDamage+,
2021,11.17,Viego,nerf,3,unavailable,,,,,,,hotfix in preceding patch
2021,11.17,Wukong,bugfix,0,CommunityDragon,0.0,0.0,0.0,none,0.0,,
2021,11.17,Xayah,buff,2,CommunityDragon,1.0,0.0,3.0,up,1.0,XayahQ:ASpeedCastTimeScalarPerHundrethSecond~; XayahQ:MinCastTime~; XayahQ:StartingCastTime~; XayahR:RBaseDamage+,
2021,11.17,Zed,nerf,2,CommunityDragon,1.0,2.0,0.0,mixed,-0.3333333333333333,ZedE:calcTotalDamage/mFormulaParts/1/mCoefficient-; ZedQ:calcTotalDamage/mFormulaParts/1/mCoefficient+; ZedR:cooldownTime-,
2021,11.18,Akshan,bugfix,0,CommunityDragon,0.0,0.0,0.0,none,0.0,,
2021,11.18,Aphelios,nerf,1,CommunityDragon,0.0,1.0,0.0,down,-1.0,stats:baseDamage-,
2021,11.18,Ashe,nerf,2,CommunityDragon,0.0,5.0,0.0,down,-1.0,Volley:cooldownTime-; VolleyRank2:cooldownTime-; VolleyRank3:cooldownTime-; VolleyRank4:cooldownTime-; VolleyRank5:cooldownTime-,
2021,11.18,Camille,nerf,2,CommunityDragon,0.0,1.0,0.0,down,-1.0,CamillePassive:calcPassiveCooldown/mFormulaParts/0/mLevel1Value-,
2021,11.18,Draven,buff,2,CommunityDragon,0.0,0.0,1.0,reshaped,0.0,DravenRCast:RPassiveStacksCoefficient~,
2021,11.18,Dr. Mundo,buff,2,CommunityDragon,1.0,1.0,1.0,mixed,0.0,DrMundoQ:MaximumMonsterDamage+; DrMundoR:MaxHealthHoT-; DrMundoR:MissingHealthHeal~,
2021,11.18,Fizz,adjust,0,CommunityDragon,1.0,6.0,2.0,mixed,-0.7142857142857143,FizzPassive:ChampAttackDamageReduction~; FizzPassive:calc{280bbbcf}/mFormulaParts/1/mCoefficient~; FizzR:BigDamage-; FizzR:MidDamage-; FizzR:SmallDamage-; FizzR:calcBigSharkDamage/mFormulaParts/1/mCoefficient-; FizzR:calcSmallSharkDamage/mFormulaParts/1/mCoefficient-; FizzR:calc{262c3c02}/mFormulaParts/1/mCoefficient-; FizzW:OnHitBuffBaseDamage+,
2021,11.18,Gangplank,buff,2,CommunityDragon,2.0,0.0,0.0,up,1.0,stats:baseHP+; stats:hpPerLevel+,
2021,11.18,Jayce,nerf,2,CommunityDragon,0.0,1.0,0.0,down,-1.0,JaycePassive:MovementSpeedDuration-,
2021,11.18,Jinx,buff,1,CommunityDragon,0.0,0.0,1.0,reshaped,0.0,JinxQ:mana~,
2021,11.18,Kai'Sa,buff,1,CommunityDragon,1.0,0.0,0.0,up,1.0,KaisaE:cooldownTime+,
2021,11.18,Kalista,nerf,1,unavailable,,,,,,,hotfix in preceding patch
2021,11.18,Karma,buff,1,CommunityDragon,2.0,0.0,0.0,up,1.0,KarmaSolKimShield:effect0+; stats:baseArmor+,
2021,11.18,Kog'Maw,buff,1,CommunityDragon,2.0,0.0,0.0,up,1.0,KogMawVoidOoze:calcTotalDamage/mFormulaParts/1/mCoefficient+; KogMawVoidOoze:mCoefficient+,
2021,11.18,Lee Sin,nerf,1,CommunityDragon,0.0,1.0,0.0,down,-1.0,stats:baseDamage-,
2021,11.18,Lillia,adjust,0,CommunityDragon,3.0,2.0,0.0,mixed,0.2,LilliaE:cooldownTime+; LilliaP:calc{b5d0316f}/mFormulaParts/0/mLevel1Value+; LilliaQ:PranceDuration+; stats:baseStaticHPRegen-; stats:hpRegenPerLevel-,
2021,11.18,Miss Fortune,buff,2,CommunityDragon,1.0,0.0,0.0,up,1.0,MissFortuneBulletTime:Waves+,
2021,11.18,Morgana,buff,1,CommunityDragon,1.0,0.0,0.0,up,1.0,MorganaE:cooldownTime+,
2021,11.18,Qiyana,adjust,0,CommunityDragon,1.0,2.0,4.0,mixed,-0.3333333333333333,QiyanaE:BaseDamage-; QiyanaQ:JungleDamageAmp~; QiyanaQ_Grass:JungleDamageAmp~; QiyanaQ_Rock:JungleDamageAmp~; QiyanaQ_Water:JungleDamageAmp~; stats:attackSpeed+; stats:baseStaticHPRegen-,
2021,11.18,Renekton,nerf,2,CommunityDragon,0.0,1.0,0.0,down,-1.0,RenektonPreExecute:effect3-,
2021,11.18,Rumble,adjust,0,CommunityDragon,1.0,0.0,3.0,up,1.0,RumbleHeatSystem:OverheatAS~; RumbleHeatSystem:calc{052ac5cd}/mFormulaParts/0/mEndValue~; RumbleHeatSystem:calc{052ac5cd}/mFormulaParts/0/mStartValue~; RumbleShield:cooldownTime+,
2021,11.18,Samira,bugfix,0,CommunityDragon,0.0,0.0,0.0,none,0.0,,
2021,11.18,Shen,bugfix,0,CommunityDragon,0.0,0.0,0.0,none,0.0,,
2021,11.18,Singed,buff,1,CommunityDragon,0.0,0.0,2.0,reshaped,0.0,InsanityPotion:GrievousAmount~; InsanityPotion:GrievousDuration~,
2021,11.18,Sona,bugfix,0,CommunityDragon,0.0,0.0,0.0,none,0.0,,
2021,11.18,Soraka,buff,1,CommunityDragon,0.0,0.0,0.0,none,0.0,,
2021,11.18,Taliyah,buff,2,CommunityDragon,0.0,2.0,2.0,down,-1.0,TaliyahQ:MinimumWorkedGroundCD~; TaliyahQ:WorkedGroundCDR~; TaliyahQ:effect5-; TaliyahQ:effect7-,
2021,11.18,Talon,adjust,0,CommunityDragon,0.0,1.0,1.0,down,-1.0,TalonQ:effect0-; TalonW:MonsterDamageMod~,
2021,11.18,Thresh,nerf,3,CommunityDragon,4.0,3.0,0.0,mixed,0.14285714285714285,ThreshE:PassiveADRatioTT-; ThreshE:calcPAttackDamageMax/mFormulaParts/0/mCoefficient+; ThreshE:calcPAttackDamageMin/mFormulaParts/0/mCoefficient+; ThreshE:effect2-; ThreshE:effect4+; ThreshE:effect5+; stats:baseMoveSpeed-,
2021,11.18,Trundle,nerf,2,CommunityDragon,0.0,1.0,0.0,down,-1.0,TrundleCircle:effect1-,
2021,11.18,Twitch,buff,1,CommunityDragon,1.0,0.0,0.0,up,1.0,TwitchFullAutomatic:effect0+,
2021,11.18,Urgot,buff,1,CommunityDragon,2.0,0.0,0.0,up,1.0,UrgotQ:cooldownTime+; UrgotQ:mana+,
2021,11.18,Varus,nerf,2,CommunityDragon,0.0,1.0,1.0,down,-1.0,VarusPassive:calcMinionAS/mFormulaParts/0/mLevel1Value~; stats:baseDamage-,
2021,11.18,Viego,bugfix,0,CommunityDragon,0.0,0.0,0.0,none,0.0,,
2021,11.18,Yone,buff,1,CommunityDragon,1.0,0.0,0.0,up,1.0,YoneW:SecondChampShieldMultiplier+,
2021,11.18,Yuumi,buff,1,CommunityDragon,1.0,0.0,0.0,up,1.0,YuumiP:calcPassiveCooldown/mFormulaParts/0/mStartValue+,
2021,11.18,Zed,buff,2,CommunityDragon,0.0,0.0,1.0,reshaped,0.0,ZedPassive:MonsterDamageMod~,
2021,11.18,Zoe,buff,2,CommunityDragon,1.0,0.0,0.0,up,1.0,ZoeE:cooldownTime+,
2021,11.19,Aatrox,buff,2,CommunityDragon,1.0,0.0,0.0,up,1.0,AatroxW:cooldownTime+,
2021,11.19,Akali,buff,1,CommunityDragon,2.0,0.0,0.0,up,1.0,stats:baseStaticHPRegen+; stats:hpRegenPerLevel+,
2021,11.19,Akshan,bugfix,0,CommunityDragon,0.0,0.0,0.0,none,0.0,,
2021,11.19,Aurelion Sol,bugfix,0,CommunityDragon,0.0,0.0,0.0,none,0.0,,
2021,11.19,Braum,bugfix,0,CommunityDragon,0.0,0.0,0.0,none,0.0,,
2021,11.19,Cho'Gath,buff,2,CommunityDragon,1.0,0.0,0.0,up,1.0,Rupture:cooldownTime+,
2021,11.19,Fizz,buff,2,CommunityDragon,7.0,1.0,2.0,mixed,0.75,FizzE:cooldownTime+; FizzPassive:ChampAttackDamageReduction~; FizzPassive:calc{280bbbcf}/mFormulaParts/1/mCoefficient~; FizzR:BigDamage+; FizzR:MidDamage+; FizzR:SmallDamage+; FizzR:calcBigSharkDamage/mFormulaParts/1/mCoefficient+; FizzR:calcSmallSharkDamage/mFormulaParts/1/mCoefficient+; FizzR:calc{262c3c02}/mFormulaParts/1/mCoefficient+; FizzW:OnHitBuffBaseDamage-,
2021,11.19,Galio,buff,1,CommunityDragon,1.0,0.0,0.0,up,1.0,GalioW:cooldownTime+,
2021,11.19,Gragas,buff,1,CommunityDragon,2.0,0.0,0.0,up,1.0,GragasW:calcTotalDamage/mFormulaParts/1/mCoefficient+; GragasW:mCoefficient+,
2021,11.19,Gwen,buff,1,CommunityDragon,1.0,0.0,0.0,up,1.0,stats:baseStaticHPRegen+,
2021,11.19,Irelia,bugfix,0,CommunityDragon,0.0,0.0,0.0,none,0.0,,
2021,11.19,Kennen,nerf,2,CommunityDragon,0.0,3.0,0.0,down,-1.0,KennenShurikenHurlMissile1:calcTotalDamage/mFormulaParts/1/mCoefficient-; KennenShurikenHurlMissile1:effect0-; KennenShurikenHurlMissile1:mCoefficient-,
2021,11.19,Malzahar,bugfix,0,CommunityDragon,0.0,0.0,0.0,none,0.0,,
2021,11.19,Mordekaiser,buff,2,CommunityDragon,1.0,0.0,0.0,up,1.0,MordekaiserE:cooldownTime+,
2021,11.19,Nasus,bugfix,0,CommunityDragon,0.0,0.0,0.0,none,0.0,,
2021,11.19,Poppy,buff,2,CommunityDragon,1.0,0.0,0.0,up,1.0,PoppyPassive:calcActualCooldown/mFormulaParts/0/mLevel1Value+,
2021,11.19,Qiyana,buff,1,unavailable,,,,,,,hotfix in preceding patch
2021,11.19,Renekton,buff,2,CommunityDragon,2.0,0.0,0.0,up,1.0,stats:baseHP+; stats:hpPerLevel+,
2021,11.19,Ryze,nerf,2,CommunityDragon,0.0,3.0,0.0,down,-1.0,RyzeE:cooldownTime-; RyzeQWrapper:calcQDamageCalc/mFormulaParts/1/mCoefficient-; RyzeQWrapper:mCoefficient-,
2021,11.19,Sejuani,buff,2,CommunityDragon,2.0,0.0,0.0,up,1.0,SejuaniQ:cooldownTime+; SejuaniQ:effect0+,
2021,11.19,Seraphine,buff,2,CommunityDragon,1.0,0.0,0.0,up,1.0,SeraphineR:cooldownTime+,
2021,11.19,Sion,buff,1,CommunityDragon,1.0,0.0,0.0,up,1.0,SionW:effect0+,
2021,11.19,Sona,nerf,1,CommunityDragon,0.0,1.0,0.0,down,-1.0,stats:baseArmor-,
2021,11.19,Soraka,nerf,2,CommunityDragon,0.0,1.0,0.0,down,-1.0,SorakaR:BaseHeal-,
2021,11.19,Sylas,buff,1,CommunityDragon,2.0,0.0,0.0,up,1.0,stats:resource.arBase+; stats:resource.arBaseStaticRegen+,
2021,11.19,Taliyah,bugfix,0,CommunityDragon,0.0,0.0,0.0,none,0.0,,
2021,11.19,Varus,nerf,2,CommunityDragon,0.0,1.0,0.0,down,-1.0,VarusQ:cooldownTime-,
2022,12.15,Akali,buff,1,CommunityDragon,1.0,0.0,0.0,up,1.0,AkaliW:EnergyRestore+,
2022,12.15,Bel'Veth,bugfix,0,CommunityDragon,0.0,0.0,0.0,none,0.0,,
2022,12.15,Evelynn,bugfix,0,CommunityDragon,0.0,0.0,0.0,none,0.0,,
2022,12.15,Gwen,nerf,2,CommunityDragon,0.0,1.0,0.0,down,-1.0,GwenQ:TrueDamageConversion-,
2022,12.15,Kalista,nerf,1,CommunityDragon,0.0,1.0,0.0,down,-1.0,stats:baseDamage-,
2022,12.15,Kennen,buff,2,CommunityDragon,4.0,0.0,0.0,up,1.0,KennenBringTheLight:BaseDamageActive+; KennenBringTheLight:cooldownTime+; KennenBringTheLight:effect0+; KennenShurikenStorm:APRatio+,
2022,12.15,LeBlanc,bugfix,0,CommunityDragon,0.0,0.0,0.0,none,0.0,,
2022,12.15,Lee Sin,buff,2,CommunityDragon,3.0,0.0,0.0,up,1.0,BlindMonkETwo:mana+; BlindMonkQTwo:mana+; BlindMonkWTwo:mana+,
2022,12.15,Leona,buff,2,CommunityDragon,2.0,0.0,0.0,up,1.0,LeonaShieldOfDaybreak:mana+; LeonaSolarFlare:CCDuration+,
2022,12.15,Lillia,buff,1,CommunityDragon,2.0,0.0,0.0,up,1.0,LilliaP:calcMonsterDamageCap/mFormulaParts/0/mEndValue+; LilliaP:calcMonsterDamageCap/mFormulaParts/0/mStartValue+,
2022,12.15,Master Yi,nerf,2,CommunityDragon,0.0,1.0,0.0,down,-1.0,WujuStyle:cooldownTime-,
2022,12.15,Nilah,bugfix,0,CommunityDragon,0.0,0.0,0.0,none,0.0,,
2022,12.15,Qiyana,nerf,2,CommunityDragon,0.0,1.0,0.0,down,-1.0,QiyanaPassive:calcFinalDamage/mFormulaParts/1/mCoefficient-,
2022,12.15,Rakan,bugfix,0,CommunityDragon,0.0,0.0,0.0,none,0.0,,
2022,12.15,Rammus,buff,2,CommunityDragon,4.0,0.0,1.0,up,1.0,Tremors2:BaseCastRange+; Tremors2:DashRangeGrowth+; Tremors2:MaxDashSpeed+; Tremors2:MinDashSpeed+; Tremors2:cooldownTime~,
2022,12.15,Shen,buff,1,CommunityDragon,0.0,0.0,0.0,none,0.0,,
2022,12.15,Singed,buff,2,CommunityDragon,2.0,0.0,1.0,up,1.0,InsanityPotion:StatAmount~; SingedP:MSPercent+; SingedP:PerTargetCD+,
2022,12.15,Sivir,nerf,2,CommunityDragon,0.0,3.0,0.0,down,-1.0,SivirE:cooldownTime-; SivirR:cooldownTime-; stats:damagePerLevel-,
2022,12.15,Swain,bugfix,0,CommunityDragon,0.0,0.0,0.0,none,0.0,,
2022,12.15,Taliyah,nerf,2,CommunityDragon,0.0,3.0,0.0,down,-1.0,TaliyahE:cooldownTime-; TaliyahQ:mana-; TaliyahR:effect0-,
2022,12.15,Thresh,buff,2,CommunityDragon,2.0,0.0,0.0,up,1.0,ThreshQ:cooldownTime+; ThreshQ:effect0+,
2022,12.15,Viego,bugfix,0,CommunityDragon,0.0,0.0,0.0,none,0.0,,
2022,12.15,Yone,bugfix,0,CommunityDragon,0.0,0.0,0.0,none,0.0,,
2022,12.15,Yuumi,bugfix,0,CommunityDragon,0.0,0.0,0.0,none,0.0,,
2022,12.15,Zed,buff,2,CommunityDragon,2.0,0.0,0.0,up,1.0,ZedE:mana+; ZedW:MimickRange+,
2022,12.16,Aphelios,bugfix,0,CommunityDragon,0.0,0.0,0.0,none,0.0,,
2022,12.16,Caitlyn,buff,2,CommunityDragon,0.0,0.0,2.0,reshaped,0.0,CaitlynR:CritChanceAmp~; CaitlynR:calcRTotalDamage/mMultiplier/mSubparts/0/mNumber~,
2022,12.16,Diana,adjust,0,CommunityDragon,1.0,0.0,0.0,up,1.0,DianaTeleport:APRatio+,
2022,12.16,Draven,nerf,1,CommunityDragon,0.0,1.0,0.0,down,-1.0,DravenSpinning:effect4-,
2022,12.16,Gangplank,bugfix,0,CommunityDragon,0.0,0.0,0.0,none,0.0,,
2022,12.16,Irelia,buff,1,CommunityDragon,2.0,0.0,0.0,up,1.0,stats:armorPerLevel+; stats:baseSpellBlock+,
2022,12.16,Jayce,buff,2,CommunityDragon,2.0,0.0,0.0,up,1.0,JayceThunderingBlow:PercHPDamage+; JayceToTheSkies:BaseDamage+,
2022,12.16,Kai'Sa,buff,2,CommunityDragon,6.0,0.0,0.0,up,1.0,KaisaPassive:calcPBaseDamage/mFormulaParts/0/mEndValue+; KaisaPassive:calcPBaseDamage/mFormulaParts/0/mStartValue+; KaisaPassive:calcPCurrentPerStackDamage/mFormulaParts/0/mEndValue+; KaisaQ:calc{f80d7377}/mFormulaParts/1/mCoefficient+; KaisaQ:mCoefficient2+; KaisaR:RAPRatio+,
2022,12.16,Malphite,buff,2,CommunityDragon,2.0,0.0,0.0,up,1.0,MalphiteShield:calcPassiveCooldown/mFormulaParts/0/mLevel1Value+; Obduracy:cooldownTime+,
2022,12.16,Ornn,bugfix,0,CommunityDragon,0.0,0.0,0.0,none,0.0,,
2022,12.16,Poppy,nerf,1,CommunityDragon,0.0,1.0,0.0,down,-1.0,PoppyQ:effect5-,
2022,12.16,Rell,bugfix,0,CommunityDragon,0.0,0.0,0.0,none,0.0,,
2022,12.16,Sion,bugfix,0,CommunityDragon,0.0,0.0,0.0,none,0.0,,
2022,12.16,Teemo,bugfix,0,CommunityDragon,0.0,0.0,0.0,none,0.0,,
2022,12.16,Tristana,buff,2,CommunityDragon,1.0,0.0,0.0,up,1.0,TristanaQ:effect0+,
2022,12.16,Trundle,bugfix,0,CommunityDragon,0.0,0.0,0.0,none,0.0,,
2022,12.16,Udyr,rework,0,CommunityDragon,1.0,4.0,301.0,mixed,-0.6,UdyrBasicAttack2:castRadius~; UdyrBasicAttack2:castRange~; UdyrBasicAttack2:cooldownTime~; UdyrBasicAttack2:missileSpeed~; UdyrBearAttack:castRadius~; UdyrBearAttack:castRange~; UdyrBearAttack:cooldownTime~; UdyrBearAttack:missileSpeed~; UdyrBearAttackUlt:castRadius~; UdyrBearAttackUlt:castRange~; UdyrBearAttackUlt:cooldownTime~; UdyrBearAttackUlt:missileSpeed~,
2022,12.16,Yorick,bugfix,0,CommunityDragon,0.0,0.0,0.0,none,0.0,,
2022,12.16,Yuumi,nerf,2,CommunityDragon,0.0,2.0,0.0,down,-1.0,YuumiE:calcFinalMoveSpeed/mFormulaParts/1/mCoefficient-; YuumiE:cooldownTime-,
2022,12.16,Zac,bugfix,0,CommunityDragon,0.0,0.0,0.0,none,0.0,,
2022,12.16,Zeri,nerf,2,CommunityDragon,0.0,3.0,0.0,down,-1.0,ZeriQ:ActiveADRatio-; ZeriW:calcTotalDamage/mFormulaParts/1/mCoefficient-; ZeriW:calcTotalDamage/mFormulaParts/2/mCoefficient-,
2022,12.16,Zoe,buff,2,CommunityDragon,5.0,0.0,0.0,up,1.0,ZoeE:effect0+; ZoeE:effect5+; ZoeE:effect6+; ZoeE:mCoefficient+; ZoeE:mCoefficient2+,
2022,12.16,Zyra,buff,1,CommunityDragon,0.0,0.0,0.0,none,0.0,,
2022,12.17,Ahri,nerf,1,CommunityDragon,0.0,1.0,0.0,down,-1.0,AhriSeduce:CharmDuration-,
2022,12.17,Azir,nerf,2,CommunityDragon,0.0,4.0,0.0,down,-1.0,AzirEWrapper:cooldownTime-; AzirW:calcTotalDamage/mFormulaParts/1/mCoefficient-; AzirW:mAmmoRechargeTime-; AzirW:mCoefficient-,
2022,12.17,Camille,buff,2,CommunityDragon,3.0,0.0,0.0,up,1.0,CamilleE:BADRatio+; CamilleE:BaseDamage+; CamillePassive:MaxHPCoefficient+,
2022,12.17,Draven,bugfix,0,CommunityDragon,0.0,0.0,0.0,none,0.0,,
2022,12.17,Ezreal,buff,1,CommunityDragon,1.0,0.0,0.0,up,1.0,EzrealE:cooldownTime+,
2022,12.17,Fizz,bugfix,0,CommunityDragon,0.0,0.0,0.0,none,0.0,,
2022,12.17,Graves,buff,2,CommunityDragon,1.0,0.0,1.0,up,1.0,GravesChargeShot:RBaseDamage+; GravesQLineSpell:cooldownTime~,
2022,12.17,Hecarim,rework,0,CommunityDragon,7.0,11.0,5.0,mixed,-0.2222222222222222,HecarimRamp:calcMinDamage/mFormulaParts/1/mCoefficient-; HecarimRamp:cooldownTime~; HecarimRamp:effect0-; HecarimRamp:effect1-; HecarimRamp:mCoefficient-; HecarimRamp:mCoefficient2-; HecarimRapidSlash:BaseDamage-; HecarimRapidSlash:MaxStacks~; HecarimRapidSlash:RampageBonusRatio+; HecarimRapidSlash:RampageCooldownReduction+; HecarimRapidSlash:calcDamage/mFormulaParts/1/mCoefficient+; HecarimRapidSlash:calc{898b7f2a}/mFormulaParts/1/mCoefficient+,
2022,12.17,Kassadin,buff,2,CommunityDragon,2.0,0.0,0.0,up,1.0,NullLance:cooldownTime+; NullLance:mana+,
2022,12.17,Maokai,buff,3,CommunityDragon,5.0,1.0,29.0,mixed,0.6666666666666666,MaokaiE:BaseDamage+; MaokaiE:BaseEmpoweredSlowAmount~; MaokaiE:BasePercentMaxHealth~; MaokaiE:EmpoweredBaseDamage+; MaokaiE:EmpoweredBasePercentMaxHealth~; MaokaiE:KnockbackDistance~; MaokaiE:NonChampMax~; MaokaiE:SlowAmount+; MaokaiE:calcEmpoweredSlowAmount/mFormulaParts/1/mCoefficient~; MaokaiE:calcEmpoweredSlowAmount/mFormulaParts/2/mSubpart/mPart1/mNumber~; MaokaiE:calcEmpoweredSlowAmount/mFormulaParts/2/mSubpart/mPart2/mNumber~; MaokaiE:calcTotalDamage/mFormulaParts/1/mCoefficient~,
2022,12.17,Miss Fortune,adjust,0,CommunityDragon,2.0,2.0,5.0,mixed,0.0,MissFortuneRicochetShot:effect0~; MissFortuneRicochetShot:effect1+; MissFortuneRicochetShot:effect2~; MissFortuneRicochetShot:effect3~; MissFortuneScattershot:APRatioPerSecond+; MissFortuneScattershot:BaseDamagePerSecond-; MissFortuneScattershot:BaseSlowAmount~; MissFortuneScattershot:SlowPer100AP~; MissFortuneScattershot:cooldownTime-,
2022,12.17,Nami,nerf,1,CommunityDragon,0.0,0.0,0.0,none,0.0,,
2022,12.17,Nocturne,buff,2,CommunityDragon,3.0,0.0,0.0,up,1.0,NocturneP:Cooldown+; NocturneP:cooldownTime+; stats:attackSpeedRatio+,
2022,12.17,Ornn,bugfix,0,CommunityDragon,0.0,0.0,0.0,none,0.0,,
2022,12.17,Pyke,bugfix,0,CommunityDragon,0.0,0.0,0.0,none,0.0,,
2022,12.17,Rell,buff,1,CommunityDragon,0.0,1.0,2.0,down,-1.0,RellE:cooldownTime~; RellE_StunCast:cooldownTime~; RellW_MountUp:DismountedMSPentaly-,
2022,12.17,Renekton,nerf,2,CommunityDragon,0.0,2.0,4.0,down,-1.0,RenektonCleave:BaseADRatio~; RenektonCleave:EmpoweredADRatio~; RenektonCleave:calcBasicDamage/mFormulaParts/1/mCoefficient~; RenektonCleave:calcEmpDamage/mFormulaParts/1/mCoefficient~; RenektonCleave:effect0-; RenektonCleave:effect5-,
2022,12.17,Sejuani,bugfix,0,CommunityDragon,0.0,0.0,0.0,none,0.0,,
2022,12.17,Sett,buff,2,CommunityDragon,2.0,0.0,0.0,up,1.0,SettE:SlowAmount+; SettW:calcDamageConversion/mFormulaParts/1/mCoefficient+,
2022,12.17,Sivir,nerf,2,CommunityDragon,0.0,2.0,0.0,down,-1.0,SivirW:BounceADRatio-; stats:damagePerLevel-,
2022,12.17,Sylas,nerf,2,CommunityDragon,0.0,2.0,0.0,down,-1.0,SylasQ:cooldownTime-; stats:baseHP-,
2022,12.17,Taric,nerf,2,CommunityDragon,0.0,2.0,0.0,down,-1.0,TaricE:cooldownTime-; stats:baseSpellBlock-,
2022,12.17,Trundle,nerf,2,CommunityDragon,0.0,1.0,0.0,down,-1.0,trundledesecrate:cooldownTime-,
2022,12.17,Twisted Fate,buff,2,CommunityDragon,3.0,0.0,0.0,up,1.0,PickACard:mana+; WildCards:calcTotalDamage/mFormulaParts/1/mCoefficient+; WildCards:mCoefficient+,
2022,12.17,Wukong,nerf,2,CommunityDragon,0.0,2.0,0.0,down,-1.0,stats:attackSpeed-; stats:baseMoveSpeed-,
2022,12.17,Zeri,bugfix,0,unavailable,,,,,,,hotfix in preceding patch
2022,12.18,Akali,buff,1,CommunityDragon,0.0,0.0,0.0,none,0.0,,
2022,12.18,Akshan,bugfix,0,CommunityDragon,0.0,0.0,0.0,none,0.0,,
2022,12.18,Ashe,buff,2,CommunityDragon,1.0,0.0,0.0,up,1.0,AsheQ:effect3+,
2022,12.18,Hecarim,nerf,2,CommunityDragon,0.0,6.0,0.0,down,-1.0,HecarimRapidSlash:calcDamage/mFormulaParts/1/mCoefficient-; HecarimRapidSlash:calc{898b7f2a}/mFormulaParts/1/mCoefficient-; HecarimRapidSlash:mCoefficient-; HecarimW:DamageLeechPerc-; HecarimW:calc{60a1a54a}/mFormulaParts/1/mCoefficient-; stats:baseHP-,
2022,12.18,Jinx,buff,1,CommunityDragon,0.0,0.0,0.0,none,0.0,,
2022,12.18,Kalista,nerf,1,CommunityDragon,0.0,1.0,0.0,down,-1.0,stats:baseHP-,
2022,12.18,Kayn,nerf,1,CommunityDragon,0.0,2.0,0.0,down,-1.0,KaynQ:calc{7c957a96}/mFormulaParts/1/mCoefficient-; KaynQ:effect3-,
2022,12.18,Kennen,bugfix,0,CommunityDragon,0.0,0.0,0.0,none,0.0,,
2022,12.18,Lee Sin,buff,2,CommunityDragon,2.0,0.0,0.0,up,1.0,BlindMonkWOne:effect1+; stats:hpPerLevel+,
2022,12.18,Lulu,nerf,2,CommunityDragon,0.0,3.0,0.0,down,-1.0,LuluW:cooldownTime-; LuluW:effect0-; LuluW:effect2-,
2022,12.18,Maokai,adjust,0,CommunityDragon,1.0,3.0,0.0,mixed,-0.5,MaokaiE:calcTotalDamage/mFormulaParts/1/mCoefficient-; MaokaiE:calcTotalEmpoweredDamage/mFormulaParts/1/mCoefficient-; MaokaiPassive:calcPassiveHealingTotal/mFormulaParts/1/mSubpart/mLevel1Value-; MaokaiQ:BonusMonsterDamage+,
2022,12.18,Miss Fortune,nerf,2,unavailable,,,,,,,hotfix in preceding patch
2022,12.18,Nocturne,nerf,2,CommunityDragon,0.0,1.0,0.0,down,-1.0,stats:damagePerLevel-,
2022,12.18,Tahm Kench,bugfix,0,CommunityDragon,0.0,0.0,0.0,none,0.0,,
2022,12.18,Taliyah,bugfix,0,CommunityDragon,0.0,0.0,0.0,none,0.0,,
2022,12.18,Thresh,buff,2,CommunityDragon,2.0,0.0,0.0,up,1.0,ThreshE:effect0+; stats:hpPerLevel+,
2022,12.18,Udyr,nerf,2,CommunityDragon,3.0,7.0,10.0,mixed,-0.4,UdyrQ:AttackRange~; UdyrQ:LightningAPRatio+; UdyrQ:MaxHPADRatio~; UdyrQ:Q2MaxHPADRatio~; UdyrQ:calc{354977e8}/mFormulaParts/0/mEndValue~; UdyrQ:calc{354977e8}/mFormulaParts/0/mStartValue~; UdyrQ:calc{9d25e167}/mFormulaParts/1/mEndValue~; UdyrQ:calc{9d25e167}/mFormulaParts/1/mStartValue~; UdyrQ:calc{c5a53951}/mFormulaParts/1/mEndValue~; UdyrQ:calc{c5a53951}/mFormulaParts/1/mStartValue~; UdyrQ:calc{e8354208}/mFormulaParts/1/mCoefficient~; UdyrQ:mana+,
2022,12.18,Xerath,bugfix,0,CommunityDragon,0.0,0.0,0.0,none,0.0,,
2022,12.18,Zeri,bugfix,0,CommunityDragon,0.0,0.0,0.0,none,0.0,,
2023,13.14,Aatrox,buff,2,CommunityDragon,1.0,1.0,2.0,mixed,0.0,AatroxQ:QBaseDamage-; AatroxQ:QTotalADRatio+; AatroxQ:calcQMinionDamage/mFormulaParts/0/mLevel1Value~; AatroxQ:calcQMinionDamage/mFormulaParts/0/mNumber~,
2023,13.14,Aphelios,bugfix,0,CommunityDragon,0.0,0.0,0.0,none,0.0,,
2023,13.14,Bard,bugfix,0,CommunityDragon,0.0,0.0,0.0,none,0.0,,
2023,13.14,Diana,buff,2,CommunityDragon,4.0,0.0,0.0,up,1.0,DianaOrbs:OrbAPRatio+; DianaOrbs:ShieldAPRatio+; DianaOrbs:ShieldBase+; DianaTeleport:APRatio+,
2023,13.14,Hecarim,nerf,2,CommunityDragon,0.0,1.0,0.0,down,-1.0,HecarimW:ResistAmount-,
2023,13.14,Ivern,bugfix,0,CommunityDragon,0.0,0.0,0.0,none,0.0,,
2023,13.14,Jax,nerf,2,CommunityDragon,0.0,2.0,0.0,down,-1.0,JaxCounterStrike:cooldownTime-; JaxRApexForm:mana-,
2023,13.14,Jhin,bugfix,0,CommunityDragon,0.0,0.0,0.0,none,0.0,,
2023,13.14,Karthus,nerf,1,CommunityDragon,1.0,3.0,0.0,mixed,-0.5,KarthusDefile:ManaRestoreOnKill-; KarthusDefile:effect1-; KarthusLayWasteA1:BaseDamage-; KarthusLayWasteA1:MonsterMod+,
2023,13.14,Kindred,nerf,2,CommunityDragon,2.0,2.0,9.0,mixed,0.0,KindredEWrapper:BasePercentDamage~; KindredEWrapper:calcPercentBiteDamage/mFormulaParts/0/mNumber~; KindredQ:cooldownTime-; KindredQ:effect0-; KindredW:CloneADRatio~; KindredW:CloneBasePercentDamage~; KindredW:CloneDamageFlat~; KindredW:ClonePercentDamagePerBounty~; KindredW:calcBaseWolfDamage/mFormulaParts/1/mCoefficient~; KindredW:calcPercentWolfDamage/mFormulaParts/0/mNumber~; KindredW:calcPercentWolfDamage/mFormulaParts/1/mCoefficient~; stats:baseArmor+,
2023,13.14,Lissandra,buff,2,CommunityDragon,2.0,0.0,0.0,up,1.0,LissandraR:PercentMissingHPRatio+; LissandraR:SelfCastFlatHeal+,
2023,13.14,Milio,nerf,2,CommunityDragon,0.0,3.0,18.0,down,-1.0,MilioE:MoveSpeedAmount-; MilioPassive:calcBurnDamage/mFormulaParts/0/mEndValue-; MilioPassive:calcBurnDamage/mFormulaParts/0/mStartValue-; stats:armorPerLevel~; stats:attackRange~; stats:attackSpeed~; stats:attackSpeedPerLevel~; stats:attackSpeedRatio~; stats:baseArmor~; stats:baseDamage~; stats:baseHP~; stats:baseMoveSpeed~,
2023,13.14,Ornn,bugfix,0,CommunityDragon,0.0,0.0,1.0,reshaped,0.0,OrnnP:GameModeInteger~,
2023,13.14,Rek'Sai,nerf,2,CommunityDragon,0.0,3.0,1.0,down,-1.0,RekSaiE:FuryMultiplier~; RekSaiE:effect0-; RekSaiE:mCoefficient-; RekSaiW:effect1-,
2023,13.14,Rell,nerf,2,CommunityDragon,0.0,4.0,0.0,down,-1.0,RellP:StealPercent-; RellP:calcStealFloor/mFormulaParts/0/mEndValue-; RellP:calcStealFloor/mFormulaParts/0/mStartValue-; stats:baseArmor-,
2023,13.14,Rengar,nerf,2,CommunityDragon,0.0,2.0,0.0,down,-1.0,RengarQ:CritScalingRatio-; stats:baseStaticHPRegen-,
2023,13.14,Samira,bugfix,0,CommunityDragon,0.0,0.0,0.0,none,0.0,,
2023,13.14,Shaco,buff,2,CommunityDragon,2.0,0.0,1.0,up,1.0,Deceive:calcQCritDamageMod/mFormulaParts/0/mSubparts/0/mNumber+; Deceive:calcTotalDamage/mFormulaParts/1/mCoefficient+; JackInTheBox:FearDuration~,
2023,13.14,Shyvana,buff,2,CommunityDragon,2.0,2.0,2.0,mixed,0.0,ShyvanaDoubleAttack:BonusAS~; ShyvanaDoubleAttack:SecondHitDamage+; ShyvanaDoubleAttack:cooldownTime-; ShyvanaDoubleAttackDragon:cooldownTime-; ShyvanaFireball:ADPercent~; ShyvanaFireball:PercentHPDamage+,
2023,13.14,Sona,bugfix,0,CommunityDragon,0.0,0.0,0.0,none,0.0,,
2023,13.14,Sylas,bugfix,0,CommunityDragon,0.0,0.0,0.0,none,0.0,,
2023,13.14,Teemo,bugfix,0,CommunityDragon,0.0,0.0,0.0,none,0.0,,
2023,13.14,Udyr,bugfix,0,CommunityDragon,0.0,0.0,0.0,none,0.0,,
2023,13.14,Volibear,buff,2,CommunityDragon,2.0,0.0,4.0,up,1.0,VolibearP:APRatio+; VolibearP:LevelBonus~; VolibearP:PMagicDamage~; VolibearP:calc{fa8ad73d}/mFormulaParts/0/mLevel1Value~; VolibearP:calc{fa8ad73d}/mFormulaParts/0/mValues~; VolibearW:HealPercent+,
2023,13.14,Xerath,adjust,0,CommunityDragon,3.0,3.0,3.0,mixed,0.0,XerathArcanopulseChargeUp:mana+; XerathAscended2:CooldownKillRefund~; XerathLocusOfPower2:RampBaseDamage~; XerathLocusOfPower2:calc{7dcf5ad9}/mFormulaParts/1/mCoefficient~; XerathLocusOfPower2:effect1+; XerathLocusOfPower2:effect2-; XerathLocusOfPower2:mCoefficient-; XerathRMissileWrapper:effect1+; stats:resource.arBase-,
2023,13.14,Yasuo,bugfix,0,CommunityDragon,0.0,0.0,0.0,none,0.0,,
2023,13.14,Yone,bugfix,0,CommunityDragon,0.0,0.0,0.0,none,0.0,,
2023,13.14,Yorick,bugfix,0,CommunityDragon,0.0,0.0,0.0,none,0.0,,
2023,13.14,Zeri,bugfix,0,CommunityDragon,0.0,0.0,0.0,none,0.0,,
2023,13.14,Zyra,buff,1,CommunityDragon,0.0,0.0,3.0,reshaped,0.0,ZyraP:MonsterMod~; ZyraP:calc{850e57bf}/mFormulaParts/0/mEndValue~; ZyraP:calc{850e57bf}/mFormulaParts/0/mStartValue~,
2023,13.15,Aatrox,nerf,1,CommunityDragon,0.0,1.0,0.0,down,-1.0,AatroxQ:QTotalADRatio-,
2023,13.15,Akshan,bugfix,0,CommunityDragon,0.0,0.0,0.0,none,0.0,,
2023,13.15,Annie,adjust,0,CommunityDragon,0.0,0.0,9.0,reshaped,0.0,AnnieR:BonusHealth~; AnnieR:BonusResistances~; AnnieR:TibbersHPRatio~; AnnieR:TibbersModeSpecificHPMod~; AnnieR:TibbersResistRatio~; AnnieR:TotalHealth~; AnnieR:calc{90e92fb7}/mFormulaParts/0/mLevel1Value~; AnnieR:calc{a285ce04}/mFormulaParts/0/mPart1/mLevel1Value~; AnnieR:calc{a285ce04}/mFormulaParts/1/mCoefficient~,
2023,13.15,Aurelion Sol,bugfix,0,CommunityDragon,0.0,0.0,0.0,none,0.0,,
2023,13.15,Caitlyn,buff,2,CommunityDragon,2.0,0.0,0.0,up,1.0,CaitlynPassive:calcHeadShotBonusDamage/mFormulaParts/0/mSubpart/mSubparts/1/mPart2/mCoefficient+; CaitlynR:CritChanceAmp+,
2023,13.15,Camille,buff,2,CommunityDragon,2.0,0.0,0.0,up,1.0,CamilleR:ROnHitDamage+; stats:damagePerLevel+,
2023,13.15,Evelynn,bugfix,0,CommunityDragon,0.0,0.0,0.0,none,0.0,,
2023,13.15,Gwen,buff,2,CommunityDragon,2.0,0.0,0.0,up,1.0,GwenW:BaseResists+; stats:baseStaticHPRegen+,
2023,13.15,Heimerdinger,adjust,0,CommunityDragon,0.0,0.0,6.0,reshaped,0.0,HeimerdingerR:calcQUltTurretHealth/mFormulaParts/0/mEndValue~; HeimerdingerR:calcQUltTurretHealth/mFormulaParts/0/mLevel1Value~; HeimerdingerR:calcQUltTurretHealth/mFormulaParts/0/mStartValue~; HeimerdingerR:calcQUltTurretHealth/mFormulaParts/1/mCoefficient~; HeimerdingerR:calcQUltTurretHealth/mFormulaParts/1/mSubpart/mLevel1Value~; HeimerdingerR:calc{c223ad7d}/mFormulaParts/0/mLevel1Value~,
2023,13.15,Ivern,nerf,2,CommunityDragon,4.0,5.0,6.0,mixed,-0.1111111111111111,IvernE:BaseShield+; IvernE:ShieldAPRatio-; IvernR:DaisyDuration-; IvernR:DaisyHP~; IvernR:DaisyResists~; IvernR:ShockwaveBaseDamage+; IvernR:calcTotalBonusResists/mFormulaParts/0/mLevel1Value~; IvernR:calcTotalBonusResists/mFormulaParts/1/mCoefficient~; IvernR:calcTotalDaisyAD/mFormulaParts/1/mCoefficient-; IvernR:calcTotalDaisyHP/mFormulaParts/0/mLevel1Value~; IvernR:calc{7d2e21c1}/mFormulaParts/0/mSubparts/1/mCoefficient~; IvernR:calc{7d2e21c1}/mFormulaParts/1/mCoefficient+,
2023,13.15,Kai'Sa,nerf,2,CommunityDragon,0.0,4.0,0.0,down,-1.0,KaisaQ:calc{f80d7377}/mFormulaParts/1/mCoefficient-; KaisaQ:mCoefficient2-; KaisaW:effect2-; stats:baseHP-,
2023,13.15,Kassadin,buff,2,CommunityDragon,1.0,0.0,2.0,up,1.0,NetherBlade:ActiveBaseDamage~; NullLance:BaseDamage~; RiftWalk:APRatio+,
2023,13.15,Katarina,bugfix,0,CommunityDragon,0.0,0.0,10.0,reshaped,0.0,KatarinaEWrapper:EADRatio~; KatarinaEWrapper:EAPRatio~; KatarinaEWrapper:calcTotalDamage/mFormulaParts/1/mCoefficient~; KatarinaEWrapper:calcTotalDamage/mFormulaParts/2/mCoefficient~; KatarinaPassive:BonusADRatio~; KatarinaPassive:calcTotalDamage/mFormulaParts/1/mCoefficient~; KatarinaQ:QAPRatio~; KatarinaQ:calcTotalDamage/mFormulaParts/1/mCoefficient~; KatarinaR:RAPRatio~; KatarinaR:calcDamageCalc/mFormulaParts/1/mCoefficient~,
2023,13.15,Maokai,nerf,1,CommunityDragon,0.0,1.0,0.0,down,-1.0,MaokaiQ:BonusMonsterDamage-,
2023,13.15,Naafiri,bugfix,0,unavailable,,,,,,,hotfix in preceding patch
2023,13.15,Nami,buff,2,CommunityDragon,2.0,0.0,1.0,up,1.0,NamiPassive:FlatMS+; NamiPassive:calcTotalMSBonus/mFormulaParts/1/mCoefficient+; NamiQ:BaseDamage~,
2023,13.15,Nocturne,bugfix,0,CommunityDragon,0.0,0.0,0.0,none,0.0,,
2023,13.15,Rell,buff,1,CommunityDragon,0.0,0.0,0.0,none,0.0,,
2023,13.15,Rengar,bugfix,0,CommunityDragon,0.0,0.0,0.0,none,0.0,,
2023,13.15,Ryze,bugfix,0,CommunityDragon,0.0,0.0,0.0,none,0.0,,
2023,13.15,Sejuani,nerf,2,CommunityDragon,0.0,2.0,0.0,down,-1.0,SejuaniW:effect0-; SejuaniW:effect2-,
2023,13.15,Shaco,bugfix,0,CommunityDragon,0.0,0.0,0.0,none,0.0,,
2023,13.15,Shyvana,nerf,2,CommunityDragon,0.0,2.0,0.0,down,-1.0,stats:damagePerLevel-; stats:hpPerLevel-,
2023,13.15,Singed,bugfix,0,CommunityDragon,0.0,0.0,0.0,none,0.0,,
2023,13.15,Taliyah,buff,2,CommunityDragon,3.0,0.0,0.0,up,1.0,TaliyahE:MonsterModPercent+; TaliyahE:cooldownTime+; TaliyahQ:BaseDamage+,
2023,13.15,Vayne,bugfix,0,CommunityDragon,0.0,0.0,0.0,none,0.0,,
2023,13.15,Xerath,bugfix,0,CommunityDragon,0.0,0.0,2.0,reshaped,0.0,XerathArcanopulseChargeUp:BaseDamage~; XerathLocusOfPower2:BaseDamage~,
2023,13.15,Yasuo,buff,2,CommunityDragon,0.0,0.0,3.0,reshaped,0.0,YasuoPassive:calcShieldValue/mFormulaParts/0/mEndValue~; YasuoPassive:calcShieldValue/mFormulaParts/0/mStartValue~; YasuoPassive:calcShieldValue/mFormulaParts/0/mValues~,
2023,13.15,Yone,buff,1,CommunityDragon,2.0,0.0,0.0,up,1.0,YoneW:calcWShield/mFormulaParts/0/mEndValue+; YoneW:calcWShield/mFormulaParts/0/mStartValue+,
2023,13.15,Yorick,adjust,0,CommunityDragon,0.0,1.0,5.0,down,-1.0,YorickR:RBigGhoulBonusHP~; YorickR:RBigGhoulDamageRatio~; YorickR:RBigGhoulHealthRatio~; YorickR:calcYorickBigGhoulHealth/mFormulaParts/0/mLevel1Value~; YorickR:calcYorickBigGhoulHealth/mFormulaParts/1/mCoefficient-; YorickR:calc{40104da1}/mFormulaParts/0/mLevel1Value~,
2023,13.16,Akali,buff,2,CommunityDragon,1.0,0.0,5.0,up,1.0,AkaliP:PassiveAPRatio~; AkaliP:PassiveBADRatio~; AkaliP:calcDamage/mFormulaParts/1/mCoefficient~; AkaliP:calcDamage/mFormulaParts/2/mCoefficient~; AkaliQ:BaseDamageNamed+; AkaliQ:mana~,
2023,13.16,Brand,buff,2,CommunityDragon,7.0,0.0,0.0,up,1.0,BrandE:calcEDamageCalc/mFormulaParts/0/mCoefficient+; BrandE:calcExplosionDamage/mFormulaParts/1/mCoefficient+; BrandE:mCoefficient+; BrandPassive:calcManaRestore/mFormulaParts/0/mLevel1Value+; BrandPassive:effect0+; BrandQ:calcTotalDamage/mFormulaParts/1/mCoefficient+; BrandQ:mCoefficient+,
2023,13.16,Caitlyn,buff,2,CommunityDragon,1.0,0.0,4.0,up,1.0,CaitlynPassive:AttacksPerHeadshot+; CaitlynPassive:calcHeadShotBonusDamage/mFormulaParts/0/mSubpart/mSubparts/1/mPart1/mCoefficient~; CaitlynPassive:calcHeadShotBonusDamage/mFormulaParts/0/mSubpart/mSubparts/1/mPart1/mPart1/mNumber~; CaitlynPassive:calcHeadShotBonusDamage/mFormulaParts/0/mSubpart/mSubparts/1/mPart1/mPart2/mSubparts/0/mNumber~; CaitlynPassive:calcHeadShotBonusDamage/mFormulaParts/0/mSubpart/mSubparts/1/mPart1/mPart2/mSubparts/1/mCoefficient~,
2023,13.16,Dr. Mundo,bugfix,0,CommunityDragon,0.0,0.0,0.0,none,0.0,,
2023,13.16,Ekko,buff,2,CommunityDragon,3.0,0.0,4.0,up,1.0,EkkoPassive:ModesMultiplier~; EkkoQ:OutgoingDamage~; EkkoQ:ReturnDamage~; EkkoQ:effect0+; EkkoQ:effect1+; EkkoW:BaseOnHitDamage~; EkkoW:effect3+,
2023,13.16,Karma,buff,2,CommunityDragon,3.0,0.0,11.0,up,1.0,KarmaMantra:QBonusAPRatio~; KarmaMantra:QBonusDamage~; KarmaMantra:QDetonationAPRatio~; KarmaMantra:QDetonationDamage~; KarmaMantra:calcRQFieldDamage/mFormulaParts/1/mCoefficient~; KarmaMantra:calcRQTotalImpactDamage/mFormulaParts/1/mCoefficient~; KarmaMantra:cooldownTime+; KarmaMantra:mCoefficient+; KarmaQ:APRatio~; KarmaQ:BaseDamage~; KarmaQ:SlowAmount~; KarmaQ:SlowDuration~,
2023,13.16,Kindred,bugfix,0,CommunityDragon,0.0,0.0,0.0,none,0.0,,
2023,13.16,Lucian,buff,1,CommunityDragon,1.0,0.0,0.0,up,1.0,LucianPassive:PassiveDamageBase+,
2023,13.16,Lulu,buff,2,CommunityDragon,1.0,0.0,11.0,up,1.0,LuluE:BaseDamage~; LuluE:DamageAPRatio~; LuluE:calcTotalDamage/mFormulaParts/1/mCoefficient~; LuluQ:APRatio~; LuluQ:BaseDamage~; LuluQ:DoubleHitAPRatio~; LuluQ:SlowAmount~; LuluQ:SlowDecayTicks~; LuluQ:SlowDuration~; LuluQ:calcTotalDamage/mFormulaParts/1/mCoefficient~; LuluQ:calc{ba19e95d}/mFormulaParts/1/mCoefficient~; stats:hpPerLevel+,
2023,13.16,Malzahar,adjust,0,CommunityDragon,0.0,1.0,8.0,down,-1.0,MalzaharE:BaseDamage~; MalzaharE:Duration~; MalzaharE:SecondsPerTick~; MalzaharE:calcManaRestore/mFormulaParts/0/mCoefficient~; MalzaharE:calcTotalDamage/mFormulaParts/1/mCoefficient~; MalzaharE:calc{04223b31}/mFormulaParts/0/mLevel1Value-; MalzaharE:effect0~; MalzaharE:effect1~; MalzaharE:effect2~,
2023,13.16,Milio,buff,2,CommunityDragon,3.0,0.0,1.0,up,1.0,MilioE:ShieldBase+; MilioE:calc{c4fbf5ad}/mFormulaParts/1/mCoefficient+; MilioQ:FallDamage~; MilioQ:calcDamage/mFormulaParts/1/mCoefficient+,
2023,13.16,Naafiri,nerf,2,CommunityDragon,0.0,3.0,0.0,down,-1.0,stats:attackSpeed-; stats:baseArmor-; stats:baseDamage-,
2023,13.16,Nidalee,buff,1,CommunityDragon,0.0,0.0,5.0,reshaped,0.0,AspectOfTheCougar:PassivePercentMS~; AspectOfTheCougar:effect7~; JavelinToss:SpearMinimumAPRatio~; JavelinToss:calcHumanMinimumDamage/mFormulaParts/1/mCoefficient~; Takedown:TotalADRatio~,
2023,13.16,Nunu & Willump,bugfix,0,CommunityDragon,0.0,0.0,2.0,reshaped,0.0,NunuQ:ChampDamageAPRatio~; NunuQ:calcTotalChampionDamage/mFormulaParts/2/mCoefficient~,
2023,13.16,Rek'Sai,nerf,2,CommunityDragon,0.0,0.0,4.0,reshaped,0.0,RekSaiQ:AoERange~; RekSaiQ:UnburrowedADRatio~; RekSaiQ:effect0~; RekSaiQ:mCoefficient~,
2023,13.16,Ryze,bugfix,0,CommunityDragon,0.0,0.0,0.0,none,0.0,,
2023,13.16,Shaco,nerf,2,CommunityDragon,0.0,1.0,1.0,down,-1.0,JackInTheBox:mana~; stats:resource.arBaseStaticRegen-,
2023,13.16,Shyvana,nerf,2,CommunityDragon,0.0,2.0,3.0,down,-1.0,ShyvanaImmolationAura:DamagePerTick-; ShyvanaImmolationAura:OnHitDamage~; ShyvanaImmolationAura:PercentDPSOnHit~; ShyvanaImmolationAura:calcDamageOnHitCalc/mFormulaParts/1/mCoefficient~; ShyvanaImmolationAura:calcDamagePerTickCalc/mFormulaParts/1/mCoefficient-,
2023,13.16,Sylas,buff,1,CommunityDragon,1.0,0.0,0.0,up,1.0,stats:resource.arBase+,
2023,13.16,Syndra,bugfix,0,CommunityDragon,0.0,0.0,0.0,none,0.0,,
2023,13.16,Taliyah,bugfix,0,CommunityDragon,0.0,0.0,0.0,none,0.0,,
2023,13.16,Tristana,adjust,0,CommunityDragon,2.0,2.0,0.0,mixed,0.0,stats:armorPerLevel+; stats:baseArmor+; stats:baseHP-; stats:baseSpellBlock-,
2023,13.16,Wukong,buff,2,CommunityDragon,2.0,0.0,1.0,up,1.0,MonkeyKingDecoy:mana~; MonkeyKingDoubleAttack:mana+; stats:resource.arRegenPerLevel+,
2023,13.17,Aatrox,adjust,0,CommunityDragon,0.0,0.0,0.0,none,0.0,,
2023,13.17,Akshan,adjust,0,CommunityDragon,2.0,1.0,0.0,mixed,0.3333333333333333,stats:armorPerLevel+; stats:damagePerLevel-; stats:hpPerLevel+,
2023,13.17,Blitzcrank,adjust,0,CommunityDragon,5.0,3.0,8.0,mixed,0.25,ManaBarrierIcon:calcShieldAmount/mFormulaParts/0/mCoefficient~; ManaBarrierIcon:calcShieldAmount/mFormulaParts/0/mEndValue~; ManaBarrierIcon:calcShieldAmount/mFormulaParts/0/mStartValue~; ManaBarrierIcon:calcShieldAmount/mFormulaParts/1/mPart1/mCoefficient~; ManaBarrierIcon:calcShieldAmount/mMultiplier/mEndValue~; ManaBarrierIcon:calcShieldAmount/mMultiplier/mStartValue~; Overdrive:AttackSpeedMod-; Overdrive:mana+; PowerFist:calcTotalDamage/mFormulaParts/0/mCoefficient+; PowerFist:mana+; StaticField:PassiveManaRatio~; StaticField:calcPassiveDamage/mFormulaParts/2/mCoefficient~,
2023,13.17,Camille,bugfix,0,CommunityDragon,0.0,0.0,0.0,none,0.0,,
2023,13.17,Draven,bugfix,0,CommunityDragon,0.0,0.0,0.0,none,0.0,,
2023,13.17,Elise,buff,2,CommunityDragon,5.0,0.0,0.0,up,1.0,EliseHumanE:effect4+; EliseR:PassiveBonusDamage+; EliseR:PassiveHealing+; EliseR:effect1+; EliseR:effect7+,
2023,13.17,Gnar,buff,2,CommunityDragon,2.0,0.0,0.0,up,1.0,GnarQ:MegaBaseDamage+; GnarW:MegaBaseDamage+,
2023,13.17,Hecarim,adjust,0,CommunityDragon,5.0,2.0,0.0,mixed,0.42857142857142855,HecarimRapidSlash:mana+; HecarimW:DamageLeechPerc-; HecarimW:mana+; stats:resource.arBase+; stats:resource.arBaseStaticRegen+; stats:resource.arPerLevel-; stats:resource.arRegenPerLevel+,
2023,13.17,Kayn,nerf,2,CommunityDragon,0.0,3.0,2.0,down,-1.0,KaynW:calcTotalDamage/mFormulaParts/1/mCoefficient-; KaynW:effect0-; KaynW:mCoefficient-; KaynWSlow:castRange~; KaynWSlow:cooldownTime~,
2023,13.17,Kha'Zix,nerf,1,CommunityDragon,0.0,2.0,0.0,down,-1.0,KhazixQ:calcBaseDamage/mFormulaParts/1/mCoefficient-; KhazixQ:mCoefficient-,
2023,13.17,Kindred,nerf,2,CommunityDragon,0.0,2.0,0.0,down,-1.0,KindredEWrapper:BasePercentDamage-; KindredEWrapper:SlowAmount-,
2023,13.17,Lissandra,bugfix,0,CommunityDragon,0.0,0.0,0.0,none,0.0,,
2023,13.17,Lucian,bugfix,0,CommunityDragon,0.0,0.0,0.0,none,0.0,,
2023,13.17,Lux,buff,1,CommunityDragon,3.0,2.0,0.0,mixed,0.2,LuxIlluminationPassive:APRatio+; LuxIlluminationPassive:calcTotalDamage/mFormulaParts/0/mValues+; LuxLightBinding:cooldownTime+; LuxLightStrikeKugel:effect1-; stats:resource.arBaseStaticRegen-,
2023,13.17,Naafiri,nerf,3,CommunityDragon,1.0,6.0,1.0,mixed,-0.7142857142857143,NaafiriE:calc{4c42455d}/mFormulaParts/1/mCoefficient-; NaafiriE:calc{615a779b}/mFormulaParts/1/mCoefficient-; NaafiriP:MeleeAttackDamageModifier~; NaafiriP:calc{fd50a7f9}/mFormulaParts/0/mLevel1Value+; NaafiriQ:BaseDamageSecondCast-; NaafiriQ:BaseHealSecondCast-; NaafiriQ:calc{e8822419}/mFormulaParts/1/mCoefficient-; stats:baseHP-,
2023,13.17,Orianna,buff,2,CommunityDragon,2.0,0.0,0.0,up,1.0,OrianaDissonanceCommand:BaseDamage+; stats:hpPerLevel+,
2023,13.17,Quinn,adjust,0,CommunityDragon,1.0,3.0,0.0,mixed,-0.5,QuinnE:effect1-; QuinnQ:BaseDamage-; QuinnQ:effect0-; stats:hpPerLevel+,
2023,13.17,Samira,buff,1,CommunityDragon,1.0,0.0,0.0,up,1.0,stats:baseHP+,
2023,13.17,Sett,bugfix,0,CommunityDragon,0.0,0.0,0.0,none,0.0,,
2023,13.17,Sylas,bugfix,0,CommunityDragon,1.0,0.0,0.0,up,1.0,SylasE:KnockUpDuration+,
2023,13.17,Taliyah,bugfix,0,CommunityDragon,0.0,0.0,0.0,none,0.0,,
2023,13.17,Tryndamere,buff,2,CommunityDragon,1.0,1.0,0.0,mixed,0.0,stats:attackRange+; stats:baseDamage-,
2023,13.17,Twisted Fate,buff,1,CommunityDragon,2.0,0.0,0.0,up,1.0,WildCards:calcTotalDamage/mFormulaParts/1/mCoefficient+; WildCards:mCoefficient+,
2023,13.17,Vex,buff,2,CommunityDragon,2.0,0.0,0.0,up,1.0,VexQ:BaseDamage+; VexW:cooldownTime+,
2023,13.17,Vi,adjust,0,CommunityDragon,2.0,3.0,0.0,mixed,-0.2,ViE:mAmmoRechargeTime+; ViPassive:CDReductionOn3Hit-; ViPassive:calcTotalShield/mFormulaParts/0/mCoefficient+; ViR:RBaseDamage-; ViR:calcDamage/mFormulaParts/1/mCoefficient-,
2023,13.17,Xerath,nerf,1,CommunityDragon,0.0,3.0,0.0,down,-1.0,XerathArcaneBarrage2:mana-; XerathAscended2:CooldownKillRefund-; stats:resource.arBaseStaticRegen-,
2023,13.17,Xin Zhao,adjust,0,CommunityDragon,1.0,0.0,3.0,up,1.0,XinZhaoP:calcTotalHealing/mFormulaParts/0/mSubpart/mLevel1Value~; XinZhaoP:calcTotalHealing/mFormulaParts/0/mValues~; XinZhaoP:calcTotalHealing/mFormulaParts/1/mCoefficient+; XinZhaoP:calcTotalHealing/mFormulaParts/2/mCoefficient~,
2023,13.17,Zoe,buff,1,CommunityDragon,2.0,0.0,0.0,up,1.0,ZoeE:PercentPen+; stats:baseStaticHPRegen+,
2023,13.18,Bard,buff,2,CommunityDragon,1.0,2.0,11.0,mixed,-0.3333333333333333,BardPTooltip_D_nS:MaxSpeedStacks~; BardPTooltip_D_nS:SpeedStackDuration~; BardW:Ammo_Cooldown~; BardW:Ammo_Limit~; BardW:ChargeupTime-; BardW:MoveSpeed_Base~; BardW:MoveSpeed_Duration~; BardW:MoveSpeed_Ratio~; BardW:cooldownTime+; BardW:effect0~; BardW:effect1~; BardW:effect7-,
2023,13.18,Ezreal,bugfix,0,CommunityDragon,0.0,0.0,0.0,none,0.0,,
2023,13.18,Gwen,buff,2,CommunityDragon,3.0,0.0,16.0,up,1.0,GwenP:calcHealCap/mFormulaParts/0/mEndValue~; GwenP:calcHealCap/mFormulaParts/0/mStartValue~; GwenP:calcHealCap/mFormulaParts/1/mCoefficient~; GwenP:calcMonsterDamageCap/mFormulaParts/0/mNumber+; GwenP:calcMonsterDamageCap/mFormulaParts/1/mCoefficient+; GwenP:calcPercentHealth1000Cuts/mMultiplier/mNumber~; GwenP:calc{2e2d4a01}/mFormulaParts/0/mEndValue~; GwenP:calc{2e2d4a01}/mFormulaParts/0/mStartValue~; GwenP:calc{2e2d4a01}/mFormulaParts/1/mCoefficient~; GwenP:calc{a5e6df7c}/mMultiplier/mNumber~; GwenQ:calcMiniSwipeDamage/mFormulaParts/1/mCoefficient~; GwenQ:calc{0757f2e1}/mFormulaParts/1/mCoefficient~,
2023,13.18,Irelia,buff,1,CommunityDragon,1.0,0.0,2.0,up,1.0,IreliaR:cooldownTime+; IreliaW:calcFinalMagicDR/mMultiplier/mNumber~; IreliaW:calc{9c1db170}/mMultiplier/mNumber~,
2023,13.18,Ivern,bugfix,0,CommunityDragon,0.0,0.0,4.0,reshaped,0.0,IvernR:calcTotalShockwaveDamage/mFormulaParts/1/mCoefficient~; IvernR:calc{7d2e21c1}/mFormulaParts/1/mCoefficient~; IvernW:calcTotalAllyDamage/mFormulaParts/1/mCoefficient~; IvernW:calc{ca153c3e}/mFormulaParts/1/mCoefficient~,
2023,13.18,Jarvan IV,nerf,2,CommunityDragon,0.0,0.0,3.0,reshaped,0.0,JarvanIVGoldenAegis:calcBonusShield/mFormulaParts/0/mCoefficient~; JarvanIVGoldenAegis:calc{d5935805}/mFormulaParts/0/mCoefficient~; JarvanIVMartialCadence:calc{2b3405e1}/mFormulaParts/0/mLevel1Value~,
2023,13.18,K'Sante,bugfix,0,CommunityDragon,0.0,0.0,32.0,reshaped,0.0,KSanteP:calcSubsequentAttackMod/mFormulaParts/0/mNumber~; KSanteP:calc{34a042f8}/mFormulaParts/0/mNumber~; KSanteQ:calcADContribution/mFormulaParts/0/mCoefficient~; KSanteQ:calc{e3e8469a}/mFormulaParts/0/mCoefficient~; KSanteR:calcAllOutAttackDamage/mMultiplier/mNumber~; KSanteR:calcTotalDamageSlamDown/mFormulaParts/1/mCoefficient~; KSanteR:calc{6c52a28d}/mFormulaParts/1/mCoefficient~; KSanteR:calc{7ceb4985}/mMultiplier/mNumber~; KSanteW:calcBonusArmorAO/mFormulaParts/0/mCoefficient~; KSanteW:calcBonusHealthAO/mFormulaParts/0/mCoefficient~; KSanteW:calcBonusMRAO/mFormulaParts/0/mCoefficient~; KSanteW:calcMaxFlatDamageAOCalc/mFormulaParts/1/mCoefficient~,
2023,13.18,Kassadin,adjust,0,CommunityDragon,0.0,0.0,0.0,none,0.0,,
2023,13.18,Kayn,nerf,2,CommunityDragon,0.0,1.0,13.0,down,-1.0,KaynPassive:calcKaynAssBonusDamage/mFormulaParts/0/mEndValue~; KaynPassive:calcKaynAssBonusDamage/mFormulaParts/0/mStartValue~; KaynPassive:calcKaynSlayerHealing/mFormulaParts/0/mNumber~; KaynPassive:calc{40a8503a}/mFormulaParts/0/mEndValue~; KaynPassive:calc{40a8503a}/mFormulaParts/0/mStartValue~; KaynPassive:calc{822939d7}/mFormulaParts/0/mEndValue~; KaynPassive:calc{822939d7}/mFormulaParts/0/mStartValue~; KaynQ:calcDarkinFlatDamage/mFormulaParts/0/mCoefficient~; KaynQ:calcDarkinPercentDamage/mFormulaParts/1/mCoefficient~; KaynQ:calcDarkinPercentDamage/mMultiplier/mNumber~; KaynQ:calc{7c957a96}/mFormulaParts/1/mCoefficient~; KaynQ:calc{7c957a96}/mMultiplier/mNumber~,
2023,13.18,Kennen,buff,2,CommunityDragon,1.0,0.0,1.0,up,1.0,KennenLightningRush:mana~; KennenShurikenStorm:cooldownTime+,
2023,13.18,Kog'Maw,bugfix,0,CommunityDragon,0.0,0.0,0.0,none,0.0,,
2023,13.18,Lucian,bugfix,0,CommunityDragon,0.0,0.0,2.0,reshaped,0.0,LucianR:calcTotalNumShots/mFormulaParts/0/mSubparts/0/mPart2/mNumber~; LucianR:calc{40645c38}/mFormulaParts/0/mSubparts/0/mPart2/mNumber~,
2023,13.18,Neeko,bugfix,0,CommunityDragon,0.0,0.0,0.0,none,0.0,,
2023,13.18,Orianna,bugfix,0,CommunityDragon,0.0,0.0,0.0,none,0.0,,
2023,13.18,Rell,nerf,2,CommunityDragon,0.0,2.0,3.0,down,-1.0,RellE:BaseMS-; RellE:MaxMS-; RellE:calcPassiveMovespeed/mFormulaParts/0/mLevel1Value~; RellE:calc{058dc776}/mFormulaParts/0/mLevel1Value~; RellE:calc{e6871972}/mFormulaParts/0/mLevel1Value~,
2023,13.18,Senna,buff,2,CommunityDragon,0.0,0.0,1.0,reshaped,0.0,SennaPassive:CritReductionPercent~,
2023,13.18,Thresh,buff,1,CommunityDragon,1.0,0.0,0.0,up,1.0,ThreshW:ShieldPerSoul+,
2023,13.18,Tryndamere,nerf,2,CommunityDragon,0.0,2.0,0.0,down,-1.0,stats:baseDamage-; stats:hpPerLevel-,
2023,13.18,Udyr,bugfix,0,CommunityDragon,0.0,0.0,60.0,reshaped,0.0,UdyrE:calcMoveSpeedBonus/mFormulaParts/0/mEndValue~; UdyrE:calcMoveSpeedBonus/mFormulaParts/0/mStartValue~; UdyrE:calc{1dae79f2}/mFormulaParts/0/mEndValue~; UdyrE:calc{1dae79f2}/mFormulaParts/0/mStartValue~; UdyrPassive:calcUltCD/mFormulaParts/0/mLevel1Value~; UdyrPassive:calc{218baf47}/mFormulaParts/0/mLevel1Value~; UdyrQ:calcEmpoweredLightningBonus/mFormulaParts/0/mEndValue~; UdyrQ:calcEmpoweredLightningBonus/mFormulaParts/0/mStartValue~; UdyrQ:calcEmpoweredLightningBonusMax/mFormulaParts/0/mPart1/mSubparts/1/mEndValue~; UdyrQ:calcEmpoweredLightningBonusMax/mFormulaParts/0/mPart1/mSubparts/1/mStartValue~; UdyrQ:calcEmpoweredLightningBonusMax/mFormulaParts/0/mPart2/mSubparts/0/mNumber~; UdyrQ:calcEmpoweredLightningBonusMax/mFormulaParts/0/mPart2/mSubparts/1/mPart1/mSubparts/1/mNumber~,
2023,13.18,Xayah,nerf,2,CommunityDragon,1.0,2.0,0.0,mixed,-0.3333333333333333,XayahE:cooldownTime-; stats:baseHP-; stats:hpPerLevel+,
2023,13.18,Zoe,bugfix,0,CommunityDragon,0.0,0.0,0.0,none,0.0,,
2023,13.19,Ahri,bugfix,0,CommunityDragon,0.0,0.0,0.0,none,0.0,,
2023,13.19,Azir,nerf,1,CommunityDragon,0.0,1.0,0.0,down,-1.0,AzirQWrapper:cooldownTime-,
2023,13.19,Bard,bugfix,0,unavailable,,,,,,,hotfix in preceding patch
2023,13.19,Briar,nerf,2,unavailable,,,,,,,hotfix in preceding patch
2023,13.19,Evelynn,bugfix,0,CommunityDragon,0.0,0.0,0.0,none,0.0,,
2023,13.19,Galio,buff,1,CommunityDragon,0.0,0.0,1.0,reshaped,0.0,GalioR:cooldownTime~,
2023,13.19,Gangplank,buff,2,CommunityDragon,6.0,0.0,0.0,up,1.0,GangplankR:cooldownTime+; GangplankR:effect7+; GangplankR:effect9+; GangplankRWithRaiseMorale:cooldownTime+; GangplankRWithRaiseMorale:effect7+; GangplankRWithRaiseMorale:effect9+,
2023,13.19,Ivern,bugfix,0,CommunityDragon,0.0,0.0,0.0,none,0.0,,
2023,13.19,Jax,bugfix,0,CommunityDragon,0.0,0.0,0.0,none,0.0,,
2023,13.19,Jhin,buff,2,CommunityDragon,1.0,0.0,0.0,up,1.0,JhinR:Damage+,
2023,13.19,K'Sante,bugfix,0,CommunityDragon,0.0,0.0,0.0,none,0.0,,
2023,13.19,Karthus,bugfix,0,CommunityDragon,0.0,0.0,0.0,none,0.0,,
2023,13.19,LeBlanc,adjust,0,CommunityDragon,5.0,4.0,0.0,mixed,0.1111111111111111,LeblancE:calcInitialDamage/mFormulaParts/1/mCoefficient+; LeblancE:mCoefficient+; LeblancW:WAPRatio+; LeblancW:mCoefficient+; stats:attackSpeedPerLevel+; stats:attackSpeedRatio-; stats:damagePerLevel-; stats:resource.arPerLevel-; stats:resource.arRegenPerLevel-,
2023,13.19,Lee Sin,buff,2,CommunityDragon,1.0,1.0,1.0,mixed,0.0,BlindMonkEOne:E1Damage-; BlindMonkWOne:LifestealAndSpellVamp~; stats:baseArmor+,
2023,13.19,Lissandra,buff,1,CommunityDragon,1.0,0.0,0.0,up,1.0,LissandraW:effect1+,
2023,13.19,Malzahar,bugfix,0,CommunityDragon,0.0,0.0,0.0,none,0.0,,
2023,13.19,Naafiri,bugfix,0,CommunityDragon,0.0,0.0,0.0,none,0.0,,
2023,13.19,Neeko,bugfix,0,CommunityDragon,0.0,0.0,0.0,none,0.0,,
2023,13.19,Nunu & Willump,buff,1,CommunityDragon,1.0,0.0,0.0,up,1.0,NunuE:calcTotalSnowballDamage/mFormulaParts/1/mCoefficient+,
2023,13.19,Orianna,bugfix,0,CommunityDragon,0.0,0.0,0.0,none,0.0,,
2023,13.19,Ornn,bugfix,0,CommunityDragon,0.0,0.0,0.0,none,0.0,,
2023,13.19,Pyke,buff,2,CommunityDragon,2.0,0.0,0.0,up,1.0,PykeW:cooldownTime+; stats:hpPerLevel+,
2023,13.19,Rek'Sai,nerf,2,CommunityDragon,1.0,2.0,5.0,mixed,-0.3333333333333333,RekSaiPassive:calcHealAmount/mFormulaParts/0/mLevel1Value~; RekSaiPassive:calcHealAmount/mFormulaParts/0/mNumber~; RekSaiPassive:calcMaxHealthHealAmount/mFormulaParts/0/mEndValue~; RekSaiPassive:calcMaxHealthHealAmount/mFormulaParts/0/mLevel1Value~; RekSaiPassive:calcMaxHealthHealAmount/mFormulaParts/0/mStartValue~; RekSaiQ:UnburrowedADRatio-; RekSaiW:calcSpeedBonus/mFormulaParts/0/mLevel1Value-; RekSaiW:effect1+,
2023,13.19,Renekton,nerf,1,CommunityDragon,0.0,1.0,0.0,down,-1.0,stats:baseSpellBlock-,
2023,13.19,Syndra,buff,1,CommunityDragon,1.0,0.0,0.0,up,1.0,SyndraQ:BaseDamage+,
2023,13.19,Twitch,buff,1,CommunityDragon,0.0,0.0,0.0,none,0.0,,
2023,13.19,Viego,bugfix,0,CommunityDragon,0.0,0.0,0.0,none,0.0,,
2023,13.19,Yone,bugfix,0,CommunityDragon,0.0,0.0,0.0,none,0.0,,
2023,13.19,Zeri,nerf,1,CommunityDragon,0.0,1.0,0.0,down,-1.0,stats:baseMoveSpeed-,
2024,14.16,Alistar,bugfix,0,CommunityDragon,0.0,0.0,0.0,none,0.0,,
2024,14.16,Aurora,bugfix,0,unavailable,,,,,,,hotfix in preceding patch
2024,14.16,Azir,buff,2,CommunityDragon,1.0,0.0,1.0,up,1.0,stats:baseArmor+; stats:baseStaticHPRegen~,
2024,14.16,Cassiopeia,bugfix,0,CommunityDragon,0.0,0.0,9.0,reshaped,0.0,CassiopeiaE:BasicAPRatio~; CassiopeiaE:BonusDamage~; CassiopeiaE:calcBasicDamage/mFormulaParts/0/mLevel1Value~; CassiopeiaE:calcTotalDamage/mFormulaParts/0/mLevel1Value~; CassiopeiaE:calcTotalDamage/mFormulaParts/1/mCoefficient~; CassiopeiaE:effect0~; CassiopeiaE:effect2~; CassiopeiaE:mCoefficient~; CassiopeiaE:mCoefficient2~,
2024,14.16,Corki,nerf,2,CommunityDragon,0.0,2.0,0.0,down,-1.0,PhosphorusBomb:cooldownTime-; PhosphorusBomb:mana-,
2024,14.16,Katarina,adjust,0,CommunityDragon,2.0,2.0,0.0,mixed,0.0,KatarinaEWrapper:BaseDamage-; KatarinaQ:BaseDamage+; KatarinaQ:QAPRatio+; KatarinaR:OnHitRatio-,
2024,14.16,Leona,bugfix,0,CommunityDragon,0.0,0.0,0.0,none,0.0,,
2024,14.16,Lucian,adjust,0,CommunityDragon,1.0,1.0,0.0,mixed,0.0,LucianPassive:calcPassiveTotalDamage/mFormulaParts/1/mCoefficient+; LucianQ:effect0-,
2024,14.16,Neeko,bugfix,0,CommunityDragon,0.0,0.0,0.0,none,0.0,,
2024,14.16,Orianna,buff,1,CommunityDragon,1.0,0.0,0.0,up,1.0,OrianaIzunaCommand:mCoefficient+,
2024,14.16,Qiyana,adjust,0,CommunityDragon,13.0,3.0,8.0,mixed,0.625,QiyanaQ:BaseDamage~; QiyanaQ:JungleDamageAmp+; QiyanaQ:VanillaBase~; QiyanaQ:calcEnchantedDamage/mFormulaParts/1/mCoefficient+; QiyanaQ:calcVanillaDamage/mFormulaParts/1/mCoefficient+; QiyanaQ_Grass:BaseDamage~; QiyanaQ_Grass:JungleDamageAmp+; QiyanaQ_Grass:VanillaBase~; QiyanaQ_Grass:calcEnchantedDamage/mFormulaParts/1/mCoefficient+; QiyanaQ_Grass:calcVanillaDamage/mFormulaParts/1/mCoefficient+; QiyanaQ_Rock:BaseDamage~; QiyanaQ_Rock:JungleDamageAmp+,
2024,14.16,Rell,bugfix,0,CommunityDragon,0.0,0.0,0.0,none,0.0,,
2024,14.16,Senna,adjust,0,CommunityDragon,5.0,2.0,6.0,mixed,0.42857142857142855,SennaPassive:BonusCritChance-; SennaQ:BaseHeal+; SennaQ:HealADRatio~; SennaQ:HealAPRatio~; SennaQ:calcTotalHeal/mFormulaParts/1/mCoefficient~; SennaQ:calcTotalHeal/mFormulaParts/2/mCoefficient~; SennaQ:calcTotalHeal/mFormulaParts/3/mCoefficient~; SennaQ:calcTotalSlow/mFormulaParts/1/mCoefficient+; SennaQ:calcTotalSlow/mFormulaParts/2/mCoefficient+; SennaR:Shield~; SennaR:calcTotalShield/mFormulaParts/1/mCoefficient+; SennaW:RootDuration+,
2024,14.16,Skarner,buff,2,CommunityDragon,3.0,0.0,0.0,up,1.0,SkarnerQ:ADRatio+; stats:baseDamage+; stats:baseHP+,
2024,14.16,Sylas,buff,2,CommunityDragon,3.0,0.0,0.0,up,1.0,SylasPassive:calcPassiveDamage/mFormulaParts/1/mCoefficient+; SylasW:Damage+; stats:baseHP+,
2024,14.16,Syndra,buff,1,CommunityDragon,1.0,0.0,0.0,up,1.0,SyndraR:DamagePerSphere+,
2024,14.16,Taliyah,bugfix,0,CommunityDragon,0.0,0.0,0.0,none,0.0,,
2024,14.16,Varus,bugfix,0,CommunityDragon,0.0,0.0,0.0,none,0.0,,
2024,14.16,Vi,buff,1,CommunityDragon,1.0,0.0,0.0,up,1.0,ViQ:MinDamage+,
2024,14.16,Wukong,buff,2,CommunityDragon,3.0,0.0,0.0,up,1.0,MonkeyKingNimbus:AttackSpeed+; MonkeyKingPassive:calcBonusArmor/mFormulaParts/0/mEndValue+; MonkeyKingPassive:calcBonusArmor/mFormulaParts/0/mStartValue+,
2024,14.16,Yorick,bugfix,0,CommunityDragon,0.0,0.0,0.0,none,0.0,,
2024,14.17,Aatrox,bugfix,0,CommunityDragon,0.0,0.0,0.0,none,0.0,,
2024,14.17,Ashe,nerf,1,CommunityDragon,0.0,1.0,0.0,down,-1.0,stats:baseHP-,
2024,14.17,Aurora,nerf,2,CommunityDragon,0.0,1.0,0.0,down,-1.0,AuroraR:BaseDamage-,
2024,14.17,Brand,nerf,2,CommunityDragon,0.0,0.0,5.0,reshaped,0.0,BrandPassive:EpicMonsterDPSCap~; BrandPassive:JungleMonsterDPSCap~; BrandPassive:calcJungleMonsterExplosionFlatCap/mFormulaParts/0/mLevel1Value~; BrandPassive:calc{4124b2bf}/mFormulaParts/0/mPart2/mNumber~; BrandPassive:calc{afbf404a}/mFormulaParts/0/mPart2/mNumber~,
2024,14.17,Caitlyn,buff,2,CommunityDragon,2.0,0.0,0.0,up,1.0,CaitlynW:mAmmoRechargeTime+; stats:attackSpeedRatio+,
2024,14.17,Ezreal,nerf,1,CommunityDragon,0.0,1.0,0.0,down,-1.0,stats:baseDamage-,
2024,14.17,Graves,buff,2,CommunityDragon,2.0,0.0,0.0,up,1.0,GravesQLineSpell:BaseDamage+; GravesQLineSpell:cooldownTime+,
2024,14.17,Gwen,bugfix,0,CommunityDragon,0.0,0.0,0.0,none,0.0,,
2024,14.17,K'Sante,bugfix,0,CommunityDragon,0.0,0.0,0.0,none,0.0,,
2024,14.17,Katarina,nerf,1,CommunityDragon,0.0,2.0,0.0,down,-1.0,KatarinaQ:BaseDamage-; KatarinaQ:QAPRatio-,
2024,14.17,Kennen,nerf,1,CommunityDragon,0.0,2.0,0.0,down,-1.0,KennenShurikenHurlMissile1:calcTotalDamage/mFormulaParts/1/mCoefficient-; KennenShurikenHurlMissile1:mCoefficient-,
2024,14.17,Kindred,buff,2,CommunityDragon,4.0,0.0,0.0,up,1.0,KindredEWrapper:BaseDamage+; KindredEWrapper:calcBaseBiteDamage/mFormulaParts/1/mCoefficient+; KindredEWrapper:cooldownTime+; KindredQ:effect6+,
2024,14.17,LeBlanc,nerf,2,CommunityDragon,0.0,6.0,0.0,down,-1.0,LeblancQ:calcDamage/mFormulaParts/1/mCoefficient-; LeblancQ:calcMarkDamage/mFormulaParts/1/mCoefficient-; LeblancQ:mCoefficient-; LeblancQ:mCoefficient2-; LeblancW:WAPRatio-; LeblancW:mCoefficient-,
2024,14.17,Lillia,nerf,1,CommunityDragon,0.0,1.0,0.0,down,-1.0,LilliaP:calcMonsterDamageCap/mFormulaParts/0/mEndValue-,
2024,14.17,Lissandra,buff,2,CommunityDragon,2.0,0.0,1.0,up,1.0,LissandraQ:damage+; LissandraQ:effect0~; LissandraR:SlowAmount+,
2024,14.17,Miss Fortune,bugfix,0,CommunityDragon,0.0,0.0,0.0,none,0.0,,
2024,14.17,Neeko,bugfix,0,CommunityDragon,0.0,0.0,0.0,none,0.0,,
2024,14.17,Pyke,nerf,1,CommunityDragon,0.0,1.0,0.0,down,-1.0,stats:baseArmor-,
2024,14.17,Rumble,nerf,1,CommunityDragon,0.0,1.0,0.0,down,-1.0,RumbleHeatSystem:OverheatPercBonusDamage-,
2024,14.17,Ryze,buff,2,CommunityDragon,1.0,0.0,1.0,up,1.0,RyzeQWrapper:BaseDamage+; RyzeR:cooldownTime~,
2024,14.17,Senna,nerf,2,CommunityDragon,0.0,3.0,0.0,down,-1.0,SennaQ:BaseHeal-; SennaQ:HealAPRatio-; SennaR:calcTotalShield/mFormulaParts/1/mCoefficient-,
2024,14.17,Seraphine,nerf,2,CommunityDragon,0.0,2.0,0.0,down,-1.0,SeraphineW:ShieldStrength-; SeraphineW:cooldownTime-,
2024,14.17,Singed,bugfix,0,CommunityDragon,0.0,0.0,0.0,none,0.0,,
2024,14.17,Sylas,nerf,1,CommunityDragon,0.0,1.0,0.0,down,-1.0,SylasW:DamageAPRatio-,
2024,14.17,Talon,bugfix,0,CommunityDragon,0.0,0.0,0.0,none,0.0,,
2024,14.17,Twisted Fate,buff,1,CommunityDragon,1.0,0.0,2.0,up,1.0,WildCards:BaseDamage+; WildCards:effect0~; WildCards:mCoefficient~,
2024,14.17,Varus,buff,2,CommunityDragon,4.0,0.0,2.0,up,1.0,VarusE:BonusADRatio+; VarusE:mCoefficient~; VarusQ:BaseDamageMax+; VarusQ:calc{b3ef3984}/mFormulaParts/1/mPart2/mCoefficient~; VarusQ:tADRatioMax+; VarusQ:tADRatioMin+,
2024,14.17,Viego,bugfix,0,CommunityDragon,0.0,0.0,0.0,none,0.0,,
2024,14.17,Wukong,bugfix,0,CommunityDragon,0.0,0.0,0.0,none,0.0,,
2024,14.17,Xayah,bugfix,0,CommunityDragon,0.0,0.0,0.0,none,0.0,,
2024,14.17,Xin Zhao,bugfix,0,CommunityDragon,0.0,0.0,0.0,none,0.0,,
2024,14.17,Yone,bugfix,0,CommunityDragon,0.0,0.0,0.0,none,0.0,,
2024,14.18,Ahri,buff,2,CommunityDragon,2.0,0.0,0.0,up,1.0,AhriE:BaseDamage+; AhriE:calcTotalDamage/mFormulaParts/1/mCoefficient+,
2024,14.18,Akali,bugfix,0,CommunityDragon,0.0,0.0,0.0,none,0.0,,
2024,14.18,Aurora,nerf,3,CommunityDragon,0.0,2.0,0.0,down,-1.0,AuroraR:AreaDuration-; AuroraR:JumpMaxDistance-,
2024,14.18,Azir,nerf,2,CommunityDragon,0.0,1.0,0.0,down,-1.0,AzirW:APRatio-,
2024,14.18,Bel'Veth,bugfix,0,CommunityDragon,0.0,0.0,0.0,none,0.0,,
2024,14.18,Corki,nerf,2,CommunityDragon,0.0,3.0,0.0,down,-1.0,MissileBarrage:ADRatio-; MissileBarrage:BaseDamage-; PhosphorusBomb:BaseDamage-,
2024,14.18,Gnar,buff,1,CommunityDragon,1.0,0.0,0.0,up,1.0,stats:baseDamage+,
2024,14.18,Hwei,buff,1,CommunityDragon,1.0,0.0,0.0,up,1.0,HweiWW:AllyMod+,
2024,14.18,Ivern,nerf,2,CommunityDragon,0.0,2.0,0.0,down,-1.0,IvernE:BaseShield-; IvernE:SlowAmount-,
2024,14.18,Jarvan IV,buff,1,CommunityDragon,0.0,0.0,0.0,none,0.0,,
2024,14.18,Jax,buff,2,CommunityDragon,2.0,0.0,1.0,up,1.0,JaxR:BaseResists~; JaxR:PassiveBaseDamage+; JaxR:ResistsPerExtraTarget+,
2024,14.18,Jayce,buff,2,CommunityDragon,2.0,0.0,0.0,up,1.0,JayceAccelerationGate:MovementSpeed+; JayceToTheSkies:Slow+,
2024,14.18,Jinx,buff,1,CommunityDragon,1.0,0.0,0.0,up,1.0,stats:attackSpeedPerLevel+,
2024,14.18,Leona,nerf,1,CommunityDragon,0.0,1.0,0.0,down,-1.0,stats:baseArmor-,
2024,14.18,Lillia,nerf,2,CommunityDragon,0.0,1.0,3.0,down,-1.0,LilliaP:calcMonsterDamageCap/mFormulaParts/0/mEndValue~; LilliaP:calcMonsterDamageCap/mFormulaParts/0/mNumber~; LilliaP:calcMonsterDamageCap/mFormulaParts/0/mStartValue~; LilliaR:SleepDuration-,
2024,14.18,Lissandra,nerf,1,CommunityDragon,0.0,1.0,1.0,down,-1.0,LissandraQ:calcTotalDamage/mFormulaParts/1/mCoefficient-; LissandraQ:mCoefficient~,
2024,14.18,Lulu,buff,1,CommunityDragon,2.0,0.0,0.0,up,1.0,LuluPassive:calcTotalDamage/mFormulaParts/0/mEndValue+; LuluPassive:calcTotalDamage/mFormulaParts/0/mStartValue+,
2024,14.18,Malphite,buff,1,CommunityDragon,1.0,0.0,0.0,up,1.0,MalphiteShield:calcTotalShield/mFormulaParts/0/mCoefficient+,
2024,14.18,Maokai,nerf,2,CommunityDragon,0.0,3.0,0.0,down,-1.0,MaokaiE:calcEmpoweredSaplingDuration/mFormulaParts/1/mCoefficient-; MaokaiE:cooldownTime-; MaokaiQ:BaseDamage-,
2024,14.18,Miss Fortune,nerf,1,CommunityDragon,0.0,1.0,0.0,down,-1.0,stats:baseDamage-,
2024,14.18,Morgana,bugfix,0,CommunityDragon,0.0,0.0,0.0,none,0.0,,
2024,14.18,Nasus,nerf,2,CommunityDragon,0.0,2.0,0.0,down,-1.0,NasusE:effect0-; NasusE:effect3-,
2024,14.18,Pyke,bugfix,0,CommunityDragon,0.0,0.0,0.0,none,0.0,,
2024,14.18,Rell,nerf,1,CommunityDragon,0.0,2.0,1.0,down,-1.0,RellE:BaseMS-; RellE:MaxMS-; RellE:PassiveMS~,
2024,14.18,Rumble,nerf,2,CommunityDragon,0.0,3.0,0.0,down,-1.0,RumbleFlameThrower:APRatio-; RumbleFlameThrower:BaseDamage-; RumbleGrenade:BaseDamage-,
2024,14.18,Samira,buff,1,CommunityDragon,1.0,0.0,0.0,up,1.0,SamiraQ:QADRatio+,
2024,14.18,Shen,buff,1,CommunityDragon,2.0,0.0,0.0,up,1.0,ShenPassive:calc{58a09e24}/mFormulaParts/0/mEndValue+; ShenPassive:calc{58a09e24}/mFormulaParts/1/mCoefficient+,
2024,14.18,Skarner,bugfix,0,CommunityDragon,0.0,0.0,0.0,none,0.0,,
2024,14.18,Smolder,nerf,2,CommunityDragon,0.0,3.0,0.0,down,-1.0,SmolderQ:BaseDamage-; SmolderW:BaseDamage-; stats:baseHP-,
2024,14.18,Swain,bugfix,0,CommunityDragon,0.0,0.0,0.0,none,0.0,,
2024,14.18,Varus,nerf,2,CommunityDragon,0.0,2.0,0.0,down,-1.0,VarusE:BonusADRatio-; VarusQ:tADRatioMax-,
2024,14.18,Vi,nerf,1,CommunityDragon,0.0,1.0,0.0,down,-1.0,ViQ:MinDamage-,
2024,14.18,Viego,buff,1,CommunityDragon,1.0,1.0,0.0,mixed,0.0,ViegoQ:BonusDamageVsMonsters-; stats:baseDamage+,
2024,14.18,Vladimir,bugfix,0,CommunityDragon,0.0,0.0,0.0,none,0.0,,
2024,14.18,Xin Zhao,buff,2,CommunityDragon,2.0,0.0,0.0,up,1.0,XinZhaoQ:effect0+; stats:armorPerLevel+,
2024,14.18,Zeri,nerf,2,CommunityDragon,0.0,3.0,0.0,down,-1.0,ZeriQ:calcPassiveMaxChargePercentHealth/mFormulaParts/0/mEndValue-; ZeriQ:calcPassiveMaxDamage/mFormulaParts/0/mEndValue-; ZeriQ:calcPassiveMaxDamage/mFormulaParts/0/mStartValue-,
2024,14.18,Ziggs,nerf,1,CommunityDragon,0.0,1.0,0.0,down,-1.0,ZiggsPassiveBuff:StructureDamageRatio-,
2025,15.18,Amumu,buff,2,CommunityDragon,1.0,0.0,1.0,up,1.0,BandageToss:mAmmoRechargeTime+; BandageToss:mana~,
2025,15.18,Annie,nerf,2,CommunityDragon,0.0,1.0,1.0,down,-1.0,AnnieR:RPercentPenBuff~; AnnieW:BaseDamage-,
2025,15.18,Ashe,buff,1,CommunityDragon,1.0,0.0,0.0,up,1.0,stats:damagePerLevel+,
2025,15.18,Aurora,nerf,2,CommunityDragon,1.0,1.0,1.0,mixed,0.0,AuroraPassive:BaseHPDamage-; AuroraPassive:calcProcDamage/mFormulaParts/1/mCoefficient+; AuroraR:RBuffDuration~,
2025,15.18,Azir,nerf,2,CommunityDragon,0.0,2.0,0.0,down,-1.0,AzirW:APRatio-; stats:attackSpeedPerLevel-,
2025,15.18,Briar,adjust,0,CommunityDragon,2.0,1.0,1.0,mixed,0.3333333333333333,BriarQ:BaseDamage-; BriarR:DamageBonusADRatio~; BriarR:calcDamage/mFormulaParts/1/mCoefficient+; BriarR:castRange+,
2025,15.18,Cassiopeia,buff,2,CommunityDragon,2.0,0.0,0.0,up,1.0,CassiopeiaE:BonusDamage+; stats:resource.arBase+,
2025,15.18,Diana,bugfix,0,CommunityDragon,0.0,0.0,0.0,none,0.0,,
2025,15.18,Gangplank,bugfix,0,CommunityDragon,0.0,0.0,0.0,none,0.0,,
2025,15.18,Galio,nerf,2,CommunityDragon,0.0,2.0,0.0,down,-1.0,GalioPassive:calcTotalDamage/mFormulaParts/2/mCoefficient-; GalioQ:SuperQBasePercentage-,
2025,15.18,Garen,buff,1,CommunityDragon,1.0,0.0,0.0,up,1.0,GarenE:ADRatioPerTick+,
2025,15.18,Graves,bugfix,0,CommunityDragon,0.0,0.0,0.0,none,0.0,,
2025,15.18,Hwei,buff,2,CommunityDragon,6.0,0.0,0.0,up,1.0,HweiEE:calcDamage/mFormulaParts/1/mCoefficient+; HweiEQ:calcDamage/mFormulaParts/1/mCoefficient+; HweiEW:calcDamage/mFormulaParts/1/mCoefficient+; HweiPassive:calcTotalDamage/mFormulaParts/1/mCoefficient+; HweiWQ:BaseMoveSpeed+; HweiWQ:calcMoveSpeed/mFormulaParts/1/mCoefficient+,
2025,15.18,Illaoi,adjust,0,CommunityDragon,2.0,1.0,23.0,mixed,0.3333333333333333,IllaoiE:VesselDuration+; IllaoiE:effect5~; IllaoiE:effect8~; IllaoiPassive:ADRatio~; IllaoiPassive:APRatio~; IllaoiPassive:SpawnRadius-; IllaoiPassive:calc{71dd475d}/mFormulaParts/0/mLevel1Value~; IllaoiQ:effect0~; IllaoiQ:effect3~; IllaoiQ:effect4~; IllaoiQ:effect6~; IllaoiQ:effect7~,
2025,15.18,Jayce,buff,1,CommunityDragon,1.0,0.0,0.0,up,1.0,JayceShockBlast:BaseDamage+,
2025,15.18,K'Sante,bugfix,0,CommunityDragon,0.0,0.0,0.0,none,0.0,,
2025,15.18,Karthus,bugfix,0,CommunityDragon,0.0,0.0,0.0,none,0.0,,
2025,15.18,LeBlanc,bugfix,0,CommunityDragon,0.0,0.0,0.0,none,0.0,,
2025,15.18,Milio,bugfix,0,CommunityDragon,0.0,0.0,0.0,none,0.0,,
2025,15.18,Nilah,bugfix,0,CommunityDragon,0.0,0.0,0.0,none,0.0,,
2025,15.18,Qiyana,nerf,2,CommunityDragon,0.0,3.0,0.0,down,-1.0,QiyanaPassive:BonusADRatio-; stats:armorPerLevel-; stats:baseDamage-,
2025,15.18,Sylas,nerf,1,CommunityDragon,0.0,1.0,0.0,down,-1.0,SylasPassive:MonsterDamageMulti-,
2025,15.18,Syndra,bugfix,0,CommunityDragon,0.0,0.0,0.0,none,0.0,,
2025,15.18,Taliyah,adjust,0,CommunityDragon,4.0,3.0,0.0,mixed,0.14285714285714285,TaliyahE:BaseDetonationDamage-; TaliyahE:MonsterModPercent+; TaliyahE:mana+; TaliyahQ:BaseDamage-; TaliyahQ:MonsterBonusFlatDamage+; TaliyahQ:effect6-; TaliyahQ:mana+,
2025,15.18,Teemo,bugfix,0,CommunityDragon,0.0,0.0,0.0,none,0.0,,
2025,15.18,Thresh,bugfix,0,CommunityDragon,0.0,0.0,0.0,none,0.0,,
2025,15.18,Vel'Koz,buff,2,CommunityDragon,2.0,0.0,0.0,up,1.0,VelkozE:cooldownTime+; VelkozR:effect0+,
2025,15.18,Volibear,nerf,1,CommunityDragon,0.0,1.0,0.0,down,-1.0,VolibearP:calcAttackSpeedCalc/mFormulaParts/1/mCoefficient-,
2025,15.18,Xin Zhao,bugfix,0,CommunityDragon,0.0,0.0,4.0,reshaped,0.0,XinZhaoE:APRatio~; XinZhaoE:calcChargeDamage/mFormulaParts/1/mCoefficient~; XinZhaoP:HealAPRatio~; XinZhaoP:calcTotalHealing/mFormulaParts/1/mCoefficient~,
2025,15.18,Yunara,nerf,3,CommunityDragon,0.0,4.0,0.0,down,-1.0,YunaraE:Buff_Duration-; YunaraE:Move_Speed-; stats:baseDamage-; stats:baseHP-,
2025,15.18,Zac,buff,1,CommunityDragon,0.0,0.0,0.0,none,0.0,,
2025,15.19,Ahri,buff,2,CommunityDragon,1.0,0.0,0.0,up,1.0,AhriR:RBaseDamage+,
2025,15.19,Ambessa,bugfix,0,CommunityDragon,0.0,0.0,0.0,none,0.0,,
2025,15.19,Aurora,bugfix,0,CommunityDragon,0.0,0.0,0.0,none,0.0,,
2025,15.19,Blitzcrank,bugfix,0,CommunityDragon,0.0,0.0,0.0,none,0.0,,
2025,15.19,Brand,buff,2,CommunityDragon,3.0,0.0,1.0,up,1.0,BrandPassive:MonsterMod+; BrandR:APRatio+; BrandR:mCoefficient~; BrandW:APRatio+,
2025,15.19,Caitlyn,buff,1,CommunityDragon,1.0,0.0,0.0,up,1.0,stats:baseDamage+,
2025,15.19,Corki,nerf,1,CommunityDragon,0.0,2.0,0.0,down,-1.0,PhosphorusBomb:ADRatio-; PhosphorusBomb:BaseDamage-,
2025,15.19,Diana,buff,1,CommunityDragon,1.0,0.0,0.0,up,1.0,DianaPassive:MonsterMod+,
2025,15.19,Draven,buff,2,CommunityDragon,2.0,0.0,0.0,up,1.0,DravenFury:effect3+; DravenRCast:RBaseDamage+,
2025,15.19,Heimerdinger,bugfix,0,CommunityDragon,1.0,0.0,0.0,up,1.0,HeimerdingerW:TotalBaseDamage+,
2025,15.19,Jax,adjust,0,CommunityDragon,1.0,1.0,0.0,mixed,0.0,JaxR:BaseResists+; stats:baseHP-,
2025,15.19,Jinx,buff,2,CommunityDragon,2.0,0.0,0.0,up,1.0,JinxE:Damage+; JinxQ:RocketBonusRange+,
2025,15.19,Kai'Sa,bugfix,0,CommunityDragon,0.0,0.0,0.0,none,0.0,,
2025,15.19,LeBlanc,buff,2,CommunityDragon,2.0,0.0,0.0,up,1.0,LeblancR:calcRWDamage/mFormulaParts/1/mCoefficient+; LeblancW:WAPRatio+,
2025,15.19,Lee Sin,adjust,0,CommunityDragon,2.0,3.0,2.0,mixed,-0.2,LeeSinQOne:Q1BaseDamage+; LeeSinQOne:Q2ADRatio-; LeeSinQOne:Q2BaseDamage+; LeeSinQOne:calcInitialDamage/mFormulaParts/1/mCoefficient-; LeeSinQOne:mCoefficient~; LeeSinQTwo:mCoefficient~; stats:armorPerLevel-,
2025,15.19,Lillia,buff,2,CommunityDragon,3.0,0.0,0.0,up,1.0,LilliaR:BreakDamageBase+; LilliaR:calcTotalDamage/mFormulaParts/1/mCoefficient+; LilliaR:cooldownTime+,
2025,15.19,Mel,buff,2,CommunityDragon,2.0,0.0,0.0,up,1.0,MelPassive:calcPassiveBonusMissileDamage/mFormulaParts/0/mEndValue+; MelPassive:calcPassiveBonusMissileDamage/mFormulaParts/1/mCoefficient+,
2025,15.19,Mordekaiser,bugfix,0,CommunityDragon,0.0,0.0,0.0,none,0.0,,
2025,15.19,Naafiri,bugfix,0,CommunityDragon,0.0,0.0,0.0,none,0.0,,
2025,15.19,Nasus,bugfix,0,CommunityDragon,0.0,0.0,0.0,none,0.0,,
2025,15.19,Nilah,bugfix,0,CommunityDragon,0.0,0.0,0.0,none,0.0,,
2025,15.19,Pantheon,nerf,3,CommunityDragon,0.0,2.0,0.0,down,-1.0,PantheonQ:MonsterDamageMod-; PantheonW:MonsterDamageCap-,
2025,15.19,Poppy,nerf,2,CommunityDragon,1.0,1.0,0.0,mixed,0.0,PoppyQ:effect5-; PoppyR:CancelCDRefund+,
2025,15.19,Rakan,bugfix,0,CommunityDragon,0.0,0.0,0.0,none,0.0,,
2025,15.19,Seraphine,buff,2,CommunityDragon,3.0,0.0,0.0,up,1.0,SeraphineW:WMissingHPBase+; stats:hpPerLevel+; stats:resource.arPerLevel+,
2025,15.19,Sion,bugfix,0,CommunityDragon,0.0,0.0,0.0,none,0.0,,
2025,15.19,Sivir,nerf,1,CommunityDragon,0.0,1.0,0.0,down,-1.0,SivirQ:ADRatio-,
2025,15.19,Soraka,bugfix,0,CommunityDragon,0.0,0.0,0.0,none,0.0,,
2025,15.19,Sylas,bugfix,0,CommunityDragon,0.0,0.0,0.0,none,0.0,,
2025,15.19,Syndra,adjust,0,CommunityDragon,5.0,2.0,0.0,mixed,0.42857142857142855,SyndraE5:cooldownTime+; SyndraE:cooldownTime+; SyndraQ:BaseDamage+; SyndraQ:calcTotalDamage/mFormulaParts/1/mCoefficient+; SyndraQUpgrade:BaseDamage+; stats:armorPerLevel-; stats:hpPerLevel-,
2025,15.19,Xin Zhao,bugfix,0,CommunityDragon,0.0,0.0,0.0,none,0.0,,
2025,15.19,Yorick,bugfix,0,CommunityDragon,0.0,0.0,0.0,none,0.0,,
2025,15.19,Zac,bugfix,0,CommunityDragon,0.0,0.0,0.0,none,0.0,,
2025,15.19,Zoe,bugfix,0,CommunityDragon,0.0,0.0,0.0,none,0.0,,
2025,15.20,Anivia,buff,2,CommunityDragon,2.0,0.0,0.0,up,1.0,FlashFrost:cooldownTime+; Frostbite:BaseDamage+,
2025,15.20,Azir,adjust,0,CommunityDragon,0.0,2.0,9.0,down,-1.0,AzirEWrapper:BaseDamage~; AzirEWrapper:BaseShield~; AzirEWrapper:DamageRatio~; AzirEWrapper:calcTotalDamage/mFormulaParts/1/mCoefficient~; AzirEWrapper:effect2~; AzirEWrapper:effect3~; AzirEWrapper:mCoefficient~; AzirEWrapper:mCoefficient2~; AzirW:APRatio~; AzirW:calcSecondaryTargetDamageMod/mFormulaParts/0/mLevel1Value-; AzirW:mAmmoRechargeTime-,
2025,15.20,Briar,nerf,1,CommunityDragon,0.0,1.0,0.0,down,-1.0,BriarP:MaxBleedStacks-,
2025,15.20,Camille,adjust,0,CommunityDragon,2.0,1.0,0.0,mixed,0.3333333333333333,CamilleW:BaseDamage+; CamilleW:cooldownTime+; stats:armorPerLevel-,
2025,15.20,Fizz,buff,2,CommunityDragon,4.0,0.0,18.0,up,1.0,FizzR:BigDamage~; FizzR:LargeDamageMulti~; FizzR:MidDamage~; FizzR:MidDamageMulti~; FizzR:SmallAPRatio~; FizzR:SmallDamage+; FizzR:calcBigSharkDamage/mFormulaParts/1/mCoefficient~; FizzR:calcSmallSharkDamage/mFormulaParts/1/mCoefficient~; FizzR:calc{262c3c02}/mFormulaParts/1/mCoefficient~; FizzR:mCoefficient~; FizzR:mCoefficient2~; FizzW:ActiveBaseDamage+,
2025,15.20,Graves,buff,1,CommunityDragon,1.0,0.0,5.0,up,1.0,GravesQLineSpell:BaseDamage+; GravesQLineSpell:BaseDetonationDamage~; GravesQLineSpell:FirstADRatio~; GravesQLineSpell:bADDetonationRatio~; GravesQLineSpell:calcTotalDamage/mFormulaParts/1/mCoefficient~; GravesQLineSpell:mCoefficient~,
2025,15.20,Jinx,bugfix,0,CommunityDragon,0.0,0.0,0.0,none,0.0,,
2025,15.20,Katarina,buff,1,CommunityDragon,1.0,0.0,0.0,up,1.0,stats:baseArmor+,
2025,15.20,Leona,bugfix,0,CommunityDragon,0.0,0.0,0.0,none,0.0,,
2025,15.20,Malphite,buff,2,CommunityDragon,2.0,0.0,0.0,up,1.0,Landslide:BaseDamage+; stats:baseArmor+,
2025,15.20,Nidalee,adjust,0,unavailable,,,,,,,hotfix in preceding patch
2025,15.20,Orianna,nerf,1,CommunityDragon,1.0,1.0,5.0,mixed,0.0,OrianaDissonanceCommand:APRatio+; OrianaDissonanceCommand:BaseDamage-; OrianaDissonanceCommand:effect0~; OrianaDissonanceCommand:effect1~; OrianaDissonanceCommand:effect2~; OrianaDissonanceCommand:effect3~; OrianaDissonanceCommand:effect4~,
2025,15.20,Pantheon,buff,1,CommunityDragon,2.0,0.0,0.0,up,1.0,PantheonQ:MonsterDamageMod+; PantheonW:MonsterDamageCap+,
2025,15.20,Seraphine,bugfix,0,CommunityDragon,0.0,0.0,0.0,none,0.0,,
2025,15.20,Sion,bugfix,0,CommunityDragon,0.0,0.0,0.0,none,0.0,,
2025,15.20,Soraka,bugfix,0,CommunityDragon,0.0,0.0,0.0,none,0.0,,
2025,15.20,Sylas,bugfix,0,CommunityDragon,0.0,0.0,0.0,none,0.0,,
2025,15.20,Tahm Kench,bugfix,0,CommunityDragon,0.0,0.0,0.0,none,0.0,,
2025,15.20,Veigar,buff,1,CommunityDragon,1.0,0.0,0.0,up,1.0,VeigarDarkMatter:APRatio+,
2025,15.20,Volibear,nerf,2,CommunityDragon,0.0,2.0,0.0,down,-1.0,VolibearE:APRatio-; VolibearP:APRatio-,
2025,15.20,Warwick,nerf,2,CommunityDragon,1.0,2.0,0.0,mixed,-0.3333333333333333,WarwickR:cooldownTime+; stats:attackSpeedPerLevel-; stats:damagePerLevel-,
2025,15.20,Wukong,adjust,0,CommunityDragon,1.0,3.0,2.0,mixed,-0.5,MonkeyKingDecoy:CloneDamageMod-; MonkeyKingDecoy:cooldownTime-; MonkeyKingDecoy:mCoefficient~; MonkeyKingDoubleAttack:ADRatio-; MonkeyKingDoubleAttack:calcTotalDamage/mFormulaParts/1/mCoefficient~; MonkeyKingNimbus:BaseDamage+,
2025,15.20,Xin Zhao,bugfix,0,CommunityDragon,0.0,0.0,0.0,none,0.0,,
2025,15.20,Zoe,bugfix,0,CommunityDragon,0.0,0.0,0.0,none,0.0,,
