year,release,champion,presence,net,pres_pct
2016,6.13@2016-06-29,Aatrox,0.0007022471910112359,0.0,0.0375
2016,6.13@2016-06-29,Ahri,0.020365168539325844,0.0,0.49166666666666664
2016,6.13@2016-06-29,Alistar,0.40098314606741575,0.0,0.8666666666666667
2016,6.13@2016-06-29,Amumu,0.0014044943820224719,0.0,0.10833333333333334
2016,6.13@2016-06-29,Anivia,0.07794943820224719,0.0,0.6333333333333333
2016,6.13@2016-06-29,Annie,0.002106741573033708,0.0,0.17083333333333334
2016,6.13@2016-06-29,Ashe,0.17064606741573032,0.0,0.7541666666666667
2016,6.13@2016-06-29,Aurelion Sol,0.021067415730337078,0.0,0.5041666666666667
2016,6.13@2016-06-29,Azir,0.7816011235955056,0.0,1.0
2016,6.13@2016-06-29,Bard,0.40870786516853935,0.0,0.875
2016,6.13@2016-06-29,Blitzcrank,0.009129213483146067,-2.0,0.3625
2016,6.13@2016-06-29,Brand,0.007724719101123595,0.0,0.3125
2016,6.13@2016-06-29,Braum,0.6411516853932584,0.0,0.9583333333333334
2016,6.13@2016-06-29,Caitlyn,0.2717696629213483,0.0,0.8166666666666667
2016,6.13@2016-06-29,Cassiopeia,0.0351123595505618,0.0,0.55
2016,6.13@2016-06-29,Cho'Gath,0.0007022471910112359,0.0,0.0375
2016,6.13@2016-06-29,Corki,0.17064606741573032,0.0,0.7541666666666667
2016,6.13@2016-06-29,Darius,0.002106741573033708,0.0,0.17083333333333334
2016,6.13@2016-06-29,Diana,0.008426966292134831,0.0,0.3416666666666667
2016,6.13@2016-06-29,Draven,0.016151685393258428,0.0,0.4625
2016,6.13@2016-06-29,Ekko,0.48174157303370785,0.0,0.925
2016,6.13@2016-06-29,Elise,0.4234550561797753,0.0,0.8833333333333333
2016,6.13@2016-06-29,Evelynn,0.014044943820224719,0.0,0.42083333333333334
2016,6.13@2016-06-29,Ezreal,0.37780898876404495,0.0,0.8583333333333333
2016,6.13@2016-06-29,Fiora,0.09901685393258428,0.0,0.6708333333333333
2016,6.13@2016-06-29,Fizz,0.15941011235955055,0.0,0.7416666666666667
2016,6.13@2016-06-29,Galio,0.0007022471910112359,0.0,0.0375
2016,6.13@2016-06-29,Gangplank,0.09901685393258428,0.0,0.6708333333333333
2016,6.13@2016-06-29,Garen,0.0014044943820224719,0.0,0.10833333333333334
2016,6.13@2016-06-29,Gnar,0.06601123595505617,2.0,0.6
2016,6.13@2016-06-29,Gragas,0.37570224719101125,0.0,0.85
2016,6.13@2016-06-29,Graves,0.43609550561797755,0.0,0.8916666666666667
2016,6.13@2016-06-29,Hecarim,0.06601123595505617,0.0,0.6
2016,6.13@2016-06-29,Heimerdinger,0.0007022471910112359,0.0,0.0375
2016,6.13@2016-06-29,Illaoi,0.018258426966292134,0.0,0.48333333333333334
2016,6.13@2016-06-29,Irelia,0.2050561797752809,-2.0,0.7833333333333333
2016,6.13@2016-06-29,Janna,0.05547752808988764,0.0,0.5833333333333334
2016,6.13@2016-06-29,Jarvan IV,0.007022471910112359,1.0,0.2875
2016,6.13@2016-06-29,Jax,0.051264044943820225,0.0,0.5583333333333333
2016,6.13@2016-06-29,Jayce,0.01544943820224719,0.0,0.44583333333333336
2016,6.13@2016-06-29,Jhin,0.19592696629213482,0.0,0.775
2016,6.13@2016-06-29,Jinx,0.006320224719101123,0.0,0.2708333333333333
2016,6.13@2016-06-29,Kalista,0.24087078651685392,0.0,0.8
2016,6.13@2016-06-29,Karma,0.4452247191011236,0.0,0.9083333333333333
2016,6.13@2016-06-29,Karthus,0.0035112359550561797,0.0,0.21666666666666667
2016,6.13@2016-06-29,Kassadin,0.05407303370786517,0.0,0.575
2016,6.13@2016-06-29,Katarina,0.0007022471910112359,0.0,0.0375
2016,6.13@2016-06-29,Kayle,0.0028089887640449437,0.0,0.2
2016,6.13@2016-06-29,Kennen,0.007724719101123595,0.0,0.3125
2016,6.13@2016-06-29,Kha'Zix,0.009831460674157303,0.0,0.37916666666666665
2016,6.13@2016-06-29,Kindred,0.6980337078651685,-2.0,0.9666666666666667
2016,6.13@2016-06-29,Kog'Maw,0.016151685393258428,0.0,0.4625
2016,6.13@2016-06-29,LeBlanc,0.2991573033707865,0.0,0.825
2016,6.13@2016-06-29,Lee Sin,0.07865168539325842,0.0,0.6416666666666667
2016,6.13@2016-06-29,Leona,0.0049157303370786515,0.0,0.25
2016,6.13@2016-06-29,Lissandra,0.23384831460674158,0.0,0.7916666666666666
2016,6.13@2016-06-29,Lucian,0.6158707865168539,0.0,0.95
2016,6.13@2016-06-29,Lulu,0.14747191011235955,2.0,0.7166666666666667
2016,6.13@2016-06-29,Lux,0.006320224719101123,0.0,0.2708333333333333
2016,6.13@2016-06-29,Malphite,0.014747191011235955,0.0,0.43333333333333335
2016,6.13@2016-06-29,Malzahar,0.007724719101123595,0.0,0.3125
2016,6.13@2016-06-29,Maokai,0.5182584269662921,0.0,0.9333333333333333
2016,6.13@2016-06-29,Master Yi,0.002106741573033708,0.0,0.17083333333333334
2016,6.13@2016-06-29,Miss Fortune,0.010533707865168539,0.0,0.3958333333333333
2016,6.13@2016-06-29,Mordekaiser,0.007724719101123595,0.0,0.3125
2016,6.13@2016-06-29,Morgana,0.0723314606741573,0.0,0.625
2016,6.13@2016-06-29,Nami,0.1327247191011236,0.0,0.7083333333333334
2016,6.13@2016-06-29,Nautilus,0.09691011235955056,0.0,0.6583333333333333
2016,6.13@2016-06-29,Nidalee,0.7043539325842697,0.0,0.9833333333333333
2016,6.13@2016-06-29,Nocturne,0.0014044943820224719,0.0,0.10833333333333334
2016,6.13@2016-06-29,Nunu & Willump,0.0014044943820224719,0.0,0.10833333333333334
2016,6.13@2016-06-29,Olaf,0.05337078651685393,0.0,0.5666666666666667
2016,6.13@2016-06-29,Orianna,0.021067415730337078,0.0,0.5041666666666667
2016,6.13@2016-06-29,Poppy,0.3047752808988764,0.0,0.8333333333333334
2016,6.13@2016-06-29,Quinn,0.01544943820224719,0.0,0.44583333333333336
2016,6.13@2016-06-29,Rammus,0.016853932584269662,0.0,0.475
2016,6.13@2016-06-29,Rek'Sai,0.47120786516853935,0.0,0.9166666666666666
2016,6.13@2016-06-29,Renekton,0.0049157303370786515,0.0,0.25
2016,6.13@2016-06-29,Rengar,0.002106741573033708,0.0,0.17083333333333334
2016,6.13@2016-06-29,Riven,0.0014044943820224719,0.0,0.10833333333333334
2016,6.13@2016-06-29,Rumble,0.023876404494382022,0.0,0.5208333333333334
2016,6.13@2016-06-29,Ryze,0.738061797752809,0.0,0.9916666666666667
2016,6.13@2016-06-29,Sejuani,0.008426966292134831,0.0,0.3416666666666667
2016,6.13@2016-06-29,Shaco,0.0014044943820224719,0.0,0.10833333333333334
2016,6.13@2016-06-29,Shen,0.12148876404494383,0.0,0.7
2016,6.13@2016-06-29,Shyvana,0.0035112359550561797,0.0,0.21666666666666667
2016,6.13@2016-06-29,Sion,0.0014044943820224719,0.0,0.10833333333333334
2016,6.13@2016-06-29,Sivir,0.5695224719101124,0.0,0.9416666666666667
2016,6.13@2016-06-29,Skarner,0.0014044943820224719,0.0,0.10833333333333334
2016,6.13@2016-06-29,Sona,0.002106741573033708,0.0,0.17083333333333334
2016,6.13@2016-06-29,Soraka,0.06882022471910113,0.0,0.6166666666666667
2016,6.13@2016-06-29,Swain,0.25842696629213485,-2.0,0.8083333333333333
2016,6.13@2016-06-29,Syndra,0.009129213483146067,1.0,0.3625
2016,6.13@2016-06-29,Tahm Kench,0.03441011235955056,3.0,0.5416666666666666
2016,6.13@2016-06-29,Taliyah,0.007022471910112359,0.0,0.2875
2016,6.13@2016-06-29,Talon,0.0007022471910112359,0.0,0.0375
2016,6.13@2016-06-29,Taric,0.02598314606741573,0.0,0.5333333333333333
2016,6.13@2016-06-29,Teemo,0.0007022471910112359,0.0,0.0375
2016,6.13@2016-06-29,Thresh,0.15730337078651685,1.0,0.725
2016,6.13@2016-06-29,Tristana,0.023876404494382022,0.0,0.5208333333333334
2016,6.13@2016-06-29,Trundle,0.6987359550561798,-2.0,0.975
2016,6.13@2016-06-29,Twisted Fate,0.1952247191011236,0.0,0.7666666666666667
2016,6.13@2016-06-29,Twitch,0.06601123595505617,0.0,0.6
2016,6.13@2016-06-29,Udyr,0.0035112359550561797,0.0,0.21666666666666667
2016,6.13@2016-06-29,Urgot,0.002106741573033708,0.0,0.17083333333333334
2016,6.13@2016-06-29,Varus,0.15870786516853932,0.0,0.7333333333333333
2016,6.13@2016-06-29,Vayne,0.010533707865168539,0.0,0.3958333333333333
2016,6.13@2016-06-29,Veigar,0.014044943820224719,0.0,0.42083333333333334
2016,6.13@2016-06-29,Vel'Koz,0.009831460674157303,0.0,0.37916666666666665
2016,6.13@2016-06-29,Viktor,0.3609550561797753,0.0,0.8416666666666667
2016,6.13@2016-06-29,Vladimir,0.4417134831460674,-2.0,0.9
2016,6.13@2016-06-29,Volibear,0.0007022471910112359,-2.0,0.0375
2016,6.13@2016-06-29,Xerath,0.0049157303370786515,0.0,0.25
2016,6.13@2016-06-29,Yasuo,0.013342696629213483,0.0,0.4083333333333333
2016,6.13@2016-06-29,Yorick,0.0014044943820224719,0.0,0.10833333333333334
2016,6.13@2016-06-29,Zac,0.008426966292134831,0.0,0.3416666666666667
2016,6.13@2016-06-29,Zed,0.1074438202247191,0.0,0.6833333333333333
2016,6.13@2016-06-29,Ziggs,0.004213483146067416,0.0,0.23333333333333334
2016,6.13@2016-06-29,Zilean,0.11446629213483146,0.0,0.6916666666666667
2016,6.13@2016-06-29,Zyra,0.07935393258426966,-2.0,0.65
2016,6.14@2016-07-13,Ahri,0.013439218081857055,0.0,0.4406779661016949
2016,6.14@2016-07-13,Alistar,0.31337813072693954,0.0,0.8389830508474576
2016,6.14@2016-07-13,Amumu,0.002443494196701283,0.0,0.18220338983050846
2016,6.14@2016-07-13,Anivia,0.0916310323762981,0.0,0.6779661016949152
2016,6.14@2016-07-13,Annie,0.0012217470983506415,1.0,0.11440677966101695
2016,6.14@2016-07-13,Ashe,0.23152107513744655,0.0,0.7796610169491526
2016,6.14@2016-07-13,Aurelion Sol,0.02687843616371411,0.0,0.5084745762711864
2016,6.14@2016-07-13,Azir,0.7483200977397678,-2.0,0.9915254237288136
2016,6.14@2016-07-13,Bard,0.45571166768478927,0.0,0.9067796610169492
2016,6.14@2016-07-13,Blitzcrank,0.007330482590103849,0.0,0.288135593220339
2016,6.14@2016-07-13,Brand,0.010995723885155772,0.0,0.4067796610169492
2016,6.14@2016-07-13,Braum,0.6530238240684179,0.0,0.9745762711864406
2016,6.14@2016-07-13,Caitlyn,0.2620647525962126,0.0,0.7966101694915254
2016,6.14@2016-07-13,Cassiopeia,0.08979841172877215,0.0,0.6694915254237288
2016,6.14@2016-07-13,Cho'Gath,0.0006108735491753207,0.0,0.046610169491525424
2016,6.14@2016-07-13,Corki,0.06597434331093463,0.0,0.5720338983050848
2016,6.14@2016-07-13,Darius,0.0012217470983506415,0.0,0.11440677966101695
2016,6.14@2016-07-13,Diana,0.006108735491753207,0.0,0.2711864406779661
2016,6.14@2016-07-13,Draven,0.019547953573610263,0.0,0.4830508474576271
2016,6.14@2016-07-13,Ekko,0.403787416004887,0.0,0.8728813559322034
2016,6.14@2016-07-13,Elise,0.4129505192425168,0.0,0.8813559322033898
2016,6.14@2016-07-13,Evelynn,0.00916310323762981,0.0,0.3516949152542373
2016,6.14@2016-07-13,Ezreal,0.3787416004886988,0.0,0.864406779661017
2016,6.14@2016-07-13,Fiddlesticks,0.0006108735491753207,0.0,0.046610169491525424
2016,6.14@2016-07-13,Fiora,0.07880268784361637,2.0,0.6483050847457628
2016,6.14@2016-07-13,Fizz,0.14233353695784973,0.0,0.7288135593220338
2016,6.14@2016-07-13,Galio,0.0006108735491753207,0.0,0.046610169491525424
2016,6.14@2016-07-13,Gangplank,0.06963958460598656,0.0,0.6016949152542372
2016,6.14@2016-07-13,Garen,0.0006108735491753207,0.0,0.046610169491525424
2016,6.14@2016-07-13,Gnar,0.11362248014660965,0.0,0.690677966101695
2016,6.14@2016-07-13,Gragas,0.3353695784972511,0.0,0.847457627118644
2016,6.14@2016-07-13,Graves,0.371411117898595,0.0,0.8559322033898306
2016,6.14@2016-07-13,Hecarim,0.13500305436774587,0.0,0.711864406779661
2016,6.14@2016-07-13,Illaoi,0.021380574221136223,-1.0,0.4915254237288136
2016,6.14@2016-07-13,Irelia,0.2926084300549786,0.0,0.8305084745762712
2016,6.14@2016-07-13,Janna,0.04459376908979841,0.0,0.5423728813559322
2016,6.14@2016-07-13,Jarvan IV,0.00794135613927917,0.0,0.3050847457627119
2016,6.14@2016-07-13,Jax,0.06108735491753207,0.0,0.559322033898305
2016,6.14@2016-07-13,Jayce,0.00916310323762981,0.0,0.3516949152542373
2016,6.14@2016-07-13,Jhin,0.27550397067806964,0.0,0.8050847457627118
2016,6.14@2016-07-13,Jinx,0.00916310323762981,0.0,0.3516949152542373
2016,6.14@2016-07-13,Kalista,0.13805742211362249,0.0,0.7203389830508474
2016,6.14@2016-07-13,Karma,0.5736102626756261,0.0,0.9322033898305084
2016,6.14@2016-07-13,Karthus,0.0036652412950519244,0.0,0.2330508474576271
2016,6.14@2016-07-13,Kassadin,0.06597434331093463,0.0,0.5720338983050848
2016,6.14@2016-07-13,Katarina,0.0006108735491753207,0.0,0.046610169491525424
2016,6.14@2016-07-13,Kayle,0.0006108735491753207,0.0,0.046610169491525424
2016,6.14@2016-07-13,Kennen,0.009773976786805132,0.0,0.3813559322033898
2016,6.14@2016-07-13,Kha'Zix,0.0177153329260843,0.0,0.4491525423728814
2016,6.14@2016-07-13,Kindred,0.5632254123396457,0.0,0.923728813559322
2016,6.14@2016-07-13,Kog'Maw,0.009773976786805132,0.0,0.3813559322033898
2016,6.14@2016-07-13,LeBlanc,0.2852779474648748,0.0,0.8220338983050848
2016,6.14@2016-07-13,Lee Sin,0.06841783750763591,1.0,0.5932203389830508
2016,6.14@2016-07-13,Leona,0.006719609040928528,2.0,0.2796610169491525
2016,6.14@2016-07-13,Lissandra,0.20158827122785583,0.0,0.7669491525423728
2016,6.14@2016-07-13,Lucian,0.5418448381185095,0.0,0.9152542372881356
2016,6.14@2016-07-13,Lulu,0.07330482590103848,0.0,0.6186440677966102
2016,6.14@2016-07-13,Lux,0.0006108735491753207,1.0,0.046610169491525424
2016,6.14@2016-07-13,Malphite,0.009773976786805132,0.0,0.3813559322033898
2016,6.14@2016-07-13,Malzahar,0.01832620647525962,-2.0,0.461864406779661
2016,6.14@2016-07-13,Maokai,0.4544899205864386,0.0,0.8983050847457628
2016,6.14@2016-07-13,Master Yi,0.0018326206475259622,0.0,0.15254237288135594
2016,6.14@2016-07-13,Miss Fortune,0.00916310323762981,0.0,0.3516949152542373
2016,6.14@2016-07-13,Mordekaiser,0.00794135613927917,0.0,0.3050847457627119
2016,6.14@2016-07-13,Morgana,0.05131337813072694,0.0,0.5508474576271186
2016,6.14@2016-07-13,Nami,0.15821624923640806,0.0,0.7372881355932204
2016,6.14@2016-07-13,Nautilus,0.04276114844227245,0.0,0.5338983050847458
2016,6.14@2016-07-13,Nidalee,0.6426389737324374,0.0,0.9661016949152542
2016,6.14@2016-07-13,Nocturne,0.0012217470983506415,0.0,0.11440677966101695
2016,6.14@2016-07-13,Nunu & Willump,0.0018326206475259622,0.0,0.15254237288135594
2016,6.14@2016-07-13,Olaf,0.08002443494196701,0.0,0.6610169491525424
2016,6.14@2016-07-13,Orianna,0.012828344532681736,0.0,0.4322033898305085
2016,6.14@2016-07-13,Pantheon,0.0006108735491753207,0.0,0.046610169491525424
2016,6.14@2016-07-13,Poppy,0.1649358582773366,1.0,0.7457627118644068
2016,6.14@2016-07-13,Quinn,0.004886988393402566,0.0,0.2627118644067797
2016,6.14@2016-07-13,Rammus,0.004276114844227245,0.0,0.25
2016,6.14@2016-07-13,Rek'Sai,0.5992669517409897,-1.0,0.9491525423728814
2016,6.14@2016-07-13,Renekton,0.010384850335980453,0.0,0.3983050847457627
2016,6.14@2016-07-13,Rengar,0.002443494196701283,0.0,0.18220338983050846
2016,6.14@2016-07-13,Riven,0.0030543677458766036,0.0,0.211864406779661
2016,6.14@2016-07-13,Rumble,0.06658521686010996,0.0,0.5847457627118644
2016,6.14@2016-07-13,Ryze,0.7996334758704948,0.0,1.0
2016,6.14@2016-07-13,Sejuani,0.0030543677458766036,0.0,0.211864406779661
2016,6.14@2016-07-13,Shaco,0.0006108735491753207,0.0,0.046610169491525424
2016,6.14@2016-07-13,Shen,0.2596212583995113,0.0,0.788135593220339
2016,6.14@2016-07-13,Shyvana,0.002443494196701283,0.0,0.18220338983050846
2016,6.14@2016-07-13,Sion,0.0030543677458766036,0.0,0.211864406779661
2016,6.14@2016-07-13,Sivir,0.5901038485033598,0.0,0.940677966101695
2016,6.14@2016-07-13,Skarner,0.0012217470983506415,0.0,0.11440677966101695
2016,6.14@2016-07-13,Sona,0.0018326206475259622,3.0,0.15254237288135594
2016,6.14@2016-07-13,Soraka,0.07391569945021381,0.0,0.6271186440677966
2016,6.14@2016-07-13,Swain,0.2797800855222969,0.0,0.8135593220338984
2016,6.14@2016-07-13,Syndra,0.012217470983506415,0.0,0.4194915254237288
2016,6.14@2016-07-13,Tahm Kench,0.03726328649969456,0.0,0.5254237288135594
2016,6.14@2016-07-13,Taliyah,0.03481979230299328,2.0,0.5169491525423728
2016,6.14@2016-07-13,Taric,0.02443494196701283,0.0,0.5
2016,6.14@2016-07-13,Thresh,0.17348808796579107,0.0,0.7542372881355932
2016,6.14@2016-07-13,Tristana,0.018937080024434942,0.0,0.4745762711864407
2016,6.14@2016-07-13,Trundle,0.7049480757483201,0.0,0.9830508474576272
2016,6.14@2016-07-13,Twisted Fate,0.20158827122785583,0.0,0.7669491525423728
2016,6.14@2016-07-13,Twitch,0.07208307880268784,0.0,0.6101694915254238
2016,6.14@2016-07-13,Udyr,0.002443494196701283,0.0,0.18220338983050846
2016,6.14@2016-07-13,Urgot,0.0012217470983506415,0.0,0.11440677966101695
2016,6.14@2016-07-13,Varus,0.13072693952351863,0.0,0.7033898305084746
2016,6.14@2016-07-13,Vayne,0.00855222968845449,0.0,0.326271186440678
2016,6.14@2016-07-13,Veigar,0.01832620647525962,0.0,0.461864406779661
2016,6.14@2016-07-13,Vel'Koz,0.00855222968845449,0.0,0.326271186440678
2016,6.14@2016-07-13,Viktor,0.42455711667684787,-1.0,0.8898305084745762
2016,6.14@2016-07-13,Vladimir,0.6169822846670739,0.0,0.9576271186440678
2016,6.14@2016-07-13,Volibear,0.0006108735491753207,0.0,0.046610169491525424
2016,6.14@2016-07-13,Xerath,0.0036652412950519244,0.0,0.2330508474576271
2016,6.14@2016-07-13,Yasuo,0.012217470983506415,0.0,0.4194915254237288
2016,6.14@2016-07-13,Yorick,0.0012217470983506415,0.0,0.11440677966101695
2016,6.14@2016-07-13,Zac,0.00794135613927917,0.0,0.3050847457627119
2016,6.14@2016-07-13,Zed,0.07452657299938913,0.0,0.635593220338983
2016,6.14@2016-07-13,Ziggs,0.004276114844227245,0.0,0.25
2016,6.14@2016-07-13,Zilean,0.11362248014660965,0.0,0.690677966101695
2016,6.14@2016-07-13,Zyra,0.07880268784361637,0.0,0.6483050847457628
2016,6.14@2016-07-20,Aatrox,0.0011933174224343676,0.0,0.13934426229508196
2016,6.14@2016-07-20,Ahri,0.008949880668257757,0.0,0.38934426229508196
2016,6.14@2016-07-20,Alistar,0.2798329355608592,0.0,0.819672131147541
2016,6.14@2016-07-20,Amumu,0.003579952267303103,0.0,0.2581967213114754
2016,6.14@2016-07-20,Anivia,0.09427207637231504,0.0,0.680327868852459
2016,6.14@2016-07-20,Annie,0.0011933174224343676,0.0,0.13934426229508196
2016,6.14@2016-07-20,Ashe,0.2690930787589499,0.0,0.7950819672131147
2016,6.14@2016-07-20,Aurelion Sol,0.03699284009546539,0.0,0.5327868852459017
2016,6.14@2016-07-20,Azir,0.7255369928400954,0.0,0.9918032786885246
2016,6.14@2016-07-20,Bard,0.4588305489260143,0.0,0.9098360655737705
2016,6.14@2016-07-20,Blitzcrank,0.007756563245823389,0.0,0.36065573770491804
2016,6.14@2016-07-20,Brand,0.010739856801909307,0.0,0.4426229508196721
2016,6.14@2016-07-20,Braum,0.6640811455847255,0.0,0.9672131147540983
2016,6.14@2016-07-20,Caitlyn,0.25059665871121717,0.0,0.7868852459016393
2016,6.14@2016-07-20,Cassiopeia,0.10859188544152745,0.0,0.7049180327868853
2016,6.14@2016-07-20,Cho'Gath,0.0005966587112171838,0.0,0.05327868852459016
2016,6.14@2016-07-20,Corki,0.020883054892601432,0.0,0.4918032786885246
2016,6.14@2016-07-20,Darius,0.0017899761336515514,0.0,0.20081967213114754
2016,6.14@2016-07-20,Diana,0.0053699284009546535,0.0,0.319672131147541
2016,6.14@2016-07-20,Draven,0.019689737470167064,0.0,0.48360655737704916
2016,6.14@2016-07-20,Ekko,0.3383054892601432,0.0,0.860655737704918
2016,6.14@2016-07-20,Elise,0.40930787589498807,0.0,0.8852459016393442
2016,6.14@2016-07-20,Evelynn,0.007756563245823389,0.0,0.36065573770491804
2016,6.14@2016-07-20,Ezreal,0.37708830548926014,0.0,0.8770491803278688
2016,6.14@2016-07-20,Fiddlesticks,0.0005966587112171838,0.0,0.05327868852459016
2016,6.14@2016-07-20,Fiora,0.07935560859188544,0.0,0.6557377049180327
2016,6.14@2016-07-20,Fizz,0.1366348448687351,0.0,0.7295081967213115
2016,6.14@2016-07-20,Galio,0.0005966587112171838,0.0,0.05327868852459016
2016,6.14@2016-07-20,Gangplank,0.08233890214797136,0.0,0.6639344262295082
2016,6.14@2016-07-20,Gnar,0.1652744630071599,0.0,0.7459016393442623
2016,6.14@2016-07-20,Gragas,0.35262529832935563,0.0,0.8688524590163934
2016,6.14@2016-07-20,Graves,0.32577565632458233,0.0,0.8360655737704918
2016,6.14@2016-07-20,Hecarim,0.1718377088305489,0.0,0.7622950819672131
2016,6.14@2016-07-20,Heimerdinger,0.0005966587112171838,0.0,0.05327868852459016
2016,6.14@2016-07-20,Illaoi,0.02684964200477327,0.0,0.5081967213114754
2016,6.14@2016-07-20,Irelia,0.32816229116945106,0.0,0.8442622950819673
2016,6.14@2016-07-20,Janna,0.03818615751789976,0.0,0.5409836065573771
2016,6.14@2016-07-20,Jarvan IV,0.008949880668257757,0.0,0.38934426229508196
2016,6.14@2016-07-20,Jax,0.07159904534606205,0.0,0.6065573770491803
2016,6.14@2016-07-20,Jayce,0.00477326968973747,0.0,0.30327868852459017
2016,6.14@2016-07-20,Jhin,0.3001193317422434,0.0,0.8278688524590164
2016,6.14@2016-07-20,Jinx,0.010143198090692125,0.0,0.42213114754098363
2016,6.14@2016-07-20,Kalista,0.09069212410501193,0.0,0.6721311475409836
2016,6.14@2016-07-20,Karma,0.610381861575179,0.0,0.9426229508196722
2016,6.14@2016-07-20,Karthus,0.004176610978520286,0.0,0.2786885245901639
2016,6.14@2016-07-20,Kassadin,0.07756563245823389,0.0,0.6270491803278688
2016,6.14@2016-07-20,Katarina,0.0005966587112171838,0.0,0.05327868852459016
2016,6.14@2016-07-20,Kayle,0.0005966587112171838,0.0,0.05327868852459016
2016,6.14@2016-07-20,Kennen,0.008949880668257757,0.0,0.38934426229508196
2016,6.14@2016-07-20,Kha'Zix,0.01909307875894988,0.0,0.47540983606557374
2016,6.14@2016-07-20,Kindred,0.48389021479713606,0.0,0.9180327868852459
2016,6.14@2016-07-20,Kog'Maw,0.0029832935560859188,0.0,0.2459016393442623
2016,6.14@2016-07-20,LeBlanc,0.2786396181384248,0.0,0.8114754098360656
2016,6.14@2016-07-20,Lee Sin,0.06503579952267304,0.0,0.5983606557377049
2016,6.14@2016-07-20,Leona,0.013126491646778043,0.0,0.45081967213114754
2016,6.14@2016-07-20,Lissandra,0.18377088305489261,0.0,0.7704918032786885
2016,6.14@2016-07-20,Lucian,0.5244630071599046,0.0,0.9262295081967213
2016,6.14@2016-07-20,Lulu,0.041766109785202864,0.0,0.5491803278688525
2016,6.14@2016-07-20,Malphite,0.0059665871121718375,0.0,0.3319672131147541
2016,6.14@2016-07-20,Malzahar,0.06264916467780429,0.0,0.5901639344262295
2016,6.14@2016-07-20,Maokai,0.4146778042959427,0.0,0.8934426229508197
2016,6.14@2016-07-20,Master Yi,0.0017899761336515514,0.0,0.20081967213114754
2016,6.14@2016-07-20,Miss Fortune,0.008949880668257757,0.0,0.38934426229508196
2016,6.14@2016-07-20,Mordekaiser,0.007159904534606206,0.0,0.3442622950819672
2016,6.14@2016-07-20,Morgana,0.045942720763723154,0.0,0.5573770491803278
2016,6.14@2016-07-20,Nami,0.162291169451074,0.0,0.7377049180327869
2016,6.14@2016-07-20,Nautilus,0.030429594272076373,0.0,0.5163934426229508
2016,6.14@2016-07-20,Nidalee,0.6318615751789977,0.0,0.9508196721311475
2016,6.14@2016-07-20,Nocturne,0.0005966587112171838,0.0,0.05327868852459016
2016,6.14@2016-07-20,Nunu & Willump,0.0017899761336515514,0.0,0.20081967213114754
2016,6.14@2016-07-20,Olaf,0.09665871121718377,0.0,0.6885245901639344
2016,6.14@2016-07-20,Orianna,0.007756563245823389,0.0,0.36065573770491804
2016,6.14@2016-07-20,Pantheon,0.0011933174224343676,0.0,0.13934426229508196
2016,6.14@2016-07-20,Poppy,0.10501193317422435,0.0,0.6967213114754098
2016,6.14@2016-07-20,Quinn,0.004176610978520286,0.0,0.2786885245901639
2016,6.14@2016-07-20,Rammus,0.0011933174224343676,0.0,0.13934426229508196
2016,6.14@2016-07-20,Rek'Sai,0.6593078758949881,0.0,0.9590163934426229
2016,6.14@2016-07-20,Renekton,0.010143198090692125,0.0,0.42213114754098363
2016,6.14@2016-07-20,Rengar,0.002386634844868735,0.0,0.2336065573770492
2016,6.14@2016-07-20,Riven,0.003579952267303103,0.0,0.2581967213114754
2016,6.14@2016-07-20,Rumble,0.07756563245823389,0.0,0.6270491803278688
2016,6.14@2016-07-20,Ryze,0.7917661097852029,0.0,1.0
2016,6.14@2016-07-20,Sejuani,0.0011933174224343676,0.0,0.13934426229508196
2016,6.14@2016-07-20,Shaco,0.0005966587112171838,0.0,0.05327868852459016
2016,6.14@2016-07-20,Shen,0.3305489260143198,0.0,0.8524590163934426
2016,6.14@2016-07-20,Shyvana,0.0011933174224343676,0.0,0.13934426229508196
2016,6.14@2016-07-20,Sion,0.00477326968973747,0.0,0.30327868852459017
2016,6.14@2016-07-20,Sivir,0.60381861575179,0.0,0.9344262295081968
2016,6.14@2016-07-20,Skarner,0.0011933174224343676,0.0,0.13934426229508196
2016,6.14@2016-07-20,Sona,0.0017899761336515514,-2.0,0.20081967213114754
2016,6.14@2016-07-20,Soraka,0.07219570405727924,0.0,0.6147540983606558
2016,6.14@2016-07-20,Swain,0.27684964200477324,0.0,0.8032786885245902
2016,6.14@2016-07-20,Syndra,0.013723150357995227,0.0,0.45901639344262296
2016,6.14@2016-07-20,Tahm Kench,0.04832935560859188,0.0,0.5655737704918032
2016,6.14@2016-07-20,Taliyah,0.05548926014319809,0.0,0.5737704918032787
2016,6.14@2016-07-20,Talon,0.0005966587112171838,0.0,0.05327868852459016
2016,6.14@2016-07-20,Taric,0.03281622911694511,0.0,0.5245901639344263
2016,6.14@2016-07-20,Teemo,0.0017899761336515514,0.0,0.20081967213114754
2016,6.14@2016-07-20,Thresh,0.16766109785202865,0.0,0.7540983606557377
2016,6.14@2016-07-20,Tristana,0.016109785202863963,0.0,0.4672131147540984
2016,6.14@2016-07-20,Trundle,0.7094272076372315,0.0,0.9836065573770492
2016,6.14@2016-07-20,Twisted Fate,0.191527446300716,0.0,0.7786885245901639
2016,6.14@2016-07-20,Twitch,0.07875894988066826,0.0,0.6434426229508197
2016,6.14@2016-07-20,Udyr,0.0005966587112171838,0.0,0.05327868852459016
2016,6.14@2016-07-20,Urgot,0.0011933174224343676,0.0,0.13934426229508196
2016,6.14@2016-07-20,Varus,0.12052505966587113,0.0,0.7213114754098361
2016,6.14@2016-07-20,Vayne,0.010143198090692125,0.0,0.42213114754098363
2016,6.14@2016-07-20,Veigar,0.021479713603818614,0.0,0.5
2016,6.14@2016-07-20,Vel'Koz,0.004176610978520286,0.0,0.2786885245901639
2016,6.14@2016-07-20,Viktor,0.4564439140811456,0.0,0.9016393442622951
2016,6.14@2016-07-20,Vladimir,0.6963007159904535,0.0,0.9754098360655737
2016,6.14@2016-07-20,Volibear,0.0011933174224343676,0.0,0.13934426229508196
2016,6.14@2016-07-20,Wukong,0.0005966587112171838,0.0,0.05327868852459016
2016,6.14@2016-07-20,Xerath,0.002386634844868735,0.0,0.2336065573770492
2016,6.14@2016-07-20,Xin Zhao,0.0005966587112171838,0.0,0.05327868852459016
2016,6.14@2016-07-20,Yasuo,0.010143198090692125,0.0,0.42213114754098363
2016,6.14@2016-07-20,Yorick,0.0017899761336515514,0.0,0.20081967213114754
2016,6.14@2016-07-20,Zac,0.0059665871121718375,0.0,0.3319672131147541
2016,6.14@2016-07-20,Zed,0.05608591885441527,0.0,0.5819672131147541
2016,6.14@2016-07-20,Ziggs,0.00477326968973747,0.0,0.30327868852459017
2016,6.14@2016-07-20,Zilean,0.11515513126491647,0.0,0.7131147540983607
2016,6.14@2016-07-20,Zyra,0.07875894988066826,0.0,0.6434426229508197
2016,6.15@2016-07-26,Aatrox,0.0016703786191536749,0.0,0.1721311475409836
2016,6.15@2016-07-26,Ahri,0.01002227171492205,0.0,0.4262295081967213
2016,6.15@2016-07-26,Alistar,0.2767260579064588,0.0,0.8032786885245902
2016,6.15@2016-07-26,Amumu,0.0033407572383073497,0.0,0.22131147540983606
2016,6.15@2016-07-26,Anivia,0.09632516703786191,0.0,0.6721311475409836
2016,6.15@2016-07-26,Annie,0.0011135857461024498,0.0,0.12295081967213115
2016,6.15@2016-07-26,Ashe,0.29120267260579064,0.0,0.819672131147541
2016,6.15@2016-07-26,Aurelion Sol,0.03507795100222717,0.0,0.5327868852459017
2016,6.15@2016-07-26,Azir,0.6876391982182628,0.0,0.9754098360655737
2016,6.15@2016-07-26,Bard,0.44766146993318484,0.0,0.9098360655737705
2016,6.15@2016-07-26,Blitzcrank,0.008908685968819599,0.0,0.38114754098360654
2016,6.15@2016-07-26,Brand,0.01002227171492205,0.0,0.4262295081967213
2016,6.15@2016-07-26,Braum,0.655902004454343,-2.0,0.9590163934426229
2016,6.15@2016-07-26,Caitlyn,0.24053452115812918,0.0,0.7868852459016393
2016,6.15@2016-07-26,Cassiopeia,0.12305122494432072,0.0,0.7131147540983607
2016,6.15@2016-07-26,Cho'Gath,0.0005567928730512249,0.0,0.05327868852459016
2016,6.15@2016-07-26,Corki,0.011135857461024499,1.0,0.45081967213114754
2016,6.15@2016-07-26,Darius,0.0016703786191536749,0.0,0.1721311475409836
2016,6.15@2016-07-26,Diana,0.005011135857461025,0.0,0.29508196721311475
2016,6.15@2016-07-26,Draven,0.019487750556792874,0.0,0.48770491803278687
2016,6.15@2016-07-26,Ekko,0.2984409799554566,0.0,0.8278688524590164
2016,6.15@2016-07-26,Elise,0.40311804008908686,0.0,0.8934426229508197
2016,6.15@2016-07-26,Evelynn,0.008351893095768375,0.0,0.36885245901639346
2016,6.15@2016-07-26,Ezreal,0.3619153674832962,0.0,0.860655737704918
2016,6.15@2016-07-26,Fiddlesticks,0.0005567928730512249,0.0,0.05327868852459016
2016,6.15@2016-07-26,Fiora,0.08073496659242761,0.0,0.6475409836065574
2016,6.15@2016-07-26,Fizz,0.12639198218262807,0.0,0.7295081967213115
2016,6.15@2016-07-26,Galio,0.0005567928730512249,0.0,0.05327868852459016
2016,6.15@2016-07-26,Gangplank,0.11302895322939867,0.0,0.7049180327868853
2016,6.15@2016-07-26,Gnar,0.2032293986636971,0.0,0.7786885245901639
2016,6.15@2016-07-26,Gragas,0.38585746102449886,0.0,0.8852459016393442
2016,6.15@2016-07-26,Graves,0.2989977728285078,0.0,0.8360655737704918
2016,6.15@2016-07-26,Hecarim,0.2026726057906459,-2.0,0.7704918032786885
2016,6.15@2016-07-26,Heimerdinger,0.0005567928730512249,0.0,0.05327868852459016
2016,6.15@2016-07-26,Illaoi,0.02951002227171492,-1.0,0.5163934426229508
2016,6.15@2016-07-26,Irelia,0.33853006681514475,0.0,0.8524590163934426
2016,6.15@2016-07-26,Janna,0.035634743875278395,0.0,0.5409836065573771
2016,6.15@2016-07-26,Jarvan IV,0.01002227171492205,1.0,0.4262295081967213
2016,6.15@2016-07-26,Jax,0.07126948775055679,0.0,0.5901639344262295
2016,6.15@2016-07-26,Jayce,0.004454342984409799,0.0,0.27049180327868855
2016,6.15@2016-07-26,Jhin,0.3145879732739421,0.0,0.8442622950819673
2016,6.15@2016-07-26,Jinx,0.009465478841870824,0.0,0.3975409836065574
2016,6.15@2016-07-26,Kalista,0.07906458797327394,0.0,0.6270491803278688
2016,6.15@2016-07-26,Karma,0.6224944320712695,-2.0,0.9426229508196722
2016,6.15@2016-07-26,Karthus,0.0038975501113585748,0.0,0.2459016393442623
2016,6.15@2016-07-26,Kassadin,0.08518930957683742,2.0,0.6639344262295082
2016,6.15@2016-07-26,Katarina,0.0005567928730512249,0.0,0.05327868852459016
2016,6.15@2016-07-26,Kayle,0.0005567928730512249,0.0,0.05327868852459016
2016,6.15@2016-07-26,Kennen,0.007238307349665924,0.0,0.3360655737704918
2016,6.15@2016-07-26,Kha'Zix,0.018374164810690423,0.0,0.47540983606557374
2016,6.15@2016-07-26,Kindred,0.43318485523385303,0.0,0.9016393442622951
2016,6.15@2016-07-26,Kog'Maw,0.007238307349665924,0.0,0.3360655737704918
2016,6.15@2016-07-26,LeBlanc,0.28452115812917594,0.0,0.8114754098360656
2016,6.15@2016-07-26,Lee Sin,0.06347438752783964,0.0,0.5737704918032787
2016,6.15@2016-07-26,Leona,0.012806236080178173,0.0,0.45901639344262296
2016,6.15@2016-07-26,Lissandra,0.1653674832962138,0.0,0.7540983606557377
2016,6.15@2016-07-26,Lucian,0.5083518930957683,0.0,0.9262295081967213
2016,6.15@2016-07-26,Lulu,0.03396436525612472,0.0,0.5245901639344263
2016,6.15@2016-07-26,Malphite,0.005567928730512249,0.0,0.3114754098360656
2016,6.15@2016-07-26,Malzahar,0.12360801781737193,-2.0,0.7213114754098361
2016,6.15@2016-07-26,Maokai,0.383630289532294,0.0,0.8770491803278688
2016,6.15@2016-07-26,Master Yi,0.0022271714922048997,0.0,0.20491803278688525
2016,6.15@2016-07-26,Miss Fortune,0.008908685968819599,0.0,0.38114754098360654
2016,6.15@2016-07-26,Mordekaiser,0.0077951002227171495,0.0,0.35655737704918034
2016,6.15@2016-07-26,Morgana,0.04287305122494432,0.0,0.5573770491803278
2016,6.15@2016-07-26,Nami,0.15478841870824053,0.0,0.7377049180327869
2016,6.15@2016-07-26,Nautilus,0.02839643652561247,0.0,0.5081967213114754
2016,6.15@2016-07-26,Nidalee,0.6247216035634744,0.0,0.9508196721311475
2016,6.15@2016-07-26,Nocturne,0.0005567928730512249,0.0,0.05327868852459016
2016,6.15@2016-07-26,Nunu & Willump,0.0016703786191536749,0.0,0.1721311475409836
2016,6.15@2016-07-26,Olaf,0.10189309576837416,0.0,0.680327868852459
2016,6.15@2016-07-26,Orianna,0.007238307349665924,0.0,0.3360655737704918
2016,6.15@2016-07-26,Pantheon,0.0011135857461024498,0.0,0.12295081967213115
2016,6.15@2016-07-26,Poppy,0.07962138084632517,0.0,0.639344262295082
2016,6.15@2016-07-26,Quinn,0.0038975501113585748,0.0,0.2459016393442623
2016,6.15@2016-07-26,Rammus,0.0016703786191536749,0.0,0.1721311475409836
2016,6.15@2016-07-26,Rek'Sai,0.6804008908685969,0.0,0.9672131147540983
2016,6.15@2016-07-26,Renekton,0.009465478841870824,2.0,0.3975409836065574
2016,6.15@2016-07-26,Rengar,0.0033407572383073497,0.0,0.22131147540983606
2016,6.15@2016-07-26,Riven,0.004454342984409799,0.0,0.27049180327868855
2016,6.15@2016-07-26,Rumble,0.08129175946547884,0.0,0.6557377049180327
2016,6.15@2016-07-26,Ryze,0.732739420935412,0.0,1.0
2016,6.15@2016-07-26,Sejuani,0.0038975501113585748,0.0,0.2459016393442623
2016,6.15@2016-07-26,Shaco,0.0005567928730512249,0.0,0.05327868852459016
2016,6.15@2016-07-26,Shen,0.37138084632516705,-1.0,0.8688524590163934
2016,6.15@2016-07-26,Shyvana,0.0011135857461024498,1.0,0.12295081967213115
2016,6.15@2016-07-26,Sion,0.004454342984409799,0.0,0.27049180327868855
2016,6.15@2016-07-26,Sivir,0.6202672605790646,0.0,0.9344262295081968
2016,6.15@2016-07-26,Skarner,0.0011135857461024498,0.0,0.12295081967213115
2016,6.15@2016-07-26,Sona,0.0077951002227171495,0.0,0.35655737704918034
2016,6.15@2016-07-26,Soraka,0.07238307349665925,0.0,0.5983606557377049
2016,6.15@2016-07-26,Swain,0.2655902004454343,0.0,0.7950819672131147
2016,6.15@2016-07-26,Syndra,0.016146993318485525,0.0,0.4672131147540984
2016,6.15@2016-07-26,Tahm Kench,0.06848552338530067,0.0,0.5819672131147541
2016,6.15@2016-07-26,Taliyah,0.07683741648106904,-1.0,0.6147540983606558
2016,6.15@2016-07-26,Talon,0.0005567928730512249,0.0,0.05327868852459016
2016,6.15@2016-07-26,Taric,0.04064587973273942,0.0,0.5491803278688525
2016,6.15@2016-07-26,Teemo,0.0016703786191536749,0.0,0.1721311475409836
2016,6.15@2016-07-26,Thresh,0.16258351893095768,0.0,0.7459016393442623
2016,6.15@2016-07-26,Tristana,0.019487750556792874,0.0,0.48770491803278687
2016,6.15@2016-07-26,Trundle,0.6965478841870824,0.0,0.9836065573770492
2016,6.15@2016-07-26,Twisted Fate,0.1876391982182628,0.0,0.7622950819672131
2016,6.15@2016-07-26,Twitch,0.07906458797327394,0.0,0.6270491803278688
2016,6.15@2016-07-26,Udyr,0.0005567928730512249,0.0,0.05327868852459016
2016,6.15@2016-07-26,Urgot,0.0016703786191536749,0.0,0.1721311475409836
2016,6.15@2016-07-26,Varus,0.10801781737193764,0.0,0.6967213114754098
2016,6.15@2016-07-26,Vayne,0.01002227171492205,1.0,0.4262295081967213
2016,6.15@2016-07-26,Veigar,0.021714922048997772,0.0,0.5
2016,6.15@2016-07-26,Vel'Koz,0.005011135857461025,0.0,0.29508196721311475
2016,6.15@2016-07-26,Viktor,0.4688195991091314,-1.0,0.9180327868852459
2016,6.15@2016-07-26,Vladimir,0.7316258351893096,-2.0,0.9918032786885246
2016,6.15@2016-07-26,Volibear,0.0011135857461024498,0.0,0.12295081967213115
2016,6.15@2016-07-26,Wukong,0.0005567928730512249,0.0,0.05327868852459016
2016,6.15@2016-07-26,Xerath,0.0033407572383073497,0.0,0.22131147540983606
2016,6.15@2016-07-26,Xin Zhao,0.0005567928730512249,0.0,0.05327868852459016
2016,6.15@2016-07-26,Yasuo,0.01002227171492205,0.0,0.4262295081967213
2016,6.15@2016-07-26,Yorick,0.0016703786191536749,0.0,0.1721311475409836
2016,6.15@2016-07-26,Zac,0.0066815144766146995,0.0,0.319672131147541
2016,6.15@2016-07-26,Zed,0.05011135857461024,0.0,0.5655737704918032
2016,6.15@2016-07-26,Ziggs,0.005011135857461025,0.0,0.29508196721311475
2016,6.15@2016-07-26,Zilean,0.10244988864142539,0.0,0.6885245901639344
2016,6.15@2016-07-26,Zyra,0.07349665924276169,1.0,0.6065573770491803
2016,6.15@2016-08-03,Aatrox,0.0015723270440251573,0.0,0.17886178861788618
2016,6.15@2016-08-03,Ahri,0.009433962264150943,0.0,0.3983739837398374
2016,6.15@2016-08-03,Akali,0.0005241090146750524,0.0,0.052845528455284556
2016,6.15@2016-08-03,Alistar,0.27358490566037735,0.0,0.8130081300813008
2016,6.15@2016-08-03,Amumu,0.0031446540880503146,0.0,0.22357723577235772
2016,6.15@2016-08-03,Anivia,0.08647798742138364,0.0,0.6504065040650406
2016,6.15@2016-08-03,Annie,0.0010482180293501049,0.0,0.13008130081300814
2016,6.15@2016-08-03,Ashe,0.3170859538784067,0.0,0.8373983739837398
2016,6.15@2016-08-03,Aurelion Sol,0.041928721174004195,0.0,0.5487804878048781
2016,6.15@2016-08-03,Azir,0.6305031446540881,0.0,0.9512195121951219
2016,6.15@2016-08-03,Bard,0.43448637316561844,0.0,0.9105691056910569
2016,6.15@2016-08-03,Blitzcrank,0.00890985324947589,0.0,0.3780487804878049
2016,6.15@2016-08-03,Brand,0.009433962264150943,0.0,0.3983739837398374
2016,6.15@2016-08-03,Braum,0.6409853249475891,0.0,0.967479674796748
2016,6.15@2016-08-03,Caitlyn,0.2248427672955975,0.0,0.7723577235772358
2016,6.15@2016-08-03,Cassiopeia,0.13679245283018868,0.0,0.7154471544715447
2016,6.15@2016-08-03,Cho'Gath,0.0005241090146750524,0.0,0.052845528455284556
2016,6.15@2016-08-03,Corki,0.005241090146750524,0.0,0.3008130081300813
2016,6.15@2016-08-03,Darius,0.0015723270440251573,0.0,0.17886178861788618
2016,6.15@2016-08-03,Diana,0.006289308176100629,0.0,0.3333333333333333
2016,6.15@2016-08-03,Draven,0.018343815513626835,0.0,0.4634146341463415
2016,6.15@2016-08-03,Ekko,0.2720125786163522,0.0,0.8048780487804879
2016,6.15@2016-08-03,Elise,0.3977987421383648,0.0,0.8861788617886179
2016,6.15@2016-08-03,Evelynn,0.007861635220125786,0.0,0.35772357723577236
2016,6.15@2016-08-03,Ezreal,0.3448637316561845,0.0,0.8699186991869918
2016,6.15@2016-08-03,Fiddlesticks,0.0005241090146750524,0.0,0.052845528455284556
2016,6.15@2016-08-03,Fiora,0.08647798742138364,0.0,0.6504065040650406
2016,6.15@2016-08-03,Fizz,0.1189727463312369,0.0,0.7073170731707317
2016,6.15@2016-08-03,Galio,0.0005241090146750524,0.0,0.052845528455284556
2016,6.15@2016-08-03,Gangplank,0.15041928721174005,0.0,0.7317073170731707
2016,6.15@2016-08-03,Gnar,0.23951781970649896,0.0,0.7804878048780488
2016,6.15@2016-08-03,Gragas,0.41037735849056606,0.0,0.8943089430894309
2016,6.15@2016-08-03,Graves,0.2741090146750524,0.0,0.8211382113821138
2016,6.15@2016-08-03,Hecarim,0.2468553459119497,0.0,0.7886178861788617
2016,6.15@2016-08-03,Heimerdinger,0.0005241090146750524,0.0,0.052845528455284556
2016,6.15@2016-08-03,Illaoi,0.03459119496855346,0.0,0.532520325203252
2016,6.15@2016-08-03,Irelia,0.33962264150943394,0.0,0.8536585365853658
2016,6.15@2016-08-03,Janna,0.03459119496855346,0.0,0.532520325203252
2016,6.15@2016-08-03,Jarvan IV,0.010482180293501049,0.0,0.43902439024390244
2016,6.15@2016-08-03,Jax,0.07389937106918239,0.0,0.6178861788617886
2016,6.15@2016-08-03,Jayce,0.0041928721174004195,0.0,0.26422764227642276
2016,6.15@2016-08-03,Jhin,0.3390985324947589,0.0,0.8455284552845529
2016,6.15@2016-08-03,Jinx,0.008385744234800839,0.0,0.36585365853658536
2016,6.15@2016-08-03,Kalista,0.059748427672955975,0.0,0.5772357723577236
2016,6.15@2016-08-03,Karma,0.6352201257861635,0.0,0.959349593495935
2016,6.15@2016-08-03,Karthus,0.003668763102725367,0.0,0.24390243902439024
2016,6.15@2016-08-03,Kassadin,0.09853249475890985,0.0,0.6788617886178862
2016,6.15@2016-08-03,Katarina,0.0005241090146750524,0.0,0.052845528455284556
2016,6.15@2016-08-03,Kayle,0.0010482180293501049,0.0,0.13008130081300814
2016,6.15@2016-08-03,Kennen,0.006813417190775681,0.0,0.34552845528455284
2016,6.15@2016-08-03,Kha'Zix,0.018867924528301886,0.0,0.4715447154471545
2016,6.15@2016-08-03,Kindred,0.38259958071278827,0.0,0.8780487804878049
2016,6.15@2016-08-03,Kog'Maw,0.02830188679245283,0.0,0.5121951219512195
2016,6.15@2016-08-03,LeBlanc,0.2840670859538784,0.0,0.8292682926829268
2016,6.15@2016-08-03,Lee Sin,0.0649895178197065,0.0,0.5934959349593496
2016,6.15@2016-08-03,Leona,0.013626834381551363,0.0,0.45528455284552843
2016,6.15@2016-08-03,Lissandra,0.1530398322851153,0.0,0.7398373983739838
2016,6.15@2016-08-03,Lucian,0.47746331236897277,0.0,0.926829268292683
2016,6.15@2016-08-03,Lulu,0.029874213836477988,0.0,0.5203252032520326
2016,6.15@2016-08-03,Malphite,0.005241090146750524,0.0,0.3008130081300813
2016,6.15@2016-08-03,Malzahar,0.19234800838574423,0.0,0.7642276422764228
2016,6.15@2016-08-03,Maokai,0.3411949685534591,0.0,0.8617886178861789
2016,6.15@2016-08-03,Master Yi,0.0020964360587002098,0.0,0.2073170731707317
2016,6.15@2016-08-03,Miss Fortune,0.00890985324947589,0.0,0.3780487804878049
2016,6.15@2016-08-03,Mordekaiser,0.009958071278825996,0.0,0.4186991869918699
2016,6.15@2016-08-03,Morgana,0.041928721174004195,0.0,0.5487804878048781
2016,6.15@2016-08-03,Nami,0.1488469601677149,0.0,0.7235772357723578
2016,6.15@2016-08-03,Nautilus,0.02148846960167715,0.0,0.4959349593495935
2016,6.15@2016-08-03,Nidalee,0.6147798742138365,0.0,0.9349593495934959
2016,6.15@2016-08-03,Nocturne,0.0005241090146750524,0.0,0.052845528455284556
2016,6.15@2016-08-03,Nunu & Willump,0.0015723270440251573,0.0,0.17886178861788618
2016,6.15@2016-08-03,Olaf,0.10377358490566038,0.0,0.6910569105691057
2016,6.15@2016-08-03,Orianna,0.005765199161425576,0.0,0.32113821138211385
2016,6.15@2016-08-03,Pantheon,0.0010482180293501049,0.0,0.13008130081300814
2016,6.15@2016-08-03,Poppy,0.062368972746331235,0.0,0.5853658536585366
2016,6.15@2016-08-03,Quinn,0.0031446540880503146,0.0,0.22357723577235772
2016,6.15@2016-08-03,Rammus,0.0010482180293501049,0.0,0.13008130081300814
2016,6.15@2016-08-03,Rek'Sai,0.70020964360587,0.0,0.991869918699187
2016,6.15@2016-08-03,Renekton,0.009433962264150943,0.0,0.3983739837398374
2016,6.15@2016-08-03,Rengar,0.003668763102725367,0.0,0.24390243902439024
2016,6.15@2016-08-03,Riven,0.005765199161425576,0.0,0.32113821138211385
2016,6.15@2016-08-03,Rumble,0.08542976939203355,0.0,0.6341463414634146
2016,6.15@2016-08-03,Ryze,0.6677148846960168,0.0,0.975609756097561
2016,6.15@2016-08-03,Sejuani,0.003668763102725367,0.0,0.24390243902439024
2016,6.15@2016-08-03,Shaco,0.0005241090146750524,0.0,0.052845528455284556
2016,6.15@2016-08-03,Shen,0.4109014675052411,0.0,0.9024390243902439
2016,6.15@2016-08-03,Shyvana,0.0010482180293501049,0.0,0.13008130081300814
2016,6.15@2016-08-03,Sion,0.005241090146750524,0.0,0.3008130081300813
2016,6.15@2016-08-03,Sivir,0.620020964360587,0.0,0.943089430894309
2016,6.15@2016-08-03,Skarner,0.0010482180293501049,0.0,0.13008130081300814
2016,6.15@2016-08-03,Sona,0.010482180293501049,0.0,0.43902439024390244
2016,6.15@2016-08-03,Soraka,0.06865828092243187,0.0,0.6016260162601627
2016,6.15@2016-08-03,Swain,0.25366876310272535,0.0,0.7967479674796748
2016,6.15@2016-08-03,Syndra,0.024633123689727462,0.0,0.5040650406504065
2016,6.15@2016-08-03,Tahm Kench,0.08647798742138364,0.0,0.6504065040650406
2016,6.15@2016-08-03,Taliyah,0.09853249475890985,0.0,0.6788617886178862
2016,6.15@2016-08-03,Talon,0.0005241090146750524,0.0,0.052845528455284556
2016,6.15@2016-08-03,Taric,0.05870020964360587,0.0,0.5691056910569106
2016,6.15@2016-08-03,Teemo,0.0020964360587002098,0.0,0.2073170731707317
2016,6.15@2016-08-03,Thresh,0.15880503144654087,0.0,0.7479674796747967
2016,6.15@2016-08-03,Tristana,0.020440251572327043,0.0,0.4796747967479675
2016,6.15@2016-08-03,Trundle,0.6823899371069182,0.0,0.983739837398374
2016,6.15@2016-08-03,Twisted Fate,0.17767295597484276,0.0,0.7560975609756098
2016,6.15@2016-08-03,Twitch,0.07966457023060797,0.0,0.6260162601626016
2016,6.15@2016-08-03,Udyr,0.0005241090146750524,0.0,0.052845528455284556
2016,6.15@2016-08-03,Urgot,0.0015723270440251573,0.0,0.17886178861788618
2016,6.15@2016-08-03,Varus,0.10796645702306079,0.0,0.6991869918699187
2016,6.15@2016-08-03,Vayne,0.009958071278825996,0.0,0.4186991869918699
2016,6.15@2016-08-03,Veigar,0.020964360587002098,0.0,0.4878048780487805
2016,6.15@2016-08-03,Vel'Koz,0.0047169811320754715,0.0,0.2804878048780488
2016,6.15@2016-08-03,Viktor,0.4727463312368973,0.0,0.9186991869918699
2016,6.15@2016-08-03,Vladimir,0.7610062893081762,0.0,1.0
2016,6.15@2016-08-03,Volibear,0.0010482180293501049,0.0,0.13008130081300814
2016,6.15@2016-08-03,Wukong,0.0005241090146750524,0.0,0.052845528455284556
2016,6.15@2016-08-03,Xerath,0.0041928721174004195,0.0,0.26422764227642276
2016,6.15@2016-08-03,Xin Zhao,0.0005241090146750524,0.0,0.052845528455284556
2016,6.15@2016-08-03,Yasuo,0.010482180293501049,0.0,0.43902439024390244
2016,6.15@2016-08-03,Yorick,0.0015723270440251573,0.0,0.17886178861788618
2016,6.15@2016-08-03,Zac,0.006813417190775681,0.0,0.34552845528455284
2016,6.15@2016-08-03,Zed,0.044549266247379454,0.0,0.5609756097560976
2016,6.15@2016-08-03,Ziggs,0.0047169811320754715,0.0,0.2804878048780488
2016,6.15@2016-08-03,Zilean,0.0980083857442348,0.0,0.6666666666666666
2016,6.15@2016-08-03,Zyra,0.06918238993710692,0.0,0.6097560975609756
2016,6.16@2016-08-10,Aatrox,0.0014612761811982464,0.0,0.1774193548387097
2016,6.16@2016-08-10,Ahri,0.011203117389186557,0.0,0.45161290322580644
2016,6.16@2016-08-10,Akali,0.0004870920603994155,0.0,0.056451612903225805
2016,6.16@2016-08-10,Alistar,0.2771553823672674,0.0,0.8145161290322581
2016,6.16@2016-08-10,Amumu,0.0029225523623964927,0.0,0.22983870967741934
2016,6.16@2016-08-10,Anivia,0.08865075499269362,0.0,0.6451612903225806
2016,6.16@2016-08-10,Annie,0.0014612761811982464,0.0,0.1774193548387097
2016,6.16@2016-08-10,Ashe,0.3326838772528008,0.0,0.8629032258064516
2016,6.16@2016-08-10,Aurelion Sol,0.044812469556746226,0.0,0.5645161290322581
2016,6.16@2016-08-10,Azir,0.5796395518753045,0.0,0.9354838709677419
2016,6.16@2016-08-10,Bard,0.4218217243058938,0.0,0.8951612903225806
2016,6.16@2016-08-10,Blitzcrank,0.007793472966390648,0.0,0.36693548387096775
2016,6.16@2016-08-10,Brand,0.00876765708718948,0.0,0.3911290322580645
2016,6.16@2016-08-10,Braum,0.6312713102776425,0.0,0.967741935483871
2016,6.16@2016-08-10,Caitlyn,0.20652703360935218,0.0,0.7661290322580645
2016,6.16@2016-08-10,Cassiopeia,0.1417437895762299,0.0,0.717741935483871
2016,6.16@2016-08-10,Cho'Gath,0.0004870920603994155,0.0,0.056451612903225805
2016,6.16@2016-08-10,Corki,0.0034096444227959084,0.0,0.24596774193548387
2016,6.16@2016-08-10,Darius,0.0014612761811982464,0.0,0.1774193548387097
2016,6.16@2016-08-10,Diana,0.006819288845591817,0.0,0.3467741935483871
2016,6.16@2016-08-10,Draven,0.01753531417437896,0.0,0.46774193548387094
2016,6.16@2016-08-10,Ekko,0.2800779347296639,0.0,0.8225806451612904
2016,6.16@2016-08-10,Elise,0.3828543594739406,0.0,0.8870967741935484
2016,6.16@2016-08-10,Evelynn,0.007306380905991232,0.0,0.3548387096774194
2016,6.16@2016-08-10,Ezreal,0.32878714076960547,0.0,0.8467741935483871
2016,6.16@2016-08-10,Fiddlesticks,0.0004870920603994155,0.0,0.056451612903225805
2016,6.16@2016-08-10,Fiora,0.09498295177788602,0.0,0.6612903225806451
2016,6.16@2016-08-10,Fizz,0.11203117389186557,0.0,0.7016129032258065
2016,6.16@2016-08-10,Galio,0.0004870920603994155,0.0,0.056451612903225805
2016,6.16@2016-08-10,Gangplank,0.19337554797856796,0.0,0.7580645161290323
2016,6.16@2016-08-10,Gnar,0.26302971261568436,0.0,0.7903225806451613
2016,6.16@2016-08-10,Gragas,0.43546030199707747,0.0,0.9112903225806451
2016,6.16@2016-08-10,Graves,0.26400389673648317,0.0,0.7983870967741935
2016,6.16@2016-08-10,Hecarim,0.2761811982464686,0.0,0.8064516129032258
2016,6.16@2016-08-10,Heimerdinger,0.0004870920603994155,0.0,0.056451612903225805
2016,6.16@2016-08-10,Illaoi,0.033122260107160253,0.0,0.5241935483870968
2016,6.16@2016-08-10,Irelia,0.3312226010716025,-2.0,0.8548387096774194
2016,6.16@2016-08-10,Janna,0.03360935216755967,0.0,0.532258064516129
2016,6.16@2016-08-10,Jarvan IV,0.010228933268387726,0.0,0.43951612903225806
2016,6.16@2016-08-10,Jax,0.07062834875791525,0.0,0.6209677419354839
2016,6.16@2016-08-10,Jayce,0.003896736483195324,0.0,0.2661290322580645
2016,6.16@2016-08-10,Jhin,0.36239649293716514,0.0,0.8790322580645161
2016,6.16@2016-08-10,Jinx,0.00876765708718948,0.0,0.3911290322580645
2016,6.16@2016-08-10,Kalista,0.0565026790063322,0.0,0.5725806451612904
2016,6.16@2016-08-10,Karma,0.6356551388212373,0.0,0.9758064516129032
2016,6.16@2016-08-10,Karthus,0.003896736483195324,0.0,0.2661290322580645
2016,6.16@2016-08-10,Kassadin,0.10910862152946907,0.0,0.6935483870967742
2016,6.16@2016-08-10,Katarina,0.0004870920603994155,0.0,0.056451612903225805
2016,6.16@2016-08-10,Kayle,0.000974184120798831,0.0,0.13306451612903225
2016,6.16@2016-08-10,Kennen,0.0063321967851924016,0.0,0.3346774193548387
2016,6.16@2016-08-10,Kha'Zix,0.018509498295177788,0.0,0.47580645161290325
2016,6.16@2016-08-10,Kindred,0.3463224549439844,0.0,0.8709677419354839
2016,6.16@2016-08-10,Kog'Maw,0.03799318071115441,0.0,0.5403225806451613
2016,6.16@2016-08-10,LeBlanc,0.28787140769605457,0.0,0.8306451612903226
2016,6.16@2016-08-10,Lee Sin,0.0628348757915246,0.0,0.5887096774193549
2016,6.16@2016-08-10,Leona,0.01412566975158305,0.0,0.4596774193548387
2016,6.16@2016-08-10,Lissandra,0.15538236726741353,0.0,0.7338709677419355
2016,6.16@2016-08-10,Lucian,0.4656600097418412,0.0,0.9274193548387096
2016,6.16@2016-08-10,Lulu,0.02679006332196785,2.0,0.5080645161290323
2016,6.16@2016-08-10,Lux,0.0004870920603994155,0.0,0.056451612903225805
2016,6.16@2016-08-10,Malphite,0.004870920603994155,0.0,0.29838709677419356
2016,6.16@2016-08-10,Malzahar,0.23039454456892353,0.0,0.7741935483870968
2016,6.16@2016-08-10,Maokai,0.3185582075012177,0.0,0.8387096774193549
2016,6.16@2016-08-10,Master Yi,0.001948368241597662,0.0,0.20967741935483872
2016,6.16@2016-08-10,Miss Fortune,0.008280565026790063,0.0,0.3790322580645161
2016,6.16@2016-08-10,Mordekaiser,0.009254749147588894,1.0,0.40725806451612906
2016,6.16@2016-08-10,Morgana,0.04188991719434973,0.0,0.5483870967741935
2016,6.16@2016-08-10,Nami,0.14320506575742814,0.0,0.7258064516129032
2016,6.16@2016-08-10,Nautilus,0.019970774476376036,2.0,0.4879032258064516
2016,6.16@2016-08-10,Nidalee,0.5976619581100828,0.0,0.9435483870967742
2016,6.16@2016-08-10,Nocturne,0.0004870920603994155,0.0,0.056451612903225805
2016,6.16@2016-08-10,Nunu & Willump,0.0014612761811982464,0.0,0.1774193548387097
2016,6.16@2016-08-10,Olaf,0.09936678032148076,0.0,0.6693548387096774
2016,6.16@2016-08-10,Orianna,0.0058451047247929854,0.0,0.3225806451612903
2016,6.16@2016-08-10,Pantheon,0.0014612761811982464,0.0,0.1774193548387097
2016,6.16@2016-08-10,Poppy,0.06137359961032635,0.0,0.5806451612903226
2016,6.16@2016-08-10,Quinn,0.0029225523623964927,0.0,0.22983870967741934
2016,6.16@2016-08-10,Rammus,0.000974184120798831,0.0,0.13306451612903225
2016,6.16@2016-08-10,Rek'Sai,0.7082318558207501,0.0,0.9919354838709677
2016,6.16@2016-08-10,Renekton,0.00974184120798831,0.0,0.42338709677419356
2016,6.16@2016-08-10,Rengar,0.0034096444227959084,0.0,0.24596774193548387
2016,6.16@2016-08-10,Riven,0.00535801266439357,0.0,0.31451612903225806
2016,6.16@2016-08-10,Rumble,0.0881636629322942,0.0,0.6370967741935484
2016,6.16@2016-08-10,Ryze,0.6181198246468582,0.0,0.9596774193548387
2016,6.16@2016-08-10,Sejuani,0.003896736483195324,0.0,0.2661290322580645
2016,6.16@2016-08-10,Shaco,0.0004870920603994155,0.0,0.056451612903225805
2016,6.16@2016-08-10,Shen,0.43497320993667804,0.0,0.9032258064516129
2016,6.16@2016-08-10,Shyvana,0.000974184120798831,0.0,0.13306451612903225
2016,6.16@2016-08-10,Sion,0.004870920603994155,0.0,0.29838709677419356
2016,6.16@2016-08-10,Sivir,0.6161714564052606,0.0,0.9516129032258065
2016,6.16@2016-08-10,Skarner,0.000974184120798831,0.0,0.13306451612903225
2016,6.16@2016-08-10,Sona,0.010228933268387726,-2.0,0.43951612903225806
2016,6.16@2016-08-10,Soraka,0.069167072576717,0.0,0.6129032258064516
2016,6.16@2016-08-10,Swain,0.24013638577691185,0.0,0.782258064516129
2016,6.16@2016-08-10,Syndra,0.03263516804676084,0.0,0.5161290322580645
2016,6.16@2016-08-10,Tahm Kench,0.10813443740867024,0.0,0.6814516129032258
2016,6.16@2016-08-10,Taliyah,0.12761811982464685,0.0,0.7096774193548387
2016,6.16@2016-08-10,Talon,0.0004870920603994155,0.0,0.056451612903225805
2016,6.16@2016-08-10,Taric,0.06380905991232343,0.0,0.5967741935483871
2016,6.16@2016-08-10,Teemo,0.001948368241597662,0.0,0.20967741935483872
2016,6.16@2016-08-10,Thresh,0.15830491962981003,0.0,0.7419354838709677
2016,6.16@2016-08-10,Tristana,0.019970774476376036,0.0,0.4879032258064516
2016,6.16@2016-08-10,Trundle,0.6692644909887969,0.0,0.9838709677419355
2016,6.16@2016-08-10,Twisted Fate,0.16950803701899658,0.0,0.75
2016,6.16@2016-08-10,Twitch,0.08670238675109596,0.0,0.6290322580645161
2016,6.16@2016-08-10,Udyr,0.0004870920603994155,0.0,0.056451612903225805
2016,6.16@2016-08-10,Urgot,0.001948368241597662,0.0,0.20967741935483872
2016,6.16@2016-08-10,Varus,0.10813443740867024,0.0,0.6814516129032258
2016,6.16@2016-08-10,Vayne,0.00974184120798831,0.0,0.42338709677419356
2016,6.16@2016-08-10,Veigar,0.02143205065757428,0.0,0.5
2016,6.16@2016-08-10,Vel'Koz,0.00438382854359474,0.0,0.28225806451612906
2016,6.16@2016-08-10,Viktor,0.4646858256210424,-1.0,0.9193548387096774
2016,6.16@2016-08-10,Vladimir,0.7700925474914759,0.0,1.0
2016,6.16@2016-08-10,Volibear,0.000974184120798831,0.0,0.13306451612903225
2016,6.16@2016-08-10,Wukong,0.0004870920603994155,0.0,0.056451612903225805
2016,6.16@2016-08-10,Xerath,0.0063321967851924016,0.0,0.3346774193548387
2016,6.16@2016-08-10,Xin Zhao,0.0004870920603994155,0.0,0.056451612903225805
2016,6.16@2016-08-10,Yasuo,0.009254749147588894,0.0,0.40725806451612906
2016,6.16@2016-08-10,Yorick,0.000974184120798831,0.0,0.13306451612903225
2016,6.16@2016-08-10,Zac,0.007793472966390648,0.0,0.36693548387096775
2016,6.16@2016-08-10,Zed,0.043838285435947394,0.0,0.5564516129032258
2016,6.16@2016-08-10,Ziggs,0.004870920603994155,0.0,0.29838709677419356
2016,6.16@2016-08-10,Zilean,0.09352167559668777,0.0,0.6532258064516129
2016,6.16@2016-08-10,Zyra,0.06429615197272284,0.0,0.6048387096774194
2016,6.16@2016-08-15,Aatrox,0.0014077897700610043,0.0,0.18
2016,6.16@2016-08-15,Ahri,0.010793054903801032,0.0,0.444
2016,6.16@2016-08-15,Akali,0.0004692632566870014,0.0,0.056
2016,6.16@2016-08-15,Alistar,0.2693571093383388,0.0,0.8
2016,6.16@2016-08-15,Amumu,0.0028155795401220087,0.0,0.236
2016,6.16@2016-08-15,Anivia,0.08540591271703425,0.0,0.64
2016,6.16@2016-08-15,Annie,0.0014077897700610043,0.0,0.18
2016,6.16@2016-08-15,Ashe,0.343031440638198,0.0,0.872
2016,6.16@2016-08-15,Aurelion Sol,0.04645706241201314,0.0,0.568
2016,6.16@2016-08-15,Azir,0.5513843266072267,0.0,0.936
2016,6.16@2016-08-15,Bard,0.41342092914124823,0.0,0.896
2016,6.16@2016-08-15,Blitzcrank,0.007508212106992022,0.0,0.36
2016,6.16@2016-08-15,Brand,0.011262318160488035,0.0,0.456
2016,6.16@2016-08-15,Braum,0.6203660253402159,0.0,0.96
2016,6.16@2016-08-15,Caitlyn,0.1975598310652276,0.0,0.76
2016,6.16@2016-08-15,Cassiopeia,0.14547160957297042,0.0,0.728
2016,6.16@2016-08-15,Cho'Gath,0.0004692632566870014,0.0,0.056
2016,6.16@2016-08-15,Corki,0.004223369310183012,0.0,0.284
2016,6.16@2016-08-15,Darius,0.0014077897700610043,0.0,0.18
2016,6.16@2016-08-15,Diana,0.00656968559361802,0.0,0.344
2016,6.16@2016-08-15,Draven,0.01689347724073205,0.0,0.472
2016,6.16@2016-08-15,Ekko,0.28343500703894886,0.0,0.832
2016,6.16@2016-08-15,Elise,0.38620366025340214,0.0,0.888
2016,6.16@2016-08-15,Evelynn,0.007508212106992022,0.0,0.36
2016,6.16@2016-08-15,Ezreal,0.31862975129047394,0.0,0.848
2016,6.16@2016-08-15,Fiddlesticks,0.0004692632566870014,0.0,0.056
2016,6.16@2016-08-15,Fiora,0.09479117785077429,0.0,0.664
2016,6.16@2016-08-15,Fizz,0.10652275926794932,0.0,0.68
2016,6.16@2016-08-15,Galio,0.0004692632566870014,0.0,0.056
2016,6.16@2016-08-15,Gangplank,0.21022993899577663,0.0,0.768
2016,6.16@2016-08-15,Gnar,0.27780384795870483,0.0,0.816
2016,6.16@2016-08-15,Gragas,0.4528390427029564,0.0,0.92
2016,6.16@2016-08-15,Graves,0.25668700140778977,0.0,0.792
2016,6.16@2016-08-15,Hecarim,0.28296574378226186,0.0,0.824
2016,6.16@2016-08-15,Heimerdinger,0.0004692632566870014,0.0,0.056
2016,6.16@2016-08-15,Illaoi,0.0323791647114031,0.0,0.528
2016,6.16@2016-08-15,Irelia,0.326607226654153,0.0,0.856
2016,6.16@2016-08-15,Janna,0.031909901454716096,0.0,0.52
2016,6.16@2016-08-15,Jarvan IV,0.010793054903801032,0.0,0.444
2016,6.16@2016-08-15,Jax,0.0680431722196152,0.0,0.616
2016,6.16@2016-08-15,Jayce,0.004223369310183012,0.0,0.284
2016,6.16@2016-08-15,Jhin,0.37634913186297514,0.0,0.88
2016,6.16@2016-08-15,Jinx,0.008446738620366025,0.0,0.388
2016,6.16@2016-08-15,Kalista,0.05255748474894416,0.0,0.576
2016,6.16@2016-08-15,Karma,0.639605818864383,0.0,0.976
2016,6.16@2016-08-15,Karthus,0.003754106053496011,0.0,0.26
2016,6.16@2016-08-15,Kassadin,0.11356170811825433,0.0,0.696
2016,6.16@2016-08-15,Katarina,0.0004692632566870014,0.0,0.056
2016,6.16@2016-08-15,Kayle,0.0009385265133740028,0.0,0.136
2016,6.16@2016-08-15,Kennen,0.008446738620366025,0.0,0.388
2016,6.16@2016-08-15,Kha'Zix,0.018301267010793053,0.0,0.48
2016,6.16@2016-08-15,Kindred,0.327545753167527,0.0,0.864
2016,6.16@2016-08-15,Kog'Maw,0.04223369310183012,0.0,0.552
2016,6.16@2016-08-15,LeBlanc,0.27733458470201783,0.0,0.808
2016,6.16@2016-08-15,Lee Sin,0.06241201313937119,0.0,0.596
2016,6.16@2016-08-15,Leona,0.01360863444392304,0.0,0.464
2016,6.16@2016-08-15,Lissandra,0.15908024401689347,0.0,0.744
2016,6.16@2016-08-15,Lucian,0.44814641013608636,0.0,0.912
2016,6.16@2016-08-15,Lulu,0.02627874237447208,0.0,0.512
2016,6.16@2016-08-15,Lux,0.0009385265133740028,0.0,0.136
2016,6.16@2016-08-15,Malphite,0.004223369310183012,0.0,0.284
2016,6.16@2016-08-15,Malzahar,0.2327545753167527,0.0,0.784
2016,6.16@2016-08-15,Maokai,0.3022055373064289,0.0,0.84
2016,6.16@2016-08-15,Master Yi,0.0018770530267480056,0.0,0.208
2016,6.16@2016-08-15,Miss Fortune,0.007977475363679024,0.0,0.376
2016,6.16@2016-08-15,Mordekaiser,0.008916001877053027,0.0,0.404
2016,6.16@2016-08-15,Morgana,0.04035664007508212,0.0,0.544
2016,6.16@2016-08-15,Nami,0.14171750351947443,0.0,0.712
2016,6.16@2016-08-15,Nautilus,0.019709056780854058,0.0,0.488
2016,6.16@2016-08-15,Nidalee,0.5828249648052557,0.0,0.944
2016,6.16@2016-08-15,Nocturne,0.0004692632566870014,0.0,0.056
2016,6.16@2016-08-15,Nunu & Willump,0.0014077897700610043,0.0,0.18
2016,6.16@2016-08-15,Olaf,0.09713749413420929,0.0,0.672
2016,6.16@2016-08-15,Orianna,0.006100422336931018,0.0,0.332
2016,6.16@2016-08-15,Pantheon,0.002346316283435007,0.0,0.224
2016,6.16@2016-08-15,Poppy,0.05584232754575317,0.0,0.584
2016,6.16@2016-08-15,Quinn,0.0028155795401220087,0.0,0.236
2016,6.16@2016-08-15,Rammus,0.0009385265133740028,0.0,0.136
2016,6.16@2016-08-15,Rek'Sai,0.7165649929610511,0.0,0.992
2016,6.16@2016-08-15,Renekton,0.009854528390427029,0.0,0.42
2016,6.16@2016-08-15,Rengar,0.00328484279680901,0.0,0.248
2016,6.16@2016-08-15,Riven,0.005161895823557016,0.0,0.32
2016,6.16@2016-08-15,Rumble,0.08634443923040826,0.0,0.648
2016,6.16@2016-08-15,Ryze,0.5912717034256217,0.0,0.952
2016,6.16@2016-08-15,Sejuani,0.003754106053496011,0.0,0.26
2016,6.16@2016-08-15,Shaco,0.0004692632566870014,0.0,0.056
2016,6.16@2016-08-15,Shen,0.44439230408259034,0.0,0.904
2016,6.16@2016-08-15,Shyvana,0.0009385265133740028,0.0,0.136
2016,6.16@2016-08-15,Singed,0.0004692632566870014,0.0,0.056
2016,6.16@2016-08-15,Sion,0.004692632566870014,0.0,0.308
2016,6.16@2016-08-15,Sivir,0.6227123416236509,0.0,0.968
2016,6.16@2016-08-15,Skarner,0.0009385265133740028,0.0,0.136
2016,6.16@2016-08-15,Sona,0.009854528390427029,0.0,0.42
2016,6.16@2016-08-15,Soraka,0.0656968559361802,0.0,0.608
2016,6.16@2016-08-15,Swain,0.2313467855466917,0.0,0.776
2016,6.16@2016-08-15,Syndra,0.03988737681839512,0.0,0.536
2016,6.16@2016-08-15,Tahm Kench,0.12810886907555138,0.0,0.704
2016,6.16@2016-08-15,Taliyah,0.14406381980290944,0.0,0.72
2016,6.16@2016-08-15,Talon,0.0004692632566870014,0.0,0.056
2016,6.16@2016-08-15,Taric,0.07226654152979822,0.0,0.624
2016,6.16@2016-08-15,Teemo,0.0018770530267480056,0.0,0.208
2016,6.16@2016-08-15,Thresh,0.15720319099014546,0.0,0.736
2016,6.16@2016-08-15,Tristana,0.02017832003754106,0.0,0.496
2016,6.16@2016-08-15,Trundle,0.65884561238855,0.0,0.984
2016,6.16@2016-08-15,Twisted Fate,0.1633036133270765,0.0,0.752
2016,6.16@2016-08-15,Twitch,0.08399812294697326,0.0,0.632
2016,6.16@2016-08-15,Udyr,0.0004692632566870014,0.0,0.056
2016,6.16@2016-08-15,Urgot,0.0018770530267480056,0.0,0.208
2016,6.16@2016-08-15,Varus,0.10793054903801032,0.0,0.688
2016,6.16@2016-08-15,Vayne,0.010323791647114031,0.0,0.432
2016,6.16@2016-08-15,Veigar,0.020647583294228063,0.0,0.504
2016,6.16@2016-08-15,Vel'Koz,0.004223369310183012,0.0,0.284
2016,6.16@2016-08-15,Viktor,0.4622243078366964,0.0,0.928
2016,6.16@2016-08-15,Vladimir,0.7766306898169874,0.0,1.0
2016,6.16@2016-08-15,Volibear,0.0009385265133740028,0.0,0.136
2016,6.16@2016-08-15,Wukong,0.0004692632566870014,0.0,0.056
2016,6.16@2016-08-15,Xerath,0.006100422336931018,0.0,0.332
2016,6.16@2016-08-15,Xin Zhao,0.0004692632566870014,0.0,0.056
2016,6.16@2016-08-15,Yasuo,0.008916001877053027,0.0,0.404
2016,6.16@2016-08-15,Yorick,0.0009385265133740028,0.0,0.136
2016,6.16@2016-08-15,Zac,0.007508212106992022,0.0,0.36
2016,6.16@2016-08-15,Zed,0.042702956358517126,0.0,0.56
2016,6.16@2016-08-15,Ziggs,0.004692632566870014,0.0,0.308
2016,6.16@2016-08-15,Zilean,0.08916001877053027,0.0,0.656
2016,6.16@2016-08-15,Zyra,0.06241201313937119,0.0,0.596
2016,6.17@2016-08-24,Aatrox,0.0013786764705882354,0.0,0.19921875
2016,6.17@2016-08-24,Ahri,0.011029411764705883,0.0,0.46484375
2016,6.17@2016-08-24,Akali,0.00045955882352941176,0.0,0.078125
2016,6.17@2016-08-24,Alistar,0.2614889705882353,0.0,0.8046875
2016,6.17@2016-08-24,Amumu,0.0027573529411764708,0.0,0.25390625
2016,6.17@2016-08-24,Anivia,0.08409926470588236,0.0,0.6484375
2016,6.17@2016-08-24,Annie,0.0013786764705882354,-1.0,0.19921875
2016,6.17@2016-08-24,Ashe,0.35018382352941174,-2.0,0.875
2016,6.17@2016-08-24,Aurelion Sol,0.04825367647058824,0.0,0.578125
2016,6.17@2016-08-24,Azir,0.5303308823529411,0.0,0.9375
2016,6.17@2016-08-24,Bard,0.40808823529411764,0.0,0.8984375
2016,6.17@2016-08-24,Blitzcrank,0.007352941176470588,0.0,0.375
2016,6.17@2016-08-24,Brand,0.011029411764705883,0.0,0.46484375
2016,6.17@2016-08-24,Braum,0.6176470588235294,0.0,0.9609375
2016,6.17@2016-08-24,Caitlyn,0.19393382352941177,0.0,0.765625
2016,6.17@2016-08-24,Cassiopeia,0.1479779411764706,0.0,0.7265625
2016,6.17@2016-08-24,Cho'Gath,0.00045955882352941176,0.0,0.078125
2016,6.17@2016-08-24,Corki,0.004595588235294118,1.0,0.3125
2016,6.17@2016-08-24,Darius,0.0013786764705882354,0.0,0.19921875
2016,6.17@2016-08-24,Diana,0.006433823529411764,1.0,0.35546875
2016,6.17@2016-08-24,Draven,0.017003676470588234,1.0,0.484375
2016,6.17@2016-08-24,Ekko,0.2853860294117647,0.0,0.828125
2016,6.17@2016-08-24,Elise,0.38786764705882354,0.0,0.8828125
2016,6.17@2016-08-24,Evelynn,0.007352941176470588,1.0,0.375
2016,6.17@2016-08-24,Ezreal,0.3102022058823529,1.0,0.8515625
2016,6.17@2016-08-24,Fiddlesticks,0.00045955882352941176,0.0,0.078125
2016,6.17@2016-08-24,Fiora,0.09375,0.0,0.671875
2016,6.17@2016-08-24,Fizz,0.10248161764705882,0.0,0.6875
2016,6.17@2016-08-24,Galio,0.00045955882352941176,0.0,0.078125
2016,6.17@2016-08-24,Gangplank,0.22977941176470587,-3.0,0.78125
2016,6.17@2016-08-24,Gnar,0.2936580882352941,0.0,0.84375
2016,6.17@2016-08-24,Gragas,0.4678308823529412,-3.0,0.9296875
2016,6.17@2016-08-24,Graves,0.24632352941176472,0.0,0.796875
2016,6.17@2016-08-24,Hecarim,0.28079044117647056,0.0,0.8203125
2016,6.17@2016-08-24,Heimerdinger,0.00045955882352941176,0.0,0.078125
2016,6.17@2016-08-24,Illaoi,0.03170955882352941,0.0,0.5390625
2016,6.17@2016-08-24,Irelia,0.32674632352941174,0.0,0.8671875
2016,6.17@2016-08-24,Janna,0.03079044117647059,0.0,0.53125
2016,6.17@2016-08-24,Jarvan IV,0.010569852941176471,0.0,0.453125
2016,6.17@2016-08-24,Jax,0.0666360294117647,0.0,0.625
2016,6.17@2016-08-24,Jayce,0.004136029411764706,2.0,0.29296875
2016,6.17@2016-08-24,Jhin,0.39016544117647056,-2.0,0.890625
2016,6.17@2016-08-24,Jinx,0.008731617647058824,1.0,0.41015625
2016,6.17@2016-08-24,Kalista,0.04871323529411765,0.0,0.5859375
2016,6.17@2016-08-24,Karma,0.6401654411764706,0.0,0.9765625
2016,6.17@2016-08-24,Karthus,0.003676470588235294,0.0,0.27734375
2016,6.17@2016-08-24,Kassadin,0.11856617647058823,0.0,0.703125
2016,6.17@2016-08-24,Katarina,0.00045955882352941176,0.0,0.078125
2016,6.17@2016-08-24,Kayle,0.0009191176470588235,0.0,0.15625
2016,6.17@2016-08-24,Kennen,0.009191176470588236,0.0,0.4296875
2016,6.17@2016-08-24,Kha'Zix,0.017922794117647058,0.0,0.4921875
2016,6.17@2016-08-24,Kindred,0.3147977941176471,0.0,0.859375
2016,6.17@2016-08-24,Kled,0.0,0.0,0.015625
2016,6.17@2016-08-24,Kog'Maw,0.042279411764705885,0.0,0.5625
2016,6.17@2016-08-24,LeBlanc,0.27159926470588236,0.0,0.8125
2016,6.17@2016-08-24,Lee Sin,0.06158088235294118,0.0,0.6171875
2016,6.17@2016-08-24,Leona,0.012867647058823529,0.0,0.4765625
2016,6.17@2016-08-24,Lissandra,0.16911764705882354,0.0,0.7578125
2016,6.17@2016-08-24,Lucian,0.4375,0.0,0.90625
2016,6.17@2016-08-24,Lulu,0.025275735294117647,0.0,0.5234375
2016,6.17@2016-08-24,Lux,0.0009191176470588235,0.0,0.15625
2016,6.17@2016-08-24,Malphite,0.004136029411764706,2.0,0.29296875
2016,6.17@2016-08-24,Malzahar,0.24034926470588236,0.0,0.7890625
2016,6.17@2016-08-24,Maokai,0.28630514705882354,0.0,0.8359375
2016,6.17@2016-08-24,Master Yi,0.001838235294117647,0.0,0.2265625
2016,6.17@2016-08-24,Miss Fortune,0.0078125,0.0,0.390625
2016,6.17@2016-08-24,Mordekaiser,0.008731617647058824,0.0,0.41015625
2016,6.17@2016-08-24,Morgana,0.03952205882352941,1.0,0.55078125
2016,6.17@2016-08-24,Nami,0.13832720588235295,0.0,0.7109375
2016,6.17@2016-08-24,Nasus,0.0,0.0,0.015625
2016,6.17@2016-08-24,Nautilus,0.019761029411764705,0.0,0.5
2016,6.17@2016-08-24,Nidalee,0.5753676470588235,0.0,0.953125
2016,6.17@2016-08-24,Nocturne,0.00045955882352941176,0.0,0.078125
2016,6.17@2016-08-24,Nunu & Willump,0.0013786764705882354,0.0,0.19921875
2016,6.17@2016-08-24,Olaf,0.0978860294117647,0.0,0.6796875
2016,6.17@2016-08-24,Orianna,0.0059742647058823525,1.0,0.34375
2016,6.17@2016-08-24,Pantheon,0.002297794117647059,0.0,0.2421875
2016,6.17@2016-08-24,Poppy,0.04963235294117647,1.0,0.59375
2016,6.17@2016-08-24,Quinn,0.0027573529411764708,0.0,0.25390625
2016,6.17@2016-08-24,Rammus,0.0009191176470588235,0.0,0.15625
2016,6.17@2016-08-24,Rek'Sai,0.7293198529411765,-3.0,0.9921875
2016,6.17@2016-08-24,Renekton,0.01011029411764706,0.0,0.4453125
2016,6.17@2016-08-24,Rengar,0.003216911764705882,0.0,0.265625
2016,6.17@2016-08-24,Riven,0.0055147058823529415,2.0,0.3359375
2016,6.17@2016-08-24,Rumble,0.08777573529411764,0.0,0.6640625
2016,6.17@2016-08-24,Ryze,0.5707720588235294,1.0,0.9453125
2016,6.17@2016-08-24,Sejuani,0.003676470588235294,0.0,0.27734375
2016,6.17@2016-08-24,Shaco,0.00045955882352941176,0.0,0.078125
2016,6.17@2016-08-24,Shen,0.45174632352941174,0.0,0.9140625
2016,6.17@2016-08-24,Shyvana,0.0009191176470588235,0.0,0.15625
2016,6.17@2016-08-24,Singed,0.00045955882352941176,0.0,0.078125
2016,6.17@2016-08-24,Sion,0.004595588235294118,0.0,0.3125
2016,6.17@2016-08-24,Sivir,0.6268382352941176,-2.0,0.96875
2016,6.17@2016-08-24,Skarner,0.0009191176470588235,0.0,0.15625
2016,6.17@2016-08-24,Sona,0.008731617647058824,0.0,0.41015625
2016,6.17@2016-08-24,Soraka,0.05744485294117647,0.0,0.6015625
2016,6.17@2016-08-24,Swain,0.2270220588235294,0.0,0.7734375
2016,6.17@2016-08-24,Syndra,0.04411764705882353,0.0,0.5703125
2016,6.17@2016-08-24,Tahm Kench,0.14476102941176472,0.0,0.71875
2016,6.17@2016-08-24,Taliyah,0.16084558823529413,0.0,0.7421875
2016,6.17@2016-08-24,Talon,0.00045955882352941176,0.0,0.078125
2016,6.17@2016-08-24,Taric,0.07720588235294118,0.0,0.6328125
2016,6.17@2016-08-24,Teemo,0.001838235294117647,0.0,0.2265625
2016,6.17@2016-08-24,Thresh,0.15487132352941177,1.0,0.734375
2016,6.17@2016-08-24,Tristana,0.021139705882352942,0.0,0.515625
2016,6.17@2016-08-24,Trundle,0.6539522058823529,-1.0,0.984375
2016,6.17@2016-08-24,Twisted Fate,0.1640625,0.0,0.75
2016,6.17@2016-08-24,Twitch,0.07996323529411764,0.0,0.640625
2016,6.17@2016-08-24,Udyr,0.00045955882352941176,0.0,0.078125
2016,6.17@2016-08-24,Urgot,0.001838235294117647,0.0,0.2265625
2016,6.17@2016-08-24,Varus,0.109375,0.0,0.6953125
2016,6.17@2016-08-24,Vayne,0.009650735294117647,2.0,0.4375
2016,6.17@2016-08-24,Veigar,0.02022058823529412,1.0,0.5078125
2016,6.17@2016-08-24,Vel'Koz,0.00505514705882353,0.0,0.328125
2016,6.17@2016-08-24,Vi,0.0,2.0,0.015625
2016,6.17@2016-08-24,Viktor,0.4586397058823529,0.0,0.921875
2016,6.17@2016-08-24,Vladimir,0.7830882352941176,0.0,1.0
2016,6.17@2016-08-24,Volibear,0.0009191176470588235,0.0,0.15625
2016,6.17@2016-08-24,Wukong,0.00045955882352941176,0.0,0.078125
2016,6.17@2016-08-24,Xerath,0.006433823529411764,0.0,0.35546875
2016,6.17@2016-08-24,Xin Zhao,0.00045955882352941176,0.0,0.078125
2016,6.17@2016-08-24,Yasuo,0.008731617647058824,0.0,0.41015625
2016,6.17@2016-08-24,Yorick,0.0009191176470588235,0.0,0.15625
2016,6.17@2016-08-24,Zac,0.007352941176470588,0.0,0.375
2016,6.17@2016-08-24,Zed,0.03952205882352941,0.0,0.55078125
2016,6.17@2016-08-24,Ziggs,0.004595588235294118,0.0,0.3125
2016,6.17@2016-08-24,Zilean,0.08685661764705882,0.0,0.65625
2016,6.17@2016-08-24,Zyra,0.06112132352941176,0.0,0.609375
2016,6.18@2016-09-08,Aatrox,0.0013986013986013986,0.0,0.1984126984126984
2016,6.18@2016-09-08,Ahri,0.010722610722610723,0.0,0.4246031746031746
2016,6.18@2016-09-08,Akali,0.0004662004662004662,0.0,0.08333333333333333
2016,6.18@2016-09-08,Alistar,0.23216783216783216,0.0,0.7857142857142857
2016,6.18@2016-09-08,Amumu,0.002797202797202797,0.0,0.23809523809523808
2016,6.18@2016-09-08,Anivia,0.08764568764568764,0.0,0.6507936507936508
2016,6.18@2016-09-08,Annie,0.0004662004662004662,0.0,0.08333333333333333
2016,6.18@2016-09-08,Ashe,0.38135198135198134,-1.0,0.873015873015873
2016,6.18@2016-09-08,Aurelion Sol,0.04755244755244755,0.0,0.5793650793650794
2016,6.18@2016-09-08,Azir,0.46386946386946387,0.0,0.9206349206349206
2016,6.18@2016-09-08,Bard,0.3958041958041958,0.0,0.8968253968253969
2016,6.18@2016-09-08,Blitzcrank,0.006993006993006993,0.0,0.36904761904761907
2016,6.18@2016-09-08,Brand,0.014452214452214453,0.0,0.47619047619047616
2016,6.18@2016-09-08,Braum,0.6083916083916084,0.0,0.9603174603174603
2016,6.18@2016-09-08,Caitlyn,0.16736596736596737,0.0,0.7301587301587301
2016,6.18@2016-09-08,Cassiopeia,0.17435897435897435,0.0,0.746031746031746
2016,6.18@2016-09-08,Cho'Gath,0.0004662004662004662,0.0,0.08333333333333333
2016,6.18@2016-09-08,Corki,0.005128205128205128,0.0,0.3253968253968254
2016,6.18@2016-09-08,Darius,0.0009324009324009324,0.0,0.1746031746031746
2016,6.18@2016-09-08,Diana,0.005128205128205128,0.0,0.3253968253968254
2016,6.18@2016-09-08,Draven,0.013986013986013986,0.0,0.46825396825396826
2016,6.18@2016-09-08,Ekko,0.2703962703962704,-1.0,0.8174603174603174
2016,6.18@2016-09-08,Elise,0.3878787878787879,0.0,0.8888888888888888
2016,6.18@2016-09-08,Evelynn,0.006526806526806527,0.0,0.35714285714285715
2016,6.18@2016-09-08,Ezreal,0.2909090909090909,0.0,0.8412698412698413
2016,6.18@2016-09-08,Fiddlesticks,0.0004662004662004662,0.0,0.08333333333333333
2016,6.18@2016-09-08,Fiora,0.09603729603729604,0.0,0.6666666666666666
2016,6.18@2016-09-08,Fizz,0.09277389277389278,0.0,0.6587301587301587
2016,6.18@2016-09-08,Galio,0.0004662004662004662,0.0,0.08333333333333333
2016,6.18@2016-09-08,Gangplank,0.27505827505827507,0.0,0.8333333333333334
2016,6.18@2016-09-08,Gnar,0.34032634032634035,-2.0,0.8650793650793651
2016,6.18@2016-09-08,Gragas,0.509090909090909,0.0,0.9444444444444444
2016,6.18@2016-09-08,Graves,0.22284382284382284,0.0,0.7777777777777778
2016,6.18@2016-09-08,Hecarim,0.29324009324009326,0.0,0.8492063492063492
2016,6.18@2016-09-08,Heimerdinger,0.0004662004662004662,0.0,0.08333333333333333
2016,6.18@2016-09-08,Illaoi,0.032167832167832165,0.0,0.5396825396825397
2016,6.18@2016-09-08,Irelia,0.3356643356643357,0.0,0.8571428571428571
2016,6.18@2016-09-08,Janna,0.02703962703962704,0.0,0.5317460317460317
2016,6.18@2016-09-08,Jarvan IV,0.010722610722610723,0.0,0.4246031746031746
2016,6.18@2016-09-08,Jax,0.06526806526806526,0.0,0.6190476190476191
2016,6.18@2016-09-08,Jayce,0.004195804195804196,0.0,0.2896825396825397
2016,6.18@2016-09-08,Jhin,0.4303030303030303,0.0,0.9126984126984127
2016,6.18@2016-09-08,Jinx,0.010722610722610723,0.0,0.4246031746031746
2016,6.18@2016-09-08,Kalista,0.04428904428904429,0.0,0.5634920634920635
2016,6.18@2016-09-08,Karma,0.6662004662004662,0.0,0.9841269841269841
2016,6.18@2016-09-08,Karthus,0.0032634032634032634,0.0,0.25793650793650796
2016,6.18@2016-09-08,Kassadin,0.12913752913752913,0.0,0.6984126984126984
2016,6.18@2016-09-08,Katarina,0.0004662004662004662,0.0,0.08333333333333333
2016,6.18@2016-09-08,Kayle,0.0004662004662004662,0.0,0.08333333333333333
2016,6.18@2016-09-08,Kennen,0.01351981351981352,0.0,0.4603174603174603
2016,6.18@2016-09-08,Kha'Zix,0.017715617715617717,0.0,0.5
2016,6.18@2016-09-08,Kindred,0.24708624708624707,0.0,0.8095238095238095
2016,6.18@2016-09-08,Kled,0.0,0.0,0.007936507936507936
2016,6.18@2016-09-08,Kog'Maw,0.044755244755244755,0.0,0.5714285714285714
2016,6.18@2016-09-08,LeBlanc,0.2466200466200466,0.0,0.8015873015873016
2016,6.18@2016-09-08,Lee Sin,0.05874125874125874,1.0,0.6031746031746031
2016,6.18@2016-09-08,Leona,0.013053613053613054,0.0,0.4523809523809524
2016,6.18@2016-09-08,Lissandra,0.16876456876456877,-1.0,0.7380952380952381
2016,6.18@2016-09-08,Lucian,0.3850815850815851,0.0,0.8809523809523809
2016,6.18@2016-09-08,Lulu,0.01724941724941725,1.0,0.49206349206349204
2016,6.18@2016-09-08,Lux,0.0009324009324009324,1.0,0.1746031746031746
2016,6.18@2016-09-08,Malphite,0.004195804195804196,0.0,0.2896825396825397
2016,6.18@2016-09-08,Malzahar,0.27132867132867133,0.0,0.8253968253968254
2016,6.18@2016-09-08,Maokai,0.2331002331002331,0.0,0.7936507936507936
2016,6.18@2016-09-08,Master Yi,0.0018648018648018648,0.0,0.21428571428571427
2016,6.18@2016-09-08,Miss Fortune,0.0032634032634032634,1.0,0.25793650793650796
2016,6.18@2016-09-08,Mordekaiser,0.007925407925407926,0.0,0.38492063492063494
2016,6.18@2016-09-08,Morgana,0.033566433566433566,0.0,0.5476190476190477
2016,6.18@2016-09-08,Nami,0.13846153846153847,0.0,0.7063492063492064
2016,6.18@2016-09-08,Nautilus,0.018648018648018648,0.0,0.5079365079365079
2016,6.18@2016-09-08,Nidalee,0.5342657342657343,0.0,0.9523809523809523
2016,6.18@2016-09-08,Nocturne,0.0004662004662004662,1.0,0.08333333333333333
2016,6.18@2016-09-08,Nunu & Willump,0.0009324009324009324,0.0,0.1746031746031746
2016,6.18@2016-09-08,Olaf,0.10163170163170163,0.0,0.6825396825396826
2016,6.18@2016-09-08,Orianna,0.005128205128205128,0.0,0.3253968253968254
2016,6.18@2016-09-08,Pantheon,0.002331002331002331,0.0,0.23015873015873015
2016,6.18@2016-09-08,Poppy,0.039160839160839164,0.0,0.5555555555555556
2016,6.18@2016-09-08,Quinn,0.0004662004662004662,0.0,0.08333333333333333
2016,6.18@2016-09-08,Rammus,0.0004662004662004662,0.0,0.08333333333333333
2016,6.18@2016-09-08,Rek'Sai,0.7580419580419581,-2.0,0.9920634920634921
2016,6.18@2016-09-08,Renekton,0.010722610722610723,0.0,0.4246031746031746
2016,6.18@2016-09-08,Rengar,0.0032634032634032634,0.0,0.25793650793650796
2016,6.18@2016-09-08,Riven,0.005594405594405594,0.0,0.3412698412698413
2016,6.18@2016-09-08,Rumble,0.09696969696969697,0.0,0.6746031746031746
2016,6.18@2016-09-08,Ryze,0.5067599067599068,0.0,0.9365079365079365
2016,6.18@2016-09-08,Sejuani,0.0037296037296037296,0.0,0.2777777777777778
2016,6.18@2016-09-08,Shaco,0.0004662004662004662,0.0,0.08333333333333333
2016,6.18@2016-09-08,Shen,0.503030303030303,-2.0,0.9285714285714286
2016,6.18@2016-09-08,Shyvana,0.0004662004662004662,0.0,0.08333333333333333
2016,6.18@2016-09-08,Singed,0.0004662004662004662,0.0,0.08333333333333333
2016,6.18@2016-09-08,Sion,0.004662004662004662,0.0,0.3055555555555556
2016,6.18@2016-09-08,Sivir,0.6498834498834499,0.0,0.9761904761904762
2016,6.18@2016-09-08,Skarner,0.0032634032634032634,0.0,0.25793650793650796
2016,6.18@2016-09-08,Sona,0.008857808857808859,0.0,0.3968253968253968
2016,6.18@2016-09-08,Soraka,0.05081585081585081,0.0,0.5873015873015873
2016,6.18@2016-09-08,Swain,0.21631701631701633,0.0,0.7698412698412699
2016,6.18@2016-09-08,Syndra,0.05314685314685315,0.0,0.5952380952380952
2016,6.18@2016-09-08,Tahm Kench,0.1808857808857809,0.0,0.753968253968254
2016,6.18@2016-09-08,Taliyah,0.19766899766899768,-2.0,0.7619047619047619
2016,6.18@2016-09-08,Talon,0.0004662004662004662,0.0,0.08333333333333333
2016,6.18@2016-09-08,Taric,0.08111888111888112,0.0,0.6428571428571429
2016,6.18@2016-09-08,Teemo,0.0018648018648018648,0.0,0.21428571428571427
2016,6.18@2016-09-08,Thresh,0.15151515151515152,0.0,0.7142857142857143
2016,6.18@2016-09-08,Tristana,0.022377622377622378,0.0,0.5158730158730159
2016,6.18@2016-09-08,Trundle,0.6298368298368299,0.0,0.9682539682539683
2016,6.18@2016-09-08,Twisted Fate,0.16223776223776223,0.0,0.7222222222222222
2016,6.18@2016-09-08,Twitch,0.07365967365967366,0.0,0.626984126984127
2016,6.18@2016-09-08,Udyr,0.0004662004662004662,0.0,0.08333333333333333
2016,6.18@2016-09-08,Urgot,0.0018648018648018648,0.0,0.21428571428571427
2016,6.18@2016-09-08,Varus,0.11561771561771562,0.0,0.6904761904761905
2016,6.18@2016-09-08,Vayne,0.009324009324009324,0.0,0.40476190476190477
2016,6.18@2016-09-08,Veigar,0.016783216783216783,0.0,0.48412698412698413
2016,6.18@2016-09-08,Vel'Koz,0.006993006993006993,0.0,0.36904761904761907
2016,6.18@2016-09-08,Viktor,0.4195804195804196,0.0,0.9047619047619048
2016,6.18@2016-09-08,Vladimir,0.8428904428904429,-2.0,1.0
2016,6.18@2016-09-08,Volibear,0.0009324009324009324,0.0,0.1746031746031746
2016,6.18@2016-09-08,Wukong,0.0004662004662004662,0.0,0.08333333333333333
2016,6.18@2016-09-08,Xerath,0.006060606060606061,0.0,0.3492063492063492
2016,6.18@2016-09-08,Xin Zhao,0.0004662004662004662,0.0,0.08333333333333333
2016,6.18@2016-09-08,Yasuo,0.012587412587412588,-2.0,0.4444444444444444
2016,6.18@2016-09-08,Yorick,0.0009324009324009324,0.0,0.1746031746031746
2016,6.18@2016-09-08,Zac,0.007925407925407926,0.0,0.38492063492063494
2016,6.18@2016-09-08,Zed,0.02564102564102564,0.0,0.5238095238095238
2016,6.18@2016-09-08,Ziggs,0.004662004662004662,0.0,0.3055555555555556
2016,6.18@2016-09-08,Zilean,0.08065268065268065,0.0,0.6349206349206349
2016,6.18@2016-09-08,Zyra,0.06060606060606061,0.0,0.6111111111111112
2016,6.18@2016-09-13,Aatrox,0.0014627011214041932,0.0,0.192
2016,6.18@2016-09-13,Ahri,0.010726474890297415,0.0,0.412
2016,6.18@2016-09-13,Akali,0.00048756704046806434,0.0,0.076
2016,6.18@2016-09-13,Alistar,0.227206240858118,0.0,0.8
2016,6.18@2016-09-13,Amumu,0.0024378352023403218,0.0,0.236
2016,6.18@2016-09-13,Anivia,0.09068746952705997,0.0,0.656
2016,6.18@2016-09-13,Annie,0.00048756704046806434,0.0,0.076
2016,6.18@2016-09-13,Ashe,0.39785470502194054,0.0,0.896
2016,6.18@2016-09-13,Aurelion Sol,0.04826913700633837,0.0,0.58
2016,6.18@2016-09-13,Azir,0.44417357386640666,0.0,0.912
2016,6.18@2016-09-13,Bard,0.3885909312530473,0.0,0.88
2016,6.18@2016-09-13,Blitzcrank,0.007313505607020965,0.0,0.364
2016,6.18@2016-09-13,Brand,0.015114578254509995,0.0,0.472
2016,6.18@2016-09-13,Braum,0.6084836665041443,0.0,0.96
2016,6.18@2016-09-13,Caitlyn,0.15260848366650415,0.0,0.72
2016,6.18@2016-09-13,Cassiopeia,0.18966357874207704,0.0,0.744
2016,6.18@2016-09-13,Cho'Gath,0.00048756704046806434,0.0,0.076
2016,6.18@2016-09-13,Corki,0.0048756704046806435,0.0,0.312
2016,6.18@2016-09-13,Darius,0.0009751340809361287,0.0,0.168
2016,6.18@2016-09-13,Diana,0.005363237445148708,0.0,0.332
2016,6.18@2016-09-13,Draven,0.01462701121404193,0.0,0.464
2016,6.18@2016-09-13,Ekko,0.24134568503169185,0.0,0.808
2016,6.18@2016-09-13,Elise,0.3890784982935154,0.0,0.888
2016,6.18@2016-09-13,Evelynn,0.006338371526084837,0.0,0.348
2016,6.18@2016-09-13,Ezreal,0.2832764505119454,0.0,0.824
2016,6.18@2016-09-13,Fiddlesticks,0.00048756704046806434,0.0,0.076
2016,6.18@2016-09-13,Fiora,0.09702584105314481,0.0,0.664
2016,6.18@2016-09-13,Fizz,0.08044856167723062,0.0,0.632
2016,6.18@2016-09-13,Galio,0.00048756704046806434,0.0,0.076
2016,6.18@2016-09-13,Gangplank,0.2901023890784983,0.0,0.84
2016,6.18@2016-09-13,Gnar,0.35933690882496344,0.0,0.872
2016,6.18@2016-09-13,Gragas,0.5314480741101901,0.0,0.952
2016,6.18@2016-09-13,Graves,0.21696733300828863,0.0,0.792
2016,6.18@2016-09-13,Hecarim,0.30716723549488056,0.0,0.848
2016,6.18@2016-09-13,Heimerdinger,0.00048756704046806434,0.0,0.076
2016,6.18@2016-09-13,Illaoi,0.03364212579229644,0.0,0.536
2016,6.18@2016-09-13,Irelia,0.3510482691370063,0.0,0.856
2016,6.18@2016-09-13,Janna,0.025841053144807412,0.0,0.528
2016,6.18@2016-09-13,Jarvan IV,0.01121404193076548,0.0,0.428
2016,6.18@2016-09-13,Jax,0.06874695270599708,0.0,0.616
2016,6.18@2016-09-13,Jayce,0.0019502681618722574,0.0,0.212
2016,6.18@2016-09-13,Jhin,0.4500243783520234,0.0,0.92
2016,6.18@2016-09-13,Jinx,0.01121404193076548,0.0,0.428
2016,6.18@2016-09-13,Kalista,0.04193076548025353,0.0,0.56
2016,6.18@2016-09-13,Karma,0.6791808873720137,0.0,0.984
2016,6.18@2016-09-13,Karthus,0.0034129692832764505,0.0,0.26
2016,6.18@2016-09-13,Kassadin,0.13310580204778158,0.0,0.696
2016,6.18@2016-09-13,Katarina,0.00048756704046806434,0.0,0.076
2016,6.18@2016-09-13,Kayle,0.00048756704046806434,0.0,0.076
2016,6.18@2016-09-13,Kennen,0.014139444173573866,0.0,0.456
2016,6.18@2016-09-13,Kha'Zix,0.017552413456850317,0.0,0.504
2016,6.18@2016-09-13,Kindred,0.20575329107752316,0.0,0.776
2016,6.18@2016-09-13,Kog'Maw,0.04680643588493418,0.0,0.568
2016,6.18@2016-09-13,LeBlanc,0.24232081911262798,0.0,0.816
2016,6.18@2016-09-13,Lee Sin,0.05509507557289127,0.0,0.592
2016,6.18@2016-09-13,Leona,0.013651877133105802,0.0,0.444
2016,6.18@2016-09-13,Lissandra,0.1696733300828864,0.0,0.736
2016,6.18@2016-09-13,Lucian,0.35446123842028276,0.0,0.864
2016,6.18@2016-09-13,Lulu,0.016089712335446125,0.0,0.48
2016,6.18@2016-09-13,Lux,0.0009751340809361287,0.0,0.168
2016,6.18@2016-09-13,Malphite,0.004388103364212579,0.0,0.292
2016,6.18@2016-09-13,Malzahar,0.28668941979522183,0.0,0.832
2016,6.18@2016-09-13,Maokai,0.20477815699658702,0.0,0.768
2016,6.18@2016-09-13,Master Yi,0.0019502681618722574,0.0,0.212
2016,6.18@2016-09-13,Miss Fortune,0.0034129692832764505,0.0,0.26
2016,6.18@2016-09-13,Mordekaiser,0.0078010726474890294,0.0,0.38
2016,6.18@2016-09-13,Morgana,0.035104826913700635,0.0,0.544
2016,6.18@2016-09-13,Nami,0.13993174061433447,0.0,0.704
2016,6.18@2016-09-13,Nautilus,0.01657727937591419,0.0,0.488
2016,6.18@2016-09-13,Nidalee,0.5138956606533398,0.0,0.936
2016,6.18@2016-09-13,Nocturne,0.00048756704046806434,0.0,0.076
2016,6.18@2016-09-13,Nunu & Willump,0.0009751340809361287,0.0,0.168
2016,6.18@2016-09-13,Olaf,0.10482691370063384,0.0,0.68
2016,6.18@2016-09-13,Orianna,0.0048756704046806435,0.0,0.312
2016,6.18@2016-09-13,Pantheon,0.0024378352023403218,0.0,0.236
2016,6.18@2016-09-13,Poppy,0.039980497318381276,0.0,0.552
2016,6.18@2016-09-13,Quinn,0.00048756704046806434,0.0,0.076
2016,6.18@2016-09-13,Rammus,0.00048756704046806434,0.0,0.076
2016,6.18@2016-09-13,Rek'Sai,0.7640175524134568,0.0,0.992
2016,6.18@2016-09-13,Renekton,0.010726474890297415,0.0,0.412
2016,6.18@2016-09-13,Rengar,0.0029254022428083864,0.0,0.248
2016,6.18@2016-09-13,Riven,0.005363237445148708,0.0,0.332
2016,6.18@2016-09-13,Rumble,0.10092637737688932,0.0,0.672
2016,6.18@2016-09-13,Ryze,0.47976596782057535,0.0,0.928
2016,6.18@2016-09-13,Sejuani,0.0039005363237445147,0.0,0.276
2016,6.18@2016-09-13,Shaco,0.00048756704046806434,0.0,0.076
2016,6.18@2016-09-13,Shen,0.530472940029254,0.0,0.944
2016,6.18@2016-09-13,Shyvana,0.00048756704046806434,0.0,0.076
2016,6.18@2016-09-13,Singed,0.00048756704046806434,0.0,0.076
2016,6.18@2016-09-13,Sion,0.0048756704046806435,0.0,0.312
2016,6.18@2016-09-13,Sivir,0.6611409068746953,0.0,0.976
2016,6.18@2016-09-13,Skarner,0.0039005363237445147,0.0,0.276
2016,6.18@2016-09-13,Sona,0.009263773768893223,0.0,0.4
2016,6.18@2016-09-13,Soraka,0.04826913700633837,0.0,0.58
2016,6.18@2016-09-13,Swain,0.19648951730862993,0.0,0.76
2016,6.18@2016-09-13,Syndra,0.05704534373476353,0.0,0.604
2016,6.18@2016-09-13,Tahm Kench,0.19161384690394928,0.0,0.752
2016,6.18@2016-09-13,Taliyah,0.21160409556313994,0.0,0.784
2016,6.18@2016-09-13,Talon,0.00048756704046806434,0.0,0.076
2016,6.18@2016-09-13,Taric,0.08093612871769869,0.0,0.644
2016,6.18@2016-09-13,Teemo,0.0019502681618722574,0.0,0.212
2016,6.18@2016-09-13,Thresh,0.151633349585568,0.0,0.712
2016,6.18@2016-09-13,Tristana,0.023890784982935155,0.0,0.52
2016,6.18@2016-09-13,Trundle,0.6304241833252072,0.0,0.968
2016,6.18@2016-09-13,Twisted Fate,0.16235982447586544,0.0,0.728
2016,6.18@2016-09-13,Twitch,0.07411019015114578,0.0,0.624
2016,6.18@2016-09-13,Udyr,0.00048756704046806434,0.0,0.076
2016,6.18@2016-09-13,Urgot,0.0019502681618722574,0.0,0.212
2016,6.18@2016-09-13,Varus,0.113603120429059,0.0,0.688
2016,6.18@2016-09-13,Vayne,0.008288639687957094,0.0,0.392
2016,6.18@2016-09-13,Veigar,0.017064846416382253,0.0,0.496
2016,6.18@2016-09-13,Vel'Koz,0.007313505607020965,0.0,0.364
2016,6.18@2016-09-13,Viktor,0.4085811799122379,0.0,0.904
2016,6.18@2016-09-13,Vladimir,0.8664066309117504,0.0,1.0
2016,6.18@2016-09-13,Volibear,0.0009751340809361287,0.0,0.168
2016,6.18@2016-09-13,Wukong,0.00048756704046806434,0.0,0.076
2016,6.18@2016-09-13,Xerath,0.006338371526084837,0.0,0.348
2016,6.18@2016-09-13,Xin Zhao,0.00048756704046806434,0.0,0.076
2016,6.18@2016-09-13,Yasuo,0.013651877133105802,0.0,0.444
2016,6.18@2016-09-13,Yorick,0.0009751340809361287,0.0,0.168
2016,6.18@2016-09-13,Zac,0.0078010726474890294,0.0,0.38
2016,6.18@2016-09-13,Zed,0.021940516821062895,0.0,0.512
2016,6.18@2016-09-13,Ziggs,0.004388103364212579,0.0,0.292
2016,6.18@2016-09-13,Zilean,0.08093612871769869,0.0,0.644
2016,6.18@2016-09-13,Zyra,0.05704534373476353,0.0,0.604
2016,6.18@2016-09-14,Aatrox,0.0014792899408284023,0.0,0.196
2016,6.18@2016-09-14,Ahri,0.010848126232741617,0.0,0.412
2016,6.18@2016-09-14,Akali,0.0004930966469428008,0.0,0.076
2016,6.18@2016-09-14,Alistar,0.22879684418145957,0.0,0.8
2016,6.18@2016-09-14,Amumu,0.002465483234714004,0.0,0.24
2016,6.18@2016-09-14,Anivia,0.09072978303747535,0.0,0.656
2016,6.18@2016-09-14,Annie,0.0004930966469428008,0.0,0.076
2016,6.18@2016-09-14,Ashe,0.40088757396449703,0.0,0.896
2016,6.18@2016-09-14,Aurelion Sol,0.04881656804733728,0.0,0.584
2016,6.18@2016-09-14,Azir,0.4403353057199211,0.0,0.912
2016,6.18@2016-09-14,Bard,0.3870808678500986,0.0,0.88
2016,6.18@2016-09-14,Blitzcrank,0.0073964497041420114,0.0,0.364
2016,6.18@2016-09-14,Brand,0.014792899408284023,0.0,0.468
2016,6.18@2016-09-14,Braum,0.6079881656804734,0.0,0.96
2016,6.18@2016-09-14,Caitlyn,0.15138067061143984,0.0,0.712
2016,6.18@2016-09-14,Cassiopeia,0.19181459566074952,0.0,0.752
2016,6.18@2016-09-14,Cho'Gath,0.0004930966469428008,0.0,0.076
2016,6.18@2016-09-14,Corki,0.004930966469428008,0.0,0.316
2016,6.18@2016-09-14,Darius,0.0009861932938856016,0.0,0.168
2016,6.18@2016-09-14,Diana,0.005424063116370809,0.0,0.336
2016,6.18@2016-09-14,Draven,0.014792899408284023,0.0,0.468
2016,6.18@2016-09-14,Ekko,0.23422090729783038,0.0,0.808
2016,6.18@2016-09-14,Elise,0.3905325443786982,0.0,0.888
2016,6.18@2016-09-14,Evelynn,0.00641025641025641,0.0,0.348
2016,6.18@2016-09-14,Ezreal,0.28205128205128205,0.0,0.824
2016,6.18@2016-09-14,Fiddlesticks,0.0004930966469428008,0.0,0.076
2016,6.18@2016-09-14,Fiora,0.09615384615384616,0.0,0.664
2016,6.18@2016-09-14,Fizz,0.07741617357001973,0.0,0.632
2016,6.18@2016-09-14,Galio,0.0004930966469428008,0.0,0.076
2016,6.18@2016-09-14,Gangplank,0.29339250493096647,0.0,0.84
2016,6.18@2016-09-14,Gnar,0.3629191321499014,0.0,0.872
2016,6.18@2016-09-14,Gragas,0.5355029585798816,0.0,0.944
2016,6.18@2016-09-14,Graves,0.21597633136094674,0.0,0.792
2016,6.18@2016-09-14,Hecarim,0.3106508875739645,0.0,0.848
2016,6.18@2016-09-14,Heimerdinger,0.0004930966469428008,0.0,0.076
2016,6.18@2016-09-14,Illaoi,0.034023668639053255,0.0,0.536
2016,6.18@2016-09-14,Irelia,0.35453648915187375,0.0,0.864
2016,6.18@2016-09-14,Janna,0.026134122287968443,0.0,0.528
2016,6.18@2016-09-14,Jarvan IV,0.011341222879684419,0.0,0.428
2016,6.18@2016-09-14,Jax,0.0695266272189349,0.0,0.616
2016,6.18@2016-09-14,Jayce,0.0014792899408284023,0.0,0.196
2016,6.18@2016-09-14,Jhin,0.4551282051282051,0.0,0.92
2016,6.18@2016-09-14,Jinx,0.011341222879684419,0.0,0.428
2016,6.18@2016-09-14,Kalista,0.04240631163708087,0.0,0.56
2016,6.18@2016-09-14,Karma,0.6789940828402367,0.0,0.984
2016,6.18@2016-09-14,Karthus,0.0034516765285996054,0.0,0.264
2016,6.18@2016-09-14,Kassadin,0.133629191321499,0.0,0.696
2016,6.18@2016-09-14,Katarina,0.0004930966469428008,0.0,0.076
2016,6.18@2016-09-14,Kayle,0.0004930966469428008,0.0,0.076
2016,6.18@2016-09-14,Kennen,0.014299802761341223,0.0,0.456
2016,6.18@2016-09-14,Kha'Zix,0.01725838264299803,0.0,0.5
2016,6.18@2016-09-14,Kindred,0.19674556213017752,0.0,0.768
2016,6.18@2016-09-14,Kog'Maw,0.047337278106508875,0.0,0.568
2016,6.18@2016-09-14,LeBlanc,0.24211045364891517,0.0,0.816
2016,6.18@2016-09-14,Lee Sin,0.05473372781065089,0.0,0.592
2016,6.18@2016-09-14,Leona,0.013313609467455622,0.0,0.44
2016,6.18@2016-09-14,Lissandra,0.17011834319526628,0.0,0.736
2016,6.18@2016-09-14,Lucian,0.34714003944773175,0.0,0.856
2016,6.18@2016-09-14,Lulu,0.015779092702169626,0.0,0.48
2016,6.18@2016-09-14,Lux,0.0009861932938856016,0.0,0.168
2016,6.18@2016-09-14,Malphite,0.004437869822485207,0.0,0.292
2016,6.18@2016-09-14,Malzahar,0.28994082840236685,0.0,0.832
2016,6.18@2016-09-14,Maokai,0.20019723865877712,0.0,0.776
2016,6.18@2016-09-14,Master Yi,0.0019723865877712033,0.0,0.216
2016,6.18@2016-09-14,Miss Fortune,0.002465483234714004,0.0,0.24
2016,6.18@2016-09-14,Mordekaiser,0.007889546351084813,0.0,0.38
2016,6.18@2016-09-14,Morgana,0.03451676528599606,0.0,0.544
2016,6.18@2016-09-14,Nami,0.14053254437869822,0.0,0.704
2016,6.18@2016-09-14,Nautilus,0.016765285996055226,0.0,0.488
2016,6.18@2016-09-14,Nidalee,0.5083826429980276,0.0,0.936
2016,6.18@2016-09-14,Nocturne,0.0004930966469428008,0.0,0.076
2016,6.18@2016-09-14,Nunu & Willump,0.0009861932938856016,0.0,0.168
2016,6.18@2016-09-14,Olaf,0.10601577909270217,0.0,0.68
2016,6.18@2016-09-14,Orianna,0.004930966469428008,0.0,0.316
2016,6.18@2016-09-14,Pantheon,0.002465483234714004,0.0,0.24
2016,6.18@2016-09-14,Poppy,0.04043392504930966,0.0,0.552
2016,6.18@2016-09-14,Quinn,0.0004930966469428008,0.0,0.076
2016,6.18@2016-09-14,Rammus,0.0004930966469428008,0.0,0.076
2016,6.18@2016-09-14,Rek'Sai,0.7652859960552268,0.0,0.992
2016,6.18@2016-09-14,Renekton,0.010848126232741617,0.0,0.412
2016,6.18@2016-09-14,Rengar,0.0029585798816568047,0.0,0.256
2016,6.18@2016-09-14,Riven,0.004930966469428008,0.0,0.316
2016,6.18@2016-09-14,Rumble,0.10207100591715976,0.0,0.672
2016,6.18@2016-09-14,Ryze,0.47386587771203154,0.0,0.928
2016,6.18@2016-09-14,Sejuani,0.0039447731755424065,0.0,0.276
2016,6.18@2016-09-14,Shaco,0.0004930966469428008,0.0,0.076
2016,6.18@2016-09-14,Shen,0.5364891518737672,0.0,0.952
2016,6.18@2016-09-14,Shyvana,0.0004930966469428008,0.0,0.076
2016,6.18@2016-09-14,Singed,0.0004930966469428008,0.0,0.076
2016,6.18@2016-09-14,Sion,0.004930966469428008,0.0,0.316
2016,6.18@2016-09-14,Sivir,0.6637080867850098,0.0,0.976
2016,6.18@2016-09-14,Skarner,0.0039447731755424065,0.0,0.276
2016,6.18@2016-09-14,Sona,0.009368836291913214,0.0,0.4
2016,6.18@2016-09-14,Soraka,0.048323471400394474,0.0,0.576
2016,6.18@2016-09-14,Swain,0.1898422090729783,0.0,0.744
2016,6.18@2016-09-14,Syndra,0.057692307692307696,0.0,0.608
2016,6.18@2016-09-14,Tahm Kench,0.1937869822485207,0.0,0.76
2016,6.18@2016-09-14,Taliyah,0.21400394477317555,0.0,0.784
2016,6.18@2016-09-14,Talon,0.0004930966469428008,0.0,0.076
2016,6.18@2016-09-14,Taric,0.08185404339250493,0.0,0.648
2016,6.18@2016-09-14,Teemo,0.0019723865877712033,0.0,0.216
2016,6.18@2016-09-14,Thresh,0.15236686390532544,0.0,0.72
2016,6.18@2016-09-14,Tristana,0.024161735700197237,0.0,0.52
2016,6.18@2016-09-14,Trundle,0.6301775147928994,0.0,0.968
2016,6.18@2016-09-14,Twisted Fate,0.16222879684418146,0.0,0.728
2016,6.18@2016-09-14,Twitch,0.07495069033530571,0.0,0.624
2016,6.18@2016-09-14,Udyr,0.0004930966469428008,0.0,0.076
2016,6.18@2016-09-14,Urgot,0.0019723865877712033,0.0,0.216
2016,6.18@2016-09-14,Varus,0.11439842209072978,0.0,0.688
2016,6.18@2016-09-14,Vayne,0.008382642998027613,0.0,0.392
2016,6.18@2016-09-14,Veigar,0.01725838264299803,0.0,0.5
2016,6.18@2016-09-14,Vel'Koz,0.0073964497041420114,0.0,0.364
2016,6.18@2016-09-14,Viktor,0.40631163708086787,0.0,0.904
2016,6.18@2016-09-14,Vladimir,0.868836291913215,0.0,1.0
2016,6.18@2016-09-14,Volibear,0.0009861932938856016,0.0,0.168
2016,6.18@2016-09-14,Wukong,0.0004930966469428008,0.0,0.076
2016,6.18@2016-09-14,Xerath,0.00641025641025641,0.0,0.348
2016,6.18@2016-09-14,Xin Zhao,0.0004930966469428008,0.0,0.076
2016,6.18@2016-09-14,Yasuo,0.013806706114398421,0.0,0.448
2016,6.18@2016-09-14,Yorick,0.0009861932938856016,0.0,0.168
2016,6.18@2016-09-14,Zac,0.007889546351084813,0.0,0.38
2016,6.18@2016-09-14,Zed,0.021696252465483234,0.0,0.512
2016,6.18@2016-09-14,Ziggs,0.004437869822485207,0.0,0.292
2016,6.18@2016-09-14,Zilean,0.07988165680473373,0.0,0.64
2016,6.18@2016-09-14,Zyra,0.05621301775147929,0.0,0.6
2016,6.18@2016-09-15,Aatrox,0.0014903129657228018,0.0,0.20238095238095238
2016,6.18@2016-09-15,Ahri,0.01092896174863388,0.0,0.4166666666666667
2016,6.18@2016-09-15,Akali,0.0004967709885742673,0.0,0.08333333333333333
2016,6.18@2016-09-15,Alistar,0.2290114257327372,0.0,0.8015873015873016
2016,6.18@2016-09-15,Amumu,0.0024838549428713363,0.0,0.24603174603174602
2016,6.18@2016-09-15,Anivia,0.09041231992051664,0.0,0.6587301587301587
2016,6.18@2016-09-15,Annie,0.0004967709885742673,0.0,0.08333333333333333
2016,6.18@2016-09-15,Ashe,0.40238450074515647,0.0,0.8968253968253969
2016,6.18@2016-09-15,Aurelion Sol,0.04918032786885246,0.0,0.5873015873015873
2016,6.18@2016-09-15,Azir,0.4371584699453552,0.0,0.9126984126984127
2016,6.18@2016-09-15,Bard,0.3869846000993542,0.0,0.8809523809523809
2016,6.18@2016-09-15,Blitzcrank,0.007451564828614009,0.0,0.36904761904761907
2016,6.18@2016-09-15,Brand,0.014903129657228018,0.0,0.4722222222222222
2016,6.18@2016-09-15,Braum,0.6090412319920516,0.0,0.9603174603174603
2016,6.18@2016-09-15,Caitlyn,0.15201192250372578,0.0,0.7142857142857143
2016,6.18@2016-09-15,Cassiopeia,0.19324391455538997,0.0,0.7619047619047619
2016,6.18@2016-09-15,Cho'Gath,0.0004967709885742673,0.0,0.08333333333333333
2016,6.18@2016-09-15,Corki,0.004470938897168405,0.0,0.30952380952380953
2016,6.18@2016-09-15,Darius,0.0009935419771485345,0.0,0.1746031746031746
2016,6.18@2016-09-15,Diana,0.00546448087431694,0.0,0.3412698412698413
2016,6.18@2016-09-15,Draven,0.014903129657228018,0.0,0.4722222222222222
2016,6.18@2016-09-15,Ekko,0.23050173869846002,0.0,0.8095238095238095
2016,6.18@2016-09-15,Elise,0.3914555389965226,0.0,0.8888888888888888
2016,6.18@2016-09-15,Evelynn,0.006458022851465474,0.0,0.3531746031746032
2016,6.18@2016-09-15,Ezreal,0.2791852955787382,0.0,0.8253968253968254
2016,6.18@2016-09-15,Fiddlesticks,0.0004967709885742673,0.0,0.08333333333333333
2016,6.18@2016-09-15,Fiora,0.09438648782911079,0.0,0.6666666666666666
2016,6.18@2016-09-15,Fizz,0.07699950322901143,0.0,0.6349206349206349
2016,6.18@2016-09-15,Galio,0.0004967709885742673,0.0,0.08333333333333333
2016,6.18@2016-09-15,Gangplank,0.29508196721311475,0.0,0.8412698412698413
2016,6.18@2016-09-15,Gnar,0.36562344759066073,0.0,0.873015873015873
2016,6.18@2016-09-15,Gragas,0.5380029806259314,0.0,0.9444444444444444
2016,6.18@2016-09-15,Graves,0.215598609041232,0.0,0.7936507936507936
2016,6.18@2016-09-15,Hecarim,0.31296572280178836,0.0,0.8492063492063492
2016,6.18@2016-09-15,Heimerdinger,0.0004967709885742673,0.0,0.08333333333333333
2016,6.18@2016-09-15,Illaoi,0.03427719821162444,0.0,0.5476190476190477
2016,6.18@2016-09-15,Irelia,0.3571783407848982,0.0,0.8650793650793651
2016,6.18@2016-09-15,Janna,0.025832091405861898,0.0,0.5317460317460317
2016,6.18@2016-09-15,Jarvan IV,0.011425732737208148,0.0,0.43253968253968256
2016,6.18@2016-09-15,Jax,0.07004470938897168,0.0,0.6190476190476191
2016,6.18@2016-09-15,Jayce,0.0014903129657228018,0.0,0.20238095238095238
2016,6.18@2016-09-15,Jhin,0.4580228514654744,0.0,0.9206349206349206
2016,6.18@2016-09-15,Jinx,0.011425732737208148,0.0,0.43253968253968256
2016,6.18@2016-09-15,Kalista,0.04222553402881272,0.0,0.5634920634920635
2016,6.18@2016-09-15,Karma,0.6795827123695977,0.0,0.9841269841269841
2016,6.18@2016-09-15,Karthus,0.003477396920019871,0.0,0.2698412698412698
2016,6.18@2016-09-15,Kassadin,0.13462493790362642,0.0,0.6984126984126984
2016,6.18@2016-09-15,Katarina,0.0004967709885742673,0.0,0.08333333333333333
2016,6.18@2016-09-15,Kayle,0.0004967709885742673,0.0,0.08333333333333333
2016,6.18@2016-09-15,Kennen,0.014406358668653751,0.0,0.4603174603174603
2016,6.18@2016-09-15,Kha'Zix,0.017386984600099353,0.0,0.5079365079365079
2016,6.18@2016-09-15,Kindred,0.19175360158966717,0.0,0.753968253968254
2016,6.18@2016-09-15,Kled,0.0,0.0,0.007936507936507936
2016,6.18@2016-09-15,Kog'Maw,0.04769001490312966,0.0,0.5793650793650794
2016,6.18@2016-09-15,LeBlanc,0.24192747143566815,0.0,0.8174603174603174
2016,6.18@2016-09-15,Lee Sin,0.0546448087431694,0.0,0.5952380952380952
2016,6.18@2016-09-15,Leona,0.013412816691505217,0.0,0.4444444444444444
2016,6.18@2016-09-15,Lissandra,0.17138599105812222,0.0,0.7380952380952381
2016,6.18@2016-09-15,Lucian,0.34277198211624443,0.0,0.8571428571428571
2016,6.18@2016-09-15,Lulu,0.015399900645802286,0.0,0.48412698412698413
2016,6.18@2016-09-15,Lux,0.0009935419771485345,0.0,0.1746031746031746
2016,6.18@2016-09-15,Malphite,0.004470938897168405,0.0,0.30952380952380953
2016,6.18@2016-09-15,Malzahar,0.29210134128166915,0.0,0.8333333333333334
2016,6.18@2016-09-15,Maokai,0.1972180824639841,0.0,0.7777777777777778
2016,6.18@2016-09-15,Master Yi,0.001987083954297069,0.0,0.2222222222222222
2016,6.18@2016-09-15,Miss Fortune,0.0024838549428713363,0.0,0.24603174603174602
2016,6.18@2016-09-15,Mordekaiser,0.007948335817188276,0.0,0.38492063492063494
2016,6.18@2016-09-15,Morgana,0.03378042722305018,0.0,0.5396825396825397
2016,6.18@2016-09-15,Nami,0.13859910581222057,0.0,0.7063492063492064
2016,6.18@2016-09-15,Nautilus,0.01689021361152509,0.0,0.49603174603174605
2016,6.18@2016-09-15,Nidalee,0.5052160953800298,0.0,0.9365079365079365
2016,6.18@2016-09-15,Nocturne,0.0004967709885742673,0.0,0.08333333333333333
2016,6.18@2016-09-15,Nunu & Willump,0.0009935419771485345,0.0,0.1746031746031746
2016,6.18@2016-09-15,Olaf,0.10680576254346746,0.0,0.6825396825396826
2016,6.18@2016-09-15,Orianna,0.003974167908594138,0.0,0.2857142857142857
2016,6.18@2016-09-15,Pantheon,0.0024838549428713363,0.0,0.24603174603174602
2016,6.18@2016-09-15,Poppy,0.040238450074515646,0.0,0.5555555555555556
2016,6.18@2016-09-15,Quinn,0.0004967709885742673,0.0,0.08333333333333333
2016,6.18@2016-09-15,Rammus,0.0004967709885742673,0.0,0.08333333333333333
2016,6.18@2016-09-15,Rek'Sai,0.7655240933929458,0.0,0.9920634920634921
2016,6.18@2016-09-15,Renekton,0.01092896174863388,0.0,0.4166666666666667
2016,6.18@2016-09-15,Rengar,0.0029806259314456036,0.0,0.2619047619047619
2016,6.18@2016-09-15,Riven,0.004967709885742673,0.0,0.32936507936507936
2016,6.18@2016-09-15,Rumble,0.10283159463487332,0.0,0.6746031746031746
2016,6.18@2016-09-15,Ryze,0.46994535519125685,0.0,0.9285714285714286
2016,6.18@2016-09-15,Sejuani,0.003974167908594138,0.0,0.2857142857142857
2016,6.18@2016-09-15,Shaco,0.0004967709885742673,0.0,0.08333333333333333
2016,6.18@2016-09-15,Shen,0.5404868355688028,0.0,0.9523809523809523
2016,6.18@2016-09-15,Shyvana,0.0004967709885742673,0.0,0.08333333333333333
2016,6.18@2016-09-15,Singed,0.0004967709885742673,0.0,0.08333333333333333
2016,6.18@2016-09-15,Sion,0.004967709885742673,0.0,0.32936507936507936
2016,6.18@2016-09-15,Sivir,0.6666666666666666,0.0,0.9761904761904762
2016,6.18@2016-09-15,Skarner,0.003974167908594138,0.0,0.2857142857142857
2016,6.18@2016-09-15,Sona,0.009438648782911079,0.0,0.40476190476190477
2016,6.18@2016-09-15,Soraka,0.04719324391455539,0.0,0.5714285714285714
2016,6.18@2016-09-15,Swain,0.18479880774962743,0.0,0.746031746031746
2016,6.18@2016-09-15,Syndra,0.05812220566318927,0.0,0.6111111111111112
2016,6.18@2016-09-15,Tahm Kench,0.19523099850968703,0.0,0.7698412698412699
2016,6.18@2016-09-15,Taliyah,0.21510183805265773,0.0,0.7857142857142857
2016,6.18@2016-09-15,Talon,0.0004967709885742673,0.0,0.08333333333333333
2016,6.18@2016-09-15,Taric,0.08246398410332836,0.0,0.6507936507936508
2016,6.18@2016-09-15,Teemo,0.001987083954297069,0.0,0.2222222222222222
2016,6.18@2016-09-15,Thresh,0.15250869349230006,0.0,0.7222222222222222
2016,6.18@2016-09-15,Tristana,0.024341778440139097,0.0,0.5238095238095238
2016,6.18@2016-09-15,Trundle,0.6304023845007451,0.0,0.9682539682539683
2016,6.18@2016-09-15,Twisted Fate,0.16294088425235967,0.0,0.7301587301587301
2016,6.18@2016-09-15,Twitch,0.07352210630899156,0.0,0.626984126984127
2016,6.18@2016-09-15,Udyr,0.0004967709885742673,0.0,0.08333333333333333
2016,6.18@2016-09-15,Urgot,0.001987083954297069,0.0,0.2222222222222222
2016,6.18@2016-09-15,Varus,0.11525086934923001,0.0,0.6904761904761905
2016,6.18@2016-09-15,Vayne,0.008445106805762544,0.0,0.3968253968253968
2016,6.18@2016-09-15,Veigar,0.01689021361152509,0.0,0.49603174603174605
2016,6.18@2016-09-15,Vel'Koz,0.007451564828614009,0.0,0.36904761904761907
2016,6.18@2016-09-15,Viktor,0.40437158469945356,0.0,0.9047619047619048
2016,6.18@2016-09-15,Vladimir,0.8718330849478391,0.0,1.0
2016,6.18@2016-09-15,Volibear,0.0009935419771485345,0.0,0.1746031746031746
2016,6.18@2016-09-15,Wukong,0.0004967709885742673,0.0,0.08333333333333333
2016,6.18@2016-09-15,Xerath,0.006458022851465474,0.0,0.3531746031746032
2016,6.18@2016-09-15,Xin Zhao,0.0004967709885742673,0.0,0.08333333333333333
2016,6.18@2016-09-15,Yasuo,0.013909587680079483,0.0,0.4523809523809524
2016,6.18@2016-09-15,Yorick,0.0009935419771485345,0.0,0.1746031746031746
2016,6.18@2016-09-15,Zac,0.007948335817188276,0.0,0.38492063492063494
2016,6.18@2016-09-15,Zed,0.02036761053154496,0.0,0.5158730158730159
2016,6.18@2016-09-15,Ziggs,0.004470938897168405,0.0,0.30952380952380953
2016,6.18@2016-09-15,Zilean,0.08047690014903129,0.0,0.6428571428571429
2016,6.18@2016-09-15,Zyra,0.0561351217088922,0.0,0.6031746031746031
2017,7.16@2017-08-09,Aatrox,0.0030501089324618735,-1.0,0.20833333333333334
2017,7.16@2017-08-09,Ahri,0.08888888888888889,0.0,0.6060606060606061
2017,7.16@2017-08-09,Akali,0.006535947712418301,0.0,0.3106060606060606
2017,7.16@2017-08-09,Alistar,0.1328976034858388,0.0,0.6590909090909091
2017,7.16@2017-08-09,Amumu,0.00043572984749455336,0.0,0.04924242424242424
2017,7.16@2017-08-09,Anivia,0.016122004357298474,0.0,0.4053030303030303
2017,7.16@2017-08-09,Ashe,0.3394335511982571,0.0,0.8181818181818182
2017,7.16@2017-08-09,Aurelion Sol,0.04226579520697168,0.0,0.5227272727272727
2017,7.16@2017-08-09,Azir,0.011328976034858388,0.0,0.36742424242424243
2017,7.16@2017-08-09,Bard,0.10980392156862745,0.0,0.6363636363636364
2017,7.16@2017-08-09,Blitzcrank,0.15642701525054467,0.0,0.6666666666666666
2017,7.16@2017-08-09,Brand,0.023965141612200435,0.0,0.45454545454545453
2017,7.16@2017-08-09,Braum,0.543355119825708,0.0,0.9393939393939394
2017,7.16@2017-08-09,Caitlyn,0.8470588235294118,-2.0,0.9848484848484849
2017,7.16@2017-08-09,Camille,0.22962962962962963,0.0,0.75
2017,7.16@2017-08-09,Cassiopeia,0.3363834422657952,-1.0,0.8106060606060606
2017,7.16@2017-08-09,Cho'Gath,0.17516339869281045,0.0,0.6818181818181818
2017,7.16@2017-08-09,Corki,0.269281045751634,-1.0,0.7878787878787878
2017,7.16@2017-08-09,Darius,0.0030501089324618735,0.0,0.20833333333333334
2017,7.16@2017-08-09,Diana,0.0008714596949891067,0.0,0.08712121212121213
2017,7.16@2017-08-09,Dr. Mundo,0.00261437908496732,0.0,0.17424242424242425
2017,7.16@2017-08-09,Draven,0.013507625272331155,0.0,0.3787878787878788
2017,7.16@2017-08-09,Ekko,0.06318082788671024,0.0,0.5757575757575758
2017,7.16@2017-08-09,Elise,0.865359477124183,0.0,0.9924242424242424
2017,7.16@2017-08-09,Evelynn,0.002178649237472767,0.0,0.14015151515151514
2017,7.16@2017-08-09,Ezreal,0.011328976034858388,0.0,0.36742424242424243
2017,7.16@2017-08-09,Fiddlesticks,0.0,0.0,0.015151515151515152
2017,7.16@2017-08-09,Fiora,0.3847494553376906,1.0,0.8636363636363636
2017,7.16@2017-08-09,Fizz,0.06840958605664488,1.0,0.5909090909090909
2017,7.16@2017-08-09,Galio,0.7241830065359477,-2.0,0.9696969696969697
2017,7.16@2017-08-09,Gangplank,0.018736383442265796,0.0,0.4431818181818182
2017,7.16@2017-08-09,Garen,0.0008714596949891067,0.0,0.08712121212121213
2017,7.16@2017-08-09,Gnar,0.22309368191721132,0.0,0.7348484848484849
2017,7.16@2017-08-09,Gragas,0.640958605664488,0.0,0.9621212121212122
2017,7.16@2017-08-09,Graves,0.10762527233115468,0.0,0.6287878787878788
2017,7.16@2017-08-09,Hecarim,0.003485838779956427,0.0,0.23106060606060605
2017,7.16@2017-08-09,Heimerdinger,0.0030501089324618735,0.0,0.20833333333333334
2017,7.16@2017-08-09,Illaoi,0.010021786492374727,0.0,0.3484848484848485
2017,7.16@2017-08-09,Irelia,0.008714596949891068,0.0,0.3333333333333333
2017,7.16@2017-08-09,Ivern,0.12200435729847495,0.0,0.6439393939393939
2017,7.16@2017-08-09,Janna,0.05925925925925926,0.0,0.5606060606060606
2017,7.16@2017-08-09,Jarvan IV,0.4562091503267974,0.0,0.9090909090909091
2017,7.16@2017-08-09,Jax,0.13246187363834422,1.0,0.6515151515151515
2017,7.16@2017-08-09,Jayce,0.34727668845315907,1.0,0.8333333333333334
2017,7.16@2017-08-09,Jhin,0.17690631808278867,0.0,0.6893939393939394
2017,7.16@2017-08-09,Jinx,0.01568627450980392,0.0,0.39015151515151514
2017,7.16@2017-08-09,Kalista,0.48061002178649237,0.0,0.9166666666666666
2017,7.16@2017-08-09,Karma,0.3111111111111111,0.0,0.7954545454545454
2017,7.16@2017-08-09,Karthus,0.004793028322440087,0.0,0.2765151515151515
2017,7.16@2017-08-09,Kassadin,0.26753812636165575,0.0,0.7803030303030303
2017,7.16@2017-08-09,Katarina,0.01568627450980392,0.0,0.39015151515151514
2017,7.16@2017-08-09,Kayle,0.003485838779956427,0.0,0.23106060606060605
2017,7.16@2017-08-09,Kayn,0.02570806100217865,0.0,0.4696969696969697
2017,7.16@2017-08-09,Kennen,0.42962962962962964,0.0,0.8977272727272727
2017,7.16@2017-08-09,Kha'Zix,0.23877995642701524,0.0,0.7575757575757576
2017,7.16@2017-08-09,Kindred,0.002178649237472767,0.0,0.14015151515151514
2017,7.16@2017-08-09,Kled,0.21220043572984748,0.0,0.7121212121212122
2017,7.16@2017-08-09,Kog'Maw,0.22832244008714597,0.0,0.7424242424242424
2017,7.16@2017-08-09,LeBlanc,0.5424836601307189,-1.0,0.9318181818181818
2017,7.16@2017-08-09,Lee Sin,0.42440087145969496,0.0,0.8787878787878788
2017,7.16@2017-08-09,Leona,0.004357298474945534,0.0,0.25757575757575757
2017,7.16@2017-08-09,Lissandra,0.004793028322440087,0.0,0.2765151515151515
2017,7.16@2017-08-09,Lucian,0.21481481481481482,0.0,0.7196969696969697
2017,7.16@2017-08-09,Lulu,0.2440087145969499,0.0,0.7651515151515151
2017,7.16@2017-08-09,Lux,0.00261437908496732,0.0,0.17424242424242425
2017,7.16@2017-08-09,Malphite,0.002178649237472767,0.0,0.14015151515151514
2017,7.16@2017-08-09,Malzahar,0.0383442265795207,0.0,0.5113636363636364
2017,7.16@2017-08-09,Maokai,0.20435729847494552,-1.0,0.7045454545454546
2017,7.16@2017-08-09,Miss Fortune,0.009150326797385621,0.0,0.3409090909090909
2017,7.16@2017-08-09,Mordekaiser,0.010893246187363835,0.0,0.3560606060606061
2017,7.16@2017-08-09,Morgana,0.06013071895424837,0.0,0.5681818181818182
2017,7.16@2017-08-09,Nami,0.02701525054466231,0.0,0.4772727272727273
2017,7.16@2017-08-09,Nasus,0.00043572984749455336,0.0,0.04924242424242424
2017,7.16@2017-08-09,Nautilus,0.018736383442265796,0.0,0.4431818181818182
2017,7.16@2017-08-09,Nidalee,0.0644880174291939,0.0,0.5833333333333334
2017,7.16@2017-08-09,Nocturne,0.00261437908496732,0.0,0.17424242424242425
2017,7.16@2017-08-09,Nunu & Willump,0.03093681917211329,0.0,0.5
2017,7.16@2017-08-09,Olaf,0.09324618736383443,0.0,0.6136363636363636
2017,7.16@2017-08-09,Orianna,0.5947712418300654,-2.0,0.946969696969697
2017,7.16@2017-08-09,Pantheon,0.00261437908496732,0.0,0.17424242424242425
2017,7.16@2017-08-09,Poppy,0.025272331154684097,0.0,0.4621212121212121
2017,7.16@2017-08-09,Quinn,0.0017429193899782135,0.0,0.11742424242424243
2017,7.16@2017-08-09,Rakan,0.35642701525054465,0.0,0.8484848484848485
2017,7.16@2017-08-09,Rammus,0.0017429193899782135,0.0,0.11742424242424243
2017,7.16@2017-08-09,Rek'Sai,0.34901960784313724,0.0,0.8409090909090909
2017,7.16@2017-08-09,Renekton,0.42745098039215684,0.0,0.8863636363636364
2017,7.16@2017-08-09,Rengar,0.05664488017429194,0.0,0.553030303030303
2017,7.16@2017-08-09,Riven,0.00392156862745098,1.0,0.24242424242424243
2017,7.16@2017-08-09,Rumble,0.34553376906318084,0.0,0.8257575757575758
2017,7.16@2017-08-09,Ryze,0.008278867102396514,0.0,0.32196969696969696
2017,7.16@2017-08-09,Sejuani,0.1925925925925926,0.0,0.696969696969697
2017,7.16@2017-08-09,Shen,0.39694989106753814,0.0,0.8712121212121212
2017,7.16@2017-08-09,Shyvana,0.00043572984749455336,0.0,0.04924242424242424
2017,7.16@2017-08-09,Singed,0.00043572984749455336,0.0,0.04924242424242424
2017,7.16@2017-08-09,Sion,0.0030501089324618735,2.0,0.20833333333333334
2017,7.16@2017-08-09,Sivir,0.0383442265795207,0.0,0.5113636363636364
2017,7.16@2017-08-09,Skarner,0.00261437908496732,0.0,0.17424242424242425
2017,7.16@2017-08-09,Sona,0.004357298474945534,0.0,0.25757575757575757
2017,7.16@2017-08-09,Soraka,0.006100217864923747,0.0,0.29924242424242425
2017,7.16@2017-08-09,Swain,0.008278867102396514,0.0,0.32196969696969696
2017,7.16@2017-08-09,Syndra,0.6135076252723312,-1.0,0.9545454545454546
2017,7.16@2017-08-09,Tahm Kench,0.3145969498910675,0.0,0.803030303030303
2017,7.16@2017-08-09,Taliyah,0.5298474945533769,-1.0,0.9242424242424242
2017,7.16@2017-08-09,Talon,0.01786492374727669,0.0,0.42424242424242425
2017,7.16@2017-08-09,Taric,0.04923747276688453,0.0,0.5454545454545454
2017,7.16@2017-08-09,Teemo,0.0,0.0,0.015151515151515152
2017,7.16@2017-08-09,Thresh,0.8274509803921568,0.0,0.9772727272727273
2017,7.16@2017-08-09,Tristana,0.2178649237472767,0.0,0.7272727272727273
2017,7.16@2017-08-09,Trundle,0.048801742919389976,0.0,0.5378787878787878
2017,7.16@2017-08-09,Twisted Fate,0.018300653594771243,0.0,0.4318181818181818
2017,7.16@2017-08-09,Twitch,0.16296296296296298,0.0,0.6742424242424242
2017,7.16@2017-08-09,Urgot,0.004357298474945534,0.0,0.25757575757575757
2017,7.16@2017-08-09,Varus,0.42962962962962964,0.0,0.8977272727272727
2017,7.16@2017-08-09,Vayne,0.006100217864923747,0.0,0.29924242424242425
2017,7.16@2017-08-09,Veigar,0.0008714596949891067,0.0,0.08712121212121213
2017,7.16@2017-08-09,Vel'Koz,0.00522875816993464,0.0,0.2878787878787879
2017,7.16@2017-08-09,Vi,0.0,1.0,0.015151515151515152
2017,7.16@2017-08-09,Viktor,0.10021786492374728,0.0,0.6212121212121212
2017,7.16@2017-08-09,Vladimir,0.08278867102396514,0.0,0.5984848484848485
2017,7.16@2017-08-09,Volibear,0.00043572984749455336,0.0,0.04924242424242424
2017,7.16@2017-08-09,Warwick,0.02832244008714597,0.0,0.48863636363636365
2017,7.16@2017-08-09,Wukong,0.00043572984749455336,0.0,0.04924242424242424
2017,7.16@2017-08-09,Xayah,0.3655773420479303,0.0,0.8560606060606061
2017,7.16@2017-08-09,Xerath,0.002178649237472767,0.0,0.14015151515151514
2017,7.16@2017-08-09,Xin Zhao,0.0008714596949891067,0.0,0.08712121212121213
2017,7.16@2017-08-09,Yasuo,0.016122004357298474,0.0,0.4053030303030303
2017,7.16@2017-08-09,Yorick,0.00130718954248366,0.0,0.10606060606060606
2017,7.16@2017-08-09,Zac,0.889760348583878,0.0,1.0
2017,7.16@2017-08-09,Zed,0.043137254901960784,0.0,0.5303030303030303
2017,7.16@2017-08-09,Ziggs,0.016557734204793027,0.0,0.4166666666666667
2017,7.16@2017-08-09,Zilean,0.02832244008714597,0.0,0.48863636363636365
2017,7.16@2017-08-09,Zyra,0.2514161220043573,0.0,0.7727272727272727
2017,7.16@2017-08-11,Aatrox,0.0030146425495262705,0.0,0.18992248062015504
2017,7.16@2017-08-11,Ahri,0.08613264427217916,0.0,0.5968992248062015
2017,7.16@2017-08-11,Akali,0.006459948320413436,0.0,0.2868217054263566
2017,7.16@2017-08-11,Alistar,0.13652024117140396,0.0,0.6511627906976745
2017,7.16@2017-08-11,Amumu,0.0004306632213608958,0.0,0.023255813953488372
2017,7.16@2017-08-11,Anivia,0.015934539190353144,0.0,0.38372093023255816
2017,7.16@2017-08-11,Ashe,0.3341946597760551,0.0,0.8062015503875969
2017,7.16@2017-08-11,Aurelion Sol,0.04177433247200689,0.0,0.5116279069767442
2017,7.16@2017-08-11,Azir,0.011627906976744186,0.0,0.35658914728682173
2017,7.16@2017-08-11,Bard,0.11024978466838932,0.0,0.627906976744186
2017,7.16@2017-08-11,Blitzcrank,0.15503875968992248,0.0,0.6589147286821705
2017,7.16@2017-08-11,Brand,0.023255813953488372,0.0,0.4418604651162791
2017,7.16@2017-08-11,Braum,0.540913006029285,0.0,0.937984496124031
2017,7.16@2017-08-11,Caitlyn,0.8453919035314384,0.0,0.9844961240310077
2017,7.16@2017-08-11,Camille,0.23083548664944015,0.0,0.7364341085271318
2017,7.16@2017-08-11,Cassiopeia,0.3380706287683032,0.0,0.813953488372093
2017,7.16@2017-08-11,Cho'Gath,0.1821705426356589,0.0,0.6821705426356589
2017,7.16@2017-08-11,Corki,0.2713178294573643,0.0,0.7829457364341085
2017,7.16@2017-08-11,Darius,0.0030146425495262705,0.0,0.18992248062015504
2017,7.16@2017-08-11,Diana,0.0008613264427217916,0.0,0.06201550387596899
2017,7.16@2017-08-11,Dr. Mundo,0.002583979328165375,0.0,0.15503875968992248
2017,7.16@2017-08-11,Draven,0.014211886304909561,0.0,0.3643410852713178
2017,7.16@2017-08-11,Ekko,0.06287683031869079,0.0,0.5581395348837209
2017,7.16@2017-08-11,Elise,0.8664944013781223,0.0,0.9922480620155039
2017,7.16@2017-08-11,Evelynn,0.002153316106804479,0.0,0.12015503875968993
2017,7.16@2017-08-11,Ezreal,0.0103359173126615,0.0,0.34108527131782945
2017,7.16@2017-08-11,Fiora,0.38027562446167096,0.0,0.8604651162790697
2017,7.16@2017-08-11,Fizz,0.06546080964685616,0.0,0.5775193798449613
2017,7.16@2017-08-11,Galio,0.718776916451335,0.0,0.9689922480620154
2017,7.16@2017-08-11,Gangplank,0.018518518518518517,0.0,0.4263565891472868
2017,7.16@2017-08-11,Garen,0.0008613264427217916,0.0,0.06201550387596899
2017,7.16@2017-08-11,Gnar,0.22652885443583118,0.0,0.7286821705426356
2017,7.16@2017-08-11,Gragas,0.6408268733850129,0.0,0.9612403100775194
2017,7.16@2017-08-11,Graves,0.10378983634797588,0.0,0.6201550387596899
2017,7.16@2017-08-11,Hecarim,0.0034453057708871662,0.0,0.2131782945736434
2017,7.16@2017-08-11,Heimerdinger,0.0030146425495262705,0.0,0.18992248062015504
2017,7.16@2017-08-11,Illaoi,0.009905254091300603,0.0,0.3333333333333333
2017,7.16@2017-08-11,Irelia,0.009474590869939707,0.0,0.32558139534883723
2017,7.16@2017-08-11,Ivern,0.11929371231696813,0.0,0.6356589147286822
2017,7.16@2017-08-11,Janna,0.06546080964685616,0.0,0.5775193798449613
2017,7.16@2017-08-11,Jarvan IV,0.46124031007751937,0.0,0.9069767441860465
2017,7.16@2017-08-11,Jax,0.132213608957795,0.0,0.6434108527131783
2017,7.16@2017-08-11,Jayce,0.3466838931955211,0.0,0.8294573643410853
2017,7.16@2017-08-11,Jhin,0.17700258397932817,0.0,0.6744186046511628
2017,7.16@2017-08-11,Jinx,0.015503875968992248,0.0,0.37209302325581395
2017,7.16@2017-08-11,Kalista,0.48578811369509045,0.0,0.9147286821705426
2017,7.16@2017-08-11,Karma,0.3087855297157623,0.0,0.7906976744186046
2017,7.16@2017-08-11,Karthus,0.004737295434969853,0.0,0.2558139534883721
2017,7.16@2017-08-11,Kassadin,0.268733850129199,0.0,0.7751937984496124
2017,7.16@2017-08-11,Katarina,0.017226528854435832,0.0,0.4108527131782946
2017,7.16@2017-08-11,Kayle,0.0034453057708871662,0.0,0.2131782945736434
2017,7.16@2017-08-11,Kayn,0.026701119724375538,0.0,0.46511627906976744
2017,7.16@2017-08-11,Kennen,0.42377260981912146,0.0,0.8837209302325582
2017,7.16@2017-08-11,Kha'Zix,0.2351421188630491,0.0,0.751937984496124
2017,7.16@2017-08-11,Kindred,0.002153316106804479,0.0,0.12015503875968993
2017,7.16@2017-08-11,Kled,0.21016365202411713,0.0,0.6976744186046512
2017,7.16@2017-08-11,Kog'Maw,0.23255813953488372,0.0,0.7441860465116279
2017,7.16@2017-08-11,LeBlanc,0.5404823428079242,0.0,0.9302325581395349
2017,7.16@2017-08-11,Lee Sin,0.4181739879414298,0.0,0.875968992248062
2017,7.16@2017-08-11,Leona,0.004306632213608958,0.0,0.24031007751937986
2017,7.16@2017-08-11,Lissandra,0.00516795865633075,0.0,0.26744186046511625
2017,7.16@2017-08-11,Lucian,0.21791559000861327,0.0,0.7131782945736435
2017,7.16@2017-08-11,Lulu,0.2454780361757106,0.0,0.7596899224806202
2017,7.16@2017-08-11,Lux,0.002583979328165375,0.0,0.15503875968992248
2017,7.16@2017-08-11,Malphite,0.002153316106804479,0.0,0.12015503875968993
2017,7.16@2017-08-11,Malzahar,0.037467700258397935,0.0,0.49612403100775193
2017,7.16@2017-08-11,Maokai,0.2131782945736434,0.0,0.7054263565891473
2017,7.16@2017-08-11,Miss Fortune,0.00904392764857881,0.0,0.3178294573643411
2017,7.16@2017-08-11,Mordekaiser,0.01119724375538329,0.0,0.3488372093023256
2017,7.16@2017-08-11,Morgana,0.0615848406546081,0.0,0.5503875968992248
2017,7.16@2017-08-11,Nami,0.02627045650301464,0.0,0.4573643410852713
2017,7.16@2017-08-11,Nasus,0.0008613264427217916,0.0,0.06201550387596899
2017,7.16@2017-08-11,Nautilus,0.016795865633074936,0.0,0.40310077519379844
2017,7.16@2017-08-11,Nidalee,0.06330749354005168,0.0,0.5658914728682171
2017,7.16@2017-08-11,Nocturne,0.002583979328165375,0.0,0.15503875968992248
2017,7.16@2017-08-11,Nunu & Willump,0.0305770887166236,0.0,0.4883720930232558
2017,7.16@2017-08-11,Olaf,0.09259259259259259,0.0,0.6046511627906976
2017,7.16@2017-08-11,Orianna,0.5968992248062015,0.0,0.9457364341085271
2017,7.16@2017-08-11,Pantheon,0.002583979328165375,0.0,0.15503875968992248
2017,7.16@2017-08-11,Poppy,0.025839793281653745,0.0,0.4496124031007752
2017,7.16@2017-08-11,Quinn,0.0017226528854435831,0.0,0.09689922480620156
2017,7.16@2017-08-11,Rakan,0.3587424633936262,0.0,0.8449612403100775
2017,7.16@2017-08-11,Rammus,0.0017226528854435831,0.0,0.09689922480620156
2017,7.16@2017-08-11,Rek'Sai,0.347114556416882,0.0,0.8372093023255814
2017,7.16@2017-08-11,Renekton,0.42592592592592593,0.0,0.8914728682170543
2017,7.16@2017-08-11,Rengar,0.056416881998277345,0.0,0.5426356589147286
2017,7.16@2017-08-11,Riven,0.003875968992248062,0.0,0.2248062015503876
2017,7.16@2017-08-11,Rumble,0.3449612403100775,0.0,0.8217054263565892
2017,7.16@2017-08-11,Ryze,0.00818260120585702,0.0,0.3062015503875969
2017,7.16@2017-08-11,Sejuani,0.19724375538329025,0.0,0.689922480620155
2017,7.16@2017-08-11,Shen,0.39319552110249784,0.0,0.8682170542635659
2017,7.16@2017-08-11,Shyvana,0.0004306632213608958,0.0,0.023255813953488372
2017,7.16@2017-08-11,Singed,0.0004306632213608958,0.0,0.023255813953488372
2017,7.16@2017-08-11,Sion,0.0030146425495262705,0.0,0.18992248062015504
2017,7.16@2017-08-11,Sivir,0.03919035314384152,0.0,0.5038759689922481
2017,7.16@2017-08-11,Skarner,0.002583979328165375,0.0,0.15503875968992248
2017,7.16@2017-08-11,Sona,0.004306632213608958,0.0,0.24031007751937986
2017,7.16@2017-08-11,Soraka,0.006029285099052541,0.0,0.27906976744186046
2017,7.16@2017-08-11,Swain,0.00818260120585702,0.0,0.3062015503875969
2017,7.16@2017-08-11,Syndra,0.6098191214470284,0.0,0.9534883720930233
2017,7.16@2017-08-11,Tahm Kench,0.3122308354866494,0.0,0.7984496124031008
2017,7.16@2017-08-11,Taliyah,0.5305770887166236,0.0,0.9224806201550387
2017,7.16@2017-08-11,Talon,0.01808785529715762,0.0,0.4186046511627907
2017,7.16@2017-08-11,Taric,0.04952627045650301,0.0,0.5348837209302325
2017,7.16@2017-08-11,Thresh,0.8311800172265289,0.0,0.9767441860465116
2017,7.16@2017-08-11,Tristana,0.223083548664944,0.0,0.7209302325581395
2017,7.16@2017-08-11,Trundle,0.04909560723514212,0.0,0.5271317829457365
2017,7.16@2017-08-11,Twisted Fate,0.019810508182601206,0.0,0.43410852713178294
2017,7.16@2017-08-11,Twitch,0.165374677002584,0.0,0.6666666666666666
2017,7.16@2017-08-11,Urgot,0.004306632213608958,0.0,0.24031007751937986
2017,7.16@2017-08-11,Varus,0.42678725236864773,0.0,0.8992248062015504
2017,7.16@2017-08-11,Vayne,0.0068906115417743325,0.0,0.29457364341085274
2017,7.16@2017-08-11,Veigar,0.0008613264427217916,0.0,0.06201550387596899
2017,7.16@2017-08-11,Vel'Koz,0.00516795865633075,0.0,0.26744186046511625
2017,7.16@2017-08-11,Viktor,0.09948320413436693,0.0,0.6124031007751938
2017,7.16@2017-08-11,Vladimir,0.08354866494401378,0.0,0.5891472868217055
2017,7.16@2017-08-11,Volibear,0.0004306632213608958,0.0,0.023255813953488372
2017,7.16@2017-08-11,Warwick,0.028423772609819122,0.0,0.4728682170542636
2017,7.16@2017-08-11,Wukong,0.0004306632213608958,0.0,0.023255813953488372
2017,7.16@2017-08-11,Xayah,0.3643410852713178,0.0,0.8527131782945736
2017,7.16@2017-08-11,Xerath,0.002153316106804479,0.0,0.12015503875968993
2017,7.16@2017-08-11,Xin Zhao,0.0008613264427217916,0.0,0.06201550387596899
2017,7.16@2017-08-11,Yasuo,0.01636520241171404,0.0,0.3953488372093023
2017,7.16@2017-08-11,Yorick,0.0012919896640826874,0.0,0.08527131782945736
2017,7.16@2017-08-11,Zac,0.8880275624461671,0.0,1.0
2017,7.16@2017-08-11,Zed,0.04263565891472868,0.0,0.5193798449612403
2017,7.16@2017-08-11,Ziggs,0.015934539190353144,0.0,0.38372093023255816
2017,7.16@2017-08-11,Zilean,0.02885443583118002,0.0,0.4806201550387597
2017,7.16@2017-08-11,Zyra,0.24978466838931956,0.0,0.7674418604651163
2017,7.17@2017-08-23,Aatrox,0.0027733755942947703,0.0,0.16917293233082706
2017,7.17@2017-08-23,Ahri,0.07488114104595879,0.0,0.5864661654135338
2017,7.17@2017-08-23,Akali,0.005942947702060222,0.0,0.31203007518796994
2017,7.17@2017-08-23,Alistar,0.17670364500792393,0.0,0.6842105263157895
2017,7.17@2017-08-23,Amumu,0.0003961965134706815,0.0,0.03383458646616541
2017,7.17@2017-08-23,Anivia,0.017432646592709985,0.0,0.42105263157894735
2017,7.17@2017-08-23,Annie,0.0003961965134706815,0.0,0.03383458646616541
2017,7.17@2017-08-23,Ashe,0.2971473851030111,0.0,0.8120300751879699
2017,7.17@2017-08-23,Aurelion Sol,0.044770206022187,0.0,0.5338345864661654
2017,7.17@2017-08-23,Azir,0.011885895404120444,0.0,0.39097744360902253
2017,7.17@2017-08-23,Bard,0.10301109350237718,0.0,0.6466165413533834
2017,7.17@2017-08-23,Blitzcrank,0.15847860538827258,0.0,0.6616541353383458
2017,7.17@2017-08-23,Brand,0.022583201267828843,0.0,0.46616541353383456
2017,7.17@2017-08-23,Braum,0.5281299524564184,0.0,0.924812030075188
2017,7.17@2017-08-23,Caitlyn,0.8157686212361331,0.0,0.9774436090225563
2017,7.17@2017-08-23,Camille,0.2353407290015848,0.0,0.7368421052631579
2017,7.17@2017-08-23,Cassiopeia,0.3633122028526149,0.0,0.849624060150376
2017,7.17@2017-08-23,Cho'Gath,0.23019017432646594,0.0,0.7218045112781954
2017,7.17@2017-08-23,Corki,0.2904120443740095,0.0,0.8045112781954887
2017,7.17@2017-08-23,Darius,0.003169572107765452,0.0,0.19548872180451127
2017,7.17@2017-08-23,Diana,0.0011885895404120444,0.0,0.10526315789473684
2017,7.17@2017-08-23,Dr. Mundo,0.0035657686212361333,0.0,0.22180451127819548
2017,7.17@2017-08-23,Draven,0.017036450079239304,-2.0,0.40977443609022557
2017,7.17@2017-08-23,Ekko,0.061014263074484945,0.0,0.556390977443609
2017,7.17@2017-08-23,Elise,0.8617274167987322,0.0,0.9924812030075187
2017,7.17@2017-08-23,Evelynn,0.003169572107765452,0.0,0.19548872180451127
2017,7.17@2017-08-23,Ezreal,0.005942947702060222,1.0,0.31203007518796994
2017,7.17@2017-08-23,Fiddlesticks,0.000792393026941363,0.0,0.07894736842105263
2017,7.17@2017-08-23,Fiora,0.347068145800317,0.0,0.8345864661654135
2017,7.17@2017-08-23,Fizz,0.04595879556259905,0.0,0.5413533834586466
2017,7.17@2017-08-23,Galio,0.7016640253565769,0.0,0.9699248120300752
2017,7.17@2017-08-23,Gangplank,0.017036450079239304,0.0,0.40977443609022557
2017,7.17@2017-08-23,Garen,0.000792393026941363,0.0,0.07894736842105263
2017,7.17@2017-08-23,Gnar,0.27060221870047546,0.0,0.7706766917293233
2017,7.17@2017-08-23,Gragas,0.6545166402535658,0.0,0.9624060150375939
2017,7.17@2017-08-23,Graves,0.07963549920760697,0.0,0.6015037593984962
2017,7.17@2017-08-23,Hecarim,0.003169572107765452,1.0,0.19548872180451127
2017,7.17@2017-08-23,Heimerdinger,0.003961965134706815,0.0,0.2518796992481203
2017,7.17@2017-08-23,Illaoi,0.009904912836767036,0.0,0.3609022556390977
2017,7.17@2017-08-23,Irelia,0.010697305863708399,0.0,0.37593984962406013
2017,7.17@2017-08-23,Ivern,0.10063391442155309,0.0,0.6390977443609023
2017,7.17@2017-08-23,Janna,0.098256735340729,0.0,0.631578947368421
2017,7.17@2017-08-23,Jarvan IV,0.5071315372424723,0.0,0.9097744360902256
2017,7.17@2017-08-23,Jax,0.13153724247226625,0.0,0.6541353383458647
2017,7.17@2017-08-23,Jayce,0.33399366085578447,0.0,0.8270676691729323
2017,7.17@2017-08-23,Jhin,0.16719492868462757,0.0,0.6766917293233082
2017,7.17@2017-08-23,Jinx,0.018225039619651346,0.0,0.43609022556390975
2017,7.17@2017-08-23,Kalista,0.53486529318542,0.0,0.9323308270676691
2017,7.17@2017-08-23,Karma,0.27060221870047546,0.0,0.7706766917293233
2017,7.17@2017-08-23,Karthus,0.004754358161648178,0.0,0.2932330827067669
2017,7.17@2017-08-23,Kassadin,0.2670364500792393,0.0,0.7593984962406015
2017,7.17@2017-08-23,Katarina,0.01584786053882726,0.0,0.39849624060150374
2017,7.17@2017-08-23,Kayle,0.003169572107765452,0.0,0.19548872180451127
2017,7.17@2017-08-23,Kayn,0.028129952456418382,0.0,0.48120300751879697
2017,7.17@2017-08-23,Kennen,0.3787638668779715,0.0,0.8646616541353384
2017,7.17@2017-08-23,Kha'Zix,0.21711568938193343,0.0,0.6992481203007519
2017,7.17@2017-08-23,Kindred,0.0019809825673534074,0.0,0.13157894736842105
2017,7.17@2017-08-23,Kled,0.19057052297939778,0.0,0.6917293233082706
2017,7.17@2017-08-23,Kog'Maw,0.24762282091917592,0.0,0.7443609022556391
2017,7.17@2017-08-23,LeBlanc,0.5221870047543582,0.0,0.9172932330827067
2017,7.17@2017-08-23,Lee Sin,0.37004754358161646,0.0,0.8571428571428571
2017,7.17@2017-08-23,Leona,0.003961965134706815,2.0,0.2518796992481203
2017,7.17@2017-08-23,Lissandra,0.003961965134706815,0.0,0.2518796992481203
2017,7.17@2017-08-23,Lucian,0.2480190174326466,0.0,0.7518796992481203
2017,7.17@2017-08-23,Lulu,0.23494453248811412,0.0,0.7293233082706767
2017,7.17@2017-08-23,Lux,0.003961965134706815,0.0,0.2518796992481203
2017,7.17@2017-08-23,Malphite,0.002377179080824089,0.0,0.15037593984962405
2017,7.17@2017-08-23,Malzahar,0.03248811410459588,0.0,0.5037593984962406
2017,7.17@2017-08-23,Maokai,0.2737717908082409,0.0,0.7894736842105263
2017,7.17@2017-08-23,Master Yi,0.0003961965134706815,0.0,0.03383458646616541
2017,7.17@2017-08-23,Miss Fortune,0.006735340729001585,0.0,0.32706766917293234
2017,7.17@2017-08-23,Mordekaiser,0.010301109350237718,0.0,0.3684210526315789
2017,7.17@2017-08-23,Morgana,0.07527733755942947,0.0,0.5939849624060151
2017,7.17@2017-08-23,Nami,0.01901743264659271,0.0,0.4473684210526316
2017,7.17@2017-08-23,Nasus,0.0011885895404120444,0.0,0.10526315789473684
2017,7.17@2017-08-23,Nautilus,0.011093502377179081,0.0,0.38345864661654133
2017,7.17@2017-08-23,Nidalee,0.06220285261489699,0.0,0.5714285714285714
2017,7.17@2017-08-23,Nocturne,0.003169572107765452,0.0,0.19548872180451127
2017,7.17@2017-08-23,Nunu & Willump,0.028526148969889066,0.0,0.48872180451127817
2017,7.17@2017-08-23,Olaf,0.08874801901743265,0.0,0.6127819548872181
2017,7.17@2017-08-23,Orianna,0.6041996830427893,0.0,0.9548872180451128
2017,7.17@2017-08-23,Pantheon,0.0027733755942947703,0.0,0.16917293233082706
2017,7.17@2017-08-23,Poppy,0.033676703645007924,0.0,0.5112781954887218
2017,7.17@2017-08-23,Quinn,0.001584786053882726,0.0,0.12030075187969924
2017,7.17@2017-08-23,Rakan,0.39025356576862125,0.0,0.8872180451127819
2017,7.17@2017-08-23,Rammus,0.0019809825673534074,0.0,0.13157894736842105
2017,7.17@2017-08-23,Rek'Sai,0.35657686212361334,0.0,0.8421052631578947
2017,7.17@2017-08-23,Renekton,0.419175911251981,0.0,0.9022556390977443
2017,7.17@2017-08-23,Rengar,0.04873217115689382,0.0,0.5488721804511278
2017,7.17@2017-08-23,Riven,0.004358161648177496,0.0,0.2819548872180451
2017,7.17@2017-08-23,Rumble,0.3272583201267829,0.0,0.8195488721804511
2017,7.17@2017-08-23,Ryze,0.0035657686212361333,0.0,0.22180451127819548
2017,7.17@2017-08-23,Sejuani,0.21949286846275753,0.0,0.706766917293233
2017,7.17@2017-08-23,Shaco,0.0003961965134706815,0.0,0.03383458646616541
2017,7.17@2017-08-23,Shen,0.3866877971473851,0.0,0.8796992481203008
2017,7.17@2017-08-23,Shyvana,0.0003961965134706815,0.0,0.03383458646616541
2017,7.17@2017-08-23,Singed,0.0003961965134706815,0.0,0.03383458646616541
2017,7.17@2017-08-23,Sion,0.003961965134706815,0.0,0.2518796992481203
2017,7.17@2017-08-23,Sivir,0.043581616481774964,0.0,0.5263157894736842
2017,7.17@2017-08-23,Skarner,0.002377179080824089,0.0,0.15037593984962405
2017,7.17@2017-08-23,Sona,0.004358161648177496,0.0,0.2819548872180451
2017,7.17@2017-08-23,Soraka,0.006735340729001585,0.0,0.32706766917293234
2017,7.17@2017-08-23,Swain,0.007527733755942948,0.0,0.3383458646616541
2017,7.17@2017-08-23,Syndra,0.5760697305863708,0.0,0.9473684210526315
2017,7.17@2017-08-23,Tahm Kench,0.28961965134706813,0.0,0.7969924812030075
2017,7.17@2017-08-23,Taliyah,0.5372424722662441,0.0,0.9398496240601504
2017,7.17@2017-08-23,Talon,0.017828843106180665,0.0,0.42857142857142855
2017,7.17@2017-08-23,Taric,0.061806656101426306,0.0,0.5639097744360902
2017,7.17@2017-08-23,Thresh,0.8387480190174327,0.0,0.9849624060150376
2017,7.17@2017-08-23,Tristana,0.2733755942947702,0.0,0.7819548872180451
2017,7.17@2017-08-23,Trundle,0.06418383518225039,0.0,0.5789473684210527
2017,7.17@2017-08-23,Twisted Fate,0.020602218700475437,0.0,0.45864661654135336
2017,7.17@2017-08-23,Twitch,0.1648177496038035,0.0,0.6691729323308271
2017,7.17@2017-08-23,Urgot,0.003961965134706815,2.0,0.2518796992481203
2017,7.17@2017-08-23,Varus,0.4001584786053883,0.0,0.8947368421052632
2017,7.17@2017-08-23,Vayne,0.009508716323296355,0.0,0.3533834586466165
2017,7.17@2017-08-23,Veigar,0.000792393026941363,0.0,0.07894736842105263
2017,7.17@2017-08-23,Vel'Koz,0.005546751188589541,0.0,0.3007518796992481
2017,7.17@2017-08-23,Viktor,0.09746434231378764,0.0,0.6240601503759399
2017,7.17@2017-08-23,Vladimir,0.08874801901743265,0.0,0.6127819548872181
2017,7.17@2017-08-23,Volibear,0.0003961965134706815,0.0,0.03383458646616541
2017,7.17@2017-08-23,Warwick,0.026148969889064975,0.0,0.47368421052631576
2017,7.17@2017-08-23,Wukong,0.0003961965134706815,0.0,0.03383458646616541
2017,7.17@2017-08-23,Xayah,0.3815372424722662,0.0,0.8721804511278195
2017,7.17@2017-08-23,Xerath,0.002377179080824089,0.0,0.15037593984962405
2017,7.17@2017-08-23,Xin Zhao,0.000792393026941363,0.0,0.07894736842105263
2017,7.17@2017-08-23,Yasuo,0.01901743264659271,0.0,0.4473684210526316
2017,7.17@2017-08-23,Yorick,0.0011885895404120444,0.0,0.10526315789473684
2017,7.17@2017-08-23,Zac,0.866877971473851,0.0,1.0
2017,7.17@2017-08-23,Zed,0.04120443740095087,1.0,0.518796992481203
2017,7.17@2017-08-23,Ziggs,0.009112519809825673,0.0,0.3458646616541353
2017,7.17@2017-08-23,Zilean,0.030110935023771792,0.0,0.49624060150375937
2017,7.17@2017-08-23,Zyra,0.2222662440570523,0.0,0.7142857142857143
2017,7.17@2017-08-24,Aatrox,0.0027602523659305996,0.0,0.17537313432835822
2017,7.17@2017-08-24,Ahri,0.07413249211356467,0.0,0.5895522388059702
2017,7.17@2017-08-24,Akali,0.005914826498422713,0.0,0.3208955223880597
2017,7.17@2017-08-24,Alistar,0.17981072555205047,0.0,0.6865671641791045
2017,7.17@2017-08-24,Amumu,0.0003943217665615142,0.0,0.041044776119402986
2017,7.17@2017-08-24,Anivia,0.017350157728706624,0.0,0.4253731343283582
2017,7.17@2017-08-24,Annie,0.0003943217665615142,0.0,0.041044776119402986
2017,7.17@2017-08-24,Ashe,0.29652996845425866,0.0,0.8134328358208955
2017,7.17@2017-08-24,Aurelion Sol,0.044558359621451105,0.0,0.5373134328358209
2017,7.17@2017-08-24,Azir,0.011829652996845425,0.0,0.39552238805970147
2017,7.17@2017-08-24,Bard,0.10331230283911672,0.0,0.6492537313432836
2017,7.17@2017-08-24,Blitzcrank,0.15772870662460567,0.0,0.664179104477612
2017,7.17@2017-08-24,Brand,0.022476340694006308,0.0,0.4701492537313433
2017,7.17@2017-08-24,Braum,0.5291798107255521,0.0,0.9253731343283582
2017,7.17@2017-08-24,Caitlyn,0.8126971608832808,0.0,0.9776119402985075
2017,7.17@2017-08-24,Camille,0.236198738170347,0.0,0.7388059701492538
2017,7.17@2017-08-24,Cassiopeia,0.36474763406940064,0.0,0.8507462686567164
2017,7.17@2017-08-24,Cho'Gath,0.23107255520504733,0.0,0.7238805970149254
2017,7.17@2017-08-24,Corki,0.29258675078864355,0.0,0.8059701492537313
2017,7.17@2017-08-24,Darius,0.0031545741324921135,0.0,0.20522388059701493
2017,7.17@2017-08-24,Diana,0.0011829652996845426,0.0,0.11194029850746269
2017,7.17@2017-08-24,Dr. Mundo,0.003548895899053628,0.0,0.23134328358208955
2017,7.17@2017-08-24,Draven,0.01695583596214511,0.0,0.4141791044776119
2017,7.17@2017-08-24,Ekko,0.06072555205047318,0.0,0.5597014925373134
2017,7.17@2017-08-24,Elise,0.8596214511041009,0.0,0.9925373134328358
2017,7.17@2017-08-24,Evelynn,0.0031545741324921135,0.0,0.20522388059701493
2017,7.17@2017-08-24,Ezreal,0.005520504731861199,0.0,0.30970149253731344
2017,7.17@2017-08-24,Fiddlesticks,0.0007886435331230284,0.0,0.08582089552238806
2017,7.17@2017-08-24,Fiora,0.346608832807571,0.0,0.835820895522388
2017,7.17@2017-08-24,Fizz,0.045347003154574135,0.0,0.5447761194029851
2017,7.17@2017-08-24,Galio,0.6995268138801262,0.0,0.9701492537313433
2017,7.17@2017-08-24,Gangplank,0.01695583596214511,0.0,0.4141791044776119
2017,7.17@2017-08-24,Garen,0.0007886435331230284,0.0,0.08582089552238806
2017,7.17@2017-08-24,Gnar,0.27168769716088326,0.0,0.7761194029850746
2017,7.17@2017-08-24,Gragas,0.6557570977917981,0.0,0.9626865671641791
2017,7.17@2017-08-24,Graves,0.07886435331230283,0.0,0.6044776119402985
2017,7.17@2017-08-24,Hecarim,0.0031545741324921135,0.0,0.20522388059701493
2017,7.17@2017-08-24,Heimerdinger,0.003943217665615142,0.0,0.2537313432835821
2017,7.17@2017-08-24,Illaoi,0.01025236593059937,0.0,0.3694029850746269
2017,7.17@2017-08-24,Irelia,0.010646687697160883,0.0,0.3805970149253731
2017,7.17@2017-08-24,Ivern,0.0997634069400631,0.0,0.6343283582089553
2017,7.17@2017-08-24,Janna,0.10134069400630914,0.0,0.6417910447761194
2017,7.17@2017-08-24,Jarvan IV,0.5082807570977917,0.0,0.9104477611940298
2017,7.17@2017-08-24,Jax,0.13130914826498422,0.0,0.6567164179104478
2017,7.17@2017-08-24,Jayce,0.334384858044164,0.0,0.8283582089552238
2017,7.17@2017-08-24,Jhin,0.16640378548895898,0.0,0.6791044776119403
2017,7.17@2017-08-24,Jinx,0.018138801261829655,0.0,0.44029850746268656
2017,7.17@2017-08-24,Kalista,0.5366719242902208,0.0,0.9402985074626866
2017,7.17@2017-08-24,Karma,0.2693217665615142,0.0,0.7686567164179104
2017,7.17@2017-08-24,Karthus,0.00473186119873817,0.0,0.2947761194029851
2017,7.17@2017-08-24,Kassadin,0.26774447949526814,0.0,0.7611940298507462
2017,7.17@2017-08-24,Katarina,0.015772870662460567,0.0,0.40298507462686567
2017,7.17@2017-08-24,Kayle,0.0031545741324921135,0.0,0.20522388059701493
2017,7.17@2017-08-24,Kayn,0.027996845425867507,0.0,0.48507462686567165
2017,7.17@2017-08-24,Kennen,0.37657728706624605,0.0,0.8656716417910447
2017,7.17@2017-08-24,Kha'Zix,0.21608832807570977,0.0,0.7014925373134329
2017,7.17@2017-08-24,Kindred,0.001971608832807571,0.0,0.13805970149253732
2017,7.17@2017-08-24,Kled,0.18966876971608831,0.0,0.6940298507462687
2017,7.17@2017-08-24,Kog'Maw,0.24921135646687698,0.0,0.746268656716418
2017,7.17@2017-08-24,LeBlanc,0.5208990536277602,0.0,0.917910447761194
2017,7.17@2017-08-24,Lee Sin,0.36829652996845424,0.0,0.8582089552238806
2017,7.17@2017-08-24,Leona,0.003943217665615142,0.0,0.2537313432835821
2017,7.17@2017-08-24,Lissandra,0.003943217665615142,0.0,0.2537313432835821
2017,7.17@2017-08-24,Lucian,0.2503943217665615,0.0,0.753731343283582
2017,7.17@2017-08-24,Lulu,0.23462145110410096,0.0,0.7313432835820896
2017,7.17@2017-08-24,Lux,0.003943217665615142,0.0,0.2537313432835821
2017,7.17@2017-08-24,Malphite,0.002365930599369085,0.0,0.15671641791044777
2017,7.17@2017-08-24,Malzahar,0.03194006309148265,0.0,0.5074626865671642
2017,7.17@2017-08-24,Maokai,0.27602523659305994,0.0,0.7873134328358209
2017,7.17@2017-08-24,Master Yi,0.0003943217665615142,0.0,0.041044776119402986
2017,7.17@2017-08-24,Miss Fortune,0.006703470031545741,0.0,0.332089552238806
2017,7.17@2017-08-24,Mordekaiser,0.01025236593059937,0.0,0.3694029850746269
2017,7.17@2017-08-24,Morgana,0.07570977917981073,0.0,0.5970149253731343
2017,7.17@2017-08-24,Nami,0.01892744479495268,0.0,0.45149253731343286
2017,7.17@2017-08-24,Nasus,0.0011829652996845426,0.0,0.11194029850746269
2017,7.17@2017-08-24,Nautilus,0.011041009463722398,0.0,0.3880597014925373
2017,7.17@2017-08-24,Nidalee,0.062302839116719244,0.0,0.5708955223880597
2017,7.17@2017-08-24,Nocturne,0.0031545741324921135,0.0,0.20522388059701493
2017,7.17@2017-08-24,Nunu & Willump,0.028391167192429023,0.0,0.4925373134328358
2017,7.17@2017-08-24,Olaf,0.08911671924290221,0.0,0.6119402985074627
2017,7.17@2017-08-24,Orianna,0.6037066246056783,0.0,0.9552238805970149
2017,7.17@2017-08-24,Ornn,0.0,0.0,0.007462686567164179
2017,7.17@2017-08-24,Pantheon,0.0027602523659305996,0.0,0.17537313432835822
2017,7.17@2017-08-24,Poppy,0.03391167192429022,0.0,0.5149253731343284
2017,7.17@2017-08-24,Quinn,0.0015772870662460567,0.0,0.12686567164179105
2017,7.17@2017-08-24,Rakan,0.3911671924290221,0.0,0.8880597014925373
2017,7.17@2017-08-24,Rammus,0.001971608832807571,0.0,0.13805970149253732
2017,7.17@2017-08-24,Rek'Sai,0.35646687697160884,0.0,0.8432835820895522
2017,7.17@2017-08-24,Renekton,0.4199526813880126,0.0,0.9029850746268657
2017,7.17@2017-08-24,Rengar,0.04850157728706624,0.0,0.5522388059701493
2017,7.17@2017-08-24,Riven,0.00473186119873817,0.0,0.2947761194029851
2017,7.17@2017-08-24,Rumble,0.3264984227129338,0.0,0.8208955223880597
2017,7.17@2017-08-24,Ryze,0.0031545741324921135,0.0,0.20522388059701493
2017,7.17@2017-08-24,Sejuani,0.22121451104100948,0.0,0.7089552238805971
2017,7.17@2017-08-24,Shaco,0.0003943217665615142,0.0,0.041044776119402986
2017,7.17@2017-08-24,Shen,0.3864353312302839,0.0,0.8805970149253731
2017,7.17@2017-08-24,Shyvana,0.0003943217665615142,0.0,0.041044776119402986
2017,7.17@2017-08-24,Singed,0.0003943217665615142,0.0,0.041044776119402986
2017,7.17@2017-08-24,Sion,0.004337539432176656,0.0,0.2798507462686567
2017,7.17@2017-08-24,Sivir,0.04337539432176656,0.0,0.5298507462686567
2017,7.17@2017-08-24,Skarner,0.002365930599369085,0.0,0.15671641791044777
2017,7.17@2017-08-24,Sona,0.004337539432176656,0.0,0.2798507462686567
2017,7.17@2017-08-24,Soraka,0.006703470031545741,0.0,0.332089552238806
2017,7.17@2017-08-24,Swain,0.00749211356466877,0.0,0.34328358208955223
2017,7.17@2017-08-24,Syndra,0.5753154574132492,0.0,0.9477611940298507
2017,7.17@2017-08-24,Tahm Kench,0.28824921135646686,0.0,0.7985074626865671
2017,7.17@2017-08-24,Taliyah,0.5347003154574133,0.0,0.9328358208955224
2017,7.17@2017-08-24,Talon,0.01774447949526814,0.0,0.43283582089552236
2017,7.17@2017-08-24,Taric,0.062302839116719244,0.0,0.5708955223880597
2017,7.17@2017-08-24,Thresh,0.8387223974763407,0.0,0.9850746268656716
2017,7.17@2017-08-24,Tristana,0.27602523659305994,0.0,0.7873134328358209
2017,7.17@2017-08-24,Trundle,0.06466876971608833,0.0,0.582089552238806
2017,7.17@2017-08-24,Twisted Fate,0.02089905362776025,0.0,0.4626865671641791
2017,7.17@2017-08-24,Twitch,0.16443217665615142,0.0,0.6716417910447762
2017,7.17@2017-08-24,Urgot,0.003943217665615142,0.0,0.2537313432835821
2017,7.17@2017-08-24,Varus,0.3990536277602524,0.0,0.8955223880597015
2017,7.17@2017-08-24,Vayne,0.00946372239747634,0.0,0.3582089552238806
2017,7.17@2017-08-24,Veigar,0.0007886435331230284,0.0,0.08582089552238806
2017,7.17@2017-08-24,Vel'Koz,0.005520504731861199,0.0,0.30970149253731344
2017,7.17@2017-08-24,Viktor,0.09700315457413249,0.0,0.6268656716417911
2017,7.17@2017-08-24,Vladimir,0.08990536277602523,0.0,0.6194029850746269
2017,7.17@2017-08-24,Volibear,0.0003943217665615142,0.0,0.041044776119402986
2017,7.17@2017-08-24,Warwick,0.026025236593059938,0.0,0.47761194029850745
2017,7.17@2017-08-24,Wukong,0.0003943217665615142,0.0,0.041044776119402986
2017,7.17@2017-08-24,Xayah,0.38170347003154576,0.0,0.8731343283582089
2017,7.17@2017-08-24,Xerath,0.002365930599369085,0.0,0.15671641791044777
2017,7.17@2017-08-24,Xin Zhao,0.0007886435331230284,0.0,0.08582089552238806
2017,7.17@2017-08-24,Yasuo,0.01892744479495268,0.0,0.45149253731343286
2017,7.17@2017-08-24,Yorick,0.0011829652996845426,0.0,0.11194029850746269
2017,7.17@2017-08-24,Zac,0.8659305993690851,0.0,1.0
2017,7.17@2017-08-24,Zed,0.04140378548895899,0.0,0.5223880597014925
2017,7.17@2017-08-24,Ziggs,0.009069400630914827,0.0,0.35074626865671643
2017,7.17@2017-08-24,Zilean,0.02996845425867508,0.0,0.5
2017,7.17@2017-08-24,Zyra,0.221608832807571,0.0,0.7164179104477612
2017,7.17@2017-08-25,Aatrox,0.00274079874706343,0.0,0.17164179104477612
2017,7.17@2017-08-25,Ahri,0.07361002349256068,0.0,0.5895522388059702
2017,7.17@2017-08-25,Akali,0.005873140172278779,0.0,0.3208955223880597
2017,7.17@2017-08-25,Alistar,0.18324197337509787,0.0,0.6865671641791045
2017,7.17@2017-08-25,Amumu,0.00039154267815191856,0.0,0.041044776119402986
2017,7.17@2017-08-25,Anivia,0.017227877838684416,0.0,0.4253731343283582
2017,7.17@2017-08-25,Annie,0.00039154267815191856,0.0,0.041044776119402986
2017,7.17@2017-08-25,Ashe,0.2956147220046985,0.0,0.8134328358208955
2017,7.17@2017-08-25,Aurelion Sol,0.04463586530931871,0.0,0.5373134328358209
2017,7.17@2017-08-25,Azir,0.012137823022709476,0.0,0.39552238805970147
2017,7.17@2017-08-25,Bard,0.1033672670321065,0.0,0.6492537313432836
2017,7.17@2017-08-25,Blitzcrank,0.15740015661707127,0.0,0.664179104477612
2017,7.17@2017-08-25,Brand,0.022317932654659357,0.0,0.4701492537313433
2017,7.17@2017-08-25,Braum,0.5277995301487862,0.0,0.9253731343283582
2017,7.17@2017-08-25,Caitlyn,0.8085356303837118,0.0,0.9776119402985075
2017,7.17@2017-08-25,Camille,0.23766640563821456,0.0,0.7388059701492538
2017,7.17@2017-08-25,Cassiopeia,0.3657008613938919,0.0,0.8544776119402985
2017,7.17@2017-08-25,Cho'Gath,0.2321848081440877,0.0,0.7238805970149254
2017,7.17@2017-08-25,Corki,0.2936570086139389,0.0,0.8059701492537313
2017,7.17@2017-08-25,Darius,0.0031323414252153485,0.0,0.20522388059701493
2017,7.17@2017-08-25,Diana,0.0011746280344557558,0.0,0.11194029850746269
2017,7.17@2017-08-25,Dr. Mundo,0.003523884103367267,0.0,0.23134328358208955
2017,7.17@2017-08-25,Draven,0.016836335160532498,0.0,0.4141791044776119
2017,7.17@2017-08-25,Ekko,0.060689115113547375,0.0,0.5597014925373134
2017,7.17@2017-08-25,Elise,0.8590446358653093,0.0,0.9925373134328358
2017,7.17@2017-08-25,Evelynn,0.0031323414252153485,0.0,0.20522388059701493
2017,7.17@2017-08-25,Ezreal,0.00548159749412686,0.0,0.30970149253731344
2017,7.17@2017-08-25,Fiddlesticks,0.0007830853563038371,0.0,0.08582089552238806
2017,7.17@2017-08-25,Fiora,0.34416601409553643,0.0,0.835820895522388
2017,7.17@2017-08-25,Fizz,0.04502740798747063,0.0,0.5447761194029851
2017,7.17@2017-08-25,Galio,0.6973375097885669,0.0,0.9701492537313433
2017,7.17@2017-08-25,Gangplank,0.016836335160532498,0.0,0.4141791044776119
2017,7.17@2017-08-25,Garen,0.0007830853563038371,0.0,0.08582089552238806
2017,7.17@2017-08-25,Gnar,0.274079874706343,0.0,0.7761194029850746
2017,7.17@2017-08-25,Gragas,0.6574001566170713,0.0,0.9626865671641791
2017,7.17@2017-08-25,Graves,0.07830853563038372,0.0,0.6044776119402985
2017,7.17@2017-08-25,Hecarim,0.0031323414252153485,0.0,0.20522388059701493
2017,7.17@2017-08-25,Heimerdinger,0.003915426781519186,0.0,0.2537313432835821
2017,7.17@2017-08-25,Illaoi,0.010180109631949883,0.0,0.3619402985074627
2017,7.17@2017-08-25,Irelia,0.010571652310101801,0.0,0.376865671641791
2017,7.17@2017-08-25,Ivern,0.0990602975724354,0.0,0.6343283582089553
2017,7.17@2017-08-25,Janna,0.10219263899765074,0.0,0.6417910447761194
2017,7.17@2017-08-25,Jarvan IV,0.5117462803445576,0.0,0.9104477611940298
2017,7.17@2017-08-25,Jax,0.1327329678935004,0.0,0.6567164179104478
2017,7.17@2017-08-25,Jayce,0.33437744714173845,0.0,0.8283582089552238
2017,7.17@2017-08-25,Jhin,0.16562255285826155,0.0,0.6716417910447762
2017,7.17@2017-08-25,Jinx,0.018010963194988253,0.0,0.44029850746268656
2017,7.17@2017-08-25,Kalista,0.538371182458888,0.0,0.9402985074626866
2017,7.17@2017-08-25,Karma,0.2678151918559123,0.0,0.7611940298507462
2017,7.17@2017-08-25,Karthus,0.004698512137823023,0.0,0.2947761194029851
2017,7.17@2017-08-25,Kassadin,0.26859827721221613,0.0,0.7686567164179104
2017,7.17@2017-08-25,Katarina,0.015661707126076743,0.0,0.40298507462686567
2017,7.17@2017-08-25,Kayle,0.0031323414252153485,0.0,0.20522388059701493
2017,7.17@2017-08-25,Kayn,0.02779953014878622,0.0,0.48507462686567165
2017,7.17@2017-08-25,Kennen,0.3739232576350822,0.0,0.8656716417910447
2017,7.17@2017-08-25,Kha'Zix,0.21456538762725136,0.0,0.7014925373134329
2017,7.17@2017-08-25,Kindred,0.001957713390759593,0.0,0.13805970149253732
2017,7.17@2017-08-25,Kled,0.18833202819107284,0.0,0.6940298507462687
2017,7.17@2017-08-25,Kog'Maw,0.25254502740798745,0.0,0.746268656716418
2017,7.17@2017-08-25,LeBlanc,0.5180109631949883,0.0,0.917910447761194
2017,7.17@2017-08-25,Lee Sin,0.3657008613938919,0.0,0.8544776119402985
2017,7.17@2017-08-25,Leona,0.003915426781519186,0.0,0.2537313432835821
2017,7.17@2017-08-25,Lissandra,0.003915426781519186,0.0,0.2537313432835821
2017,7.17@2017-08-25,Lucian,0.25371965544244324,0.0,0.753731343283582
2017,7.17@2017-08-25,Lulu,0.23453406421299922,0.0,0.7313432835820896
2017,7.17@2017-08-25,Lux,0.003915426781519186,0.0,0.2537313432835821
2017,7.17@2017-08-25,Malphite,0.00274079874706343,0.0,0.17164179104477612
2017,7.17@2017-08-25,Malzahar,0.03328112764291308,0.0,0.5074626865671642
2017,7.17@2017-08-25,Maokai,0.278778386844166,0.0,0.7835820895522388
2017,7.17@2017-08-25,Master Yi,0.00039154267815191856,0.0,0.041044776119402986
2017,7.17@2017-08-25,Miss Fortune,0.006656225528582615,0.0,0.332089552238806
2017,7.17@2017-08-25,Mordekaiser,0.010180109631949883,0.0,0.3619402985074627
2017,7.17@2017-08-25,Morgana,0.0779169929522318,0.0,0.5970149253731343
2017,7.17@2017-08-25,Nami,0.018794048551292093,0.0,0.44776119402985076
2017,7.17@2017-08-25,Nasus,0.0011746280344557558,0.0,0.11194029850746269
2017,7.17@2017-08-25,Nautilus,0.01096319498825372,0.0,0.3880597014925373
2017,7.17@2017-08-25,Nidalee,0.06186374314800313,0.0,0.5671641791044776
2017,7.17@2017-08-25,Nocturne,0.0031323414252153485,0.0,0.20522388059701493
2017,7.17@2017-08-25,Nunu & Willump,0.028191072826938137,0.0,0.4925373134328358
2017,7.17@2017-08-25,Olaf,0.08848864526233359,0.0,0.6119402985074627
2017,7.17@2017-08-25,Orianna,0.6018010963194989,0.0,0.9552238805970149
2017,7.17@2017-08-25,Ornn,0.0,2.0,0.007462686567164179
2017,7.17@2017-08-25,Pantheon,0.00274079874706343,0.0,0.17164179104477612
2017,7.17@2017-08-25,Poppy,0.03563038371182459,0.0,0.5149253731343284
2017,7.17@2017-08-25,Quinn,0.0015661707126076742,0.0,0.12686567164179105
2017,7.17@2017-08-25,Rakan,0.3946750195771339,0.0,0.8880597014925373
2017,7.17@2017-08-25,Rammus,0.001957713390759593,0.0,0.13805970149253732
2017,7.17@2017-08-25,Rek'Sai,0.35512920908379014,0.0,0.8432835820895522
2017,7.17@2017-08-25,Renekton,0.41895066562255284,0.0,0.9029850746268657
2017,7.17@2017-08-25,Rengar,0.048159749412685984,0.0,0.5522388059701493
2017,7.17@2017-08-25,Riven,0.004698512137823023,0.0,0.2947761194029851
2017,7.17@2017-08-25,Rumble,0.3249804228660924,0.0,0.8208955223880597
2017,7.17@2017-08-25,Ryze,0.0031323414252153485,0.0,0.20522388059701493
2017,7.17@2017-08-25,Sejuani,0.22396241190289742,0.0,0.7164179104477612
2017,7.17@2017-08-25,Shaco,0.00039154267815191856,0.0,0.041044776119402986
2017,7.17@2017-08-25,Shen,0.38566953797963976,0.0,0.8805970149253731
2017,7.17@2017-08-25,Shyvana,0.00039154267815191856,0.0,0.041044776119402986
2017,7.17@2017-08-25,Singed,0.00039154267815191856,0.0,0.041044776119402986
2017,7.17@2017-08-25,Sion,0.004306969459671104,0.0,0.2798507462686567
2017,7.17@2017-08-25,Sivir,0.04306969459671104,0.0,0.5298507462686567
2017,7.17@2017-08-25,Skarner,0.0023492560689115116,0.0,0.15298507462686567
2017,7.17@2017-08-25,Sona,0.004306969459671104,0.0,0.2798507462686567
2017,7.17@2017-08-25,Soraka,0.006656225528582615,0.0,0.332089552238806
2017,7.17@2017-08-25,Swain,0.0074393108848864525,0.0,0.34328358208955223
2017,7.17@2017-08-25,Syndra,0.5728269381362568,0.0,0.9477611940298507
2017,7.17@2017-08-25,Tahm Kench,0.2873923257635082,0.0,0.7985074626865671
2017,7.17@2017-08-25,Taliyah,0.5317149569303053,0.0,0.9328358208955224
2017,7.17@2017-08-25,Talon,0.017619420516836334,0.0,0.43283582089552236
2017,7.17@2017-08-25,Taric,0.06303837118245889,0.0,0.5746268656716418
2017,7.17@2017-08-25,Thresh,0.8359436178543461,0.0,0.9850746268656716
2017,7.17@2017-08-25,Tristana,0.2811276429130775,0.0,0.7910447761194029
2017,7.17@2017-08-25,Trundle,0.06421299921691465,0.0,0.582089552238806
2017,7.17@2017-08-25,Twisted Fate,0.020751761942051684,0.0,0.4626865671641791
2017,7.17@2017-08-25,Twitch,0.16601409553641347,0.0,0.6791044776119403
2017,7.17@2017-08-25,Urgot,0.003915426781519186,0.0,0.2537313432835821
2017,7.17@2017-08-25,Varus,0.39780736100234926,0.0,0.8955223880597015
2017,7.17@2017-08-25,Vayne,0.010571652310101801,0.0,0.376865671641791
2017,7.17@2017-08-25,Veigar,0.0007830853563038371,0.0,0.08582089552238806
2017,7.17@2017-08-25,Vel'Koz,0.00548159749412686,0.0,0.30970149253731344
2017,7.17@2017-08-25,Viktor,0.09827721221613156,0.0,0.6268656716417911
2017,7.17@2017-08-25,Vladimir,0.0908379013312451,0.0,0.6194029850746269
2017,7.17@2017-08-25,Volibear,0.00039154267815191856,0.0,0.041044776119402986
2017,7.17@2017-08-25,Warwick,0.025841816758026624,0.0,0.47761194029850745
2017,7.17@2017-08-25,Wukong,0.00039154267815191856,0.0,0.041044776119402986
2017,7.17@2017-08-25,Xayah,0.3841033672670321,0.0,0.8731343283582089
2017,7.17@2017-08-25,Xerath,0.0023492560689115116,0.0,0.15298507462686567
2017,7.17@2017-08-25,Xin Zhao,0.0007830853563038371,0.0,0.08582089552238806
2017,7.17@2017-08-25,Yasuo,0.01957713390759593,0.0,0.4552238805970149
2017,7.17@2017-08-25,Yorick,0.0011746280344557558,0.0,0.11194029850746269
2017,7.17@2017-08-25,Zac,0.8613938919342208,0.0,1.0
2017,7.17@2017-08-25,Zed,0.04111198120595145,0.0,0.5223880597014925
2017,7.17@2017-08-25,Ziggs,0.009005481597494126,0.0,0.35074626865671643
2017,7.17@2017-08-25,Zilean,0.030540328895849646,0.0,0.5
2017,7.17@2017-08-25,Zyra,0.22004698512137824,0.0,0.7089552238805971
2017,7.17@2017-09-01,Aatrox,0.0026425066062665155,0.0,0.16791044776119404
2017,7.17@2017-09-01,Ahri,0.06908267270668177,0.0,0.582089552238806
2017,7.17@2017-09-01,Akali,0.0056625141562853904,0.0,0.30597014925373134
2017,7.17@2017-09-01,Alistar,0.20309550773876936,0.0,0.6940298507462687
2017,7.17@2017-09-01,Amumu,0.00037750094375235937,0.0,0.041044776119402986
2017,7.17@2017-09-01,Anivia,0.01698754246885617,0.0,0.4291044776119403
2017,7.17@2017-09-01,Annie,0.00037750094375235937,0.0,0.041044776119402986
2017,7.17@2017-09-01,Ashe,0.2876557191392978,0.0,0.7873134328358209
2017,7.17@2017-09-01,Aurelion Sol,0.04379010947527369,0.0,0.5373134328358209
2017,7.17@2017-09-01,Azir,0.0120800302000755,0.0,0.39552238805970147
2017,7.17@2017-09-01,Bard,0.10003775009437524,0.0,0.6417910447761194
2017,7.17@2017-09-01,Blitzcrank,0.15741789354473387,0.0,0.664179104477612
2017,7.17@2017-09-01,Brand,0.021517553793884484,0.0,0.4626865671641791
2017,7.17@2017-09-01,Braum,0.5243488108720272,0.0,0.917910447761194
2017,7.17@2017-09-01,Caitlyn,0.7776519441298603,0.0,0.9776119402985075
2017,7.17@2017-09-01,Camille,0.23669309173272934,0.0,0.7238805970149254
2017,7.17@2017-09-01,Cassiopeia,0.37712344280860705,0.0,0.8656716417910447
2017,7.17@2017-09-01,Cho'Gath,0.2491506228765572,0.0,0.7388059701492538
2017,7.17@2017-09-01,Corki,0.3035107587768969,0.0,0.8059701492537313
2017,7.17@2017-09-01,Darius,0.003020007550018875,0.0,0.20522388059701493
2017,7.17@2017-09-01,Diana,0.0011325028312570782,0.0,0.1044776119402985
2017,7.17@2017-09-01,Dr. Mundo,0.003775009437523594,0.0,0.25
2017,7.17@2017-09-01,Draven,0.01698754246885617,0.0,0.4291044776119403
2017,7.17@2017-09-01,Ekko,0.0604001510003775,0.0,0.5671641791044776
2017,7.17@2017-09-01,Elise,0.8489996224990563,0.0,1.0
2017,7.17@2017-09-01,Evelynn,0.0026425066062665155,0.0,0.16791044776119404
2017,7.17@2017-09-01,Ezreal,0.004530011325028313,0.0,0.2798507462686567
2017,7.17@2017-09-01,Fiddlesticks,0.0007550018875047187,0.0,0.08582089552238806
2017,7.17@2017-09-01,Fiora,0.32842582106455265,0.0,0.8283582089552238
2017,7.17@2017-09-01,Fizz,0.04001510003775009,0.0,0.5223880597014925
2017,7.17@2017-09-01,Galio,0.6878067195167988,0.0,0.9701492537313433
2017,7.17@2017-09-01,Gangplank,0.014722536806342015,0.0,0.40298507462686567
2017,7.17@2017-09-01,Garen,0.0007550018875047187,0.0,0.08582089552238806
2017,7.17@2017-09-01,Gnar,0.2876557191392978,0.0,0.7873134328358209
2017,7.17@2017-09-01,Gragas,0.6677991694979237,0.0,0.9626865671641791
2017,7.17@2017-09-01,Graves,0.07361268403171008,0.0,0.5895522388059702
2017,7.17@2017-09-01,Hecarim,0.003020007550018875,0.0,0.20522388059701493
2017,7.17@2017-09-01,Heimerdinger,0.0056625141562853904,0.0,0.30597014925373134
2017,7.17@2017-09-01,Illaoi,0.009815024537561345,0.0,0.3582089552238806
2017,7.17@2017-09-01,Irelia,0.010570026425066062,0.0,0.376865671641791
2017,7.17@2017-09-01,Ivern,0.09173272933182333,0.0,0.6194029850746269
2017,7.17@2017-09-01,Janna,0.10834277085692715,0.0,0.6492537313432836
2017,7.17@2017-09-01,Jarvan IV,0.5303888259720649,0.0,0.9328358208955224
2017,7.17@2017-09-01,Jax,0.13401283503208758,0.0,0.6567164179104478
2017,7.17@2017-09-01,Jayce,0.3344658361645904,0.0,0.835820895522388
2017,7.17@2017-09-01,Jhin,0.16081540203850508,0.0,0.6716417910447762
2017,7.17@2017-09-01,Jinx,0.01812004530011325,0.0,0.44776119402985076
2017,7.17@2017-09-01,Kalista,0.5598338995847489,0.0,0.9402985074626866
2017,7.17@2017-09-01,Karma,0.2555681389203473,0.0,0.746268656716418
2017,7.17@2017-09-01,Karthus,0.004530011325028313,0.0,0.2798507462686567
2017,7.17@2017-09-01,Kassadin,0.26840317100792754,0.0,0.7686567164179104
2017,7.17@2017-09-01,Katarina,0.015100037750094376,0.0,0.41044776119402987
2017,7.17@2017-09-01,Kayle,0.003020007550018875,0.0,0.20522388059701493
2017,7.17@2017-09-01,Kayn,0.028312570781426953,0.0,0.4925373134328358
2017,7.17@2017-09-01,Kennen,0.35900339750849375,0.0,0.8582089552238806
2017,7.17@2017-09-01,Kha'Zix,0.20762551906379767,0.0,0.7014925373134329
2017,7.17@2017-09-01,Kindred,0.001887504718761797,0.0,0.13059701492537312
2017,7.17@2017-09-01,Kled,0.18422046055115138,0.0,0.6865671641791045
2017,7.17@2017-09-01,Kog'Maw,0.256323140807852,0.0,0.753731343283582
2017,7.17@2017-09-01,LeBlanc,0.5062287655719139,0.0,0.9104477611940298
2017,7.17@2017-09-01,Lee Sin,0.3469233673084183,0.0,0.8432835820895522
2017,7.17@2017-09-01,Leona,0.003775009437523594,0.0,0.25
2017,7.17@2017-09-01,Lissandra,0.0033975084937712344,0.0,0.23134328358208955
2017,7.17@2017-09-01,Lucian,0.26047565118912797,0.0,0.7611940298507462
2017,7.17@2017-09-01,Lulu,0.23178557946394865,0.0,0.7164179104477612
2017,7.17@2017-09-01,Lux,0.003775009437523594,0.0,0.25
2017,7.17@2017-09-01,Malphite,0.0026425066062665155,0.0,0.16791044776119404
2017,7.17@2017-09-01,Malzahar,0.03473008682521706,0.0,0.5074626865671642
2017,7.17@2017-09-01,Maokai,0.29709324273310683,0.0,0.7985074626865671
2017,7.17@2017-09-01,Master Yi,0.00037750094375235937,0.0,0.041044776119402986
2017,7.17@2017-09-01,Miss Fortune,0.0056625141562853904,0.0,0.30597014925373134
2017,7.17@2017-09-01,Mordekaiser,0.009437523593808984,0.0,0.35074626865671643
2017,7.17@2017-09-01,Morgana,0.08191770479426198,0.0,0.6044776119402985
2017,7.17@2017-09-01,Nami,0.01698754246885617,0.0,0.4291044776119403
2017,7.17@2017-09-01,Nasus,0.0015100037750094375,0.0,0.11567164179104478
2017,7.17@2017-09-01,Nautilus,0.010192525481313703,0.0,0.3656716417910448
2017,7.17@2017-09-01,Nidalee,0.05964514911287278,0.0,0.5597014925373134
2017,7.17@2017-09-01,Nocturne,0.003020007550018875,0.0,0.20522388059701493
2017,7.17@2017-09-01,Nunu & Willump,0.027935069837674593,0.0,0.48507462686567165
2017,7.17@2017-09-01,Olaf,0.08607021517553794,0.0,0.6119402985074627
2017,7.17@2017-09-01,Orianna,0.5990939977349944,0.0,0.9552238805970149
2017,7.17@2017-09-01,Ornn,0.0,2.0,0.007462686567164179
2017,7.17@2017-09-01,Pantheon,0.0026425066062665155,0.0,0.16791044776119404
2017,7.17@2017-09-01,Poppy,0.035107587768969425,0.0,0.5149253731343284
2017,7.17@2017-09-01,Quinn,0.0015100037750094375,0.0,0.11567164179104478
2017,7.17@2017-09-01,Rakan,0.41525103812759534,0.0,0.8955223880597015
2017,7.17@2017-09-01,Rammus,0.001887504718761797,0.0,0.13059701492537312
2017,7.17@2017-09-01,Rek'Sai,0.35183087957719894,0.0,0.8507462686567164
2017,7.17@2017-09-01,Renekton,0.4190260475651189,0.0,0.9029850746268657
2017,7.17@2017-09-01,Rengar,0.046810117025292565,0.0,0.5522388059701493
2017,7.17@2017-09-01,Riven,0.004530011325028313,0.0,0.2798507462686567
2017,7.17@2017-09-01,Rumble,0.3254058135145338,0.0,0.8208955223880597
2017,7.17@2017-09-01,Ryze,0.003020007550018875,0.0,0.20522388059701493
2017,7.17@2017-09-01,Sejuani,0.24122310305775765,0.0,0.7313432835820896
2017,7.17@2017-09-01,Shaco,0.00037750094375235937,0.0,0.041044776119402986
2017,7.17@2017-09-01,Shen,0.38240845602114004,0.0,0.8731343283582089
2017,7.17@2017-09-01,Shyvana,0.00037750094375235937,0.0,0.041044776119402986
2017,7.17@2017-09-01,Singed,0.00037750094375235937,0.0,0.041044776119402986
2017,7.17@2017-09-01,Sion,0.006795016987542469,0.0,0.332089552238806
2017,7.17@2017-09-01,Sivir,0.045300113250283124,0.0,0.5447761194029851
2017,7.17@2017-09-01,Skarner,0.0022650056625141564,0.0,0.1455223880597015
2017,7.17@2017-09-01,Sona,0.004530011325028313,0.0,0.2798507462686567
2017,7.17@2017-09-01,Soraka,0.006417516043790109,0.0,0.3208955223880597
2017,7.17@2017-09-01,Swain,0.007172517931294828,0.0,0.34328358208955223
2017,7.17@2017-09-01,Syndra,0.5677614194035485,0.0,0.9477611940298507
2017,7.17@2017-09-01,Tahm Kench,0.28010570026425063,0.0,0.7761194029850746
2017,7.17@2017-09-01,Taliyah,0.5292563231408078,0.0,0.9253731343283582
2017,7.17@2017-09-01,Talon,0.01698754246885617,0.0,0.4291044776119403
2017,7.17@2017-09-01,Taric,0.06530766326915817,0.0,0.5746268656716418
2017,7.17@2017-09-01,Thresh,0.8278595696489242,0.0,0.9850746268656716
2017,7.17@2017-09-01,Tristana,0.30539826349565874,0.0,0.8134328358208955
2017,7.17@2017-09-01,Trundle,0.0743676859192148,0.0,0.5970149253731343
2017,7.17@2017-09-01,Twisted Fate,0.022272555681389205,0.0,0.4701492537313433
2017,7.17@2017-09-01,Twitch,0.1627029067572669,0.0,0.6791044776119403
2017,7.17@2017-09-01,Urgot,0.003775009437523594,0.0,0.25
2017,7.17@2017-09-01,Varus,0.395998489996225,0.0,0.8805970149253731
2017,7.17@2017-09-01,Vayne,0.010570026425066062,0.0,0.376865671641791
2017,7.17@2017-09-01,Veigar,0.0007550018875047187,0.0,0.08582089552238806
2017,7.17@2017-09-01,Vel'Koz,0.006795016987542469,0.0,0.332089552238806
2017,7.17@2017-09-01,Viktor,0.09550773876934693,0.0,0.6268656716417911
2017,7.17@2017-09-01,Vladimir,0.09588523971309929,0.0,0.6343283582089553
2017,7.17@2017-09-01,Volibear,0.00037750094375235937,0.0,0.041044776119402986
2017,7.17@2017-09-01,Warwick,0.025292563231408077,0.0,0.47761194029850745
2017,7.17@2017-09-01,Wukong,0.00037750094375235937,0.0,0.041044776119402986
2017,7.17@2017-09-01,Xayah,0.39750849377123443,0.0,0.8880597014925373
2017,7.17@2017-09-01,Xerath,0.0022650056625141564,0.0,0.1455223880597015
2017,7.17@2017-09-01,Xin Zhao,0.0007550018875047187,0.0,0.08582089552238806
2017,7.17@2017-09-01,Yasuo,0.020762551906379767,0.0,0.4552238805970149
2017,7.17@2017-09-01,Yorick,0.003020007550018875,0.0,0.20522388059701493
2017,7.17@2017-09-01,Zac,0.8459796149490374,0.0,0.9925373134328358
2017,7.17@2017-09-01,Zed,0.04114760286900717,0.0,0.5298507462686567
2017,7.17@2017-09-01,Ziggs,0.010947527368818422,0.0,0.3880597014925373
2017,7.17@2017-09-01,Zilean,0.02982257455643639,0.0,0.5
2017,7.17@2017-09-01,Zyra,0.20951302378255945,0.0,0.7089552238805971
2017,7.18@2017-09-13,Aatrox,0.0019638648860958365,0.0,0.13432835820895522
2017,7.18@2017-09-13,Ahri,0.05498821681068342,0.0,0.5671641791044776
2017,7.18@2017-09-13,Akali,0.004713275726630008,0.0,0.29850746268656714
2017,7.18@2017-09-13,Alistar,0.23762765121759624,0.0,0.7238805970149254
2017,7.18@2017-09-13,Amumu,0.00039277297721916735,0.0,0.041044776119402986
2017,7.18@2017-09-13,Anivia,0.018067556952081697,0.0,0.44029850746268656
2017,7.18@2017-09-13,Annie,0.00039277297721916735,0.0,0.041044776119402986
2017,7.18@2017-09-13,Ashe,0.2541241162608013,0.0,0.7388059701492538
2017,7.18@2017-09-13,Aurelion Sol,0.04477611940298507,0.0,0.5447761194029851
2017,7.18@2017-09-13,Azir,0.012961508248232521,1.0,0.41044776119402987
2017,7.18@2017-09-13,Bard,0.09819324430479183,0.0,0.6417910447761194
2017,7.18@2017-09-13,Blitzcrank,0.16142969363707776,0.0,0.6716417910447762
2017,7.18@2017-09-13,Brand,0.021602513747054203,0.0,0.4626865671641791
2017,7.18@2017-09-13,Braum,0.5318146111547526,0.0,0.9253731343283582
2017,7.18@2017-09-13,Caitlyn,0.7604084838963079,0.0,0.9776119402985075
2017,7.18@2017-09-13,Camille,0.2462686567164179,0.0,0.7313432835820896
2017,7.18@2017-09-13,Cassiopeia,0.40062843676355064,-1.0,0.8805970149253731
2017,7.18@2017-09-13,Cho'Gath,0.28908091123330715,0.0,0.7835820895522388
2017,7.18@2017-09-13,Corki,0.33032207384131973,0.0,0.835820895522388
2017,7.18@2017-09-13,Darius,0.0027494108405341712,0.0,0.19776119402985073
2017,7.18@2017-09-13,Diana,0.001178318931657502,0.0,0.1044776119402985
2017,7.18@2017-09-13,Dr. Mundo,0.005106048703849175,0.0,0.30597014925373134
2017,7.18@2017-09-13,Draven,0.01767478397486253,0.0,0.43283582089552236
2017,7.18@2017-09-13,Ekko,0.05145326001571092,0.0,0.5522388059701493
2017,7.18@2017-09-13,Elise,0.8350353495679497,-2.0,1.0
2017,7.18@2017-09-13,Evelynn,0.002356637863315004,0.0,0.16417910447761194
2017,7.18@2017-09-13,Ezreal,0.003534956794972506,0.0,0.25
2017,7.18@2017-09-13,Fiddlesticks,0.0007855459544383347,0.0,0.08582089552238806
2017,7.18@2017-09-13,Fiora,0.29772191673212883,2.0,0.7910447761194029
2017,7.18@2017-09-13,Fizz,0.024351924587588374,0.0,0.47761194029850745
2017,7.18@2017-09-13,Galio,0.6743912018853103,0.0,0.9626865671641791
2017,7.18@2017-09-13,Gangplank,0.009426551453260016,0.0,0.3619402985074627
2017,7.18@2017-09-13,Garen,0.0007855459544383347,0.0,0.08582089552238806
2017,7.18@2017-09-13,Gnar,0.32050274941084056,-1.0,0.8134328358208955
2017,7.18@2017-09-13,Gragas,0.6869599371563236,-2.0,0.9701492537313433
2017,7.18@2017-09-13,Graves,0.05773762765121759,0.0,0.5783582089552238
2017,7.18@2017-09-13,Hecarim,0.003142183817753339,0.0,0.22761194029850745
2017,7.18@2017-09-13,Heimerdinger,0.0054988216810683424,0.0,0.31343283582089554
2017,7.18@2017-09-13,Illaoi,0.01021209740769835,0.0,0.3805970149253731
2017,7.18@2017-09-13,Irelia,0.009819324430479183,0.0,0.373134328358209
2017,7.18@2017-09-13,Ivern,0.05773762765121759,1.0,0.5783582089552238
2017,7.18@2017-09-13,Janna,0.12333071484681854,0.0,0.6492537313432836
2017,7.18@2017-09-13,Jarvan IV,0.5604870384917517,-1.0,0.9402985074626866
2017,7.18@2017-09-13,Jax,0.14886095836606442,0.0,0.6567164179104478
2017,7.18@2017-09-13,Jayce,0.3248232521602514,0.0,0.8208955223880597
2017,7.18@2017-09-13,Jhin,0.1657501963864886,0.0,0.6791044776119403
2017,7.18@2017-09-13,Jinx,0.019638648860958365,0.0,0.44776119402985076
2017,7.18@2017-09-13,Kalista,0.6135113904163394,-2.0,0.9552238805970149
2017,7.18@2017-09-13,Karma,0.21445404556166536,0.0,0.7164179104477612
2017,7.18@2017-09-13,Karthus,0.003142183817753339,0.0,0.22761194029850745
2017,7.18@2017-09-13,Kassadin,0.2694422623723488,0.0,0.753731343283582
2017,7.18@2017-09-13,Katarina,0.015318146111547526,0.0,0.417910447761194
2017,7.18@2017-09-13,Kayle,0.002356637863315004,0.0,0.16417910447761194
2017,7.18@2017-09-13,Kayn,0.03377847604084839,0.0,0.5074626865671642
2017,7.18@2017-09-13,Kennen,0.3153967007069914,0.0,0.8059701492537313
2017,7.18@2017-09-13,Kha'Zix,0.2030636292223095,0.0,0.7014925373134329
2017,7.18@2017-09-13,Kindred,0.0015710919088766694,0.0,0.11567164179104478
2017,7.18@2017-09-13,Kled,0.16732128829536527,0.0,0.6865671641791045
2017,7.18@2017-09-13,Kog'Maw,0.27219167321288296,0.0,0.7686567164179104
2017,7.18@2017-09-13,LeBlanc,0.488216810683425,0.0,0.9104477611940298
2017,7.18@2017-09-13,Lee Sin,0.300471327572663,1.0,0.7985074626865671
2017,7.18@2017-09-13,Leona,0.003534956794972506,0.0,0.25
2017,7.18@2017-09-13,Lissandra,0.0027494108405341712,0.0,0.19776119402985073
2017,7.18@2017-09-13,Lucian,0.27336999214454044,-1.0,0.7761194029850746
2017,7.18@2017-09-13,Lulu,0.20581304006284368,0.0,0.7089552238805971
2017,7.18@2017-09-13,Lux,0.003927729772191673,0.0,0.26865671641791045
2017,7.18@2017-09-13,Malphite,0.0027494108405341712,0.0,0.19776119402985073
2017,7.18@2017-09-13,Malzahar,0.034956794972505895,0.0,0.5149253731343284
2017,7.18@2017-09-13,Maokai,0.32953652788688137,0.0,0.8283582089552238
2017,7.18@2017-09-13,Master Yi,0.00039277297721916735,0.0,0.041044776119402986
2017,7.18@2017-09-13,Miss Fortune,0.00432050274941084,0.0,0.2873134328358209
2017,7.18@2017-09-13,Mordekaiser,0.00864100549882168,0.0,0.34328358208955223
2017,7.18@2017-09-13,Morgana,0.09269442262372349,0.0,0.6194029850746269
2017,7.18@2017-09-13,Nami,0.011390416339355853,0.0,0.39925373134328357
2017,7.18@2017-09-13,Nasus,0.002356637863315004,0.0,0.16417910447761194
2017,7.18@2017-09-13,Nautilus,0.009033778476040848,1.0,0.35074626865671643
2017,7.18@2017-09-13,Nidalee,0.0589159465828751,1.0,0.5895522388059702
2017,7.18@2017-09-13,Nocturne,0.0019638648860958365,0.0,0.13432835820895522
2017,7.18@2017-09-13,Nunu & Willump,0.02788688138256088,0.0,0.4925373134328358
2017,7.18@2017-09-13,Olaf,0.07109190887666929,0.0,0.6044776119402985
2017,7.18@2017-09-13,Orianna,0.596229379418696,0.0,0.9477611940298507
2017,7.18@2017-09-13,Ornn,0.0,1.0,0.007462686567164179
2017,7.18@2017-09-13,Pantheon,0.0027494108405341712,0.0,0.19776119402985073
2017,7.18@2017-09-13,Poppy,0.03652788688138256,0.0,0.5223880597014925
2017,7.18@2017-09-13,Quinn,0.0015710919088766694,0.0,0.11567164179104478
2017,7.18@2017-09-13,Rakan,0.4516889238020424,-2.0,0.9029850746268657
2017,7.18@2017-09-13,Rammus,0.0019638648860958365,0.0,0.13432835820895522
2017,7.18@2017-09-13,Rek'Sai,0.3680282796543598,0.0,0.8582089552238806
2017,7.18@2017-09-13,Renekton,0.4340141398271799,0.0,0.8955223880597015
2017,7.18@2017-09-13,Rengar,0.041633935585231735,1.0,0.5373134328358209
2017,7.18@2017-09-13,Riven,0.00432050274941084,0.0,0.2873134328358209
2017,7.18@2017-09-13,Rumble,0.3307148468185389,0.0,0.8432835820895522
2017,7.18@2017-09-13,Ryze,0.003142183817753339,1.0,0.22761194029850745
2017,7.18@2017-09-13,Sejuani,0.2670856245090338,0.0,0.746268656716418
2017,7.18@2017-09-13,Shaco,0.00039277297721916735,0.0,0.041044776119402986
2017,7.18@2017-09-13,Shen,0.3770620581304006,0.0,0.8694029850746269
2017,7.18@2017-09-13,Shyvana,0.00039277297721916735,0.0,0.041044776119402986
2017,7.18@2017-09-13,Singed,0.00039277297721916735,0.0,0.041044776119402986
2017,7.18@2017-09-13,Sion,0.007069913589945012,0.0,0.3283582089552239
2017,7.18@2017-09-13,Sivir,0.05223880597014925,0.0,0.5597014925373134
2017,7.18@2017-09-13,Skarner,0.002356637863315004,0.0,0.16417910447761194
2017,7.18@2017-09-13,Sona,0.003927729772191673,0.0,0.26865671641791045
2017,7.18@2017-09-13,Soraka,0.00589159465828751,0.0,0.3208955223880597
2017,7.18@2017-09-13,Swain,0.007462686567164179,0.0,0.3358208955223881
2017,7.18@2017-09-13,Syndra,0.549096622152396,0.0,0.9328358208955224
2017,7.18@2017-09-13,Tahm Kench,0.26983503534956793,0.0,0.7611940298507462
2017,7.18@2017-09-13,Taliyah,0.530636292223095,0.0,0.917910447761194
2017,7.18@2017-09-13,Talon,0.016496465043205028,0.0,0.4253731343283582
2017,7.18@2017-09-13,Taric,0.06952081696779261,0.0,0.5970149253731343
2017,7.18@2017-09-13,Thresh,0.8256087981146897,0.0,0.9850746268656716
2017,7.18@2017-09-13,Tristana,0.34917517674783977,-1.0,0.8507462686567164
2017,7.18@2017-09-13,Trundle,0.08248232521602514,0.0,0.6119402985074627
2017,7.18@2017-09-13,Twisted Fate,0.022780832678711706,0.0,0.4701492537313433
2017,7.18@2017-09-13,Twitch,0.1516103692065986,0.0,0.664179104477612
2017,7.18@2017-09-13,Urgot,0.003927729772191673,0.0,0.26865671641791045
2017,7.18@2017-09-13,Varus,0.3770620581304006,0.0,0.8694029850746269
2017,7.18@2017-09-13,Vayne,0.010604870384917517,0.0,0.3880597014925373
2017,7.18@2017-09-13,Veigar,0.0007855459544383347,0.0,0.08582089552238806
2017,7.18@2017-09-13,Vel'Koz,0.009426551453260016,0.0,0.3619402985074627
2017,7.18@2017-09-13,Viktor,0.09505106048703849,0.0,0.6268656716417911
2017,7.18@2017-09-13,Vladimir,0.09583660644147683,0.0,0.6343283582089553
2017,7.18@2017-09-13,Volibear,0.00039277297721916735,0.0,0.041044776119402986
2017,7.18@2017-09-13,Warwick,0.025923016496465043,0.0,0.48507462686567165
2017,7.18@2017-09-13,Wukong,0.00039277297721916735,0.0,0.041044776119402986
2017,7.18@2017-09-13,Xayah,0.4065200314218382,0.0,0.8880597014925373
2017,7.18@2017-09-13,Xerath,0.002356637863315004,0.0,0.16417910447761194
2017,7.18@2017-09-13,Xin Zhao,0.0007855459544383347,0.0,0.08582089552238806
2017,7.18@2017-09-13,Yasuo,0.0204241948153967,0.0,0.4552238805970149
2017,7.18@2017-09-13,Yorick,0.003142183817753339,0.0,0.22761194029850745
2017,7.18@2017-09-13,Zac,0.8315003927729773,0.0,0.9925373134328358
2017,7.18@2017-09-13,Zed,0.03731343283582089,0.0,0.5298507462686567
2017,7.18@2017-09-13,Ziggs,0.011390416339355853,0.0,0.39925373134328357
2017,7.18@2017-09-13,Zilean,0.030243519245875882,0.0,0.5
2017,7.18@2017-09-13,Zyra,0.17949725058915947,0.0,0.6940298507462687
2017,7.18@2017-09-15,Aatrox,0.0019857029388403494,0.0,0.12781954887218044
2017,7.18@2017-09-15,Ahri,0.05123113582208102,0.0,0.556390977443609
2017,7.18@2017-09-15,Akali,0.004765687053216839,0.0,0.2932330827067669
2017,7.18@2017-09-15,Alistar,0.24106433677521844,0.0,0.7218045112781954
2017,7.18@2017-09-15,Amumu,0.0003971405877680699,0.0,0.03383458646616541
2017,7.18@2017-09-15,Anivia,0.018268467037331215,0.0,0.43609022556390975
2017,7.18@2017-09-15,Annie,0.0003971405877680699,0.0,0.03383458646616541
2017,7.18@2017-09-15,Ashe,0.25138999205718826,0.0,0.7368421052631579
2017,7.18@2017-09-15,Aurelion Sol,0.044876886417791896,0.0,0.5413533834586466
2017,7.18@2017-09-15,Azir,0.013105639396346307,0.0,0.40601503759398494
2017,7.18@2017-09-15,Bard,0.09809372517871326,0.0,0.6390977443609023
2017,7.18@2017-09-15,Blitzcrank,0.16123907863383638,0.0,0.6691729323308271
2017,7.18@2017-09-15,Brand,0.021842732327243843,0.0,0.45864661654135336
2017,7.18@2017-09-15,Braum,0.5325655281969818,0.0,0.9172932330827067
2017,7.18@2017-09-15,Caitlyn,0.7589356632247816,0.0,0.9774436090225563
2017,7.18@2017-09-15,Camille,0.2482128673550437,0.0,0.7293233082706767
2017,7.18@2017-09-15,Cassiopeia,0.403494837172359,0.0,0.8796992481203008
2017,7.18@2017-09-15,Cho'Gath,0.29388403494837173,0.0,0.7969924812030075
2017,7.18@2017-09-15,Corki,0.335186656076251,0.0,0.8421052631578947
2017,7.18@2017-09-15,Darius,0.0027799841143764893,0.0,0.19548872180451127
2017,7.18@2017-09-15,Diana,0.0011914217633042098,0.0,0.09774436090225563
2017,7.18@2017-09-15,Dr. Mundo,0.005162827640984908,0.0,0.3007518796992481
2017,7.18@2017-09-15,Draven,0.017077045274027005,0.0,0.42857142857142855
2017,7.18@2017-09-15,Ekko,0.050833995234312944,0.0,0.5488721804511278
2017,7.18@2017-09-15,Elise,0.8332009531374106,0.0,1.0
2017,7.18@2017-09-15,Evelynn,0.0023828435266084196,0.0,0.16165413533834586
2017,7.18@2017-09-15,Ezreal,0.003574265289912629,0.0,0.24812030075187969
2017,7.18@2017-09-15,Fiddlesticks,0.0007942811755361397,0.0,0.07894736842105263
2017,7.18@2017-09-15,Fiora,0.28991262907069104,0.0,0.7819548872180451
2017,7.18@2017-09-15,Fizz,0.023431294678316124,0.0,0.47368421052631576
2017,7.18@2017-09-15,Galio,0.67077045274027,0.0,0.9624060150375939
2017,7.18@2017-09-15,Gangplank,0.009134233518665607,0.0,0.3533834586466165
2017,7.18@2017-09-15,Garen,0.0007942811755361397,0.0,0.07894736842105263
2017,7.18@2017-09-15,Gnar,0.32486100079428115,0.0,0.8157894736842105
2017,7.18@2017-09-15,Gragas,0.6866560762509929,0.0,0.9699248120300752
2017,7.18@2017-09-15,Graves,0.05440826052422557,0.0,0.575187969924812
2017,7.18@2017-09-15,Hecarim,0.003177124702144559,0.0,0.22180451127819548
2017,7.18@2017-09-15,Heimerdinger,0.005559968228752979,0.0,0.3082706766917293
2017,7.18@2017-09-15,Illaoi,0.010325655281969817,0.0,0.37593984962406013
2017,7.18@2017-09-15,Irelia,0.009928514694201748,0.0,0.3684210526315789
2017,7.18@2017-09-15,Ivern,0.05440826052422557,0.0,0.575187969924812
2017,7.18@2017-09-15,Janna,0.12629070691024621,0.0,0.6466165413533834
2017,7.18@2017-09-15,Jarvan IV,0.5611596505162828,0.0,0.9398496240601504
2017,7.18@2017-09-15,Jax,0.15091342335186655,0.0,0.6541353383458647
2017,7.18@2017-09-15,Jayce,0.32486100079428115,0.0,0.8157894736842105
2017,7.18@2017-09-15,Jhin,0.1675933280381255,0.0,0.6842105263157895
2017,7.18@2017-09-15,Jinx,0.019857029388403495,0.0,0.44360902255639095
2017,7.18@2017-09-15,Kalista,0.6187450357426529,0.0,0.9548872180451128
2017,7.18@2017-09-15,Karma,0.2096902303415409,0.0,0.7142857142857143
2017,7.18@2017-09-15,Karthus,0.003177124702144559,0.0,0.22180451127819548
2017,7.18@2017-09-15,Kassadin,0.27204130262112786,0.0,0.7631578947368421
2017,7.18@2017-09-15,Katarina,0.015488482922954726,0.0,0.41353383458646614
2017,7.18@2017-09-15,Kayle,0.0023828435266084196,0.0,0.16165413533834586
2017,7.18@2017-09-15,Kayn,0.03415409054805401,0.0,0.5037593984962406
2017,7.18@2017-09-15,Kennen,0.30818109610802225,0.0,0.8045112781954887
2017,7.18@2017-09-15,Kha'Zix,0.2005559968228753,0.0,0.6992481203007519
2017,7.18@2017-09-15,Kindred,0.0015885623510722795,0.0,0.10902255639097744
2017,7.18@2017-09-15,Kled,0.1664019062748213,0.0,0.6766917293233082
2017,7.18@2017-09-15,Kog'Maw,0.2744241461477363,0.0,0.7744360902255639
2017,7.18@2017-09-15,LeBlanc,0.4872915011914218,0.0,0.9097744360902256
2017,7.18@2017-09-15,Lee Sin,0.29348689436060366,0.0,0.7894736842105263
2017,7.18@2017-09-15,Leona,0.003574265289912629,0.0,0.24812030075187969
2017,7.18@2017-09-15,Lissandra,0.0027799841143764893,0.0,0.19548872180451127
2017,7.18@2017-09-15,Lucian,0.27204130262112786,0.0,0.7631578947368421
2017,7.18@2017-09-15,Lulu,0.20611596505162827,0.0,0.706766917293233
2017,7.18@2017-09-15,Lux,0.003971405877680699,0.0,0.2706766917293233
2017,7.18@2017-09-15,Malphite,0.0027799841143764893,0.0,0.19548872180451127
2017,7.18@2017-09-15,Malzahar,0.03534551231135822,0.0,0.5112781954887218
2017,7.18@2017-09-15,Maokai,0.3339952343129468,0.0,0.8345864661654135
2017,7.18@2017-09-15,Master Yi,0.0003971405877680699,0.0,0.03383458646616541
2017,7.18@2017-09-15,Miss Fortune,0.003971405877680699,0.0,0.2706766917293233
2017,7.18@2017-09-15,Mordekaiser,0.008737092930897538,0.0,0.34210526315789475
2017,7.18@2017-09-15,Morgana,0.0937251787132645,0.0,0.6240601503759399
2017,7.18@2017-09-15,Nami,0.011119936457505957,0.0,0.39097744360902253
2017,7.18@2017-09-15,Nasus,0.0023828435266084196,0.0,0.16165413533834586
2017,7.18@2017-09-15,Nautilus,0.008737092930897538,0.0,0.34210526315789475
2017,7.18@2017-09-15,Nidalee,0.05917394757744242,0.0,0.5864661654135338
2017,7.18@2017-09-15,Nocturne,0.0019857029388403494,0.0,0.12781954887218044
2017,7.18@2017-09-15,Nunu & Willump,0.028196981731532962,0.0,0.48872180451127817
2017,7.18@2017-09-15,Olaf,0.07069102462271644,0.0,0.6015037593984962
2017,7.18@2017-09-15,Orianna,0.5949166004765687,0.0,0.9473684210526315
2017,7.18@2017-09-15,Pantheon,0.0023828435266084196,0.0,0.16165413533834586
2017,7.18@2017-09-15,Poppy,0.03653693407466243,0.0,0.518796992481203
2017,7.18@2017-09-15,Quinn,0.0015885623510722795,0.0,0.10902255639097744
2017,7.18@2017-09-15,Rakan,0.45591739475774423,0.0,0.9022556390977443
2017,7.18@2017-09-15,Rammus,0.0019857029388403494,0.0,0.12781954887218044
2017,7.18@2017-09-15,Rek'Sai,0.3721207307386815,0.0,0.8571428571428571
2017,7.18@2017-09-15,Renekton,0.43486894360603656,0.0,0.8947368421052632
2017,7.18@2017-09-15,Rengar,0.04130262112787927,0.0,0.5338345864661654
2017,7.18@2017-09-15,Riven,0.004368546465448769,0.0,0.2857142857142857
2017,7.18@2017-09-15,Rumble,0.33161239078633836,0.0,0.8270676691729323
2017,7.18@2017-09-15,Ryze,0.003177124702144559,0.0,0.22180451127819548
2017,7.18@2017-09-15,Sejuani,0.2708498808578237,0.0,0.7518796992481203
2017,7.18@2017-09-15,Shaco,0.0003971405877680699,0.0,0.03383458646616541
2017,7.18@2017-09-15,Shen,0.3764892772041303,0.0,0.8721804511278195
2017,7.18@2017-09-15,Shyvana,0.0003971405877680699,0.0,0.03383458646616541
2017,7.18@2017-09-15,Singed,0.0003971405877680699,0.0,0.03383458646616541
2017,7.18@2017-09-15,Sion,0.007148530579825258,0.0,0.3233082706766917
2017,7.18@2017-09-15,Sivir,0.05242255758538523,0.0,0.5639097744360902
2017,7.18@2017-09-15,Skarner,0.0023828435266084196,0.0,0.16165413533834586
2017,7.18@2017-09-15,Sona,0.003971405877680699,0.0,0.2706766917293233
2017,7.18@2017-09-15,Soraka,0.005957108816521049,0.0,0.3157894736842105
2017,7.18@2017-09-15,Swain,0.007545671167593328,0.0,0.3308270676691729
2017,7.18@2017-09-15,Syndra,0.5448768864177919,0.0,0.9323308270676691
2017,7.18@2017-09-15,Tahm Kench,0.2688641779189833,0.0,0.7443609022556391
2017,7.18@2017-09-15,Taliyah,0.5333598093725179,0.0,0.924812030075188
2017,7.18@2017-09-15,Talon,0.016679904686258934,0.0,0.42105263157894735
2017,7.18@2017-09-15,Taric,0.07029388403494838,0.0,0.5939849624060151
2017,7.18@2017-09-15,Thresh,0.8256552819698173,0.0,0.9849624060150376
2017,7.18@2017-09-15,Tristana,0.35424940428911833,0.0,0.849624060150376
2017,7.18@2017-09-15,Trundle,0.08339952343129468,0.0,0.6090225563909775
2017,7.18@2017-09-15,Twisted Fate,0.023034154090548053,0.0,0.46616541353383456
2017,7.18@2017-09-15,Twitch,0.15210484511517078,0.0,0.6616541353383458
2017,7.18@2017-09-15,Urgot,0.003574265289912629,0.0,0.24812030075187969
2017,7.18@2017-09-15,Varus,0.3733121525019857,0.0,0.8646616541353384
2017,7.18@2017-09-15,Vayne,0.010722795869737888,0.0,0.38345864661654133
2017,7.18@2017-09-15,Veigar,0.0007942811755361397,0.0,0.07894736842105263
2017,7.18@2017-09-15,Vel'Koz,0.009531374106433678,0.0,0.3609022556390977
2017,7.18@2017-09-15,Viktor,0.09173947577442415,0.0,0.6165413533834586
2017,7.18@2017-09-15,Vladimir,0.09571088165210484,0.0,0.631578947368421
2017,7.18@2017-09-15,Volibear,0.0003971405877680699,0.0,0.03383458646616541
2017,7.18@2017-09-15,Warwick,0.026211278792692614,0.0,0.48120300751879697
2017,7.18@2017-09-15,Wukong,0.0003971405877680699,0.0,0.03383458646616541
2017,7.18@2017-09-15,Xayah,0.4070691024622716,0.0,0.8872180451127819
2017,7.18@2017-09-15,Xerath,0.0023828435266084196,0.0,0.16165413533834586
2017,7.18@2017-09-15,Xin Zhao,0.0007942811755361397,0.0,0.07894736842105263
2017,7.18@2017-09-15,Yasuo,0.021048451151707705,0.0,0.45112781954887216
2017,7.18@2017-09-15,Yorick,0.003177124702144559,0.0,0.22180451127819548
2017,7.18@2017-09-15,Zac,0.8308181096108023,0.0,0.9924812030075187
2017,7.18@2017-09-15,Zed,0.03772835583796664,0.0,0.5263157894736842
2017,7.18@2017-09-15,Ziggs,0.011517077045274026,0.0,0.39849624060150374
2017,7.18@2017-09-15,Zilean,0.030182684670373314,0.0,0.49624060150375937
2017,7.18@2017-09-15,Zyra,0.17513899920571882,0.0,0.6917293233082706
2018,8.16@2018-08-15,Aatrox,0.8118536197295148,-2.0,1.0
2018,8.16@2018-08-15,Ahri,0.012728719172633254,0.0,0.26492537313432835
2018,8.16@2018-08-15,Akali,0.02903739061256961,0.0,0.40671641791044777
2018,8.16@2018-08-15,Alistar,0.4152744630071599,0.0,0.8805970149253731
2018,8.16@2018-08-15,Amumu,0.0003977724741447892,1.0,0.018656716417910446
2018,8.16@2018-08-15,Anivia,0.04295942720763723,0.0,0.48507462686567165
2018,8.16@2018-08-15,Ashe,0.14956245027844073,0.0,0.6940298507462687
2018,8.16@2018-08-15,Aurelion Sol,0.05171042163882259,0.0,0.5074626865671642
2018,8.16@2018-08-15,Azir,0.07000795544948289,0.0,0.5597014925373134
2018,8.16@2018-08-15,Bard,0.007159904534606206,0.0,0.16044776119402984
2018,8.16@2018-08-15,Blitzcrank,0.013126491646778043,0.0,0.27611940298507465
2018,8.16@2018-08-15,Brand,0.031424025457438345,0.0,0.4253731343283582
2018,8.16@2018-08-15,Braum,0.3926014319809069,0.0,0.8507462686567164
2018,8.16@2018-08-15,Caitlyn,0.056483691328560064,0.0,0.5373134328358209
2018,8.16@2018-08-15,Camille,0.6889419252187748,0.0,0.9626865671641791
2018,8.16@2018-08-15,Cassiopeia,0.11455847255369929,0.0,0.6567164179104478
2018,8.16@2018-08-15,Cho'Gath,0.14797136038186157,0.0,0.6865671641791045
2018,8.16@2018-08-15,Corki,0.004375497215592681,0.0,0.12686567164179105
2018,8.16@2018-08-15,Darius,0.31702466189339695,0.0,0.8208955223880597
2018,8.16@2018-08-15,Dr. Mundo,0.479315831344471,0.0,0.9253731343283582
2018,8.16@2018-08-15,Draven,0.05449482895783612,0.0,0.5149253731343284
2018,8.16@2018-08-15,Ekko,0.02426412092283214,0.0,0.3619402985074627
2018,8.16@2018-08-15,Elise,0.00954653937947494,0.0,0.2126865671641791
2018,8.16@2018-08-15,Evelynn,0.007955449482895784,0.0,0.17164179104477612
2018,8.16@2018-08-15,Ezreal,0.43476531424025455,0.0,0.9104477611940298
2018,8.16@2018-08-15,Fiddlesticks,0.16388225934765313,0.0,0.7089552238805971
2018,8.16@2018-08-15,Fiora,0.09506762132060462,0.0,0.6305970149253731
2018,8.16@2018-08-15,Fizz,0.015115354017501989,-2.0,0.2947761194029851
2018,8.16@2018-08-15,Galio,0.24463007159904535,0.0,0.7686567164179104
2018,8.16@2018-08-15,Gangplank,0.2764518695306285,0.0,0.7910447761194029
2018,8.16@2018-08-15,Garen,0.0007955449482895784,0.0,0.029850746268656716
2018,8.16@2018-08-15,Gnar,0.2561654733492442,0.0,0.7835820895522388
2018,8.16@2018-08-15,Gragas,0.2979315831344471,0.0,0.7985074626865671
2018,8.16@2018-08-15,Graves,0.301909307875895,0.0,0.8134328358208955
2018,8.16@2018-08-15,Hecarim,0.0027844073190135244,2.0,0.10074626865671642
2018,8.16@2018-08-15,Heimerdinger,0.09506762132060462,0.0,0.6305970149253731
2018,8.16@2018-08-15,Illaoi,0.008750994431185362,0.0,0.1865671641791045
2018,8.16@2018-08-15,Irelia,0.4025457438345266,0.0,0.8582089552238806
2018,8.16@2018-08-15,Ivern,0.0027844073190135244,0.0,0.10074626865671642
2018,8.16@2018-08-15,Janna,0.02426412092283214,0.0,0.3619402985074627
2018,8.16@2018-08-15,Jarvan IV,0.04097056483691328,0.0,0.4664179104477612
2018,8.16@2018-08-15,Jax,0.08552108194112967,0.0,0.6194029850746269
2018,8.16@2018-08-15,Jayce,0.21360381861575178,0.0,0.746268656716418
2018,8.16@2018-08-15,Jhin,0.1026252983293556,0.0,0.6417910447761194
2018,8.16@2018-08-15,Jinx,0.002386634844868735,0.0,0.08208955223880597
2018,8.16@2018-08-15,Kai'Sa,0.3532219570405728,0.0,0.835820895522388
2018,8.16@2018-08-15,Kalista,0.012728719172633254,0.0,0.26492537313432835
2018,8.16@2018-08-15,Karma,0.1177406523468576,0.0,0.664179104477612
2018,8.16@2018-08-15,Karthus,0.03540175019888624,0.0,0.44776119402985076
2018,8.16@2018-08-15,Kassadin,0.011535401750198886,0.0,0.23880597014925373
2018,8.16@2018-08-15,Katarina,0.0011933174224343676,0.0,0.041044776119402986
2018,8.16@2018-08-15,Kayle,0.0059665871121718375,0.0,0.1455223880597015
2018,8.16@2018-08-15,Kayn,0.005568814638027049,0.0,0.13432835820895522
2018,8.16@2018-08-15,Kennen,0.20405727923627684,0.0,0.7388059701492538
2018,8.16@2018-08-15,Kha'Zix,0.029832935560859187,0.0,0.417910447761194
2018,8.16@2018-08-15,Kindred,0.4303898170246619,0.0,0.9029850746268657
2018,8.16@2018-08-15,Kled,0.12132060461416071,0.0,0.6791044776119403
2018,8.16@2018-08-15,Kog'Maw,0.04097056483691328,0.0,0.4664179104477612
2018,8.16@2018-08-15,LeBlanc,0.18496420047732698,0.0,0.7238805970149254
2018,8.16@2018-08-15,Lee Sin,0.03579952267303103,0.0,0.4552238805970149
2018,8.16@2018-08-15,Leona,0.026252983293556086,2.0,0.3880597014925373
2018,8.16@2018-08-15,Lissandra,0.0477326968973747,0.0,0.5
2018,8.16@2018-08-15,Lucian,0.41010342084327767,0.0,0.8731343283582089
2018,8.16@2018-08-15,Lulu,0.2159904534606205,0.0,0.753731343283582
2018,8.16@2018-08-15,Lux,0.002386634844868735,0.0,0.08208955223880597
2018,8.16@2018-08-15,Malphite,0.02545743834526651,0.0,0.373134328358209
2018,8.16@2018-08-15,Malzahar,0.05568814638027048,0.0,0.5298507462686567
2018,8.16@2018-08-15,Maokai,0.00954653937947494,0.0,0.2126865671641791
2018,8.16@2018-08-15,Master Yi,0.04375497215592681,0.0,0.4925373134328358
2018,8.16@2018-08-15,Miss Fortune,0.012330946698488464,0.0,0.2537313432835821
2018,8.16@2018-08-15,Mordekaiser,0.0807478122513922,0.0,0.5895522388059702
2018,8.16@2018-08-15,Morgana,0.6953062848050915,0.0,0.9701492537313433
2018,8.16@2018-08-15,Nami,0.015115354017501989,0.0,0.2947761194029851
2018,8.16@2018-08-15,Nasus,0.0011933174224343676,0.0,0.041044776119402986
2018,8.16@2018-08-15,Nautilus,0.013524264120922832,2.0,0.2835820895522388
2018,8.16@2018-08-15,Nidalee,0.06762132060461416,0.0,0.5522388059701493
2018,8.16@2018-08-15,Nocturne,0.6519490851233095,0.0,0.9552238805970149
2018,8.16@2018-08-15,Nunu & Willump,0.017104216388225936,0.0,0.3358208955223881
2018,8.16@2018-08-15,Olaf,0.07677008750994431,0.0,0.5746268656716418
2018,8.16@2018-08-15,Orianna,0.25258552108194116,-1.0,0.7761194029850746
2018,8.16@2018-08-15,Ornn,0.381066030230708,0.0,0.8432835820895522
2018,8.16@2018-08-15,Pantheon,0.0031821797931583136,0.0,0.11194029850746269
2018,8.16@2018-08-15,Poppy,0.07557677008750995,0.0,0.5671641791044776
2018,8.16@2018-08-15,Pyke,0.20326173428798727,0.0,0.7313432835820896
2018,8.16@2018-08-15,Quinn,0.009148766905330152,-1.0,0.19402985074626866
2018,8.16@2018-08-15,Rakan,0.7052505966587113,-2.0,0.9776119402985075
2018,8.16@2018-08-15,Rammus,0.0,2.0,0.007462686567164179
2018,8.16@2018-08-15,Rek'Sai,0.01909307875894988,0.0,0.34328358208955223
2018,8.16@2018-08-15,Renekton,0.056881463802704854,0.0,0.5447761194029851
2018,8.16@2018-08-15,Rengar,0.016706443914081145,0.0,0.3246268656716418
2018,8.16@2018-08-15,Riven,0.016308671439936355,0.0,0.31343283582089554
2018,8.16@2018-08-15,Rumble,0.08512330946698489,0.0,0.6119402985074627
2018,8.16@2018-08-15,Ryze,0.40771678599840894,0.0,0.8656716417910447
2018,8.16@2018-08-15,Sejuani,0.29832935560859186,0.0,0.8059701492537313
2018,8.16@2018-08-15,Shen,0.4594272076372315,0.0,0.917910447761194
2018,8.16@2018-08-15,Shyvana,0.0015910898965791568,0.0,0.05970149253731343
2018,8.16@2018-08-15,Singed,0.10660302307080351,0.0,0.6492537313432836
2018,8.16@2018-08-15,Sion,0.023070803500397773,2.0,0.35074626865671643
2018,8.16@2018-08-15,Sivir,0.015910898965791568,0.0,0.30597014925373134
2018,8.16@2018-08-15,Skarner,0.14996022275258553,0.0,0.7014925373134329
2018,8.16@2018-08-15,Sona,0.0003977724741447892,0.0,0.018656716417910446
2018,8.16@2018-08-15,Soraka,0.08233890214797136,0.0,0.6044776119402985
2018,8.16@2018-08-15,Swain,0.5839299920445505,0.0,0.9477611940298507
2018,8.16@2018-08-15,Syndra,0.07875894988066826,0.0,0.582089552238806
2018,8.16@2018-08-15,Tahm Kench,0.5330151153540175,0.0,0.9402985074626866
2018,8.16@2018-08-15,Taliyah,0.8098647573587908,-2.0,0.9925373134328358
2018,8.16@2018-08-15,Talon,0.11972951471758154,0.0,0.6716417910447762
2018,8.16@2018-08-15,Taric,0.08194112967382657,0.0,0.5970149253731343
2018,8.16@2018-08-15,Teemo,0.0015910898965791568,0.0,0.05970149253731343
2018,8.16@2018-08-15,Thresh,0.041766109785202864,0.0,0.47761194029850745
2018,8.16@2018-08-15,Tristana,0.035003977724741446,0.0,0.44029850746268656
2018,8.16@2018-08-15,Trundle,0.5326173428798727,-2.0,0.9328358208955224
2018,8.16@2018-08-15,Tryndamere,0.0015910898965791568,-2.0,0.05970149253731343
2018,8.16@2018-08-15,Twisted Fate,0.010739856801909307,0.0,0.23134328358208955
2018,8.16@2018-08-15,Udyr,0.002386634844868735,0.0,0.08208955223880597
2018,8.16@2018-08-15,Urgot,0.025855210819411296,0.0,0.3805970149253731
2018,8.16@2018-08-15,Varus,0.34844868735083534,0.0,0.8283582089552238
2018,8.16@2018-08-15,Vayne,0.00954653937947494,0.0,0.2126865671641791
2018,8.16@2018-08-15,Veigar,0.007159904534606206,0.0,0.16044776119402984
2018,8.16@2018-08-15,Vel'Koz,0.05489260143198091,0.0,0.5223880597014925
2018,8.16@2018-08-15,Viktor,0.016706443914081145,0.0,0.3246268656716418
2018,8.16@2018-08-15,Vladimir,0.4200477326968974,0.0,0.8880597014925373
2018,8.16@2018-08-15,Wukong,0.0059665871121718375,-2.0,0.1455223880597015
2018,8.16@2018-08-15,Xayah,0.23627684964200477,0.0,0.7611940298507462
2018,8.16@2018-08-15,Xerath,0.00954653937947494,0.0,0.2126865671641791
2018,8.16@2018-08-15,Xin Zhao,0.18178202068416865,0.0,0.7164179104477612
2018,8.16@2018-08-15,Yasuo,0.42521877486077964,0.0,0.8955223880597015
2018,8.16@2018-08-15,Yorick,0.003977724741447892,0.0,0.11940298507462686
2018,8.16@2018-08-15,Zac,0.02903739061256961,0.0,0.40671641791044777
2018,8.16@2018-08-15,Zed,0.011933174224343675,0.0,0.2462686567164179
2018,8.16@2018-08-15,Ziggs,0.03381066030230708,0.0,0.43283582089552236
2018,8.16@2018-08-15,Zilean,0.026650755767700877,0.0,0.39552238805970147
2018,8.16@2018-08-15,Zoe,0.7800318217979316,-2.0,0.9850746268656716
2018,8.16@2018-08-15,Zyra,0.008353221957040573,0.0,0.1791044776119403
2018,8.17@2018-08-29,Aatrox,0.844367417677643,0.0,1.0
2018,8.17@2018-08-29,Ahri,0.01559792027729636,0.0,0.32116788321167883
2018,8.17@2018-08-29,Akali,0.1341421143847487,0.0,0.6934306569343066
2018,8.17@2018-08-29,Alistar,0.4388214904679376,0.0,0.8978102189781022
2018,8.17@2018-08-29,Amumu,0.0003466204506065858,0.0,0.025547445255474453
2018,8.17@2018-08-29,Anivia,0.038821490467937605,0.0,0.46715328467153283
2018,8.17@2018-08-29,Annie,0.0,1.0,0.0072992700729927005
2018,8.17@2018-08-29,Ashe,0.16776429809358753,0.0,0.708029197080292
2018,8.17@2018-08-29,Aurelion Sol,0.05268630849220104,0.0,0.5182481751824818
2018,8.17@2018-08-29,Azir,0.08457538994800694,0.0,0.5912408759124088
2018,8.17@2018-08-29,Bard,0.00658578856152513,1.0,0.18248175182481752
2018,8.17@2018-08-29,Blitzcrank,0.012131715771230503,0.0,0.24087591240875914
2018,8.17@2018-08-29,Brand,0.02980935875216638,0.0,0.4233576642335766
2018,8.17@2018-08-29,Braum,0.42287694974003465,0.0,0.8905109489051095
2018,8.17@2018-08-29,Caitlyn,0.0415944540727903,0.0,0.48175182481751827
2018,8.17@2018-08-29,Camille,0.6814558058925476,0.0,0.9708029197080292
2018,8.17@2018-08-29,Cassiopeia,0.11057192374350086,0.0,0.656934306569343
2018,8.17@2018-08-29,Cho'Gath,0.1809358752166378,0.0,0.7226277372262774
2018,8.17@2018-08-29,Corki,0.0058925476603119585,0.0,0.1678832116788321
2018,8.17@2018-08-29,Darius,0.292894280762565,0.0,0.8102189781021898
2018,8.17@2018-08-29,Diana,0.0003466204506065858,0.0,0.025547445255474453
2018,8.17@2018-08-29,Dr. Mundo,0.4450606585788561,0.0,0.9124087591240876
2018,8.17@2018-08-29,Draven,0.05719237435008666,0.0,0.5474452554744526
2018,8.17@2018-08-29,Ekko,0.02634315424610052,0.0,0.40145985401459855
2018,8.17@2018-08-29,Elise,0.009358752166377816,0.0,0.2116788321167883
2018,8.17@2018-08-29,Evelynn,0.010398613518197574,0.0,0.22262773722627738
2018,8.17@2018-08-29,Ezreal,0.41490467937608316,0.0,0.8759124087591241
2018,8.17@2018-08-29,Fiddlesticks,0.14454072790294628,0.0,0.7007299270072993
2018,8.17@2018-08-29,Fiora,0.09601386481802426,1.0,0.635036496350365
2018,8.17@2018-08-29,Fizz,0.02079722703639515,0.0,0.36496350364963503
2018,8.17@2018-08-29,Galio,0.24783362218370883,0.0,0.7737226277372263
2018,8.17@2018-08-29,Gangplank,0.2662045060658579,0.0,0.7883211678832117
2018,8.17@2018-08-29,Garen,0.0006932409012131716,-1.0,0.04744525547445255
2018,8.17@2018-08-29,Gnar,0.28318890814558056,0.0,0.8029197080291971
2018,8.17@2018-08-29,Gragas,0.355632582322357,0.0,0.8321167883211679
2018,8.17@2018-08-29,Graves,0.27972270363951474,0.0,0.7956204379562044
2018,8.17@2018-08-29,Hecarim,0.0038128249566724438,0.0,0.13138686131386862
2018,8.17@2018-08-29,Heimerdinger,0.08526863084922011,0.0,0.5985401459854015
2018,8.17@2018-08-29,Illaoi,0.006932409012131715,0.0,0.1897810218978102
2018,8.17@2018-08-29,Irelia,0.375736568457539,1.0,0.8613138686131386
2018,8.17@2018-08-29,Ivern,0.0027729636048526864,0.0,0.11678832116788321
2018,8.17@2018-08-29,Janna,0.022530329289428077,0.0,0.3722627737226277
2018,8.17@2018-08-29,Jarvan IV,0.05580589254766031,0.0,0.5401459854014599
2018,8.17@2018-08-29,Jax,0.08873483535528597,0.0,0.6058394160583942
2018,8.17@2018-08-29,Jayce,0.23535528596187175,0.0,0.7664233576642335
2018,8.17@2018-08-29,Jhin,0.11403812824956673,0.0,0.6715328467153284
2018,8.17@2018-08-29,Jinx,0.0017331022530329288,0.0,0.08759124087591241
2018,8.17@2018-08-29,Kai'Sa,0.3670710571923744,0.0,0.8467153284671532
2018,8.17@2018-08-29,Kalista,0.01386481802426343,0.0,0.28832116788321166
2018,8.17@2018-08-29,Karma,0.08006932409012131,0.0,0.583941605839416
2018,8.17@2018-08-29,Karthus,0.030849220103986136,0.0,0.4343065693430657
2018,8.17@2018-08-29,Kassadin,0.013518197573656845,1.0,0.2737226277372263
2018,8.17@2018-08-29,Katarina,0.0013864818024263432,0.0,0.06569343065693431
2018,8.17@2018-08-29,Kayle,0.005199306759098787,0.0,0.15328467153284672
2018,8.17@2018-08-29,Kayn,0.004852686308492201,2.0,0.145985401459854
2018,8.17@2018-08-29,Kennen,0.2072790294627383,0.0,0.7445255474452555
2018,8.17@2018-08-29,Kha'Zix,0.01559792027729636,0.0,0.32116788321167883
2018,8.17@2018-08-29,Kindred,0.4436741767764298,0.0,0.9051094890510949
2018,8.17@2018-08-29,Kled,0.11819757365684576,0.0,0.6788321167883211
2018,8.17@2018-08-29,Kog'Maw,0.03292894280762565,0.0,0.45255474452554745
2018,8.17@2018-08-29,LeBlanc,0.22807625649913346,0.0,0.7591240875912408
2018,8.17@2018-08-29,Lee Sin,0.04020797227036395,0.0,0.4744525547445255
2018,8.17@2018-08-29,Leona,0.026689774696707105,0.0,0.4124087591240876
2018,8.17@2018-08-29,Lissandra,0.048180242634315425,0.0,0.5036496350364964
2018,8.17@2018-08-29,Lucian,0.37192374350086654,0.0,0.8540145985401459
2018,8.17@2018-08-29,Lulu,0.19445407279029464,0.0,0.7299270072992701
2018,8.17@2018-08-29,Lux,0.0020797227036395147,0.0,0.10583941605839416
2018,8.17@2018-08-29,Malphite,0.025996533795493933,0.0,0.3905109489051095
2018,8.17@2018-08-29,Malzahar,0.05233968804159445,0.0,0.5109489051094891
2018,8.17@2018-08-29,Maokai,0.010398613518197574,0.0,0.22262773722627738
2018,8.17@2018-08-29,Master Yi,0.038128249566724434,2.0,0.45985401459854014
2018,8.17@2018-08-29,Miss Fortune,0.026689774696707105,0.0,0.4124087591240876
2018,8.17@2018-08-29,Mordekaiser,0.07036395147313691,0.0,0.5583941605839416
2018,8.17@2018-08-29,Morgana,0.6547660311958405,0.0,0.9635036496350365
2018,8.17@2018-08-29,Nami,0.012478336221837088,0.0,0.2518248175182482
2018,8.17@2018-08-29,Nasus,0.0017331022530329288,0.0,0.08759124087591241
2018,8.17@2018-08-29,Nautilus,0.012478336221837088,0.0,0.2518248175182482
2018,8.17@2018-08-29,Nidalee,0.07417677642980935,0.0,0.5766423357664233
2018,8.17@2018-08-29,Nocturne,0.6235701906412479,0.0,0.9562043795620438
2018,8.17@2018-08-29,Nunu & Willump,0.01490467937608319,0.0,0.3029197080291971
2018,8.17@2018-08-29,Olaf,0.10675909878682842,0.0,0.6496350364963503
2018,8.17@2018-08-29,Orianna,0.2623916811091854,0.0,0.781021897810219
2018,8.17@2018-08-29,Ornn,0.351473136915078,0.0,0.8248175182481752
2018,8.17@2018-08-29,Pantheon,0.003119584055459272,0.0,0.12408759124087591
2018,8.17@2018-08-29,Poppy,0.09462738301559792,0.0,0.6240875912408759
2018,8.17@2018-08-29,Pyke,0.20207972270363952,0.0,0.7372262773722628
2018,8.17@2018-08-29,Quinn,0.015944540727902946,0.0,0.3357664233576642
2018,8.17@2018-08-29,Rakan,0.6939341421143848,0.0,0.9781021897810219
2018,8.17@2018-08-29,Rek'Sai,0.01733102253032929,0.0,0.35036496350364965
2018,8.17@2018-08-29,Renekton,0.053726169844020795,0.0,0.5255474452554745
2018,8.17@2018-08-29,Rengar,0.016291161178509532,1.0,0.34306569343065696
2018,8.17@2018-08-29,Riven,0.01490467937608319,0.0,0.3029197080291971
2018,8.17@2018-08-29,Rumble,0.09462738301559792,0.0,0.6240875912408759
2018,8.17@2018-08-29,Ryze,0.4582322357019064,0.0,0.927007299270073
2018,8.17@2018-08-29,Sejuani,0.3005199306759099,0.0,0.8175182481751825
2018,8.17@2018-08-29,Shen,0.4467937608318891,0.0,0.9197080291970803
2018,8.17@2018-08-29,Shyvana,0.0013864818024263432,0.0,0.06569343065693431
2018,8.17@2018-08-29,Singed,0.09393414211438475,0.0,0.6131386861313869
2018,8.17@2018-08-29,Sion,0.01386481802426343,0.0,0.28832116788321166
2018,8.17@2018-08-29,Sivir,0.01559792027729636,0.0,0.32116788321167883
2018,8.17@2018-08-29,Skarner,0.12616984402079723,0.0,0.6861313868613139
2018,8.17@2018-08-29,Sona,0.0006932409012131716,0.0,0.04744525547445255
2018,8.17@2018-08-29,Soraka,0.07175043327556326,0.0,0.5693430656934306
2018,8.17@2018-08-29,Swain,0.5365684575389948,0.0,0.9416058394160584
2018,8.17@2018-08-29,Syndra,0.10259965337954939,0.0,0.6423357664233577
2018,8.17@2018-08-29,Tahm Kench,0.5521663778162912,0.0,0.948905109489051
2018,8.17@2018-08-29,Taliyah,0.7774696707105719,0.0,0.9927007299270073
2018,8.17@2018-08-29,Talon,0.11334488734835356,0.0,0.6642335766423357
2018,8.17@2018-08-29,Taric,0.07036395147313691,0.0,0.5583941605839416
2018,8.17@2018-08-29,Teemo,0.0017331022530329288,0.0,0.08759124087591241
2018,8.17@2018-08-29,Thresh,0.04298093587521664,0.0,0.48905109489051096
2018,8.17@2018-08-29,Tristana,0.04540727902946274,0.0,0.49635036496350365
2018,8.17@2018-08-29,Trundle,0.5362218370883882,0.0,0.9343065693430657
2018,8.17@2018-08-29,Tryndamere,0.0013864818024263432,0.0,0.06569343065693431
2018,8.17@2018-08-29,Twisted Fate,0.013518197573656845,0.0,0.2737226277372263
2018,8.17@2018-08-29,Twitch,0.0003466204506065858,0.0,0.025547445255474453
2018,8.17@2018-08-29,Udyr,0.0020797227036395147,0.0,0.10583941605839416
2018,8.17@2018-08-29,Urgot,0.02461005199306759,0.0,0.3795620437956204
2018,8.17@2018-08-29,Varus,0.42010398613518196,-1.0,0.8832116788321168
2018,8.17@2018-08-29,Vayne,0.011438474870017331,0.0,0.23357664233576642
2018,8.17@2018-08-29,Veigar,0.006239168110918544,0.0,0.17518248175182483
2018,8.17@2018-08-29,Vel'Koz,0.05545927209705372,0.0,0.5328467153284672
2018,8.17@2018-08-29,Viktor,0.020103986135181974,0.0,0.35766423357664234
2018,8.17@2018-08-29,Vladimir,0.3653379549393414,0.0,0.8394160583941606
2018,8.17@2018-08-29,Warwick,0.0003466204506065858,0.0,0.025547445255474453
2018,8.17@2018-08-29,Wukong,0.005545927209705373,1.0,0.16058394160583941
2018,8.17@2018-08-29,Xayah,0.22495667244367418,0.0,0.7518248175182481
2018,8.17@2018-08-29,Xerath,0.008665511265164644,0.0,0.20437956204379562
2018,8.17@2018-08-29,Xin Zhao,0.16880415944540728,0.0,0.7153284671532847
2018,8.17@2018-08-29,Yasuo,0.41317157712305025,0.0,0.8686131386861314
2018,8.17@2018-08-29,Yorick,0.004506065857885615,-2.0,0.1386861313868613
2018,8.17@2018-08-29,Zac,0.025996533795493933,0.0,0.3905109489051095
2018,8.17@2018-08-29,Zed,0.01317157712305026,0.0,0.26277372262773724
2018,8.17@2018-08-29,Ziggs,0.032582322357019064,0.0,0.44525547445255476
2018,8.17@2018-08-29,Zilean,0.030849220103986136,0.0,0.4343065693430657
2018,8.17@2018-08-29,Zoe,0.7473136915077989,0.0,0.9854014598540146
2018,8.17@2018-08-29,Zyra,0.007279029462738302,0.0,0.19708029197080293
2018,8.18@2018-09-12,Aatrox,0.8420542635658915,2.0,1.0
2018,8.18@2018-09-12,Ahri,0.01582687338501292,0.0,0.30514705882352944
2018,8.18@2018-09-12,Akali,0.1996124031007752,-2.0,0.7352941176470589
2018,8.18@2018-09-12,Alistar,0.4615633074935401,0.0,0.9191176470588235
2018,8.18@2018-09-12,Amumu,0.00032299741602067185,0.0,0.014705882352941176
2018,8.18@2018-09-12,Anivia,0.03811369509043928,0.0,0.45588235294117646
2018,8.18@2018-09-12,Ashe,0.1686046511627907,0.0,0.7058823529411765
2018,8.18@2018-09-12,Aurelion Sol,0.05232558139534884,0.0,0.5036764705882353
2018,8.18@2018-09-12,Azir,0.08624031007751938,0.0,0.6066176470588235
2018,8.18@2018-09-12,Bard,0.006459948320413436,0.0,0.17647058823529413
2018,8.18@2018-09-12,Blitzcrank,0.011304909560723515,0.0,0.22794117647058823
2018,8.18@2018-09-12,Brand,0.027777777777777776,0.0,0.3897058823529412
2018,8.18@2018-09-12,Braum,0.4347545219638243,-1.0,0.8897058823529411
2018,8.18@2018-09-12,Caitlyn,0.03682170542635659,0.0,0.4485294117647059
2018,8.18@2018-09-12,Camille,0.6737726098191215,0.0,0.9705882352941176
2018,8.18@2018-09-12,Cassiopeia,0.11143410852713179,0.0,0.6470588235294118
2018,8.18@2018-09-12,Cho'Gath,0.19638242894056848,0.0,0.7279411764705882
2018,8.18@2018-09-12,Corki,0.009366925064599484,0.0,0.20955882352941177
2018,8.18@2018-09-12,Darius,0.2787467700258398,0.0,0.8014705882352942
2018,8.18@2018-09-12,Diana,0.00032299741602067185,0.0,0.014705882352941176
2018,8.18@2018-09-12,Dr. Mundo,0.419250645994832,0.0,0.8823529411764706
2018,8.18@2018-09-12,Draven,0.060077519379844964,0.0,0.5294117647058824
2018,8.18@2018-09-12,Ekko,0.02454780361757106,0.0,0.3786764705882353
2018,8.18@2018-09-12,Elise,0.00872093023255814,0.0,0.19852941176470587
2018,8.18@2018-09-12,Evelynn,0.012596899224806201,0.0,0.23529411764705882
2018,8.18@2018-09-12,Ezreal,0.39276485788113696,0.0,0.8676470588235294
2018,8.18@2018-09-12,Fiddlesticks,0.13598191214470284,0.0,0.6838235294117647
2018,8.18@2018-09-12,Fiora,0.09302325581395349,0.0,0.6176470588235294
2018,8.18@2018-09-12,Fizz,0.01970284237726098,0.0,0.34558823529411764
2018,8.18@2018-09-12,Galio,0.2603359173126615,0.0,0.7794117647058824
2018,8.18@2018-09-12,Gangplank,0.270671834625323,0.0,0.7941176470588235
2018,8.18@2018-09-12,Garen,0.0006459948320413437,0.0,0.03308823529411765
2018,8.18@2018-09-12,Gnar,0.2852067183462532,0.0,0.8088235294117647
2018,8.18@2018-09-12,Gragas,0.39082687338501293,0.0,0.8602941176470589
2018,8.18@2018-09-12,Graves,0.2532299741602067,0.0,0.7647058823529411
2018,8.18@2018-09-12,Hecarim,0.00516795865633075,0.0,0.15808823529411764
2018,8.18@2018-09-12,Heimerdinger,0.08010335917312661,0.0,0.5882352941176471
2018,8.18@2018-09-12,Illaoi,0.004521963824289405,0.0,0.13970588235294118
2018,8.18@2018-09-12,Irelia,0.3678940568475452,0.0,0.8455882352941176
2018,8.18@2018-09-12,Ivern,0.001937984496124031,0.0,0.09558823529411764
2018,8.18@2018-09-12,Janna,0.02099483204134367,0.0,0.35294117647058826
2018,8.18@2018-09-12,Jarvan IV,0.06330749354005168,0.0,0.5441176470588235
2018,8.18@2018-09-12,Jax,0.08624031007751938,0.0,0.6066176470588235
2018,8.18@2018-09-12,Jayce,0.24386304909560724,0.0,0.7573529411764706
2018,8.18@2018-09-12,Jhin,0.11595607235142119,0.0,0.6617647058823529
2018,8.18@2018-09-12,Jinx,0.0022609819121447027,0.0,0.11029411764705882
2018,8.18@2018-09-12,Kai'Sa,0.38598191214470284,-1.0,0.8529411764705882
2018,8.18@2018-09-12,Kalista,0.01744186046511628,0.0,0.33088235294117646
2018,8.18@2018-09-12,Karma,0.061692506459948324,0.0,0.5367647058823529
2018,8.18@2018-09-12,Karthus,0.028746770025839793,0.0,0.4117647058823529
2018,8.18@2018-09-12,Kassadin,0.013565891472868217,0.0,0.2647058823529412
2018,8.18@2018-09-12,Katarina,0.0012919896640826874,0.0,0.058823529411764705
2018,8.18@2018-09-12,Kayle,0.0048449612403100775,0.0,0.14705882352941177
2018,8.18@2018-09-12,Kayn,0.003875968992248062,0.0,0.11764705882352941
2018,8.18@2018-09-12,Kennen,0.20025839793281655,0.0,0.7426470588235294
2018,8.18@2018-09-12,Kha'Zix,0.007428940568475452,0.0,0.1875
2018,8.18@2018-09-12,Kindred,0.45542635658914726,0.0,0.9117647058823529
2018,8.18@2018-09-12,Kled,0.11627906976744186,0.0,0.6691176470588235
2018,8.18@2018-09-12,Kog'Maw,0.023578811369509043,0.0,0.36764705882352944
2018,8.18@2018-09-12,LeBlanc,0.2567829457364341,0.0,0.7720588235294118
2018,8.18@2018-09-12,Lee Sin,0.044573643410852716,0.0,0.47058823529411764
2018,8.18@2018-09-12,Leona,0.02810077519379845,0.0,0.4007352941176471
2018,8.18@2018-09-12,Lissandra,0.04844961240310078,0.0,0.47794117647058826
2018,8.18@2018-09-12,Lucian,0.3520671834625323,1.0,0.8382352941176471
2018,8.18@2018-09-12,Lulu,0.18184754521963825,0.0,0.7132352941176471
2018,8.18@2018-09-12,Lux,0.001937984496124031,0.0,0.09558823529411764
2018,8.18@2018-09-12,Malphite,0.02454780361757106,0.0,0.3786764705882353
2018,8.18@2018-09-12,Malzahar,0.05652454780361757,0.0,0.5147058823529411
2018,8.18@2018-09-12,Maokai,0.015503875968992248,0.0,0.29411764705882354
2018,8.18@2018-09-12,Master Yi,0.0355297157622739,0.0,0.4411764705882353
2018,8.18@2018-09-12,Miss Fortune,0.030038759689922482,0.0,0.41911764705882354
2018,8.18@2018-09-12,Mordekaiser,0.06556847545219638,0.0,0.5625
2018,8.18@2018-09-12,Morgana,0.6204780361757106,0.0,0.9632352941176471
2018,8.18@2018-09-12,Nami,0.01065891472868217,0.0,0.22058823529411764
2018,8.18@2018-09-12,Nasus,0.001614987080103359,0.0,0.07720588235294118
2018,8.18@2018-09-12,Nautilus,0.013565891472868217,0.0,0.2647058823529412
2018,8.18@2018-09-12,Nidalee,0.07622739018087855,0.0,0.5808823529411765
2018,8.18@2018-09-12,Nocturne,0.602390180878553,0.0,0.9558823529411765
2018,8.18@2018-09-12,Nunu & Willump,0.013888888888888888,0.0,0.27941176470588236
2018,8.18@2018-09-12,Olaf,0.1479328165374677,0.0,0.6911764705882353
2018,8.18@2018-09-12,Orianna,0.26518087855297157,0.0,0.7867647058823529
2018,8.18@2018-09-12,Ornn,0.3498062015503876,0.0,0.8308823529411765
2018,8.18@2018-09-12,Pantheon,0.004198966408268734,0.0,0.12867647058823528
2018,8.18@2018-09-12,Poppy,0.1088501291989664,0.0,0.6323529411764706
2018,8.18@2018-09-12,Pyke,0.1928294573643411,0.0,0.7205882352941176
2018,8.18@2018-09-12,Quinn,0.018410852713178296,0.0,0.3382352941176471
2018,8.18@2018-09-12,Rakan,0.6831395348837209,0.0,0.9779411764705882
2018,8.18@2018-09-12,Rek'Sai,0.01614987080103359,0.0,0.31985294117647056
2018,8.18@2018-09-12,Renekton,0.05167958656330749,2.0,0.49264705882352944
2018,8.18@2018-09-12,Rengar,0.01582687338501292,0.0,0.30514705882352944
2018,8.18@2018-09-12,Riven,0.013242894056847546,0.0,0.25
2018,8.18@2018-09-12,Rumble,0.09883720930232558,0.0,0.625
2018,8.18@2018-09-12,Ryze,0.49224806201550386,-2.0,0.9264705882352942
2018,8.18@2018-09-12,Sejuani,0.3087855297157623,-2.0,0.8161764705882353
2018,8.18@2018-09-12,Shen,0.4418604651162791,0.0,0.8970588235294118
2018,8.18@2018-09-12,Shyvana,0.0012919896640826874,0.0,0.058823529411764705
2018,8.18@2018-09-12,Singed,0.08171834625322998,0.0,0.5955882352941176
2018,8.18@2018-09-12,Sion,0.02810077519379845,0.0,0.4007352941176471
2018,8.18@2018-09-12,Sivir,0.015180878552971577,0.0,0.2867647058823529
2018,8.18@2018-09-12,Skarner,0.12338501291989665,0.0,0.6764705882352942
2018,8.18@2018-09-12,Sona,0.0006459948320413437,0.0,0.03308823529411765
2018,8.18@2018-09-12,Soraka,0.06556847545219638,0.0,0.5625
2018,8.18@2018-09-12,Swain,0.5135658914728682,0.0,0.9338235294117647
2018,8.18@2018-09-12,Syndra,0.11531007751937984,0.0,0.6544117647058824
2018,8.18@2018-09-12,Tahm Kench,0.5552325581395349,0.0,0.9485294117647058
2018,8.18@2018-09-12,Taliyah,0.7367571059431525,0.0,0.9926470588235294
2018,8.18@2018-09-12,Talon,0.11046511627906977,0.0,0.6397058823529411
2018,8.18@2018-09-12,Taric,0.06524547803617571,0.0,0.5514705882352942
2018,8.18@2018-09-12,Teemo,0.001614987080103359,0.0,0.07720588235294118
2018,8.18@2018-09-12,Thresh,0.04909560723514212,0.0,0.4852941176470588
2018,8.18@2018-09-12,Tristana,0.07041343669250646,0.0,0.5735294117647058
2018,8.18@2018-09-12,Trundle,0.5251937984496124,-2.0,0.9411764705882353
2018,8.18@2018-09-12,Tryndamere,0.0012919896640826874,0.0,0.058823529411764705
2018,8.18@2018-09-12,Twisted Fate,0.01614987080103359,0.0,0.31985294117647056
2018,8.18@2018-09-12,Twitch,0.0009689922480620155,0.0,0.04411764705882353
2018,8.18@2018-09-12,Udyr,0.001937984496124031,0.0,0.09558823529411764
2018,8.18@2018-09-12,Urgot,0.05232558139534884,0.0,0.5036764705882353
2018,8.18@2018-09-12,Varus,0.44799741602067183,0.0,0.9044117647058824
2018,8.18@2018-09-12,Vayne,0.012919896640826873,2.0,0.2426470588235294
2018,8.18@2018-09-12,Veigar,0.005490956072351421,0.0,0.16911764705882354
2018,8.18@2018-09-12,Vel'Koz,0.058462532299741604,0.0,0.5220588235294118
2018,8.18@2018-09-12,Viktor,0.021640826873385012,1.0,0.3602941176470588
2018,8.18@2018-09-12,Vladimir,0.33882428940568476,0.0,0.8235294117647058
2018,8.18@2018-09-12,Warwick,0.00032299741602067185,0.0,0.014705882352941176
2018,8.18@2018-09-12,Wukong,0.00516795865633075,0.0,0.15808823529411764
2018,8.18@2018-09-12,Xayah,0.2328811369509044,0.0,0.75
2018,8.18@2018-09-12,Xerath,0.009366925064599484,0.0,0.20955882352941177
2018,8.18@2018-09-12,Xin Zhao,0.15310077519379844,0.0,0.6985294117647058
2018,8.18@2018-09-12,Yasuo,0.4043927648578811,0.0,0.875
2018,8.18@2018-09-12,Yorick,0.004198966408268734,0.0,0.12867647058823528
2018,8.18@2018-09-12,Zac,0.030684754521963824,0.0,0.43014705882352944
2018,8.18@2018-09-12,Zed,0.013565891472868217,0.0,0.2647058823529412
2018,8.18@2018-09-12,Ziggs,0.030684754521963824,0.0,0.43014705882352944
2018,8.18@2018-09-12,Zilean,0.043281653746770024,0.0,0.4632352941176471
2018,8.18@2018-09-12,Zoe,0.6999354005167958,0.0,0.9852941176470589
2018,8.18@2018-09-12,Zyra,0.007428940568475452,0.0,0.1875
2018,8.19@2018-09-26,Aatrox,0.8765109441359032,0.0,1.0
2018,8.19@2018-09-26,Ahri,0.016661221822933683,0.0,0.30514705882352944
2018,8.19@2018-09-26,Akali,0.24371120548840247,0.0,0.75
2018,8.19@2018-09-26,Alistar,0.47206795164978765,0.0,0.9044117647058824
2018,8.19@2018-09-26,Amumu,0.0003266906239790918,0.0,0.014705882352941176
2018,8.19@2018-09-26,Anivia,0.03658934988565828,0.0,0.4411764705882353
2018,8.19@2018-09-26,Ashe,0.1826200588043123,0.0,0.7132352941176471
2018,8.19@2018-09-26,Aurelion Sol,0.057497549820320154,0.0,0.5147058823529411
2018,8.19@2018-09-26,Azir,0.09898725906566481,0.0,0.6102941176470589
2018,8.19@2018-09-26,Bard,0.004900359359686377,0.0,0.15441176470588236
2018,8.19@2018-09-26,Blitzcrank,0.010454099967330937,0.0,0.23529411764705882
2018,8.19@2018-09-26,Brand,0.021561581182620058,0.0,0.3713235294117647
2018,8.19@2018-09-26,Braum,0.437765436131983,0.0,0.8897058823529411
2018,8.19@2018-09-26,Caitlyn,0.0359359686377001,0.0,0.4338235294117647
2018,8.19@2018-09-26,Camille,0.6471741261025808,0.0,0.9705882352941176
2018,8.19@2018-09-26,Cassiopeia,0.11303495589676577,0.0,0.6397058823529411
2018,8.19@2018-09-26,Cho'Gath,0.20385494936295329,0.0,0.7352941176470589
2018,8.19@2018-09-26,Corki,0.016987912446912775,0.0,0.3161764705882353
2018,8.19@2018-09-26,Darius,0.2662528585429598,2.0,0.7794117647058824
2018,8.19@2018-09-26,Diana,0.0003266906239790918,0.0,0.014705882352941176
2018,8.19@2018-09-26,Dr. Mundo,0.3975824893825547,0.0,0.8676470588235294
2018,8.19@2018-09-26,Draven,0.059131002940215616,0.0,0.5294117647058824
2018,8.19@2018-09-26,Ekko,0.023848415550473703,0.0,0.40441176470588236
2018,8.19@2018-09-26,Elise,0.007513884351519112,2.0,0.19852941176470587
2018,8.19@2018-09-26,Evelynn,0.013067624959163672,0.0,0.24632352941176472
2018,8.19@2018-09-26,Ezreal,0.3740607644560601,0.0,0.8529411764705882
2018,8.19@2018-09-26,Fiddlesticks,0.1192420777523685,0.0,0.6617647058823529
2018,8.19@2018-09-26,Fiora,0.08820646847435479,2.0,0.6029411764705882
2018,8.19@2018-09-26,Fizz,0.019274746814766416,0.0,0.34558823529411764
2018,8.19@2018-09-26,Galio,0.28095393662201895,0.0,0.8014705882352942
2018,8.19@2018-09-26,Gangplank,0.2659261679189807,0.0,0.7720588235294118
2018,8.19@2018-09-26,Garen,0.0006533812479581836,0.0,0.03308823529411765
2018,8.19@2018-09-26,Gnar,0.28846782097353807,0.0,0.8088235294117647
2018,8.19@2018-09-26,Gragas,0.4384188173799412,0.0,0.8970588235294118
2018,8.19@2018-09-26,Graves,0.21953609931394968,0.0,0.7426470588235294
2018,8.19@2018-09-26,Hecarim,0.005880431231623653,0.0,0.17647058823529413
2018,8.19@2018-09-26,Heimerdinger,0.08199934661875204,0.0,0.5882352941176471
2018,8.19@2018-09-26,Illaoi,0.003266906239790918,0.0,0.11764705882352941
2018,8.19@2018-09-26,Irelia,0.3335511270826527,0.0,0.8455882352941176
2018,8.19@2018-09-26,Ivern,0.0013067624959163672,0.0,0.05514705882352941
2018,8.19@2018-09-26,Janna,0.021234890558640966,1.0,0.3602941176470588
2018,8.19@2018-09-26,Jarvan IV,0.07644560601110748,2.0,0.5735294117647058
2018,8.19@2018-09-26,Jax,0.0797125122508984,0.0,0.5808823529411765
2018,8.19@2018-09-26,Jayce,0.24795818360013067,0.0,0.7573529411764706
2018,8.19@2018-09-26,Jhin,0.11891538712838942,0.0,0.6544117647058824
2018,8.19@2018-09-26,Jinx,0.0035935968637700096,0.0,0.125
2018,8.19@2018-09-26,Kai'Sa,0.4034629206141784,0.0,0.875
2018,8.19@2018-09-26,Kalista,0.019601437438745508,0.0,0.35294117647058826
2018,8.19@2018-09-26,Karma,0.04540999673309376,0.0,0.4632352941176471
2018,8.19@2018-09-26,Karthus,0.022541653054557333,0.0,0.38235294117647056
2018,8.19@2018-09-26,Kassadin,0.018948056190787325,0.0,0.33455882352941174
2018,8.19@2018-09-26,Katarina,0.001633453119895459,0.0,0.08088235294117647
2018,8.19@2018-09-26,Kayle,0.0029402156158118264,0.0,0.11029411764705882
2018,8.19@2018-09-26,Kayn,0.003920287487749101,0.0,0.1323529411764706
2018,8.19@2018-09-26,Kennen,0.19666775563541328,0.0,0.7279411764705882
2018,8.19@2018-09-26,Kha'Zix,0.007513884351519112,2.0,0.19852941176470587
2018,8.19@2018-09-26,Kindred,0.47892845475334855,0.0,0.9117647058823529
2018,8.19@2018-09-26,Kled,0.11793531525645214,0.0,0.6470588235294118
2018,8.19@2018-09-26,Kog'Maw,0.013721006207121855,2.0,0.25735294117647056
2018,8.19@2018-09-26,LeBlanc,0.27670695851029076,0.0,0.7941176470588235
2018,8.19@2018-09-26,Lee Sin,0.04998366546880104,0.0,0.49264705882352944
2018,8.19@2018-09-26,Leona,0.02548186867036916,0.0,0.4117647058823529
2018,8.19@2018-09-26,Lissandra,0.060111074812152894,0.0,0.5404411764705882
2018,8.19@2018-09-26,Lucian,0.30382228030055536,0.0,0.8235294117647058
2018,8.19@2018-09-26,Lulu,0.1479908526625286,0.0,0.6985294117647058
2018,8.19@2018-09-26,Lux,0.0013067624959163672,0.0,0.05514705882352941
2018,8.19@2018-09-26,Malphite,0.02319503430251552,0.0,0.3897058823529412
2018,8.19@2018-09-26,Malzahar,0.05684416857236197,0.0,0.5073529411764706
2018,8.19@2018-09-26,Maokai,0.021561581182620058,0.0,0.3713235294117647
2018,8.19@2018-09-26,Master Yi,0.016661221822933683,0.0,0.30514705882352944
2018,8.19@2018-09-26,Miss Fortune,0.031688990525971905,0.0,0.4264705882352941
2018,8.19@2018-09-26,Mordekaiser,0.04573668735707285,0.0,0.47058823529411764
2018,8.19@2018-09-26,Morgana,0.6007840574975498,0.0,0.9632352941176471
2018,8.19@2018-09-26,Nami,0.008820646847435479,0.0,0.21323529411764705
2018,8.19@2018-09-26,Nasus,0.001633453119895459,0.0,0.08088235294117647
2018,8.19@2018-09-26,Nautilus,0.010127409343351846,0.0,0.22426470588235295
2018,8.19@2018-09-26,Nidalee,0.07383208101927474,0.0,0.5661764705882353
2018,8.19@2018-09-26,Nocturne,0.5854295981705325,0.0,0.9558823529411765
2018,8.19@2018-09-26,Nunu & Willump,0.007513884351519112,2.0,0.19852941176470587
2018,8.19@2018-09-26,Olaf,0.17771969944462593,0.0,0.7058823529411765
2018,8.19@2018-09-26,Orianna,0.2744201241424371,0.0,0.7867647058823529
2018,8.19@2018-09-26,Ornn,0.32407709898725906,0.0,0.8308823529411765
2018,8.19@2018-09-26,Pantheon,0.004246978111728194,0.0,0.14338235294117646
2018,8.19@2018-09-26,Poppy,0.12185560274420124,0.0,0.6727941176470589
2018,8.19@2018-09-26,Pyke,0.18523358379614505,2.0,0.7205882352941176
2018,8.19@2018-09-26,Quinn,0.01796798431885005,0.0,0.3235294117647059
2018,8.19@2018-09-26,Rakan,0.6863770009800719,0.0,0.9852941176470589
2018,8.19@2018-09-26,Rek'Sai,0.015027768703038223,0.0,0.2867647058823529
2018,8.19@2018-09-26,Renekton,0.04279647174126103,0.0,0.45588235294117646
2018,8.19@2018-09-26,Rengar,0.01470107807905913,0.0,0.27941176470588236
2018,8.19@2018-09-26,Riven,0.013067624959163672,0.0,0.24632352941176472
2018,8.19@2018-09-26,Rumble,0.10192747468147664,0.0,0.625
2018,8.19@2018-09-26,Ryze,0.508983992159425,0.0,0.9264705882352942
2018,8.19@2018-09-26,Sejuani,0.3302842208428618,0.0,0.8382352941176471
2018,8.19@2018-09-26,Shen,0.4312316236524012,0.0,0.8823529411764706
2018,8.19@2018-09-26,Shyvana,0.0009800718719372753,0.0,0.04411764705882353
2018,8.19@2018-09-26,Singed,0.06043776543613198,0.0,0.5514705882352942
2018,8.19@2018-09-26,Sion,0.05651747794838288,0.0,0.5
2018,8.19@2018-09-26,Sivir,0.016007840574975497,0.0,0.29411764705882354
2018,8.19@2018-09-26,Skarner,0.12283567461613852,0.0,0.6838235294117647
2018,8.19@2018-09-26,Sona,0.0006533812479581836,0.0,0.03308823529411765
2018,8.19@2018-09-26,Soraka,0.060111074812152894,0.0,0.5404411764705882
2018,8.19@2018-09-26,Swain,0.5171512577589024,0.0,0.9338235294117647
2018,8.19@2018-09-26,Syndra,0.12185560274420124,0.0,0.6727941176470589
2018,8.19@2018-09-26,Tahm Kench,0.583796145050637,-2.0,0.9485294117647058
2018,8.19@2018-09-26,Taliyah,0.7072852009147338,0.0,0.9926470588235294
2018,8.19@2018-09-26,Talon,0.1120548840248285,0.0,0.6323529411764706
2018,8.19@2018-09-26,Taric,0.04639006860503104,0.0,0.47794117647058826
2018,8.19@2018-09-26,Teemo,0.001633453119895459,0.0,0.08088235294117647
2018,8.19@2018-09-26,Thresh,0.04900359359686377,2.0,0.4852941176470588
2018,8.19@2018-09-26,Tristana,0.08689970597843842,0.0,0.5955882352941176
2018,8.19@2018-09-26,Trundle,0.5187847108787977,0.0,0.9411764705882353
2018,8.19@2018-09-26,Tryndamere,0.001633453119895459,0.0,0.08088235294117647
2018,8.19@2018-09-26,Twisted Fate,0.018948056190787325,0.0,0.33455882352941174
2018,8.19@2018-09-26,Twitch,0.0022868343678536427,0.0,0.10294117647058823
2018,8.19@2018-09-26,Udyr,0.001633453119895459,0.0,0.08088235294117647
2018,8.19@2018-09-26,Urgot,0.10062071218556028,0.0,0.6176470588235294
2018,8.19@2018-09-26,Varus,0.4903626265926168,0.0,0.9191176470588235
2018,8.19@2018-09-26,Vayne,0.014047696831100947,0.0,0.26838235294117646
2018,8.19@2018-09-26,Veigar,0.005880431231623653,0.0,0.17647058823529413
2018,8.19@2018-09-26,Vel'Koz,0.06501143417183927,0.0,0.5588235294117647
2018,8.19@2018-09-26,Viktor,0.02352172492649461,0.0,0.39705882352941174
2018,8.19@2018-09-26,Vladimir,0.3015354459327017,0.0,0.8161764705882353
2018,8.19@2018-09-26,Warwick,0.0003266906239790918,0.0,0.014705882352941176
2018,8.19@2018-09-26,Wukong,0.005227049983665469,0.0,0.16176470588235295
2018,8.19@2018-09-26,Xayah,0.2548186867036916,0.0,0.7647058823529411
2018,8.19@2018-09-26,Xerath,0.010127409343351846,0.0,0.22426470588235295
2018,8.19@2018-09-26,Xin Zhao,0.13426984645540674,0.0,0.6911764705882353
2018,8.19@2018-09-26,Yasuo,0.3835347925514538,0.0,0.8602941176470589
2018,8.19@2018-09-26,Yorick,0.004246978111728194,0.0,0.14338235294117646
2018,8.19@2018-09-26,Zac,0.03952956550147011,0.0,0.4485294117647059
2018,8.19@2018-09-26,Zed,0.014047696831100947,0.0,0.26838235294117646
2018,8.19@2018-09-26,Ziggs,0.03070891865403463,0.0,0.41911764705882354
2018,8.19@2018-09-26,Zilean,0.05880431231623652,0.0,0.5220588235294118
2018,8.19@2018-09-26,Zoe,0.6622018948056191,0.0,0.9779411764705882
2018,8.19@2018-09-26,Zyra,0.005880431231623653,0.0,0.17647058823529413
2019,9.16@2019-08-14,Aatrox,0.7989768281673187,0.0,1.0
2019,9.16@2019-08-14,Ahri,0.01865783930183569,0.0,0.36551724137931035
2019,9.16@2019-08-14,Akali,0.4050556725850135,0.0,0.896551724137931
2019,9.16@2019-08-14,Alistar,0.11044237135118869,0.0,0.6482758620689655
2019,9.16@2019-08-14,Amumu,0.006319590731266927,0.0,0.1793103448275862
2019,9.16@2019-08-14,Anivia,0.018958772193800783,0.0,0.3724137931034483
2019,9.16@2019-08-14,Annie,0.003912127595546194,0.0,0.13448275862068965
2019,9.16@2019-08-14,Ashe,0.08606680710201625,0.0,0.6068965517241379
2019,9.16@2019-08-14,Aurelion Sol,0.006921456515197111,0.0,0.2103448275862069
2019,9.16@2019-08-14,Azir,0.3773698465242251,-2.0,0.8689655172413793
2019,9.16@2019-08-14,Bard,0.014444778814324405,0.0,0.3310344827586207
2019,9.16@2019-08-14,Blitzcrank,0.016551309058080048,0.0,0.35172413793103446
2019,9.16@2019-08-14,Brand,0.0018055973517905506,0.0,0.07241379310344828
2019,9.16@2019-08-14,Braum,0.22991272946133012,0.0,0.7862068965517242
2019,9.16@2019-08-14,Caitlyn,0.14354498946734878,0.0,0.7034482758620689
2019,9.16@2019-08-14,Camille,0.268733072524827,0.0,0.8137931034482758
2019,9.16@2019-08-14,Cassiopeia,0.08185374661450497,0.0,0.5793103448275863
2019,9.16@2019-08-14,Cho'Gath,0.013842913030394222,0.0,0.32413793103448274
2019,9.16@2019-08-14,Corki,0.3954258200421306,-2.0,0.8896551724137931
2019,9.16@2019-08-14,Darius,0.023472765573277158,0.0,0.42758620689655175
2019,9.16@2019-08-14,Diana,0.005717724947336744,0.0,0.16551724137931034
2019,9.16@2019-08-14,Dr. Mundo,0.007824255191092387,2.0,0.22758620689655173
2019,9.16@2019-08-14,Draven,0.12488715016551309,0.0,0.6689655172413793
2019,9.16@2019-08-14,Ekko,0.012037315678603671,2.0,0.2896551724137931
2019,9.16@2019-08-14,Elise,0.22539873608185373,0.0,0.7793103448275862
2019,9.16@2019-08-14,Evelynn,0.019259705085765876,0.0,0.3793103448275862
2019,9.16@2019-08-14,Ezreal,0.46614504965392717,-2.0,0.9103448275862069
2019,9.16@2019-08-14,Fiddlesticks,0.01685224195004514,0.0,0.3586206896551724
2019,9.16@2019-08-14,Fiora,0.09058080048149263,2.0,0.6275862068965518
2019,9.16@2019-08-14,Fizz,0.009328919650917845,0.0,0.2482758620689655
2019,9.16@2019-08-14,Galio,0.08817333734577189,0.0,0.6137931034482759
2019,9.16@2019-08-14,Gangplank,0.15859163406560337,0.0,0.7172413793103448
2019,9.16@2019-08-14,Garen,0.003009328919650918,0.0,0.1206896551724138
2019,9.16@2019-08-14,Gnar,0.08967800180559735,0.0,0.6206896551724138
2019,9.16@2019-08-14,Gragas,0.3313271140535661,0.0,0.8551724137931035
2019,9.16@2019-08-14,Graves,0.004814926271441469,0.0,0.15172413793103448
2019,9.16@2019-08-14,Hecarim,0.05416792055371652,0.0,0.5413793103448276
2019,9.16@2019-08-14,Heimerdinger,0.019861570869696057,0.0,0.3896551724137931
2019,9.16@2019-08-14,Illaoi,0.00842612097502257,0.0,0.2413793103448276
2019,9.16@2019-08-14,Irelia,0.7839301835690641,0.0,0.9896551724137931
2019,9.16@2019-08-14,Ivern,0.006921456515197111,0.0,0.2103448275862069
2019,9.16@2019-08-14,Janna,0.003009328919650918,0.0,0.1206896551724138
2019,9.16@2019-08-14,Jarvan IV,0.5347577490219682,0.0,0.9448275862068966
2019,9.16@2019-08-14,Jax,0.0731266927475173,1.0,0.5655172413793104
2019,9.16@2019-08-14,Jayce,0.429431236834186,0.0,0.903448275862069
2019,9.16@2019-08-14,Jhin,0.0066205236232320195,0.0,0.19310344827586207
2019,9.16@2019-08-14,Jinx,0.03400541679205537,0.0,0.4827586206896552
2019,9.16@2019-08-14,Kai'Sa,0.34336442973216974,0.0,0.8620689655172413
2019,9.16@2019-08-14,Kalista,0.124586217273548,0.0,0.6620689655172414
2019,9.16@2019-08-14,Karma,0.6740896780018056,0.0,0.9724137931034482
2019,9.16@2019-08-14,Karthus,0.17153174842010233,0.0,0.7310344827586207
2019,9.16@2019-08-14,Kassadin,0.020764369545591334,2.0,0.4068965517241379
2019,9.16@2019-08-14,Katarina,0.002708396027685826,0.0,0.10344827586206896
2019,9.16@2019-08-14,Kayle,0.0018055973517905506,0.0,0.07241379310344828
2019,9.16@2019-08-14,Kayn,0.01534757749021968,0.0,0.3413793103448276
2019,9.16@2019-08-14,Kennen,0.2925067709900692,0.0,0.8206896551724138
2019,9.16@2019-08-14,Kha'Zix,0.021065302437556426,0.0,0.41379310344827586
2019,9.16@2019-08-14,Kindred,0.09960878724044538,0.0,0.6413793103448275
2019,9.16@2019-08-14,Kled,0.07944628347878423,0.0,0.5724137931034483
2019,9.16@2019-08-14,Kog'Maw,0.006921456515197111,0.0,0.2103448275862069
2019,9.16@2019-08-14,LeBlanc,0.2563948239542582,2.0,0.8
2019,9.16@2019-08-14,Lee Sin,0.21727354799879628,0.0,0.7655172413793103
2019,9.16@2019-08-14,Leona,0.019861570869696057,0.0,0.3896551724137931
2019,9.16@2019-08-14,Lissandra,0.031898886548299726,0.0,0.4689655172413793
2019,9.16@2019-08-14,Lucian,0.31688233523924164,0.0,0.8344827586206897
2019,9.16@2019-08-14,Lulu,0.01534757749021968,0.0,0.3413793103448276
2019,9.16@2019-08-14,Lux,0.47457117062894977,2.0,0.9241379310344827
2019,9.16@2019-08-14,Malphite,0.006319590731266927,0.0,0.1793103448275862
2019,9.16@2019-08-14,Malzahar,0.006921456515197111,0.0,0.2103448275862069
2019,9.16@2019-08-14,Maokai,0.002708396027685826,0.0,0.10344827586206896
2019,9.16@2019-08-14,Master Yi,0.0006018657839301836,0.0,0.013793103448275862
2019,9.16@2019-08-14,Miss Fortune,0.009930785434848028,0.0,0.25862068965517243
2019,9.16@2019-08-14,Mordekaiser,0.1321095395726753,0.0,0.6827586206896552
2019,9.16@2019-08-14,Morgana,0.21065302437556424,0.0,0.7517241379310344
2019,9.16@2019-08-14,Nami,0.008125188083057478,0.0,0.23448275862068965
2019,9.16@2019-08-14,Nasus,0.0021065302437556425,0.0,0.08275862068965517
2019,9.16@2019-08-14,Nautilus,0.4676497141137526,0.0,0.9172413793103448
2019,9.16@2019-08-14,Neeko,0.541077339753235,0.0,0.9517241379310345
2019,9.16@2019-08-14,Nidalee,0.04273247065904303,0.0,0.5172413793103449
2019,9.16@2019-08-14,Nocturne,0.034607282575985554,2.0,0.4896551724137931
2019,9.16@2019-08-14,Nunu & Willump,0.01354198013842913,0.0,0.31724137931034485
2019,9.16@2019-08-14,Olaf,0.5224195004513993,0.0,0.9379310344827586
2019,9.16@2019-08-14,Orianna,0.03851941017153175,0.0,0.503448275862069
2019,9.16@2019-08-14,Ornn,0.033403551008125185,0.0,0.47586206896551725
2019,9.16@2019-08-14,Pantheon,0.013241047246464039,0.0,0.30689655172413793
2019,9.16@2019-08-14,Poppy,0.08245561239843514,0.0,0.5862068965517241
2019,9.16@2019-08-14,Pyke,0.15919349984953354,0.0,0.7241379310344828
2019,9.16@2019-08-14,Qiyana,0.22058380981041228,0.0,0.7724137931034483
2019,9.16@2019-08-14,Quinn,0.0012037315678603672,0.0,0.041379310344827586
2019,9.16@2019-08-14,Rakan,0.3198916641588926,0.0,0.8482758620689655
2019,9.16@2019-08-14,Rammus,0.0009027986758952753,0.0,0.027586206896551724
2019,9.16@2019-08-14,Rek'Sai,0.29852542882937105,0.0,0.8275862068965517
2019,9.16@2019-08-14,Renekton,0.3851941017153175,0.0,0.8827586206896552
2019,9.16@2019-08-14,Rengar,0.009930785434848028,0.0,0.25862068965517243
2019,9.16@2019-08-14,Riven,0.04213060487511285,-2.0,0.5103448275862069
2019,9.16@2019-08-14,Rumble,0.1251880830574782,0.0,0.6758620689655173
2019,9.16@2019-08-14,Ryze,0.3195907312669275,0.0,0.8413793103448276
2019,9.16@2019-08-14,Sejuani,0.7056876316581402,-3.0,0.9793103448275862
2019,9.16@2019-08-14,Shaco,0.0024074631357207344,0.0,0.0896551724137931
2019,9.16@2019-08-14,Shen,0.024676497141137527,2.0,0.4379310344827586
2019,9.16@2019-08-14,Shyvana,0.0012037315678603672,0.0,0.041379310344827586
2019,9.16@2019-08-14,Singed,0.001504664459825459,2.0,0.05862068965517241
2019,9.16@2019-08-14,Sion,0.02317183268131207,2.0,0.4206896551724138
2019,9.16@2019-08-14,Sivir,0.5416792055371652,-2.0,0.9586206896551724
2019,9.16@2019-08-14,Skarner,0.1390309960878724,0.0,0.6896551724137931
2019,9.16@2019-08-14,Sona,0.20523623232019259,0.0,0.7448275862068966
2019,9.16@2019-08-14,Soraka,0.002708396027685826,0.0,0.10344827586206896
2019,9.16@2019-08-14,Swain,0.01023171832681312,0.0,0.27241379310344827
2019,9.16@2019-08-14,Sylas,0.6716822148660848,-1.0,0.9655172413793104
2019,9.16@2019-08-14,Syndra,0.09750225699668974,2.0,0.6344827586206897
2019,9.16@2019-08-14,Tahm Kench,0.3824857056876317,-2.0,0.8758620689655172
2019,9.16@2019-08-14,Taliyah,0.14083659343966295,0.0,0.696551724137931
2019,9.16@2019-08-14,Talon,0.03009328919650918,0.0,0.45517241379310347
2019,9.16@2019-08-14,Taric,0.06078844417694854,0.0,0.5517241379310345
2019,9.16@2019-08-14,Teemo,0.0012037315678603672,0.0,0.041379310344827586
2019,9.16@2019-08-14,Thresh,0.17424014444778815,0.0,0.7379310344827587
2019,9.16@2019-08-14,Tristana,0.08275654529040025,0.0,0.593103448275862
2019,9.16@2019-08-14,Trundle,0.0839602768582606,0.0,0.6
2019,9.16@2019-08-14,Tryndamere,0.003912127595546194,0.0,0.13448275862068965
2019,9.16@2019-08-14,Twisted Fate,0.06349684020463436,0.0,0.5586206896551724
2019,9.16@2019-08-14,Twitch,0.004814926271441469,0.0,0.15172413793103448
2019,9.16@2019-08-14,Udyr,0.001504664459825459,0.0,0.05862068965517241
2019,9.16@2019-08-14,Urgot,0.012338248570568764,0.0,0.296551724137931
2019,9.16@2019-08-14,Varus,0.15618417092988263,0.0,0.7103448275862069
2019,9.16@2019-08-14,Vayne,0.04664459825458923,0.0,0.5310344827586206
2019,9.16@2019-08-14,Veigar,0.02046343665362624,0.0,0.4
2019,9.16@2019-08-14,Vel'Koz,0.03159795365633464,0.0,0.46206896551724136
2019,9.16@2019-08-14,Vi,0.013241047246464039,0.0,0.30689655172413793
2019,9.16@2019-08-14,Viktor,0.05416792055371652,0.0,0.5413793103448276
2019,9.16@2019-08-14,Vladimir,0.26241348179356005,0.0,0.8068965517241379
2019,9.16@2019-08-14,Volibear,0.03551008125188083,0.0,0.496551724137931
2019,9.16@2019-08-14,Warwick,0.0006018657839301836,0.0,0.013793103448275862
2019,9.16@2019-08-14,Wukong,0.0006018657839301836,0.0,0.013793103448275862
2019,9.16@2019-08-14,Xayah,0.49623833885043633,0.0,0.9310344827586207
2019,9.16@2019-08-14,Xerath,0.01023171832681312,0.0,0.27241379310344827
2019,9.16@2019-08-14,Xin Zhao,0.1206740896780018,0.0,0.6551724137931034
2019,9.16@2019-08-14,Yasuo,0.23894071622028287,0.0,0.7931034482758621
2019,9.16@2019-08-14,Yorick,0.026482094492928078,0.0,0.4482758620689655
2019,9.16@2019-08-14,Yuumi,0.7839301835690641,-2.0,0.9896551724137931
2019,9.16@2019-08-14,Zac,0.011134517002708396,0.0,0.2827586206896552
2019,9.16@2019-08-14,Zed,0.043033403551008126,0.0,0.5241379310344828
2019,9.16@2019-08-14,Ziggs,0.006319590731266927,2.0,0.1793103448275862
2019,9.16@2019-08-14,Zilean,0.024676497141137527,0.0,0.4379310344827586
2019,9.16@2019-08-14,Zoe,0.21456515197111045,0.0,0.7586206896551724
2019,9.16@2019-08-14,Zyra,0.004814926271441469,0.0,0.15172413793103448
2019,9.16@2019-08-15,Aatrox,0.8026355196166517,0.0,1.0
2019,9.16@2019-08-15,Ahri,0.018568433662773286,0.0,0.36551724137931035
2019,9.16@2019-08-15,Akali,0.4055106319257263,0.0,0.896551724137931
2019,9.16@2019-08-15,Alistar,0.1111111111111111,0.0,0.6482758620689655
2019,9.16@2019-08-15,Amumu,0.006289308176100629,0.0,0.17586206896551723
2019,9.16@2019-08-15,Anivia,0.018867924528301886,0.0,0.3724137931034483
2019,9.16@2019-08-15,Annie,0.003893381251871818,0.0,0.13448275862068965
2019,9.16@2019-08-15,Ashe,0.08565438754117999,0.0,0.6137931034482759
2019,9.16@2019-08-15,Aurelion Sol,0.006888289907157832,0.0,0.20689655172413793
2019,9.16@2019-08-15,Azir,0.3782569631626235,0.0,0.8689655172413793
2019,9.16@2019-08-15,Bard,0.014375561545372867,0.0,0.3275862068965517
2019,9.16@2019-08-15,Blitzcrank,0.016471997604073075,0.0,0.35172413793103446
2019,9.16@2019-08-15,Brand,0.0017969451931716084,0.0,0.07241379310344828
2019,9.16@2019-08-15,Braum,0.23000898472596587,0.0,0.7862068965517242
2019,9.16@2019-08-15,Caitlyn,0.14255765199161424,0.0,0.7034482758620689
2019,9.16@2019-08-15,Camille,0.26894279724468406,0.0,0.8137931034482758
2019,9.16@2019-08-15,Cassiopeia,0.08355795148247978,0.0,0.5827586206896552
2019,9.16@2019-08-15,Cho'Gath,0.014076070679844266,0.0,0.31724137931034485
2019,9.16@2019-08-15,Corki,0.40041928721174,0.0,0.8896551724137931
2019,9.16@2019-08-15,Darius,0.02336028751123091,0.0,0.42758620689655175
2019,9.16@2019-08-15,Diana,0.0056903264450434265,0.0,0.16551724137931034
2019,9.16@2019-08-15,Dr. Mundo,0.007786762503743636,0.0,0.2206896551724138
2019,9.16@2019-08-15,Draven,0.12458820005989818,0.0,0.6758620689655173
2019,9.16@2019-08-15,Ekko,0.012279125486672657,0.0,0.2896551724137931
2019,9.16@2019-08-15,Elise,0.22551662174303683,0.0,0.7793103448275862
2019,9.16@2019-08-15,Evelynn,0.01916741539383049,0.0,0.3793103448275862
2019,9.16@2019-08-15,Ezreal,0.46630727762803237,0.0,0.9103448275862069
2019,9.16@2019-08-15,Fiddlesticks,0.016771488469601678,0.0,0.3586206896551724
2019,9.16@2019-08-15,Fiora,0.09044624138963761,0.0,0.6241379310344828
2019,9.16@2019-08-15,Fizz,0.009284216831386643,0.0,0.2482758620689655
2019,9.16@2019-08-15,Galio,0.08385744234800839,0.0,0.593103448275862
2019,9.16@2019-08-15,Gangplank,0.15992812219227315,0.0,0.7241379310344828
2019,9.16@2019-08-15,Garen,0.0032943995208146153,0.0,0.12413793103448276
2019,9.16@2019-08-15,Gnar,0.09044624138963761,0.0,0.6241379310344828
2019,9.16@2019-08-15,Gragas,0.33423180592991913,0.0,0.8551724137931035
2019,9.16@2019-08-15,Graves,0.004791853848457622,0.0,0.15172413793103448
2019,9.16@2019-08-15,Hecarim,0.05181191973644804,0.0,0.5379310344827586
2019,9.16@2019-08-15,Heimerdinger,0.02006588799041629,0.0,0.38620689655172413
2019,9.16@2019-08-15,Illaoi,0.008385744234800839,0.0,0.2413793103448276
2019,9.16@2019-08-15,Irelia,0.7822701407607068,0.0,0.9862068965517241
2019,9.16@2019-08-15,Ivern,0.008086253369272238,0.0,0.23103448275862068
2019,9.16@2019-08-15,Janna,0.002994908655286014,0.0,0.11724137931034483
2019,9.16@2019-08-15,Jarvan IV,0.533393231506439,0.0,0.9448275862068966
2019,9.16@2019-08-15,Jax,0.07277628032345014,0.0,0.5655172413793104
2019,9.16@2019-08-15,Jayce,0.4276729559748428,0.0,0.903448275862069
2019,9.16@2019-08-15,Jhin,0.006588799041629231,0.0,0.19310344827586207
2019,9.16@2019-08-15,Jinx,0.034141958670260555,0.0,0.4896551724137931
2019,9.16@2019-08-15,Kai'Sa,0.34321653189577717,0.0,0.8620689655172413
2019,9.16@2019-08-15,Kalista,0.12249176400119796,0.0,0.6620689655172414
2019,9.16@2019-08-15,Karma,0.6768493560946391,0.0,0.9724137931034482
2019,9.16@2019-08-15,Karthus,0.1710092842168314,0.0,0.7310344827586207
2019,9.16@2019-08-15,Kassadin,0.020664869721473494,0.0,0.4068965517241379
2019,9.16@2019-08-15,Katarina,0.0026954177897574125,0.0,0.10344827586206896
2019,9.16@2019-08-15,Kayle,0.0017969451931716084,0.0,0.07241379310344828
2019,9.16@2019-08-15,Kayn,0.015274034141958671,0.0,0.3413793103448276
2019,9.16@2019-08-15,Kennen,0.2914046121593291,0.0,0.8206896551724138
2019,9.16@2019-08-15,Kha'Zix,0.020664869721473494,0.0,0.4068965517241379
2019,9.16@2019-08-15,Kindred,0.09793351302785265,0.0,0.6413793103448275
2019,9.16@2019-08-15,Kled,0.07936507936507936,0.0,0.5724137931034483
2019,9.16@2019-08-15,Kog'Maw,0.006588799041629231,0.0,0.19310344827586207
2019,9.16@2019-08-15,LeBlanc,0.2560646900269542,0.0,0.8
2019,9.16@2019-08-15,Lee Sin,0.217130877508236,0.0,0.7655172413793103
2019,9.16@2019-08-15,Leona,0.020365378855944895,0.0,0.3931034482758621
2019,9.16@2019-08-15,Lissandra,0.03234501347708895,0.0,0.4689655172413793
2019,9.16@2019-08-15,Lucian,0.31835879005690326,0.0,0.8413793103448276
2019,9.16@2019-08-15,Lulu,0.015274034141958671,0.0,0.3413793103448276
2019,9.16@2019-08-15,Lux,0.472596585804133,0.0,0.9241379310344827
2019,9.16@2019-08-15,Malphite,0.006588799041629231,0.0,0.19310344827586207
2019,9.16@2019-08-15,Malzahar,0.0071877807726864335,0.0,0.21379310344827587
2019,9.16@2019-08-15,Maokai,0.0026954177897574125,0.0,0.10344827586206896
2019,9.16@2019-08-15,Master Yi,0.0005989817310572028,0.0,0.013793103448275862
2019,9.16@2019-08-15,Miss Fortune,0.010182689427972447,0.0,0.2689655172413793
2019,9.16@2019-08-15,Mordekaiser,0.1332734351602276,0.0,0.6827586206896552
2019,9.16@2019-08-15,Morgana,0.20814615154237795,0.0,0.7517241379310344
2019,9.16@2019-08-15,Nami,0.008086253369272238,0.0,0.23103448275862068
2019,9.16@2019-08-15,Nasus,0.0020964360587002098,0.0,0.08275862068965517
2019,9.16@2019-08-15,Nautilus,0.47079964061096136,0.0,0.9172413793103448
2019,9.16@2019-08-15,Neeko,0.5390835579514824,0.0,0.9517241379310345
2019,9.16@2019-08-15,Nidalee,0.04043126684636118,0.0,0.5103448275862069
2019,9.16@2019-08-15,Nocturne,0.03324348607367475,0.0,0.4793103448275862
2019,9.16@2019-08-15,Nunu & Willump,0.014375561545372867,0.0,0.3275862068965517
2019,9.16@2019-08-15,Olaf,0.522911051212938,0.0,0.9379310344827586
2019,9.16@2019-08-15,Orianna,0.03803533992213237,0.0,0.503448275862069
2019,9.16@2019-08-15,Ornn,0.03324348607367475,0.0,0.4793103448275862
2019,9.16@2019-08-15,Pantheon,0.013177598083258461,2.0,0.30689655172413793
2019,9.16@2019-08-15,Poppy,0.08355795148247978,0.0,0.5827586206896552
2019,9.16@2019-08-15,Pyke,0.15902964959568733,0.0,0.7172413793103448
2019,9.16@2019-08-15,Qiyana,0.22371967654986524,0.0,0.7724137931034483
2019,9.16@2019-08-15,Quinn,0.0011979634621144056,0.0,0.041379310344827586
2019,9.16@2019-08-15,Rakan,0.32105420784666067,0.0,0.8482758620689655
2019,9.16@2019-08-15,Rammus,0.0008984725965858042,0.0,0.027586206896551724
2019,9.16@2019-08-15,Rek'Sai,0.29380053908355797,0.0,0.8275862068965517
2019,9.16@2019-08-15,Renekton,0.38454627133872415,0.0,0.8827586206896552
2019,9.16@2019-08-15,Rengar,0.009883198562443846,0.0,0.25517241379310346
2019,9.16@2019-08-15,Riven,0.041928721174004195,0.0,0.5172413793103449
2019,9.16@2019-08-15,Rumble,0.12428870919436957,0.0,0.6689655172413793
2019,9.16@2019-08-15,Ryze,0.31446540880503143,0.0,0.8344827586206897
2019,9.16@2019-08-15,Sejuani,0.706199460916442,0.0,0.9793103448275862
2019,9.16@2019-08-15,Shaco,0.002395926924228811,0.0,0.0896551724137931
2019,9.16@2019-08-15,Shen,0.02365977837675951,0.0,0.43448275862068964
2019,9.16@2019-08-15,Shyvana,0.0011979634621144056,0.0,0.041379310344827586
2019,9.16@2019-08-15,Singed,0.001497454327643007,0.0,0.05862068965517241
2019,9.16@2019-08-15,Sion,0.023060796645702306,0.0,0.4206896551724138
2019,9.16@2019-08-15,Sivir,0.5423779574722971,0.0,0.9586206896551724
2019,9.16@2019-08-15,Skarner,0.14046121593291405,0.0,0.6896551724137931
2019,9.16@2019-08-15,Sona,0.20365378855944893,0.0,0.7448275862068966
2019,9.16@2019-08-15,Soraka,0.0026954177897574125,0.0,0.10344827586206896
2019,9.16@2019-08-15,Swain,0.010182689427972447,0.0,0.2689655172413793
2019,9.16@2019-08-15,Sylas,0.6714585205151243,0.0,0.9655172413793104
2019,9.16@2019-08-15,Syndra,0.09703504043126684,0.0,0.6344827586206897
2019,9.16@2019-08-15,Tahm Kench,0.38125187181790954,0.0,0.8758620689655172
2019,9.16@2019-08-15,Taliyah,0.14106019766397124,0.0,0.696551724137931
2019,9.16@2019-08-15,Talon,0.02994908655286014,0.0,0.45517241379310347
2019,9.16@2019-08-15,Taric,0.05840071877807727,0.0,0.5517241379310345
2019,9.16@2019-08-15,Teemo,0.0011979634621144056,0.0,0.041379310344827586
2019,9.16@2019-08-15,Thresh,0.1746031746031746,0.0,0.7379310344827587
2019,9.16@2019-08-15,Tristana,0.08445642407906559,0.0,0.6
2019,9.16@2019-08-15,Trundle,0.08505540581012279,0.0,0.6068965517241379
2019,9.16@2019-08-15,Tryndamere,0.003893381251871818,0.0,0.13448275862068965
2019,9.16@2019-08-15,Twisted Fate,0.0631925726265349,0.0,0.5586206896551724
2019,9.16@2019-08-15,Twitch,0.004791853848457622,0.0,0.15172413793103448
2019,9.16@2019-08-15,Udyr,0.001497454327643007,0.0,0.05862068965517241
2019,9.16@2019-08-15,Urgot,0.01287810721772986,0.0,0.296551724137931
2019,9.16@2019-08-15,Varus,0.1530398322851153,0.0,0.7103448275862069
2019,9.16@2019-08-15,Vayne,0.04642108415693321,0.0,0.5310344827586206
2019,9.16@2019-08-15,Veigar,0.020664869721473494,0.0,0.4068965517241379
2019,9.16@2019-08-15,Vel'Koz,0.031746031746031744,0.0,0.46206896551724136
2019,9.16@2019-08-15,Vi,0.013177598083258461,0.0,0.30689655172413793
2019,9.16@2019-08-15,Viktor,0.05390835579514825,0.0,0.5448275862068965
2019,9.16@2019-08-15,Vladimir,0.262952979934112,0.0,0.8068965517241379
2019,9.16@2019-08-15,Volibear,0.03623839472896077,0.0,0.496551724137931
2019,9.16@2019-08-15,Warwick,0.0005989817310572028,0.0,0.013793103448275862
2019,9.16@2019-08-15,Wukong,0.0005989817310572028,0.0,0.013793103448275862
2019,9.16@2019-08-15,Xayah,0.4998502545672357,0.0,0.9310344827586207
2019,9.16@2019-08-15,Xerath,0.010182689427972447,0.0,0.2689655172413793
2019,9.16@2019-08-15,Xin Zhao,0.12099430967355496,0.0,0.6551724137931034
2019,9.16@2019-08-15,Yasuo,0.2407906558849955,0.0,0.7931034482758621
2019,9.16@2019-08-15,Yorick,0.026654687032045522,0.0,0.4482758620689655
2019,9.16@2019-08-15,Yuumi,0.7891584306678646,0.0,0.993103448275862
2019,9.16@2019-08-15,Zac,0.011081162024558252,0.0,0.2827586206896552
2019,9.16@2019-08-15,Zed,0.0431266846361186,0.0,0.5241379310344828
2019,9.16@2019-08-15,Ziggs,0.006289308176100629,0.0,0.17586206896551723
2019,9.16@2019-08-15,Zilean,0.024558250973345314,0.0,0.4413793103448276
2019,9.16@2019-08-15,Zoe,0.21443545971847858,0.0,0.7586206896551724
2019,9.16@2019-08-15,Zyra,0.004791853848457622,0.0,0.15172413793103448
2019,9.16@2019-08-16,Aatrox,0.8039332538736591,0.0,1.0
2019,9.16@2019-08-16,Ahri,0.018474374255065554,0.0,0.36551724137931035
2019,9.16@2019-08-16,Akali,0.4079261025029797,0.0,0.896551724137931
2019,9.16@2019-08-16,Alistar,0.11114421930870083,0.0,0.6482758620689655
2019,9.16@2019-08-16,Amumu,0.006257449344457688,0.0,0.18275862068965518
2019,9.16@2019-08-16,Anivia,0.018772348033373062,0.0,0.3724137931034483
2019,9.16@2019-08-16,Annie,0.0038736591179976162,0.0,0.13448275862068965
2019,9.16@2019-08-16,Ashe,0.08432657926102503,0.0,0.593103448275862
2019,9.16@2019-08-16,Aurelion Sol,0.0068533969010727055,0.0,0.20689655172413793
2019,9.16@2019-08-16,Azir,0.37961859356376637,0.0,0.8689655172413793
2019,9.16@2019-08-16,Bard,0.014302741358760428,0.0,0.32413793103448274
2019,9.16@2019-08-16,Blitzcrank,0.016388557806912993,0.0,0.3482758620689655
2019,9.16@2019-08-16,Brand,0.0017878426698450535,0.0,0.06896551724137931
2019,9.16@2019-08-16,Braum,0.22914183551847436,0.0,0.7862068965517242
2019,9.16@2019-08-16,Caitlyn,0.14213349225268176,0.0,0.7034482758620689
2019,9.16@2019-08-16,Camille,0.2708581644815256,0.0,0.8137931034482758
2019,9.16@2019-08-16,Cassiopeia,0.08462455303933254,0.0,0.6
2019,9.16@2019-08-16,Cho'Gath,0.013706793802145411,0.0,0.31724137931034485
2019,9.16@2019-08-16,Corki,0.4037544696066746,0.0,0.8896551724137931
2019,9.16@2019-08-16,Darius,0.023539928486293205,0.0,0.43103448275862066
2019,9.16@2019-08-16,Diana,0.00566150178784267,0.0,0.16896551724137931
2019,9.16@2019-08-16,Dr. Mundo,0.0077473182359952325,0.0,0.2206896551724138
2019,9.16@2019-08-16,Draven,0.12812872467222886,0.0,0.6758620689655173
2019,9.16@2019-08-16,Ekko,0.012216924910607866,0.0,0.2896551724137931
2019,9.16@2019-08-16,Elise,0.22467222884386173,0.0,0.7724137931034483
2019,9.16@2019-08-16,Evelynn,0.01936829558998808,0.0,0.3793103448275862
2019,9.16@2019-08-16,Ezreal,0.4669249106078665,0.0,0.9103448275862069
2019,9.16@2019-08-16,Fiddlesticks,0.0166865315852205,0.0,0.3586206896551724
2019,9.16@2019-08-16,Fiora,0.08939213349225268,0.0,0.6206896551724138
2019,9.16@2019-08-16,Fizz,0.009237187127532777,0.0,0.2482758620689655
2019,9.16@2019-08-16,Galio,0.08075089392133493,0.0,0.5758620689655173
2019,9.16@2019-08-16,Gangplank,0.15971394517282478,0.0,0.7241379310344828
2019,9.16@2019-08-16,Garen,0.0032777115613825984,0.0,0.12413793103448276
2019,9.16@2019-08-16,Gnar,0.09088200238379023,0.0,0.6275862068965518
2019,9.16@2019-08-16,Gragas,0.3361144219308701,0.0,0.8551724137931035
2019,9.16@2019-08-16,Graves,0.004767580452920143,0.0,0.15172413793103448
2019,9.16@2019-08-16,Hecarim,0.05035756853396901,0.0,0.5379310344827586
2019,9.16@2019-08-16,Heimerdinger,0.019964243146603097,0.0,0.38620689655172413
2019,9.16@2019-08-16,Illaoi,0.00864123957091776,0.0,0.2413793103448276
2019,9.16@2019-08-16,Irelia,0.7803933253873659,0.0,0.9862068965517241
2019,9.16@2019-08-16,Ivern,0.008045292014302742,0.0,0.23103448275862068
2019,9.16@2019-08-16,Janna,0.0026817640047675805,0.0,0.10344827586206896
2019,9.16@2019-08-16,Jarvan IV,0.531585220500596,0.0,0.9448275862068966
2019,9.16@2019-08-16,Jax,0.07240762812872467,0.0,0.5655172413793104
2019,9.16@2019-08-16,Jayce,0.42580452920143025,0.0,0.903448275862069
2019,9.16@2019-08-16,Jhin,0.006555423122765197,0.0,0.19655172413793104
2019,9.16@2019-08-16,Jinx,0.03396901072705602,0.0,0.4896551724137931
2019,9.16@2019-08-16,Kai'Sa,0.3432657926102503,0.0,0.8620689655172413
2019,9.16@2019-08-16,Kalista,0.12276519666269368,0.0,0.6620689655172414
2019,9.16@2019-08-16,Karma,0.6778903456495828,0.0,0.9724137931034482
2019,9.16@2019-08-16,Karthus,0.1695470798569726,0.0,0.7310344827586207
2019,9.16@2019-08-16,Kassadin,0.020560190703218118,0.0,0.4
2019,9.16@2019-08-16,Katarina,0.0029797377830750892,0.0,0.11724137931034483
2019,9.16@2019-08-16,Kayle,0.0017878426698450535,0.0,0.06896551724137931
2019,9.16@2019-08-16,Kayn,0.016388557806912993,0.0,0.3482758620689655
2019,9.16@2019-08-16,Kennen,0.2926102502979738,0.0,0.8275862068965517
2019,9.16@2019-08-16,Kha'Zix,0.020560190703218118,0.0,0.4
2019,9.16@2019-08-16,Kindred,0.09743742550655542,0.0,0.6413793103448275
2019,9.16@2019-08-16,Kled,0.08075089392133493,0.0,0.5758620689655173
2019,9.16@2019-08-16,Kog'Maw,0.00566150178784267,0.0,0.16896551724137931
2019,9.16@2019-08-16,LeBlanc,0.2562574493444577,0.0,0.8
2019,9.16@2019-08-16,Lee Sin,0.21573301549463647,0.0,0.7586206896551724
2019,9.16@2019-08-16,Leona,0.021156138259833136,0.0,0.41379310344827586
2019,9.16@2019-08-16,Lissandra,0.03247914183551848,0.0,0.4689655172413793
2019,9.16@2019-08-16,Lucian,0.3176400476758045,0.0,0.8413793103448276
2019,9.16@2019-08-16,Lulu,0.014898688915375448,0.0,0.33793103448275863
2019,9.16@2019-08-16,Lux,0.47020262216924913,0.0,0.9172413793103448
2019,9.16@2019-08-16,Malphite,0.006555423122765197,0.0,0.19655172413793104
2019,9.16@2019-08-16,Malzahar,0.007151370679380214,0.0,0.21379310344827587
2019,9.16@2019-08-16,Maokai,0.0026817640047675805,0.0,0.10344827586206896
2019,9.16@2019-08-16,Master Yi,0.0005959475566150178,0.0,0.013793103448275862
2019,9.16@2019-08-16,Miss Fortune,0.010131108462455305,0.0,0.2620689655172414
2019,9.16@2019-08-16,Mordekaiser,0.133492252681764,0.0,0.6827586206896552
2019,9.16@2019-08-16,Morgana,0.2064958283671037,0.0,0.7517241379310344
2019,9.16@2019-08-16,Nami,0.008045292014302742,0.0,0.23103448275862068
2019,9.16@2019-08-16,Nasus,0.0020858164481525627,0.0,0.08275862068965517
2019,9.16@2019-08-16,Nautilus,0.47228843861740166,0.0,0.9241379310344827
2019,9.16@2019-08-16,Neeko,0.5372467222884386,0.0,0.9517241379310345
2019,9.16@2019-08-16,Nidalee,0.04082240762812873,0.0,0.5103448275862069
2019,9.16@2019-08-16,Nocturne,0.033373063170441,0.0,0.4827586206896552
2019,9.16@2019-08-16,Nunu & Willump,0.014600715137067939,0.0,0.3310344827586207
2019,9.16@2019-08-16,Olaf,0.5223480333730631,0.0,0.9379310344827586
2019,9.16@2019-08-16,Orianna,0.0366507747318236,0.0,0.503448275862069
2019,9.16@2019-08-16,Ornn,0.033075089392133494,0.0,0.47586206896551725
2019,9.16@2019-08-16,Pantheon,0.013110846245530394,2.0,0.3103448275862069
2019,9.16@2019-08-16,Poppy,0.08373063170441002,0.0,0.5862068965517241
2019,9.16@2019-08-16,Pyke,0.15852205005959474,0.0,0.7172413793103448
2019,9.16@2019-08-16,Qiyana,0.22497020262216924,0.0,0.7793103448275862
2019,9.16@2019-08-16,Quinn,0.0011918951132300357,0.0,0.041379310344827586
2019,9.16@2019-08-16,Rakan,0.3227056019070322,0.0,0.8482758620689655
2019,9.16@2019-08-16,Rammus,0.0008939213349225268,0.0,0.027586206896551724
2019,9.16@2019-08-16,Rek'Sai,0.29112038140643626,0.0,0.8206896551724138
2019,9.16@2019-08-16,Renekton,0.38617401668653156,0.0,0.8827586206896552
2019,9.16@2019-08-16,Rengar,0.010131108462455305,0.0,0.2620689655172414
2019,9.16@2019-08-16,Riven,0.04290822407628129,0.0,0.5172413793103449
2019,9.16@2019-08-16,Rumble,0.12425506555423123,0.0,0.6689655172413793
2019,9.16@2019-08-16,Ryze,0.3104886769964243,0.0,0.8344827586206897
2019,9.16@2019-08-16,Sejuani,0.7061978545887961,0.0,0.9793103448275862
2019,9.16@2019-08-16,Shaco,0.0023837902264600714,0.0,0.0896551724137931
2019,9.16@2019-08-16,Shen,0.023539928486293205,0.0,0.43103448275862066
2019,9.16@2019-08-16,Shyvana,0.0011918951132300357,0.0,0.041379310344827586
2019,9.16@2019-08-16,Singed,0.0017878426698450535,0.0,0.06896551724137931
2019,9.16@2019-08-16,Sion,0.022943980929678188,0.0,0.4206896551724138
2019,9.16@2019-08-16,Sivir,0.5417163289630512,0.0,0.9586206896551724
2019,9.16@2019-08-16,Skarner,0.14064362336114422,0.0,0.6896551724137931
2019,9.16@2019-08-16,Sona,0.2026221692491061,0.0,0.7448275862068966
2019,9.16@2019-08-16,Soraka,0.0026817640047675805,0.0,0.10344827586206896
2019,9.16@2019-08-16,Swain,0.010131108462455305,0.0,0.2620689655172414
2019,9.16@2019-08-16,Sylas,0.6725268176400476,0.0,0.9655172413793104
2019,9.16@2019-08-16,Syndra,0.09564958283671036,0.0,0.6344827586206897
2019,9.16@2019-08-16,Tahm Kench,0.3799165673420739,0.0,0.8758620689655172
2019,9.16@2019-08-16,Taliyah,0.14183551847437426,0.0,0.696551724137931
2019,9.16@2019-08-16,Talon,0.030393325387365912,0.0,0.45517241379310347
2019,9.16@2019-08-16,Taric,0.05631704410011919,0.0,0.5517241379310345
2019,9.16@2019-08-16,Teemo,0.0011918951132300357,0.0,0.041379310344827586
2019,9.16@2019-08-16,Thresh,0.17461263408820024,0.0,0.7379310344827587
2019,9.16@2019-08-16,Tristana,0.08551847437425507,0.0,0.6103448275862069
2019,9.16@2019-08-16,Trundle,0.08551847437425507,0.0,0.6103448275862069
2019,9.16@2019-08-16,Tryndamere,0.0038736591179976162,0.0,0.13448275862068965
2019,9.16@2019-08-16,Twisted Fate,0.06287246722288439,0.0,0.5586206896551724
2019,9.16@2019-08-16,Twitch,0.004767580452920143,0.0,0.15172413793103448
2019,9.16@2019-08-16,Udyr,0.0014898688915375446,0.0,0.05517241379310345
2019,9.16@2019-08-16,Urgot,0.012812872467222885,0.0,0.30344827586206896
2019,9.16@2019-08-16,Varus,0.15107270560190703,0.0,0.7103448275862069
2019,9.16@2019-08-16,Vayne,0.045887961859356376,0.0,0.5310344827586206
2019,9.16@2019-08-16,Veigar,0.020560190703218118,0.0,0.4
2019,9.16@2019-08-16,Vel'Koz,0.03158522050059595,0.0,0.46206896551724136
2019,9.16@2019-08-16,Vi,0.012514898688915376,0.0,0.296551724137931
2019,9.16@2019-08-16,Viktor,0.05363528009535161,0.0,0.5448275862068965
2019,9.16@2019-08-16,Vladimir,0.2643027413587604,0.0,0.8068965517241379
2019,9.16@2019-08-16,Volibear,0.03635280095351609,0.0,0.496551724137931
2019,9.16@2019-08-16,Warwick,0.0005959475566150178,0.0,0.013793103448275862
2019,9.16@2019-08-16,Wukong,0.0005959475566150178,0.0,0.013793103448275862
2019,9.16@2019-08-16,Xayah,0.5032777115613826,0.0,0.9310344827586207
2019,9.16@2019-08-16,Xerath,0.010429082240762813,0.0,0.27586206896551724
2019,9.16@2019-08-16,Xin Zhao,0.12067938021454112,0.0,0.6551724137931034
2019,9.16@2019-08-16,Yasuo,0.24165673420738976,0.0,0.7931034482758621
2019,9.16@2019-08-16,Yorick,0.026519666269368296,0.0,0.4482758620689655
2019,9.16@2019-08-16,Yuumi,0.7929082240762813,0.0,0.993103448275862
2019,9.16@2019-08-16,Zac,0.01132300357568534,0.0,0.2827586206896552
2019,9.16@2019-08-16,Zed,0.0432061978545888,0.0,0.5241379310344828
2019,9.16@2019-08-16,Ziggs,0.006257449344457688,0.0,0.18275862068965518
2019,9.16@2019-08-16,Zilean,0.024731823599523244,0.0,0.4413793103448276
2019,9.16@2019-08-16,Zoe,0.21603098927294398,0.0,0.7655172413793103
2019,9.16@2019-08-16,Zyra,0.004767580452920143,0.0,0.15172413793103448
2019,9.17@2019-08-28,Aatrox,0.8300352399024126,0.0,1.0
2019,9.17@2019-08-28,Ahri,0.01870425589590675,0.0,0.3793103448275862
2019,9.17@2019-08-28,Akali,0.44049878015722416,0.0,0.9103448275862069
2019,9.17@2019-08-28,Alistar,0.12144212523719165,0.0,0.6620689655172414
2019,9.17@2019-08-28,Amumu,0.005421523448088913,0.0,0.1724137931034483
2019,9.17@2019-08-28,Anivia,0.01734887503388452,0.0,0.36551724137931035
2019,9.17@2019-08-28,Annie,0.0035239902412577935,0.0,0.12413793103448276
2019,9.17@2019-08-28,Ashe,0.08132285172133369,0.0,0.5862068965517241
2019,9.17@2019-08-28,Aurelion Sol,0.005963675792897805,0.0,0.19310344827586207
2019,9.17@2019-08-28,Azir,0.3854703171591217,0.0,0.8689655172413793
2019,9.17@2019-08-28,Bard,0.01572241799945785,0.0,0.3448275862068966
2019,9.17@2019-08-28,Blitzcrank,0.014638113309840065,0.0,0.3275862068965517
2019,9.17@2019-08-28,Brand,0.0018975332068311196,0.0,0.07241379310344828
2019,9.17@2019-08-28,Braum,0.2304147465437788,0.0,0.7724137931034483
2019,9.17@2019-08-28,Caitlyn,0.1406885334779073,0.0,0.6896551724137931
2019,9.17@2019-08-28,Camille,0.2746001626457034,0.0,0.8275862068965517
2019,9.17@2019-08-28,Cassiopeia,0.08294930875576037,0.0,0.593103448275862
2019,9.17@2019-08-28,Cho'Gath,0.014095960965031174,0.0,0.31724137931034485
2019,9.17@2019-08-28,Corki,0.428842504743833,0.0,0.896551724137931
2019,9.17@2019-08-28,Darius,0.020330712930333422,0.0,0.3931034482758621
2019,9.17@2019-08-28,Diana,0.0056925996204933585,0.0,0.18275862068965518
2019,9.17@2019-08-28,Dr. Mundo,0.004879371103280022,0.0,0.1482758620689655
2019,9.17@2019-08-28,Draven,0.12957441040932502,0.0,0.6758620689655173
2019,9.17@2019-08-28,Ekko,0.013553808620222282,0.0,0.3103448275862069
2019,9.17@2019-08-28,Elise,0.23177012740580102,0.0,0.7793103448275862
2019,9.17@2019-08-28,Evelynn,0.018162103551097857,0.0,0.3724137931034483
2019,9.17@2019-08-28,Ezreal,0.4619137977771754,0.0,0.9172413793103448
2019,9.17@2019-08-28,Fiddlesticks,0.01680672268907563,0.0,0.3586206896551724
2019,9.17@2019-08-28,Fiora,0.08566007047980483,0.0,0.603448275862069
2019,9.17@2019-08-28,Fizz,0.01002981837896449,0.0,0.25862068965517243
2019,9.17@2019-08-28,Galio,0.057739224722146924,2.0,0.5586206896551724
2019,9.17@2019-08-28,Gangplank,0.174573055028463,0.0,0.7241379310344828
2019,9.17@2019-08-28,Garen,0.005150447275684467,0.0,0.16206896551724137
2019,9.17@2019-08-28,Gnar,0.0967741935483871,0.0,0.6344827586206897
2019,9.17@2019-08-28,Gragas,0.3735429655733261,0.0,0.8620689655172413
2019,9.17@2019-08-28,Graves,0.005150447275684467,0.0,0.16206896551724137
2019,9.17@2019-08-28,Hecarim,0.041474654377880185,0.0,0.5241379310344828
2019,9.17@2019-08-28,Heimerdinger,0.01924640824071564,0.0,0.38620689655172413
2019,9.17@2019-08-28,Illaoi,0.008403361344537815,0.0,0.2413793103448276
2019,9.17@2019-08-28,Irelia,0.7478991596638656,0.0,0.9862068965517241
2019,9.17@2019-08-28,Ivern,0.007319056654920032,0.0,0.2206896551724138
2019,9.17@2019-08-28,Janna,0.003252914068853348,0.0,0.11379310344827587
2019,9.17@2019-08-28,Jarvan IV,0.5226348603957712,0.0,0.9448275862068966
2019,9.17@2019-08-28,Jax,0.06804011927351586,0.0,0.5724137931034483
2019,9.17@2019-08-28,Jayce,0.4060721062618596,0.0,0.8896551724137931
2019,9.17@2019-08-28,Jhin,0.006505828137706696,0.0,0.20689655172413793
2019,9.17@2019-08-28,Jinx,0.03578205475738683,0.0,0.4896551724137931
2019,9.17@2019-08-28,Kai'Sa,0.3586337760910816,0.0,0.8551724137931035
2019,9.17@2019-08-28,Kalista,0.1087015451341827,2.0,0.6482758620689655
2019,9.17@2019-08-28,Karma,0.680672268907563,0.0,0.9655172413793104
2019,9.17@2019-08-28,Karthus,0.17647058823529413,0.0,0.7310344827586207
2019,9.17@2019-08-28,Kassadin,0.021957169964760097,0.0,0.4
2019,9.17@2019-08-28,Katarina,0.0027107617240444567,0.0,0.1
2019,9.17@2019-08-28,Kayle,0.001626457034426674,0.0,0.05517241379310345
2019,9.17@2019-08-28,Kayn,0.014638113309840065,0.0,0.3275862068965517
2019,9.17@2019-08-28,Kennen,0.27893738140417457,0.0,0.8344827586206897
2019,9.17@2019-08-28,Kha'Zix,0.02439685551640011,0.0,0.4206896551724138
2019,9.17@2019-08-28,Kindred,0.09189482244510708,0.0,0.6206896551724138
2019,9.17@2019-08-28,Kled,0.08566007047980483,0.0,0.603448275862069
2019,9.17@2019-08-28,Kog'Maw,0.00623475196530225,0.0,0.2
2019,9.17@2019-08-28,LeBlanc,0.24451070750881,0.0,0.7931034482758621
2019,9.17@2019-08-28,Lee Sin,0.2008674437516942,0.0,0.7586206896551724
2019,9.17@2019-08-28,Leona,0.02737869341284901,1.0,0.4482758620689655
2019,9.17@2019-08-28,Lissandra,0.0314448359989157,0.0,0.4793103448275862
2019,9.17@2019-08-28,Lucian,0.31905665492003255,1.0,0.8413793103448276
2019,9.17@2019-08-28,Lulu,0.013282732447817837,0.0,0.30344827586206896
2019,9.17@2019-08-28,Lux,0.42965573326104634,0.0,0.903448275862069
2019,9.17@2019-08-28,Malphite,0.0056925996204933585,0.0,0.18275862068965518
2019,9.17@2019-08-28,Malzahar,0.007047980482515587,0.0,0.21379310344827587
2019,9.17@2019-08-28,Maokai,0.002439685551640011,0.0,0.0896551724137931
2019,9.17@2019-08-28,Master Yi,0.000813228517213337,0.0,0.013793103448275862
2019,9.17@2019-08-28,Miss Fortune,0.01002981837896449,0.0,0.25862068965517243
2019,9.17@2019-08-28,Mordekaiser,0.1366223908918406,0.0,0.6827586206896552
2019,9.17@2019-08-28,Morgana,0.2000542152344809,0.0,0.7517241379310344
2019,9.17@2019-08-28,Nami,0.007861208999728924,0.0,0.23103448275862068
2019,9.17@2019-08-28,Nasus,0.0018975332068311196,0.0,0.07241379310344828
2019,9.17@2019-08-28,Nautilus,0.4692328544320954,0.0,0.9241379310344827
2019,9.17@2019-08-28,Neeko,0.4928164814312822,1.0,0.9310344827586207
2019,9.17@2019-08-28,Nidalee,0.04283003523990241,0.0,0.5310344827586206
2019,9.17@2019-08-28,Nocturne,0.037137435619409055,0.0,0.496551724137931
2019,9.17@2019-08-28,Nunu & Willump,0.01626457034426674,0.0,0.35172413793103446
2019,9.17@2019-08-28,Olaf,0.5229059365681756,0.0,0.9517241379310345
2019,9.17@2019-08-28,Orianna,0.03117375982651125,0.0,0.46551724137931033
2019,9.17@2019-08-28,Ornn,0.029818378964489023,0.0,0.45517241379310347
2019,9.17@2019-08-28,Pantheon,0.015180265654648957,2.0,0.33793103448275863
2019,9.17@2019-08-28,Poppy,0.08023854703171591,0.0,0.5793103448275863
2019,9.17@2019-08-28,Pyke,0.15586879913255625,0.0,0.7103448275862069
2019,9.17@2019-08-28,Qiyana,0.2678232583355923,-2.0,0.8137931034482758
2019,9.17@2019-08-28,Quinn,0.001626457034426674,0.0,0.05517241379310345
2019,9.17@2019-08-28,Rakan,0.3396584440227704,0.0,0.8482758620689655
2019,9.17@2019-08-28,Rammus,0.0010843046896177825,0.0,0.02413793103448276
2019,9.17@2019-08-28,Rek'Sai,0.2607752778530767,0.0,0.8
2019,9.17@2019-08-28,Renekton,0.399024125779344,0.0,0.8827586206896552
2019,9.17@2019-08-28,Rengar,0.009216589861751152,0.0,0.2482758620689655
2019,9.17@2019-08-28,Riven,0.038221740309026836,0.0,0.503448275862069
2019,9.17@2019-08-28,Rumble,0.12849010571970723,0.0,0.6689655172413793
2019,9.17@2019-08-28,Ryze,0.2697207915424234,1.0,0.8206896551724138
2019,9.17@2019-08-28,Sejuani,0.705611276768772,0.0,0.9793103448275862
2019,9.17@2019-08-28,Shaco,0.002168609379235565,0.0,0.08275862068965517
2019,9.17@2019-08-28,Shen,0.026023312550826783,0.0,0.4413793103448276
2019,9.17@2019-08-28,Shyvana,0.0027107617240444567,0.0,0.1
2019,9.17@2019-08-28,Singed,0.001626457034426674,0.0,0.05517241379310345
2019,9.17@2019-08-28,Sion,0.024939007861209,0.0,0.43448275862068964
2019,9.17@2019-08-28,Sivir,0.5169422607752778,0.0,0.9379310344827586
2019,9.17@2019-08-28,Skarner,0.16183247492545405,0.0,0.7172413793103448
2019,9.17@2019-08-28,Sona,0.1889400921658986,0.0,0.7448275862068966
2019,9.17@2019-08-28,Soraka,0.003252914068853348,0.0,0.11379310344827587
2019,9.17@2019-08-28,Swain,0.010843046896177827,0.0,0.2793103448275862
2019,9.17@2019-08-28,Sylas,0.6841962591488209,0.0,0.9724137931034482
2019,9.17@2019-08-28,Syndra,0.10111141230685823,0.0,0.6413793103448275
2019,9.17@2019-08-28,Tahm Kench,0.38628354567633505,0.0,0.8758620689655172
2019,9.17@2019-08-28,Taliyah,0.14936297099484955,0.0,0.7034482758620689
2019,9.17@2019-08-28,Talon,0.0314448359989157,0.0,0.4793103448275862
2019,9.17@2019-08-28,Taric,0.04364326375711575,0.0,0.5379310344827586
2019,9.17@2019-08-28,Teemo,0.0013553808620222283,0.0,0.03793103448275862
2019,9.17@2019-08-28,Thresh,0.1835185687178097,0.0,0.7379310344827587
2019,9.17@2019-08-28,Tristana,0.09460558416915153,0.0,0.6275862068965518
2019,9.17@2019-08-28,Trundle,0.08593114665220927,0.0,0.6137931034482759
2019,9.17@2019-08-28,Tryndamere,0.004066142586066685,0.0,0.1310344827586207
2019,9.17@2019-08-28,Twisted Fate,0.062076443480618054,0.0,0.5655172413793104
2019,9.17@2019-08-28,Twitch,0.004879371103280022,0.0,0.1482758620689655
2019,9.17@2019-08-28,Udyr,0.0013553808620222283,0.0,0.03793103448275862
2019,9.17@2019-08-28,Urgot,0.012198427758200054,0.0,0.296551724137931
2019,9.17@2019-08-28,Varus,0.14882081865004065,0.0,0.696551724137931
2019,9.17@2019-08-28,Vayne,0.039577121171049064,0.0,0.5103448275862069
2019,9.17@2019-08-28,Veigar,0.022228246137164544,0.0,0.4068965517241379
2019,9.17@2019-08-28,Vel'Koz,0.03117375982651125,0.0,0.46551724137931033
2019,9.17@2019-08-28,Vi,0.011385199240986717,0.0,0.2896551724137931
2019,9.17@2019-08-28,Viktor,0.050149091894822445,0.0,0.5517241379310345
2019,9.17@2019-08-28,Vladimir,0.26402819192193006,0.0,0.8068965517241379
2019,9.17@2019-08-28,Volibear,0.04743833017077799,0.0,0.5448275862068965
2019,9.17@2019-08-28,Warwick,0.0010843046896177825,0.0,0.02413793103448276
2019,9.17@2019-08-28,Wukong,0.0005421523448088912,0.0,0.006896551724137931
2019,9.17@2019-08-28,Xayah,0.5364597451883979,0.0,0.9586206896551724
2019,9.17@2019-08-28,Xerath,0.010843046896177827,0.0,0.2793103448275862
2019,9.17@2019-08-28,Xin Zhao,0.11846028734074275,0.0,0.6551724137931034
2019,9.17@2019-08-28,Yasuo,0.2404445649227433,0.0,0.7862068965517242
2019,9.17@2019-08-28,Yorick,0.024667931688804556,0.0,0.42758620689655175
2019,9.17@2019-08-28,Yuumi,0.8105177554892925,0.0,0.993103448275862
2019,9.17@2019-08-28,Zac,0.01057197072377338,0.0,0.2689655172413793
2019,9.17@2019-08-28,Zed,0.040661425860666844,0.0,0.5172413793103449
2019,9.17@2019-08-28,Ziggs,0.007861208999728924,0.0,0.23103448275862068
2019,9.17@2019-08-28,Zilean,0.02358362699918677,0.0,0.41379310344827586
2019,9.17@2019-08-28,Zoe,0.21523448088912986,0.0,0.7655172413793103
2019,9.17@2019-08-28,Zyra,0.004608294930875576,2.0,0.13793103448275862
2019,9.18@2019-09-11,Aatrox,0.8346557460967494,-2.0,1.0
2019,9.18@2019-09-11,Ahri,0.01894036345021756,0.0,0.3724137931034483
2019,9.18@2019-09-11,Akali,0.4663424622472485,-3.0,0.9310344827586207
2019,9.18@2019-09-11,Alistar,0.13155874072178142,0.0,0.6758620689655173
2019,9.18@2019-09-11,Amumu,0.005119017148707448,0.0,0.16551724137931034
2019,9.18@2019-09-11,Anivia,0.016124904018428463,0.0,0.3448275862068966
2019,9.18@2019-09-11,Annie,0.0033273611466598414,0.0,0.1103448275862069
2019,9.18@2019-09-11,Ashe,0.08011261837727156,0.0,0.6
2019,9.18@2019-09-11,Aurelion Sol,0.004607115433836704,1.0,0.15517241379310345
2019,9.18@2019-09-11,Azir,0.37420015357051445,0.0,0.8620689655172413
2019,9.18@2019-09-11,Bard,0.0148451497312516,0.0,0.3275862068965517
2019,9.18@2019-09-11,Blitzcrank,0.014589198873816227,0.0,0.31724137931034485
2019,9.18@2019-09-11,Brand,0.0017916560020476069,0.0,0.06551724137931035
2019,9.18@2019-09-11,Braum,0.2311236242641413,0.0,0.7724137931034483
2019,9.18@2019-09-11,Caitlyn,0.1402610698745841,1.0,0.6896551724137931
2019,9.18@2019-09-11,Camille,0.27284361402610696,0.0,0.8275862068965517
2019,9.18@2019-09-11,Cassiopeia,0.07934476580496545,0.0,0.5862068965517241
2019,9.18@2019-09-11,Cho'Gath,0.0148451497312516,0.0,0.3275862068965517
2019,9.18@2019-09-11,Corki,0.4289736370616842,0.0,0.903448275862069
2019,9.18@2019-09-11,Darius,0.019708216022523675,0.0,0.3793103448275862
2019,9.18@2019-09-11,Diana,0.005630918863578193,0.0,0.1793103448275862
2019,9.18@2019-09-11,Dr. Mundo,0.0053749680061428206,0.0,0.1724137931034483
2019,9.18@2019-09-11,Draven,0.1297670847197338,0.0,0.6620689655172414
2019,9.18@2019-09-11,Ekko,0.015613002303557716,2.0,0.33793103448275863
2019,9.18@2019-09-11,Elise,0.246736626567699,0.0,0.8
2019,9.18@2019-09-11,Evelynn,0.016636805733299207,2.0,0.35172413793103446
2019,9.18@2019-09-11,Ezreal,0.4589198873816227,0.0,0.9103448275862069
2019,9.18@2019-09-11,Fiddlesticks,0.017660609163040696,0.0,0.36551724137931035
2019,9.18@2019-09-11,Fiora,0.0798566675198362,0.0,0.593103448275862
2019,9.18@2019-09-11,Fizz,0.009726132582544152,0.0,0.25862068965517243
2019,9.18@2019-09-11,Galio,0.04786281034041464,0.0,0.5517241379310345
2019,9.18@2019-09-11,Gangplank,0.19324289736370617,0.0,0.7379310344827587
2019,9.18@2019-09-11,Garen,0.007678525723061172,0.0,0.2206896551724138
2019,9.18@2019-09-11,Gnar,0.09905298182748912,0.0,0.6344827586206897
2019,9.18@2019-09-11,Gragas,0.41080112618377274,0.0,0.8896551724137931
2019,9.18@2019-09-11,Graves,0.0043511645764013306,0.0,0.13793103448275862
2019,9.18@2019-09-11,Hecarim,0.033273611466598414,0.0,0.4896551724137931
2019,9.18@2019-09-11,Heimerdinger,0.020987970309700538,0.0,0.38620689655172413
2019,9.18@2019-09-11,Illaoi,0.009726132582544152,0.0,0.25862068965517243
2019,9.18@2019-09-11,Irelia,0.7174302533913489,0.0,0.9862068965517241
2019,9.18@2019-09-11,Ivern,0.007166624008190427,0.0,0.21379310344827587
2019,9.18@2019-09-11,Janna,0.0035833120040952137,0.0,0.1206896551724138
2019,9.18@2019-09-11,Jarvan IV,0.5188123880214999,0.0,0.9448275862068966
2019,9.18@2019-09-11,Jax,0.06910673150755055,0.0,0.5724137931034483
2019,9.18@2019-09-11,Jayce,0.3887893524443307,0.0,0.8689655172413793
2019,9.18@2019-09-11,Jhin,0.0063987714358843106,1.0,0.2
2019,9.18@2019-09-11,Jinx,0.03788072690043512,0.0,0.5137931034482759
2019,9.18@2019-09-11,Kai'Sa,0.373176350140773,-2.0,0.8551724137931035
2019,9.18@2019-09-11,Kalista,0.10263629383158433,0.0,0.6413793103448275
2019,9.18@2019-09-11,Karma,0.6902994625031994,0.0,0.9724137931034482
2019,9.18@2019-09-11,Karthus,0.17481443562835935,0.0,0.7241379310344828
2019,9.18@2019-09-11,Kassadin,0.02431533145636038,0.0,0.4241379310344828
2019,9.18@2019-09-11,Katarina,0.002559508574353724,0.0,0.0896551724137931
2019,9.18@2019-09-11,Kayle,0.0015357051446122344,1.0,0.05172413793103448
2019,9.18@2019-09-11,Kayn,0.013565395444074738,0.0,0.3103448275862069
2019,9.18@2019-09-11,Kennen,0.2710519580240594,0.0,0.8206896551724138
2019,9.18@2019-09-11,Kha'Zix,0.023035577169183516,0.0,0.4068965517241379
2019,9.18@2019-09-11,Kindred,0.08471973381110827,0.0,0.6137931034482759
2019,9.18@2019-09-11,Kled,0.0918863578192987,0.0,0.6206896551724138
2019,9.18@2019-09-11,Kog'Maw,0.005886869721013565,0.0,0.18620689655172415
2019,9.18@2019-09-11,LeBlanc,0.2449449705656514,0.0,0.7862068965517242
2019,9.18@2019-09-11,Lee Sin,0.19426670079344766,2.0,0.7448275862068966
2019,9.18@2019-09-11,Leona,0.030202201177373943,0.0,0.46551724137931033
2019,9.18@2019-09-11,Lissandra,0.030970053749680062,0.0,0.47586206896551725
2019,9.18@2019-09-11,Lucian,0.3171231123624264,0.0,0.8413793103448276
2019,9.18@2019-09-11,Lulu,0.012541592014333249,0.0,0.30344827586206896
2019,9.18@2019-09-11,Lux,0.4100332736114666,0.0,0.8827586206896552
2019,9.18@2019-09-11,Malphite,0.006142820578448937,0.0,0.19310344827586207
2019,9.18@2019-09-11,Malzahar,0.008190427437931917,0.0,0.2413793103448276
2019,9.18@2019-09-11,Maokai,0.002303557716918352,0.0,0.08275862068965517
2019,9.18@2019-09-11,Master Yi,0.0007678525723061172,0.0,0.013793103448275862
2019,9.18@2019-09-11,Miss Fortune,0.008958280010238035,1.0,0.2482758620689655
2019,9.18@2019-09-11,Mordekaiser,0.13923726644484258,0.0,0.6827586206896552
2019,9.18@2019-09-11,Morgana,0.2022011773739442,0.0,0.7586206896551724
2019,9.18@2019-09-11,Nami,0.006910673150755055,0.0,0.20689655172413793
2019,9.18@2019-09-11,Nasus,0.0017916560020476069,0.0,0.06551724137931035
2019,9.18@2019-09-11,Nautilus,0.4640389045303302,0.0,0.9241379310344827
2019,9.18@2019-09-11,Neeko,0.4614793959559765,0.0,0.9172413793103448
2019,9.18@2019-09-11,Nidalee,0.04351164576401331,0.0,0.5379310344827586
2019,9.18@2019-09-11,Nocturne,0.042487842334271816,0.0,0.5310344827586206
2019,9.18@2019-09-11,Nunu & Willump,0.017404658305605322,-2.0,0.3586206896551724
2019,9.18@2019-09-11,Olaf,0.5316099308932685,0.0,0.9517241379310345
2019,9.18@2019-09-11,Orianna,0.029434348605067828,0.0,0.4482758620689655
2019,9.18@2019-09-11,Ornn,0.028922446890197084,0.0,0.4379310344827586
2019,9.18@2019-09-11,Pantheon,0.033017660609163044,0.0,0.4827586206896552
2019,9.18@2019-09-11,Poppy,0.07576145380087024,0.0,0.5793103448275863
2019,9.18@2019-09-11,Pyke,0.15331456360378806,0.0,0.7068965517241379
2019,9.18@2019-09-11,Qiyana,0.28999232147427695,0.0,0.8344827586206897
2019,9.18@2019-09-11,Quinn,0.002047606859482979,0.0,0.07586206896551724
2019,9.18@2019-09-11,Rakan,0.35321218326081394,0.0,0.8482758620689655
2019,9.18@2019-09-11,Rammus,0.0010238034297414896,0.0,0.027586206896551724
2019,9.18@2019-09-11,Rek'Sai,0.24699257742513436,0.0,0.8068965517241379
2019,9.18@2019-09-11,Renekton,0.4120808804709496,0.0,0.896551724137931
2019,9.18@2019-09-11,Rengar,0.007934476580496544,0.0,0.23103448275862068
2019,9.18@2019-09-11,Riven,0.03608907089838751,0.0,0.496551724137931
2019,9.18@2019-09-11,Rumble,0.1307908881494753,0.0,0.6689655172413793
2019,9.18@2019-09-11,Ryze,0.24315331456360378,0.0,0.7793103448275862
2019,9.18@2019-09-11,Sejuani,0.69413872536473,0.0,0.9793103448275862
2019,9.18@2019-09-11,Shaco,0.0028154594317890964,0.0,0.09655172413793103
2019,9.18@2019-09-11,Shen,0.0296902994625032,0.0,0.45517241379310347
2019,9.18@2019-09-11,Shyvana,0.0043511645764013306,0.0,0.13793103448275862
2019,9.18@2019-09-11,Singed,0.0015357051446122344,0.0,0.05172413793103448
2019,9.18@2019-09-11,Sion,0.02329152802661889,0.0,0.41379310344827586
2019,9.18@2019-09-11,Sivir,0.4870744816995137,0.0,0.9379310344827586
2019,9.18@2019-09-11,Skarner,0.17276682876887636,0.0,0.7172413793103448
2019,9.18@2019-09-11,Sona,0.1771179933452777,0.0,0.7310344827586207
2019,9.18@2019-09-11,Soraka,0.0030714102892244687,0.0,0.10344827586206896
2019,9.18@2019-09-11,Swain,0.010749936012285641,0.0,0.28620689655172415
2019,9.18@2019-09-11,Sylas,0.6839006910673151,0.0,0.9655172413793104
2019,9.18@2019-09-11,Syndra,0.10980291783977476,0.0,0.6482758620689655
2019,9.18@2019-09-11,Tahm Kench,0.3933964678781674,0.0,0.8758620689655172
2019,9.18@2019-09-11,Taliyah,0.15331456360378806,0.0,0.7068965517241379
2019,9.18@2019-09-11,Talon,0.030202201177373943,0.0,0.46551724137931033
2019,9.18@2019-09-11,Taric,0.03660097261325825,0.0,0.503448275862069
2019,9.18@2019-09-11,Teemo,0.001279754287176862,2.0,0.041379310344827586
2019,9.18@2019-09-11,Thresh,0.196570258510366,0.0,0.7517241379310344
2019,9.18@2019-09-11,Tristana,0.09674942411057078,0.0,0.6275862068965518
2019,9.18@2019-09-11,Trundle,0.08395188123880215,0.0,0.6068965517241379
2019,9.18@2019-09-11,Tryndamere,0.0035833120040952137,0.0,0.1206896551724138
2019,9.18@2019-09-11,Twisted Fate,0.061428205784489376,0.0,0.5655172413793104
2019,9.18@2019-09-11,Twitch,0.004607115433836704,0.0,0.15517241379310345
2019,9.18@2019-09-11,Udyr,0.0010238034297414896,0.0,0.027586206896551724
2019,9.18@2019-09-11,Urgot,0.012285641156897875,0.0,0.296551724137931
2019,9.18@2019-09-11,Varus,0.14896339902738673,0.0,0.696551724137931
2019,9.18@2019-09-11,Vayne,0.03839262861530586,0.0,0.5241379310344828
2019,9.18@2019-09-11,Veigar,0.0222677245968774,0.0,0.4
2019,9.18@2019-09-11,Vel'Koz,0.028922446890197084,0.0,0.4379310344827586
2019,9.18@2019-09-11,Vi,0.009982083439979524,0.0,0.2689655172413793
2019,9.18@2019-09-11,Viktor,0.04658305605323778,0.0,0.5448275862068965
2019,9.18@2019-09-11,Vladimir,0.259790120296903,0.0,0.8137931034482758
2019,9.18@2019-09-11,Volibear,0.051702073201945226,0.0,0.5586206896551724
2019,9.18@2019-09-11,Warwick,0.0010238034297414896,2.0,0.027586206896551724
2019,9.18@2019-09-11,Wukong,0.0005119017148707448,0.0,0.006896551724137931
2019,9.18@2019-09-11,Xayah,0.556693114921935,-2.0,0.9586206896551724
2019,9.18@2019-09-11,Xerath,0.010749936012285641,0.0,0.28620689655172415
2019,9.18@2019-09-11,Xin Zhao,0.11722549270540056,0.0,0.6551724137931034
2019,9.18@2019-09-11,Yasuo,0.24545687228052213,0.0,0.7931034482758621
2019,9.18@2019-09-11,Yorick,0.02431533145636038,0.0,0.4241379310344828
2019,9.18@2019-09-11,Yuumi,0.8072690043511646,0.0,0.993103448275862
2019,9.18@2019-09-11,Zac,0.010238034297414897,0.0,0.27586206896551724
2019,9.18@2019-09-11,Zed,0.03788072690043512,0.0,0.5137931034482759
2019,9.18@2019-09-11,Ziggs,0.007934476580496544,0.0,0.23103448275862068
2019,9.18@2019-09-11,Zilean,0.022011773739442027,0.0,0.3931034482758621
2019,9.18@2019-09-11,Zoe,0.2178141796775019,2.0,0.7655172413793103
2019,9.18@2019-09-11,Zyra,0.0043511645764013306,0.0,0.13793103448275862
2019,9.19@2019-09-25,Aatrox,0.8181060816439878,1.0,1.0
2019,9.19@2019-09-25,Ahri,0.019161344071091362,0.0,0.3724137931034483
2019,9.19@2019-09-25,Akali,0.49375173562899194,1.0,0.9379310344827586
2019,9.19@2019-09-25,Alistar,0.13107470147181338,0.0,0.6758620689655173
2019,9.19@2019-09-25,Amumu,0.005554012774229381,0.0,0.1724137931034483
2019,9.19@2019-09-25,Anivia,0.015551235767842266,0.0,0.31724137931034485
2019,9.19@2019-09-25,Annie,0.0036101083032490976,2.0,0.1103448275862069
2019,9.19@2019-09-25,Ashe,0.08719800055540128,2.0,0.6137931034482759
2019,9.19@2019-09-25,Aurelion Sol,0.004443210219383505,0.0,0.1310344827586207
2019,9.19@2019-09-25,Azir,0.39100249930574843,0.0,0.8620689655172413
2019,9.19@2019-09-25,Bard,0.016384337683976673,0.0,0.32413793103448274
2019,9.19@2019-09-25,Blitzcrank,0.017495140238822548,2.0,0.3413793103448276
2019,9.19@2019-09-25,Brand,0.0019439044709802832,0.0,0.06896551724137931
2019,9.19@2019-09-25,Braum,0.2296584282143849,0.0,0.7862068965517242
2019,9.19@2019-09-25,Caitlyn,0.1471813385170786,0.0,0.6896551724137931
2019,9.19@2019-09-25,Camille,0.27131352402110526,0.0,0.8275862068965517
2019,9.19@2019-09-25,Cassiopeia,0.08358789225215218,0.0,0.6068965517241379
2019,9.19@2019-09-25,Cho'Gath,0.016939738961399612,0.0,0.3310344827586207
2019,9.19@2019-09-25,Corki,0.46598167175784505,0.0,0.9310344827586207
2019,9.19@2019-09-25,Darius,0.0197167453485143,0.0,0.3793103448275862
2019,9.19@2019-09-25,Diana,0.006109414051652319,0.0,0.18620689655172415
2019,9.19@2019-09-25,Dr. Mundo,0.004720910858094974,0.0,0.15517241379310345
2019,9.19@2019-09-25,Draven,0.12801999444598722,0.0,0.6620689655172414
2019,9.19@2019-09-25,Ekko,0.018050541516245487,0.0,0.35172413793103446
2019,9.19@2019-09-25,Elise,0.25659539016939736,0.0,0.8068965517241379
2019,9.19@2019-09-25,Evelynn,0.017495140238822548,0.0,0.3413793103448276
2019,9.19@2019-09-25,Ezreal,0.4609830602610386,0.0,0.9241379310344827
2019,9.19@2019-09-25,Fiddlesticks,0.018605942793668426,0.0,0.36551724137931035
2019,9.19@2019-09-25,Fiora,0.07497917245209663,2.0,0.5862068965517241
2019,9.19@2019-09-25,Fizz,0.010830324909747292,0.0,0.2620689655172414
2019,9.19@2019-09-25,Galio,0.028047764509858374,0.0,0.46551724137931033
2019,9.19@2019-09-25,Gangplank,0.21327409053040822,0.0,0.7655172413793103
2019,9.19@2019-09-25,Garen,0.011385726187170231,0.0,0.2827586206896552
2019,9.19@2019-09-25,Gnar,0.10802554845876146,0.0,0.6344827586206897
2019,9.19@2019-09-25,Gragas,0.4565398500416551,-2.0,0.9172413793103448
2019,9.19@2019-09-25,Graves,0.004443210219383505,1.0,0.1310344827586207
2019,9.19@2019-09-25,Hecarim,0.021382949180783116,0.0,0.3896551724137931
2019,9.19@2019-09-25,Heimerdinger,0.022771452374340462,2.0,0.4
2019,9.19@2019-09-25,Illaoi,0.010274923632324354,0.0,0.25517241379310346
2019,9.19@2019-09-25,Irelia,0.6678700361010831,0.0,0.9793103448275862
2019,9.19@2019-09-25,Ivern,0.0069425159677867256,0.0,0.2103448275862069
2019,9.19@2019-09-25,Janna,0.004720910858094974,0.0,0.15517241379310345
2019,9.19@2019-09-25,Jarvan IV,0.5229103026936962,0.0,0.9517241379310345
2019,9.19@2019-09-25,Jax,0.06831435712302138,0.0,0.5724137931034483
2019,9.19@2019-09-25,Jayce,0.35990002777006386,0.0,0.8551724137931035
2019,9.19@2019-09-25,Jhin,0.007497917245209664,0.0,0.2206896551724138
2019,9.19@2019-09-25,Jinx,0.04165509580672035,0.0,0.5241379310344828
2019,9.19@2019-09-25,Kai'Sa,0.3946126076089975,0.0,0.8689655172413793
2019,9.19@2019-09-25,Kalista,0.10191613440710913,0.0,0.6241379310344828
2019,9.19@2019-09-25,Karma,0.7564565398500417,-2.0,0.9862068965517241
2019,9.19@2019-09-25,Karthus,0.18772563176895307,0.0,0.7448275862068966
2019,9.19@2019-09-25,Kassadin,0.025548458761455152,0.0,0.4413793103448276
2019,9.19@2019-09-25,Katarina,0.0027770063871146904,0.0,0.0896551724137931
2019,9.19@2019-09-25,Kayle,0.0016662038322688142,0.0,0.05517241379310345
2019,9.19@2019-09-25,Kayn,0.0116634268258817,0.0,0.2896551724137931
2019,9.19@2019-09-25,Kennen,0.2654818106081644,0.0,0.8137931034482758
2019,9.19@2019-09-25,Kha'Zix,0.023882254929186338,0.0,0.4241379310344828
2019,9.19@2019-09-25,Kindred,0.07608997500694252,0.0,0.593103448275862
2019,9.19@2019-09-25,Kled,0.10191613440710913,0.0,0.6241379310344828
2019,9.19@2019-09-25,Kog'Maw,0.006387114690363788,0.0,0.2
2019,9.19@2019-09-25,LeBlanc,0.24076645376284364,0.0,0.7931034482758621
2019,9.19@2019-09-25,Lee Sin,0.18356012218828102,0.0,0.7379310344827587
2019,9.19@2019-09-25,Leona,0.033879477922799224,0.0,0.5
2019,9.19@2019-09-25,Lissandra,0.03221327409053041,0.0,0.4896551724137931
2019,9.19@2019-09-25,Lucian,0.3254651485698417,0.0,0.8344827586206897
2019,9.19@2019-09-25,Lulu,0.013051930019439044,0.0,0.30344827586206896
2019,9.19@2019-09-25,Lux,0.39794501527353515,0.0,0.8758620689655172
2019,9.19@2019-09-25,Malphite,0.0069425159677867256,0.0,0.2103448275862069
2019,9.19@2019-09-25,Malzahar,0.007775617883921133,0.0,0.22758620689655173
2019,9.19@2019-09-25,Maokai,0.0022216051096917524,0.0,0.08275862068965517
2019,9.19@2019-09-25,Master Yi,0.0008331019161344071,0.0,0.017241379310344827
2019,9.19@2019-09-25,Miss Fortune,0.009719522354901417,0.0,0.2482758620689655
2019,9.19@2019-09-25,Mordekaiser,0.15579005831713413,1.0,0.7103448275862069
2019,9.19@2019-09-25,Morgana,0.1999444598722577,0.0,0.7517241379310344
2019,9.19@2019-09-25,Nami,0.006109414051652319,0.0,0.18620689655172415
2019,9.19@2019-09-25,Nasus,0.0019439044709802832,0.0,0.06896551724137931
2019,9.19@2019-09-25,Nautilus,0.4509858372674257,0.0,0.9103448275862069
2019,9.19@2019-09-25,Neeko,0.42488197722854765,0.0,0.8896551724137931
2019,9.19@2019-09-25,Nidalee,0.04609830602610386,0.0,0.5482758620689655
2019,9.19@2019-09-25,Nocturne,0.04609830602610386,0.0,0.5482758620689655
2019,9.19@2019-09-25,Nunu & Willump,0.018328242154956955,0.0,0.3586206896551724
2019,9.19@2019-09-25,Olaf,0.5187447931130241,0.0,0.9448275862068966
2019,9.19@2019-09-25,Orianna,0.024993057484032213,2.0,0.43448275862068964
2019,9.19@2019-09-25,Ornn,0.02638156067758956,1.0,0.45517241379310347
2019,9.19@2019-09-25,Pantheon,0.044432102193835046,-1.0,0.5379310344827586
2019,9.19@2019-09-25,Poppy,0.07386836989725076,0.0,0.5793103448275863
2019,9.19@2019-09-25,Pyke,0.14856984171063595,0.0,0.696551724137931
2019,9.19@2019-09-25,Qiyana,0.32963065815051373,0.0,0.8413793103448276
2019,9.19@2019-09-25,Quinn,0.0019439044709802832,0.0,0.06896551724137931
2019,9.19@2019-09-25,Rakan,0.3551791169119689,0.0,0.8482758620689655
2019,9.19@2019-09-25,Rammus,0.0011108025548458762,0.0,0.03103448275862069
2019,9.19@2019-09-25,Rek'Sai,0.21827270202721466,2.0,0.7793103448275862
2019,9.19@2019-09-25,Renekton,0.4384893085254096,0.0,0.896551724137931
2019,9.19@2019-09-25,Rengar,0.006109414051652319,0.0,0.18620689655172415
2019,9.19@2019-09-25,Riven,0.033879477922799224,0.0,0.5
2019,9.19@2019-09-25,Rumble,0.12218828103304638,0.0,0.6551724137931034
2019,9.19@2019-09-25,Ryze,0.15662316023326853,0.0,0.7172413793103448
2019,9.19@2019-09-25,Sejuani,0.663704526520411,-2.0,0.9724137931034482
2019,9.19@2019-09-25,Shaco,0.0030547070258261596,0.0,0.09655172413793103
2019,9.19@2019-09-25,Shen,0.03165787281310747,0.0,0.4793103448275862
2019,9.19@2019-09-25,Shyvana,0.004720910858094974,0.0,0.15517241379310345
2019,9.19@2019-09-25,Singed,0.0013885031935573452,0.0,0.04482758620689655
2019,9.19@2019-09-25,Sion,0.02304915301305193,2.0,0.4068965517241379
2019,9.19@2019-09-25,Sivir,0.4459872257706193,0.0,0.903448275862069
2019,9.19@2019-09-25,Skarner,0.17495140238822549,0.0,0.7310344827586207
2019,9.19@2019-09-25,Sona,0.14301582893640655,0.0,0.6827586206896552
2019,9.19@2019-09-25,Soraka,0.0036101083032490976,0.0,0.1103448275862069
2019,9.19@2019-09-25,Swain,0.012774229380727576,0.0,0.296551724137931
2019,9.19@2019-09-25,Sylas,0.6509302971396834,-3.0,0.9655172413793104
2019,9.19@2019-09-25,Syndra,0.12940849763954457,0.0,0.6689655172413793
2019,9.19@2019-09-25,Tahm Kench,0.40655373507359066,-2.0,0.8827586206896552
2019,9.19@2019-09-25,Taliyah,0.15690086087198002,0.0,0.7241379310344828
2019,9.19@2019-09-25,Talon,0.03165787281310747,0.0,0.4793103448275862
2019,9.19@2019-09-25,Taric,0.02582615940016662,0.0,0.4482758620689655
2019,9.19@2019-09-25,Teemo,0.0013885031935573452,0.0,0.04482758620689655
2019,9.19@2019-09-25,Thresh,0.20966398222715912,0.0,0.7586206896551724
2019,9.19@2019-09-25,Tristana,0.1102471535684532,0.0,0.6413793103448275
2019,9.19@2019-09-25,Trundle,0.07942238267148015,0.0,0.6
2019,9.19@2019-09-25,Tryndamere,0.0036101083032490976,0.0,0.1103448275862069
2019,9.19@2019-09-25,Twisted Fate,0.06692585392946404,2.0,0.5655172413793104
2019,9.19@2019-09-25,Twitch,0.004443210219383505,0.0,0.1310344827586207
2019,9.19@2019-09-25,Udyr,0.0008331019161344071,0.0,0.017241379310344827
2019,9.19@2019-09-25,Urgot,0.013885031935573451,0.0,0.3103448275862069
2019,9.19@2019-09-25,Varus,0.15162454873646208,0.0,0.7034482758620689
2019,9.19@2019-09-25,Vayne,0.0358233823937795,2.0,0.5103448275862069
2019,9.19@2019-09-25,Veigar,0.023882254929186338,1.0,0.4241379310344828
2019,9.19@2019-09-25,Vel'Koz,0.028047764509858374,0.0,0.46551724137931033
2019,9.19@2019-09-25,Vi,0.009441821716189947,0.0,0.2413793103448276
2019,9.19@2019-09-25,Viktor,0.044154401555123575,0.0,0.5310344827586206
2019,9.19@2019-09-25,Vladimir,0.2702027214662594,0.0,0.8206896551724138
2019,9.19@2019-09-25,Volibear,0.05776173285198556,0.0,0.5586206896551724
2019,9.19@2019-09-25,Warwick,0.0011108025548458762,0.0,0.03103448275862069
2019,9.19@2019-09-25,Wukong,0.0005554012774229381,0.0,0.006896551724137931
2019,9.19@2019-09-25,Xayah,0.5615106914745904,0.0,0.9586206896551724
2019,9.19@2019-09-25,Xerath,0.011108025548458762,0.0,0.27241379310344827
2019,9.19@2019-09-25,Xin Zhao,0.12163287975562344,2.0,0.6482758620689655
2019,9.19@2019-09-25,Yasuo,0.25326298250485973,0.0,0.8
2019,9.19@2019-09-25,Yorick,0.02360455429047487,0.0,0.41379310344827586
2019,9.19@2019-09-25,Yuumi,0.7953346292696474,-2.0,0.993103448275862
2019,9.19@2019-09-25,Zac,0.011108025548458762,1.0,0.27241379310344827
2019,9.19@2019-09-25,Zed,0.040821993890585946,0.0,0.5172413793103449
2019,9.19@2019-09-25,Ziggs,0.00860871980005554,0.0,0.23448275862068965
2019,9.19@2019-09-25,Zilean,0.021382949180783116,0.0,0.3896551724137931
2019,9.19@2019-09-25,Zoe,0.21466259372396557,0.0,0.7724137931034483
2019,9.19@2019-09-25,Zyra,0.004720910858094974,0.0,0.15517241379310345
2019,9.19@2019-09-26,Aatrox,0.8172404142177442,0.0,1.0
2019,9.19@2019-09-26,Ahri,0.019311502938706968,0.0,0.3724137931034483
2019,9.19@2019-09-26,Akali,0.4959417856143297,0.0,0.9379310344827586
2019,9.19@2019-09-26,Alistar,0.13070249090400224,0.0,0.6758620689655173
2019,9.19@2019-09-26,Amumu,0.00559753708368318,0.0,0.1724137931034483
2019,9.19@2019-09-26,Anivia,0.015393226980128743,0.0,0.31724137931034485
2019,9.19@2019-09-26,Annie,0.003638399104394067,0.0,0.1103448275862069
2019,9.19@2019-09-26,Ashe,0.0873215785054576,0.0,0.6137931034482759
2019,9.19@2019-09-26,Aurelion Sol,0.004478029666946544,0.0,0.1310344827586207
2019,9.19@2019-09-26,Azir,0.39322698012874335,0.0,0.8620689655172413
2019,9.19@2019-09-26,Bard,0.01651273439686538,0.0,0.32413793103448274
2019,9.19@2019-09-26,Blitzcrank,0.017632241813602016,0.0,0.3448275862068966
2019,9.19@2019-09-26,Brand,0.0019591379792891126,0.0,0.07241379310344828
2019,9.19@2019-09-26,Braum,0.23033865099356282,0.0,0.7862068965517242
2019,9.19@2019-09-26,Caitlyn,0.1472152253008676,0.0,0.6896551724137931
2019,9.19@2019-09-26,Camille,0.27232017912118667,0.0,0.8275862068965517
2019,9.19@2019-09-26,Cassiopeia,0.08284354883851106,0.0,0.6068965517241379
2019,9.19@2019-09-26,Cho'Gath,0.017072488105233697,0.0,0.3310344827586207
2019,9.19@2019-09-26,Corki,0.46851385390428213,0.0,0.9310344827586207
2019,9.19@2019-09-26,Darius,0.019871256647075286,0.0,0.3793103448275862
2019,9.19@2019-09-26,Diana,0.0061572907920514975,0.0,0.1896551724137931
2019,9.19@2019-09-26,Dr. Mundo,0.004757906521130702,0.0,0.15517241379310345
2019,9.19@2019-09-26,Draven,0.12678421494542402,0.0,0.6620689655172414
2019,9.19@2019-09-26,Ekko,0.017632241813602016,0.0,0.3448275862068966
2019,9.19@2019-09-26,Elise,0.25748670584942623,0.0,0.8068965517241379
2019,9.19@2019-09-26,Evelynn,0.017632241813602016,0.0,0.3448275862068966
2019,9.19@2019-09-26,Ezreal,0.461237055695494,0.0,0.9241379310344827
2019,9.19@2019-09-26,Fiddlesticks,0.018751749230338653,0.0,0.36551724137931035
2019,9.19@2019-09-26,Fiora,0.07500699692135461,0.0,0.5896551724137931
2019,9.19@2019-09-26,Fizz,0.0109151973131822,0.0,0.2620689655172414
2019,9.19@2019-09-26,Galio,0.027987685418415897,0.0,0.46551724137931033
2019,9.19@2019-09-26,Gangplank,0.2141057934508816,0.0,0.7655172413793103
2019,9.19@2019-09-26,Garen,0.011474951021550517,0.0,0.28620689655172415
2019,9.19@2019-09-26,Gnar,0.10831234256926953,0.0,0.6344827586206897
2019,9.19@2019-09-26,Gragas,0.45871816400783655,0.0,0.9172413793103448
2019,9.19@2019-09-26,Graves,0.004478029666946544,0.0,0.1310344827586207
2019,9.19@2019-09-26,Hecarim,0.020990764063811923,0.0,0.3931034482758621
2019,9.19@2019-09-26,Heimerdinger,0.022949902043101034,0.0,0.4
2019,9.19@2019-09-26,Illaoi,0.010355443604813882,0.0,0.25517241379310346
2019,9.19@2019-09-26,Irelia,0.66554715924993,0.0,0.9793103448275862
2019,9.19@2019-09-26,Ivern,0.006996921354603974,0.0,0.2103448275862069
2019,9.19@2019-09-26,Janna,0.004757906521130702,0.0,0.15517241379310345
2019,9.19@2019-09-26,Jarvan IV,0.522809963616009,0.0,0.9517241379310345
2019,9.19@2019-09-26,Jax,0.06801007556675064,0.0,0.5724137931034483
2019,9.19@2019-09-26,Jayce,0.3588021270640918,0.0,0.8551724137931035
2019,9.19@2019-09-26,Jhin,0.007556675062972292,0.0,0.22413793103448276
2019,9.19@2019-09-26,Jinx,0.041981528127623846,0.0,0.5241379310344828
2019,9.19@2019-09-26,Kai'Sa,0.3957458718164008,0.0,0.8689655172413793
2019,9.19@2019-09-26,Kalista,0.10215505177721802,0.0,0.6206896551724138
2019,9.19@2019-09-26,Karma,0.7598656591099916,0.0,0.9862068965517241
2019,9.19@2019-09-26,Karthus,0.1889168765743073,0.0,0.7448275862068966
2019,9.19@2019-09-26,Kassadin,0.02518891687657431,0.0,0.4413793103448276
2019,9.19@2019-09-26,Katarina,0.00279876854184159,0.0,0.0896551724137931
2019,9.19@2019-09-26,Kayle,0.0016792611251049538,0.0,0.05862068965517241
2019,9.19@2019-09-26,Kayn,0.011474951021550517,0.0,0.28620689655172415
2019,9.19@2019-09-26,Kennen,0.265883011474951,0.0,0.8137931034482758
2019,9.19@2019-09-26,Kha'Zix,0.02406940945983767,0.0,0.4241379310344828
2019,9.19@2019-09-26,Kindred,0.07500699692135461,0.0,0.5896551724137931
2019,9.19@2019-09-26,Kled,0.10271480548558634,0.0,0.6275862068965518
2019,9.19@2019-09-26,Kog'Maw,0.006437167646235657,0.0,0.2
2019,9.19@2019-09-26,LeBlanc,0.23985446403582425,0.0,0.7931034482758621
2019,9.19@2019-09-26,Lee Sin,0.18275958578225582,0.0,0.7379310344827587
2019,9.19@2019-09-26,Leona,0.033865099356283235,0.0,0.5
2019,9.19@2019-09-26,Lissandra,0.03162608452280996,0.0,0.4793103448275862
2019,9.19@2019-09-26,Lucian,0.3266162888329135,0.0,0.8344827586206897
2019,9.19@2019-09-26,Lulu,0.013154212146655471,0.0,0.30344827586206896
2019,9.19@2019-09-26,Lux,0.3977050097956899,0.0,0.8758620689655172
2019,9.19@2019-09-26,Malphite,0.006996921354603974,0.0,0.2103448275862069
2019,9.19@2019-09-26,Malzahar,0.007556675062972292,0.0,0.22413793103448276
2019,9.19@2019-09-26,Maokai,0.002239014833473272,0.0,0.08275862068965517
2019,9.19@2019-09-26,Master Yi,0.0008396305625524769,0.0,0.017241379310344827
2019,9.19@2019-09-26,Miss Fortune,0.009515813042261404,0.0,0.24482758620689654
2019,9.19@2019-09-26,Mordekaiser,0.1570109151973132,0.0,0.7172413793103448
2019,9.19@2019-09-26,Morgana,0.20011195074167365,0.0,0.7517241379310344
2019,9.19@2019-09-26,Nami,0.0061572907920514975,0.0,0.1896551724137931
2019,9.19@2019-09-26,Nasus,0.0016792611251049538,0.0,0.05862068965517241
2019,9.19@2019-09-26,Nautilus,0.45060173523649594,0.0,0.9103448275862069
2019,9.19@2019-09-26,Neeko,0.42205429610971174,0.0,0.8896551724137931
2019,9.19@2019-09-26,Nidalee,0.04645955779457039,0.0,0.5482758620689655
2019,9.19@2019-09-26,Nocturne,0.04645955779457039,0.0,0.5482758620689655
2019,9.19@2019-09-26,Nunu & Willump,0.018191995521970334,0.0,0.3586206896551724
2019,9.19@2019-09-26,Olaf,0.5180520570948782,0.0,0.9448275862068966
2019,9.19@2019-09-26,Orianna,0.02490904002239015,0.0,0.43448275862068964
2019,9.19@2019-09-26,Ornn,0.025748670584942627,0.0,0.4482758620689655
2019,9.19@2019-09-26,Pantheon,0.04478029666946544,0.0,0.5379310344827586
2019,9.19@2019-09-26,Poppy,0.07388748950461797,0.0,0.5793103448275863
2019,9.19@2019-09-26,Pyke,0.14777497900923595,0.0,0.696551724137931
2019,9.19@2019-09-26,Qiyana,0.3322138259165967,0.0,0.8413793103448276
2019,9.19@2019-09-26,Quinn,0.0019591379792891126,0.0,0.07241379310344828
2019,9.19@2019-09-26,Rakan,0.35488385110551357,0.0,0.8482758620689655
2019,9.19@2019-09-26,Rammus,0.001119507416736636,0.0,0.03103448275862069
2019,9.19@2019-09-26,Rek'Sai,0.2169045619927232,0.0,0.7793103448275862
2019,9.19@2019-09-26,Renekton,0.43912678421494544,0.0,0.896551724137931
2019,9.19@2019-09-26,Rengar,0.005877413937867338,0.0,0.1793103448275862
2019,9.19@2019-09-26,Riven,0.033865099356283235,0.0,0.5
2019,9.19@2019-09-26,Rumble,0.12174643157010916,0.0,0.6482758620689655
2019,9.19@2019-09-26,Ryze,0.15141337811363,0.0,0.7034482758620689
2019,9.19@2019-09-26,Sejuani,0.6610691295829835,0.0,0.9724137931034482
2019,9.19@2019-09-26,Shaco,0.0030786453960257487,0.0,0.09655172413793103
2019,9.19@2019-09-26,Shen,0.03190596137699412,0.0,0.4896551724137931
2019,9.19@2019-09-26,Shyvana,0.004757906521130702,0.0,0.15517241379310345
2019,9.19@2019-09-26,Singed,0.001399384270920795,0.0,0.04482758620689655
2019,9.19@2019-09-26,Sion,0.023229778897285194,0.0,0.4068965517241379
2019,9.19@2019-09-26,Sivir,0.4438846907360761,0.0,0.903448275862069
2019,9.19@2019-09-26,Skarner,0.17576266442765184,0.0,0.7310344827586207
2019,9.19@2019-09-26,Sona,0.14133781136300028,0.0,0.6827586206896552
2019,9.19@2019-09-26,Soraka,0.003638399104394067,0.0,0.1103448275862069
2019,9.19@2019-09-26,Swain,0.012874335292471313,0.0,0.296551724137931
2019,9.19@2019-09-26,Sylas,0.6498740554156172,2.0,0.9655172413793104
2019,9.19@2019-09-26,Syndra,0.1295829834872656,0.0,0.6689655172413793
2019,9.19@2019-09-26,Tahm Kench,0.4072208228379513,0.0,0.8827586206896552
2019,9.19@2019-09-26,Taliyah,0.1575706689056815,0.0,0.7241379310344828
2019,9.19@2019-09-26,Talon,0.03162608452280996,0.0,0.4793103448275862
2019,9.19@2019-09-26,Taric,0.026028547439126783,0.0,0.45517241379310347
2019,9.19@2019-09-26,Teemo,0.001399384270920795,0.0,0.04482758620689655
2019,9.19@2019-09-26,Thresh,0.20990764063811923,0.0,0.7586206896551724
2019,9.19@2019-09-26,Tristana,0.11083123425692695,0.0,0.6413793103448275
2019,9.19@2019-09-26,Trundle,0.07892527287993283,0.0,0.6
2019,9.19@2019-09-26,Tryndamere,0.003638399104394067,0.0,0.1103448275862069
2019,9.19@2019-09-26,Twisted Fate,0.06717044500419815,0.0,0.5655172413793104
2019,9.19@2019-09-26,Twitch,0.004478029666946544,0.0,0.1310344827586207
2019,9.19@2019-09-26,Udyr,0.0008396305625524769,0.0,0.017241379310344827
2019,9.19@2019-09-26,Urgot,0.01371396585502379,0.0,0.3103448275862069
2019,9.19@2019-09-26,Varus,0.1528127623845508,0.0,0.7103448275862069
2019,9.19@2019-09-26,Vayne,0.03554436048138819,0.0,0.5103448275862069
2019,9.19@2019-09-26,Veigar,0.02406940945983767,0.0,0.4241379310344828
2019,9.19@2019-09-26,Vel'Koz,0.027987685418415897,0.0,0.46551724137931033
2019,9.19@2019-09-26,Vi,0.009515813042261404,0.0,0.24482758620689654
2019,9.19@2019-09-26,Viktor,0.04394066610691296,0.0,0.5310344827586206
2019,9.19@2019-09-26,Vladimir,0.2692415337251609,0.0,0.8206896551724138
2019,9.19@2019-09-26,Volibear,0.05821438567030507,0.0,0.5586206896551724
2019,9.19@2019-09-26,Warwick,0.001119507416736636,0.0,0.03103448275862069
2019,9.19@2019-09-26,Wukong,0.000559753708368318,0.0,0.006896551724137931
2019,9.19@2019-09-26,Xayah,0.5617128463476071,0.0,0.9586206896551724
2019,9.19@2019-09-26,Xerath,0.01119507416736636,0.0,0.27241379310344827
2019,9.19@2019-09-26,Xin Zhao,0.12230618527847748,0.0,0.6551724137931034
2019,9.19@2019-09-26,Yasuo,0.25272879932829556,0.0,0.8
2019,9.19@2019-09-26,Yorick,0.023789532605653512,0.0,0.41379310344827586
2019,9.19@2019-09-26,Yuumi,0.7945703890288273,0.0,0.993103448275862
2019,9.19@2019-09-26,Zac,0.01119507416736636,0.0,0.27241379310344827
2019,9.19@2019-09-26,Zed,0.04086202071088721,0.0,0.5172413793103449
2019,9.19@2019-09-26,Ziggs,0.008676182479708928,0.0,0.23448275862068965
2019,9.19@2019-09-26,Zilean,0.020710887209627764,0.0,0.38620689655172413
2019,9.19@2019-09-26,Zoe,0.21438567030506578,0.0,0.7724137931034483
2019,9.19@2019-09-26,Zyra,0.004757906521130702,0.0,0.15517241379310345
2019,9.19@2019-10-01,Aatrox,0.8062015503875969,0.0,1.0
2019,9.19@2019-10-01,Ahri,0.01967799642218247,0.0,0.3689655172413793
2019,9.19@2019-10-01,Akali,0.5077519379844961,0.0,0.9448275862068966
2019,9.19@2019-10-01,Alistar,0.12999403697078116,0.0,0.6827586206896552
2019,9.19@2019-10-01,Amumu,0.005963029218843173,0.0,0.17586206896551723
2019,9.19@2019-10-01,Anivia,0.015802027429934407,0.0,0.31724137931034485
2019,9.19@2019-10-01,Annie,0.003875968992248062,0.0,0.1103448275862069
2019,9.19@2019-10-01,Ashe,0.0915324985092427,0.0,0.6137931034482759
2019,9.19@2019-10-01,Aurelion Sol,0.0041741204531902205,0.0,0.12413793103448276
2019,9.19@2019-10-01,Azir,0.4013118664281455,0.0,0.8758620689655172
2019,9.19@2019-10-01,Bard,0.0172927847346452,0.0,0.3310344827586207
2019,9.19@2019-10-01,Blitzcrank,0.018187239117471676,0.0,0.3448275862068966
2019,9.19@2019-10-01,Brand,0.0020870602265951103,0.0,0.07586206896551724
2019,9.19@2019-10-01,Braum,0.2370304114490161,0.0,0.7862068965517242
2019,9.19@2019-10-01,Caitlyn,0.1490757304710793,0.0,0.7034482758620689
2019,9.19@2019-10-01,Camille,0.27579010137149673,0.0,0.8275862068965517
2019,9.19@2019-10-01,Cassiopeia,0.08884913536076326,0.0,0.6068965517241379
2019,9.19@2019-10-01,Cho'Gath,0.020274299344066785,0.0,0.38275862068965516
2019,9.19@2019-10-01,Corki,0.4907573047107931,0.0,0.9310344827586207
2019,9.19@2019-10-01,Darius,0.020870602265951103,0.0,0.3931034482758621
2019,9.19@2019-10-01,Diana,0.006261180679785331,0.0,0.18620689655172415
2019,9.19@2019-10-01,Dr. Mundo,0.004472271914132379,0.0,0.13448275862068965
2019,9.19@2019-10-01,Draven,0.12581991651759095,0.0,0.6689655172413793
2019,9.19@2019-10-01,Ekko,0.020274299344066785,0.0,0.38275862068965516
2019,9.19@2019-10-01,Elise,0.2608825283243888,0.0,0.8137931034482758
2019,9.19@2019-10-01,Evelynn,0.017590936195587357,0.0,0.33793103448275863
2019,9.19@2019-10-01,Ezreal,0.46660703637447826,0.0,0.9172413793103448
2019,9.19@2019-10-01,Fiddlesticks,0.01967799642218247,0.0,0.3689655172413793
2019,9.19@2019-10-01,Fiora,0.0727489564698867,0.0,0.5862068965517241
2019,9.19@2019-10-01,Fizz,0.011329755515802028,0.0,0.2689655172413793
2019,9.19@2019-10-01,Galio,0.02385211687537269,0.0,0.41379310344827586
2019,9.19@2019-10-01,Gangplank,0.22152653548002385,0.0,0.7793103448275862
2019,9.19@2019-10-01,Garen,0.01282051282051282,0.0,0.296551724137931
2019,9.19@2019-10-01,Gnar,0.11270125223613596,0.0,0.6344827586206897
2019,9.19@2019-10-01,Gragas,0.47376267143709005,0.0,0.9241379310344827
2019,9.19@2019-10-01,Graves,0.004472271914132379,0.0,0.13448275862068965
2019,9.19@2019-10-01,Hecarim,0.016696481812760882,0.0,0.32413793103448274
2019,9.19@2019-10-01,Heimerdinger,0.024448419797257006,0.0,0.4241379310344828
2019,9.19@2019-10-01,Illaoi,0.01073345259391771,0.0,0.2620689655172414
2019,9.19@2019-10-01,Irelia,0.6454979129397734,0.0,0.9724137931034482
2019,9.19@2019-10-01,Ivern,0.007453786523553965,0.0,0.2103448275862069
2019,9.19@2019-10-01,Janna,0.005068574836016696,0.0,0.15862068965517243
2019,9.19@2019-10-01,Jarvan IV,0.5280262373285629,0.0,0.9517241379310345
2019,9.19@2019-10-01,Jax,0.06648777579010137,0.0,0.5655172413793104
2019,9.19@2019-10-01,Jayce,0.34555754323196186,0.0,0.8413793103448276
2019,9.19@2019-10-01,Jhin,0.008050089445438283,0.0,0.22413793103448276
2019,9.19@2019-10-01,Jinx,0.042337507453786526,0.0,0.5310344827586206
2019,9.19@2019-10-01,Kai'Sa,0.4063804412641622,0.0,0.8827586206896552
2019,9.19@2019-10-01,Kalista,0.09958258795468097,0.0,0.6206896551724138
2019,9.19@2019-10-01,Karma,0.7587954680977936,0.0,0.9862068965517241
2019,9.19@2019-10-01,Karthus,0.19469290399522957,0.0,0.7448275862068966
2019,9.19@2019-10-01,Kassadin,0.02623732856290996,0.0,0.46206896551724136
2019,9.19@2019-10-01,Katarina,0.0029815146094215863,0.0,0.0896551724137931
2019,9.19@2019-10-01,Kayle,0.0017889087656529517,0.0,0.06551724137931035
2019,9.19@2019-10-01,Kayn,0.009838998211091235,0.0,0.2482758620689655
2019,9.19@2019-10-01,Kennen,0.25819916517590935,0.0,0.8068965517241379
2019,9.19@2019-10-01,Kha'Zix,0.024746571258199165,0.0,0.43448275862068964
2019,9.19@2019-10-01,Kindred,0.07096004770423375,0.0,0.5793103448275863
2019,9.19@2019-10-01,Kled,0.10912343470483005,0.0,0.6275862068965518
2019,9.19@2019-10-01,Kog'Maw,0.00655933214072749,0.0,0.19655172413793104
2019,9.19@2019-10-01,LeBlanc,0.24090638044126417,0.0,0.7931034482758621
2019,9.19@2019-10-01,Lee Sin,0.17918902802623732,0.0,0.7379310344827587
2019,9.19@2019-10-01,Leona,0.03667262969588551,0.0,0.5103448275862069
2019,9.19@2019-10-01,Lissandra,0.02981514609421586,0.0,0.47586206896551725
2019,9.19@2019-10-01,Lucian,0.3261776982707215,0.0,0.8344827586206897
2019,9.19@2019-10-01,Lulu,0.012224209898628503,0.0,0.2896551724137931
2019,9.19@2019-10-01,Lux,0.3744782349433512,0.0,0.8620689655172413
2019,9.19@2019-10-01,Malphite,0.007453786523553965,0.0,0.2103448275862069
2019,9.19@2019-10-01,Malzahar,0.008050089445438283,0.0,0.22413793103448276
2019,9.19@2019-10-01,Maokai,0.002385211687537269,0.0,0.08275862068965517
2019,9.19@2019-10-01,Master Yi,0.0008944543828264759,0.0,0.017241379310344827
2019,9.19@2019-10-01,Miss Fortune,0.009242695289206918,0.0,0.2413793103448276
2019,9.19@2019-10-01,Mordekaiser,0.16666666666666666,0.0,0.7241379310344828
2019,9.19@2019-10-01,Morgana,0.2003577817531306,0.0,0.7586206896551724
2019,9.19@2019-10-01,Nami,0.00655933214072749,0.0,0.19655172413793104
2019,9.19@2019-10-01,Nasus,0.0017889087656529517,0.0,0.06551724137931035
2019,9.19@2019-10-01,Nautilus,0.45289206917113894,0.0,0.9103448275862069
2019,9.19@2019-10-01,Neeko,0.3941562313655337,0.0,0.8689655172413793
2019,9.19@2019-10-01,Nidalee,0.046511627906976744,0.0,0.5379310344827586
2019,9.19@2019-10-01,Nocturne,0.0468097793679189,0.0,0.5448275862068965
2019,9.19@2019-10-01,Nunu & Willump,0.01937984496124031,0.0,0.35517241379310344
2019,9.19@2019-10-01,Olaf,0.5038759689922481,0.0,0.9379310344827586
2019,9.19@2019-10-01,Orianna,0.024448419797257006,0.0,0.4241379310344828
2019,9.19@2019-10-01,Ornn,0.0259391771019678,0.0,0.45517241379310347
2019,9.19@2019-10-01,Pantheon,0.048598688133571856,0.0,0.5517241379310345
2019,9.19@2019-10-01,Poppy,0.07543231961836613,0.0,0.6
2019,9.19@2019-10-01,Pyke,0.14669051878354203,0.0,0.696551724137931
2019,9.19@2019-10-01,Qiyana,0.357185450208706,0.0,0.8482758620689655
2019,9.19@2019-10-01,Quinn,0.0014907573047107932,0.0,0.05172413793103448
2019,9.19@2019-10-01,Rakan,0.3580799045915325,0.0,0.8551724137931035
2019,9.19@2019-10-01,Rammus,0.0011926058437686344,0.0,0.034482758620689655
2019,9.19@2019-10-01,Rek'Sai,0.1997614788312463,0.0,0.7517241379310344
2019,9.19@2019-10-01,Renekton,0.4409660107334526,0.0,0.903448275862069
2019,9.19@2019-10-01,Rengar,0.005963029218843173,0.0,0.17586206896551723
2019,9.19@2019-10-01,Riven,0.03398926654740608,0.0,0.496551724137931
2019,9.19@2019-10-01,Rumble,0.12283840190816935,0.0,0.6620689655172414
2019,9.19@2019-10-01,Ryze,0.12850327966607036,0.0,0.6758620689655173
2019,9.19@2019-10-01,Sejuani,0.6410256410256411,0.0,0.9655172413793104
2019,9.19@2019-10-01,Shaco,0.003279666070363745,0.0,0.09655172413793103
2019,9.19@2019-10-01,Shen,0.03220035778175313,0.0,0.4827586206896552
2019,9.19@2019-10-01,Shyvana,0.005068574836016696,0.0,0.15862068965517243
2019,9.19@2019-10-01,Singed,0.0011926058437686344,0.0,0.034482758620689655
2019,9.19@2019-10-01,Sion,0.025044722719141325,0.0,0.44482758620689655
2019,9.19@2019-10-01,Sivir,0.42248062015503873,0.0,0.896551724137931
2019,9.19@2019-10-01,Skarner,0.17769827072152652,0.0,0.7310344827586207
2019,9.19@2019-10-01,Sona,0.11687537268932618,0.0,0.6413793103448275
2019,9.19@2019-10-01,Soraka,0.003875968992248062,0.0,0.1103448275862069
2019,9.19@2019-10-01,Swain,0.014311270125223614,0.0,0.30689655172413793
2019,9.19@2019-10-01,Sylas,0.6645796064400715,0.0,0.9793103448275862
2019,9.19@2019-10-01,Syndra,0.13178294573643412,0.0,0.6896551724137931
2019,9.19@2019-10-01,Tahm Kench,0.41383422778771617,0.0,0.8896551724137931
2019,9.19@2019-10-01,Taliyah,0.15951103160405486,0.0,0.7172413793103448
2019,9.19@2019-10-01,Talon,0.032796660703637445,0.0,0.4896551724137931
2019,9.19@2019-10-01,Taric,0.022063208109719738,0.0,0.4
2019,9.19@2019-10-01,Teemo,0.0014907573047107932,0.0,0.05172413793103448
2019,9.19@2019-10-01,Thresh,0.21675611210494933,0.0,0.7724137931034483
2019,9.19@2019-10-01,Tristana,0.12015503875968993,0.0,0.6482758620689655
2019,9.19@2019-10-01,Trundle,0.0742397137745975,0.0,0.593103448275862
2019,9.19@2019-10-01,Tryndamere,0.003875968992248062,0.0,0.1103448275862069
2019,9.19@2019-10-01,Twisted Fate,0.06797853309481217,0.0,0.5724137931034483
2019,9.19@2019-10-01,Twitch,0.004770423375074538,0.0,0.14482758620689656
2019,9.19@2019-10-01,Udyr,0.0008944543828264759,0.0,0.017241379310344827
2019,9.19@2019-10-01,Urgot,0.014311270125223614,0.0,0.30689655172413793
2019,9.19@2019-10-01,Varus,0.15742397137745975,0.0,0.7103448275862069
2019,9.19@2019-10-01,Vayne,0.036076326774001195,0.0,0.503448275862069
2019,9.19@2019-10-01,Veigar,0.025044722719141325,0.0,0.44482758620689655
2019,9.19@2019-10-01,Vel'Koz,0.027728085867620753,0.0,0.4689655172413793
2019,9.19@2019-10-01,Vi,0.010137149672033392,0.0,0.25517241379310346
2019,9.19@2019-10-01,Viktor,0.04174120453190221,0.0,0.5241379310344828
2019,9.19@2019-10-01,Vladimir,0.27489564698867025,0.0,0.8206896551724138
2019,9.19@2019-10-01,Volibear,0.061717352415026835,0.0,0.5586206896551724
2019,9.19@2019-10-01,Warwick,0.0011926058437686344,0.0,0.034482758620689655
2019,9.19@2019-10-01,Wukong,0.0005963029218843172,0.0,0.006896551724137931
2019,9.19@2019-10-01,Xayah,0.5629099582587954,0.0,0.9586206896551724
2019,9.19@2019-10-01,Xerath,0.011627906976744186,0.0,0.2793103448275862
2019,9.19@2019-10-01,Xin Zhao,0.12045319022063208,0.0,0.6551724137931034
2019,9.19@2019-10-01,Yasuo,0.2516398330351819,0.0,0.8
2019,9.19@2019-10-01,Yorick,0.022957662492546212,0.0,0.4068965517241379
2019,9.19@2019-10-01,Yuumi,0.7954680977936792,0.0,0.993103448275862
2019,9.19@2019-10-01,Zac,0.011627906976744186,0.0,0.2793103448275862
2019,9.19@2019-10-01,Zed,0.04144305307096005,0.0,0.5172413793103449
2019,9.19@2019-10-01,Ziggs,0.008944543828264758,0.0,0.23448275862068965
2019,9.19@2019-10-01,Zilean,0.01937984496124031,0.0,0.35517241379310344
2019,9.19@2019-10-01,Zoe,0.21198568872987478,0.0,0.7655172413793103
2019,9.19@2019-10-01,Zyra,0.005068574836016696,0.0,0.15862068965517243
2020,10.17@2020-08-19,Aatrox,0.18926359256710254,1.0,0.7733333333333333
2020,10.17@2020-08-19,Ahri,0.020876347786189492,0.0,0.30666666666666664
2020,10.17@2020-08-19,Akali,0.11447579720119293,0.0,0.6933333333333334
2020,10.17@2020-08-19,Alistar,0.047487955953200274,0.0,0.49333333333333335
2020,10.17@2020-08-19,Amumu,0.025464556090846524,0.0,0.35333333333333333
2020,10.17@2020-08-19,Anivia,0.022482220692819455,0.0,0.3333333333333333
2020,10.17@2020-08-19,Annie,0.02018811654049094,0.0,0.29333333333333333
2020,10.17@2020-08-19,Aphelios,0.5927965129616884,0.0,0.96
2020,10.17@2020-08-19,Ashe,0.44666207845836203,0.0,0.9
2020,10.17@2020-08-19,Aurelion Sol,0.022941041523285157,0.0,0.34
2020,10.17@2020-08-19,Azir,0.3835742142693278,0.0,0.8666666666666667
2020,10.17@2020-08-19,Bard,0.3092452397338839,0.0,0.8466666666666667
2020,10.17@2020-08-19,Blitzcrank,0.08167010782289516,0.0,0.6166666666666667
2020,10.17@2020-08-19,Brand,0.0029823353980270705,0.0,0.08666666666666667
2020,10.17@2020-08-19,Braum,0.18972241339756826,0.0,0.78
2020,10.17@2020-08-19,Caitlyn,0.19499885294792382,-1.0,0.7933333333333333
2020,10.17@2020-08-19,Camille,0.2606102317045194,0.0,0.8266666666666667
2020,10.17@2020-08-19,Cassiopeia,0.11676990135352144,0.0,0.7
2020,10.17@2020-08-19,Cho'Gath,0.030511585225969258,0.0,0.37333333333333335
2020,10.17@2020-08-19,Corki,0.15554026152787337,0.0,0.7466666666666667
2020,10.17@2020-08-19,Darius,0.028217481073640742,0.0,0.36666666666666664
2020,10.17@2020-08-19,Diana,0.0217939894471209,0.0,0.32
2020,10.17@2020-08-19,Dr. Mundo,0.008488185363615508,0.0,0.14666666666666667
2020,10.17@2020-08-19,Draven,0.043358568479008944,0.0,0.46
2020,10.17@2020-08-19,Ekko,0.18857536132140398,0.0,0.7666666666666667
2020,10.17@2020-08-19,Elise,0.09107593484744207,0.0,0.6333333333333333
2020,10.17@2020-08-19,Evelynn,0.011929341592108282,-1.0,0.19
2020,10.17@2020-08-19,Ezreal,0.6304198210598762,0.0,0.98
2020,10.17@2020-08-19,Fiddlesticks,0.06262904335856848,0.0,0.5466666666666666
2020,10.17@2020-08-19,Fiora,0.050011470520761644,0.0,0.5133333333333333
2020,10.17@2020-08-19,Fizz,0.010552879100711171,0.0,0.17333333333333334
2020,10.17@2020-08-19,Galio,0.28630419821059877,0.0,0.84
2020,10.17@2020-08-19,Gangplank,0.2397338839183299,0.0,0.8066666666666666
2020,10.17@2020-08-19,Garen,0.0022941041523285156,0.0,0.07333333333333333
2020,10.17@2020-08-19,Gnar,0.04542326221610461,0.0,0.48
2020,10.17@2020-08-19,Gragas,0.0658407891718284,1.0,0.58
2020,10.17@2020-08-19,Graves,0.6106905253498509,0.0,0.9733333333333334
2020,10.17@2020-08-19,Hecarim,0.021335168616655197,-1.0,0.31333333333333335
2020,10.17@2020-08-19,Heimerdinger,0.0222528102775866,0.0,0.32666666666666666
2020,10.17@2020-08-19,Illaoi,0.013535214498738242,0.0,0.20333333333333334
2020,10.17@2020-08-19,Irelia,0.08534067446662079,0.0,0.6266666666666667
2020,10.17@2020-08-19,Ivern,0.015370497820601054,0.0,0.22666666666666666
2020,10.17@2020-08-19,Janna,0.009635237439779766,0.0,0.15333333333333332
2020,10.17@2020-08-19,Jarvan IV,0.13810506997017666,0.0,0.7266666666666667
2020,10.17@2020-08-19,Jax,0.07455838495067676,0.0,0.6066666666666667
2020,10.17@2020-08-19,Jayce,0.18674007799954118,0.0,0.76
2020,10.17@2020-08-19,Jhin,0.06354668501949988,0.0,0.5533333333333333
2020,10.17@2020-08-19,Jinx,0.011241110346409728,0.0,0.18
2020,10.17@2020-08-19,Kai'Sa,0.1036935076852489,2.0,0.6666666666666666
2020,10.17@2020-08-19,Kalista,0.5010323468685478,0.0,0.9266666666666666
2020,10.17@2020-08-19,Karma,0.6038082128928653,0.0,0.9666666666666667
2020,10.17@2020-08-19,Karthus,0.14406974076623077,0.0,0.7333333333333333
2020,10.17@2020-08-19,Kassadin,0.09772883688919477,0.0,0.6466666666666666
2020,10.17@2020-08-19,Katarina,0.0041293874741913286,0.0,0.1
2020,10.17@2020-08-19,Kayle,0.03670566643725625,0.0,0.42333333333333334
2020,10.17@2020-08-19,Kayn,0.01881165404909383,0.0,0.26666666666666666
2020,10.17@2020-08-19,Kennen,0.10874053682037164,0.0,0.6733333333333333
2020,10.17@2020-08-19,Kha'Zix,0.1023170451938518,0.0,0.66
2020,10.17@2020-08-19,Kindred,0.11172287221839872,0.0,0.68
2020,10.17@2020-08-19,Kled,0.025923376921312226,0.0,0.36
2020,10.17@2020-08-19,Kog'Maw,0.03831153934388621,0.0,0.44
2020,10.17@2020-08-19,LeBlanc,0.4005505849965588,0.0,0.8733333333333333
2020,10.17@2020-08-19,Lee Sin,0.40582702454691444,0.0,0.88
2020,10.17@2020-08-19,Leona,0.19155769671943107,0.0,0.7866666666666666
2020,10.17@2020-08-19,Lillia,0.030970406056434963,0.0,0.38
2020,10.17@2020-08-19,Lissandra,0.03670566643725625,0.0,0.42333333333333334
2020,10.17@2020-08-19,Lucian,0.10048176187198898,0.0,0.6533333333333333
2020,10.17@2020-08-19,Lulu,0.11814636384491856,0.0,0.7066666666666667
2020,10.17@2020-08-19,Lux,0.06698784124799266,-2.0,0.5866666666666667
2020,10.17@2020-08-19,Malphite,0.11264051387933012,0.0,0.6866666666666666
2020,10.17@2020-08-19,Malzahar,0.006423491626519844,0.0,0.13333333333333333
2020,10.17@2020-08-19,Maokai,0.0582702454691443,0.0,0.5266666666666666
2020,10.17@2020-08-19,Master Yi,0.001605872906629961,0.0,0.04666666666666667
2020,10.17@2020-08-19,Miss Fortune,0.09635237439779766,0.0,0.64
2020,10.17@2020-08-19,Mordekaiser,0.2482220692819454,0.0,0.82
2020,10.17@2020-08-19,Morgana,0.08167010782289516,0.0,0.6166666666666667
2020,10.17@2020-08-19,Nami,0.0020646937370956643,0.0,0.06333333333333334
2020,10.17@2020-08-19,Nasus,0.0009176416609314062,0.0,0.023333333333333334
2020,10.17@2020-08-19,Nautilus,0.49002064693737096,0.0,0.92
2020,10.17@2020-08-19,Neeko,0.016746960311998165,0.0,0.25333333333333335
2020,10.17@2020-08-19,Nidalee,0.428079834824501,0.0,0.8866666666666667
2020,10.17@2020-08-19,Nocturne,0.0724936912135811,0.0,0.6
2020,10.17@2020-08-19,Nunu & Willump,0.01605872906629961,0.0,0.24333333333333335
2020,10.17@2020-08-19,Olaf,0.24592796512961687,0.0,0.8133333333333334
2020,10.17@2020-08-19,Orianna,0.38105069970176647,0.0,0.86
2020,10.17@2020-08-19,Ornn,0.5141087405368203,0.0,0.9466666666666667
2020,10.17@2020-08-19,Pantheon,0.13191098875888965,0.0,0.72
2020,10.17@2020-08-19,Poppy,0.041523285157146136,0.0,0.4533333333333333
2020,10.17@2020-08-19,Pyke,0.02018811654049094,0.0,0.29333333333333333
2020,10.17@2020-08-19,Qiyana,0.03945859142005047,-2.0,0.44666666666666666
2020,10.17@2020-08-19,Quinn,0.013994035329203946,0.0,0.21666666666666667
2020,10.17@2020-08-19,Rakan,0.06377609543473274,0.0,0.56
2020,10.17@2020-08-19,Rammus,0.0013764624913971094,0.0,0.03666666666666667
2020,10.17@2020-08-19,Rek'Sai,0.12732278045423262,0.0,0.7133333333333334
2020,10.17@2020-08-19,Renekton,0.46203257627896305,0.0,0.9066666666666666
2020,10.17@2020-08-19,Rengar,0.0027529249827942187,0.0,0.08
2020,10.17@2020-08-19,Riven,0.011929341592108282,0.0,0.19
2020,10.17@2020-08-19,Rumble,0.06194081211286993,0.0,0.54
2020,10.17@2020-08-19,Ryze,0.044276210139940354,0.0,0.47333333333333333
2020,10.17@2020-08-19,Sejuani,0.055746730901582935,0.0,0.52
2020,10.17@2020-08-19,Senna,0.2677219545767378,0.0,0.8333333333333334
2020,10.17@2020-08-19,Sett,0.6499197063546684,0.0,1.0
2020,10.17@2020-08-19,Shaco,0.0055058499655884375,0.0,0.11333333333333333
2020,10.17@2020-08-19,Shen,0.06423491626519844,0.0,0.5666666666666667
2020,10.17@2020-08-19,Shyvana,0.03509979353062629,0.0,0.4066666666666667
2020,10.17@2020-08-19,Singed,0.0009176416609314062,0.0,0.023333333333333334
2020,10.17@2020-08-19,Sion,0.047487955953200274,0.0,0.49333333333333335
2020,10.17@2020-08-19,Sivir,0.036017435191557694,0.0,0.41333333333333333
2020,10.17@2020-08-19,Skarner,0.019270474879559532,0.0,0.2733333333333333
2020,10.17@2020-08-19,Sona,0.04932323927506309,-2.0,0.5066666666666667
2020,10.17@2020-08-19,Soraka,0.03395274145446203,0.0,0.4
2020,10.17@2020-08-19,Swain,0.0034411562284927736,0.0,0.09333333333333334
2020,10.17@2020-08-19,Sylas,0.16219316356962607,0.0,0.7533333333333333
2020,10.17@2020-08-19,Syndra,0.6363844918559303,0.0,0.9866666666666667
2020,10.17@2020-08-19,Tahm Kench,0.146822665749025,0.0,0.74
2020,10.17@2020-08-19,Taliyah,0.037393897682954806,0.0,0.43333333333333335
2020,10.17@2020-08-19,Talon,0.01995870612525809,0.0,0.28
2020,10.17@2020-08-19,Taric,0.06515255792612985,0.0,0.5733333333333334
2020,10.17@2020-08-19,Teemo,0.0018352833218628125,0.0,0.05333333333333334
2020,10.17@2020-08-19,Thresh,0.6480844230328057,0.0,0.9933333333333333
2020,10.17@2020-08-19,Tristana,0.02477632484514797,0.0,0.3466666666666667
2020,10.17@2020-08-19,Trundle,0.5074558384950677,0.0,0.9333333333333333
2020,10.17@2020-08-19,Tryndamere,0.005735260380821289,0.0,0.12333333333333334
2020,10.17@2020-08-19,Twisted Fate,0.36269786648313834,0.0,0.8533333333333334
2020,10.17@2020-08-19,Twitch,0.008029364533149804,0.0,0.14
2020,10.17@2020-08-19,Udyr,0.00022941041523285156,0.0,0.013333333333333334
2020,10.17@2020-08-19,Urgot,0.04381738930947465,0.0,0.4666666666666667
2020,10.17@2020-08-19,Varus,0.5104381738930948,1.0,0.94
2020,10.17@2020-08-19,Vayne,0.02018811654049094,0.0,0.29333333333333333
2020,10.17@2020-08-19,Veigar,0.013994035329203946,0.0,0.21666666666666667
2020,10.17@2020-08-19,Vel'Koz,0.01605872906629961,0.0,0.24333333333333335
2020,10.17@2020-08-19,Vi,0.0020646937370956643,0.0,0.06333333333333334
2020,10.17@2020-08-19,Viktor,0.033264510208763476,0.0,0.3933333333333333
2020,10.17@2020-08-19,Vladimir,0.06951135581555402,0.0,0.5933333333333334
2020,10.17@2020-08-19,Volibear,0.5882083046570314,0.0,0.9533333333333334
2020,10.17@2020-08-19,Warwick,0.0013764624913971094,0.0,0.03666666666666667
2020,10.17@2020-08-19,Wukong,0.4390915347556779,0.0,0.8933333333333333
2020,10.17@2020-08-19,Xayah,0.032805689378297774,1.0,0.38666666666666666
2020,10.17@2020-08-19,Xerath,0.01032346868547832,0.0,0.16666666666666666
2020,10.17@2020-08-19,Xin Zhao,0.0043587978894241795,0.0,0.10666666666666667
2020,10.17@2020-08-19,Yasuo,0.06171140169763707,0.0,0.5333333333333333
2020,10.17@2020-08-19,Yone,0.0,-2.0,0.006666666666666667
2020,10.17@2020-08-19,Yorick,0.009864647855012617,0.0,0.16
2020,10.17@2020-08-19,Yuumi,0.23193392980041294,0.0,0.8
2020,10.17@2020-08-19,Zac,0.013535214498738242,0.0,0.20333333333333334
2020,10.17@2020-08-19,Zed,0.015829318651066758,0.0,0.23333333333333334
2020,10.17@2020-08-19,Ziggs,0.047487955953200274,0.0,0.49333333333333335
2020,10.17@2020-08-19,Zilean,0.017435191557696718,0.0,0.26
2020,10.17@2020-08-19,Zoe,0.4783207157604955,0.0,0.9133333333333333
2020,10.17@2020-08-19,Zyra,0.005735260380821289,0.0,0.12333333333333334
2020,10.18@2020-09-02,Aatrox,0.17131816230141692,0.0,0.76
2020,10.18@2020-09-02,Ahri,0.01610133104336625,0.0,0.26
2020,10.18@2020-09-02,Akali,0.14297981966509232,0.0,0.7333333333333333
2020,10.18@2020-09-02,Alistar,0.042722198368398454,0.0,0.4533333333333333
2020,10.18@2020-09-02,Amumu,0.01867754401030485,0.0,0.29
2020,10.18@2020-09-02,Anivia,0.015027908973808502,0.0,0.22666666666666666
2020,10.18@2020-09-02,Annie,0.01567196221554315,0.0,0.24333333333333335
2020,10.18@2020-09-02,Aphelios,0.5532417346500644,0.0,0.9533333333333334
2020,10.18@2020-09-02,Ashe,0.4744525547445255,-1.0,0.9133333333333333
2020,10.18@2020-09-02,Aurelion Sol,0.01824817518248175,0.0,0.28
2020,10.18@2020-09-02,Azir,0.3802060970373551,0.0,0.8533333333333334
2020,10.18@2020-09-02,Bard,0.31987977672820955,0.0,0.8466666666666667
2020,10.18@2020-09-02,Blitzcrank,0.08265349935594676,0.0,0.6066666666666667
2020,10.18@2020-09-02,Brand,0.0021468441391155,0.0,0.07333333333333333
2020,10.18@2020-09-02,Braum,0.18656075568913696,0.0,0.7666666666666667
2020,10.18@2020-09-02,Caitlyn,0.263847144697295,0.0,0.82
2020,10.18@2020-09-02,Camille,0.27501073422069555,0.0,0.8266666666666667
2020,10.18@2020-09-02,Cassiopeia,0.11292400171747531,0.0,0.68
2020,10.18@2020-09-02,Cho'Gath,0.028553027050236154,0.0,0.37333333333333335
2020,10.18@2020-09-02,Corki,0.14255045083726922,0.0,0.7266666666666667
2020,10.18@2020-09-02,Darius,0.025976814083297554,0.0,0.36
2020,10.18@2020-09-02,Diana,0.020824388149420354,0.0,0.31333333333333335
2020,10.18@2020-09-02,Dr. Mundo,0.0066552168312580505,0.0,0.14
2020,10.18@2020-09-02,Draven,0.04658651781880636,0.0,0.48
2020,10.18@2020-09-02,Ekko,0.18956633748389867,0.0,0.7733333333333333
2020,10.18@2020-09-02,Elise,0.08802060970373551,0.0,0.62
2020,10.18@2020-09-02,Evelynn,0.0158866466294547,0.0,0.25333333333333335
2020,10.18@2020-09-02,Ezreal,0.6206526406182911,0.0,0.9866666666666667
2020,10.18@2020-09-02,Fiddlesticks,0.05689136968656076,0.0,0.5266666666666666
2020,10.18@2020-09-02,Fiora,0.0450837269214255,0.0,0.47333333333333333
2020,10.18@2020-09-02,Fizz,0.0098754830399313,0.0,0.17333333333333334
2020,10.18@2020-09-02,Galio,0.29819665092314296,-1.0,0.84
2020,10.18@2020-09-02,Gangplank,0.24559896951481322,0.0,0.8066666666666666
2020,10.18@2020-09-02,Garen,0.0017174753112924003,0.0,0.056666666666666664
2020,10.18@2020-09-02,Gnar,0.048948046371833406,0.0,0.4866666666666667
2020,10.18@2020-09-02,Gragas,0.064405324173465,0.0,0.56
2020,10.18@2020-09-02,Graves,0.605410047230571,0.0,0.98
2020,10.18@2020-09-02,Hecarim,0.040790038643194505,0.0,0.44
2020,10.18@2020-09-02,Heimerdinger,0.023185916702447403,0.0,0.34
2020,10.18@2020-09-02,Illaoi,0.012881064834693002,0.0,0.2
2020,10.18@2020-09-02,Irelia,0.08329755259768142,0.0,0.6133333333333333
2020,10.18@2020-09-02,Ivern,0.012022327179046801,0.0,0.19
2020,10.18@2020-09-02,Janna,0.008372692142550452,0.0,0.15333333333333332
2020,10.18@2020-09-02,Jarvan IV,0.12494632889652212,1.0,0.7066666666666667
2020,10.18@2020-09-02,Jax,0.07835981107771575,0.0,0.5866666666666667
2020,10.18@2020-09-02,Jayce,0.18999570631172177,0.0,0.78
2020,10.18@2020-09-02,Jhin,0.0888793473593817,0.0,0.6266666666666667
2020,10.18@2020-09-02,Jinx,0.012022327179046801,0.0,0.19
2020,10.18@2020-09-02,Kai'Sa,0.10111635895234006,0.0,0.6533333333333333
2020,10.18@2020-09-02,Kalista,0.49377415199656505,0.0,0.94
2020,10.18@2020-09-02,Karma,0.5869471876341777,0.0,0.96
2020,10.18@2020-09-02,Karthus,0.14748819235723487,0.0,0.74
2020,10.18@2020-09-02,Kassadin,0.0948905109489051,0.0,0.6466666666666666
2020,10.18@2020-09-02,Katarina,0.0038643194504079004,0.0,0.10666666666666667
2020,10.18@2020-09-02,Kayle,0.035852297123228856,2.0,0.4166666666666667
2020,10.18@2020-09-02,Kayn,0.01867754401030485,0.0,0.29
2020,10.18@2020-09-02,Kennen,0.10820094461142121,0.0,0.6666666666666666
2020,10.18@2020-09-02,Kha'Zix,0.10218978102189781,0.0,0.66
2020,10.18@2020-09-02,Kindred,0.11485616144267927,0.0,0.6933333333333334
2020,10.18@2020-09-02,Kled,0.0236152855302705,0.0,0.3466666666666667
2020,10.18@2020-09-02,Kog'Maw,0.03671103477887505,-1.0,0.4266666666666667
2020,10.18@2020-09-02,LeBlanc,0.3911550021468441,0.0,0.8733333333333333
2020,10.18@2020-09-02,Lee Sin,0.39673679690854446,0.0,0.88
2020,10.18@2020-09-02,Leona,0.19901245169600687,0.0,0.7866666666666666
2020,10.18@2020-09-02,Lillia,0.06612279948475741,0.0,0.5666666666666667
2020,10.18@2020-09-02,Lissandra,0.03413482181193645,0.0,0.4
2020,10.18@2020-09-02,Lucian,0.1365392872477458,0.0,0.7133333333333334
2020,10.18@2020-09-02,Lulu,0.11464147702876772,0.0,0.6866666666666666
2020,10.18@2020-09-02,Lux,0.07964791756118506,0.0,0.5933333333333334
2020,10.18@2020-09-02,Malphite,0.11099184199227136,0.0,0.6733333333333333
2020,10.18@2020-09-02,Malzahar,0.005152425933877201,0.0,0.12666666666666668
2020,10.18@2020-09-02,Maokai,0.0528123658222413,0.0,0.5166666666666667
2020,10.18@2020-09-02,Master Yi,0.0012881064834693002,0.0,0.03333333333333333
2020,10.18@2020-09-02,Miss Fortune,0.08179476170030056,2.0,0.6
2020,10.18@2020-09-02,Mordekaiser,0.24323744096178618,0.0,0.8
2020,10.18@2020-09-02,Morgana,0.09145556032632031,0.0,0.64
2020,10.18@2020-09-02,Nami,0.0019321597252039502,0.0,0.06666666666666667
2020,10.18@2020-09-02,Nasus,0.0008587376556462001,0.0,0.016666666666666666
2020,10.18@2020-09-02,Nautilus,0.48948046371833404,0.0,0.9333333333333333
2020,10.18@2020-09-02,Neeko,0.018892228424216402,0.0,0.3
2020,10.18@2020-09-02,Nidalee,0.4471876341777587,0.0,0.8933333333333333
2020,10.18@2020-09-02,Nocturne,0.0742808072133963,0.0,0.58
2020,10.18@2020-09-02,Nunu & Willump,0.015027908973808502,0.0,0.22666666666666666
2020,10.18@2020-09-02,Olaf,0.24774581365392873,0.0,0.8133333333333334
2020,10.18@2020-09-02,Orianna,0.3862172606268785,0.0,0.8666666666666667
2020,10.18@2020-09-02,Ornn,0.5040790038643195,0.0,0.9466666666666667
2020,10.18@2020-09-02,Pantheon,0.13761270931730357,0.0,0.72
2020,10.18@2020-09-02,Poppy,0.038213825676255905,0.0,0.43333333333333335
2020,10.18@2020-09-02,Pyke,0.019321597252039503,0.0,0.30666666666666664
2020,10.18@2020-09-02,Qiyana,0.042936882782310004,0.0,0.4633333333333333
2020,10.18@2020-09-02,Quinn,0.016745384285100903,0.0,0.27
2020,10.18@2020-09-02,Rakan,0.0639759553456419,0.0,0.5533333333333333
2020,10.18@2020-09-02,Rammus,0.0012881064834693002,0.0,0.03333333333333333
2020,10.18@2020-09-02,Rek'Sai,0.11936453413482181,0.0,0.7
2020,10.18@2020-09-02,Renekton,0.48003434950622587,0.0,0.92
2020,10.18@2020-09-02,Rengar,0.0023615285530270503,0.0,0.08333333333333333
2020,10.18@2020-09-02,Riven,0.0111635895234006,0.0,0.18
2020,10.18@2020-09-02,Rumble,0.06075568913696865,1.0,0.5333333333333333
2020,10.18@2020-09-02,Ryze,0.04164877629884071,0.0,0.44666666666666666
2020,10.18@2020-09-02,Sejuani,0.0528123658222413,0.0,0.5166666666666667
2020,10.18@2020-09-02,Senna,0.27608415629025335,0.0,0.8333333333333334
2020,10.18@2020-09-02,Sett,0.6558608844997853,-3.0,1.0
2020,10.18@2020-09-02,Shaco,0.0047230571060541005,0.0,0.11666666666666667
2020,10.18@2020-09-02,Shen,0.08995276942893946,-1.0,0.6333333333333333
2020,10.18@2020-09-02,Shyvana,0.03349076857020181,0.0,0.3933333333333333
2020,10.18@2020-09-02,Singed,0.0008587376556462001,0.0,0.016666666666666666
2020,10.18@2020-09-02,Sion,0.04937741519965651,0.0,0.49333333333333335
2020,10.18@2020-09-02,Sivir,0.034349506225848,0.0,0.4066666666666667
2020,10.18@2020-09-02,Skarner,0.0223271790468012,0.0,0.3333333333333333
2020,10.18@2020-09-02,Sona,0.05045083726921425,0.0,0.5
2020,10.18@2020-09-02,Soraka,0.031129240017174754,0.0,0.38
2020,10.18@2020-09-02,Swain,0.0034349506225848005,0.0,0.09666666666666666
2020,10.18@2020-09-02,Sylas,0.1584370974667239,0.0,0.7533333333333333
2020,10.18@2020-09-02,Syndra,0.6045513095749249,0.0,0.9733333333333334
2020,10.18@2020-09-02,Tahm Kench,0.15135251180764275,0.0,0.7466666666666667
2020,10.18@2020-09-02,Taliyah,0.035852297123228856,0.0,0.4166666666666667
2020,10.18@2020-09-02,Talon,0.02125375697724345,0.0,0.32666666666666666
2020,10.18@2020-09-02,Taric,0.061829111206526406,0.0,0.5466666666666666
2020,10.18@2020-09-02,Teemo,0.0015027908973808501,0.0,0.04666666666666667
2020,10.18@2020-09-02,Thresh,0.6401889222842422,0.0,0.9933333333333333
2020,10.18@2020-09-02,Tristana,0.02511807642765135,0.0,0.35333333333333333
2020,10.18@2020-09-02,Trundle,0.4716616573636754,0.0,0.9066666666666666
2020,10.18@2020-09-02,Tryndamere,0.0053671103477887505,0.0,0.13333333333333333
2020,10.18@2020-09-02,Twisted Fate,0.38321167883211676,0.0,0.86
2020,10.18@2020-09-02,Twitch,0.007513954486904251,2.0,0.14666666666666667
2020,10.18@2020-09-02,Udyr,0.00021468441391155003,0.0,0.006666666666666667
2020,10.18@2020-09-02,Urgot,0.042936882782310004,0.0,0.4633333333333333
2020,10.18@2020-09-02,Varus,0.4628595963933018,0.0,0.9
2020,10.18@2020-09-02,Vayne,0.0210390725633319,0.0,0.32
2020,10.18@2020-09-02,Veigar,0.013095749248604552,0.0,0.20666666666666667
2020,10.18@2020-09-02,Vel'Koz,0.01567196221554315,0.0,0.24333333333333335
2020,10.18@2020-09-02,Vi,0.0023615285530270503,0.0,0.08333333333333333
2020,10.18@2020-09-02,Viktor,0.028338342636324603,0.0,0.36666666666666664
2020,10.18@2020-09-02,Vladimir,0.07234864748819236,0.0,0.5733333333333334
2020,10.18@2020-09-02,Volibear,0.5910261914984972,0.0,0.9666666666666667
2020,10.18@2020-09-02,Warwick,0.0012881064834693002,0.0,0.03333333333333333
2020,10.18@2020-09-02,Wukong,0.41906397595534567,0.0,0.8866666666666667
2020,10.18@2020-09-02,Xayah,0.0317732932589094,0.0,0.38666666666666666
2020,10.18@2020-09-02,Xerath,0.009016745384285102,0.0,0.16
2020,10.18@2020-09-02,Xin Zhao,0.0034349506225848005,2.0,0.09666666666666666
2020,10.18@2020-09-02,Yasuo,0.061185057964791754,0.0,0.54
2020,10.18@2020-09-02,Yone,0.0017174753112924003,0.0,0.056666666666666664
2020,10.18@2020-09-02,Yorick,0.009446114212108201,0.0,0.16666666666666666
2020,10.18@2020-09-02,Yuumi,0.2206955775010734,0.0,0.7933333333333333
2020,10.18@2020-09-02,Zac,0.013954486904250751,0.0,0.21333333333333335
2020,10.18@2020-09-02,Zed,0.015027908973808502,0.0,0.22666666666666666
2020,10.18@2020-09-02,Ziggs,0.050880206097037355,0.0,0.5066666666666667
2020,10.18@2020-09-02,Zilean,0.016745384285100903,0.0,0.27
2020,10.18@2020-09-02,Zoe,0.48647488192357236,0.0,0.9266666666666666
2020,10.18@2020-09-02,Zyra,0.0047230571060541005,0.0,0.11666666666666667
2020,10.18@2020-09-03,Aatrox,0.1710244320617231,0.0,0.76
2020,10.18@2020-09-03,Ahri,0.01607372481783112,0.0,0.26
2020,10.18@2020-09-03,Akali,0.143591941705958,0.0,0.7333333333333333
2020,10.18@2020-09-03,Alistar,0.042863266180882986,0.0,0.46
2020,10.18@2020-09-03,Amumu,0.0186455207886841,0.0,0.29
2020,10.18@2020-09-03,Anivia,0.015216459494213458,0.0,0.23333333333333334
2020,10.18@2020-09-03,Annie,0.015645092156022288,0.0,0.24333333333333335
2020,10.18@2020-09-03,Aphelios,0.5525075010715816,0.0,0.9533333333333334
2020,10.18@2020-09-03,Ashe,0.4749249892841835,0.0,0.9133333333333333
2020,10.18@2020-09-03,Aurelion Sol,0.018216888126875268,0.0,0.28
2020,10.18@2020-09-03,Azir,0.37976853836262325,0.0,0.8533333333333334
2020,10.18@2020-09-03,Bard,0.31975996570938703,0.0,0.8466666666666667
2020,10.18@2020-09-03,Blitzcrank,0.08251178739819974,0.0,0.6066666666666667
2020,10.18@2020-09-03,Brand,0.0021431633090441492,0.0,0.07333333333333333
2020,10.18@2020-09-03,Braum,0.18645520788684097,0.0,0.7666666666666667
2020,10.18@2020-09-03,Caitlyn,0.26510930132876126,0.0,0.82
2020,10.18@2020-09-03,Camille,0.27518216888126873,0.0,0.8266666666666667
2020,10.18@2020-09-03,Cassiopeia,0.11294470638662667,0.0,0.68
2020,10.18@2020-09-03,Cho'Gath,0.028504072010287183,0.0,0.37333333333333335
2020,10.18@2020-09-03,Corki,0.14230604372053152,0.0,0.7266666666666667
2020,10.18@2020-09-03,Darius,0.025932276039434207,0.0,0.36
2020,10.18@2020-09-03,Diana,0.020788684097728247,0.0,0.31333333333333335
2020,10.18@2020-09-03,Dr. Mundo,0.006643806258036862,0.0,0.14
2020,10.18@2020-09-03,Draven,0.04650664380625804,0.0,0.48
2020,10.18@2020-09-03,Ekko,0.18988426918131163,0.0,0.7766666666666666
2020,10.18@2020-09-03,Elise,0.08786969567081011,0.0,0.62
2020,10.18@2020-09-03,Evelynn,0.015859408486926702,0.0,0.25333333333333335
2020,10.18@2020-09-03,Ezreal,0.6202314616373767,0.0,0.9866666666666667
2020,10.18@2020-09-03,Fiddlesticks,0.05679382768966995,0.0,0.5266666666666666
2020,10.18@2020-09-03,Fiora,0.04522074582083155,0.0,0.47333333333333333
2020,10.18@2020-09-03,Fizz,0.0100728675525075,0.0,0.17333333333333334
2020,10.18@2020-09-03,Galio,0.2978996999571367,0.0,0.84
2020,10.18@2020-09-03,Gangplank,0.24539219888555508,0.0,0.8066666666666666
2020,10.18@2020-09-03,Garen,0.0017145306472353193,0.0,0.056666666666666664
2020,10.18@2020-09-03,Gnar,0.0488641234462066,0.0,0.4866666666666667
2020,10.18@2020-09-03,Gragas,0.06429489927132448,0.0,0.56
2020,10.18@2020-09-03,Graves,0.6056579511358765,0.0,0.98
2020,10.18@2020-09-03,Hecarim,0.041577368195456495,0.0,0.44333333333333336
2020,10.18@2020-09-03,Heimerdinger,0.02314616373767681,0.0,0.34
2020,10.18@2020-09-03,Illaoi,0.012858979854264894,0.0,0.2
2020,10.18@2020-09-03,Irelia,0.08315473639091299,0.0,0.6133333333333333
2020,10.18@2020-09-03,Ivern,0.012001714530647235,0.0,0.19
2020,10.18@2020-09-03,Janna,0.008358336905272181,0.0,0.15333333333333332
2020,10.18@2020-09-03,Jarvan IV,0.12473210458636948,0.0,0.7066666666666667
2020,10.18@2020-09-03,Jax,0.0790827261037291,0.0,0.5866666666666667
2020,10.18@2020-09-03,Jayce,0.18988426918131163,0.0,0.7766666666666666
2020,10.18@2020-09-03,Jhin,0.08936990998714102,0.0,0.6266666666666667
2020,10.18@2020-09-03,Jinx,0.012001714530647235,0.0,0.19
2020,10.18@2020-09-03,Kai'Sa,0.10115730818688384,0.0,0.6533333333333333
2020,10.18@2020-09-03,Kalista,0.49357051007286756,0.0,0.94
2020,10.18@2020-09-03,Karma,0.5863694813544792,0.0,0.96
2020,10.18@2020-09-03,Karthus,0.1483069009858551,0.0,0.74
2020,10.18@2020-09-03,Kassadin,0.09472781825975139,0.0,0.6466666666666666
2020,10.18@2020-09-03,Katarina,0.0038576939562794685,0.0,0.10666666666666667
2020,10.18@2020-09-03,Kayle,0.03579082726103729,0.0,0.4166666666666667
2020,10.18@2020-09-03,Kayn,0.0186455207886841,0.0,0.29
2020,10.18@2020-09-03,Kennen,0.10822974710672953,0.0,0.6666666666666666
2020,10.18@2020-09-03,Kha'Zix,0.1020145735105015,0.0,0.66
2020,10.18@2020-09-03,Kindred,0.11465923703386198,0.0,0.6866666666666666
2020,10.18@2020-09-03,Kled,0.02357479639948564,0.0,0.3466666666666667
2020,10.18@2020-09-03,Kog'Maw,0.036862408915559364,0.0,0.4266666666666667
2020,10.18@2020-09-03,LeBlanc,0.39134162023146163,0.0,0.8733333333333333
2020,10.18@2020-09-03,Lee Sin,0.3964852121731676,0.0,0.88
2020,10.18@2020-09-03,Leona,0.19888555507929703,0.0,0.7866666666666666
2020,10.18@2020-09-03,Lillia,0.06729532790398629,0.0,0.5666666666666667
2020,10.18@2020-09-03,Lissandra,0.034076296613801974,0.0,0.4
2020,10.18@2020-09-03,Lucian,0.13737676810972996,0.0,0.7166666666666667
2020,10.18@2020-09-03,Lulu,0.1148735533647664,0.0,0.6933333333333334
2020,10.18@2020-09-03,Lux,0.08015430775825118,0.0,0.5933333333333334
2020,10.18@2020-09-03,Malphite,0.11080154307758251,0.0,0.6733333333333333
2020,10.18@2020-09-03,Malzahar,0.005143591941705958,0.0,0.12666666666666668
2020,10.18@2020-09-03,Maokai,0.05272181740248607,0.0,0.5166666666666667
2020,10.18@2020-09-03,Master Yi,0.0012858979854264896,0.0,0.03333333333333333
2020,10.18@2020-09-03,Miss Fortune,0.08165452207458208,0.0,0.6
2020,10.18@2020-09-03,Mordekaiser,0.24324903557651092,0.0,0.8
2020,10.18@2020-09-03,Morgana,0.09129875696528075,0.0,0.64
2020,10.18@2020-09-03,Nami,0.0019288469781397343,0.0,0.06666666666666667
2020,10.18@2020-09-03,Nasus,0.0008572653236176596,0.0,0.016666666666666666
2020,10.18@2020-09-03,Nautilus,0.48971281611658807,0.0,0.9333333333333333
2020,10.18@2020-09-03,Neeko,0.018859837119588514,0.0,0.3
2020,10.18@2020-09-03,Nidalee,0.44749249892841836,0.0,0.8933333333333333
2020,10.18@2020-09-03,Nocturne,0.07415345049292756,0.0,0.58
2020,10.18@2020-09-03,Nunu & Willump,0.015002143163309044,0.0,0.22333333333333333
2020,10.18@2020-09-03,Olaf,0.24817831118731248,0.0,0.8133333333333334
2020,10.18@2020-09-03,Orianna,0.3857693956279469,0.0,0.8666666666666667
2020,10.18@2020-09-03,Ornn,0.5040720102871838,0.0,0.9466666666666667
2020,10.18@2020-09-03,Pantheon,0.13737676810972996,0.0,0.7166666666666667
2020,10.18@2020-09-03,Poppy,0.03857693956279468,0.0,0.43333333333333335
2020,10.18@2020-09-03,Pyke,0.01928846978139734,0.0,0.30666666666666664
2020,10.18@2020-09-03,Qiyana,0.042863266180882986,0.0,0.46
2020,10.18@2020-09-03,Quinn,0.016716673810544362,0.0,0.27
2020,10.18@2020-09-03,Rakan,0.06386626660951565,0.0,0.5533333333333333
2020,10.18@2020-09-03,Rammus,0.0012858979854264896,0.0,0.03333333333333333
2020,10.18@2020-09-03,Rek'Sai,0.1193741963137591,0.0,0.7
2020,10.18@2020-09-03,Renekton,0.4804972138876982,0.0,0.92
2020,10.18@2020-09-03,Rengar,0.002357479639948564,0.0,0.08333333333333333
2020,10.18@2020-09-03,Riven,0.011144449207029576,0.0,0.18
2020,10.18@2020-09-03,Rumble,0.06150878696956708,0.0,0.54
2020,10.18@2020-09-03,Ryze,0.041577368195456495,0.0,0.44333333333333336
2020,10.18@2020-09-03,Sejuani,0.05272181740248607,0.0,0.5166666666666667
2020,10.18@2020-09-03,Senna,0.2762537505357908,0.0,0.8333333333333334
2020,10.18@2020-09-03,Sett,0.6555936562366053,0.0,1.0
2020,10.18@2020-09-03,Shaco,0.004714959279897128,0.0,0.11666666666666667
2020,10.18@2020-09-03,Shen,0.0904414916416631,0.0,0.6333333333333333
2020,10.18@2020-09-03,Shyvana,0.033433347621088724,0.0,0.3933333333333333
2020,10.18@2020-09-03,Singed,0.0008572653236176596,0.0,0.016666666666666666
2020,10.18@2020-09-03,Sion,0.04929275610801543,0.0,0.49333333333333335
2020,10.18@2020-09-03,Sivir,0.03429061294470639,0.0,0.4066666666666667
2020,10.18@2020-09-03,Skarner,0.022288898414059153,0.0,0.3333333333333333
2020,10.18@2020-09-03,Sona,0.05036433776253751,0.0,0.5
2020,10.18@2020-09-03,Soraka,0.031075867981140162,0.0,0.38
2020,10.18@2020-09-03,Swain,0.0034290612944706386,0.0,0.09666666666666666
2020,10.18@2020-09-03,Sylas,0.1581654522074582,0.0,0.7533333333333333
2020,10.18@2020-09-03,Syndra,0.6035147878268324,0.0,0.9733333333333334
2020,10.18@2020-09-03,Tahm Kench,0.15152164594942136,0.0,0.7466666666666667
2020,10.18@2020-09-03,Taliyah,0.03579082726103729,0.0,0.4166666666666667
2020,10.18@2020-09-03,Talon,0.021217316759537076,0.0,0.32666666666666666
2020,10.18@2020-09-03,Taric,0.062151735962280324,0.0,0.5466666666666666
2020,10.18@2020-09-03,Teemo,0.0015002143163309043,0.0,0.04666666666666667
2020,10.18@2020-09-03,Thresh,0.6401628804114874,0.0,0.9933333333333333
2020,10.18@2020-09-03,Tristana,0.025075010715816547,0.0,0.35333333333333333
2020,10.18@2020-09-03,Trundle,0.47085297899699957,0.0,0.9066666666666666
2020,10.18@2020-09-03,Tryndamere,0.005357908272610373,0.0,0.13333333333333333
2020,10.18@2020-09-03,Twisted Fate,0.3834119159879983,0.0,0.86
2020,10.18@2020-09-03,Twitch,0.007501071581654522,0.0,0.14666666666666667
2020,10.18@2020-09-03,Udyr,0.0002143163309044149,0.0,0.006666666666666667
2020,10.18@2020-09-03,Urgot,0.042863266180882986,0.0,0.46
2020,10.18@2020-09-03,Varus,0.46206600942991854,0.0,0.9
2020,10.18@2020-09-03,Vayne,0.02100300042863266,0.0,0.32
2020,10.18@2020-09-03,Veigar,0.01307329618516931,0.0,0.20666666666666667
2020,10.18@2020-09-03,Vel'Koz,0.015645092156022288,0.0,0.24333333333333335
2020,10.18@2020-09-03,Vi,0.002357479639948564,0.0,0.08333333333333333
2020,10.18@2020-09-03,Viktor,0.02828975567938277,0.0,0.36666666666666664
2020,10.18@2020-09-03,Vladimir,0.07222460351478782,0.0,0.5733333333333334
2020,10.18@2020-09-03,Volibear,0.5902271753107586,0.0,0.9666666666666667
2020,10.18@2020-09-03,Warwick,0.0012858979854264896,0.0,0.03333333333333333
2020,10.18@2020-09-03,Wukong,0.41877411058722674,0.0,0.8866666666666667
2020,10.18@2020-09-03,Xayah,0.031718816973853405,0.0,0.38666666666666666
2020,10.18@2020-09-03,Xerath,0.009001285897985427,0.0,0.16
2020,10.18@2020-09-03,Xin Zhao,0.0034290612944706386,0.0,0.09666666666666666
2020,10.18@2020-09-03,Yasuo,0.061080154307758254,0.0,0.5333333333333333
2020,10.18@2020-09-03,Yone,0.0017145306472353193,0.0,0.056666666666666664
2020,10.18@2020-09-03,Yorick,0.009429918559794257,0.0,0.16666666666666666
2020,10.18@2020-09-03,Yuumi,0.22031718816973853,0.0,0.7933333333333333
2020,10.18@2020-09-03,Zac,0.01393056150878697,0.0,0.21333333333333335
2020,10.18@2020-09-03,Zed,0.015002143163309044,0.0,0.22333333333333333
2020,10.18@2020-09-03,Ziggs,0.05100728675525075,0.0,0.5066666666666667
2020,10.18@2020-09-03,Zilean,0.016716673810544362,0.0,0.27
2020,10.18@2020-09-03,Zoe,0.48692670381483066,0.0,0.9266666666666666
2020,10.18@2020-09-03,Zyra,0.004714959279897128,0.0,0.11666666666666667
2020,10.19@2020-09-16,Aatrox,0.15873362445414846,0.0,0.7466666666666667
2020,10.19@2020-09-16,Ahri,0.012445414847161572,2.0,0.22666666666666666
2020,10.19@2020-09-16,Akali,0.1537117903930131,-1.0,0.7266666666666667
2020,10.19@2020-09-16,Alistar,0.04017467248908297,0.0,0.44333333333333336
2020,10.19@2020-09-16,Amumu,0.013537117903930132,0.0,0.24
2020,10.19@2020-09-16,Anivia,0.010043668122270743,0.0,0.18
2020,10.19@2020-09-16,Annie,0.011572052401746726,0.0,0.20333333333333334
2020,10.19@2020-09-16,Aphelios,0.5342794759825328,1.0,0.9533333333333334
2020,10.19@2020-09-16,Ashe,0.5017467248908297,0.0,0.9466666666666667
2020,10.19@2020-09-16,Aurelion Sol,0.012445414847161572,0.0,0.22666666666666666
2020,10.19@2020-09-16,Azir,0.37816593886462885,-1.0,0.8533333333333334
2020,10.19@2020-09-16,Bard,0.32947598253275107,0.0,0.8466666666666667
2020,10.19@2020-09-16,Blitzcrank,0.0816593886462882,0.0,0.5933333333333334
2020,10.19@2020-09-16,Brand,0.0017467248908296944,0.0,0.05333333333333334
2020,10.19@2020-09-16,Braum,0.18624454148471617,0.0,0.7666666666666667
2020,10.19@2020-09-16,Caitlyn,0.29694323144104806,-2.0,0.8333333333333334
2020,10.19@2020-09-16,Camille,0.2847161572052402,0.0,0.8266666666666667
2020,10.19@2020-09-16,Cassiopeia,0.10742358078602621,0.0,0.66
2020,10.19@2020-09-16,Cho'Gath,0.027074235807860263,0.0,0.37333333333333335
2020,10.19@2020-09-16,Corki,0.13471615720524016,0.0,0.7133333333333334
2020,10.19@2020-09-16,Darius,0.024890829694323144,0.0,0.3466666666666667
2020,10.19@2020-09-16,Diana,0.01834061135371179,0.0,0.3
2020,10.19@2020-09-16,Dr. Mundo,0.005021834061135371,0.0,0.13333333333333333
2020,10.19@2020-09-16,Draven,0.04781659388646288,0.0,0.48
2020,10.19@2020-09-16,Ekko,0.18842794759825326,0.0,0.7733333333333333
2020,10.19@2020-09-16,Elise,0.08034934497816594,0.0,0.5866666666666667
2020,10.19@2020-09-16,Evelynn,0.01703056768558952,0.0,0.26666666666666666
2020,10.19@2020-09-16,Ezreal,0.616593886462882,0.0,0.9866666666666667
2020,10.19@2020-09-16,Fiddlesticks,0.05218340611353712,0.0,0.5066666666666667
2020,10.19@2020-09-16,Fiora,0.04148471615720524,0.0,0.4533333333333333
2020,10.19@2020-09-16,Fizz,0.010480349344978166,0.0,0.18666666666666668
2020,10.19@2020-09-16,Galio,0.30087336244541485,0.0,0.84
2020,10.19@2020-09-16,Gangplank,0.24737991266375545,0.0,0.8133333333333334
2020,10.19@2020-09-16,Garen,0.0015283842794759825,0.0,0.04666666666666667
2020,10.19@2020-09-16,Gnar,0.05021834061135371,0.0,0.49333333333333335
2020,10.19@2020-09-16,Gragas,0.06353711790393013,0.0,0.5533333333333333
2020,10.19@2020-09-16,Graves,0.5947598253275109,0.0,0.9733333333333334
2020,10.19@2020-09-16,Hecarim,0.05851528384279476,0.0,0.5333333333333333
2020,10.19@2020-09-16,Heimerdinger,0.026200873362445413,0.0,0.36666666666666664
2020,10.19@2020-09-16,Illaoi,0.012445414847161572,0.0,0.22666666666666666
2020,10.19@2020-09-16,Irelia,0.08340611353711791,2.0,0.6066666666666667
2020,10.19@2020-09-16,Ivern,0.009170305676855894,1.0,0.17333333333333334
2020,10.19@2020-09-16,Janna,0.008078602620087336,0.0,0.16
2020,10.19@2020-09-16,Jarvan IV,0.11790393013100436,0.0,0.7066666666666667
2020,10.19@2020-09-16,Jax,0.08187772925764192,0.0,0.6
2020,10.19@2020-09-16,Jayce,0.1927947598253275,0.0,0.78
2020,10.19@2020-09-16,Jhin,0.10043668122270742,0.0,0.64
2020,10.19@2020-09-16,Jinx,0.01222707423580786,0.0,0.21333333333333335
2020,10.19@2020-09-16,Kai'Sa,0.10152838427947598,0.0,0.6466666666666666
2020,10.19@2020-09-16,Kalista,0.49301310043668123,0.0,0.9333333333333333
2020,10.19@2020-09-16,Karma,0.5820960698689956,0.0,0.96
2020,10.19@2020-09-16,Karthus,0.15524017467248907,0.0,0.7333333333333333
2020,10.19@2020-09-16,Kassadin,0.0927947598253275,0.0,0.6266666666666667
2020,10.19@2020-09-16,Katarina,0.0034934497816593887,0.0,0.1
2020,10.19@2020-09-16,Kayle,0.03537117903930131,0.0,0.41333333333333333
2020,10.19@2020-09-16,Kayn,0.018122270742358077,0.0,0.29333333333333333
2020,10.19@2020-09-16,Kennen,0.1093886462882096,0.0,0.6733333333333333
2020,10.19@2020-09-16,Kha'Zix,0.1037117903930131,0.0,0.6533333333333333
2020,10.19@2020-09-16,Kindred,0.11113537117903931,0.0,0.68
2020,10.19@2020-09-16,Kled,0.02096069868995633,0.0,0.3233333333333333
2020,10.19@2020-09-16,Kog'Maw,0.03689956331877729,0.0,0.4266666666666667
2020,10.19@2020-09-16,LeBlanc,0.3860262008733624,0.0,0.86
2020,10.19@2020-09-16,Lee Sin,0.39192139737991266,0.0,0.8666666666666667
2020,10.19@2020-09-16,Leona,0.21026200873362447,0.0,0.7933333333333333
2020,10.19@2020-09-16,Lillia,0.08493449781659389,0.0,0.62
2020,10.19@2020-09-16,Lissandra,0.03187772925764192,0.0,0.3933333333333333
2020,10.19@2020-09-16,Lucian,0.16069868995633188,-1.0,0.7566666666666667
2020,10.19@2020-09-16,Lulu,0.112882096069869,0.0,0.6933333333333334
2020,10.19@2020-09-16,Lux,0.08362445414847161,0.0,0.6133333333333333
2020,10.19@2020-09-16,Malphite,0.11179039301310044,0.0,0.6866666666666666
2020,10.19@2020-09-16,Malzahar,0.004366812227074236,0.0,0.11333333333333333
2020,10.19@2020-09-16,Maokai,0.04737991266375546,0.0,0.47333333333333333
2020,10.19@2020-09-16,Master Yi,0.001091703056768559,0.0,0.03333333333333333
2020,10.19@2020-09-16,Miss Fortune,0.06921397379912664,0.0,0.5666666666666667
2020,10.19@2020-09-16,Mordekaiser,0.2427947598253275,0.0,0.8
2020,10.19@2020-09-16,Morgana,0.0962882096069869,0.0,0.6333333333333333
2020,10.19@2020-09-16,Nami,0.001965065502183406,0.0,0.06333333333333334
2020,10.19@2020-09-16,Nasus,0.0008733624454148472,0.0,0.023333333333333334
2020,10.19@2020-09-16,Nautilus,0.49213973799126637,0.0,0.9266666666666666
2020,10.19@2020-09-16,Neeko,0.022707423580786028,0.0,0.3333333333333333
2020,10.19@2020-09-16,Nidalee,0.4572052401746725,0.0,0.9066666666666666
2020,10.19@2020-09-16,Nocturne,0.07510917030567686,0.0,0.58
2020,10.19@2020-09-16,Nunu & Willump,0.015283842794759825,0.0,0.25333333333333335
2020,10.19@2020-09-16,Olaf,0.24519650655021835,0.0,0.8066666666666666
2020,10.19@2020-09-16,Orianna,0.4,0.0,0.88
2020,10.19@2020-09-16,Ornn,0.4947598253275109,0.0,0.94
2020,10.19@2020-09-16,Pantheon,0.14104803493449783,0.0,0.72
2020,10.19@2020-09-16,Poppy,0.037336244541484716,0.0,0.43333333333333335
2020,10.19@2020-09-16,Pyke,0.01921397379912664,0.0,0.31
2020,10.19@2020-09-16,Qiyana,0.0445414847161572,0.0,0.4666666666666667
2020,10.19@2020-09-16,Quinn,0.017467248908296942,0.0,0.28
2020,10.19@2020-09-16,Rakan,0.0648471615720524,0.0,0.56
2020,10.19@2020-09-16,Rammus,0.0013100436681222707,0.0,0.04
2020,10.19@2020-09-16,Rek'Sai,0.1146288209606987,0.0,0.7
2020,10.19@2020-09-16,Renekton,0.48427947598253274,0.0,0.9133333333333333
2020,10.19@2020-09-16,Rengar,0.0026200873362445414,0.0,0.08666666666666667
2020,10.19@2020-09-16,Riven,0.0111353711790393,0.0,0.19333333333333333
2020,10.19@2020-09-16,Rumble,0.05829694323144105,0.0,0.5266666666666666
2020,10.19@2020-09-16,Ryze,0.04017467248908297,0.0,0.44333333333333336
2020,10.19@2020-09-16,Sejuani,0.05021834061135371,0.0,0.49333333333333335
2020,10.19@2020-09-16,Senna,0.28100436681222707,-2.0,0.82
2020,10.19@2020-09-16,Sett,0.6517467248908297,0.0,1.0
2020,10.19@2020-09-16,Shaco,0.004585152838427947,0.0,0.12333333333333334
2020,10.19@2020-09-16,Shen,0.10851528384279475,0.0,0.6666666666666666
2020,10.19@2020-09-16,Shyvana,0.03406113537117904,0.0,0.4
2020,10.19@2020-09-16,Singed,0.0006550218340611354,0.0,0.013333333333333334
2020,10.19@2020-09-16,Sion,0.05349344978165939,0.0,0.52
2020,10.19@2020-09-16,Sivir,0.03427947598253275,1.0,0.4066666666666667
2020,10.19@2020-09-16,Skarner,0.024672489082969432,0.0,0.34
2020,10.19@2020-09-16,Sona,0.05021834061135371,0.0,0.49333333333333335
2020,10.19@2020-09-16,Soraka,0.025109170305676855,0.0,0.35333333333333333
2020,10.19@2020-09-16,Swain,0.004148471615720524,0.0,0.10666666666666667
2020,10.19@2020-09-16,Sylas,0.16069868995633188,2.0,0.7566666666666667
2020,10.19@2020-09-16,Syndra,0.5834061135371179,0.0,0.9666666666666667
2020,10.19@2020-09-16,Tahm Kench,0.1554585152838428,0.0,0.74
2020,10.19@2020-09-16,Taliyah,0.03668122270742358,0.0,0.42
2020,10.19@2020-09-16,Talon,0.02096069868995633,0.0,0.3233333333333333
2020,10.19@2020-09-16,Taric,0.06266375545851528,0.0,0.5466666666666666
2020,10.19@2020-09-16,Teemo,0.001965065502183406,0.0,0.06333333333333334
2020,10.19@2020-09-16,Thresh,0.6384279475982533,0.0,0.9933333333333333
2020,10.19@2020-09-16,Tristana,0.02576419213973799,0.0,0.36
2020,10.19@2020-09-16,Trundle,0.45065502183406114,0.0,0.9
2020,10.19@2020-09-16,Tryndamere,0.0054585152838427945,0.0,0.14
2020,10.19@2020-09-16,Twisted Fate,0.3960698689956332,-1.0,0.8733333333333333
2020,10.19@2020-09-16,Twitch,0.007641921397379912,0.0,0.15333333333333332
2020,10.19@2020-09-16,Udyr,0.0002183406113537118,2.0,0.006666666666666667
2020,10.19@2020-09-16,Urgot,0.0425764192139738,0.0,0.46
2020,10.19@2020-09-16,Varus,0.42903930131004364,0.0,0.8933333333333333
2020,10.19@2020-09-16,Vayne,0.01921397379912664,1.0,0.31
2020,10.19@2020-09-16,Veigar,0.011572052401746726,0.0,0.20333333333333334
2020,10.19@2020-09-16,Vel'Koz,0.01724890829694323,0.0,0.2733333333333333
2020,10.19@2020-09-16,Vi,0.00240174672489083,0.0,0.07666666666666666
2020,10.19@2020-09-16,Viktor,0.027292576419213975,0.0,0.38
2020,10.19@2020-09-16,Vladimir,0.07314410480349345,0.0,0.5733333333333334
2020,10.19@2020-09-16,Volibear,0.6085152838427947,0.0,0.98
2020,10.19@2020-09-16,Warwick,0.0008733624454148472,0.0,0.023333333333333334
2020,10.19@2020-09-16,Wukong,0.41441048034934497,0.0,0.8866666666666667
2020,10.19@2020-09-16,Xayah,0.031004366812227076,0.0,0.38666666666666666
2020,10.19@2020-09-16,Xerath,0.007423580786026201,0.0,0.14666666666666667
2020,10.19@2020-09-16,Xin Zhao,0.003056768558951965,0.0,0.09333333333333334
2020,10.19@2020-09-16,Yasuo,0.05960698689956332,0.0,0.54
2020,10.19@2020-09-16,Yone,0.00240174672489083,0.0,0.07666666666666666
2020,10.19@2020-09-16,Yorick,0.00851528384279476,0.0,0.16666666666666666
2020,10.19@2020-09-16,Yuumi,0.20567685589519652,0.0,0.7866666666666666
2020,10.19@2020-09-16,Zac,0.014410480349344978,0.0,0.24666666666666667
2020,10.19@2020-09-16,Zed,0.015502183406113538,0.0,0.26
2020,10.19@2020-09-16,Ziggs,0.05262008733624454,0.0,0.5133333333333333
2020,10.19@2020-09-16,Zilean,0.017903930131004366,0.0,0.2866666666666667
2020,10.19@2020-09-16,Zoe,0.4851528384279476,0.0,0.92
2020,10.19@2020-09-16,Zyra,0.004585152838427947,0.0,0.12333333333333334
2020,10.19@2020-09-21,Aatrox,0.15050091074681238,0.0,0.7266666666666667
2020,10.19@2020-09-21,Ahri,0.010701275045537341,0.0,0.20666666666666667
2020,10.19@2020-09-21,Akali,0.1575591985428051,0.0,0.7333333333333333
2020,10.19@2020-09-21,Alistar,0.03938979963570127,0.0,0.44333333333333336
2020,10.19@2020-09-21,Amumu,0.011156648451730419,0.0,0.22333333333333333
2020,10.19@2020-09-21,Anivia,0.007969034608378871,0.0,0.16
2020,10.19@2020-09-21,Annie,0.008879781420765027,0.0,0.18666666666666668
2020,10.19@2020-09-21,Aphelios,0.5225409836065574,0.0,0.9533333333333334
2020,10.19@2020-09-21,Ashe,0.5218579234972678,0.0,0.9466666666666667
2020,10.19@2020-09-21,Aurelion Sol,0.01092896174863388,0.0,0.21333333333333335
2020,10.19@2020-09-21,Azir,0.377959927140255,0.0,0.8533333333333334
2020,10.19@2020-09-21,Bard,0.3372040072859745,0.0,0.8466666666666667
2020,10.19@2020-09-21,Blitzcrank,0.08105646630236794,0.0,0.5933333333333334
2020,10.19@2020-09-21,Brand,0.0018214936247723133,0.0,0.056666666666666664
2020,10.19@2020-09-21,Braum,0.18966302367941712,0.0,0.7733333333333333
2020,10.19@2020-09-21,Caitlyn,0.3121584699453552,0.0,0.84
2020,10.19@2020-09-21,Camille,0.29508196721311475,0.0,0.8266666666666667
2020,10.19@2020-09-21,Cassiopeia,0.1029143897996357,0.0,0.6466666666666666
2020,10.19@2020-09-21,Cho'Gath,0.02663934426229508,0.0,0.36
2020,10.19@2020-09-21,Corki,0.13387978142076504,0.0,0.7133333333333334
2020,10.19@2020-09-21,Darius,0.023224043715846996,0.0,0.34
2020,10.19@2020-09-21,Diana,0.017759562841530054,0.0,0.2833333333333333
2020,10.19@2020-09-21,Dr. Mundo,0.004326047358834244,0.0,0.12
2020,10.19@2020-09-21,Draven,0.04735883424408015,0.0,0.48333333333333334
2020,10.19@2020-09-21,Ekko,0.18806921675774135,0.0,0.7666666666666667
2020,10.19@2020-09-21,Elise,0.07695810564663023,0.0,0.5866666666666667
2020,10.19@2020-09-21,Evelynn,0.016621129326047358,0.0,0.27
2020,10.19@2020-09-21,Ezreal,0.6138433515482696,0.0,0.98
2020,10.19@2020-09-21,Fiddlesticks,0.04735883424408015,0.0,0.48333333333333334
2020,10.19@2020-09-21,Fiora,0.03938979963570127,0.0,0.44333333333333336
2020,10.19@2020-09-21,Fizz,0.010245901639344262,0.0,0.19666666666666666
2020,10.19@2020-09-21,Galio,0.3091985428051002,0.0,0.8333333333333334
2020,10.19@2020-09-21,Gangplank,0.2495446265938069,0.0,0.8133333333333334
2020,10.19@2020-09-21,Garen,0.0015938069216757742,0.0,0.04666666666666667
2020,10.19@2020-09-21,Gnar,0.05214025500910747,0.0,0.5066666666666667
2020,10.19@2020-09-21,Gragas,0.058970856102003644,0.0,0.5466666666666666
2020,10.19@2020-09-21,Graves,0.586976320582878,0.0,0.9733333333333334
2020,10.19@2020-09-21,Hecarim,0.0639799635701275,0.0,0.56
2020,10.19@2020-09-21,Heimerdinger,0.02755009107468124,0.0,0.38
2020,10.19@2020-09-21,Illaoi,0.012067395264116576,0.0,0.23333333333333334
2020,10.19@2020-09-21,Irelia,0.0831056466302368,0.0,0.6066666666666667
2020,10.19@2020-09-21,Ivern,0.008424408014571949,0.0,0.17666666666666667
2020,10.19@2020-09-21,Janna,0.00819672131147541,0.0,0.16666666666666666
2020,10.19@2020-09-21,Jarvan IV,0.10974499089253188,0.0,0.67
2020,10.19@2020-09-21,Jax,0.08173952641165756,0.0,0.6
2020,10.19@2020-09-21,Jayce,0.19672131147540983,0.0,0.7866666666666666
2020,10.19@2020-09-21,Jhin,0.10610200364298725,0.0,0.6566666666666666
2020,10.19@2020-09-21,Jinx,0.012750455373406194,0.0,0.24
2020,10.19@2020-09-21,Kai'Sa,0.10200364298724955,0.0,0.64
2020,10.19@2020-09-21,Kalista,0.48633879781420764,0.0,0.9266666666666666
2020,10.19@2020-09-21,Karma,0.5849271402550091,0.0,0.9666666666666667
2020,10.19@2020-09-21,Karthus,0.16006375227686703,0.0,0.7466666666666667
2020,10.19@2020-09-21,Kassadin,0.09039162112932604,0.0,0.6266666666666667
2020,10.19@2020-09-21,Katarina,0.0036429872495446266,0.0,0.1
2020,10.19@2020-09-21,Kayle,0.036202185792349725,0.0,0.41333333333333333
2020,10.19@2020-09-21,Kayn,0.016621129326047358,0.0,0.27
2020,10.19@2020-09-21,Kennen,0.11361566484517305,0.0,0.7
2020,10.19@2020-09-21,Kha'Zix,0.10610200364298725,0.0,0.6566666666666666
2020,10.19@2020-09-21,Kindred,0.10974499089253188,0.0,0.67
2020,10.19@2020-09-21,Kled,0.020264116575591986,0.0,0.32666666666666666
2020,10.19@2020-09-21,Kog'Maw,0.036885245901639344,0.0,0.4266666666666667
2020,10.19@2020-09-21,LeBlanc,0.3806921675774135,0.0,0.86
2020,10.19@2020-09-21,Lee Sin,0.39162112932604737,0.0,0.8666666666666667
2020,10.19@2020-09-21,Leona,0.21243169398907105,0.0,0.7933333333333333
2020,10.19@2020-09-21,Lillia,0.08948087431693989,0.0,0.62
2020,10.19@2020-09-21,Lissandra,0.030965391621129327,0.0,0.39
2020,10.19@2020-09-21,Lucian,0.16894353369763207,0.0,0.76
2020,10.19@2020-09-21,Lulu,0.11065573770491803,0.0,0.68
2020,10.19@2020-09-21,Lux,0.08697632058287796,0.0,0.6133333333333333
2020,10.19@2020-09-21,Malphite,0.11293260473588343,0.0,0.6933333333333334
2020,10.19@2020-09-21,Malzahar,0.004326047358834244,0.0,0.12
2020,10.19@2020-09-21,Maokai,0.045081967213114756,0.0,0.4666666666666667
2020,10.19@2020-09-21,Master Yi,0.0006830601092896175,0.0,0.02
2020,10.19@2020-09-21,Miss Fortune,0.057832422586520944,0.0,0.54
2020,10.19@2020-09-21,Mordekaiser,0.24316939890710382,0.0,0.8
2020,10.19@2020-09-21,Morgana,0.09904371584699453,0.0,0.6333333333333333
2020,10.19@2020-09-21,Nami,0.0020491803278688526,0.0,0.06666666666666667
2020,10.19@2020-09-21,Nasus,0.0006830601092896175,0.0,0.02
2020,10.19@2020-09-21,Nautilus,0.4913479052823315,0.0,0.94
2020,10.19@2020-09-21,Neeko,0.023679417122040074,0.0,0.3466666666666667
2020,10.19@2020-09-21,Nidalee,0.46265938069216755,0.0,0.9066666666666666
2020,10.19@2020-09-21,Nocturne,0.07468123861566485,0.0,0.5733333333333334
2020,10.19@2020-09-21,Nunu & Willump,0.015710382513661202,0.0,0.26
2020,10.19@2020-09-21,Olaf,0.24612932604735882,0.0,0.8066666666666666
2020,10.19@2020-09-21,Orianna,0.4105191256830601,0.0,0.8933333333333333
2020,10.19@2020-09-21,Ornn,0.4849726775956284,0.0,0.92
2020,10.19@2020-09-21,Pantheon,0.14389799635701275,0.0,0.72
2020,10.19@2020-09-21,Poppy,0.03756830601092896,0.0,0.43333333333333335
2020,10.19@2020-09-21,Pyke,0.019581056466302368,0.0,0.31333333333333335
2020,10.19@2020-09-21,Qiyana,0.045765027322404374,0.0,0.47333333333333333
2020,10.19@2020-09-21,Quinn,0.017759562841530054,0.0,0.2833333333333333
2020,10.19@2020-09-21,Rakan,0.06580145719489981,0.0,0.5666666666666667
2020,10.19@2020-09-21,Rammus,0.001366120218579235,0.0,0.04
2020,10.19@2020-09-21,Rek'Sai,0.11088342440801457,0.0,0.6866666666666666
2020,10.19@2020-09-21,Renekton,0.48747723132969034,0.0,0.9333333333333333
2020,10.19@2020-09-21,Rengar,0.00273224043715847,0.0,0.08666666666666667
2020,10.19@2020-09-21,Riven,0.011156648451730419,0.0,0.22333333333333333
2020,10.19@2020-09-21,Rumble,0.056010928961748634,0.0,0.53
2020,10.19@2020-09-21,Ryze,0.04052823315118397,0.0,0.4533333333333333
2020,10.19@2020-09-21,Sejuani,0.04963570127504554,0.0,0.49333333333333335
2020,10.19@2020-09-21,Senna,0.2836976320582878,0.0,0.82
2020,10.19@2020-09-21,Sett,0.6491347905282332,0.0,1.0
2020,10.19@2020-09-21,Shaco,0.004326047358834244,0.0,0.12
2020,10.19@2020-09-21,Shen,0.11612021857923498,0.0,0.7066666666666667
2020,10.19@2020-09-21,Shyvana,0.0325591985428051,0.0,0.4
2020,10.19@2020-09-21,Singed,0.0006830601092896175,0.0,0.02
2020,10.19@2020-09-21,Sion,0.05510018214936248,0.0,0.52
2020,10.19@2020-09-21,Sivir,0.033242258652094715,0.0,0.4066666666666667
2020,10.19@2020-09-21,Skarner,0.02709471766848816,0.0,0.37
2020,10.19@2020-09-21,Sona,0.05191256830601093,0.0,0.5
2020,10.19@2020-09-21,Soraka,0.020491803278688523,0.0,0.3333333333333333
2020,10.19@2020-09-21,Swain,0.004326047358834244,0.0,0.12
2020,10.19@2020-09-21,Sylas,0.16347905282331512,0.0,0.7533333333333333
2020,10.19@2020-09-21,Syndra,0.5678506375227687,0.0,0.96
2020,10.19@2020-09-21,Tahm Kench,0.15938069216757741,0.0,0.74
2020,10.19@2020-09-21,Taliyah,0.03642987249544627,0.0,0.42
2020,10.19@2020-09-21,Talon,0.01980874316939891,0.0,0.32
2020,10.19@2020-09-21,Taric,0.061247723132969036,0.0,0.5533333333333333
2020,10.19@2020-09-21,Teemo,0.0018214936247723133,0.0,0.056666666666666664
2020,10.19@2020-09-21,Thresh,0.6350182149362478,0.0,0.99
2020,10.19@2020-09-21,Tristana,0.02481785063752277,0.0,0.35333333333333333
2020,10.19@2020-09-21,Trundle,0.4401183970856102,0.0,0.9
2020,10.19@2020-09-21,Tryndamere,0.005692167577413479,0.0,0.14
2020,10.19@2020-09-21,Twisted Fate,0.4075591985428051,0.0,0.8866666666666667
2020,10.19@2020-09-21,Twitch,0.007741347905282332,0.0,0.15333333333333332
2020,10.19@2020-09-21,Udyr,0.00022768670309653916,0.0,0.006666666666666667
2020,10.19@2020-09-21,Urgot,0.04234972677595628,0.0,0.46
2020,10.19@2020-09-21,Varus,0.404143897996357,0.0,0.8733333333333333
2020,10.19@2020-09-21,Vayne,0.01889799635701275,0.0,0.30666666666666664
2020,10.19@2020-09-21,Veigar,0.010245901639344262,0.0,0.19666666666666666
2020,10.19@2020-09-21,Vel'Koz,0.017987249544626594,0.0,0.29333333333333333
2020,10.19@2020-09-21,Vi,0.0025045537340619307,0.0,0.07666666666666666
2020,10.19@2020-09-21,Viktor,0.02709471766848816,0.0,0.37
2020,10.19@2020-09-21,Vladimir,0.07536429872495447,0.0,0.58
2020,10.19@2020-09-21,Volibear,0.6350182149362478,0.0,0.99
2020,10.19@2020-09-21,Warwick,0.0009107468123861566,0.0,0.03333333333333333
2020,10.19@2020-09-21,Wukong,0.40733151183970856,0.0,0.88
2020,10.19@2020-09-21,Xayah,0.030965391621129327,0.0,0.39
2020,10.19@2020-09-21,Xerath,0.006602914389799636,0.0,0.14666666666666667
2020,10.19@2020-09-21,Xin Zhao,0.002959927140255009,0.0,0.09333333333333334
2020,10.19@2020-09-21,Yasuo,0.056010928961748634,0.0,0.53
2020,10.19@2020-09-21,Yone,0.0025045537340619307,0.0,0.07666666666666666
2020,10.19@2020-09-21,Yorick,0.008424408014571949,0.0,0.17666666666666667
2020,10.19@2020-09-21,Yuumi,0.1935336976320583,0.0,0.78
2020,10.19@2020-09-21,Zac,0.015482695810564663,0.0,0.25
2020,10.19@2020-09-21,Zed,0.015482695810564663,0.0,0.25
2020,10.19@2020-09-21,Ziggs,0.053506375227686705,0.0,0.5133333333333333
2020,10.19@2020-09-21,Zilean,0.018442622950819672,0.0,0.3
2020,10.19@2020-09-21,Zoe,0.4824681238615665,0.0,0.9133333333333333
2020,10.19@2020-09-21,Zyra,0.004326047358834244,0.0,0.12
2020,10.19@2020-09-22,Aatrox,0.14739751266697373,0.0,0.7284768211920529
2020,10.19@2020-09-22,Ahri,0.010363887609396591,0.0,0.2119205298013245
2020,10.19@2020-09-22,Akali,0.15868263473053892,0.0,0.7350993377483444
2020,10.19@2020-09-22,Alistar,0.04007369875633349,0.0,0.4503311258278146
2020,10.19@2020-09-22,Amumu,0.01174573929064947,0.0,0.23178807947019867
2020,10.19@2020-09-22,Anivia,0.008060801473975126,0.0,0.16887417218543047
2020,10.19@2020-09-22,Annie,0.009212344541685858,0.0,0.19205298013245034
2020,10.19@2020-09-22,Aphelios,0.5179640718562875,0.0,0.9470198675496688
2020,10.19@2020-09-22,Ashe,0.5280976508521419,0.0,0.9536423841059603
2020,10.19@2020-09-22,Aurelion Sol,0.011285122063565177,0.0,0.22185430463576158
2020,10.19@2020-09-22,Azir,0.3770152003684938,0.0,0.8543046357615894
2020,10.19@2020-09-22,Bard,0.33878397052049747,0.0,0.847682119205298
2020,10.19@2020-09-22,Blitzcrank,0.08152924919391985,0.0,0.5960264900662252
2020,10.19@2020-09-22,Brand,0.0016121602947950253,0.0,0.056291390728476824
2020,10.19@2020-09-22,Braum,0.1911561492399816,0.0,0.7814569536423841
2020,10.19@2020-09-22,Caitlyn,0.31598341777982497,0.0,0.8410596026490066
2020,10.19@2020-09-22,Camille,0.2975587286964532,0.0,0.8278145695364238
2020,10.19@2020-09-22,Cassiopeia,0.10248733302625518,0.0,0.6490066225165563
2020,10.19@2020-09-22,Cho'Gath,0.02694610778443114,0.0,0.36423841059602646
2020,10.19@2020-09-22,Corki,0.13334868724090282,0.0,0.7152317880794702
2020,10.19@2020-09-22,Darius,0.023261169967756793,0.0,0.347682119205298
2020,10.19@2020-09-22,Diana,0.017964071856287425,0.0,0.2913907284768212
2020,10.19@2020-09-22,Dr. Mundo,0.004375863657300783,0.0,0.12582781456953643
2020,10.19@2020-09-22,Draven,0.04744357438968217,0.0,0.4900662251655629
2020,10.19@2020-09-22,Ekko,0.18701059419622293,0.0,0.7682119205298014
2020,10.19@2020-09-22,Elise,0.07669276830953478,0.0,0.5894039735099338
2020,10.19@2020-09-22,Evelynn,0.016812528788576694,0.0,0.27483443708609273
2020,10.19@2020-09-22,Ezreal,0.6105481345002303,0.0,0.9801324503311258
2020,10.19@2020-09-22,Fiddlesticks,0.04675264854905573,0.0,0.48344370860927155
2020,10.19@2020-09-22,Fiora,0.03984339014279134,0.0,0.44370860927152317
2020,10.19@2020-09-22,Fizz,0.010133578995854445,0.0,0.20198675496688742
2020,10.19@2020-09-22,Galio,0.3090741593735606,0.0,0.8344370860927153
2020,10.19@2020-09-22,Gangplank,0.25103638876093964,0.0,0.8145695364238411
2020,10.19@2020-09-22,Garen,0.0016121602947950253,0.0,0.056291390728476824
2020,10.19@2020-09-22,Gnar,0.0525103638876094,0.0,0.5066225165562914
2020,10.19@2020-09-22,Gragas,0.05872869645324735,0.0,0.5496688741721855
2020,10.19@2020-09-22,Graves,0.5831414094887148,0.0,0.9668874172185431
2020,10.19@2020-09-22,Hecarim,0.06425610317825886,0.0,0.5629139072847682
2020,10.19@2020-09-22,Heimerdinger,0.027867342238599723,0.0,0.3841059602649007
2020,10.19@2020-09-22,Illaoi,0.012206356517733764,0.0,0.23841059602649006
2020,10.19@2020-09-22,Irelia,0.08314140948871487,0.0,0.609271523178808
2020,10.19@2020-09-22,Ivern,0.00852141870105942,0.0,0.18211920529801323
2020,10.19@2020-09-22,Janna,0.008060801473975126,0.0,0.16887417218543047
2020,10.19@2020-09-22,Jarvan IV,0.10893597420543528,0.0,0.6754966887417219
2020,10.19@2020-09-22,Jax,0.08198986642100414,0.0,0.6026490066225165
2020,10.19@2020-09-22,Jayce,0.1962229387379088,0.0,0.7880794701986755
2020,10.19@2020-09-22,Jhin,0.10732381391064026,0.0,0.6589403973509934
2020,10.19@2020-09-22,Jinx,0.01312759097190235,0.0,0.24503311258278146
2020,10.19@2020-09-22,Kai'Sa,0.10225702441271303,0.0,0.6423841059602649
2020,10.19@2020-09-22,Kalista,0.4834177798249655,0.0,0.9271523178807947
2020,10.19@2020-09-22,Karma,0.5838323353293413,0.0,0.9735099337748344
2020,10.19@2020-09-22,Karthus,0.16144633809304468,0.0,0.7483443708609272
2020,10.19@2020-09-22,Kassadin,0.09005066789497927,0.0,0.6225165562913907
2020,10.19@2020-09-22,Katarina,0.0032243205895900505,0.0,0.10596026490066225
2020,10.19@2020-09-22,Kayle,0.03661906955320129,0.0,0.423841059602649
2020,10.19@2020-09-22,Kayn,0.016812528788576694,0.0,0.27483443708609273
2020,10.19@2020-09-22,Kennen,0.11469368954398894,0.0,0.7019867549668874
2020,10.19@2020-09-22,Kha'Zix,0.10732381391064026,0.0,0.6589403973509934
2020,10.19@2020-09-22,Kindred,0.10847535697835099,0.0,0.6688741721854304
2020,10.19@2020-09-22,Kled,0.02026715799170889,0.0,0.33774834437086093
2020,10.19@2020-09-22,Kog'Maw,0.037309995393827726,0.0,0.4370860927152318
2020,10.19@2020-09-22,LeBlanc,0.3774758175955781,0.0,0.8609271523178808
2020,10.19@2020-09-22,Lee Sin,0.39106402579456473,0.0,0.8675496688741722
2020,10.19@2020-09-22,Leona,0.21326577614002765,0.0,0.7947019867549668
2020,10.19@2020-09-22,Lillia,0.09097190234914786,0.0,0.6291390728476821
2020,10.19@2020-09-22,Lissandra,0.031091662828189773,0.0,0.39072847682119205
2020,10.19@2020-09-22,Lucian,0.17065868263473055,0.0,0.7615894039735099
2020,10.19@2020-09-22,Lulu,0.11054813450023031,0.0,0.6821192052980133
2020,10.19@2020-09-22,Lux,0.08797789037309996,0.0,0.6158940397350994
2020,10.19@2020-09-22,Malphite,0.11377245508982035,0.0,0.695364238410596
2020,10.19@2020-09-22,Malzahar,0.004375863657300783,0.0,0.12582781456953643
2020,10.19@2020-09-22,Maokai,0.04467987102717642,0.0,0.47019867549668876
2020,10.19@2020-09-22,Master Yi,0.0006909258406264394,0.0,0.026490066225165563
2020,10.19@2020-09-22,Miss Fortune,0.056425610317825885,0.0,0.5397350993377483
2020,10.19@2020-09-22,Mordekaiser,0.24458774758175955,0.0,0.8013245033112583
2020,10.19@2020-09-22,Morgana,0.10064486411791801,0.0,0.6357615894039735
2020,10.19@2020-09-22,Nami,0.0020727775218793184,0.0,0.0695364238410596
2020,10.19@2020-09-22,Nasus,0.0006909258406264394,0.0,0.026490066225165563
2020,10.19@2020-09-22,Nautilus,0.48986642100414557,0.0,0.9403973509933775
2020,10.19@2020-09-22,Neeko,0.023261169967756793,0.0,0.347682119205298
2020,10.19@2020-09-22,Nidalee,0.463841547673883,0.0,0.9072847682119205
2020,10.19@2020-09-22,Nocturne,0.07554122524182405,0.0,0.5827814569536424
2020,10.19@2020-09-22,Nunu & Willump,0.015891294334408106,0.0,0.26158940397350994
2020,10.19@2020-09-22,Olaf,0.24550898203592814,0.0,0.8079470198675497
2020,10.19@2020-09-22,Orianna,0.41271303546752647,0.0,0.8940397350993378
2020,10.19@2020-09-22,Ornn,0.4822662367572547,0.0,0.9205298013245033
2020,10.19@2020-09-22,Pantheon,0.1441731920773837,0.0,0.7218543046357616
2020,10.19@2020-09-22,Poppy,0.036849378166743434,0.0,0.4304635761589404
2020,10.19@2020-09-22,Pyke,0.020036849378166743,0.0,0.32450331125827814
2020,10.19@2020-09-22,Qiyana,0.04583141409488715,0.0,0.4768211920529801
2020,10.19@2020-09-22,Quinn,0.017964071856287425,0.0,0.2913907284768212
2020,10.19@2020-09-22,Rakan,0.06632888070013819,0.0,0.5695364238410596
2020,10.19@2020-09-22,Rammus,0.0013818516812528789,0.0,0.046357615894039736
2020,10.19@2020-09-22,Rek'Sai,0.11146936895439889,0.0,0.6887417218543046
2020,10.19@2020-09-22,Renekton,0.4866421004145555,0.0,0.9337748344370861
2020,10.19@2020-09-22,Rengar,0.0027637033625057578,0.0,0.09271523178807947
2020,10.19@2020-09-22,Riven,0.011285122063565177,0.0,0.22185430463576158
2020,10.19@2020-09-22,Rumble,0.056425610317825885,0.0,0.5397350993377483
2020,10.19@2020-09-22,Ryze,0.04099493321050207,0.0,0.45695364238410596
2020,10.19@2020-09-22,Samira,0.0,-3.0,0.006622516556291391
2020,10.19@2020-09-22,Sejuani,0.05043758636573008,0.0,0.4966887417218543
2020,10.19@2020-09-22,Senna,0.2839705204974666,0.0,0.8211920529801324
2020,10.19@2020-09-22,Sett,0.6485490557346845,0.0,1.0
2020,10.19@2020-09-22,Shaco,0.004375863657300783,0.0,0.12582781456953643
2020,10.19@2020-09-22,Shen,0.11837862736066329,0.0,0.7086092715231788
2020,10.19@2020-09-22,Shyvana,0.03293413173652695,0.0,0.40397350993377484
2020,10.19@2020-09-22,Singed,0.0006909258406264394,0.0,0.026490066225165563
2020,10.19@2020-09-22,Sion,0.055734684477199446,0.0,0.5298013245033113
2020,10.19@2020-09-22,Sivir,0.033164440350069095,0.0,0.4105960264900662
2020,10.19@2020-09-22,Skarner,0.027176416397973285,0.0,0.3741721854304636
2020,10.19@2020-09-22,Sona,0.0525103638876094,0.0,0.5066225165562914
2020,10.19@2020-09-22,Soraka,0.020036849378166743,0.0,0.32450331125827814
2020,10.19@2020-09-22,Swain,0.004375863657300783,0.0,0.12582781456953643
2020,10.19@2020-09-22,Sylas,0.16444035006909258,0.0,0.7549668874172185
2020,10.19@2020-09-22,Syndra,0.5619530170428374,0.0,0.9602649006622517
2020,10.19@2020-09-22,Tahm Kench,0.16075541225241824,0.0,0.7417218543046358
2020,10.19@2020-09-22,Taliyah,0.03638876093965914,0.0,0.41721854304635764
2020,10.19@2020-09-22,Talon,0.020036849378166743,0.0,0.32450331125827814
2020,10.19@2020-09-22,Taric,0.061031782588668815,0.0,0.5562913907284768
2020,10.19@2020-09-22,Teemo,0.0020727775218793184,0.0,0.0695364238410596
2020,10.19@2020-09-22,Thresh,0.6349608475356978,0.0,0.9867549668874173
2020,10.19@2020-09-22,Tristana,0.02487333026255182,0.0,0.3576158940397351
2020,10.19@2020-09-22,Trundle,0.43643482266236755,0.0,0.9006622516556292
2020,10.19@2020-09-22,Tryndamere,0.005757715338553662,0.0,0.1456953642384106
2020,10.19@2020-09-22,Twisted Fate,0.4111008751727315,0.0,0.8874172185430463
2020,10.19@2020-09-22,Twitch,0.00783049286043298,0.0,0.15894039735099338
2020,10.19@2020-09-22,Udyr,0.00023030861354214648,0.0,0.013245033112582781
2020,10.19@2020-09-22,Urgot,0.04283740211883925,0.0,0.46357615894039733
2020,10.19@2020-09-22,Varus,0.39682174113311836,0.0,0.8741721854304636
2020,10.19@2020-09-22,Vayne,0.01911561492399816,0.0,0.31125827814569534
2020,10.19@2020-09-22,Veigar,0.010133578995854445,0.0,0.20198675496688742
2020,10.19@2020-09-22,Vel'Koz,0.017964071856287425,0.0,0.2913907284768212
2020,10.19@2020-09-22,Vi,0.002533394748963611,0.0,0.08278145695364239
2020,10.19@2020-09-22,Viktor,0.027176416397973285,0.0,0.3741721854304636
2020,10.19@2020-09-22,Vladimir,0.07508060801473976,0.0,0.5761589403973509
2020,10.19@2020-09-22,Volibear,0.6421004145555044,0.0,0.9933774834437086
2020,10.19@2020-09-22,Warwick,0.0009212344541685859,0.0,0.039735099337748346
2020,10.19@2020-09-22,Wukong,0.4039613081529249,0.0,0.8807947019867549
2020,10.19@2020-09-22,Xayah,0.03132197144173192,0.0,0.3973509933774834
2020,10.19@2020-09-22,Xerath,0.006448641179180101,0.0,0.152317880794702
2020,10.19@2020-09-22,Xin Zhao,0.0029940119760479044,0.0,0.09933774834437085
2020,10.19@2020-09-22,Yasuo,0.055274067250115154,0.0,0.5231788079470199
2020,10.19@2020-09-22,Yone,0.002533394748963611,0.0,0.08278145695364239
2020,10.19@2020-09-22,Yorick,0.00852141870105942,0.0,0.18211920529801323
2020,10.19@2020-09-22,Yuumi,0.18747121142330722,0.0,0.7748344370860927
2020,10.19@2020-09-22,Zac,0.015891294334408106,0.0,0.26158940397350994
2020,10.19@2020-09-22,Zed,0.01566098572086596,0.0,0.25165562913907286
2020,10.19@2020-09-22,Ziggs,0.05320128972823584,0.0,0.5165562913907285
2020,10.19@2020-09-22,Zilean,0.018885306310456013,0.0,0.304635761589404
2020,10.19@2020-09-22,Zoe,0.47996315062183326,0.0,0.9139072847682119
2020,10.19@2020-09-22,Zyra,0.004375863657300783,0.0,0.12582781456953643
2021,11.16@2021-08-11,Aatrox,0.11269939921276155,0.0,0.6923076923076923
2021,11.16@2021-08-11,Ahri,0.024238657551274082,0.0,0.4326923076923077
2021,11.16@2021-08-11,Akali,0.4889165112906567,0.0,0.9230769230769231
2021,11.16@2021-08-11,Akshan,0.002486016159105034,-1.0,0.10256410256410256
2021,11.16@2021-08-11,Alistar,0.20799668531178786,0.0,0.7692307692307693
2021,11.16@2021-08-11,Amumu,0.017609281126993993,0.0,0.3525641025641026
2021,11.16@2021-08-11,Anivia,0.02320281748498032,0.0,0.4198717948717949
2021,11.16@2021-08-11,Annie,0.013673088875077687,0.0,0.28846153846153844
2021,11.16@2021-08-11,Aphelios,0.2850631862440439,0.0,0.8269230769230769
2021,11.16@2021-08-11,Ashe,0.06256474000414336,0.0,0.6057692307692307
2021,11.16@2021-08-11,Aurelion Sol,0.014708928941371453,0.0,0.3269230769230769
2021,11.16@2021-08-11,Azir,0.06505075616324839,0.0,0.6217948717948718
2021,11.16@2021-08-11,Bard,0.028589185829707892,0.0,0.4807692307692308
2021,11.16@2021-08-11,Blitzcrank,0.02838201781644914,0.0,0.47435897435897434
2021,11.16@2021-08-11,Brand,0.004764864304951316,0.0,0.15384615384615385
2021,11.16@2021-08-11,Braum,0.3291899730681583,0.0,0.8653846153846154
2021,11.16@2021-08-11,Caitlyn,0.012637248808783924,0.0,0.28205128205128205
2021,11.16@2021-08-11,Camille,0.24445825564532836,0.0,0.8141025641025641
2021,11.16@2021-08-11,Cassiopeia,0.025274497617567847,0.0,0.4583333333333333
2021,11.16@2021-08-11,Cho'Gath,0.014294592914853946,0.0,0.3076923076923077
2021,11.16@2021-08-11,Corki,0.030453697949036667,0.0,0.5
2021,11.16@2021-08-11,Darius,0.018023617153511497,0.0,0.358974358974359
2021,11.16@2021-08-11,Diana,0.4398176921483323,-1.0,0.9038461538461539
2021,11.16@2021-08-11,Dr. Mundo,0.11000621504039776,0.0,0.6858974358974359
2021,11.16@2021-08-11,Draven,0.07540915682618604,0.0,0.6474358974358975
2021,11.16@2021-08-11,Ekko,0.01678060907395898,0.0,0.33974358974358976
2021,11.16@2021-08-11,Elise,0.019059457219805263,0.0,0.38782051282051283
2021,11.16@2021-08-11,Evelynn,0.01885228920654651,0.0,0.375
2021,11.16@2021-08-11,Ezreal,0.49844623990055936,0.0,0.9294871794871795
2021,11.16@2021-08-11,Fiddlesticks,0.041226434638491814,0.0,0.5192307692307693
2021,11.16@2021-08-11,Fiora,0.043298114771079345,-2.0,0.5384615384615384
2021,11.16@2021-08-11,Fizz,0.0010358400662937642,0.0,0.038461538461538464
2021,11.16@2021-08-11,Galio,0.1748498031903874,0.0,0.7564102564102564
2021,11.16@2021-08-11,Gangplank,0.0944686140459913,0.0,0.6602564102564102
2021,11.16@2021-08-11,Garen,0.002486016159105034,0.0,0.10256410256410256
2021,11.16@2021-08-11,Gnar,0.26786824114356744,0.0,0.8205128205128205
2021,11.16@2021-08-11,Gragas,0.08576755748912368,0.0,0.6538461538461539
2021,11.16@2021-08-11,Graves,0.047648643049513155,0.0,0.5801282051282052
2021,11.16@2021-08-11,Gwen,0.6799254195152269,0.0,0.9807692307692307
2021,11.16@2021-08-11,Hecarim,0.07354464470685726,0.0,0.6410256410256411
2021,11.16@2021-08-11,Heimerdinger,0.0145017609281127,0.0,0.32051282051282054
2021,11.16@2021-08-11,Illaoi,0.0018645121193287756,0.0,0.08333333333333333
2021,11.16@2021-08-11,Irelia,0.22726331054485188,0.0,0.8076923076923077
2021,11.16@2021-08-11,Ivern,0.00870105655686762,0.0,0.21153846153846154
2021,11.16@2021-08-11,Janna,0.005593536357986327,0.0,0.16666666666666666
2021,11.16@2021-08-11,Jarvan IV,0.010772736689455149,2.0,0.24358974358974358
2021,11.16@2021-08-11,Jax,0.04516262689040812,0.0,0.5576923076923077
2021,11.16@2021-08-11,Jayce,0.32318210068365444,0.0,0.8525641025641025
2021,11.16@2021-08-11,Jhin,0.047648643049513155,2.0,0.5801282051282052
2021,11.16@2021-08-11,Jinx,0.14439610524135074,0.0,0.7307692307692307
2021,11.16@2021-08-11,Kai'Sa,0.3370623575719909,0.0,0.8717948717948718
2021,11.16@2021-08-11,Kalista,0.2881707064429252,0.0,0.8333333333333334
2021,11.16@2021-08-11,Karma,0.47607209446861404,0.0,0.9166666666666666
2021,11.16@2021-08-11,Karthus,0.03625440232028175,0.0,0.5064102564102564
2021,11.16@2021-08-11,Kassadin,0.019059457219805263,0.0,0.38782051282051283
2021,11.16@2021-08-11,Katarina,0.006422208411021338,0.0,0.1891025641025641
2021,11.16@2021-08-11,Kayle,0.010772736689455149,0.0,0.24358974358974358
2021,11.16@2021-08-11,Kayn,0.014916096954630205,0.0,0.3333333333333333
2021,11.16@2021-08-11,Kennen,0.043090946757820596,0.0,0.5288461538461539
2021,11.16@2021-08-11,Kha'Zix,0.019473793246322767,0.0,0.3974358974358974
2021,11.16@2021-08-11,Kindred,0.06256474000414336,0.0,0.6057692307692307
2021,11.16@2021-08-11,Kled,0.010358400662937643,0.0,0.22435897435897437
2021,11.16@2021-08-11,Kog'Maw,0.0979904702713901,0.0,0.6666666666666666
2021,11.16@2021-08-11,LeBlanc,0.3923762171120779,0.0,0.8910256410256411
2021,11.16@2021-08-11,Lee Sin,0.7507768800497203,-2.0,1.0
2021,11.16@2021-08-11,Leona,0.5226848974518334,0.0,0.9358974358974359
2021,11.16@2021-08-11,Lillia,0.043090946757820596,0.0,0.5288461538461539
2021,11.16@2021-08-11,Lissandra,0.03770457841309302,0.0,0.5128205128205128
2021,11.16@2021-08-11,Lucian,0.47337891029625023,0.0,0.9102564102564102
2021,11.16@2021-08-11,Lulu,0.3414128858504247,-2.0,0.8782051282051282
2021,11.16@2021-08-11,Lux,0.004143360265175057,0.0,0.14743589743589744
2021,11.16@2021-08-11,Malphite,0.047027139009736894,0.0,0.5705128205128205
2021,11.16@2021-08-11,Malzahar,0.008079552517091361,0.0,0.20512820512820512
2021,11.16@2021-08-11,Maokai,0.006422208411021338,0.0,0.1891025641025641
2021,11.16@2021-08-11,Master Yi,0.0006215040397762585,0.0,0.009615384615384616
2021,11.16@2021-08-11,Miss Fortune,0.012430080795525171,0.0,0.27564102564102566
2021,11.16@2021-08-11,Mordekaiser,0.014294592914853946,0.0,0.3076923076923077
2021,11.16@2021-08-11,Morgana,0.07188730060078724,0.0,0.6282051282051282
2021,11.16@2021-08-11,Nami,0.00290035218562254,0.0,0.11858974358974358
2021,11.16@2021-08-11,Nasus,0.00580070437124508,0.0,0.1762820512820513
2021,11.16@2021-08-11,Nautilus,0.5291071058628548,0.0,0.9423076923076923
2021,11.16@2021-08-11,Neeko,0.010772736689455149,0.0,0.24358974358974358
2021,11.16@2021-08-11,Nidalee,0.13900973689662316,0.0,0.717948717948718
2021,11.16@2021-08-11,Nocturne,0.5796561010979905,0.0,0.9551282051282052
2021,11.16@2021-08-11,Nunu & Willump,0.00580070437124508,2.0,0.1762820512820513
2021,11.16@2021-08-11,Olaf,0.1564118500103584,0.0,0.75
2021,11.16@2021-08-11,Orianna,0.21669774186865548,0.0,0.7916666666666666
2021,11.16@2021-08-11,Ornn,0.07333747669359851,0.0,0.6346153846153846
2021,11.16@2021-08-11,Pantheon,0.014087424901595194,0.0,0.2948717948717949
2021,11.16@2021-08-11,Poppy,0.012015744769007665,0.0,0.2692307692307692
2021,11.16@2021-08-11,Pyke,0.010772736689455149,0.0,0.24358974358974358
2021,11.16@2021-08-11,Qiyana,0.019888129272840272,0.0,0.40384615384615385
2021,11.16@2021-08-11,Quinn,0.0008286720530350114,0.0,0.022435897435897436
2021,11.16@2021-08-11,Rakan,0.18396519577377252,0.0,0.7628205128205128
2021,11.16@2021-08-11,Rammus,0.0008286720530350114,0.0,0.022435897435897436
2021,11.16@2021-08-11,Rek'Sai,0.024238657551274082,0.0,0.4326923076923077
2021,11.16@2021-08-11,Rell,0.12637248808783924,0.0,0.7051282051282052
2021,11.16@2021-08-11,Renekton,0.6498860575927077,0.0,0.967948717948718
2021,11.16@2021-08-11,Rengar,0.0035218562253987984,0.0,0.1282051282051282
2021,11.16@2021-08-11,Riven,0.014294592914853946,0.0,0.3076923076923077
2021,11.16@2021-08-11,Rumble,0.4159933706235757,0.0,0.8974358974358975
2021,11.16@2021-08-11,Ryze,0.20861818935156412,0.0,0.7756410256410257
2021,11.16@2021-08-11,Samira,0.04433395483737311,0.0,0.5512820512820513
2021,11.16@2021-08-11,Sejuani,0.04640563496996064,0.0,0.5641025641025641
2021,11.16@2021-08-11,Senna,0.2104827014708929,0.0,0.782051282051282
2021,11.16@2021-08-11,Seraphine,0.11435674331883157,0.0,0.6987179487179487
2021,11.16@2021-08-11,Sett,0.5359436503003936,0.0,0.9487179487179487
2021,11.16@2021-08-11,Shaco,0.008908224570126373,1.0,0.21794871794871795
2021,11.16@2021-08-11,Shen,0.01885228920654651,0.0,0.375
2021,11.16@2021-08-11,Shyvana,0.0006215040397762585,0.0,0.009615384615384616
2021,11.16@2021-08-11,Singed,0.0010358400662937642,0.0,0.038461538461538464
2021,11.16@2021-08-11,Sion,0.04371245079759685,0.0,0.5448717948717948
2021,11.16@2021-08-11,Sivir,0.030039361922519162,2.0,0.4935897435897436
2021,11.16@2021-08-11,Skarner,0.0039361922519163045,0.0,0.13782051282051283
2021,11.16@2021-08-11,Sona,0.00145017609281127,0.0,0.060897435897435896
2021,11.16@2021-08-11,Soraka,0.0053863683447275745,0.0,0.16025641025641027
2021,11.16@2021-08-11,Swain,0.0039361922519163045,0.0,0.13782051282051283
2021,11.16@2021-08-11,Sylas,0.3441060700227885,0.0,0.8846153846153846
2021,11.16@2021-08-11,Syndra,0.15579034597058214,0.0,0.7435897435897436
2021,11.16@2021-08-11,Tahm Kench,0.22394862233271182,-2.0,0.8012820512820513
2021,11.16@2021-08-11,Taliyah,0.024445825564532835,0.0,0.4423076923076923
2021,11.16@2021-08-11,Talon,0.0016573441060700228,0.0,0.07051282051282051
2021,11.16@2021-08-11,Taric,0.028796353842966645,0.0,0.48717948717948717
2021,11.16@2021-08-11,Teemo,0.0018645121193287756,0.0,0.08333333333333333
2021,11.16@2021-08-11,Thresh,0.72757406256474,0.0,0.9935897435897436
2021,11.16@2021-08-11,Tristana,0.327739796975347,0.0,0.8589743589743589
2021,11.16@2021-08-11,Trundle,0.10710586285477522,0.0,0.6794871794871795
2021,11.16@2021-08-11,Tryndamere,0.01823078516677025,0.0,0.36538461538461536
2021,11.16@2021-08-11,Twisted Fate,0.10482701470892894,0.0,0.6730769230769231
2021,11.16@2021-08-11,Twitch,0.007665216490573856,0.0,0.1987179487179487
2021,11.16@2021-08-11,Udyr,0.21669774186865548,0.0,0.7916666666666666
2021,11.16@2021-08-11,Urgot,0.02465299357779159,0.0,0.44871794871794873
2021,11.16@2021-08-11,Varus,0.5995442303708307,0.0,0.9615384615384616
2021,11.16@2021-08-11,Vayne,0.025274497617567847,0.0,0.4583333333333333
2021,11.16@2021-08-11,Veigar,0.00290035218562254,0.0,0.11858974358974358
2021,11.16@2021-08-11,Vel'Koz,0.001243008079552517,0.0,0.05128205128205128
2021,11.16@2021-08-11,Vi,0.0018645121193287756,0.0,0.08333333333333333
2021,11.16@2021-08-11,Viego,0.6776465713693806,0.0,0.9743589743589743
2021,11.16@2021-08-11,Viktor,0.13921690490988192,0.0,0.7243589743589743
2021,11.16@2021-08-11,Vladimir,0.010772736689455149,2.0,0.24358974358974358
2021,11.16@2021-08-11,Volibear,0.3070229956494717,0.0,0.8397435897435898
2021,11.16@2021-08-11,Warwick,0.0010358400662937642,0.0,0.038461538461538464
2021,11.16@2021-08-11,Wukong,0.13859540087010566,0.0,0.7115384615384616
2021,11.16@2021-08-11,Xayah,0.06339341205717837,0.0,0.6153846153846154
2021,11.16@2021-08-11,Xerath,0.01740211311373524,0.0,0.34615384615384615
2021,11.16@2021-08-11,Xin Zhao,0.7155583177957323,-1.0,0.9871794871794872
2021,11.16@2021-08-11,Yasuo,0.048477315102548164,0.0,0.5897435897435898
2021,11.16@2021-08-11,Yone,0.05676403563289828,0.0,0.5961538461538461
2021,11.16@2021-08-11,Yorick,0.00145017609281127,0.0,0.060897435897435896
2021,11.16@2021-08-11,Yuumi,0.027967681789931635,0.0,0.46794871794871795
2021,11.16@2021-08-11,Zac,0.02320281748498032,0.0,0.4198717948717949
2021,11.16@2021-08-11,Zed,0.020095297286099028,0.0,0.41025641025641024
2021,11.16@2021-08-11,Ziggs,0.3119950279676818,0.0,0.8461538461538461
2021,11.16@2021-08-11,Zilean,0.011187072715972654,0.0,0.26282051282051283
2021,11.16@2021-08-11,Zoe,0.15081831365237208,0.0,0.7371794871794872
2021,11.16@2021-08-11,Zyra,0.002486016159105034,0.0,0.10256410256410256
2021,11.16@2021-08-13,Aatrox,0.10901252309587353,0.0,0.6794871794871795
2021,11.16@2021-08-13,Ahri,0.02299322521042907,0.0,0.42628205128205127
2021,11.16@2021-08-13,Akali,0.48142065284335867,0.0,0.9230769230769231
2021,11.16@2021-08-13,Akshan,0.002463559843974543,0.0,0.10576923076923077
2021,11.16@2021-08-13,Alistar,0.2036542804352289,0.0,0.7692307692307693
2021,11.16@2021-08-13,Amumu,0.016629028946828165,0.0,0.33974358974358976
2021,11.16@2021-08-13,Anivia,0.02258263190309998,0.0,0.4166666666666667
2021,11.16@2021-08-13,Annie,0.013549579141859988,0.0,0.28205128205128205
2021,11.16@2021-08-13,Aphelios,0.2935742147402997,0.0,0.8333333333333334
2021,11.16@2021-08-13,Ashe,0.06466844590433175,0.0,0.6185897435897436
2021,11.16@2021-08-13,Aurelion Sol,0.014576062410182713,0.0,0.3173076923076923
2021,11.16@2021-08-13,Azir,0.06569492917265449,0.0,0.6282051282051282
2021,11.16@2021-08-13,Bard,0.028741531513036336,0.0,0.483974358974359
2021,11.16@2021-08-13,Blitzcrank,0.028536234859371793,0.0,0.47435897435897434
2021,11.16@2021-08-13,Brand,0.004721823034284541,0.0,0.16025641025641027
2021,11.16@2021-08-13,Braum,0.33258057893656334,0.0,0.8717948717948718
2021,11.16@2021-08-13,Caitlyn,0.013960172449189078,0.0,0.2948717948717949
2021,11.16@2021-08-13,Camille,0.2506672141244098,0.0,0.8141025641025641
2021,11.16@2021-08-13,Cassiopeia,0.02566208170806816,0.0,0.46153846153846156
2021,11.16@2021-08-13,Cho'Gath,0.014165469102853623,0.0,0.30448717948717946
2021,11.16@2021-08-13,Corki,0.02997331143502361,0.0,0.4935897435897436
2021,11.16@2021-08-13,Darius,0.018476698829809075,0.0,0.36217948717948717
2021,11.16@2021-08-13,Diana,0.44282488195442415,0.0,0.9038461538461539
2021,11.16@2021-08-13,Dr. Mundo,0.11024430301786081,0.0,0.6858974358974359
2021,11.16@2021-08-13,Draven,0.07595976185588175,0.0,0.6474358974358975
2021,11.16@2021-08-13,Ekko,0.017244918907821802,0.0,0.34615384615384615
2021,11.16@2021-08-13,Elise,0.01868199548347362,0.0,0.3814102564102564
2021,11.16@2021-08-13,Evelynn,0.018887292137138165,0.0,0.391025641025641
2021,11.16@2021-08-13,Ezreal,0.5005132416341613,0.0,0.9294871794871795
2021,11.16@2021-08-13,Fiddlesticks,0.04085403407924451,0.0,0.5192307692307693
2021,11.16@2021-08-13,Fiora,0.04413878053787723,0.0,0.5416666666666666
2021,11.16@2021-08-13,Fizz,0.000821186614658181,0.0,0.02564102564102564
2021,11.16@2021-08-13,Galio,0.17039622254157258,0.0,0.7564102564102564
2021,11.16@2021-08-13,Gangplank,0.09710531718332992,0.0,0.6602564102564102
2021,11.16@2021-08-13,Garen,0.0022582631903099977,0.0,0.09615384615384616
2021,11.16@2021-08-13,Gnar,0.2633956066516116,0.0,0.8205128205128205
2021,11.16@2021-08-13,Gragas,0.0843769246561281,0.0,0.6538461538461539
2021,11.16@2021-08-13,Graves,0.04824471361116814,0.0,0.5801282051282052
2021,11.16@2021-08-13,Gwen,0.6760418805173476,0.0,0.9743589743589743
2021,11.16@2021-08-13,Hecarim,0.06466844590433175,0.0,0.6185897435897436
2021,11.16@2021-08-13,Heimerdinger,0.014576062410182713,0.0,0.3173076923076923
2021,11.16@2021-08-13,Illaoi,0.0018476698829809075,0.0,0.08653846153846154
2021,11.16@2021-08-13,Irelia,0.2344487784849107,0.0,0.8076923076923077
2021,11.16@2021-08-13,Ivern,0.008417162800246356,0.0,0.20833333333333334
2021,11.16@2021-08-13,Janna,0.0045165263806199955,0.0,0.15384615384615385
2021,11.16@2021-08-13,Jarvan IV,0.0108807226442209,0.0,0.25
2021,11.16@2021-08-13,Jax,0.047012933689180865,0.0,0.5608974358974359
2021,11.16@2021-08-13,Jayce,0.3249846027509752,0.0,0.8525641025641025
2021,11.16@2021-08-13,Jhin,0.04824471361116814,0.0,0.5801282051282052
2021,11.16@2021-08-13,Jinx,0.1406282077602135,0.0,0.7307692307692307
2021,11.16@2021-08-13,Kai'Sa,0.3278587559022788,0.0,0.8653846153846154
2021,11.16@2021-08-13,Kalista,0.29090535824266067,0.0,0.8269230769230769
2021,11.16@2021-08-13,Karma,0.4725928967357832,0.0,0.9102564102564102
2021,11.16@2021-08-13,Karthus,0.03695339765961815,0.0,0.5064102564102564
2021,11.16@2021-08-13,Kassadin,0.01868199548347362,0.0,0.3814102564102564
2021,11.16@2021-08-13,Katarina,0.006158899609936358,0.0,0.1858974358974359
2021,11.16@2021-08-13,Kayle,0.0108807226442209,0.0,0.25
2021,11.16@2021-08-13,Kayn,0.015807842332169985,0.0,0.3333333333333333
2021,11.16@2021-08-13,Kennen,0.046191747074522685,0.0,0.5512820512820513
2021,11.16@2021-08-13,Kha'Zix,0.019708478751796345,0.0,0.40064102564102566
2021,11.16@2021-08-13,Kindred,0.0630260726750154,0.0,0.6089743589743589
2021,11.16@2021-08-13,Kled,0.010264832683227263,0.0,0.22435897435897437
2021,11.16@2021-08-13,Kog'Maw,0.097515910490659,0.0,0.6666666666666666
2021,11.16@2021-08-13,LeBlanc,0.3984808047628824,0.0,0.8910256410256411
2021,11.16@2021-08-13,Lee Sin,0.7581605419831656,0.0,1.0
2021,11.16@2021-08-13,Leona,0.5265859166495586,0.0,0.9358974358974359
2021,11.16@2021-08-13,Lillia,0.04413878053787723,0.0,0.5416666666666666
2021,11.16@2021-08-13,Lissandra,0.03818517758160542,0.0,0.5128205128205128
2021,11.16@2021-08-13,Lucian,0.4738246766577705,0.0,0.9166666666666666
2021,11.16@2021-08-13,Lulu,0.3391500718538288,0.0,0.8782051282051282
2021,11.16@2021-08-13,Lux,0.00390063641962636,0.0,0.13782051282051283
2021,11.16@2021-08-13,Malphite,0.047012933689180865,0.0,0.5608974358974359
2021,11.16@2021-08-13,Malzahar,0.008417162800246356,0.0,0.20833333333333334
2021,11.16@2021-08-13,Maokai,0.006364196263600903,0.0,0.19230769230769232
2021,11.16@2021-08-13,Master Yi,0.0006158899609936358,0.0,0.009615384615384616
2021,11.16@2021-08-13,Miss Fortune,0.012317799219872716,0.0,0.2692307692307692
2021,11.16@2021-08-13,Mordekaiser,0.01519195237117635,0.0,0.3269230769230769
2021,11.16@2021-08-13,Morgana,0.07041675220693902,0.0,0.6346153846153846
2021,11.16@2021-08-13,Nami,0.0028741531513036336,0.0,0.125
2021,11.16@2021-08-13,Nasus,0.005748306302607267,0.0,0.1762820512820513
2021,11.16@2021-08-13,Nautilus,0.5286388831862041,0.0,0.9423076923076923
2021,11.16@2021-08-13,Neeko,0.0108807226442209,0.0,0.25
2021,11.16@2021-08-13,Nidalee,0.13570108807226441,0.0,0.7115384615384616
2021,11.16@2021-08-13,Nocturne,0.5721617737630876,0.0,0.9551282051282052
2021,11.16@2021-08-13,Nunu & Willump,0.005748306302607267,0.0,0.1762820512820513
2021,11.16@2021-08-13,Olaf,0.15376719359474442,0.0,0.7435897435897436
2021,11.16@2021-08-13,Orianna,0.21371381646479162,0.0,0.7948717948717948
2021,11.16@2021-08-13,Ornn,0.07370149866557175,0.0,0.6410256410256411
2021,11.16@2021-08-13,Pantheon,0.013754875795524533,0.0,0.28846153846153844
2021,11.16@2021-08-13,Poppy,0.012523095873537261,0.0,0.27564102564102566
2021,11.16@2021-08-13,Pyke,0.01047012933689181,0.0,0.23397435897435898
2021,11.16@2021-08-13,Qiyana,0.019913775405460892,0.0,0.41025641025641024
2021,11.16@2021-08-13,Quinn,0.000821186614658181,0.0,0.02564102564102564
2021,11.16@2021-08-13,Rakan,0.18435639499076165,0.0,0.7628205128205128
2021,11.16@2021-08-13,Rammus,0.000821186614658181,0.0,0.02564102564102564
2021,11.16@2021-08-13,Rek'Sai,0.023814411825087253,0.0,0.4358974358974359
2021,11.16@2021-08-13,Rell,0.12297269554506261,0.0,0.7051282051282052
2021,11.16@2021-08-13,Renekton,0.6499692055019504,0.0,0.967948717948718
2021,11.16@2021-08-13,Rengar,0.0026688564976390886,0.0,0.11538461538461539
2021,11.16@2021-08-13,Riven,0.014165469102853623,0.0,0.30448717948717946
2021,11.16@2021-08-13,Rumble,0.412646273865736,0.0,0.8974358974358975
2021,11.16@2021-08-13,Ryze,0.21145555327448162,0.0,0.7884615384615384
2021,11.16@2021-08-13,Samira,0.043728187230548145,0.0,0.532051282051282
2021,11.16@2021-08-13,Sejuani,0.04742352699650996,0.0,0.5705128205128205
2021,11.16@2021-08-13,Senna,0.2077602135085198,0.0,0.782051282051282
2021,11.16@2021-08-13,Seraphine,0.11517142270580989,0.0,0.6987179487179487
2021,11.16@2021-08-13,Sett,0.5343871894888114,0.0,0.9487179487179487
2021,11.16@2021-08-13,Shaco,0.008827756107575446,0.0,0.21794871794871795
2021,11.16@2021-08-13,Shen,0.018476698829809075,0.0,0.36217948717948717
2021,11.16@2021-08-13,Shyvana,0.0006158899609936358,0.0,0.009615384615384616
2021,11.16@2021-08-13,Singed,0.0010264832683227264,0.0,0.041666666666666664
2021,11.16@2021-08-13,Sion,0.04167522069390269,0.0,0.5256410256410257
2021,11.16@2021-08-13,Sivir,0.030589201396017243,0.0,0.5
2021,11.16@2021-08-13,Skarner,0.0041059330732909054,0.0,0.14743589743589744
2021,11.16@2021-08-13,Sona,0.0014370765756518168,0.0,0.060897435897435896
2021,11.16@2021-08-13,Soraka,0.005337712995278177,0.0,0.16666666666666666
2021,11.16@2021-08-13,Swain,0.00390063641962636,0.0,0.13782051282051283
2021,11.16@2021-08-13,Sylas,0.33997125846848697,0.0,0.8846153846153846
2021,11.16@2021-08-13,Syndra,0.1642373229316362,0.0,0.75
2021,11.16@2021-08-13,Tahm Kench,0.22254157257236706,0.0,0.8012820512820513
2021,11.16@2021-08-13,Taliyah,0.02299322521042907,0.0,0.42628205128205127
2021,11.16@2021-08-13,Talon,0.001642373229316362,0.0,0.07371794871794872
2021,11.16@2021-08-13,Taric,0.028741531513036336,0.0,0.483974358974359
2021,11.16@2021-08-13,Teemo,0.001642373229316362,0.0,0.07371794871794872
2021,11.16@2021-08-13,Thresh,0.7259289673578321,0.0,0.9871794871794872
2021,11.16@2021-08-13,Tristana,0.3186204064873743,0.0,0.8461538461538461
2021,11.16@2021-08-13,Trundle,0.11270786286183536,0.0,0.6923076923076923
2021,11.16@2021-08-13,Tryndamere,0.018476698829809075,0.0,0.36217948717948717
2021,11.16@2021-08-13,Twisted Fate,0.104290700061589,0.0,0.6730769230769231
2021,11.16@2021-08-13,Twitch,0.007595976185588175,0.0,0.1987179487179487
2021,11.16@2021-08-13,Udyr,0.2067337302401971,0.0,0.7756410256410257
2021,11.16@2021-08-13,Urgot,0.02525148840073907,0.0,0.44871794871794873
2021,11.16@2021-08-13,Varus,0.6048039416957504,0.0,0.9615384615384616
2021,11.16@2021-08-13,Vayne,0.025456785054403613,0.0,0.4551282051282051
2021,11.16@2021-08-13,Veigar,0.0028741531513036336,0.0,0.125
2021,11.16@2021-08-13,Vel'Koz,0.0012317799219872716,0.0,0.05128205128205128
2021,11.16@2021-08-13,Vi,0.0018476698829809075,0.0,0.08653846153846154
2021,11.16@2021-08-13,Viego,0.6869226031615685,0.0,0.9807692307692307
2021,11.16@2021-08-13,Viktor,0.13754875795524532,0.0,0.717948717948718
2021,11.16@2021-08-13,Vladimir,0.01047012933689181,0.0,0.23397435897435898
2021,11.16@2021-08-13,Volibear,0.3050708273455143,0.0,0.8397435897435898
2021,11.16@2021-08-13,Warwick,0.0010264832683227264,0.0,0.041666666666666664
2021,11.16@2021-08-13,Wukong,0.13857524122356807,0.0,0.7243589743589743
2021,11.16@2021-08-13,Xayah,0.06261547936768631,0.0,0.6025641025641025
2021,11.16@2021-08-13,Xerath,0.018476698829809075,0.0,0.36217948717948717
2021,11.16@2021-08-13,Xin Zhao,0.7265448573188257,0.0,0.9935897435897436
2021,11.16@2021-08-13,Yasuo,0.04886060357216177,0.0,0.5897435897435898
2021,11.16@2021-08-13,Yone,0.057072469718743586,0.0,0.5961538461538461
2021,11.16@2021-08-13,Yorick,0.0014370765756518168,0.0,0.060897435897435896
2021,11.16@2021-08-13,Yuumi,0.027509751591049066,0.0,0.46794871794871795
2021,11.16@2021-08-13,Zac,0.024225005132416343,0.0,0.4423076923076923
2021,11.16@2021-08-13,Zed,0.019708478751796345,0.0,0.40064102564102566
2021,11.16@2021-08-13,Ziggs,0.3251898994046397,0.0,0.8589743589743589
2021,11.16@2021-08-13,Zilean,0.011086019297885445,0.0,0.26282051282051283
2021,11.16@2021-08-13,Zoe,0.14863477725313076,0.0,0.7371794871794872
2021,11.16@2021-08-13,Zyra,0.002463559843974543,0.0,0.10576923076923077
2021,11.17@2021-08-25,Aatrox,0.09384735202492211,0.0,0.6634615384615384
2021,11.17@2021-08-25,Ahri,0.02161214953271028,0.0,0.42948717948717946
2021,11.17@2021-08-25,Akali,0.44840342679127726,0.0,0.9038461538461539
2021,11.17@2021-08-25,Akshan,0.0029205607476635513,0.0,0.125
2021,11.17@2021-08-25,Alistar,0.18808411214953272,0.0,0.7628205128205128
2021,11.17@2021-08-25,Amumu,0.015381619937694704,3.0,0.32371794871794873
2021,11.17@2021-08-25,Anivia,0.021222741433021806,0.0,0.4230769230769231
2021,11.17@2021-08-25,Annie,0.012655763239875389,0.0,0.2724358974358974
2021,11.17@2021-08-25,Aphelios,0.3146417445482866,0.0,0.8525641025641025
2021,11.17@2021-08-25,Ashe,0.08917445482866043,0.0,0.6538461538461539
2021,11.17@2021-08-25,Aurelion Sol,0.013434579439252336,0.0,0.2916666666666667
2021,11.17@2021-08-25,Azir,0.0704828660436137,0.0,0.6282051282051282
2021,11.17@2021-08-25,Bard,0.03154205607476635,0.0,0.5
2021,11.17@2021-08-25,Blitzcrank,0.027258566978193146,0.0,0.4551282051282051
2021,11.17@2021-08-25,Brand,0.004478193146417445,0.0,0.16025641025641027
2021,11.17@2021-08-25,Braum,0.3607866043613707,0.0,0.8782051282051282
2021,11.17@2021-08-25,Caitlyn,0.015381619937694704,0.0,0.32371794871794873
2021,11.17@2021-08-25,Camille,0.27940031152647976,0.0,0.8205128205128205
2021,11.17@2021-08-25,Cassiopeia,0.02881619937694704,0.0,0.4807692307692308
2021,11.17@2021-08-25,Cho'Gath,0.014602803738317757,0.0,0.3108974358974359
2021,11.17@2021-08-25,Corki,0.030957943925233645,0.0,0.48717948717948717
2021,11.17@2021-08-25,Darius,0.018302180685358254,0.0,0.3942307692307692
2021,11.17@2021-08-25,Diana,0.4567757009345794,0.0,0.9166666666666666
2021,11.17@2021-08-25,Dr. Mundo,0.1133177570093458,0.0,0.6794871794871795
2021,11.17@2021-08-25,Draven,0.0741822429906542,0.0,0.6346153846153846
2021,11.17@2021-08-25,Ekko,0.01674454828660436,2.0,0.3557692307692308
2021,11.17@2021-08-25,Elise,0.016549844236760123,0.0,0.34615384615384615
2021,11.17@2021-08-25,Evelynn,0.017718068535825544,1.0,0.38461538461538464
2021,11.17@2021-08-25,Ezreal,0.5064252336448598,0.0,0.9294871794871795
2021,11.17@2021-08-25,Fiddlesticks,0.03952492211838006,0.0,0.5256410256410257
2021,11.17@2021-08-25,Fiora,0.045950155763239874,0.0,0.5512820512820513
2021,11.17@2021-08-25,Fizz,0.0005841121495327102,0.0,0.01282051282051282
2021,11.17@2021-08-25,Galio,0.16452492211838007,0.0,0.7564102564102564
2021,11.17@2021-08-25,Gangplank,0.10650311526479751,0.0,0.6730769230769231
2021,11.17@2021-08-25,Garen,0.002141744548286604,0.0,0.09615384615384616
2021,11.17@2021-08-25,Gnar,0.24941588785046728,0.0,0.8076923076923077
2021,11.17@2021-08-25,Gragas,0.08099688473520249,0.0,0.6474358974358975
2021,11.17@2021-08-25,Graves,0.05237538940809969,-1.0,0.5769230769230769
2021,11.17@2021-08-25,Gwen,0.6606308411214953,0.0,0.9743589743589743
2021,11.17@2021-08-25,Hecarim,0.04088785046728972,0.0,0.5384615384615384
2021,11.17@2021-08-25,Heimerdinger,0.014018691588785047,0.0,0.30128205128205127
2021,11.17@2021-08-25,Illaoi,0.0013629283489096573,0.0,0.05448717948717949
2021,11.17@2021-08-25,Irelia,0.26148753894080995,-1.0,0.8141025641025641
2021,11.17@2021-08-25,Ivern,0.00778816199376947,0.0,0.1987179487179487
2021,11.17@2021-08-25,Janna,0.003115264797507788,0.0,0.1346153846153846
2021,11.17@2021-08-25,Jarvan IV,0.013434579439252336,0.0,0.2916666666666667
2021,11.17@2021-08-25,Jax,0.05334890965732087,0.0,0.5833333333333334
2021,11.17@2021-08-25,Jayce,0.33547507788161995,0.0,0.8717948717948718
2021,11.17@2021-08-25,Jhin,0.050623052959501556,0.0,0.5705128205128205
2021,11.17@2021-08-25,Jinx,0.13161993769470404,0.0,0.7115384615384616
2021,11.17@2021-08-25,Kai'Sa,0.28991433021806856,0.0,0.8269230769230769
2021,11.17@2021-08-25,Kalista,0.2982866043613707,0.0,0.8461538461538461
2021,11.17@2021-08-25,Karma,0.4501557632398754,0.0,0.9102564102564102
2021,11.17@2021-08-25,Karthus,0.037967289719626166,0.0,0.5192307692307693
2021,11.17@2021-08-25,Kassadin,0.017133956386292833,0.0,0.36538461538461536
2021,11.17@2021-08-25,Katarina,0.006035825545171339,0.0,0.1858974358974359
2021,11.17@2021-08-25,Kayle,0.010708722741433021,0.0,0.2467948717948718
2021,11.17@2021-08-25,Kayn,0.01616043613707165,-2.0,0.33974358974358976
2021,11.17@2021-08-25,Kennen,0.0630841121495327,0.0,0.6217948717948718
2021,11.17@2021-08-25,Kha'Zix,0.01985981308411215,0.0,0.41025641025641024
2021,11.17@2021-08-25,Kindred,0.06288940809968847,0.0,0.6153846153846154
2021,11.17@2021-08-25,Kled,0.010514018691588784,0.0,0.23717948717948717
2021,11.17@2021-08-25,Kog'Maw,0.09384735202492211,0.0,0.6634615384615384
2021,11.17@2021-08-25,LeBlanc,0.43068535825545173,0.0,0.8974358974358975
2021,11.17@2021-08-25,Lee Sin,0.7694704049844237,0.0,1.0
2021,11.17@2021-08-25,Leona,0.5418613707165109,-1.0,0.9551282051282052
2021,11.17@2021-08-25,Lillia,0.041666666666666664,0.0,0.5448717948717948
2021,11.17@2021-08-25,Lissandra,0.04069314641744548,1.0,0.532051282051282
2021,11.17@2021-08-25,Lucian,0.46670560747663553,0.0,0.9230769230769231
2021,11.17@2021-08-25,Lulu,0.32885514018691586,0.0,0.8653846153846154
2021,11.17@2021-08-25,Lux,0.003894080996884735,0.0,0.14743589743589744
2021,11.17@2021-08-25,Malphite,0.047118380062305294,0.0,0.5576923076923077
2021,11.17@2021-08-25,Malzahar,0.008761682242990653,0.0,0.21794871794871795
2021,11.17@2021-08-25,Maokai,0.006425233644859813,0.0,0.19230769230769232
2021,11.17@2021-08-25,Master Yi,0.0005841121495327102,0.0,0.01282051282051282
2021,11.17@2021-08-25,Miss Fortune,0.011487538940809968,0.0,0.2564102564102564
2021,11.17@2021-08-25,Mordekaiser,0.015771028037383176,0.0,0.3333333333333333
2021,11.17@2021-08-25,Morgana,0.05568535825545171,0.0,0.5961538461538461
2021,11.17@2021-08-25,Nami,0.0029205607476635513,1.0,0.125
2021,11.17@2021-08-25,Nasus,0.005646417445482866,0.0,0.17307692307692307
2021,11.17@2021-08-25,Nautilus,0.5146028037383178,0.0,0.9358974358974359
2021,11.17@2021-08-25,Neeko,0.010124610591900311,0.0,0.23076923076923078
2021,11.17@2021-08-25,Nidalee,0.1345404984423676,0.0,0.7211538461538461
2021,11.17@2021-08-25,Nocturne,0.5391355140186916,0.0,0.9487179487179487
2021,11.17@2021-08-25,Nunu & Willump,0.005841121495327103,0.0,0.1794871794871795
2021,11.17@2021-08-25,Olaf,0.1446651090342679,0.0,0.7371794871794872
2021,11.17@2021-08-25,Orianna,0.202297507788162,0.0,0.782051282051282
2021,11.17@2021-08-25,Ornn,0.07963395638629284,0.0,0.6410256410256411
2021,11.17@2021-08-25,Pantheon,0.0132398753894081,0.0,0.28205128205128205
2021,11.17@2021-08-25,Poppy,0.011876947040498442,0.0,0.26282051282051283
2021,11.17@2021-08-25,Pyke,0.012655763239875389,0.0,0.2724358974358974
2021,11.17@2021-08-25,Qiyana,0.01674454828660436,0.0,0.3557692307692308
2021,11.17@2021-08-25,Quinn,0.000778816199376947,0.0,0.03205128205128205
2021,11.17@2021-08-25,Rakan,0.19470404984423675,0.0,0.7756410256410257
2021,11.17@2021-08-25,Rammus,0.000778816199376947,0.0,0.03205128205128205
2021,11.17@2021-08-25,Rek'Sai,0.02394859813084112,0.0,0.4358974358974359
2021,11.17@2021-08-25,Rell,0.11935358255451714,0.0,0.6987179487179487
2021,11.17@2021-08-25,Renekton,0.6401869158878505,0.0,0.967948717948718
2021,11.17@2021-08-25,Rengar,0.002336448598130841,0.0,0.10576923076923077
2021,11.17@2021-08-25,Riven,0.014602803738317757,0.0,0.3108974358974359
2021,11.17@2021-08-25,Rumble,0.38006230529595014,0.0,0.8910256410256411
2021,11.17@2021-08-25,Ryze,0.23286604361370716,0.0,0.8012820512820513
2021,11.17@2021-08-25,Samira,0.03718847352024922,0.0,0.5128205128205128
2021,11.17@2021-08-25,Sejuani,0.04789719626168224,0.0,0.5641025641025641
2021,11.17@2021-08-25,Senna,0.19003115264797507,2.0,0.7692307692307693
2021,11.17@2021-08-25,Seraphine,0.11468068535825546,0.0,0.6858974358974359
2021,11.17@2021-08-25,Sett,0.5212227414330218,0.0,0.9423076923076923
2021,11.17@2021-08-25,Shaco,0.00837227414330218,0.0,0.20833333333333334
2021,11.17@2021-08-25,Shen,0.01732866043613707,0.0,0.375
2021,11.17@2021-08-25,Shyvana,0.0005841121495327102,0.0,0.01282051282051282
2021,11.17@2021-08-25,Singed,0.001557632398753894,0.0,0.0673076923076923
2021,11.17@2021-08-25,Sion,0.0360202492211838,0.0,0.5064102564102564
2021,11.17@2021-08-25,Sivir,0.031347352024922115,0.0,0.4935897435897436
2021,11.17@2021-08-25,Skarner,0.0035046728971962616,0.0,0.14102564102564102
2021,11.17@2021-08-25,Sona,0.0019470404984423676,0.0,0.08974358974358974
2021,11.17@2021-08-25,Soraka,0.0050623052959501555,0.0,0.16666666666666666
2021,11.17@2021-08-25,Swain,0.0040887850467289715,0.0,0.15384615384615385
2021,11.17@2021-08-25,Sylas,0.3177570093457944,0.0,0.8589743589743589
2021,11.17@2021-08-25,Syndra,0.20697040498442368,0.0,0.7884615384615384
2021,11.17@2021-08-25,Tahm Kench,0.21865264797507789,0.0,0.7948717948717948
2021,11.17@2021-08-25,Taliyah,0.020638629283489095,0.0,0.4166666666666667
2021,11.17@2021-08-25,Talon,0.0017523364485981308,0.0,0.08012820512820513
2021,11.17@2021-08-25,Taric,0.027453271028037383,0.0,0.46153846153846156
2021,11.17@2021-08-25,Teemo,0.001557632398753894,1.0,0.0673076923076923
2021,11.17@2021-08-25,Thresh,0.7186526479750779,0.0,0.9807692307692307
2021,11.17@2021-08-25,Tristana,0.2957554517133956,0.0,0.8397435897435898
2021,11.17@2021-08-25,Trundle,0.15926791277258567,0.0,0.7435897435897436
2021,11.17@2021-08-25,Tryndamere,0.018302180685358254,0.0,0.3942307692307692
2021,11.17@2021-08-25,Twisted Fate,0.11799065420560748,0.0,0.6923076923076923
2021,11.17@2021-08-25,Twitch,0.00837227414330218,0.0,0.20833333333333334
2021,11.17@2021-08-25,Udyr,0.16218847352024923,0.0,0.75
2021,11.17@2021-08-25,Urgot,0.02453271028037383,0.0,0.4423076923076923
2021,11.17@2021-08-25,Varus,0.6193535825545171,0.0,0.9615384615384616
2021,11.17@2021-08-25,Vayne,0.028037383177570093,0.0,0.46794871794871795
2021,11.17@2021-08-25,Veigar,0.0027258566978193145,0.0,0.11538461538461539
2021,11.17@2021-08-25,Vel'Koz,0.0013629283489096573,0.0,0.05448717948717949
2021,11.17@2021-08-25,Vi,0.0017523364485981308,0.0,0.08012820512820513
2021,11.17@2021-08-25,Viego,0.7225467289719626,-3.0,0.9871794871794872
2021,11.17@2021-08-25,Viktor,0.12694704049844235,0.0,0.7051282051282052
2021,11.17@2021-08-25,Vladimir,0.0095404984423676,0.0,0.22435897435897437
2021,11.17@2021-08-25,Volibear,0.2916666666666667,0.0,0.8333333333333334
2021,11.17@2021-08-25,Warwick,0.000778816199376947,0.0,0.03205128205128205
2021,11.17@2021-08-25,Wukong,0.1360981308411215,0.0,0.7307692307692307
2021,11.17@2021-08-25,Xayah,0.060942367601246106,2.0,0.6089743589743589
2021,11.17@2021-08-25,Xerath,0.01732866043613707,0.0,0.375
2021,11.17@2021-08-25,Xin Zhao,0.7612928348909658,0.0,0.9935897435897436
2021,11.17@2021-08-25,Yasuo,0.05354361370716511,0.0,0.5897435897435898
2021,11.17@2021-08-25,Yone,0.05626947040498442,0.0,0.6025641025641025
2021,11.17@2021-08-25,Yorick,0.0011682242990654205,0.0,0.04487179487179487
2021,11.17@2021-08-25,Yuumi,0.02823208722741433,0.0,0.47435897435897434
2021,11.17@2021-08-25,Zac,0.025506230529595015,0.0,0.44871794871794873
2021,11.17@2021-08-25,Zed,0.018886292834890964,-2.0,0.40384615384615385
2021,11.17@2021-08-25,Ziggs,0.36468068535825543,0.0,0.8846153846153846
2021,11.17@2021-08-25,Zilean,0.010708722741433021,0.0,0.2467948717948718
2021,11.17@2021-08-25,Zoe,0.1345404984423676,0.0,0.7211538461538461
2021,11.17@2021-08-25,Zyra,0.002336448598130841,0.0,0.10576923076923077
2021,11.17@2021-08-26,Aatrox,0.09362859362859363,0.0,0.6666666666666666
2021,11.17@2021-08-26,Ahri,0.021756021756021756,0.0,0.42948717948717946
2021,11.17@2021-08-26,Akali,0.4465811965811966,0.0,0.9038461538461539
2021,11.17@2021-08-26,Akshan,0.002913752913752914,0.0,0.125
2021,11.17@2021-08-26,Alistar,0.18783993783993783,0.0,0.7628205128205128
2021,11.17@2021-08-26,Amumu,0.015345765345765346,0.0,0.32371794871794873
2021,11.17@2021-08-26,Anivia,0.021173271173271172,0.0,0.4230769230769231
2021,11.17@2021-08-26,Annie,0.012626262626262626,0.0,0.2724358974358974
2021,11.17@2021-08-26,Aphelios,0.31565656565656564,0.0,0.8525641025641025
2021,11.17@2021-08-26,Ashe,0.0912975912975913,0.0,0.6538461538461539
2021,11.17@2021-08-26,Aurelion Sol,0.013403263403263404,0.0,0.28205128205128205
2021,11.17@2021-08-26,Azir,0.07148407148407149,0.0,0.6282051282051282
2021,11.17@2021-08-26,Bard,0.03205128205128205,0.0,0.5
2021,11.17@2021-08-26,Blitzcrank,0.027195027195027196,0.0,0.4551282051282051
2021,11.17@2021-08-26,Brand,0.004467754467754468,0.0,0.16025641025641027
2021,11.17@2021-08-26,Braum,0.3614996114996115,0.0,0.8782051282051282
2021,11.17@2021-08-26,Caitlyn,0.015345765345765346,0.0,0.32371794871794873
2021,11.17@2021-08-26,Camille,0.28185703185703187,0.0,0.8205128205128205
2021,11.17@2021-08-26,Cassiopeia,0.029137529137529136,0.0,0.4807692307692308
2021,11.17@2021-08-26,Cho'Gath,0.014568764568764568,0.0,0.3108974358974359
2021,11.17@2021-08-26,Corki,0.03108003108003108,0.0,0.48717948717948717
2021,11.17@2021-08-26,Darius,0.01825951825951826,0.0,0.3942307692307692
2021,11.17@2021-08-26,Diana,0.45668220668220666,0.0,0.9166666666666666
2021,11.17@2021-08-26,Dr. Mundo,0.11344211344211344,0.0,0.6794871794871795
2021,11.17@2021-08-26,Draven,0.07459207459207459,0.0,0.6346153846153846
2021,11.17@2021-08-26,Ekko,0.016705516705516704,0.0,0.358974358974359
2021,11.17@2021-08-26,Elise,0.016511266511266512,0.0,0.34935897435897434
2021,11.17@2021-08-26,Evelynn,0.0168997668997669,0.0,0.3685897435897436
2021,11.17@2021-08-26,Ezreal,0.5083527583527584,0.0,0.9294871794871795
2021,11.17@2021-08-26,Fiddlesticks,0.03943278943278943,0.0,0.5256410256410257
2021,11.17@2021-08-26,Fiora,0.046425796425796424,0.0,0.5512820512820513
2021,11.17@2021-08-26,Fizz,0.0005827505827505828,0.0,0.01282051282051282
2021,11.17@2021-08-26,Galio,0.1653069153069153,0.0,0.7564102564102564
2021,11.17@2021-08-26,Gangplank,0.10722610722610723,0.0,0.6730769230769231
2021,11.17@2021-08-26,Garen,0.002136752136752137,0.0,0.09615384615384616
2021,11.17@2021-08-26,Gnar,0.24922299922299923,0.0,0.8076923076923077
2021,11.17@2021-08-26,Gragas,0.0811965811965812,0.0,0.6474358974358975
2021,11.17@2021-08-26,Graves,0.052253302253302256,0.0,0.5769230769230769
2021,11.17@2021-08-26,Gwen,0.66006216006216,0.0,0.9743589743589743
2021,11.17@2021-08-26,Hecarim,0.04079254079254079,0.0,0.5384615384615384
2021,11.17@2021-08-26,Heimerdinger,0.013986013986013986,0.0,0.2980769230769231
2021,11.17@2021-08-26,Illaoi,0.0013597513597513598,0.0,0.05448717948717949
2021,11.17@2021-08-26,Irelia,0.26223776223776224,0.0,0.8141025641025641
2021,11.17@2021-08-26,Ivern,0.00777000777000777,0.0,0.1987179487179487
2021,11.17@2021-08-26,Janna,0.003108003108003108,0.0,0.1346153846153846
2021,11.17@2021-08-26,Jarvan IV,0.013986013986013986,0.0,0.2980769230769231
2021,11.17@2021-08-26,Jax,0.05380730380730381,0.0,0.5865384615384616
2021,11.17@2021-08-26,Jayce,0.3350815850815851,0.0,0.8717948717948718
2021,11.17@2021-08-26,Jhin,0.050505050505050504,0.0,0.5705128205128205
2021,11.17@2021-08-26,Jinx,0.13247863247863248,0.0,0.7115384615384616
2021,11.17@2021-08-26,Kai'Sa,0.28826728826728826,0.0,0.8269230769230769
2021,11.17@2021-08-26,Kalista,0.29836829836829837,0.0,0.8461538461538461
2021,11.17@2021-08-26,Karma,0.4489121989121989,0.0,0.9102564102564102
2021,11.17@2021-08-26,Karthus,0.03768453768453769,0.0,0.5192307692307693
2021,11.17@2021-08-26,Kassadin,0.0168997668997669,0.0,0.3685897435897436
2021,11.17@2021-08-26,Katarina,0.006021756021756022,0.0,0.1858974358974359
2021,11.17@2021-08-26,Kayle,0.010683760683760684,0.0,0.2467948717948718
2021,11.17@2021-08-26,Kayn,0.016122766122766124,0.0,0.33974358974358976
2021,11.17@2021-08-26,Kennen,0.06332556332556333,0.0,0.6217948717948718
2021,11.17@2021-08-26,Kha'Zix,0.019813519813519812,0.0,0.41025641025641024
2021,11.17@2021-08-26,Kindred,0.06254856254856254,0.0,0.6153846153846154
2021,11.17@2021-08-26,Kled,0.01048951048951049,0.0,0.23717948717948717
2021,11.17@2021-08-26,Kog'Maw,0.09343434343434344,0.0,0.6602564102564102
2021,11.17@2021-08-26,LeBlanc,0.4331779331779332,0.0,0.8974358974358975
2021,11.17@2021-08-26,Lee Sin,0.769036519036519,0.0,1.0
2021,11.17@2021-08-26,Leona,0.5413752913752914,0.0,0.9551282051282052
2021,11.17@2021-08-26,Lillia,0.040986790986790984,0.0,0.5448717948717948
2021,11.17@2021-08-26,Lissandra,0.0405982905982906,0.0,0.532051282051282
2021,11.17@2021-08-26,Lucian,0.46522921522921523,0.0,0.9230769230769231
2021,11.17@2021-08-26,Lulu,0.3282828282828283,0.0,0.8653846153846154
2021,11.17@2021-08-26,Lux,0.003885003885003885,0.0,0.14743589743589744
2021,11.17@2021-08-26,Malphite,0.04759129759129759,0.0,0.5576923076923077
2021,11.17@2021-08-26,Malzahar,0.008935508935508936,0.0,0.21794871794871795
2021,11.17@2021-08-26,Maokai,0.00641025641025641,0.0,0.19230769230769232
2021,11.17@2021-08-26,Master Yi,0.0005827505827505828,0.0,0.01282051282051282
2021,11.17@2021-08-26,Miss Fortune,0.011266511266511266,0.0,0.2564102564102564
2021,11.17@2021-08-26,Mordekaiser,0.015734265734265736,0.0,0.3333333333333333
2021,11.17@2021-08-26,Morgana,0.05439005439005439,0.0,0.5961538461538461
2021,11.17@2021-08-26,Nami,0.002913752913752914,0.0,0.125
2021,11.17@2021-08-26,Nasus,0.005633255633255633,0.0,0.1762820512820513
2021,11.17@2021-08-26,Nautilus,0.5134032634032634,0.0,0.9358974358974359
2021,11.17@2021-08-26,Neeko,0.010101010101010102,0.0,0.23076923076923078
2021,11.17@2021-08-26,Nidalee,0.1346153846153846,0.0,0.7211538461538461
2021,11.17@2021-08-26,Nocturne,0.5374902874902875,0.0,0.9487179487179487
2021,11.17@2021-08-26,Nunu & Willump,0.005633255633255633,0.0,0.1762820512820513
2021,11.17@2021-08-26,Olaf,0.1452991452991453,0.0,0.7371794871794872
2021,11.17@2021-08-26,Orianna,0.2024087024087024,0.0,0.782051282051282
2021,11.17@2021-08-26,Ornn,0.07944832944832945,0.0,0.6410256410256411
2021,11.17@2021-08-26,Pantheon,0.013597513597513598,0.0,0.28846153846153844
2021,11.17@2021-08-26,Poppy,0.01184926184926185,0.0,0.26282051282051283
2021,11.17@2021-08-26,Pyke,0.012626262626262626,0.0,0.2724358974358974
2021,11.17@2021-08-26,Qiyana,0.016511266511266512,0.0,0.34935897435897434
2021,11.17@2021-08-26,Quinn,0.000777000777000777,0.0,0.03205128205128205
2021,11.17@2021-08-26,Rakan,0.19677544677544678,0.0,0.7756410256410257
2021,11.17@2021-08-26,Rammus,0.000777000777000777,0.0,0.03205128205128205
2021,11.17@2021-08-26,Rek'Sai,0.023892773892773892,0.0,0.4358974358974359
2021,11.17@2021-08-26,Rell,0.11985236985236986,0.0,0.6987179487179487
2021,11.17@2021-08-26,Renekton,0.6402486402486403,0.0,0.967948717948718
2021,11.17@2021-08-26,Rengar,0.002331002331002331,0.0,0.10576923076923077
2021,11.17@2021-08-26,Riven,0.014568764568764568,0.0,0.3108974358974359
2021,11.17@2021-08-26,Rumble,0.3776223776223776,0.0,0.8910256410256411
2021,11.17@2021-08-26,Ryze,0.23504273504273504,0.0,0.8012820512820513
2021,11.17@2021-08-26,Samira,0.037101787101787104,0.0,0.5128205128205128
2021,11.17@2021-08-26,Sejuani,0.047785547785547784,0.0,0.5641025641025641
2021,11.17@2021-08-26,Senna,0.18919968919968919,0.0,0.7692307692307693
2021,11.17@2021-08-26,Seraphine,0.11460761460761461,0.0,0.6858974358974359
2021,11.17@2021-08-26,Sett,0.5202020202020202,0.0,0.9423076923076923
2021,11.17@2021-08-26,Shaco,0.008352758352758352,0.0,0.20833333333333334
2021,11.17@2021-08-26,Shen,0.017288267288267288,0.0,0.3814102564102564
2021,11.17@2021-08-26,Shyvana,0.0005827505827505828,0.0,0.01282051282051282
2021,11.17@2021-08-26,Singed,0.001554001554001554,0.0,0.0673076923076923
2021,11.17@2021-08-26,Sion,0.035547785547785545,0.0,0.5064102564102564
2021,11.17@2021-08-26,Sivir,0.03146853146853147,0.0,0.4935897435897436
2021,11.17@2021-08-26,Skarner,0.0034965034965034965,0.0,0.14102564102564102
2021,11.17@2021-08-26,Sona,0.0019425019425019425,0.0,0.08974358974358974
2021,11.17@2021-08-26,Soraka,0.005050505050505051,0.0,0.16666666666666666
2021,11.17@2021-08-26,Swain,0.004079254079254079,0.0,0.15384615384615385
2021,11.17@2021-08-26,Sylas,0.3174048174048174,0.0,0.8589743589743589
2021,11.17@2021-08-26,Syndra,0.20862470862470864,0.0,0.7884615384615384
2021,11.17@2021-08-26,Tahm Kench,0.21814296814296813,0.0,0.7948717948717948
2021,11.17@2021-08-26,Taliyah,0.02097902097902098,0.0,0.4166666666666667
2021,11.17@2021-08-26,Talon,0.0017482517482517483,0.0,0.08012820512820513
2021,11.17@2021-08-26,Taric,0.027389277389277388,0.0,0.46153846153846156
2021,11.17@2021-08-26,Teemo,0.001554001554001554,0.0,0.0673076923076923
2021,11.17@2021-08-26,Thresh,0.7165889665889665,0.0,0.9807692307692307
2021,11.17@2021-08-26,Tristana,0.29564879564879565,0.0,0.8397435897435898
2021,11.17@2021-08-26,Trundle,0.15986790986790986,0.0,0.7467948717948718
2021,11.17@2021-08-26,Tryndamere,0.01825951825951826,0.0,0.3942307692307692
2021,11.17@2021-08-26,Twisted Fate,0.11888111888111888,0.0,0.6923076923076923
2021,11.17@2021-08-26,Twitch,0.008352758352758352,0.0,0.20833333333333334
2021,11.17@2021-08-26,Udyr,0.15986790986790986,0.0,0.7467948717948718
2021,11.17@2021-08-26,Urgot,0.024087024087024088,0.0,0.4423076923076923
2021,11.17@2021-08-26,Varus,0.6179098679098679,0.0,0.9615384615384616
2021,11.17@2021-08-26,Vayne,0.027777777777777776,0.0,0.46794871794871795
2021,11.17@2021-08-26,Veigar,0.0027195027195027195,0.0,0.11538461538461539
2021,11.17@2021-08-26,Vel'Koz,0.0013597513597513598,0.0,0.05448717948717949
2021,11.17@2021-08-26,Vi,0.0017482517482517483,0.0,0.08012820512820513
2021,11.17@2021-08-26,Viego,0.7245532245532246,0.0,0.9871794871794872
2021,11.17@2021-08-26,Viktor,0.12742812742812742,0.0,0.7051282051282052
2021,11.17@2021-08-26,Vladimir,0.009324009324009324,0.0,0.22435897435897437
2021,11.17@2021-08-26,Volibear,0.2902097902097902,0.0,0.8333333333333334
2021,11.17@2021-08-26,Warwick,0.000777000777000777,0.0,0.03205128205128205
2021,11.17@2021-08-26,Wukong,0.13636363636363635,0.0,0.7307692307692307
2021,11.17@2021-08-26,Xayah,0.06060606060606061,0.0,0.6089743589743589
2021,11.17@2021-08-26,Xerath,0.017288267288267288,0.0,0.3814102564102564
2021,11.17@2021-08-26,Xin Zhao,0.7616550116550117,0.0,0.9935897435897436
2021,11.17@2021-08-26,Yasuo,0.05380730380730381,0.0,0.5865384615384616
2021,11.17@2021-08-26,Yone,0.05555555555555555,0.0,0.6025641025641025
2021,11.17@2021-08-26,Yorick,0.0011655011655011655,0.0,0.04487179487179487
2021,11.17@2021-08-26,Yuumi,0.028166278166278168,0.0,0.47435897435897434
2021,11.17@2021-08-26,Zac,0.025446775446775448,0.0,0.44871794871794873
2021,11.17@2021-08-26,Zed,0.018842268842268844,0.0,0.40384615384615385
2021,11.17@2021-08-26,Ziggs,0.3661616161616162,0.0,0.8846153846153846
2021,11.17@2021-08-26,Zilean,0.010683760683760684,0.0,0.2467948717948718
2021,11.17@2021-08-26,Zoe,0.1346153846153846,0.0,0.7211538461538461
2021,11.17@2021-08-26,Zyra,0.002331002331002331,0.0,0.10576923076923077
2021,11.18@2021-09-09,Aatrox,0.08533791523482245,0.0,0.6474358974358975
2021,11.18@2021-09-09,Ahri,0.020427644138984347,0.0,0.4198717948717949
2021,11.18@2021-09-09,Akali,0.43432607865597556,0.0,0.9038461538461539
2021,11.18@2021-09-09,Akshan,0.0028636884306987398,0.0,0.12179487179487179
2021,11.18@2021-09-09,Alistar,0.18365788468881253,0.0,0.7628205128205128
2021,11.18@2021-09-09,Amumu,0.012791141657121039,0.0,0.28205128205128205
2021,11.18@2021-09-09,Anivia,0.01794578083237877,0.0,0.391025641025641
2021,11.18@2021-09-09,Annie,0.011836578846888126,0.0,0.266025641025641
2021,11.18@2021-09-09,Aphelios,0.3465063001145475,-1.0,0.8717948717948718
2021,11.18@2021-09-09,Ashe,0.11072928598701795,-2.0,0.6666666666666666
2021,11.18@2021-09-09,Aurelion Sol,0.011836578846888126,0.0,0.266025641025641
2021,11.18@2021-09-09,Azir,0.08094692630775105,0.0,0.6346153846153846
2021,11.18@2021-09-09,Bard,0.032836960672012215,0.0,0.5128205128205128
2021,11.18@2021-09-09,Blitzcrank,0.026536846124474992,0.0,0.4551282051282051
2021,11.18@2021-09-09,Brand,0.004009163802978236,0.0,0.15384615384615385
2021,11.18@2021-09-09,Braum,0.37399770904925544,0.0,0.8846153846153846
2021,11.18@2021-09-09,Caitlyn,0.016418480336006108,0.0,0.34615384615384615
2021,11.18@2021-09-09,Camille,0.3108056510118366,-2.0,0.8525641025641025
2021,11.18@2021-09-09,Cassiopeia,0.03264604810996564,0.0,0.5064102564102564
2021,11.18@2021-09-09,Cho'Gath,0.012791141657121039,0.0,0.28205128205128205
2021,11.18@2021-09-09,Corki,0.03150057273768614,0.0,0.4967948717948718
2021,11.18@2021-09-09,Darius,0.01718213058419244,0.0,0.36538461538461536
2021,11.18@2021-09-09,Diana,0.4579992363497518,0.0,0.9166666666666666
2021,11.18@2021-09-09,Dr. Mundo,0.11435662466590302,2.0,0.6794871794871795
2021,11.18@2021-09-09,Draven,0.07731958762886598,2.0,0.6217948717948718
2021,11.18@2021-09-09,Ekko,0.016800305460099276,0.0,0.3557692307692308
2021,11.18@2021-09-09,Elise,0.014509354715540282,0.0,0.32051282051282054
2021,11.18@2021-09-09,Evelynn,0.015463917525773196,0.0,0.3333333333333333
2021,11.18@2021-09-09,Ezreal,0.5234822451317297,0.0,0.9487179487179487
2021,11.18@2021-09-09,Fiddlesticks,0.03684612447499046,0.0,0.5224358974358975
2021,11.18@2021-09-09,Fiora,0.04830087819778541,0.0,0.5705128205128205
2021,11.18@2021-09-09,Fizz,0.00038182512409316535,0.0,0.00641025641025641
2021,11.18@2021-09-09,Galio,0.17048491790759832,0.0,0.7564102564102564
2021,11.18@2021-09-09,Gangplank,0.11244749904543719,2.0,0.6730769230769231
2021,11.18@2021-09-09,Garen,0.002290950744558992,0.0,0.09935897435897435
2021,11.18@2021-09-09,Gnar,0.24704085528827796,0.0,0.8012820512820513
2021,11.18@2021-09-09,Gragas,0.07751050019091256,0.0,0.6282051282051282
2021,11.18@2021-09-09,Graves,0.053837342497136315,0.0,0.5897435897435898
2021,11.18@2021-09-09,Gwen,0.6492936235204276,0.0,0.9743589743589743
2021,11.18@2021-09-09,Hecarim,0.039709812905689194,0.0,0.5448717948717948
2021,11.18@2021-09-09,Heimerdinger,0.013363879343260786,0.0,0.30128205128205127
2021,11.18@2021-09-09,Illaoi,0.0030546009927453228,0.0,0.1346153846153846
2021,11.18@2021-09-09,Irelia,0.28465063001145474,0.0,0.8269230769230769
2021,11.18@2021-09-09,Ivern,0.0074455899198167235,0.0,0.1987179487179487
2021,11.18@2021-09-09,Janna,0.0028636884306987398,0.0,0.12179487179487179
2021,11.18@2021-09-09,Jarvan IV,0.020427644138984347,0.0,0.4198717948717949
2021,11.18@2021-09-09,Jax,0.0572737686139748,0.0,0.6089743589743589
2021,11.18@2021-09-09,Jayce,0.34936998854524626,-2.0,0.8782051282051282
2021,11.18@2021-09-09,Jhin,0.0517373043146239,0.0,0.5769230769230769
2021,11.18@2021-09-09,Jinx,0.12504772814051165,1.0,0.7115384615384616
2021,11.18@2021-09-09,Kai'Sa,0.25925925925925924,1.0,0.8076923076923077
2021,11.18@2021-09-09,Kalista,0.2995418098510882,-1.0,0.8397435897435898
2021,11.18@2021-09-09,Karma,0.43203512791141657,1.0,0.8974358974358975
2021,11.18@2021-09-09,Karthus,0.03875525009545628,0.0,0.5384615384615384
2021,11.18@2021-09-09,Kassadin,0.017754868270332187,0.0,0.38461538461538464
2021,11.18@2021-09-09,Katarina,0.0057273768613974796,0.0,0.1794871794871795
2021,11.18@2021-09-09,Kayle,0.010691103474608629,0.0,0.25
2021,11.18@2021-09-09,Kayn,0.014700267277586864,0.0,0.3269230769230769
2021,11.18@2021-09-09,Kennen,0.08648339060710195,0.0,0.6538461538461539
2021,11.18@2021-09-09,Kha'Zix,0.019663993890798013,0.0,0.41025641025641024
2021,11.18@2021-09-09,Kindred,0.05956471935853379,0.0,0.6153846153846154
2021,11.18@2021-09-09,Kled,0.009927453226422299,0.0,0.2403846153846154
2021,11.18@2021-09-09,Kog'Maw,0.09087437953417335,1.0,0.6602564102564102
2021,11.18@2021-09-09,LeBlanc,0.47040855288277966,0.0,0.9230769230769231
2021,11.18@2021-09-09,Lee Sin,0.7672775868652157,-1.0,0.9935897435897436
2021,11.18@2021-09-09,Leona,0.5418098510882016,0.0,0.9551282051282052
2021,11.18@2021-09-09,Lillia,0.037800687285223365,0.0,0.532051282051282
2021,11.18@2021-09-09,Lissandra,0.045819014891179836,0.0,0.5512820512820513
2021,11.18@2021-09-09,Lucian,0.4425353188239786,0.0,0.9102564102564102
2021,11.18@2021-09-09,Lulu,0.3161512027491409,0.0,0.8589743589743589
2021,11.18@2021-09-09,Lux,0.0036273386788850705,0.0,0.14743589743589744
2021,11.18@2021-09-09,Malphite,0.04639175257731959,0.0,0.5641025641025641
2021,11.18@2021-09-09,Malzahar,0.009736540664375716,0.0,0.23076923076923078
2021,11.18@2021-09-09,Maokai,0.006681939671630393,0.0,0.19230769230769232
2021,11.18@2021-09-09,Master Yi,0.000572737686139748,0.0,0.016025641025641024
2021,11.18@2021-09-09,Miss Fortune,0.010882016036655211,2.0,0.2564102564102564
2021,11.18@2021-09-09,Mordekaiser,0.016800305460099276,0.0,0.3557692307692308
2021,11.18@2021-09-09,Morgana,0.02997327224131348,1.0,0.4807692307692308
2021,11.18@2021-09-09,Nami,0.0028636884306987398,0.0,0.12179487179487179
2021,11.18@2021-09-09,Nasus,0.005918289423444063,0.0,0.1858974358974359
2021,11.18@2021-09-09,Nautilus,0.48720885834287897,0.0,0.9294871794871795
2021,11.18@2021-09-09,Neeko,0.009163802978235968,0.0,0.22435897435897437
2021,11.18@2021-09-09,Nidalee,0.13421153111874762,0.0,0.7371794871794872
2021,11.18@2021-09-09,Nocturne,0.5051546391752577,0.0,0.9358974358974359
2021,11.18@2021-09-09,Nunu & Willump,0.005536464299350897,0.0,0.17307692307692307
2021,11.18@2021-09-09,Olaf,0.1464299350897289,0.0,0.7435897435897436
2021,11.18@2021-09-09,Orianna,0.20103092783505155,0.0,0.7756410256410257
2021,11.18@2021-09-09,Ornn,0.08132875143184422,0.0,0.6410256410256411
2021,11.18@2021-09-09,Pantheon,0.012791141657121039,0.0,0.28205128205128205
2021,11.18@2021-09-09,Poppy,0.013172966781214204,0.0,0.2948717948717949
2021,11.18@2021-09-09,Pyke,0.013745704467353952,0.0,0.3076923076923077
2021,11.18@2021-09-09,Qiyana,0.017373043146239022,0.0,0.375
2021,11.18@2021-09-09,Quinn,0.0009545628102329134,0.0,0.035256410256410256
2021,11.18@2021-09-09,Rakan,0.215922107674685,0.0,0.7884615384615384
2021,11.18@2021-09-09,Rammus,0.0009545628102329134,0.0,0.035256410256410256
2021,11.18@2021-09-09,Rek'Sai,0.024627720504009163,0.0,0.4423076923076923
2021,11.18@2021-09-09,Rell,0.11664757541046201,0.0,0.6923076923076923
2021,11.18@2021-09-09,Renekton,0.6338297059946545,-2.0,0.967948717948718
2021,11.18@2021-09-09,Rengar,0.0021000381825124095,0.0,0.08974358974358974
2021,11.18@2021-09-09,Riven,0.0143184421534937,0.0,0.3141025641025641
2021,11.18@2021-09-09,Rumble,0.33676975945017185,0.0,0.8653846153846154
2021,11.18@2021-09-09,Ryze,0.2701412752959145,0.0,0.8141025641025641
2021,11.18@2021-09-09,Samira,0.03684612447499046,0.0,0.5224358974358975
2021,11.18@2021-09-09,Sejuani,0.046200840015273005,0.0,0.5576923076923077
2021,11.18@2021-09-09,Senna,0.16933944253531882,0.0,0.75
2021,11.18@2021-09-09,Seraphine,0.11607483772432226,0.0,0.6858974358974359
2021,11.18@2021-09-09,Sett,0.5057273768613975,0.0,0.9423076923076923
2021,11.18@2021-09-09,Shaco,0.008209240168003054,0.0,0.20512820512820512
2021,11.18@2021-09-09,Shen,0.017373043146239022,0.0,0.375
2021,11.18@2021-09-09,Shyvana,0.000572737686139748,0.0,0.016025641025641024
2021,11.18@2021-09-09,Singed,0.0015273004963726614,1.0,0.060897435897435896
2021,11.18@2021-09-09,Sion,0.028064146620847653,0.0,0.47435897435897434
2021,11.18@2021-09-09,Sivir,0.03150057273768614,0.0,0.4967948717948718
2021,11.18@2021-09-09,Skarner,0.003436426116838488,0.0,0.14102564102564102
2021,11.18@2021-09-09,Sona,0.0019091256204658267,0.0,0.08333333333333333
2021,11.18@2021-09-09,Soraka,0.004772814051164567,1.0,0.16666666666666666
2021,11.18@2021-09-09,Swain,0.004200076365024819,0.0,0.16025641025641027
2021,11.18@2021-09-09,Sylas,0.3090874379534173,0.0,0.8461538461538461
2021,11.18@2021-09-09,Syndra,0.22184039709812906,0.0,0.7948717948717948
2021,11.18@2021-09-09,Tahm Kench,0.21401298205421918,0.0,0.782051282051282
2021,11.18@2021-09-09,Taliyah,0.020809469263077512,2.0,0.4326923076923077
2021,11.18@2021-09-09,Talon,0.001718213058419244,0.0,0.07371794871794872
2021,11.18@2021-09-09,Taric,0.027491408934707903,0.0,0.46153846153846156
2021,11.18@2021-09-09,Teemo,0.0015273004963726614,0.0,0.060897435897435896
2021,11.18@2021-09-09,Thresh,0.7128675066819397,-3.0,0.9807692307692307
2021,11.18@2021-09-09,Tristana,0.2806414662084765,0.0,0.8205128205128205
2021,11.18@2021-09-09,Trundle,0.19224894998090875,-2.0,0.7692307692307693
2021,11.18@2021-09-09,Tryndamere,0.018900343642611683,0.0,0.40384615384615385
2021,11.18@2021-09-09,Twisted Fate,0.13382970599465444,0.0,0.7243589743589743
2021,11.18@2021-09-09,Twitch,0.00859106529209622,1.0,0.21153846153846154
2021,11.18@2021-09-09,Udyr,0.1265750286368843,0.0,0.717948717948718
2021,11.18@2021-09-09,Urgot,0.020809469263077512,1.0,0.4326923076923077
2021,11.18@2021-09-09,Varus,0.6109201985490645,-2.0,0.9615384615384616
2021,11.18@2021-09-09,Vayne,0.030927835051546393,0.0,0.48717948717948717
2021,11.18@2021-09-09,Veigar,0.002672775868652157,0.0,0.10897435897435898
2021,11.18@2021-09-09,Vel'Koz,0.001145475372279496,0.0,0.04807692307692308
2021,11.18@2021-09-09,Vi,0.001718213058419244,0.0,0.07371794871794872
2021,11.18@2021-09-09,Viego,0.7563955708285606,0.0,0.9871794871794872
2021,11.18@2021-09-09,Viktor,0.11836578846888125,0.0,0.6987179487179487
2021,11.18@2021-09-09,Vladimir,0.008781977854142803,0.0,0.21794871794871795
2021,11.18@2021-09-09,Volibear,0.28484154257350136,0.0,0.8333333333333334
2021,11.18@2021-09-09,Warwick,0.0007636502481863307,0.0,0.02564102564102564
2021,11.18@2021-09-09,Wukong,0.13402061855670103,0.0,0.7307692307692307
2021,11.18@2021-09-09,Xayah,0.05670103092783505,0.0,0.6025641025641025
2021,11.18@2021-09-09,Xerath,0.016227567773959527,0.0,0.33974358974358976
2021,11.18@2021-09-09,Xin Zhao,0.7836960672012219,0.0,1.0
2021,11.18@2021-09-09,Yasuo,0.05593738067964872,0.0,0.5961538461538461
2021,11.18@2021-09-09,Yone,0.051928216876670485,1.0,0.5833333333333334
2021,11.18@2021-09-09,Yorick,0.001145475372279496,0.0,0.04807692307692308
2021,11.18@2021-09-09,Yuumi,0.027682321496754488,1.0,0.46794871794871795
2021,11.18@2021-09-09,Zac,0.025391370752195493,0.0,0.44871794871794873
2021,11.18@2021-09-09,Zed,0.018709431080565102,2.0,0.3974358974358974
2021,11.18@2021-09-09,Ziggs,0.3944253531882398,0.0,0.8910256410256411
2021,11.18@2021-09-09,Zilean,0.009927453226422299,0.0,0.2403846153846154
2021,11.18@2021-09-09,Zoe,0.12409316533027873,2.0,0.7051282051282052
2021,11.18@2021-09-09,Zyra,0.002290950744558992,0.0,0.09935897435897435
2021,11.19@2021-09-22,Aatrox,0.07489539748953974,2.0,0.6346153846153846
2021,11.19@2021-09-22,Ahri,0.016736401673640166,0.0,0.36538461538461536
2021,11.19@2021-09-22,Akali,0.4424686192468619,1.0,0.9102564102564102
2021,11.19@2021-09-22,Akshan,0.0037656903765690376,0.0,0.15064102564102563
2021,11.19@2021-09-22,Alistar,0.1799163179916318,0.0,0.7564102564102564
2021,11.19@2021-09-22,Amumu,0.010878661087866108,0.0,0.266025641025641
2021,11.19@2021-09-22,Anivia,0.014644351464435146,0.0,0.3108974358974359
2021,11.19@2021-09-22,Annie,0.008786610878661089,0.0,0.22115384615384615
2021,11.19@2021-09-22,Aphelios,0.3872384937238494,0.0,0.8846153846153846
2021,11.19@2021-09-22,Ashe,0.1192468619246862,0.0,0.7115384615384616
2021,11.19@2021-09-22,Aurelion Sol,0.011297071129707114,0.0,0.27884615384615385
2021,11.19@2021-09-22,Azir,0.08744769874476988,0.0,0.6602564102564102
2021,11.19@2021-09-22,Bard,0.035146443514644354,0.0,0.5288461538461539
2021,11.19@2021-09-22,Blitzcrank,0.026359832635983262,0.0,0.46153846153846156
2021,11.19@2021-09-22,Brand,0.0037656903765690376,0.0,0.15064102564102563
2021,11.19@2021-09-22,Braum,0.38410041841004183,0.0,0.8782051282051282
2021,11.19@2021-09-22,Caitlyn,0.018410041841004185,0.0,0.41025641025641024
2021,11.19@2021-09-22,Camille,0.34518828451882844,0.0,0.8653846153846154
2021,11.19@2021-09-22,Cassiopeia,0.034518828451882845,0.0,0.5192307692307693
2021,11.19@2021-09-22,Cho'Gath,0.011506276150627616,2.0,0.28846153846153844
2021,11.19@2021-09-22,Corki,0.03117154811715481,0.0,0.4935897435897436
2021,11.19@2021-09-22,Darius,0.01799163179916318,0.0,0.391025641025641
2021,11.19@2021-09-22,Diana,0.48723849372384936,0.0,0.9358974358974359
2021,11.19@2021-09-22,Dr. Mundo,0.12635983263598327,0.0,0.7307692307692307
2021,11.19@2021-09-22,Draven,0.08410041841004184,0.0,0.6410256410256411
2021,11.19@2021-09-22,Ekko,0.01610878661087866,0.0,0.3525641025641026
2021,11.19@2021-09-22,Elise,0.011297071129707114,0.0,0.27884615384615385
2021,11.19@2021-09-22,Evelynn,0.01506276150627615,0.0,0.3269230769230769
2021,11.19@2021-09-22,Ezreal,0.5035564853556486,0.0,0.9423076923076923
2021,11.19@2021-09-22,Fiddlesticks,0.03430962343096234,0.0,0.5128205128205128
2021,11.19@2021-09-22,Fiora,0.05376569037656904,0.0,0.5833333333333334
2021,11.19@2021-09-22,Fizz,0.00041841004184100416,2.0,0.00641025641025641
2021,11.19@2021-09-22,Galio,0.1813807531380753,1.0,0.7628205128205128
2021,11.19@2021-09-22,Gangplank,0.11464435146443515,0.0,0.7051282051282052
2021,11.19@2021-09-22,Garen,0.002301255230125523,0.0,0.09935897435897435
2021,11.19@2021-09-22,Gnar,0.23263598326359833,0.0,0.7948717948717948
2021,11.19@2021-09-22,Gragas,0.07280334728033473,1.0,0.6282051282051282
2021,11.19@2021-09-22,Graves,0.059414225941422594,0.0,0.6089743589743589
2021,11.19@2021-09-22,Gwen,0.6280334728033473,1.0,0.9743589743589743
2021,11.19@2021-09-22,Hecarim,0.03912133891213389,0.0,0.5448717948717948
2021,11.19@2021-09-22,Heimerdinger,0.013179916317991631,0.0,0.2948717948717949
2021,11.19@2021-09-22,Illaoi,0.0033472803347280333,0.0,0.13782051282051283
2021,11.19@2021-09-22,Irelia,0.31255230125523015,0.0,0.8525641025641025
2021,11.19@2021-09-22,Ivern,0.006485355648535565,0.0,0.1987179487179487
2021,11.19@2021-09-22,Janna,0.0031380753138075313,0.0,0.12179487179487179
2021,11.19@2021-09-22,Jarvan IV,0.028661087866108787,0.0,0.4807692307692308
2021,11.19@2021-09-22,Jax,0.06150627615062761,0.0,0.6217948717948718
2021,11.19@2021-09-22,Jayce,0.3518828451882845,0.0,0.8717948717948718
2021,11.19@2021-09-22,Jhin,0.05167364016736402,0.0,0.5705128205128205
2021,11.19@2021-09-22,Jinx,0.11338912133891213,0.0,0.6987179487179487
2021,11.19@2021-09-22,Kai'Sa,0.2186192468619247,0.0,0.782051282051282
2021,11.19@2021-09-22,Kalista,0.3205020920502092,0.0,0.8589743589743589
2021,11.19@2021-09-22,Karma,0.4087866108786611,0.0,0.8910256410256411
2021,11.19@2021-09-22,Karthus,0.03891213389121339,0.0,0.5384615384615384
2021,11.19@2021-09-22,Kassadin,0.017573221757322177,0.0,0.38461538461538464
2021,11.19@2021-09-22,Katarina,0.005857740585774059,0.0,0.1794871794871795
2021,11.19@2021-09-22,Kayle,0.0100418410041841,0.0,0.23717948717948717
2021,11.19@2021-09-22,Kayn,0.015271966527196652,0.0,0.3333333333333333
2021,11.19@2021-09-22,Kennen,0.09832635983263599,-2.0,0.6666666666666666
2021,11.19@2021-09-22,Kha'Zix,0.021757322175732216,0.0,0.4423076923076923
2021,11.19@2021-09-22,Kindred,0.05774058577405858,0.0,0.6025641025641025
2021,11.19@2021-09-22,Kled,0.010669456066945606,0.0,0.2564102564102564
2021,11.19@2021-09-22,Kog'Maw,0.08682008368200837,0.0,0.6538461538461539
2021,11.19@2021-09-22,LeBlanc,0.5244769874476988,0.0,0.9487179487179487
2021,11.19@2021-09-22,Lee Sin,0.7642259414225941,0.0,0.9871794871794872
2021,11.19@2021-09-22,Leona,0.5393305439330544,0.0,0.9551282051282052
2021,11.19@2021-09-22,Lillia,0.03410041841004184,0.0,0.5064102564102564
2021,11.19@2021-09-22,Lissandra,0.05188284518828452,0.0,0.5769230769230769
2021,11.19@2021-09-22,Lucian,0.4096234309623431,0.0,0.8974358974358975
2021,11.19@2021-09-22,Lulu,0.3102510460251046,0.0,0.8461538461538461
2021,11.19@2021-09-22,Lux,0.0031380753138075313,0.0,0.12179487179487179
2021,11.19@2021-09-22,Malphite,0.043305439330543934,0.0,0.5512820512820513
2021,11.19@2021-09-22,Malzahar,0.010460251046025104,0.0,0.25
2021,11.19@2021-09-22,Maokai,0.006066945606694561,0.0,0.1858974358974359
2021,11.19@2021-09-22,Master Yi,0.0006276150627615063,0.0,0.016025641025641024
2021,11.19@2021-09-22,Miss Fortune,0.010878661087866108,0.0,0.266025641025641
2021,11.19@2021-09-22,Mordekaiser,0.017364016736401675,2.0,0.3782051282051282
2021,11.19@2021-09-22,Morgana,0.016527196652719664,0.0,0.358974358974359
2021,11.19@2021-09-22,Nami,0.0033472803347280333,0.0,0.13782051282051283
2021,11.19@2021-09-22,Nasus,0.006276150627615063,0.0,0.19230769230769232
2021,11.19@2021-09-22,Nautilus,0.4671548117154812,0.0,0.9166666666666666
2021,11.19@2021-09-22,Neeko,0.008786610878661089,0.0,0.22115384615384615
2021,11.19@2021-09-22,Nidalee,0.12364016736401674,0.0,0.7211538461538461
2021,11.19@2021-09-22,Nocturne,0.4730125523012552,0.0,0.9230769230769231
2021,11.19@2021-09-22,Nunu & Willump,0.004602510460251046,0.0,0.17307692307692307
2021,11.19@2021-09-22,Olaf,0.1506276150627615,0.0,0.75
2021,11.19@2021-09-22,Orianna,0.18974895397489538,0.0,0.7692307692307693
2021,11.19@2021-09-22,Ornn,0.08598326359832636,0.0,0.6474358974358975
2021,11.19@2021-09-22,Pantheon,0.014435146443514645,0.0,0.30128205128205127
2021,11.19@2021-09-22,Poppy,0.014853556485355648,2.0,0.32051282051282054
2021,11.19@2021-09-22,Pyke,0.015481171548117154,0.0,0.34294871794871795
2021,11.19@2021-09-22,Qiyana,0.01715481171548117,1.0,0.3717948717948718
2021,11.19@2021-09-22,Quinn,0.0008368200836820083,0.0,0.02564102564102564
2021,11.19@2021-09-22,Rakan,0.23744769874476987,0.0,0.8012820512820513
2021,11.19@2021-09-22,Rammus,0.0010460251046025104,0.0,0.038461538461538464
2021,11.19@2021-09-22,Rek'Sai,0.02510460251046025,0.0,0.44871794871794873
2021,11.19@2021-09-22,Rell,0.11276150627615063,0.0,0.6923076923076923
2021,11.19@2021-09-22,Renekton,0.6089958158995816,2.0,0.967948717948718
2021,11.19@2021-09-22,Rengar,0.002301255230125523,0.0,0.09935897435897435
2021,11.19@2021-09-22,Riven,0.014644351464435146,0.0,0.3108974358974359
2021,11.19@2021-09-22,Rumble,0.27510460251046026,0.0,0.8205128205128205
2021,11.19@2021-09-22,Ryze,0.30313807531380754,-2.0,0.8397435897435898
2021,11.19@2021-09-22,Samira,0.035146443514644354,0.0,0.5288461538461539
2021,11.19@2021-09-22,Sejuani,0.04769874476987448,2.0,0.5576923076923077
2021,11.19@2021-09-22,Senna,0.14811715481171547,0.0,0.7371794871794872
2021,11.19@2021-09-22,Seraphine,0.10836820083682008,2.0,0.6794871794871795
2021,11.19@2021-09-22,Sett,0.4870292887029289,0.0,0.9294871794871795
2021,11.19@2021-09-22,Shaco,0.008158995815899581,0.0,0.20512820512820512
2021,11.19@2021-09-22,Shen,0.018200836820083683,0.0,0.40064102564102566
2021,11.19@2021-09-22,Shyvana,0.0006276150627615063,0.0,0.016025641025641024
2021,11.19@2021-09-22,Singed,0.0016736401673640166,0.0,0.060897435897435896
2021,11.19@2021-09-22,Sion,0.018200836820083683,1.0,0.40064102564102566
2021,11.19@2021-09-22,Sivir,0.030334728033472803,0.0,0.48717948717948717
2021,11.19@2021-09-22,Skarner,0.002719665271966527,0.0,0.10897435897435898
2021,11.19@2021-09-22,Sona,0.0020920502092050207,-1.0,0.08974358974358974
2021,11.19@2021-09-22,Soraka,0.0041841004184100415,-2.0,0.16666666666666666
2021,11.19@2021-09-22,Swain,0.0039748953974895395,0.0,0.16025641025641027
2021,11.19@2021-09-22,Sylas,0.29916317991631797,1.0,0.8333333333333334
2021,11.19@2021-09-22,Syndra,0.23786610878661088,0.0,0.8076923076923077
2021,11.19@2021-09-22,Tahm Kench,0.21046025104602512,0.0,0.7756410256410257
2021,11.19@2021-09-22,Taliyah,0.021338912133891212,0.0,0.4358974358974359
2021,11.19@2021-09-22,Talon,0.0018828451882845188,0.0,0.07692307692307693
2021,11.19@2021-09-22,Taric,0.027405857740585775,0.0,0.46794871794871795
2021,11.19@2021-09-22,Teemo,0.0016736401673640166,0.0,0.060897435897435896
2021,11.19@2021-09-22,Thresh,0.7284518828451882,0.0,0.9807692307692307
2021,11.19@2021-09-22,Tristana,0.2615062761506276,0.0,0.8141025641025641
2021,11.19@2021-09-22,Trundle,0.2192468619246862,0.0,0.7884615384615384
2021,11.19@2021-09-22,Tryndamere,0.01903765690376569,0.0,0.4166666666666667
2021,11.19@2021-09-22,Twisted Fate,0.15,0.0,0.7435897435897436
2021,11.19@2021-09-22,Twitch,0.008786610878661089,0.0,0.22115384615384615
2021,11.19@2021-09-22,Udyr,0.05627615062761506,0.0,0.5961538461538461
2021,11.19@2021-09-22,Urgot,0.019665271966527197,0.0,0.42948717948717946
2021,11.19@2021-09-22,Varus,0.6083682008368201,-2.0,0.9615384615384616
2021,11.19@2021-09-22,Vayne,0.03221757322175732,0.0,0.5
2021,11.19@2021-09-22,Veigar,0.0031380753138075313,0.0,0.12179487179487179
2021,11.19@2021-09-22,Vel'Koz,0.0010460251046025104,0.0,0.038461538461538464
2021,11.19@2021-09-22,Vi,0.0018828451882845188,0.0,0.07692307692307693
2021,11.19@2021-09-22,Viego,0.7930962343096234,0.0,0.9935897435897436
2021,11.19@2021-09-22,Viktor,0.10481171548117155,0.0,0.6730769230769231
2021,11.19@2021-09-22,Vladimir,0.008786610878661089,0.0,0.22115384615384615
2021,11.19@2021-09-22,Volibear,0.28326359832635983,0.0,0.8269230769230769
2021,11.19@2021-09-22,Warwick,0.0010460251046025104,0.0,0.038461538461538464
2021,11.19@2021-09-22,Wukong,0.12364016736401674,0.0,0.7211538461538461
2021,11.19@2021-09-22,Xayah,0.05439330543933055,0.0,0.5897435897435898
2021,11.19@2021-09-22,Xerath,0.015481171548117154,0.0,0.34294871794871795
2021,11.19@2021-09-22,Xin Zhao,0.8430962343096234,0.0,1.0
2021,11.19@2021-09-22,Yasuo,0.0602510460251046,0.0,0.6153846153846154
2021,11.19@2021-09-22,Yone,0.048744769874476984,0.0,0.5641025641025641
2021,11.19@2021-09-22,Yorick,0.0012552301255230125,0.0,0.05128205128205128
2021,11.19@2021-09-22,Yuumi,0.028451882845188285,0.0,0.47435897435897434
2021,11.19@2021-09-22,Zac,0.02615062761506276,0.0,0.4551282051282051
2021,11.19@2021-09-22,Zed,0.019456066945606695,0.0,0.4230769230769231
2021,11.19@2021-09-22,Ziggs,0.44184100418410044,0.0,0.9038461538461539
2021,11.19@2021-09-22,Zilean,0.010251046025104602,0.0,0.24358974358974358
2021,11.19@2021-09-22,Zoe,0.11171548117154811,0.0,0.6858974358974359
2021,11.19@2021-09-22,Zyra,0.0018828451882845188,0.0,0.07692307692307693
2021,11.19@2021-09-24,Aatrox,0.07496796240922683,0.0,0.6369426751592356
2021,11.19@2021-09-24,Ahri,0.01708671507902606,0.0,0.3821656050955414
2021,11.19@2021-09-24,Akali,0.43571123451516447,0.0,0.9044585987261147
2021,11.19@2021-09-24,Akshan,0.003844510892780863,0.0,0.15605095541401273
2021,11.19@2021-09-24,Alistar,0.17983767620674926,0.0,0.7579617834394905
2021,11.19@2021-09-24,Amumu,0.012174284493806066,0.0,0.2929936305732484
2021,11.19@2021-09-24,Anivia,0.014523707817172148,0.0,0.3184713375796178
2021,11.19@2021-09-24,Annie,0.00897052541648868,0.0,0.22929936305732485
2021,11.19@2021-09-24,Aphelios,0.3951302862024776,0.0,0.8853503184713376
2021,11.19@2021-09-24,Ashe,0.12131567706108501,0.0,0.7197452229299363
2021,11.19@2021-09-24,Aurelion Sol,0.011533532678342588,0.0,0.28662420382165604
2021,11.19@2021-09-24,Azir,0.08842375053395984,0.0,0.6624203821656051
2021,11.19@2021-09-24,Bard,0.03588210166595472,0.0,0.5318471337579618
2021,11.19@2021-09-24,Blitzcrank,0.02691157624946604,0.0,0.46496815286624205
2021,11.19@2021-09-24,Brand,0.003844510892780863,0.0,0.15605095541401273
2021,11.19@2021-09-24,Braum,0.38722768047842804,0.0,0.8789808917197452
2021,11.19@2021-09-24,Caitlyn,0.018581802648440837,0.0,0.4140127388535032
2021,11.19@2021-09-24,Camille,0.350491243058522,0.0,0.8662420382165605
2021,11.19@2021-09-24,Cassiopeia,0.03588210166595472,0.0,0.5318471337579618
2021,11.19@2021-09-24,Cho'Gath,0.01046561298590346,0.0,0.25477707006369427
2021,11.19@2021-09-24,Corki,0.03139683895771038,0.0,0.4968152866242038
2021,11.19@2021-09-24,Darius,0.01751388295600171,0.0,0.3980891719745223
2021,11.19@2021-09-24,Diana,0.4929517300299017,0.0,0.9363057324840764
2021,11.19@2021-09-24,Dr. Mundo,0.13007261853908586,0.0,0.732484076433121
2021,11.19@2021-09-24,Draven,0.08586074327210594,0.0,0.6528662420382165
2021,11.19@2021-09-24,Ekko,0.016018795386586928,0.0,0.35668789808917195
2021,11.19@2021-09-24,Elise,0.011106364801366937,0.0,0.2770700636942675
2021,11.19@2021-09-24,Evelynn,0.014523707817172148,0.0,0.3184713375796178
2021,11.19@2021-09-24,Ezreal,0.49786416061512173,0.0,0.9426751592356688
2021,11.19@2021-09-24,Fiddlesticks,0.03460059803502777,0.0,0.5222929936305732
2021,11.19@2021-09-24,Fiora,0.05382315249893208,0.0,0.5923566878980892
2021,11.19@2021-09-24,Fizz,0.00042716787697565144,0.0,0.012738853503184714
2021,11.19@2021-09-24,Galio,0.18240068346860316,0.0,0.7643312101910829
2021,11.19@2021-09-24,Gangplank,0.11554891072191371,0.0,0.7070063694267515
2021,11.19@2021-09-24,Garen,0.002349423323366083,0.0,0.10509554140127389
2021,11.19@2021-09-24,Gnar,0.23195215719777873,0.0,0.7961783439490446
2021,11.19@2021-09-24,Gragas,0.07325929090132421,0.0,0.6305732484076433
2021,11.19@2021-09-24,Graves,0.06129859034600598,0.0,0.6210191082802548
2021,11.19@2021-09-24,Gwen,0.6221700128150363,0.0,0.9745222929936306
2021,11.19@2021-09-24,Hecarim,0.03844510892780863,0.0,0.5445859872611465
2021,11.19@2021-09-24,Heimerdinger,0.012815036309269542,0.0,0.29936305732484075
2021,11.19@2021-09-24,Illaoi,0.0034173430158052115,0.0,0.14331210191082802
2021,11.19@2021-09-24,Irelia,0.3182400683468603,0.0,0.8535031847133758
2021,11.19@2021-09-24,Ivern,0.0066211020931225975,0.0,0.20382165605095542
2021,11.19@2021-09-24,Janna,0.0032037590773173856,0.0,0.1305732484076433
2021,11.19@2021-09-24,Jarvan IV,0.030756087142246903,0.0,0.49044585987261147
2021,11.19@2021-09-24,Jax,0.060657838530542504,0.0,0.6114649681528662
2021,11.19@2021-09-24,Jayce,0.3530542503203759,0.0,0.8726114649681529
2021,11.19@2021-09-24,Jhin,0.051473729175565995,0.0,0.5796178343949044
2021,11.19@2021-09-24,Jinx,0.1121315677061085,0.0,0.6942675159235668
2021,11.19@2021-09-24,Kai'Sa,0.21144809910294746,0.0,0.7834394904458599
2021,11.19@2021-09-24,Kalista,0.32592909013242205,0.0,0.8598726114649682
2021,11.19@2021-09-24,Karma,0.39747970952584366,0.0,0.89171974522293
2021,11.19@2021-09-24,Karthus,0.03844510892780863,0.0,0.5445859872611465
2021,11.19@2021-09-24,Kassadin,0.01708671507902606,0.0,0.3821656050955414
2021,11.19@2021-09-24,Katarina,0.005339598462195643,0.0,0.18471337579617833
2021,11.19@2021-09-24,Kayle,0.009611277231952157,0.0,0.24203821656050956
2021,11.19@2021-09-24,Kayn,0.015164459632635626,0.0,0.3375796178343949
2021,11.19@2021-09-24,Kennen,0.10038445108927808,0.0,0.6687898089171974
2021,11.19@2021-09-24,Kha'Zix,0.0224263135412217,0.0,0.445859872611465
2021,11.19@2021-09-24,Kindred,0.057881247330200766,0.0,0.6050955414012739
2021,11.19@2021-09-24,Kled,0.010892780862879111,0.0,0.2643312101910828
2021,11.19@2021-09-24,Kog'Maw,0.08372490388722768,0.0,0.643312101910828
2021,11.19@2021-09-24,LeBlanc,0.53438701409654,0.0,0.9490445859872612
2021,11.19@2021-09-24,Lee Sin,0.7633489961554891,0.0,0.9872611464968153
2021,11.19@2021-09-24,Leona,0.5395130286202477,0.0,0.9554140127388535
2021,11.19@2021-09-24,Lillia,0.033532678342588634,0.0,0.5095541401273885
2021,11.19@2021-09-24,Lissandra,0.05296881674498078,0.0,0.5859872611464968
2021,11.19@2021-09-24,Lucian,0.4058094831268689,0.0,0.8980891719745223
2021,11.19@2021-09-24,Lulu,0.31012387868432295,0.0,0.8471337579617835
2021,11.19@2021-09-24,Lux,0.0032037590773173856,0.0,0.1305732484076433
2021,11.19@2021-09-24,Malphite,0.04293037163605297,0.0,0.554140127388535
2021,11.19@2021-09-24,Malzahar,0.010892780862879111,0.0,0.2643312101910828
2021,11.19@2021-09-24,Maokai,0.006193934216146946,0.0,0.1910828025477707
2021,11.19@2021-09-24,Master Yi,0.0006407518154634772,0.0,0.022292993630573247
2021,11.19@2021-09-24,Miss Fortune,0.011106364801366937,0.0,0.2770700636942675
2021,11.19@2021-09-24,Mordekaiser,0.01751388295600171,0.0,0.3980891719745223
2021,11.19@2021-09-24,Morgana,0.016232379325074753,0.0,0.3630573248407643
2021,11.19@2021-09-24,Nami,0.0034173430158052115,0.0,0.14331210191082802
2021,11.19@2021-09-24,Nasus,0.006407518154634771,0.0,0.19745222929936307
2021,11.19@2021-09-24,Nautilus,0.46454506621102093,0.0,0.9171974522292994
2021,11.19@2021-09-24,Neeko,0.008756941478000855,0.0,0.21656050955414013
2021,11.19@2021-09-24,Nidalee,0.12323793250747543,0.0,0.7261146496815286
2021,11.19@2021-09-24,Nocturne,0.4649722340879966,0.0,0.9235668789808917
2021,11.19@2021-09-24,Nunu & Willump,0.004271678769756515,0.0,0.1751592356687898
2021,11.19@2021-09-24,Olaf,0.1529260999572832,0.0,0.7515923566878981
2021,11.19@2021-09-24,Orianna,0.19008970525416488,0.0,0.7707006369426752
2021,11.19@2021-09-24,Ornn,0.08586074327210594,0.0,0.6528662420382165
2021,11.19@2021-09-24,Pantheon,0.014310123878684322,0.0,0.3057324840764331
2021,11.19@2021-09-24,Poppy,0.014737291755659975,0.0,0.33121019108280253
2021,11.19@2021-09-24,Pyke,0.015591627509611277,0.0,0.3503184713375796
2021,11.19@2021-09-24,Qiyana,0.01708671507902606,0.0,0.3821656050955414
2021,11.19@2021-09-24,Quinn,0.0008543357539513029,0.0,0.03503184713375796
2021,11.19@2021-09-24,Rakan,0.24049551473729175,0.0,0.802547770700637
2021,11.19@2021-09-24,Rammus,0.0010679196924391287,0.0,0.04777070063694268
2021,11.19@2021-09-24,Rek'Sai,0.02541648868005126,0.0,0.45222929936305734
2021,11.19@2021-09-24,Rell,0.11234515164459632,0.0,0.7006369426751592
2021,11.19@2021-09-24,Renekton,0.6046561298590346,0.0,0.9617834394904459
2021,11.19@2021-09-24,Rengar,0.002349423323366083,0.0,0.10509554140127389
2021,11.19@2021-09-24,Riven,0.014523707817172148,0.0,0.3184713375796178
2021,11.19@2021-09-24,Rumble,0.2618539085860743,0.0,0.821656050955414
2021,11.19@2021-09-24,Ryze,0.3077744553609569,0.0,0.8407643312101911
2021,11.19@2021-09-24,Samira,0.03438701409653994,0.0,0.5159235668789809
2021,11.19@2021-09-24,Sejuani,0.04805638615976079,0.0,0.5732484076433121
2021,11.19@2021-09-24,Senna,0.14288765484835542,0.0,0.7388535031847133
2021,11.19@2021-09-24,Seraphine,0.10679196924391286,0.0,0.6815286624203821
2021,11.19@2021-09-24,Sett,0.4844083724903887,0.0,0.9299363057324841
2021,11.19@2021-09-24,Shaco,0.008116189662537377,0.0,0.21019108280254778
2021,11.19@2021-09-24,Shen,0.01794105083297736,0.0,0.40764331210191085
2021,11.19@2021-09-24,Shyvana,0.0006407518154634772,0.0,0.022292993630573247
2021,11.19@2021-09-24,Singed,0.0017086715079026058,0.0,0.07006369426751592
2021,11.19@2021-09-24,Sion,0.016659547202050404,0.0,0.36942675159235666
2021,11.19@2021-09-24,Sivir,0.030328919265271252,0.0,0.4840764331210191
2021,11.19@2021-09-24,Skarner,0.002776591200341734,0.0,0.11464968152866242
2021,11.19@2021-09-24,Sona,0.0021358393848782574,0.0,0.09554140127388536
2021,11.19@2021-09-24,Soraka,0.004271678769756515,0.0,0.1751592356687898
2021,11.19@2021-09-24,Swain,0.004058094831268688,0.0,0.16560509554140126
2021,11.19@2021-09-24,Sylas,0.2992310978214438,0.0,0.8343949044585988
2021,11.19@2021-09-24,Syndra,0.24156343442973088,0.0,0.8089171974522293
2021,11.19@2021-09-24,Tahm Kench,0.20995301153353269,0.0,0.7770700636942676
2021,11.19@2021-09-24,Taliyah,0.021144809910294746,0.0,0.4394904458598726
2021,11.19@2021-09-24,Talon,0.0017086715079026058,0.0,0.07006369426751592
2021,11.19@2021-09-24,Taric,0.028193079880392994,0.0,0.4713375796178344
2021,11.19@2021-09-24,Teemo,0.0017086715079026058,0.0,0.07006369426751592
2021,11.19@2021-09-24,Thresh,0.7325929090132423,0.0,0.9808917197452229
2021,11.19@2021-09-24,Tristana,0.2601452370781717,0.0,0.8152866242038217
2021,11.19@2021-09-24,Trundle,0.22447671935070482,0.0,0.7898089171974523
2021,11.19@2021-09-24,Tryndamere,0.019008970525416488,0.0,0.4267515923566879
2021,11.19@2021-09-24,Twisted Fate,0.14972234087996583,0.0,0.7452229299363057
2021,11.19@2021-09-24,Twitch,0.00897052541648868,0.0,0.22929936305732485
2021,11.19@2021-09-24,Udyr,0.04656129859034601,0.0,0.5605095541401274
2021,11.19@2021-09-24,Urgot,0.019008970525416488,0.0,0.4267515923566879
2021,11.19@2021-09-24,Varus,0.6076463049978642,0.0,0.9681528662420382
2021,11.19@2021-09-24,Vayne,0.03246475865014951,0.0,0.5031847133757962
2021,11.19@2021-09-24,Veigar,0.00299017513882956,0.0,0.12101910828025478
2021,11.19@2021-09-24,Vel'Koz,0.0010679196924391287,0.0,0.04777070063694268
2021,11.19@2021-09-24,Vex,0.0,-2.0,0.006369426751592357
2021,11.19@2021-09-24,Vi,0.0019222554463904314,0.0,0.08598726114649681
2021,11.19@2021-09-24,Viego,0.7962409226826143,0.0,0.9936305732484076
2021,11.19@2021-09-24,Viktor,0.10380179410508329,0.0,0.6751592356687898
2021,11.19@2021-09-24,Vladimir,0.00897052541648868,0.0,0.22929936305732485
2021,11.19@2021-09-24,Volibear,0.2815036309269543,0.0,0.8280254777070064
2021,11.19@2021-09-24,Warwick,0.0008543357539513029,0.0,0.03503184713375796
2021,11.19@2021-09-24,Wukong,0.1204613413071337,0.0,0.7133757961783439
2021,11.19@2021-09-24,Xayah,0.055104656129859035,0.0,0.5987261146496815
2021,11.19@2021-09-24,Xerath,0.015378043571123452,0.0,0.34394904458598724
2021,11.19@2021-09-24,Xin Zhao,0.849209739427595,0.0,1.0
2021,11.19@2021-09-24,Yasuo,0.06129859034600598,0.0,0.6210191082802548
2021,11.19@2021-09-24,Yone,0.047629218282785137,0.0,0.5668789808917197
2021,11.19@2021-09-24,Yorick,0.0012815036309269544,0.0,0.05732484076433121
2021,11.19@2021-09-24,Yuumi,0.02840666381888082,0.0,0.47770700636942676
2021,11.19@2021-09-24,Zac,0.026057240495514736,0.0,0.4585987261146497
2021,11.19@2021-09-24,Zed,0.019008970525416488,0.0,0.4267515923566879
2021,11.19@2021-09-24,Ziggs,0.45066211020931224,0.0,0.910828025477707
2021,11.19@2021-09-24,Zilean,0.01003844510892781,0.0,0.2484076433121019
2021,11.19@2021-09-24,Zoe,0.11106364801366937,0.0,0.6878980891719745
2021,11.19@2021-09-24,Zyra,0.0019222554463904314,0.0,0.08598726114649681
2022,12.15@2022-08-10,Aatrox,0.13781223083548666,0.0,0.7080745341614907
2022,12.15@2022-08-10,Ahri,0.5357450473729544,0.0,0.9627329192546584
2022,12.15@2022-08-10,Akali,0.18949181739879414,1.0,0.7701863354037267
2022,12.15@2022-08-10,Akshan,0.020025839793281652,0.0,0.36024844720496896
2022,12.15@2022-08-10,Alistar,0.09151593453919035,0.0,0.6273291925465838
2022,12.15@2022-08-10,Amumu,0.08613264427217916,0.0,0.6149068322981367
2022,12.15@2022-08-10,Anivia,0.00904392764857881,0.0,0.21739130434782608
2022,12.15@2022-08-10,Annie,0.00516795865633075,0.0,0.14285714285714285
2022,12.15@2022-08-10,Aphelios,0.31739879414298017,0.0,0.8819875776397516
2022,12.15@2022-08-10,Ashe,0.056416881998277345,0.0,0.4968944099378882
2022,12.15@2022-08-10,Aurelion Sol,0.006029285099052541,0.0,0.16459627329192547
2022,12.15@2022-08-10,Azir,0.43906115417743324,0.0,0.9192546583850931
2022,12.15@2022-08-10,Bard,0.027777777777777776,0.0,0.39751552795031053
2022,12.15@2022-08-10,Bel'Veth,0.07385874246339362,0.0,0.5714285714285714
2022,12.15@2022-08-10,Blitzcrank,0.021102497846683894,0.0,0.36645962732919257
2022,12.15@2022-08-10,Brand,0.0017226528854435831,0.0,0.062111801242236024
2022,12.15@2022-08-10,Braum,0.14470284237726097,0.0,0.7267080745341615
2022,12.15@2022-08-10,Caitlyn,0.012704565030146426,0.0,0.2732919254658385
2022,12.15@2022-08-10,Camille,0.2288975021533161,0.0,0.8198757763975155
2022,12.15@2022-08-10,Cassiopeia,0.023686477174849268,0.0,0.38509316770186336
2022,12.15@2022-08-10,Cho'Gath,0.009905254091300603,0.0,0.22981366459627328
2022,12.15@2022-08-10,Corki,0.32708871662360034,0.0,0.8944099378881988
2022,12.15@2022-08-10,Darius,0.03768303186907838,0.0,0.43478260869565216
2022,12.15@2022-08-10,Diana,0.09302325581395349,0.0,0.6366459627329193
2022,12.15@2022-08-10,Dr. Mundo,0.007967269595176572,0.0,0.19875776397515527
2022,12.15@2022-08-10,Draven,0.173557278208441,0.0,0.7577639751552795
2022,12.15@2022-08-10,Ekko,0.008613264427217916,0.0,0.2080745341614907
2022,12.15@2022-08-10,Elise,0.0034453057708871662,0.0,0.10559006211180125
2022,12.15@2022-08-10,Evelynn,0.0030146425495262705,0.0,0.09627329192546584
2022,12.15@2022-08-10,Ezreal,0.3268733850129199,0.0,0.8881987577639752
2022,12.15@2022-08-10,Fiddlesticks,0.006675279931093884,0.0,0.18012422360248448
2022,12.15@2022-08-10,Fiora,0.22868217054263565,0.0,0.8136645962732919
2022,12.15@2022-08-10,Fizz,0.0004306632213608958,0.0,0.018633540372670808
2022,12.15@2022-08-10,Galio,0.10938845822566753,0.0,0.65527950310559
2022,12.15@2022-08-10,Gangplank,0.518303186907838,0.0,0.9440993788819876
2022,12.15@2022-08-10,Garen,0.0030146425495262705,0.0,0.09627329192546584
2022,12.15@2022-08-10,Gnar,0.5146425495262704,0.0,0.937888198757764
2022,12.15@2022-08-10,Gragas,0.09302325581395349,0.0,0.6366459627329193
2022,12.15@2022-08-10,Graves,0.1470714900947459,0.0,0.7329192546583851
2022,12.15@2022-08-10,Gwen,0.6313522825150732,-2.0,0.9937888198757764
2022,12.15@2022-08-10,Hecarim,0.0256244616709733,0.0,0.391304347826087
2022,12.15@2022-08-10,Heimerdinger,0.0023686477174849267,0.0,0.08074534161490683
2022,12.15@2022-08-10,Illaoi,0.001937984496124031,0.0,0.06832298136645963
2022,12.15@2022-08-10,Irelia,0.08871662360034453,0.0,0.6211180124223602
2022,12.15@2022-08-10,Ivern,0.004737295434969853,0.0,0.13043478260869565
2022,12.15@2022-08-10,Janna,0.0071059431524547806,0.0,0.18944099378881987
2022,12.15@2022-08-10,Jarvan IV,0.06955211024978467,0.0,0.5496894409937888
2022,12.15@2022-08-10,Jax,0.15030146425495264,0.0,0.7453416149068323
2022,12.15@2022-08-10,Jayce,0.07945736434108527,0.0,0.5900621118012422
2022,12.15@2022-08-10,Jhin,0.03854435831180017,0.0,0.4409937888198758
2022,12.15@2022-08-10,Jinx,0.20391903531438416,0.0,0.7950310559006211
2022,12.15@2022-08-10,Kai'Sa,0.12833763996554695,0.0,0.6832298136645962
2022,12.15@2022-08-10,Kalista,0.5684754521963824,-1.0,0.9813664596273292
2022,12.15@2022-08-10,Karma,0.2652885443583118,0.0,0.8571428571428571
2022,12.15@2022-08-10,Karthus,0.08247200689061154,0.0,0.6024844720496895
2022,12.15@2022-08-10,Kassadin,0.013565891472868217,0.0,0.2919254658385093
2022,12.15@2022-08-10,Katarina,0.0015073212747631353,0.0,0.049689440993788817
2022,12.15@2022-08-10,Kayle,0.13458225667527993,0.0,0.7018633540372671
2022,12.15@2022-08-10,Kayn,0.013350559862187769,0.0,0.2857142857142857
2022,12.15@2022-08-10,Kennen,0.047372954349698536,2.0,0.45962732919254656
2022,12.15@2022-08-10,Kha'Zix,0.015073212747631352,0.0,0.30434782608695654
2022,12.15@2022-08-10,Kindred,0.060938845822566756,0.0,0.5279503105590062
2022,12.15@2022-08-10,Kled,0.0103359173126615,0.0,0.2360248447204969
2022,12.15@2022-08-10,Kog'Maw,0.05189491817398794,0.0,0.4658385093167702
2022,12.15@2022-08-10,LeBlanc,0.241817398794143,0.0,0.8322981366459627
2022,12.15@2022-08-10,Lee Sin,0.25925925925925924,2.0,0.8509316770186336
2022,12.15@2022-08-10,Leona,0.15546942291128338,2.0,0.7515527950310559
2022,12.15@2022-08-10,Lillia,0.18776916451335057,1.0,0.7639751552795031
2022,12.15@2022-08-10,Lissandra,0.214900947459087,0.0,0.8074534161490683
2022,12.15@2022-08-10,Lucian,0.595176571920758,0.0,0.9875776397515528
2022,12.15@2022-08-10,Lulu,0.1991817398794143,0.0,0.782608695652174
2022,12.15@2022-08-10,Lux,0.0071059431524547806,0.0,0.18944099378881987
2022,12.15@2022-08-10,Malphite,0.01830318690783807,0.0,0.35093167701863354
2022,12.15@2022-08-10,Malzahar,0.0004306632213608958,0.0,0.018633540372670808
2022,12.15@2022-08-10,Maokai,0.0036606373815676143,0.0,0.11180124223602485
2022,12.15@2022-08-10,Master Yi,0.0004306632213608958,-2.0,0.018633540372670808
2022,12.15@2022-08-10,Miss Fortune,0.053186907838070625,0.0,0.4782608695652174
2022,12.15@2022-08-10,Mordekaiser,0.03574504737295435,0.0,0.42857142857142855
2022,12.15@2022-08-10,Morgana,0.0049526270456503015,0.0,0.13664596273291926
2022,12.15@2022-08-10,Nami,0.1285529715762274,0.0,0.6894409937888198
2022,12.15@2022-08-10,Nasus,0.006029285099052541,0.0,0.16459627329192547
2022,12.15@2022-08-10,Nautilus,0.4888027562446167,0.0,0.9316770186335404
2022,12.15@2022-08-10,Neeko,0.004521963824289405,0.0,0.12111801242236025
2022,12.15@2022-08-10,Nidalee,0.03229974160206718,0.0,0.4161490683229814
2022,12.15@2022-08-10,Nilah,0.005598621877691645,0.0,0.14906832298136646
2022,12.15@2022-08-10,Nocturne,0.06503014642549526,0.0,0.5403726708074534
2022,12.15@2022-08-10,Nunu & Willump,0.006244616709732989,0.0,0.17391304347826086
2022,12.15@2022-08-10,Olaf,0.11541774332472007,0.0,0.6708074534161491
2022,12.15@2022-08-10,Orianna,0.07428940568475452,0.0,0.577639751552795
2022,12.15@2022-08-10,Ornn,0.2947889750215332,0.0,0.8757763975155279
2022,12.15@2022-08-10,Pantheon,0.010766580534022395,0.0,0.2453416149068323
2022,12.15@2022-08-10,Poppy,0.28402239448751077,0.0,0.8664596273291926
2022,12.15@2022-08-10,Pyke,0.07084409991386735,0.0,0.5590062111801242
2022,12.15@2022-08-10,Qiyana,0.011627906976744186,-2.0,0.2546583850931677
2022,12.15@2022-08-10,Quinn,0.0002153316106804479,0.0,0.006211180124223602
2022,12.15@2022-08-10,Rakan,0.24332472006890613,0.0,0.8385093167701864
2022,12.15@2022-08-10,Rammus,0.0008613264427217916,2.0,0.031055900621118012
2022,12.15@2022-08-10,Rek'Sai,0.0152885443583118,0.0,0.3105590062111801
2022,12.15@2022-08-10,Rell,0.03962101636520241,0.0,0.4472049689440994
2022,12.15@2022-08-10,Renata Glasc,0.5320844099913867,0.0,0.9565217391304348
2022,12.15@2022-08-10,Renekton,0.05792420327304048,0.0,0.5093167701863354
2022,12.15@2022-08-10,Rengar,0.02347114556416882,0.0,0.37888198757763975
2022,12.15@2022-08-10,Riven,0.022825150732127476,0.0,0.37267080745341613
2022,12.15@2022-08-10,Rumble,0.031438415159345395,0.0,0.40993788819875776
2022,12.15@2022-08-10,Ryze,0.059431524547803614,0.0,0.5217391304347826
2022,12.15@2022-08-10,Samira,0.06438415159345393,0.0,0.5341614906832298
2022,12.15@2022-08-10,Sejuani,0.21468561584840654,0.0,0.8012422360248447
2022,12.15@2022-08-10,Senna,0.4468130921619294,0.0,0.9254658385093167
2022,12.15@2022-08-10,Seraphine,0.3413006029285099,0.0,0.9006211180124224
2022,12.15@2022-08-10,Sett,0.05490956072351421,0.0,0.4906832298136646
2022,12.15@2022-08-10,Shaco,0.004521963824289405,0.0,0.12111801242236025
2022,12.15@2022-08-10,Shen,0.008613264427217916,1.0,0.2080745341614907
2022,12.15@2022-08-10,Shyvana,0.043281653746770024,0.0,0.453416149068323
2022,12.15@2022-08-10,Singed,0.005813953488372093,2.0,0.15527950310559005
2022,12.15@2022-08-10,Sion,0.056847545219638244,0.0,0.5031055900621118
2022,12.15@2022-08-10,Sivir,0.11024978466838932,-2.0,0.6645962732919255
2022,12.15@2022-08-10,Skarner,0.012489233419465978,0.0,0.2670807453416149
2022,12.15@2022-08-10,Sona,0.010766580534022395,0.0,0.2453416149068323
2022,12.15@2022-08-10,Soraka,0.01765719207579673,0.0,0.33540372670807456
2022,12.15@2022-08-10,Swain,0.19099913867355728,0.0,0.7763975155279503
2022,12.15@2022-08-10,Sylas,0.4175279931093885,0.0,0.9130434782608695
2022,12.15@2022-08-10,Syndra,0.05900086132644272,0.0,0.515527950310559
2022,12.15@2022-08-10,Tahm Kench,0.23126614987080105,0.0,0.8260869565217391
2022,12.15@2022-08-10,Taliyah,0.5303617571059431,-2.0,0.9503105590062112
2022,12.15@2022-08-10,Talon,0.0027993109388458224,0.0,0.08695652173913043
2022,12.15@2022-08-10,Taric,0.012919896640826873,0.0,0.2795031055900621
2022,12.15@2022-08-10,Teemo,0.0015073212747631353,0.0,0.049689440993788817
2022,12.15@2022-08-10,Thresh,0.027993109388458226,2.0,0.40372670807453415
2022,12.15@2022-08-10,Tristana,0.10938845822566753,0.0,0.65527950310559
2022,12.15@2022-08-10,Trundle,0.28402239448751077,0.0,0.8664596273291926
2022,12.15@2022-08-10,Tryndamere,0.05297157622739018,0.0,0.4720496894409938
2022,12.15@2022-08-10,Twisted Fate,0.06955211024978467,0.0,0.5496894409937888
2022,12.15@2022-08-10,Twitch,0.12489233419465978,0.0,0.6770186335403726
2022,12.15@2022-08-10,Udyr,0.07708871662360034,0.0,0.5838509316770186
2022,12.15@2022-08-10,Urgot,0.012058570198105082,0.0,0.2608695652173913
2022,12.15@2022-08-10,Varus,0.01808785529715762,0.0,0.3416149068322981
2022,12.15@2022-08-10,Vayne,0.01830318690783807,0.0,0.35093167701863354
2022,12.15@2022-08-10,Veigar,0.0958225667527993,0.0,0.6459627329192547
2022,12.15@2022-08-10,Vel'Koz,0.009689922480620155,0.0,0.2236024844720497
2022,12.15@2022-08-10,Vex,0.08419465977605513,0.0,0.6086956521739131
2022,12.15@2022-08-10,Vi,0.0710594315245478,0.0,0.5652173913043478
2022,12.15@2022-08-10,Viego,0.5671834625322998,0.0,0.968944099378882
2022,12.15@2022-08-10,Viktor,0.20305770887166236,0.0,0.7888198757763976
2022,12.15@2022-08-10,Vladimir,0.053617571059431525,0.0,0.484472049689441
2022,12.15@2022-08-10,Volibear,0.24526270456503016,0.0,0.84472049689441
2022,12.15@2022-08-10,Warwick,0.0012919896640826874,0.0,0.037267080745341616
2022,12.15@2022-08-10,Wukong,0.835055986218777,0.0,1.0
2022,12.15@2022-08-10,Xayah,0.1330749354005168,0.0,0.6956521739130435
2022,12.15@2022-08-10,Xerath,0.016795865633074936,0.0,0.32298136645962733
2022,12.15@2022-08-10,Xin Zhao,0.14987080103359174,0.0,0.7391304347826086
2022,12.15@2022-08-10,Yasuo,0.0822566752799311,0.0,0.5962732919254659
2022,12.15@2022-08-10,Yone,0.1421188630490956,0.0,0.7142857142857143
2022,12.15@2022-08-10,Yorick,0.0015073212747631353,0.0,0.049689440993788817
2022,12.15@2022-08-10,Yuumi,0.3520671834625323,0.0,0.906832298136646
2022,12.15@2022-08-10,Zac,0.015934539190353144,0.0,0.3167701863354037
2022,12.15@2022-08-10,Zed,0.014857881136950904,2.0,0.2981366459627329
2022,12.15@2022-08-10,Zeri,0.5676141257536607,0.0,0.9751552795031055
2022,12.15@2022-08-10,Ziggs,0.017226528854435832,0.0,0.32919254658385094
2022,12.15@2022-08-10,Zilean,0.034022394487510765,0.0,0.422360248447205
2022,12.15@2022-08-10,Zoe,0.1434108527131783,0.0,0.7204968944099379
2022,12.15@2022-08-10,Zyra,0.002153316106804479,0.0,0.07453416149068323
2022,12.16@2022-08-24,Aatrox,0.13578528827037772,0.0,0.7142857142857143
2022,12.16@2022-08-24,Ahri,0.5345924453280319,0.0,0.9565217391304348
2022,12.16@2022-08-24,Akali,0.19403578528827037,0.0,0.7763975155279503
2022,12.16@2022-08-24,Akshan,0.019880715705765408,0.0,0.35714285714285715
2022,12.16@2022-08-24,Alistar,0.09741550695825049,0.0,0.639751552795031
2022,12.16@2022-08-24,Amumu,0.09085487077534792,0.0,0.6273291925465838
2022,12.16@2022-08-24,Anivia,0.008349900596421472,0.0,0.2111801242236025
2022,12.16@2022-08-24,Annie,0.004970178926441352,0.0,0.13664596273291926
2022,12.16@2022-08-24,Aphelios,0.3296222664015905,0.0,0.8944099378881988
2022,12.16@2022-08-24,Ashe,0.056262425447316106,0.0,0.515527950310559
2022,12.16@2022-08-24,Aurelion Sol,0.00536779324055666,0.0,0.15527950310559005
2022,12.16@2022-08-24,Azir,0.4713717693836978,0.0,0.9254658385093167
2022,12.16@2022-08-24,Bard,0.026640159045725646,0.0,0.40372670807453415
2022,12.16@2022-08-24,Bel'Veth,0.06978131212723658,0.0,0.5559006211180124
2022,12.16@2022-08-24,Blitzcrank,0.02047713717693837,0.0,0.36645962732919257
2022,12.16@2022-08-24,Brand,0.0015904572564612327,0.0,0.055900621118012424
2022,12.16@2022-08-24,Braum,0.147117296222664,0.0,0.7267080745341615
2022,12.16@2022-08-24,Caitlyn,0.01073558648111332,2.0,0.2608695652173913
2022,12.16@2022-08-24,Camille,0.21411530815109345,0.0,0.7950310559006211
2022,12.16@2022-08-24,Cassiopeia,0.024254473161033796,0.0,0.38509316770186336
2022,12.16@2022-08-24,Cho'Gath,0.00974155069582505,0.0,0.2267080745341615
2022,12.16@2022-08-24,Corki,0.305168986083499,0.0,0.8695652173913043
2022,12.16@2022-08-24,Darius,0.03757455268389662,0.0,0.4409937888198758
2022,12.16@2022-08-24,Diana,0.08628230616302186,0.0,0.6149068322981367
2022,12.16@2022-08-24,Dr. Mundo,0.0075546719681908545,0.0,0.1956521739130435
2022,12.16@2022-08-24,Draven,0.2025844930417495,-1.0,0.7888198757763976
2022,12.16@2022-08-24,Ekko,0.0075546719681908545,0.0,0.1956521739130435
2022,12.16@2022-08-24,Elise,0.002783300198807157,0.0,0.09006211180124224
2022,12.16@2022-08-24,Evelynn,0.0017892644135188867,0.0,0.06832298136645963
2022,12.16@2022-08-24,Ezreal,0.29562624254473163,0.0,0.8633540372670807
2022,12.16@2022-08-24,Fiddlesticks,0.006361829025844931,0.0,0.17080745341614906
2022,12.16@2022-08-24,Fiora,0.22982107355864811,0.0,0.8260869565217391
2022,12.16@2022-08-24,Fizz,0.00039761431411530816,0.0,0.018633540372670808
2022,12.16@2022-08-24,Galio,0.10198807157057654,0.0,0.6521739130434783
2022,12.16@2022-08-24,Gangplank,0.47435387673956264,0.0,0.9316770186335404
2022,12.16@2022-08-24,Garen,0.002982107355864811,0.0,0.09937888198757763
2022,12.16@2022-08-24,Gnar,0.5039761431411531,0.0,0.9440993788819876
2022,12.16@2022-08-24,Gragas,0.09324055666003976,0.0,0.6335403726708074
2022,12.16@2022-08-24,Graves,0.12027833001988071,0.0,0.6832298136645962
2022,12.16@2022-08-24,Gwen,0.6357852882703777,0.0,0.9937888198757764
2022,12.16@2022-08-24,Hecarim,0.026043737574552684,0.0,0.39751552795031053
2022,12.16@2022-08-24,Heimerdinger,0.002385685884691849,0.0,0.08074534161490683
2022,12.16@2022-08-24,Illaoi,0.002783300198807157,0.0,0.09006211180124224
2022,12.16@2022-08-24,Irelia,0.08170974155069582,1.0,0.5993788819875776
2022,12.16@2022-08-24,Ivern,0.00437375745526839,0.0,0.12732919254658384
2022,12.16@2022-08-24,Janna,0.006361829025844931,0.0,0.17080745341614906
2022,12.16@2022-08-24,Jarvan IV,0.07872763419483102,0.0,0.5838509316770186
2022,12.16@2022-08-24,Jax,0.15288270377733598,0.0,0.7391304347826086
2022,12.16@2022-08-24,Jayce,0.06978131212723658,2.0,0.5559006211180124
2022,12.16@2022-08-24,Jhin,0.03180914512922465,0.0,0.4161490683229814
2022,12.16@2022-08-24,Jinx,0.19343936381709742,0.0,0.7701863354037267
2022,12.16@2022-08-24,Kai'Sa,0.11411530815109344,2.0,0.6770186335403726
2022,12.16@2022-08-24,Kalista,0.5938369781312127,0.0,0.9875776397515528
2022,12.16@2022-08-24,Karma,0.23797216699801194,0.0,0.8385093167701864
2022,12.16@2022-08-24,Karthus,0.0775347912524851,0.0,0.577639751552795
2022,12.16@2022-08-24,Kassadin,0.012922465208747515,0.0,0.2732919254658385
2022,12.16@2022-08-24,Katarina,0.0015904572564612327,0.0,0.055900621118012424
2022,12.16@2022-08-24,Kayle,0.12544731610337972,0.0,0.6956521739130435
2022,12.16@2022-08-24,Kayn,0.012723658051689861,0.0,0.2670807453416149
2022,12.16@2022-08-24,Kennen,0.05208747514910537,0.0,0.5031055900621118
2022,12.16@2022-08-24,Kha'Zix,0.01371769383697813,0.0,0.2857142857142857
2022,12.16@2022-08-24,Kindred,0.05685884691848907,0.0,0.5217391304347826
2022,12.16@2022-08-24,Kled,0.00974155069582505,0.0,0.2267080745341615
2022,12.16@2022-08-24,Kog'Maw,0.049900596421471176,0.0,0.484472049689441
2022,12.16@2022-08-24,LeBlanc,0.24333996023856858,0.0,0.8509316770186336
2022,12.16@2022-08-24,Lee Sin,0.2481113320079523,0.0,0.8571428571428571
2022,12.16@2022-08-24,Leona,0.14970178926441352,0.0,0.7329192546583851
2022,12.16@2022-08-24,Lillia,0.17574552683896622,0.0,0.7577639751552795
2022,12.16@2022-08-24,Lissandra,0.21749502982107355,0.0,0.8012422360248447
2022,12.16@2022-08-24,Lucian,0.5701789264413519,0.0,0.9751552795031055
2022,12.16@2022-08-24,Lulu,0.22127236580516899,0.0,0.8136645962732919
2022,12.16@2022-08-24,Lux,0.0065606361829025845,0.0,0.18012422360248448
2022,12.16@2022-08-24,Malphite,0.016302186878727636,2.0,0.32298136645962733
2022,12.16@2022-08-24,Malzahar,0.00039761431411530816,0.0,0.018633540372670808
2022,12.16@2022-08-24,Maokai,0.003379721669980119,0.0,0.11180124223602485
2022,12.16@2022-08-24,Master Yi,0.00039761431411530816,0.0,0.018633540372670808
2022,12.16@2022-08-24,Miss Fortune,0.050298210735586484,0.0,0.4906832298136646
2022,12.16@2022-08-24,Mordekaiser,0.03578528827037773,0.0,0.43478260869565216
2022,12.16@2022-08-24,Morgana,0.007355864811133201,0.0,0.18633540372670807
2022,12.16@2022-08-24,Nami,0.131610337972167,0.0,0.7080745341614907
2022,12.16@2022-08-24,Nasus,0.005566600397614314,0.0,0.16149068322981366
2022,12.16@2022-08-24,Nautilus,0.48170974155069585,0.0,0.937888198757764
2022,12.16@2022-08-24,Neeko,0.00437375745526839,0.0,0.12732919254658384
2022,12.16@2022-08-24,Nidalee,0.02485089463220676,0.0,0.391304347826087
2022,12.16@2022-08-24,Nilah,0.010536779324055666,0.0,0.2546583850931677
2022,12.16@2022-08-24,Nocturne,0.061630218687872766,0.0,0.5403726708074534
2022,12.16@2022-08-24,Nunu & Willump,0.005168986083499006,0.0,0.14596273291925466
2022,12.16@2022-08-24,Olaf,0.11292246520874752,0.0,0.6677018633540373
2022,12.16@2022-08-24,Orianna,0.07534791252485089,0.0,0.5714285714285714
2022,12.16@2022-08-24,Ornn,0.3125248508946322,0.0,0.8757763975155279
2022,12.16@2022-08-24,Pantheon,0.018489065606361828,0.0,0.34782608695652173
2022,12.16@2022-08-24,Poppy,0.3341948310139165,-1.0,0.9006211180124224
2022,12.16@2022-08-24,Pyke,0.06878727634194831,0.0,0.546583850931677
2022,12.16@2022-08-24,Qiyana,0.010337972166998012,0.0,0.2484472049689441
2022,12.16@2022-08-24,Quinn,0.00019880715705765408,0.0,0.006211180124223602
2022,12.16@2022-08-24,Rakan,0.241948310139165,0.0,0.84472049689441
2022,12.16@2022-08-24,Rammus,0.0007952286282306163,0.0,0.031055900621118012
2022,12.16@2022-08-24,Rek'Sai,0.01709741550695825,0.0,0.3385093167701863
2022,12.16@2022-08-24,Rell,0.03777335984095427,0.0,0.4472049689440994
2022,12.16@2022-08-24,Renata Glasc,0.5318091451292246,0.0,0.9503105590062112
2022,12.16@2022-08-24,Renekton,0.08170974155069582,0.0,0.5993788819875776
2022,12.16@2022-08-24,Rengar,0.021669980119284293,0.0,0.37267080745341613
2022,12.16@2022-08-24,Riven,0.02186878727634195,0.0,0.37888198757763975
2022,12.16@2022-08-24,Rumble,0.032803180914512925,0.0,0.422360248447205
2022,12.16@2022-08-24,Ryze,0.054473161033797214,0.0,0.5093167701863354
2022,12.16@2022-08-24,Samira,0.05944333996023857,0.0,0.5341614906832298
2022,12.16@2022-08-24,Sejuani,0.236779324055666,0.0,0.8322981366459627
2022,12.16@2022-08-24,Senna,0.41749502982107356,0.0,0.9130434782608695
2022,12.16@2022-08-24,Seraphine,0.32664015904572563,0.0,0.8881987577639752
2022,12.16@2022-08-24,Sett,0.0510934393638171,0.0,0.4968944099378882
2022,12.16@2022-08-24,Shaco,0.004174950298210736,0.0,0.11801242236024845
2022,12.16@2022-08-24,Shen,0.007952286282306162,0.0,0.20496894409937888
2022,12.16@2022-08-24,Shyvana,0.04314115308151093,0.0,0.453416149068323
2022,12.16@2022-08-24,Singed,0.005168986083499006,0.0,0.14596273291925466
2022,12.16@2022-08-24,Sion,0.04791252485089463,0.0,0.45962732919254656
2022,12.16@2022-08-24,Sivir,0.17395626242544732,0.0,0.7515527950310559
2022,12.16@2022-08-24,Skarner,0.015308151093439365,0.0,0.30124223602484473
2022,12.16@2022-08-24,Sona,0.009940357852882704,0.0,0.2360248447204969
2022,12.16@2022-08-24,Soraka,0.016898608349900597,0.0,0.32919254658385094
2022,12.16@2022-08-24,Swain,0.1866799204771372,0.0,0.7639751552795031
2022,12.16@2022-08-24,Sylas,0.4395626242544732,0.0,0.9192546583850931
2022,12.16@2022-08-24,Syndra,0.0489065606361829,0.0,0.4658385093167702
2022,12.16@2022-08-24,Tahm Kench,0.22823061630218688,0.0,0.8198757763975155
2022,12.16@2022-08-24,Taliyah,0.5401590457256461,0.0,0.968944099378882
2022,12.16@2022-08-24,Talon,0.0031809145129224653,0.0,0.10559006211180125
2022,12.16@2022-08-24,Taric,0.013121272365805169,0.0,0.2795031055900621
2022,12.16@2022-08-24,Teemo,0.0013916500994035786,0.0,0.043478260869565216
2022,12.16@2022-08-24,Thresh,0.028031809145129226,0.0,0.40993788819875776
2022,12.16@2022-08-24,Tristana,0.0978131212723658,2.0,0.6459627329192547
2022,12.16@2022-08-24,Trundle,0.31510934393638174,0.0,0.8819875776397516
2022,12.16@2022-08-24,Tryndamere,0.04930417495029821,0.0,0.4720496894409938
2022,12.16@2022-08-24,Twisted Fate,0.05904572564612326,0.0,0.5279503105590062
2022,12.16@2022-08-24,Twitch,0.12445328031809146,0.0,0.6894409937888198
2022,12.16@2022-08-24,Udyr,0.07216699801192843,0.0,0.5652173913043478
2022,12.16@2022-08-24,Urgot,0.010139165009940358,0.0,0.2422360248447205
2022,12.16@2022-08-24,Varus,0.019880715705765408,0.0,0.35714285714285715
2022,12.16@2022-08-24,Vayne,0.01709741550695825,0.0,0.3385093167701863
2022,12.16@2022-08-24,Veigar,0.08687872763419482,0.0,0.6211180124223602
2022,12.16@2022-08-24,Vel'Koz,0.009542743538767396,0.0,0.21739130434782608
2022,12.16@2022-08-24,Vex,0.08190854870775348,0.0,0.6086956521739131
2022,12.16@2022-08-24,Vi,0.11292246520874752,0.0,0.6677018633540373
2022,12.16@2022-08-24,Viego,0.5395626242544732,0.0,0.9627329192546584
2022,12.16@2022-08-24,Viktor,0.1970178926441352,0.0,0.782608695652174
2022,12.16@2022-08-24,Vladimir,0.04970178926441352,0.0,0.4782608695652174
2022,12.16@2022-08-24,Volibear,0.22107355864811135,0.0,0.8074534161490683
2022,12.16@2022-08-24,Warwick,0.0011928429423459245,0.0,0.037267080745341616
2022,12.16@2022-08-24,Wukong,0.8383697813121272,0.0,1.0
2022,12.16@2022-08-24,Xayah,0.1117296222664016,0.0,0.6583850931677019
2022,12.16@2022-08-24,Xerath,0.014910536779324055,0.0,0.2919254658385093
2022,12.16@2022-08-24,Xin Zhao,0.1554671968190855,0.0,0.7453416149068323
2022,12.16@2022-08-24,Yasuo,0.07932405566600398,0.0,0.5900621118012422
2022,12.16@2022-08-24,Yone,0.1415506958250497,0.0,0.7204968944099379
2022,12.16@2022-08-24,Yorick,0.0015904572564612327,0.0,0.055900621118012424
2022,12.16@2022-08-24,Yuumi,0.3834990059642147,0.0,0.906832298136646
2022,12.16@2022-08-24,Zac,0.015506958250497018,0.0,0.3105590062111801
2022,12.16@2022-08-24,Zed,0.015308151093439365,0.0,0.30124223602484473
2022,12.16@2022-08-24,Zeri,0.5860834990059642,-2.0,0.9813664596273292
2022,12.16@2022-08-24,Ziggs,0.01610337972166998,0.0,0.3167701863354037
2022,12.16@2022-08-24,Zilean,0.03479125248508946,0.0,0.42857142857142855
2022,12.16@2022-08-24,Zoe,0.1308151093439364,2.0,0.7018633540372671
2022,12.16@2022-08-24,Zyra,0.002186878727634195,1.0,0.07453416149068323
2022,12.16@2022-08-26,Aatrox,0.136310223266745,0.0,0.7142857142857143
2022,12.16@2022-08-26,Ahri,0.5336858597728162,0.0,0.9565217391304348
2022,12.16@2022-08-26,Akali,0.19506462984723855,0.0,0.7763975155279503
2022,12.16@2022-08-26,Akshan,0.019584802193497845,0.0,0.35714285714285715
2022,12.16@2022-08-26,Alistar,0.0973364669016843,0.0,0.6459627329192547
2022,12.16@2022-08-26,Amumu,0.09106933019976499,0.0,0.6211180124223602
2022,12.16@2022-08-26,Anivia,0.008421464943204074,0.0,0.2111801242236025
2022,12.16@2022-08-26,Annie,0.004896200548374461,0.0,0.13664596273291926
2022,12.16@2022-08-26,Aphelios,0.3321582452017235,0.0,0.8944099378881988
2022,12.16@2022-08-26,Ashe,0.05620838229533882,0.0,0.5217391304347826
2022,12.16@2022-08-26,Aurelion Sol,0.005287896592244419,0.0,0.15527950310559005
2022,12.16@2022-08-26,Azir,0.4780650215432824,0.0,0.9316770186335404
2022,12.16@2022-08-26,Bard,0.02624363493928711,0.0,0.40062111801242234
2022,12.16@2022-08-26,Bel'Veth,0.07128867998433217,0.0,0.5590062111801242
2022,12.16@2022-08-26,Blitzcrank,0.020759890325107718,0.0,0.36645962732919257
2022,12.16@2022-08-26,Brand,0.0015667841754798276,0.0,0.055900621118012424
2022,12.16@2022-08-26,Braum,0.14649432040736388,0.0,0.7267080745341615
2022,12.16@2022-08-26,Caitlyn,0.010575793184488837,0.0,0.2546583850931677
2022,12.16@2022-08-26,Camille,0.21308264786525657,0.0,0.7950310559006211
2022,12.16@2022-08-26,Cassiopeia,0.02408930669800235,0.0,0.38509316770186336
2022,12.16@2022-08-26,Cho'Gath,0.009596553074813944,0.0,0.2236024844720497
2022,12.16@2022-08-26,Corki,0.30141010575793187,0.0,0.8695652173913043
2022,12.16@2022-08-26,Darius,0.03760282021151586,0.0,0.4409937888198758
2022,12.16@2022-08-26,Diana,0.0846063454759107,0.0,0.6086956521739131
2022,12.16@2022-08-26,Dr. Mundo,0.007442224833529181,0.0,0.18633540372670807
2022,12.16@2022-08-26,Draven,0.20622796709753233,0.0,0.7888198757763976
2022,12.16@2022-08-26,Ekko,0.00763807285546416,0.0,0.1956521739130435
2022,12.16@2022-08-26,Elise,0.003329416372894634,0.0,0.10869565217391304
2022,12.16@2022-08-26,Evelynn,0.0017626321974148062,0.0,0.06832298136645963
2022,12.16@2022-08-26,Ezreal,0.29122600861731296,0.0,0.8633540372670807
2022,12.16@2022-08-26,Fiddlesticks,0.006854680767724246,0.0,0.18012422360248448
2022,12.16@2022-08-26,Fiora,0.23012142577359967,0.0,0.8260869565217391
2022,12.16@2022-08-26,Fizz,0.0003916960438699569,0.0,0.018633540372670808
2022,12.16@2022-08-26,Galio,0.10105757931844889,0.0,0.6521739130434783
2022,12.16@2022-08-26,Gangplank,0.4692518605562084,0.0,0.9254658385093167
2022,12.16@2022-08-26,Garen,0.003133568350959655,0.0,0.09627329192546584
2022,12.16@2022-08-26,Gnar,0.5013709361535449,0.0,0.9440993788819876
2022,12.16@2022-08-26,Gragas,0.09439874657265962,0.0,0.6335403726708074
2022,12.16@2022-08-26,Graves,0.11790050920485703,0.0,0.6770186335403726
2022,12.16@2022-08-26,Gwen,0.6316098707403055,0.0,0.9937888198757764
2022,12.16@2022-08-26,Hecarim,0.02624363493928711,0.0,0.40062111801242234
2022,12.16@2022-08-26,Heimerdinger,0.0025460242851547197,0.0,0.07453416149068323
2022,12.16@2022-08-26,Illaoi,0.0027418723070896985,0.0,0.08385093167701864
2022,12.16@2022-08-26,Irelia,0.08108108108108109,0.0,0.6024844720496895
2022,12.16@2022-08-26,Ivern,0.004308656482569526,0.0,0.12111801242236025
2022,12.16@2022-08-26,Janna,0.00626713670191931,0.0,0.16770186335403728
2022,12.16@2022-08-26,Jarvan IV,0.07853505679592636,0.0,0.5838509316770186
2022,12.16@2022-08-26,Jax,0.15158636897767333,0.0,0.7391304347826086
2022,12.16@2022-08-26,Jayce,0.06933019976498238,0.0,0.546583850931677
2022,12.16@2022-08-26,Jhin,0.030943987465726595,0.0,0.4161490683229814
2022,12.16@2022-08-26,Jinx,0.19134351743047395,0.0,0.7701863354037267
2022,12.16@2022-08-26,Kai'Sa,0.11222091656874265,0.0,0.6708074534161491
2022,12.16@2022-08-26,Kalista,0.5942028985507246,0.0,0.9875776397515528
2022,12.16@2022-08-26,Karma,0.23697610654132392,0.0,0.8322981366459627
2022,12.16@2022-08-26,Karthus,0.07755581668625147,0.0,0.577639751552795
2022,12.16@2022-08-26,Kassadin,0.0127301214257736,0.0,0.2670807453416149
2022,12.16@2022-08-26,Katarina,0.0015667841754798276,0.0,0.055900621118012424
2022,12.16@2022-08-26,Kayle,0.12436349392871132,0.0,0.6956521739130435
2022,12.16@2022-08-26,Kayn,0.013121817469643556,0.0,0.2732919254658385
2022,12.16@2022-08-26,Kennen,0.05424990207598903,0.0,0.5093167701863354
2022,12.16@2022-08-26,Kha'Zix,0.013709361535448493,0.0,0.2857142857142857
2022,12.16@2022-08-26,Kindred,0.05601253427340384,0.0,0.515527950310559
2022,12.16@2022-08-26,Kled,0.009596553074813944,0.0,0.2236024844720497
2022,12.16@2022-08-26,Kog'Maw,0.04915785350567959,0.0,0.4782608695652174
2022,12.16@2022-08-26,LeBlanc,0.24050137093615354,0.0,0.8385093167701864
2022,12.16@2022-08-26,Lee Sin,0.2463768115942029,0.0,0.8571428571428571
2022,12.16@2022-08-26,Leona,0.15060712886799843,0.0,0.7329192546583851
2022,12.16@2022-08-26,Lillia,0.17469643556600079,0.0,0.7515527950310559
2022,12.16@2022-08-26,Lissandra,0.2164120642381512,0.0,0.8012422360248447
2022,12.16@2022-08-26,Lucian,0.5661966314140228,0.0,0.9751552795031055
2022,12.16@2022-08-26,Lulu,0.22600861731296515,0.0,0.8136645962732919
2022,12.16@2022-08-26,Lux,0.006462984723854289,0.0,0.17391304347826086
2022,12.16@2022-08-26,Malphite,0.01625538582060321,0.0,0.3198757763975155
2022,12.16@2022-08-26,Malzahar,0.0003916960438699569,0.0,0.018633540372670808
2022,12.16@2022-08-26,Maokai,0.003329416372894634,0.0,0.10869565217391304
2022,12.16@2022-08-26,Master Yi,0.0003916960438699569,0.0,0.018633540372670808
2022,12.16@2022-08-26,Miss Fortune,0.05052878965922444,0.0,0.4968944099378882
2022,12.16@2022-08-26,Mordekaiser,0.03505679592636114,0.0,0.43478260869565216
2022,12.16@2022-08-26,Morgana,0.00763807285546416,0.0,0.1956521739130435
2022,12.16@2022-08-26,Nami,0.13121817469643557,0.0,0.7080745341614907
2022,12.16@2022-08-26,Nasus,0.005679592636114375,0.0,0.16149068322981366
2022,12.16@2022-08-26,Nautilus,0.4790442616529573,0.0,0.937888198757764
2022,12.16@2022-08-26,Neeko,0.004308656482569526,0.0,0.12111801242236025
2022,12.16@2022-08-26,Nidalee,0.024872698785742265,0.0,0.391304347826087
2022,12.16@2022-08-26,Nilah,0.010771641206423816,0.0,0.2608695652173913
2022,12.16@2022-08-26,Nocturne,0.06169212690951821,0.0,0.5403726708074534
2022,12.16@2022-08-26,Nunu & Willump,0.0050920485703094395,0.0,0.14596273291925466
2022,12.16@2022-08-26,Olaf,0.11143752448100275,0.0,0.6645962732919255
2022,12.16@2022-08-26,Orianna,0.0754014884449667,0.0,0.5714285714285714
2022,12.16@2022-08-26,Ornn,0.31492361927144535,0.0,0.8757763975155279
2022,12.16@2022-08-26,Pantheon,0.01880141010575793,0.0,0.34782608695652173
2022,12.16@2022-08-26,Poppy,0.33744614179396787,0.0,0.9006211180124224
2022,12.16@2022-08-26,Pyke,0.07050528789659224,0.0,0.5527950310559007
2022,12.16@2022-08-26,Qiyana,0.010184097140618879,0.0,0.2422360248447205
2022,12.16@2022-08-26,Quinn,0.00019584802193497845,0.0,0.006211180124223602
2022,12.16@2022-08-26,Rakan,0.24245985115550334,0.0,0.8509316770186336
2022,12.16@2022-08-26,Rammus,0.0007833920877399138,0.0,0.031055900621118012
2022,12.16@2022-08-26,Rek'Sai,0.016842929886408148,0.0,0.33540372670807456
2022,12.16@2022-08-26,Rell,0.038386212299255776,0.0,0.4472049689440994
2022,12.16@2022-08-26,Renata Glasc,0.5291813552683118,0.0,0.9503105590062112
2022,12.16@2022-08-26,Renekton,0.09146102624363493,0.0,0.6273291925465838
2022,12.16@2022-08-26,Rengar,0.02134743439091265,0.0,0.37267080745341613
2022,12.16@2022-08-26,Riven,0.022326674500587545,0.0,0.37888198757763975
2022,12.16@2022-08-26,Rumble,0.03407755581668625,0.0,0.422360248447205
2022,12.16@2022-08-26,Ryze,0.05405405405405406,0.0,0.5031055900621118
2022,12.16@2022-08-26,Samira,0.05875440658049354,0.0,0.5341614906832298
2022,12.16@2022-08-26,Sejuani,0.2408930669800235,0.0,0.84472049689441
2022,12.16@2022-08-26,Senna,0.41500195848021937,0.0,0.9130434782608695
2022,12.16@2022-08-26,Seraphine,0.3262828045436741,0.0,0.8881987577639752
2022,12.16@2022-08-26,Sett,0.05013709361535448,0.0,0.4906832298136646
2022,12.16@2022-08-26,Shaco,0.004700352526439483,0.0,0.13043478260869565
2022,12.16@2022-08-26,Shen,0.007833920877399139,0.0,0.20496894409937888
2022,12.16@2022-08-26,Shyvana,0.043282412847630236,0.0,0.453416149068323
2022,12.16@2022-08-26,Singed,0.0050920485703094395,0.0,0.14596273291925466
2022,12.16@2022-08-26,Sion,0.04700352526439483,0.0,0.45962732919254656
2022,12.16@2022-08-26,Sivir,0.1827262044653349,0.0,0.7577639751552795
2022,12.16@2022-08-26,Skarner,0.01527614571092832,0.0,0.30434782608695654
2022,12.16@2022-08-26,Sona,0.010379945162553859,0.0,0.2484472049689441
2022,12.16@2022-08-26,Soraka,0.016647081864473168,0.0,0.32919254658385094
2022,12.16@2022-08-26,Swain,0.1891891891891892,0.0,0.7639751552795031
2022,12.16@2022-08-26,Sylas,0.44222483352918135,0.0,0.9192546583850931
2022,12.16@2022-08-26,Syndra,0.04798276537406972,0.0,0.4658385093167702
2022,12.16@2022-08-26,Tahm Kench,0.22620446533490013,0.0,0.8198757763975155
2022,12.16@2022-08-26,Taliyah,0.5393654524089306,0.0,0.968944099378882
2022,12.16@2022-08-26,Talon,0.003133568350959655,0.0,0.09627329192546584
2022,12.16@2022-08-26,Taric,0.013513513513513514,0.0,0.2795031055900621
2022,12.16@2022-08-26,Teemo,0.0013709361535448493,0.0,0.043478260869565216
2022,12.16@2022-08-26,Thresh,0.028397963180571875,0.0,0.40993788819875776
2022,12.16@2022-08-26,Tristana,0.09616137877007443,0.0,0.639751552795031
2022,12.16@2022-08-26,Trundle,0.3190364277320799,0.0,0.8819875776397516
2022,12.16@2022-08-26,Tryndamere,0.0481786133960047,0.0,0.4720496894409938
2022,12.16@2022-08-26,Twisted Fate,0.057971014492753624,0.0,0.5279503105590062
2022,12.16@2022-08-26,Twitch,0.12377594986290638,0.0,0.6894409937888198
2022,12.16@2022-08-26,Udyr,0.07226792009400705,2.0,0.5652173913043478
2022,12.16@2022-08-26,Urgot,0.0099882491186839,0.0,0.2360248447204969
2022,12.16@2022-08-26,Varus,0.019584802193497845,0.0,0.35714285714285715
2022,12.16@2022-08-26,Vayne,0.017234625930278104,0.0,0.3416149068322981
2022,12.16@2022-08-26,Veigar,0.08597728162945555,0.0,0.6149068322981367
2022,12.16@2022-08-26,Vel'Koz,0.009596553074813944,0.0,0.2236024844720497
2022,12.16@2022-08-26,Vex,0.08068938503721113,0.0,0.5962732919254659
2022,12.16@2022-08-26,Vi,0.11927144535840188,0.0,0.6832298136645962
2022,12.16@2022-08-26,Viego,0.535840188014101,0.0,0.9627329192546584
2022,12.16@2022-08-26,Viktor,0.19623971797884843,0.0,0.782608695652174
2022,12.16@2022-08-26,Vladimir,0.04935370152761457,0.0,0.484472049689441
2022,12.16@2022-08-26,Volibear,0.2171954563258911,0.0,0.8074534161490683
2022,12.16@2022-08-26,Warwick,0.0011750881316098707,0.0,0.037267080745341616
2022,12.16@2022-08-26,Wukong,0.8380336858597728,0.0,1.0
2022,12.16@2022-08-26,Xayah,0.11006658832745789,0.0,0.6583850931677019
2022,12.16@2022-08-26,Xerath,0.014688601645123384,0.0,0.2919254658385093
2022,12.16@2022-08-26,Xin Zhao,0.15609087348217782,0.0,0.7453416149068323
2022,12.16@2022-08-26,Yasuo,0.07892675283979632,0.0,0.5900621118012422
2022,12.16@2022-08-26,Yone,0.14316490403446924,0.0,0.7204968944099379
2022,12.16@2022-08-26,Yorick,0.0015667841754798276,0.0,0.055900621118012424
2022,12.16@2022-08-26,Yuumi,0.3895417156286721,0.0,0.906832298136646
2022,12.16@2022-08-26,Zac,0.015471993732863298,0.0,0.3105590062111801
2022,12.16@2022-08-26,Zed,0.015080297688993341,0.0,0.2981366459627329
2022,12.16@2022-08-26,Zeri,0.5842146494320407,0.0,0.9813664596273292
2022,12.16@2022-08-26,Ziggs,0.01625538582060321,0.0,0.3198757763975155
2022,12.16@2022-08-26,Zilean,0.03427340383862123,0.0,0.42857142857142855
2022,12.16@2022-08-26,Zoe,0.1282804543674109,0.0,0.7018633540372671
2022,12.16@2022-08-26,Zyra,0.0027418723070896985,0.0,0.08385093167701864
2022,12.16@2022-08-30,Aatrox,0.1403950426026336,0.0,0.7142857142857143
2022,12.16@2022-08-30,Ahri,0.5350503485670023,0.0,0.9627329192546584
2022,12.16@2022-08-30,Akali,0.19461657629744383,0.0,0.7701863354037267
2022,12.16@2022-08-30,Akshan,0.0191711851278079,0.0,0.35403726708074534
2022,12.16@2022-08-30,Alistar,0.09585592563903951,0.0,0.639751552795031
2022,12.16@2022-08-30,Amumu,0.0941130906274206,0.0,0.6273291925465838
2022,12.16@2022-08-30,Anivia,0.008133230054221533,0.0,0.20186335403726707
2022,12.16@2022-08-30,Annie,0.005034856700232378,0.0,0.13664596273291926
2022,12.16@2022-08-30,Aphelios,0.3336560805577072,0.0,0.8944099378881988
2022,12.16@2022-08-30,Ashe,0.05615801704105345,0.0,0.5279503105590062
2022,12.16@2022-08-30,Aurelion Sol,0.0052285050348567005,0.0,0.14906832298136646
2022,12.16@2022-08-30,Azir,0.49109217660728116,0.0,0.937888198757764
2022,12.16@2022-08-30,Bard,0.025755228505034856,0.0,0.39751552795031053
2022,12.16@2022-08-30,Bel'Veth,0.07106893880712625,0.0,0.5590062111801242
2022,12.16@2022-08-30,Blitzcrank,0.020526723470178157,0.0,0.36645962732919257
2022,12.16@2022-08-30,Brand,0.001549186676994578,0.0,0.052795031055900624
2022,12.16@2022-08-30,Braum,0.14426800929512007,0.0,0.7267080745341615
2022,12.16@2022-08-30,Caitlyn,0.010263361735089079,0.0,0.2484472049689441
2022,12.16@2022-08-30,Camille,0.20933384972889232,0.0,0.7888198757763976
2022,12.16@2022-08-30,Cassiopeia,0.024012393493415957,0.0,0.391304347826087
2022,12.16@2022-08-30,Cho'Gath,0.009682416731216111,0.0,0.2236024844720497
2022,12.16@2022-08-30,Corki,0.2984120836560806,0.0,0.8695652173913043
2022,12.16@2022-08-30,Darius,0.03814872192099148,0.0,0.4472049689440994
2022,12.16@2022-08-30,Diana,0.08191324554608831,0.0,0.6024844720496895
2022,12.16@2022-08-30,Dr. Mundo,0.007358636715724245,0.0,0.18633540372670807
2022,12.16@2022-08-30,Draven,0.21669248644461658,0.0,0.8012422360248447
2022,12.16@2022-08-30,Ekko,0.007552285050348567,0.0,0.19254658385093168
2022,12.16@2022-08-30,Elise,0.003292021688613478,0.0,0.10869565217391304
2022,12.16@2022-08-30,Evelynn,0.0017428350116189002,0.0,0.06832298136645963
2022,12.16@2022-08-30,Ezreal,0.28098373353989153,0.0,0.8633540372670807
2022,12.16@2022-08-30,Fiddlesticks,0.006777691711851278,0.0,0.18012422360248448
2022,12.16@2022-08-30,Fiora,0.2292796281951975,0.0,0.8198757763975155
2022,12.16@2022-08-30,Fizz,0.0003872966692486445,0.0,0.015527950310559006
2022,12.16@2022-08-30,Galio,0.10030983733539892,0.0,0.6459627329192547
2022,12.16@2022-08-30,Gangplank,0.459721146398141,0.0,0.9254658385093167
2022,12.16@2022-08-30,Garen,0.0029047250193648335,0.0,0.09316770186335403
2022,12.16@2022-08-30,Gnar,0.49864446165762977,0.0,0.9440993788819876
2022,12.16@2022-08-30,Gragas,0.09430673896204493,0.0,0.6335403726708074
2022,12.16@2022-08-30,Graves,0.10844306738962045,0.0,0.6708074534161491
2022,12.16@2022-08-30,Gwen,0.623160340821069,0.0,0.9937888198757764
2022,12.16@2022-08-30,Hecarim,0.025948876839659178,0.0,0.40372670807453415
2022,12.16@2022-08-30,Heimerdinger,0.002711076684740511,0.0,0.08074534161490683
2022,12.16@2022-08-30,Illaoi,0.002711076684740511,0.0,0.08074534161490683
2022,12.16@2022-08-30,Irelia,0.07997676219984508,0.0,0.5962732919254659
2022,12.16@2022-08-30,Ivern,0.004453911696359412,0.0,0.12422360248447205
2022,12.16@2022-08-30,Janna,0.006390395042602633,0.0,0.17080745341614906
2022,12.16@2022-08-30,Jarvan IV,0.08346243222308287,0.0,0.6086956521739131
2022,12.16@2022-08-30,Jax,0.15085205267234703,0.0,0.7391304347826086
2022,12.16@2022-08-30,Jayce,0.06622773044151821,0.0,0.546583850931677
2022,12.16@2022-08-30,Jhin,0.027885360185902403,0.0,0.40993788819875776
2022,12.16@2022-08-30,Jinx,0.18977536793183578,0.0,0.7577639751552795
2022,12.16@2022-08-30,Kai'Sa,0.10592563903950426,0.0,0.6583850931677019
2022,12.16@2022-08-30,Kalista,0.6003098373353989,0.0,0.9875776397515528
2022,12.16@2022-08-30,Karma,0.23121611154144076,0.0,0.8260869565217391
2022,12.16@2022-08-30,Karthus,0.07378001549186677,0.0,0.5714285714285714
2022,12.16@2022-08-30,Kassadin,0.012587141750580944,0.0,0.2670807453416149
2022,12.16@2022-08-30,Katarina,0.001549186676994578,0.0,0.052795031055900624
2022,12.16@2022-08-30,Kayle,0.12296669248644462,0.0,0.6832298136645962
2022,12.16@2022-08-30,Kayn,0.012974438419829589,0.0,0.2732919254658385
2022,12.16@2022-08-30,Kennen,0.054415182029434545,0.0,0.5124223602484472
2022,12.16@2022-08-30,Kha'Zix,0.013555383423702556,0.0,0.2795031055900621
2022,12.16@2022-08-30,Kindred,0.05538342370255616,0.0,0.5217391304347826
2022,12.16@2022-08-30,Kled,0.009488768396591789,0.0,0.21428571428571427
2022,12.16@2022-08-30,Kog'Maw,0.04860573199070488,0.0,0.4906832298136646
2022,12.16@2022-08-30,LeBlanc,0.2350890782339272,0.0,0.8385093167701864
2022,12.16@2022-08-30,Lee Sin,0.24089852827265684,0.0,0.8509316770186336
2022,12.16@2022-08-30,Leona,0.14484895429899303,0.0,0.7329192546583851
2022,12.16@2022-08-30,Lillia,0.17273431448489543,0.0,0.7515527950310559
2022,12.16@2022-08-30,Lissandra,0.21882261812548412,0.0,0.8074534161490683
2022,12.16@2022-08-30,Lucian,0.558869093725794,0.0,0.9751552795031055
2022,12.16@2022-08-30,Lulu,0.23412083656080557,0.0,0.8322981366459627
2022,12.16@2022-08-30,Lux,0.006390395042602633,0.0,0.17080745341614906
2022,12.16@2022-08-30,Malphite,0.016072811773818745,0.0,0.32298136645962733
2022,12.16@2022-08-30,Malzahar,0.0003872966692486445,0.0,0.015527950310559006
2022,12.16@2022-08-30,Maokai,0.003292021688613478,0.0,0.10869565217391304
2022,12.16@2022-08-30,Master Yi,0.0003872966692486445,0.0,0.015527950310559006
2022,12.16@2022-08-30,Miss Fortune,0.04938032532920217,0.0,0.4968944099378882
2022,12.16@2022-08-30,Mordekaiser,0.03466305189775368,0.0,0.43478260869565216
2022,12.16@2022-08-30,Morgana,0.009488768396591789,0.0,0.21428571428571427
2022,12.16@2022-08-30,Nami,0.1349728892331526,0.0,0.7080745341614907
2022,12.16@2022-08-30,Nasus,0.0056158017041053445,0.0,0.16149068322981366
2022,12.16@2022-08-30,Nautilus,0.47598760650658406,0.0,0.9316770186335404
2022,12.16@2022-08-30,Neeko,0.004260263361735089,0.0,0.11801242236024845
2022,12.16@2022-08-30,Nidalee,0.022850503485670023,0.0,0.38509316770186336
2022,12.16@2022-08-30,Nilah,0.012199845081332301,0.0,0.2608695652173913
2022,12.16@2022-08-30,Nocturne,0.06022463206816421,0.0,0.5403726708074534
2022,12.16@2022-08-30,Nunu & Willump,0.0052285050348567005,0.0,0.14906832298136646
2022,12.16@2022-08-30,Olaf,0.1123160340821069,0.0,0.6770186335403726
2022,12.16@2022-08-30,Orianna,0.07455460883036406,0.0,0.577639751552795
2022,12.16@2022-08-30,Ornn,0.3214562354763749,0.0,0.8757763975155279
2022,12.16@2022-08-30,Pantheon,0.019364833462432222,0.0,0.36024844720496896
2022,12.16@2022-08-30,Poppy,0.34779240898528274,0.0,0.9006211180124224
2022,12.16@2022-08-30,Pyke,0.06990704879938033,0.0,0.5527950310559007
2022,12.16@2022-08-30,Qiyana,0.009876065065840434,0.0,0.22981366459627328
2022,12.16@2022-08-30,Quinn,0.0003872966692486445,0.0,0.015527950310559006
2022,12.16@2022-08-30,Rakan,0.23993028659953525,0.0,0.84472049689441
2022,12.16@2022-08-30,Rammus,0.000774593338497289,0.0,0.031055900621118012
2022,12.16@2022-08-30,Rek'Sai,0.016847405112316034,0.0,0.3416149068322981
2022,12.16@2022-08-30,Rell,0.037955073586367155,0.0,0.4409937888198758
2022,12.16@2022-08-30,Renata Glasc,0.5278853601859024,0.0,0.9503105590062112
2022,12.16@2022-08-30,Renekton,0.1028272656855151,0.0,0.6521739130434783
2022,12.16@2022-08-30,Rengar,0.021107668474051124,0.0,0.37267080745341613
2022,12.16@2022-08-30,Riven,0.0226568551510457,0.0,0.37888198757763975
2022,12.16@2022-08-30,Rumble,0.033307513555383424,0.0,0.422360248447205
2022,12.16@2022-08-30,Ryze,0.05305964368706429,0.0,0.5031055900621118
2022,12.16@2022-08-30,Samira,0.05731990704879938,0.0,0.5341614906832298
2022,12.16@2022-08-30,Sejuani,0.25135553834237023,0.0,0.8571428571428571
2022,12.16@2022-08-30,Senna,0.41053446940356314,0.0,0.9130434782608695
2022,12.16@2022-08-30,Seraphine,0.32513555383423703,0.0,0.8819875776397516
2022,12.16@2022-08-30,Sett,0.048218435321456234,0.0,0.484472049689441
2022,12.16@2022-08-30,Shaco,0.004841208365608056,0.0,0.13043478260869565
2022,12.16@2022-08-30,Shen,0.008133230054221533,0.0,0.20186335403726707
2022,12.16@2022-08-30,Shyvana,0.043377226955848176,0.0,0.453416149068323
2022,12.16@2022-08-30,Singed,0.0052285050348567005,0.0,0.14906832298136646
2022,12.16@2022-08-30,Sion,0.046281951975213016,0.0,0.4658385093167702
2022,12.16@2022-08-30,Sivir,0.19907048799380325,0.0,0.782608695652174
2022,12.16@2022-08-30,Skarner,0.015491866769945779,0.0,0.30745341614906835
2022,12.16@2022-08-30,Sona,0.010263361735089079,0.0,0.2484472049689441
2022,12.16@2022-08-30,Soraka,0.016653756777691712,0.0,0.33229813664596275
2022,12.16@2022-08-30,Swain,0.19190549961270334,0.0,0.7639751552795031
2022,12.16@2022-08-30,Sylas,0.4504260263361735,0.0,0.9192546583850931
2022,12.16@2022-08-30,Syndra,0.046475600309837335,0.0,0.4720496894409938
2022,12.16@2022-08-30,Tahm Kench,0.22443841982958945,0.0,0.8136645962732919
2022,12.16@2022-08-30,Taliyah,0.5412470952749806,0.0,0.968944099378882
2022,12.16@2022-08-30,Talon,0.003098373353989156,0.0,0.09937888198757763
2022,12.16@2022-08-30,Taric,0.013749031758326879,0.0,0.2857142857142857
2022,12.16@2022-08-30,Teemo,0.001549186676994578,0.0,0.052795031055900624
2022,12.16@2022-08-30,Thresh,0.028272656855151047,0.0,0.4161490683229814
2022,12.16@2022-08-30,Tristana,0.09217660728117738,0.0,0.6211180124223602
2022,12.16@2022-08-30,Trundle,0.32765298218435324,0.0,0.8881987577639752
2022,12.16@2022-08-30,Tryndamere,0.045507358636715727,0.0,0.45962732919254656
2022,12.16@2022-08-30,Twisted Fate,0.054415182029434545,0.0,0.5124223602484472
2022,12.16@2022-08-30,Twitch,0.12335398915569326,0.0,0.6894409937888198
2022,12.16@2022-08-30,Udyr,0.0714562354763749,0.0,0.5652173913043478
2022,12.16@2022-08-30,Urgot,0.010263361735089079,0.0,0.2484472049689441
2022,12.16@2022-08-30,Varus,0.018977536793183578,0.0,0.34782608695652173
2022,12.16@2022-08-30,Vayne,0.016653756777691712,0.0,0.33229813664596275
2022,12.16@2022-08-30,Veigar,0.08365608055770721,0.0,0.6149068322981367
2022,12.16@2022-08-30,Vel'Koz,0.010069713400464756,0.0,0.2360248447204969
2022,12.16@2022-08-30,Vex,0.07552285050348567,0.0,0.5838509316770186
2022,12.16@2022-08-30,Vi,0.13303640588690938,0.0,0.7018633540372671
2022,12.16@2022-08-30,Viego,0.528272656855151,0.0,0.9565217391304348
2022,12.16@2022-08-30,Viktor,0.1950038729666925,0.0,0.7763975155279503
2022,12.16@2022-08-30,Vladimir,0.047443841982958944,0.0,0.4782608695652174
2022,12.16@2022-08-30,Volibear,0.21068938807126258,0.0,0.7950310559006211
2022,12.16@2022-08-30,Warwick,0.0011618900077459333,0.0,0.037267080745341616
2022,12.16@2022-08-30,Wukong,0.8369481022463207,0.0,1.0
2022,12.16@2022-08-30,Xayah,0.10728117738187451,0.0,0.6645962732919255
2022,12.16@2022-08-30,Xerath,0.014329976762199844,0.0,0.2919254658385093
2022,12.16@2022-08-30,Xin Zhao,0.156855151045701,0.0,0.7453416149068323
2022,12.16@2022-08-30,Yasuo,0.07804027885360186,0.0,0.5900621118012422
2022,12.16@2022-08-30,Yone,0.14407436096049575,0.0,0.7204968944099379
2022,12.16@2022-08-30,Yorick,0.001549186676994578,0.0,0.052795031055900624
2022,12.16@2022-08-30,Yuumi,0.4018202943454686,0.0,0.906832298136646
2022,12.16@2022-08-30,Zac,0.015491866769945779,0.0,0.30745341614906835
2022,12.16@2022-08-30,Zed,0.014910921766072812,0.0,0.2981366459627329
2022,12.16@2022-08-30,Zeri,0.5948876839659178,0.0,0.9813664596273292
2022,12.16@2022-08-30,Ziggs,0.015879163439194422,0.0,0.3167701863354037
2022,12.16@2022-08-30,Zilean,0.03446940356312936,0.0,0.42857142857142855
2022,12.16@2022-08-30,Zoe,0.12412858249419055,0.0,0.6956521739130435
2022,12.16@2022-08-30,Zyra,0.002711076684740511,0.0,0.08074534161490683
2022,12.17@2022-09-08,Aatrox,0.15663819875776397,0.0,0.7391304347826086
2022,12.17@2022-09-08,Ahri,0.5285326086956522,-1.0,0.9565217391304348
2022,12.17@2022-09-08,Akali,0.19642857142857142,0.0,0.7639751552795031
2022,12.17@2022-09-08,Akshan,0.018633540372670808,0.0,0.35714285714285715
2022,12.17@2022-09-08,Alistar,0.09394409937888198,0.0,0.6459627329192547
2022,12.17@2022-09-08,Amumu,0.10131987577639752,0.0,0.6645962732919255
2022,12.17@2022-09-08,Anivia,0.00718167701863354,0.0,0.18322981366459629
2022,12.17@2022-09-08,Annie,0.004270186335403727,0.0,0.12732919254658384
2022,12.17@2022-09-08,Aphelios,0.3420031055900621,0.0,0.8881987577639752
2022,12.17@2022-09-08,Ashe,0.05570652173913043,0.0,0.5341614906832298
2022,12.17@2022-09-08,Aurelion Sol,0.004658385093167702,0.0,0.14285714285714285
2022,12.17@2022-09-08,Azir,0.5248447204968945,-2.0,0.9503105590062112
2022,12.17@2022-09-08,Bard,0.025427018633540372,0.0,0.40993788819875776
2022,12.17@2022-09-08,Bel'Veth,0.07628105590062112,0.0,0.593167701863354
2022,12.17@2022-09-08,Blitzcrank,0.020186335403726708,0.0,0.36645962732919257
2022,12.17@2022-09-08,Brand,0.001358695652173913,0.0,0.046583850931677016
2022,12.17@2022-09-08,Braum,0.14169254658385094,0.0,0.7142857142857143
2022,12.17@2022-09-08,Caitlyn,0.011840062111801242,0.0,0.2546583850931677
2022,12.17@2022-09-08,Camille,0.1972049689440994,2.0,0.7763975155279503
2022,12.17@2022-09-08,Cassiopeia,0.02406832298136646,0.0,0.391304347826087
2022,12.17@2022-09-08,Cho'Gath,0.00873447204968944,0.0,0.21428571428571427
2022,12.17@2022-09-08,Corki,0.2998835403726708,0.0,0.8695652173913043
2022,12.17@2022-09-08,Darius,0.04192546583850932,0.0,0.453416149068323
2022,12.17@2022-09-08,Diana,0.07705745341614907,0.0,0.6024844720496895
2022,12.17@2022-09-08,Dr. Mundo,0.00718167701863354,0.0,0.18322981366459629
2022,12.17@2022-09-08,Draven,0.23233695652173914,0.0,0.8229813664596274
2022,12.17@2022-09-08,Ekko,0.007569875776397516,0.0,0.19254658385093168
2022,12.17@2022-09-08,Elise,0.0029114906832298135,0.0,0.08695652173913043
2022,12.17@2022-09-08,Evelynn,0.0021350931677018635,0.0,0.06832298136645963
2022,12.17@2022-09-08,Ezreal,0.26242236024844723,1.0,0.8571428571428571
2022,12.17@2022-09-08,Fiddlesticks,0.005822981366459627,0.0,0.16149068322981366
2022,12.17@2022-09-08,Fiora,0.23544254658385094,0.0,0.84472049689441
2022,12.17@2022-09-08,Fizz,0.00019409937888198756,0.0,0.009316770186335404
2022,12.17@2022-09-08,Galio,0.09802018633540373,0.0,0.6583850931677019
2022,12.17@2022-09-08,Gangplank,0.4365295031055901,0.0,0.9192546583850931
2022,12.17@2022-09-08,Garen,0.0025232919254658385,0.0,0.08074534161490683
2022,12.17@2022-09-08,Gnar,0.500582298136646,0.0,0.937888198757764
2022,12.17@2022-09-08,Gragas,0.09549689440993789,0.0,0.6521739130434783
2022,12.17@2022-09-08,Graves,0.08443322981366459,2.0,0.6211180124223602
2022,12.17@2022-09-08,Gwen,0.5974378881987578,0.0,0.9813664596273292
2022,12.17@2022-09-08,Hecarim,0.024650621118012424,0.0,0.40062111801242234
2022,12.17@2022-09-08,Heimerdinger,0.003299689440993789,0.0,0.10248447204968944
2022,12.17@2022-09-08,Illaoi,0.002329192546583851,0.0,0.07453416149068323
2022,12.17@2022-09-08,Irelia,0.07628105590062112,0.0,0.593167701863354
2022,12.17@2022-09-08,Ivern,0.004658385093167702,0.0,0.14285714285714285
2022,12.17@2022-09-08,Janna,0.00795807453416149,0.0,0.19875776397515527
2022,12.17@2022-09-08,Jarvan IV,0.08695652173913043,0.0,0.6335403726708074
2022,12.17@2022-09-08,Jax,0.14926242236024845,0.0,0.7267080745341615
2022,12.17@2022-09-08,Jayce,0.061529503105590064,0.0,0.5527950310559007
2022,12.17@2022-09-08,Jhin,0.024650621118012424,0.0,0.40062111801242234
2022,12.17@2022-09-08,Jinx,0.18827639751552794,0.0,0.7577639751552795
2022,12.17@2022-09-08,Kai'Sa,0.0859860248447205,0.0,0.6273291925465838
2022,12.17@2022-09-08,Kalista,0.6185947204968945,0.0,0.9875776397515528
2022,12.17@2022-09-08,Karma,0.21739130434782608,0.0,0.7950310559006211
2022,12.17@2022-09-08,Karthus,0.060364906832298136,0.0,0.546583850931677
2022,12.17@2022-09-08,Kassadin,0.013004658385093168,2.0,0.2670807453416149
2022,12.17@2022-09-08,Katarina,0.0015527950310559005,0.0,0.055900621118012424
2022,12.17@2022-09-08,Kayle,0.12286490683229814,0.0,0.6832298136645962
2022,12.17@2022-09-08,Kayn,0.014169254658385094,0.0,0.2950310559006211
2022,12.17@2022-09-08,Kennen,0.056482919254658384,0.0,0.5403726708074534
2022,12.17@2022-09-08,Kha'Zix,0.01203416149068323,0.0,0.2608695652173913
2022,12.17@2022-09-08,Kindred,0.051630434782608696,0.0,0.5124223602484472
2022,12.17@2022-09-08,Kled,0.00873447204968944,0.0,0.21428571428571427
2022,12.17@2022-09-08,Kog'Maw,0.04794254658385093,0.0,0.4906832298136646
2022,12.17@2022-09-08,LeBlanc,0.21933229813664595,0.0,0.8012422360248447
2022,12.17@2022-09-08,Lee Sin,0.23233695652173914,0.0,0.8229813664596274
2022,12.17@2022-09-08,Leona,0.1327639751552795,0.0,0.7018633540372671
2022,12.17@2022-09-08,Lillia,0.17100155279503104,0.0,0.7515527950310559
2022,12.17@2022-09-08,Lissandra,0.22302018633540371,0.0,0.8136645962732919
2022,12.17@2022-09-08,Lucian,0.5364906832298136,0.0,0.9751552795031055
2022,12.17@2022-09-08,Lulu,0.2565993788819876,0.0,0.8509316770186336
2022,12.17@2022-09-08,Lux,0.006211180124223602,0.0,0.17080745341614906
2022,12.17@2022-09-08,Malphite,0.015139751552795032,0.0,0.3105590062111801
2022,12.17@2022-09-08,Malzahar,0.00019409937888198756,0.0,0.009316770186335404
2022,12.17@2022-09-08,Maokai,0.003299689440993789,3.0,0.10248447204968944
2022,12.17@2022-09-08,Master Yi,0.00038819875776397513,0.0,0.018633540372670808
2022,12.17@2022-09-08,Miss Fortune,0.049689440993788817,-1.0,0.4968944099378882
2022,12.17@2022-09-08,Mordekaiser,0.03202639751552795,0.0,0.42857142857142855
2022,12.17@2022-09-08,Morgana,0.010093167701863354,0.0,0.2422360248447205
2022,12.17@2022-09-08,Nami,0.13878105590062112,-1.0,0.7080745341614907
2022,12.17@2022-09-08,Nasus,0.006211180124223602,0.0,0.17080745341614906
2022,12.17@2022-09-08,Nautilus,0.4623447204968944,0.0,0.9254658385093167
2022,12.17@2022-09-08,Neeko,0.0034937888198757765,0.0,0.11180124223602485
2022,12.17@2022-09-08,Nidalee,0.02251552795031056,0.0,0.38509316770186336
2022,12.17@2022-09-08,Nilah,0.014169254658385094,0.0,0.2950310559006211
2022,12.17@2022-09-08,Nocturne,0.051630434782608696,2.0,0.5124223602484472
2022,12.17@2022-09-08,Nunu & Willump,0.004658385093167702,0.0,0.14285714285714285
2022,12.17@2022-09-08,Olaf,0.11199534161490683,0.0,0.6708074534161491
2022,12.17@2022-09-08,Orianna,0.07472826086956522,0.0,0.577639751552795
2022,12.17@2022-09-08,Ornn,0.327445652173913,0.0,0.8757763975155279
2022,12.17@2022-09-08,Pantheon,0.02096273291925466,0.0,0.37267080745341613
2022,12.17@2022-09-08,Poppy,0.37092391304347827,0.0,0.9006211180124224
2022,12.17@2022-09-08,Pyke,0.06929347826086957,0.0,0.5652173913043478
2022,12.17@2022-09-08,Qiyana,0.009510869565217392,0.0,0.2360248447204969
2022,12.17@2022-09-08,Quinn,0.0007763975155279503,0.0,0.031055900621118012
2022,12.17@2022-09-08,Rakan,0.2327251552795031,0.0,0.8354037267080745
2022,12.17@2022-09-08,Rammus,0.0007763975155279503,0.0,0.031055900621118012
2022,12.17@2022-09-08,Rek'Sai,0.017274844720496896,0.0,0.3416149068322981
2022,12.17@2022-09-08,Rell,0.036684782608695655,1.0,0.4409937888198758
2022,12.17@2022-09-08,Renata Glasc,0.5324145962732919,0.0,0.9627329192546584
2022,12.17@2022-09-08,Renekton,0.125,-2.0,0.6894409937888198
2022,12.17@2022-09-08,Rengar,0.018633540372670808,0.0,0.35714285714285715
2022,12.17@2022-09-08,Riven,0.021350931677018632,0.0,0.37888198757763975
2022,12.17@2022-09-08,Rumble,0.031638198757763976,0.0,0.422360248447205
2022,12.17@2022-09-08,Ryze,0.054153726708074536,0.0,0.5217391304347826
2022,12.17@2022-09-08,Samira,0.05454192546583851,0.0,0.5279503105590062
2022,12.17@2022-09-08,Sejuani,0.27756211180124224,0.0,0.8633540372670807
2022,12.17@2022-09-08,Senna,0.40120341614906835,0.0,0.906832298136646
2022,12.17@2022-09-08,Seraphine,0.3330745341614907,0.0,0.8819875776397516
2022,12.17@2022-09-08,Sett,0.04425465838509317,2.0,0.4782608695652174
2022,12.17@2022-09-08,Shaco,0.004270186335403727,0.0,0.12732919254658384
2022,12.17@2022-09-08,Shen,0.008540372670807454,0.0,0.20496894409937888
2022,12.17@2022-09-08,Shyvana,0.044642857142857144,0.0,0.484472049689441
2022,12.17@2022-09-08,Singed,0.005046583850931677,0.0,0.15527950310559005
2022,12.17@2022-09-08,Sion,0.04309006211180124,0.0,0.4658385093167702
2022,12.17@2022-09-08,Sivir,0.2327251552795031,-2.0,0.8354037267080745
2022,12.17@2022-09-08,Skarner,0.016110248447204968,0.0,0.32919254658385094
2022,12.17@2022-09-08,Sona,0.01048136645962733,0.0,0.2484472049689441
2022,12.17@2022-09-08,Soraka,0.015722049689440992,0.0,0.3198757763975155
2022,12.17@2022-09-08,Swain,0.20186335403726707,0.0,0.7888198757763976
2022,12.17@2022-09-08,Sylas,0.4704968944099379,-2.0,0.9316770186335404
2022,12.17@2022-09-08,Syndra,0.03940217391304348,0.0,0.4472049689440994
2022,12.17@2022-09-08,Tahm Kench,0.22010869565217392,0.0,0.8074534161490683
2022,12.17@2022-09-08,Taliyah,0.5341614906832298,0.0,0.968944099378882
2022,12.17@2022-09-08,Talon,0.003105590062111801,0.0,0.09316770186335403
2022,12.17@2022-09-08,Taric,0.01358695652173913,-2.0,0.2857142857142857
2022,12.17@2022-09-08,Teemo,0.001358695652173913,0.0,0.046583850931677016
2022,12.17@2022-09-08,Thresh,0.027950310559006212,0.0,0.4161490683229814
2022,12.17@2022-09-08,Tristana,0.07880434782608696,0.0,0.6118012422360248
2022,12.17@2022-09-08,Trundle,0.3534549689440994,-2.0,0.8944099378881988
2022,12.17@2022-09-08,Tryndamere,0.04309006211180124,0.0,0.4658385093167702
2022,12.17@2022-09-08,Twisted Fate,0.05143633540372671,2.0,0.5031055900621118
2022,12.17@2022-09-08,Twitch,0.12616459627329193,0.0,0.6956521739130435
2022,12.17@2022-09-08,Udyr,0.07006987577639752,0.0,0.5714285714285714
2022,12.17@2022-09-08,Urgot,0.009316770186335404,0.0,0.2267080745341615
2022,12.17@2022-09-08,Varus,0.017857142857142856,0.0,0.34782608695652173
2022,12.17@2022-09-08,Vayne,0.014557453416149068,0.0,0.30434782608695654
2022,12.17@2022-09-08,Veigar,0.07880434782608696,0.0,0.6118012422360248
2022,12.17@2022-09-08,Vel'Koz,0.009316770186335404,0.0,0.2267080745341615
2022,12.17@2022-09-08,Vex,0.0640527950310559,0.0,0.5590062111801242
2022,12.17@2022-09-08,Vi,0.14945652173913043,0.0,0.7329192546583851
2022,12.17@2022-09-08,Viego,0.5098990683229814,0.0,0.9440993788819876
2022,12.17@2022-09-08,Viktor,0.1966226708074534,0.0,0.7701863354037267
2022,12.17@2022-09-08,Vladimir,0.04309006211180124,0.0,0.4658385093167702
2022,12.17@2022-09-08,Volibear,0.2016692546583851,0.0,0.782608695652174
2022,12.17@2022-09-08,Warwick,0.0007763975155279503,0.0,0.031055900621118012
2022,12.17@2022-09-08,Wukong,0.828998447204969,-2.0,1.0
2022,12.17@2022-09-08,Xayah,0.0921972049689441,0.0,0.639751552795031
2022,12.17@2022-09-08,Xerath,0.013198757763975156,0.0,0.27639751552795033
2022,12.17@2022-09-08,Xin Zhao,0.15974378881987578,0.0,0.7453416149068323
2022,12.17@2022-09-08,Yasuo,0.07550465838509317,0.0,0.5838509316770186
2022,12.17@2022-09-08,Yone,0.14751552795031056,0.0,0.7204968944099379
2022,12.17@2022-09-08,Yorick,0.0017468944099378882,0.0,0.062111801242236024
2022,12.17@2022-09-08,Yuumi,0.4295419254658385,0.0,0.9130434782608695
2022,12.17@2022-09-08,Zac,0.016498447204968944,0.0,0.33540372670807456
2022,12.17@2022-09-08,Zed,0.013198757763975156,0.0,0.27639751552795033
2022,12.17@2022-09-08,Zeri,0.6224767080745341,0.0,0.9937888198757764
2022,12.17@2022-09-08,Ziggs,0.015722049689440992,0.0,0.3198757763975155
2022,12.17@2022-09-08,Zilean,0.03610248447204969,0.0,0.43478260869565216
2022,12.17@2022-09-08,Zoe,0.11490683229813664,0.0,0.6770186335403726
2022,12.17@2022-09-08,Zyra,0.0038819875776397515,0.0,0.11801242236024845
2022,12.17@2022-09-12,Aatrox,0.16097175587596288,0.0,0.7391304347826086
2022,12.17@2022-09-12,Ahri,0.5277503456448746,0.0,0.9627329192546584
2022,12.17@2022-09-12,Akali,0.19514122062018566,0.0,0.7701863354037267
2022,12.17@2022-09-12,Akshan,0.017578510764368952,0.0,0.35093167701863354
2022,12.17@2022-09-12,Alistar,0.0928303377444203,0.0,0.6459627329192547
2022,12.17@2022-09-12,Amumu,0.10428599644479558,0.0,0.6645962732919255
2022,12.17@2022-09-12,Anivia,0.006912897491605768,0.0,0.18012422360248448
2022,12.17@2022-09-12,Annie,0.0043452498518664825,0.0,0.13354037267080746
2022,12.17@2022-09-12,Aphelios,0.3448548291526763,0.0,0.8881987577639752
2022,12.17@2022-09-12,Ashe,0.05688327078807032,0.0,0.546583850931677
2022,12.17@2022-09-12,Aurelion Sol,0.004740272565672526,0.0,0.14906832298136646
2022,12.17@2022-09-12,Azir,0.5401935611297649,0.0,0.9751552795031055
2022,12.17@2022-09-12,Bard,0.026269010468101917,0.0,0.40993788819875776
2022,12.17@2022-09-12,Bel'Veth,0.07781947461979064,0.0,0.6211180124223602
2022,12.17@2022-09-12,Blitzcrank,0.020146158404108237,0.0,0.36645962732919257
2022,12.17@2022-09-12,Brand,0.0013825794983211535,0.0,0.046583850931677016
2022,12.17@2022-09-12,Braum,0.13885048390282442,0.0,0.7080745341614907
2022,12.17@2022-09-12,Caitlyn,0.012640726841793404,0.0,0.2701863354037267
2022,12.17@2022-09-12,Camille,0.18941339126999804,0.0,0.7639751552795031
2022,12.17@2022-09-12,Cassiopeia,0.024096385542168676,0.0,0.39751552795031053
2022,12.17@2022-09-12,Cho'Gath,0.008492988346829943,0.0,0.21428571428571427
2022,12.17@2022-09-12,Corki,0.3045625123444598,0.0,0.8695652173913043
2022,12.17@2022-09-12,Darius,0.04127987359273158,0.0,0.45962732919254656
2022,12.17@2022-09-12,Diana,0.07525182698005135,0.0,0.5962732919254659
2022,12.17@2022-09-12,Dr. Mundo,0.0073079202054118116,0.0,0.18633540372670807
2022,12.17@2022-09-12,Draven,0.2397787872802686,0.0,0.8385093167701864
2022,12.17@2022-09-12,Ekko,0.0075054315623148335,0.0,0.19254658385093168
2022,12.17@2022-09-12,Elise,0.002962670353545329,0.0,0.08695652173913043
2022,12.17@2022-09-12,Evelynn,0.0021726249259332413,0.0,0.06832298136645963
2022,12.17@2022-09-12,Ezreal,0.25478965040489826,0.0,0.8509316770186336
2022,12.17@2022-09-12,Fiddlesticks,0.005925340707090658,0.0,0.16149068322981366
2022,12.17@2022-09-12,Fiora,0.23879123049575351,0.0,0.8322981366459627
2022,12.17@2022-09-12,Fizz,0.00019751135690302193,0.0,0.009316770186335404
2022,12.17@2022-09-12,Galio,0.09381789452893541,0.0,0.6521739130434783
2022,12.17@2022-09-12,Gangplank,0.43017973533478177,0.0,0.9130434782608695
2022,12.17@2022-09-12,Garen,0.002370136282836263,0.0,0.07763975155279502
2022,12.17@2022-09-12,Gnar,0.5052340509579301,0.0,0.9440993788819876
2022,12.17@2022-09-12,Gragas,0.09658305352557772,0.0,0.6583850931677019
2022,12.17@2022-09-12,Graves,0.07446178155243927,0.0,0.5869565217391305
2022,12.17@2022-09-12,Gwen,0.5848311277898479,0.0,0.9813664596273292
2022,12.17@2022-09-12,Hecarim,0.02449140825597472,0.0,0.40372670807453415
2022,12.17@2022-09-12,Heimerdinger,0.003357693067351373,0.0,0.10559006211180125
2022,12.17@2022-09-12,Illaoi,0.002370136282836263,0.0,0.07763975155279502
2022,12.17@2022-09-12,Irelia,0.07683191783527553,0.0,0.6149068322981367
2022,12.17@2022-09-12,Ivern,0.0043452498518664825,0.0,0.13354037267080746
2022,12.17@2022-09-12,Janna,0.0080979656330239,0.0,0.20186335403726707
2022,12.17@2022-09-12,Jarvan IV,0.08947264467706893,0.0,0.639751552795031
2022,12.17@2022-09-12,Jax,0.1479360063203634,0.0,0.7204968944099379
2022,12.17@2022-09-12,Jayce,0.059648429784712624,0.0,0.5590062111801242
2022,12.17@2022-09-12,Jhin,0.021133715188623347,0.0,0.38198757763975155
2022,12.17@2022-09-12,Jinx,0.18803081177167688,0.0,0.7577639751552795
2022,12.17@2022-09-12,Kai'Sa,0.07801698597669365,0.0,0.6273291925465838
2022,12.17@2022-09-12,Kalista,0.6355915465139246,0.0,0.9875776397515528
2022,12.17@2022-09-12,Karma,0.21410231088287576,0.0,0.7981366459627329
2022,12.17@2022-09-12,Karthus,0.055698202646652185,0.0,0.5341614906832298
2022,12.17@2022-09-12,Kassadin,0.01224570412798736,0.0,0.2608695652173913
2022,12.17@2022-09-12,Katarina,0.0017776022121271974,0.0,0.059006211180124224
2022,12.17@2022-09-12,Kayle,0.12443215484890381,0.0,0.6832298136645962
2022,12.17@2022-09-12,Kayn,0.013825794983211535,0.0,0.2950310559006211
2022,12.17@2022-09-12,Kennen,0.05648824807426427,0.0,0.5403726708074534
2022,12.17@2022-09-12,Kha'Zix,0.011653170057278294,0.0,0.2546583850931677
2022,12.17@2022-09-12,Kindred,0.05155046415168872,0.0,0.515527950310559
2022,12.17@2022-09-12,Kled,0.0080979656330239,0.0,0.20186335403726707
2022,12.17@2022-09-12,Kog'Maw,0.047995259727434327,0.0,0.4906832298136646
2022,12.17@2022-09-12,LeBlanc,0.21410231088287576,0.0,0.7981366459627329
2022,12.17@2022-09-12,Lee Sin,0.23049575350582657,0.0,0.8260869565217391
2022,12.17@2022-09-12,Leona,0.12917242741457635,0.0,0.6956521739130435
2022,12.17@2022-09-12,Lillia,0.16768714201066562,0.0,0.7515527950310559
2022,12.17@2022-09-12,Lissandra,0.21943511751925734,0.0,0.8074534161490683
2022,12.17@2022-09-12,Lucian,0.5273553229310686,0.0,0.9565217391304348
2022,12.17@2022-09-12,Lulu,0.26328263875172825,0.0,0.8571428571428571
2022,12.17@2022-09-12,Lux,0.006715386134702746,0.0,0.17391304347826086
2022,12.17@2022-09-12,Malphite,0.01422081769701758,0.0,0.30434782608695654
2022,12.17@2022-09-12,Malzahar,0.00019751135690302193,0.0,0.009316770186335404
2022,12.17@2022-09-12,Maokai,0.003357693067351373,0.0,0.10559006211180125
2022,12.17@2022-09-12,Master Yi,0.00039502271380604387,0.0,0.018633540372670808
2022,12.17@2022-09-12,Miss Fortune,0.050760418724076634,0.0,0.5031055900621118
2022,12.17@2022-09-12,Mordekaiser,0.031404305747580484,0.0,0.42857142857142855
2022,12.17@2022-09-12,Morgana,0.010468101915860163,0.0,0.2484472049689441
2022,12.17@2022-09-12,Nami,0.13983804068733952,0.0,0.7142857142857143
2022,12.17@2022-09-12,Nasus,0.00612285206399368,0.0,0.16770186335403728
2022,12.17@2022-09-12,Nautilus,0.45565870037527156,0.0,0.9254658385093167
2022,12.17@2022-09-12,Neeko,0.003357693067351373,0.0,0.10559006211180125
2022,12.17@2022-09-12,Nidalee,0.02231878333004148,0.0,0.391304347826087
2022,12.17@2022-09-12,Nilah,0.014813351767726645,0.0,0.3105590062111801
2022,12.17@2022-09-12,Nocturne,0.04977286193956153,0.0,0.4968944099378882
2022,12.17@2022-09-12,Nunu & Willump,0.0043452498518664825,0.0,0.13354037267080746
2022,12.17@2022-09-12,Olaf,0.11021133715188623,0.0,0.6770186335403726
2022,12.17@2022-09-12,Orianna,0.07623938376456646,0.0,0.6055900621118012
2022,12.17@2022-09-12,Ornn,0.32826387517282246,0.0,0.8757763975155279
2022,12.17@2022-09-12,Pantheon,0.021133715188623347,0.0,0.38198757763975155
2022,12.17@2022-09-12,Poppy,0.3804068733952202,0.0,0.9006211180124224
2022,12.17@2022-09-12,Pyke,0.06912897491605767,0.0,0.5652173913043478
2022,12.17@2022-09-12,Qiyana,0.009283033774442031,0.0,0.2329192546583851
2022,12.17@2022-09-12,Quinn,0.0007900454276120877,0.0,0.031055900621118012
2022,12.17@2022-09-12,Rakan,0.22575548094015405,0.0,0.8198757763975155
2022,12.17@2022-09-12,Rammus,0.0007900454276120877,0.0,0.031055900621118012
2022,12.17@2022-09-12,Rek'Sai,0.017578510764368952,0.0,0.35093167701863354
2022,12.17@2022-09-12,Rell,0.03594706695634999,0.0,0.43478260869565216
2022,12.17@2022-09-12,Renata Glasc,0.5344657317795773,0.0,0.968944099378882
2022,12.17@2022-09-12,Renekton,0.13055500691289748,0.0,0.7018633540372671
2022,12.17@2022-09-12,Rengar,0.01836855619198104,0.0,0.36024844720496896
2022,12.17@2022-09-12,Riven,0.020738692474817303,0.0,0.37267080745341613
2022,12.17@2022-09-12,Rumble,0.030219237606162356,0.0,0.422360248447205
2022,12.17@2022-09-12,Ryze,0.0549081572190401,0.0,0.5279503105590062
2022,12.17@2022-09-12,Samira,0.053920600434524985,0.0,0.5217391304347826
2022,12.17@2022-09-12,Sejuani,0.28856409243531506,0.0,0.8633540372670807
2022,12.17@2022-09-12,Senna,0.40213312265455264,0.0,0.906832298136646
2022,12.17@2022-09-12,Seraphine,0.3387319770886826,0.0,0.8819875776397516
2022,12.17@2022-09-12,Sett,0.04206991902034367,0.0,0.4720496894409938
2022,12.17@2022-09-12,Shaco,0.0043452498518664825,0.0,0.13354037267080746
2022,12.17@2022-09-12,Shen,0.008492988346829943,0.0,0.21428571428571427
2022,12.17@2022-09-12,Shyvana,0.04562512344459806,0.0,0.484472049689441
2022,12.17@2022-09-12,Singed,0.004937783922575548,0.0,0.15527950310559005
2022,12.17@2022-09-12,Sion,0.041674896306537625,0.0,0.4658385093167702
2022,12.17@2022-09-12,Sivir,0.24254394627691092,0.0,0.84472049689441
2022,12.17@2022-09-12,Skarner,0.0161959312660478,0.0,0.32298136645962733
2022,12.17@2022-09-12,Sona,0.01027059055895714,0.0,0.2422360248447205
2022,12.17@2022-09-12,Soraka,0.016590953979853842,0.0,0.32919254658385094
2022,12.17@2022-09-12,Swain,0.206991902034367,0.0,0.7888198757763976
2022,12.17@2022-09-12,Sylas,0.48212522220027654,0.0,0.9316770186335404
2022,12.17@2022-09-12,Syndra,0.03614457831325301,0.0,0.4409937888198758
2022,12.17@2022-09-12,Tahm Kench,0.2216077424451906,0.0,0.8136645962732919
2022,12.17@2022-09-12,Taliyah,0.5255777207189414,0.0,0.9503105590062112
2022,12.17@2022-09-12,Talon,0.003160181710448351,0.0,0.09316770186335403
2022,12.17@2022-09-12,Taric,0.013825794983211535,0.0,0.2950310559006211
2022,12.17@2022-09-12,Teemo,0.0013825794983211535,0.0,0.046583850931677016
2022,12.17@2022-09-12,Thresh,0.027256567252617027,0.0,0.4161490683229814
2022,12.17@2022-09-12,Tristana,0.07149911119889393,0.0,0.577639751552795
2022,12.17@2022-09-12,Trundle,0.3650009875567845,0.0,0.8944099378881988
2022,12.17@2022-09-12,Tryndamere,0.04246494173414971,0.0,0.4782608695652174
2022,12.17@2022-09-12,Twisted Fate,0.05095793008097966,0.0,0.5093167701863354
2022,12.17@2022-09-12,Twitch,0.1279873592731582,0.0,0.6894409937888198
2022,12.17@2022-09-12,Udyr,0.07011653170057278,0.0,0.5714285714285714
2022,12.17@2022-09-12,Urgot,0.008888011060635987,0.0,0.2236024844720497
2022,12.17@2022-09-12,Varus,0.016788465336756864,0.0,0.3385093167701863
2022,12.17@2022-09-12,Vayne,0.013430772269405492,0.0,0.2857142857142857
2022,12.17@2022-09-12,Veigar,0.07623938376456646,0.0,0.6055900621118012
2022,12.17@2022-09-12,Vel'Koz,0.009283033774442031,0.0,0.2329192546583851
2022,12.17@2022-09-12,Vex,0.05846336164329449,0.0,0.5527950310559007
2022,12.17@2022-09-12,Vi,0.1558364605964843,0.0,0.7329192546583851
2022,12.17@2022-09-12,Viego,0.4999012443215485,0.0,0.937888198757764
2022,12.17@2022-09-12,Viktor,0.19711633418921587,0.0,0.7763975155279503
2022,12.17@2022-09-12,Vladimir,0.04048982816511949,0.0,0.453416149068323
2022,12.17@2022-09-12,Volibear,0.19751135690302193,0.0,0.782608695652174
2022,12.17@2022-09-12,Warwick,0.0007900454276120877,0.0,0.031055900621118012
2022,12.17@2022-09-12,Wukong,0.8255974718546316,0.0,1.0
2022,12.17@2022-09-12,Xayah,0.07920205411811179,0.0,0.6335403726708074
2022,12.17@2022-09-12,Xerath,0.013035749555599448,0.0,0.2795031055900621
2022,12.17@2022-09-12,Xin Zhao,0.162354335374284,0.0,0.7453416149068323
2022,12.17@2022-09-12,Yasuo,0.07446178155243927,0.0,0.5869565217391305
2022,12.17@2022-09-12,Yone,0.1497136085324906,0.0,0.7267080745341615
2022,12.17@2022-09-12,Yorick,0.0017776022121271974,0.0,0.059006211180124224
2022,12.17@2022-09-12,Yuumi,0.44183290539206005,0.0,0.9192546583850931
2022,12.17@2022-09-12,Zac,0.016788465336756864,0.0,0.3385093167701863
2022,12.17@2022-09-12,Zed,0.012640726841793404,0.0,0.2701863354037267
2022,12.17@2022-09-12,Zeri,0.6385542168674698,0.0,0.9937888198757764
2022,12.17@2022-09-12,Ziggs,0.015800908552241755,0.0,0.3167701863354037
2022,12.17@2022-09-12,Zilean,0.036342089670156036,0.0,0.4472049689440994
2022,12.17@2022-09-12,Zoe,0.1098163144380802,0.0,0.6708074534161491
2022,12.17@2022-09-12,Zyra,0.003950227138060439,0.0,0.11801242236024845
2022,12.18@2022-09-21,Aatrox,0.18150546337515175,0.0,0.7639751552795031
2022,12.18@2022-09-21,Ahri,0.5267098340752732,0.0,0.9627329192546584
2022,12.18@2022-09-21,Akali,0.19506272764063132,1.0,0.7888198757763976
2022,12.18@2022-09-21,Akshan,0.01578308377175233,0.0,0.3105590062111801
2022,12.18@2022-09-21,Alistar,0.09469850263051396,0.0,0.6459627329192547
2022,12.18@2022-09-21,Amumu,0.11189801699716714,0.0,0.6770186335403726
2022,12.18@2022-09-21,Anivia,0.006070416835289356,0.0,0.16770186335403728
2022,12.18@2022-09-21,Annie,0.00424929178470255,0.0,0.13043478260869565
2022,12.18@2022-09-21,Aphelios,0.3559287737757993,0.0,0.8881987577639752
2022,12.18@2022-09-21,Ashe,0.0556454876568191,2.0,0.5341614906832298
2022,12.18@2022-09-21,Aurelion Sol,0.004046944556859571,0.0,0.11801242236024845
2022,12.18@2022-09-21,Azir,0.5611088628085795,0.0,0.9813664596273292
2022,12.18@2022-09-21,Bard,0.025900445163901255,0.0,0.40683229813664595
2022,12.18@2022-09-21,Bel'Veth,0.08093889113719142,0.0,0.6335403726708074
2022,12.18@2022-09-21,Blitzcrank,0.01962768110076892,0.0,0.35714285714285715
2022,12.18@2022-09-21,Brand,0.00141643059490085,0.0,0.049689440993788817
2022,12.18@2022-09-21,Braum,0.14063132335087009,0.0,0.7080745341614907
2022,12.18@2022-09-21,Caitlyn,0.024281667341157425,0.0,0.38509316770186336
2022,12.18@2022-09-21,Camille,0.17523269931201943,0.0,0.7453416149068323
2022,12.18@2022-09-21,Cassiopeia,0.025900445163901255,0.0,0.40683229813664595
2022,12.18@2022-09-21,Cho'Gath,0.006272764063132335,0.0,0.17391304347826086
2022,12.18@2022-09-21,Corki,0.31080534196681503,0.0,0.8633540372670807
2022,12.18@2022-09-21,Darius,0.04471873735329826,0.0,0.484472049689441
2022,12.18@2022-09-21,Diana,0.0726426547956293,0.0,0.6024844720496895
2022,12.18@2022-09-21,Dr. Mundo,0.007891541885876164,0.0,0.20186335403726707
2022,12.18@2022-09-21,Draven,0.26203966005665724,0.0,0.8509316770186336
2022,12.18@2022-09-21,Ekko,0.010522055847834885,0.0,0.22981366459627328
2022,12.18@2022-09-21,Elise,0.003035208417644678,0.0,0.09316770186335403
2022,12.18@2022-09-21,Evelynn,0.001821125050586807,0.0,0.062111801242236024
2022,12.18@2022-09-21,Ezreal,0.23694860380412788,0.0,0.8322981366459627
2022,12.18@2022-09-21,Fiddlesticks,0.005058680696074464,0.0,0.16149068322981366
2022,12.18@2022-09-21,Fiora,0.2395791177660866,0.0,0.8385093167701864
2022,12.18@2022-09-21,Fizz,0.00020234722784297855,0.0,0.012422360248447204
2022,12.18@2022-09-21,Galio,0.09348441926345609,0.0,0.639751552795031
2022,12.18@2022-09-21,Gangplank,0.4024686361796843,0.0,0.906832298136646
2022,12.18@2022-09-21,Garen,0.0024281667341157424,0.0,0.07763975155279502
2022,12.18@2022-09-21,Gnar,0.5141643059490085,0.0,0.9503105590062112
2022,12.18@2022-09-21,Gragas,0.09915014164305949,0.0,0.6645962732919255
2022,12.18@2022-09-21,Graves,0.06212059894779442,0.0,0.5652173913043478
2022,12.18@2022-09-21,Gwen,0.5398624038850668,0.0,0.9751552795031055
2022,12.18@2022-09-21,Hecarim,0.023067583974099554,-2.0,0.37888198757763975
2022,12.18@2022-09-21,Heimerdinger,0.004856333468231485,0.0,0.15217391304347827
2022,12.18@2022-09-21,Illaoi,0.0024281667341157424,0.0,0.07763975155279502
2022,12.18@2022-09-21,Irelia,0.07385673816268717,0.0,0.6149068322981367
2022,12.18@2022-09-21,Ivern,0.004046944556859571,0.0,0.11801242236024845
2022,12.18@2022-09-21,Janna,0.00971266693646297,0.0,0.2236024844720497
2022,12.18@2022-09-21,Jarvan IV,0.10016187778227438,0.0,0.6708074534161491
2022,12.18@2022-09-21,Jax,0.14730878186968838,0.0,0.7204968944099379
2022,12.18@2022-09-21,Jayce,0.05200323755564549,0.0,0.5217391304347826
2022,12.18@2022-09-21,Jhin,0.0169971671388102,0.0,0.32919254658385094
2022,12.18@2022-09-21,Jinx,0.17907729664103603,1.0,0.7577639751552795
2022,12.18@2022-09-21,Kai'Sa,0.0708215297450425,0.0,0.5962732919254659
2022,12.18@2022-09-21,Kalista,0.6588425738567382,-1.0,0.9875776397515528
2022,12.18@2022-09-21,Karma,0.18899231080534196,0.0,0.7763975155279503
2022,12.18@2022-09-21,Karthus,0.05139619587211655,0.0,0.515527950310559
2022,12.18@2022-09-21,Kassadin,0.011938486442735735,0.0,0.2732919254658385
2022,12.18@2022-09-21,Katarina,0.001821125050586807,0.0,0.062111801242236024
2022,12.18@2022-09-21,Kayle,0.12140833670578713,0.0,0.6832298136645962
2022,12.18@2022-09-21,Kayn,0.013152569809793607,-1.0,0.2857142857142857
2022,12.18@2022-09-21,Kennen,0.05807365439093484,0.0,0.546583850931677
2022,12.18@2022-09-21,Kha'Zix,0.01112909753136382,0.0,0.2453416149068323
2022,12.18@2022-09-21,Kindred,0.046944556859571024,0.0,0.4968944099378882
2022,12.18@2022-09-21,Kled,0.007082152974504249,0.0,0.19254658385093168
2022,12.18@2022-09-21,Kog'Maw,0.03055443140428976,0.0,0.42857142857142855
2022,12.18@2022-09-21,LeBlanc,0.21185754755159855,0.0,0.7950310559006211
2022,12.18@2022-09-21,Lee Sin,0.22622420072845,2.0,0.8198757763975155
2022,12.18@2022-09-21,Leona,0.1284904896802914,0.0,0.6894409937888198
2022,12.18@2022-09-21,Lillia,0.13051396195872117,0.0,0.6956521739130435
2022,12.18@2022-09-21,Lissandra,0.2132739781464994,0.0,0.8012422360248447
2022,12.18@2022-09-21,Lucian,0.5103197086199919,0.0,0.9440993788819876
2022,12.18@2022-09-21,Lulu,0.2594091460946985,-2.0,0.84472049689441
2022,12.18@2022-09-21,Lux,0.00829623634156212,0.0,0.2111801242236025
2022,12.18@2022-09-21,Malphite,0.013354917037636584,0.0,0.2919254658385093
2022,12.18@2022-09-21,Malzahar,0.00020234722784297855,0.0,0.012422360248447204
2022,12.18@2022-09-21,Maokai,0.003237555645487657,0.0,0.10559006211180125
2022,12.18@2022-09-21,Master Yi,0.00020234722784297855,0.0,0.012422360248447204
2022,12.18@2022-09-21,Miss Fortune,0.05584783488466208,-2.0,0.5403726708074534
2022,12.18@2022-09-21,Mordekaiser,0.032577903682719546,0.0,0.4409937888198758
2022,12.18@2022-09-21,Morgana,0.011938486442735735,0.0,0.2732919254658385
2022,12.18@2022-09-21,Nami,0.14103601780655606,0.0,0.7142857142857143
2022,12.18@2022-09-21,Nasus,0.006879805746661271,0.0,0.18633540372670807
2022,12.18@2022-09-21,Nautilus,0.45163901254552813,0.0,0.9192546583850931
2022,12.18@2022-09-21,Neeko,0.003035208417644678,0.0,0.09316770186335403
2022,12.18@2022-09-21,Nidalee,0.024686361796843383,0.0,0.391304347826087
2022,12.18@2022-09-21,Nilah,0.01942533387292594,0.0,0.34782608695652173
2022,12.18@2022-09-21,Nocturne,0.04593282072035613,-2.0,0.4906832298136646
2022,12.18@2022-09-21,Nunu & Willump,0.004046944556859571,0.0,0.11801242236024845
2022,12.18@2022-09-21,Olaf,0.0989477944152165,0.0,0.6583850931677019
2022,12.18@2022-09-21,Orianna,0.07405908539053015,0.0,0.6211180124223602
2022,12.18@2022-09-21,Ornn,0.3261837312828814,0.0,0.8757763975155279
2022,12.18@2022-09-21,Pantheon,0.02246054229057062,0.0,0.37267080745341613
2022,12.18@2022-09-21,Poppy,0.40408741400242815,0.0,0.9130434782608695
2022,12.18@2022-09-21,Pyke,0.07284500202347227,0.0,0.6086956521739131
2022,12.18@2022-09-21,Qiyana,0.010724403075677864,0.0,0.2360248447204969
2022,12.18@2022-09-21,Quinn,0.0008093889113719142,0.0,0.031055900621118012
2022,12.18@2022-09-21,Rakan,0.22885471469040874,0.0,0.8260869565217391
2022,12.18@2022-09-21,Rammus,0.0010117361392148927,0.0,0.037267080745341616
2022,12.18@2022-09-21,Rek'Sai,0.019830028328611898,0.0,0.36645962732919257
2022,12.18@2022-09-21,Rell,0.03439902873330635,0.0,0.45962732919254656
2022,12.18@2022-09-21,Renata Glasc,0.5366248482395791,0.0,0.968944099378882
2022,12.18@2022-09-21,Renekton,0.15034399028733306,0.0,0.7329192546583851
2022,12.18@2022-09-21,Rengar,0.018615944961554026,0.0,0.33540372670807456
2022,12.18@2022-09-21,Riven,0.018818292189397005,0.0,0.3416149068322981
2022,12.18@2022-09-21,Rumble,0.030149736948603803,0.0,0.422360248447205
2022,12.18@2022-09-21,Ryze,0.059490084985835696,0.0,0.5590062111801242
2022,12.18@2022-09-21,Samira,0.053824362606232294,0.0,0.5279503105590062
2022,12.18@2022-09-21,Sejuani,0.3223391339538648,0.0,0.8695652173913043
2022,12.18@2022-09-21,Senna,0.36928369081343587,0.0,0.8944099378881988
2022,12.18@2022-09-21,Seraphine,0.34743019020639415,0.0,0.8819875776397516
2022,12.18@2022-09-21,Sett,0.03885066774585188,0.0,0.4720496894409938
2022,12.18@2022-09-21,Shaco,0.0046539862403885066,0.0,0.14285714285714285
2022,12.18@2022-09-21,Shen,0.008700930797248077,0.0,0.21739130434782608
2022,12.18@2022-09-21,Shyvana,0.04896802913800081,0.0,0.5093167701863354
2022,12.18@2022-09-21,Singed,0.004856333468231485,0.0,0.15217391304347827
2022,12.18@2022-09-21,Sion,0.03783893160663699,0.0,0.4658385093167702
2022,12.18@2022-09-21,Sivir,0.2784297855119385,0.0,0.8571428571428571
2022,12.18@2022-09-21,Skarner,0.01962768110076892,0.0,0.35714285714285715
2022,12.18@2022-09-21,Sona,0.01112909753136382,0.0,0.2453416149068323
2022,12.18@2022-09-21,Soraka,0.025293403480372317,0.0,0.39751552795031053
2022,12.18@2022-09-21,Swain,0.21752326993120194,0.0,0.8074534161490683
2022,12.18@2022-09-21,Sylas,0.5169971671388102,0.0,0.9565217391304348
2022,12.18@2022-09-21,Syndra,0.03197086199919061,0.0,0.43478260869565216
2022,12.18@2022-09-21,Tahm Kench,0.21853500607041684,0.0,0.8136645962732919
2022,12.18@2022-09-21,Taliyah,0.4923108053419668,0.0,0.937888198757764
2022,12.18@2022-09-21,Talon,0.003035208417644678,0.0,0.09316770186335403
2022,12.18@2022-09-21,Taric,0.015580736543909348,0.0,0.30434782608695654
2022,12.18@2022-09-21,Teemo,0.0012140833670578712,0.0,0.043478260869565216
2022,12.18@2022-09-21,Thresh,0.026102792391744234,2.0,0.4161490683229814
2022,12.18@2022-09-21,Tristana,0.06475111290975313,0.0,0.5714285714285714
2022,12.18@2022-09-21,Trundle,0.39660056657223797,0.0,0.9006211180124224
2022,12.18@2022-09-21,Tryndamere,0.04067179279643869,0.0,0.4782608695652174
2022,12.18@2022-09-21,Twisted Fate,0.04775394577094294,0.0,0.5031055900621118
2022,12.18@2022-09-21,Twitch,0.13375151760420884,0.0,0.7018633540372671
2022,12.18@2022-09-21,Udyr,0.07041683528935654,-2.0,0.5900621118012422
2022,12.18@2022-09-21,Urgot,0.006677458518818292,0.0,0.18012422360248448
2022,12.18@2022-09-21,Varus,0.015985430999595304,0.0,0.3167701863354037
2022,12.18@2022-09-21,Vayne,0.011938486442735735,0.0,0.2732919254658385
2022,12.18@2022-09-21,Veigar,0.06717927964386888,0.0,0.577639751552795
2022,12.18@2022-09-21,Vel'Koz,0.007891541885876164,0.0,0.20186335403726707
2022,12.18@2022-09-21,Vex,0.05888304330230676,0.0,0.5527950310559007
2022,12.18@2022-09-21,Vi,0.17543504653986242,0.0,0.7515527950310559
2022,12.18@2022-09-21,Viego,0.4672197490894375,0.0,0.9254658385093167
2022,12.18@2022-09-21,Viktor,0.18717118575475516,0.0,0.7701863354037267
2022,12.18@2022-09-21,Vladimir,0.03419668150546337,0.0,0.453416149068323
2022,12.18@2022-09-21,Volibear,0.19081343585592878,0.0,0.782608695652174
2022,12.18@2022-09-21,Warwick,0.0006070416835289356,0.0,0.024844720496894408
2022,12.18@2022-09-21,Wukong,0.8130311614730878,0.0,1.0
2022,12.18@2022-09-21,Xayah,0.0687980574666127,0.0,0.5838509316770186
2022,12.18@2022-09-21,Xerath,0.011736139214892756,0.0,0.2577639751552795
2022,12.18@2022-09-21,Xin Zhao,0.1669364629704573,0.0,0.7391304347826086
2022,12.18@2022-09-21,Yasuo,0.07608255766895994,0.0,0.6273291925465838
2022,12.18@2022-09-21,Yone,0.1491299069202752,0.0,0.7267080745341615
2022,12.18@2022-09-21,Yorick,0.001821125050586807,0.0,0.062111801242236024
2022,12.18@2022-09-21,Yuumi,0.46944556859571024,0.0,0.9316770186335404
2022,12.18@2022-09-21,Zac,0.016390125455281263,0.0,0.32298136645962733
2022,12.18@2022-09-21,Zed,0.011736139214892756,0.0,0.2577639751552795
2022,12.18@2022-09-21,Zeri,0.660056657223796,0.0,0.9937888198757764
2022,12.18@2022-09-21,Ziggs,0.015176042088223391,0.0,0.2981366459627329
2022,12.18@2022-09-21,Zilean,0.03338729259409146,0.0,0.4472049689440994
2022,12.18@2022-09-21,Zoe,0.09854309995953056,0.0,0.6521739130434783
2022,12.18@2022-09-21,Zyra,0.004451639012545528,0.0,0.13664596273291926
2023,13.14@2023-07-19,Aatrox,0.020077007700770078,2.0,0.43788819875776397
2023,13.14@2023-07-19,Ahri,0.4801980198019802,0.0,0.9316770186335404
2023,13.14@2023-07-19,Akali,0.06105610561056106,0.0,0.6273291925465838
2023,13.14@2023-07-19,Akshan,0.007150715071507151,0.0,0.2577639751552795
2023,13.14@2023-07-19,Alistar,0.15704070407040704,0.0,0.7453416149068323
2023,13.14@2023-07-19,Amumu,0.018976897689768978,0.0,0.42857142857142855
2023,13.14@2023-07-19,Anivia,0.0008250825082508251,0.0,0.06832298136645963
2023,13.14@2023-07-19,Annie,0.4793729372937294,0.0,0.9254658385093167
2023,13.14@2023-07-19,Aphelios,0.6034103410341034,0.0,0.9751552795031055
2023,13.14@2023-07-19,Ashe,0.11771177117711772,0.0,0.7080745341614907
2023,13.14@2023-07-19,Aurelion Sol,0.021177117711771175,0.0,0.4472049689440994
2023,13.14@2023-07-19,Azir,0.28685368536853684,0.0,0.84472049689441
2023,13.14@2023-07-19,Bard,0.0016501650165016502,0.0,0.10869565217391304
2023,13.14@2023-07-19,Bel'Veth,0.03382838283828383,0.0,0.5341614906832298
2023,13.14@2023-07-19,Blitzcrank,0.16584158415841585,0.0,0.7515527950310559
2023,13.14@2023-07-19,Brand,0.000275027502750275,0.0,0.031055900621118012
2023,13.14@2023-07-19,Braum,0.17244224422442245,0.0,0.7701863354037267
2023,13.14@2023-07-19,Caitlyn,0.011001100110011002,0.0,0.3105590062111801
2023,13.14@2023-07-19,Camille,0.028877887788778877,0.0,0.4968944099378882
2023,13.14@2023-07-19,Cassiopeia,0.07068206820682069,0.0,0.6583850931677019
2023,13.14@2023-07-19,Cho'Gath,0.014301430143014302,0.0,0.36024844720496896
2023,13.14@2023-07-19,Corki,0.006875687568756876,0.0,0.2484472049689441
2023,13.14@2023-07-19,Darius,0.04372937293729373,0.0,0.577639751552795
2023,13.14@2023-07-19,Diana,0.005775577557755775,2.0,0.21739130434782608
2023,13.14@2023-07-19,Dr. Mundo,0.0019251925192519251,0.0,0.11801242236024845
2023,13.14@2023-07-19,Draven,0.13283828382838284,0.0,0.7204968944099379
2023,13.14@2023-07-19,Ekko,0.004675467546754675,0.0,0.18944099378881987
2023,13.14@2023-07-19,Elise,0.033278327832783276,0.0,0.5279503105590062
2023,13.14@2023-07-19,Evelynn,0.00055005500550055,0.0,0.046583850931677016
2023,13.14@2023-07-19,Ezreal,0.06958195819581958,0.0,0.6521739130434783
2023,13.14@2023-07-19,Fiddlesticks,0.0035753575357535755,0.0,0.16459627329192547
2023,13.14@2023-07-19,Fiora,0.09845984598459846,0.0,0.6832298136645962
2023,13.14@2023-07-19,Fizz,0.0008250825082508251,0.0,0.06832298136645963
2023,13.14@2023-07-19,Galio,0.033003300330033,0.0,0.5217391304347826
2023,13.14@2023-07-19,Gangplank,0.023377337733773377,0.0,0.4658385093167702
2023,13.14@2023-07-19,Garen,0.012376237623762377,0.0,0.33540372670807456
2023,13.14@2023-07-19,Gnar,0.21644664466446645,0.0,0.7950310559006211
2023,13.14@2023-07-19,Gragas,0.36386138613861385,0.0,0.8944099378881988
2023,13.14@2023-07-19,Graves,0.03685368536853685,0.0,0.546583850931677
2023,13.14@2023-07-19,Gwen,0.2645764576457646,0.0,0.8322981366459627
2023,13.14@2023-07-19,Hecarim,0.003025302530253025,-2.0,0.13975155279503104
2023,13.14@2023-07-19,Heimerdinger,0.04647964796479648,0.0,0.5993788819875776
2023,13.14@2023-07-19,Illaoi,0.01155115511551155,0.0,0.3198757763975155
2023,13.14@2023-07-19,Irelia,0.034103410341034104,0.0,0.5403726708074534
2023,13.14@2023-07-19,Ivern,0.14686468646864687,0.0,0.7329192546583851
2023,13.14@2023-07-19,Janna,0.011826182618261826,0.0,0.32919254658385094
2023,13.14@2023-07-19,Jarvan IV,0.06490649064906491,0.0,0.6335403726708074
2023,13.14@2023-07-19,Jax,0.33663366336633666,-2.0,0.8633540372670807
2023,13.14@2023-07-19,Jayce,0.38393839383938394,0.0,0.9006211180124224
2023,13.14@2023-07-19,Jhin,0.016776677667766776,0.0,0.40372670807453415
2023,13.14@2023-07-19,Jinx,0.27887788778877887,0.0,0.8385093167701864
2023,13.14@2023-07-19,K'Sante,0.6397139713971397,0.0,0.9937888198757764
2023,13.14@2023-07-19,Kai'Sa,0.33773377337733773,0.0,0.8695652173913043
2023,13.14@2023-07-19,Kalista,0.020077007700770078,0.0,0.43788819875776397
2023,13.14@2023-07-19,Karma,0.05033003300330033,0.0,0.6149068322981367
2023,13.14@2023-07-19,Karthus,0.027777777777777776,-1.0,0.484472049689441
2023,13.14@2023-07-19,Kassadin,0.0011001100110011,0.0,0.09316770186335403
2023,13.14@2023-07-19,Katarina,0.0008250825082508251,0.0,0.06832298136645963
2023,13.14@2023-07-19,Kayle,0.006600660066006601,0.0,0.2360248447204969
2023,13.14@2023-07-19,Kayn,0.0016501650165016502,0.0,0.10869565217391304
2023,13.14@2023-07-19,Kennen,0.17024202420242024,0.0,0.7639751552795031
2023,13.14@2023-07-19,Kha'Zix,0.1256875687568757,0.0,0.7142857142857143
2023,13.14@2023-07-19,Kindred,0.1685918591859186,-2.0,0.7577639751552795
2023,13.14@2023-07-19,Kled,0.01155115511551155,0.0,0.3198757763975155
2023,13.14@2023-07-19,Kog'Maw,0.028052805280528052,0.0,0.4906832298136646
2023,13.14@2023-07-19,LeBlanc,0.5228272827282728,0.0,0.9565217391304348
2023,13.14@2023-07-19,Lee Sin,0.1496149614961496,0.0,0.7391304347826086
2023,13.14@2023-07-19,Leona,0.0814081408140814,0.0,0.6645962732919255
2023,13.14@2023-07-19,Lillia,0.009625962596259627,0.0,0.2981366459627329
2023,13.14@2023-07-19,Lissandra,0.09763476347634764,2.0,0.6770186335403726
2023,13.14@2023-07-19,Lucian,0.3402090209020902,0.0,0.8757763975155279
2023,13.14@2023-07-19,Lulu,0.2403740374037404,0.0,0.8136645962732919
2023,13.14@2023-07-19,Lux,0.005500550055005501,0.0,0.20496894409937888
2023,13.14@2023-07-19,Malphite,0.20434543454345436,0.0,0.7888198757763976
2023,13.14@2023-07-19,Malzahar,0.0011001100110011,0.0,0.09316770186335403
2023,13.14@2023-07-19,Maokai,0.628987898789879,0.0,0.9875776397515528
2023,13.14@2023-07-19,Master Yi,0.00055005500550055,0.0,0.046583850931677016
2023,13.14@2023-07-19,Milio,0.5767326732673267,-2.0,0.968944099378882
2023,13.14@2023-07-19,Miss Fortune,0.018151815181518153,0.0,0.40993788819875776
2023,13.14@2023-07-19,Mordekaiser,0.0088008800880088,0.0,0.2732919254658385
2023,13.14@2023-07-19,Morgana,0.0022002200220022,0.0,0.12422360248447205
2023,13.14@2023-07-19,Nami,0.08828382838283828,0.0,0.6708074534161491
2023,13.14@2023-07-19,Nasus,0.006600660066006601,0.0,0.2360248447204969
2023,13.14@2023-07-19,Nautilus,0.5038503850385039,0.0,0.9503105590062112
2023,13.14@2023-07-19,Neeko,0.6196369636963697,0.0,0.9813664596273292
2023,13.14@2023-07-19,Nidalee,0.04097909790979098,0.0,0.5652173913043478
2023,13.14@2023-07-19,Nilah,0.015126512651265127,0.0,0.38198757763975155
2023,13.14@2023-07-19,Nocturne,0.13916391639163916,0.0,0.7267080745341615
2023,13.14@2023-07-19,Nunu & Willump,0.0024752475247524753,0.0,0.13043478260869565
2023,13.14@2023-07-19,Olaf,0.19664466446644666,0.0,0.782608695652174
2023,13.14@2023-07-19,Orianna,0.03822882288228823,0.0,0.5527950310559007
2023,13.14@2023-07-19,Ornn,0.18041804180418042,0.0,0.7763975155279503
2023,13.14@2023-07-19,Pantheon,0.018426842684268425,0.0,0.4161490683229814
2023,13.14@2023-07-19,Poppy,0.3586358635863586,0.0,0.8819875776397516
2023,13.14@2023-07-19,Pyke,0.0319031903190319,0.0,0.5093167701863354
2023,13.14@2023-07-19,Qiyana,0.005500550055005501,0.0,0.20496894409937888
2023,13.14@2023-07-19,Quinn,0.00935093509350935,0.0,0.2919254658385093
2023,13.14@2023-07-19,Rakan,0.5464796479647965,0.0,0.9627329192546584
2023,13.14@2023-07-19,Rek'Sai,0.03987898789878988,-2.0,0.5590062111801242
2023,13.14@2023-07-19,Rell,0.32068206820682066,-2.0,0.8571428571428571
2023,13.14@2023-07-19,Renata Glasc,0.06655665566556655,0.0,0.6428571428571429
2023,13.14@2023-07-19,Renekton,0.4012651265126513,0.0,0.906832298136646
2023,13.14@2023-07-19,Rengar,0.014576457645764576,-2.0,0.3695652173913043
2023,13.14@2023-07-19,Riven,0.006600660066006601,0.0,0.2360248447204969
2023,13.14@2023-07-19,Rumble,0.10946094609460946,0.0,0.6956521739130435
2023,13.14@2023-07-19,Ryze,0.014576457645764576,0.0,0.3695652173913043
2023,13.14@2023-07-19,Samira,0.025027502750275026,0.0,0.4720496894409938
2023,13.14@2023-07-19,Sejuani,0.4606710671067107,0.0,0.9192546583850931
2023,13.14@2023-07-19,Senna,0.015126512651265127,0.0,0.38198757763975155
2023,13.14@2023-07-19,Seraphine,0.02942794279427943,0.0,0.5031055900621118
2023,13.14@2023-07-19,Sett,0.009075907590759076,0.0,0.2826086956521739
2023,13.14@2023-07-19,Shaco,0.0035753575357535755,2.0,0.16459627329192547
2023,13.14@2023-07-19,Shen,0.0008250825082508251,0.0,0.06832298136645963
2023,13.14@2023-07-19,Shyvana,0.0,2.0,0.012422360248447204
2023,13.14@2023-07-19,Sion,0.24312431243124313,0.0,0.8198757763975155
2023,13.14@2023-07-19,Sivir,0.015676567656765675,0.0,0.391304347826087
2023,13.14@2023-07-19,Skarner,0.0033003300330033004,0.0,0.15217391304347827
2023,13.14@2023-07-19,Sona,0.005500550055005501,0.0,0.20496894409937888
2023,13.14@2023-07-19,Soraka,0.016226622662266228,0.0,0.39751552795031053
2023,13.14@2023-07-19,Swain,0.032453245324532455,0.0,0.515527950310559
2023,13.14@2023-07-19,Sylas,0.11413641364136413,0.0,0.7018633540372671
2023,13.14@2023-07-19,Syndra,0.22662266226622663,0.0,0.8012422360248447
2023,13.14@2023-07-19,Tahm Kench,0.04482948294829483,0.0,0.5838509316770186
2023,13.14@2023-07-19,Taliyah,0.04647964796479648,0.0,0.5993788819875776
2023,13.14@2023-07-19,Talon,0.0008250825082508251,0.0,0.06832298136645963
2023,13.14@2023-07-19,Taric,0.0033003300330033004,0.0,0.15217391304347827
2023,13.14@2023-07-19,Teemo,0.0,0.0,0.012422360248447204
2023,13.14@2023-07-19,Thresh,0.10148514851485149,0.0,0.6894409937888198
2023,13.14@2023-07-19,Tristana,0.3589108910891089,0.0,0.8881987577639752
2023,13.14@2023-07-19,Trundle,0.027502750275027504,0.0,0.4782608695652174
2023,13.14@2023-07-19,Tryndamere,0.0038503850385038503,0.0,0.17391304347826086
2023,13.14@2023-07-19,Twisted Fate,0.013751375137513752,0.0,0.34782608695652173
2023,13.14@2023-07-19,Twitch,0.0187018701870187,0.0,0.422360248447205
2023,13.14@2023-07-19,Udyr,0.013201320132013201,0.0,0.3416149068322981
2023,13.14@2023-07-19,Urgot,0.007150715071507151,0.0,0.2577639751552795
2023,13.14@2023-07-19,Varus,0.2290979097909791,0.0,0.8074534161490683
2023,13.14@2023-07-19,Vayne,0.004675467546754675,0.0,0.18944099378881987
2023,13.14@2023-07-19,Veigar,0.022277227722772276,0.0,0.45962732919254656
2023,13.14@2023-07-19,Vel'Koz,0.0011001100110011,0.0,0.09316770186335403
2023,13.14@2023-07-19,Vex,0.008525852585258526,0.0,0.2670807453416149
2023,13.14@2023-07-19,Vi,0.6611661166116611,0.0,1.0
2023,13.14@2023-07-19,Viego,0.264026402640264,0.0,0.8260869565217391
2023,13.14@2023-07-19,Viktor,0.05253025302530253,0.0,0.6211180124223602
2023,13.14@2023-07-19,Vladimir,0.009900990099009901,0.0,0.30434782608695654
2023,13.14@2023-07-19,Volibear,0.022002200220022004,2.0,0.453416149068323
2023,13.14@2023-07-19,Warwick,0.000275027502750275,0.0,0.031055900621118012
2023,13.14@2023-07-19,Wukong,0.4854235423542354,0.0,0.937888198757764
2023,13.14@2023-07-19,Xayah,0.5024752475247525,0.0,0.9440993788819876
2023,13.14@2023-07-19,Xerath,0.003025302530253025,0.0,0.13975155279503104
2023,13.14@2023-07-19,Xin Zhao,0.0484048404840484,0.0,0.6086956521739131
2023,13.14@2023-07-19,Yasuo,0.04565456545654566,0.0,0.5900621118012422
2023,13.14@2023-07-19,Yone,0.06655665566556655,0.0,0.6428571428571429
2023,13.14@2023-07-19,Yorick,0.0,0.0,0.012422360248447204
2023,13.14@2023-07-19,Yuumi,0.2885038503850385,0.0,0.8509316770186336
2023,13.14@2023-07-19,Zac,0.014026402640264026,0.0,0.35403726708074534
2023,13.14@2023-07-19,Zed,0.0044004400440044,0.0,0.18012422360248448
2023,13.14@2023-07-19,Zeri,0.41804180418041803,0.0,0.9130434782608695
2023,13.14@2023-07-19,Ziggs,0.04235423542354235,0.0,0.5714285714285714
2023,13.14@2023-07-19,Zilean,0.0063256325632563256,0.0,0.2236024844720497
2023,13.14@2023-07-19,Zoe,0.009075907590759076,0.0,0.2826086956521739
2023,13.14@2023-07-19,Zyra,0.000275027502750275,1.0,0.031055900621118012
2023,13.14@2023-07-21,Aatrox,0.020042757883484766,0.0,0.4276729559748428
2023,13.14@2023-07-21,Ahri,0.47006948156066275,0.0,0.9371069182389937
2023,13.14@2023-07-21,Akali,0.060929983965793695,0.0,0.6226415094339622
2023,13.14@2023-07-21,Akshan,0.007215392838054517,0.0,0.24528301886792453
2023,13.14@2023-07-21,Alistar,0.1643506146445751,0.0,0.7515723270440252
2023,13.14@2023-07-21,Amumu,0.02084446819882416,0.0,0.44339622641509435
2023,13.14@2023-07-21,Anivia,0.0008017103153393907,0.0,0.05660377358490566
2023,13.14@2023-07-21,Annie,0.4665954035275254,0.0,0.9245283018867925
2023,13.14@2023-07-21,Aphelios,0.5943345804382683,0.0,0.9748427672955975
2023,13.14@2023-07-21,Ashe,0.1296098343132015,0.0,0.710691823899371
2023,13.14@2023-07-21,Aurelion Sol,0.02057723142704436,0.0,0.4339622641509434
2023,13.14@2023-07-21,Azir,0.29770176376269375,0.0,0.8490566037735849
2023,13.14@2023-07-21,Bard,0.0016034206306787815,0.0,0.09433962264150944
2023,13.14@2023-07-21,Bel'Veth,0.034206306787814,0.0,0.5345911949685535
2023,13.14@2023-07-21,Blitzcrank,0.1643506146445751,0.0,0.7515723270440252
2023,13.14@2023-07-21,Brand,0.0002672367717797969,0.0,0.018867924528301886
2023,13.14@2023-07-21,Braum,0.17904863709246394,0.0,0.7672955974842768
2023,13.14@2023-07-21,Caitlyn,0.009887760555852484,0.0,0.2893081761006289
2023,13.14@2023-07-21,Camille,0.028059861036878676,0.0,0.48427672955974843
2023,13.14@2023-07-21,Cassiopeia,0.07055050774986638,0.0,0.6477987421383647
2023,13.14@2023-07-21,Cho'Gath,0.013361838588989846,0.0,0.3333333333333333
2023,13.14@2023-07-21,Corki,0.00694815606627472,0.0,0.2389937106918239
2023,13.14@2023-07-21,Darius,0.04409406734366649,0.0,0.5723270440251572
2023,13.14@2023-07-21,Diana,0.005611972207375735,0.0,0.20125786163522014
2023,13.14@2023-07-21,Dr. Mundo,0.0018706574024585784,0.0,0.10377358490566038
2023,13.14@2023-07-21,Draven,0.13575628006413681,0.0,0.7169811320754716
2023,13.14@2023-07-21,Ekko,0.004543025120256547,0.0,0.16981132075471697
2023,13.14@2023-07-21,Elise,0.03153393907001603,0.0,0.5031446540880503
2023,13.14@2023-07-21,Evelynn,0.0005344735435595938,0.0,0.03459119496855346
2023,13.14@2023-07-21,Ezreal,0.07268840192410475,0.0,0.6540880503144654
2023,13.14@2023-07-21,Fiddlesticks,0.004008551576696953,0.0,0.15723270440251572
2023,13.14@2023-07-21,Fiora,0.09593800106894709,0.0,0.6792452830188679
2023,13.14@2023-07-21,Fizz,0.0008017103153393907,0.0,0.05660377358490566
2023,13.14@2023-07-21,Galio,0.032068412613575625,0.0,0.5157232704402516
2023,13.14@2023-07-21,Gangplank,0.02351683591662213,0.0,0.4591194968553459
2023,13.14@2023-07-21,Garen,0.012025654730090861,0.0,0.3238993710691824
2023,13.14@2023-07-21,Gnar,0.21165152324959915,0.0,0.7924528301886793
2023,13.14@2023-07-21,Gragas,0.35622661678246925,0.0,0.8742138364779874
2023,13.14@2023-07-21,Graves,0.03607696419027258,0.0,0.5408805031446541
2023,13.14@2023-07-21,Gwen,0.26376269374665956,0.0,0.8238993710691824
2023,13.14@2023-07-21,Hecarim,0.002672367717797969,0.0,0.11949685534591195
2023,13.14@2023-07-21,Heimerdinger,0.04623196151790487,0.0,0.5911949685534591
2023,13.14@2023-07-21,Illaoi,0.011491181186531267,0.0,0.3081761006289308
2023,13.14@2023-07-21,Irelia,0.03260288615713522,0.0,0.5251572327044025
2023,13.14@2023-07-21,Ivern,0.16221272047033672,0.0,0.7358490566037735
2023,13.14@2023-07-21,Janna,0.011758417958311064,0.0,0.31446540880503143
2023,13.14@2023-07-21,Jarvan IV,0.06333511491181186,0.0,0.6352201257861635
2023,13.14@2023-07-21,Jax,0.3364510956707643,0.0,0.8616352201257862
2023,13.14@2023-07-21,Jayce,0.3898984500267237,0.0,0.89937106918239
2023,13.14@2023-07-21,Jhin,0.01630144307856761,0.0,0.389937106918239
2023,13.14@2023-07-21,Jinx,0.2728487439871726,0.0,0.8364779874213837
2023,13.14@2023-07-21,K'Sante,0.6336183858898985,0.0,0.9905660377358491
2023,13.14@2023-07-21,Kai'Sa,0.364510956707643,0.0,0.8805031446540881
2023,13.14@2023-07-21,Kalista,0.02084446819882416,0.0,0.44339622641509435
2023,13.14@2023-07-21,Karma,0.04836985569214324,0.0,0.610062893081761
2023,13.14@2023-07-21,Karthus,0.028059861036878676,0.0,0.48427672955974843
2023,13.14@2023-07-21,Kassadin,0.0010689470871191875,0.0,0.08176100628930817
2023,13.14@2023-07-21,Katarina,0.0010689470871191875,0.0,0.08176100628930817
2023,13.14@2023-07-21,Kayle,0.006680919294494923,0.0,0.22641509433962265
2023,13.14@2023-07-21,Kayn,0.0018706574024585784,0.0,0.10377358490566038
2023,13.14@2023-07-21,Kennen,0.1630144307856761,0.0,0.7421383647798742
2023,13.14@2023-07-21,Kha'Zix,0.12426509887760556,0.0,0.6981132075471698
2023,13.14@2023-07-21,Kindred,0.16835916622127206,0.0,0.7610062893081762
2023,13.14@2023-07-21,Kled,0.012025654730090861,0.0,0.3238993710691824
2023,13.14@2023-07-21,Kog'Maw,0.02779262426509888,0.0,0.4716981132075472
2023,13.14@2023-07-21,LeBlanc,0.5366114377338321,0.0,0.9559748427672956
2023,13.14@2023-07-21,Lee Sin,0.14831640833778728,0.0,0.7295597484276729
2023,13.14@2023-07-21,Leona,0.08337787279529664,0.0,0.660377358490566
2023,13.14@2023-07-21,Lillia,0.01042223409941208,0.0,0.29874213836477986
2023,13.14@2023-07-21,Lissandra,0.09273115980758953,0.0,0.6729559748427673
2023,13.14@2023-07-21,Lucian,0.32816675574559057,0.0,0.8553459119496856
2023,13.14@2023-07-21,Lulu,0.23196151790486372,0.0,0.8113207547169812
2023,13.14@2023-07-21,Lux,0.005077498663816141,0.0,0.18238993710691823
2023,13.14@2023-07-21,Malphite,0.1998931052912881,0.0,0.7861635220125787
2023,13.14@2023-07-21,Malzahar,0.0008017103153393907,0.0,0.05660377358490566
2023,13.14@2023-07-21,Maokai,0.6336183858898985,0.0,0.9905660377358491
2023,13.14@2023-07-21,Master Yi,0.0005344735435595938,0.0,0.03459119496855346
2023,13.14@2023-07-21,Milio,0.5686798503474078,0.0,0.9685534591194969
2023,13.14@2023-07-21,Miss Fortune,0.01897381079636558,0.0,0.41509433962264153
2023,13.14@2023-07-21,Mordekaiser,0.008818813468733297,0.0,0.2641509433962264
2023,13.14@2023-07-21,Morgana,0.002137894174238375,0.0,0.11320754716981132
2023,13.14@2023-07-21,Naafiri,0.0,-3.0,0.006289308176100629
2023,13.14@2023-07-21,Nami,0.08471405665419562,0.0,0.6666666666666666
2023,13.14@2023-07-21,Nasus,0.006680919294494923,0.0,0.22641509433962265
2023,13.14@2023-07-21,Nautilus,0.5090860502405131,0.0,0.949685534591195
2023,13.14@2023-07-21,Neeko,0.6162479957242116,0.0,0.9811320754716981
2023,13.14@2023-07-21,Nidalee,0.040619989310529125,0.0,0.559748427672956
2023,13.14@2023-07-21,Nilah,0.016568679850347406,0.0,0.39622641509433965
2023,13.14@2023-07-21,Nocturne,0.14029930518439337,0.0,0.7232704402515723
2023,13.14@2023-07-21,Nunu & Willump,0.003206841261357563,0.0,0.13522012578616352
2023,13.14@2023-07-21,Olaf,0.1902725815072154,0.0,0.779874213836478
2023,13.14@2023-07-21,Orianna,0.038214858364510954,0.0,0.5471698113207547
2023,13.14@2023-07-21,Ornn,0.18385889898450028,0.0,0.7735849056603774
2023,13.14@2023-07-21,Pantheon,0.01790486370924639,0.0,0.4025157232704403
2023,13.14@2023-07-21,Poppy,0.3719935863174773,0.0,0.8867924528301887
2023,13.14@2023-07-21,Pyke,0.03180117584179583,0.0,0.5094339622641509
2023,13.14@2023-07-21,Qiyana,0.005879208979155532,0.0,0.2138364779874214
2023,13.14@2023-07-21,Quinn,0.009620523784072688,0.0,0.2830188679245283
2023,13.14@2023-07-21,Rakan,0.5456974879743453,0.0,0.9622641509433962
2023,13.14@2023-07-21,Rek'Sai,0.04035275253874933,0.0,0.5534591194968553
2023,13.14@2023-07-21,Rell,0.346071619454837,0.0,0.8679245283018868
2023,13.14@2023-07-21,Renata Glasc,0.06253340459647247,0.0,0.6289308176100629
2023,13.14@2023-07-21,Renekton,0.41154462854088725,0.0,0.9119496855345912
2023,13.14@2023-07-21,Rengar,0.01549973276322822,0.0,0.3742138364779874
2023,13.14@2023-07-21,Riven,0.006680919294494923,0.0,0.22641509433962265
2023,13.14@2023-07-21,Rumble,0.1290753607696419,0.0,0.7044025157232704
2023,13.14@2023-07-21,Ryze,0.01469802244788883,0.0,0.3584905660377358
2023,13.14@2023-07-21,Samira,0.02672367717797969,0.0,0.46540880503144655
2023,13.14@2023-07-21,Sejuani,0.46953500801710313,0.0,0.9308176100628931
2023,13.14@2023-07-21,Senna,0.015232495991448424,0.0,0.36477987421383645
2023,13.14@2023-07-21,Seraphine,0.02939604489577766,0.0,0.4968553459119497
2023,13.14@2023-07-21,Sett,0.009086050240513094,0.0,0.27044025157232704
2023,13.14@2023-07-21,Shaco,0.0037413148049171567,0.0,0.14779874213836477
2023,13.14@2023-07-21,Shen,0.0008017103153393907,0.0,0.05660377358490566
2023,13.14@2023-07-21,Sion,0.23677177979690006,0.0,0.8176100628930818
2023,13.14@2023-07-21,Sivir,0.016034206306787813,0.0,0.3836477987421384
2023,13.14@2023-07-21,Skarner,0.003206841261357563,0.0,0.13522012578616352
2023,13.14@2023-07-21,Sona,0.005344735435595938,0.0,0.18867924528301888
2023,13.14@2023-07-21,Soraka,0.01549973276322822,0.0,0.3742138364779874
2023,13.14@2023-07-21,Swain,0.03260288615713522,0.0,0.5251572327044025
2023,13.14@2023-07-21,Sylas,0.1130411544628541,0.0,0.6918238993710691
2023,13.14@2023-07-21,Syndra,0.22822020309994656,0.0,0.8050314465408805
2023,13.14@2023-07-21,Tahm Kench,0.043826830571886695,0.0,0.5660377358490566
2023,13.14@2023-07-21,Taliyah,0.04489577765900588,0.0,0.5849056603773585
2023,13.14@2023-07-21,Talon,0.0008017103153393907,0.0,0.05660377358490566
2023,13.14@2023-07-21,Taric,0.0037413148049171567,0.0,0.14779874213836477
2023,13.14@2023-07-21,Thresh,0.09673971138428648,0.0,0.6855345911949685
2023,13.14@2023-07-21,Tristana,0.3794762159273116,0.0,0.8930817610062893
2023,13.14@2023-07-21,Trundle,0.028059861036878676,0.0,0.48427672955974843
2023,13.14@2023-07-21,Tryndamere,0.004543025120256547,0.0,0.16981132075471697
2023,13.14@2023-07-21,Twisted Fate,0.014163548904329236,0.0,0.3522012578616352
2023,13.14@2023-07-21,Twitch,0.018439337252805985,0.0,0.4088050314465409
2023,13.14@2023-07-21,Udyr,0.013629075360769643,0.0,0.33962264150943394
2023,13.14@2023-07-21,Urgot,0.008284339925173703,0.0,0.25471698113207547
2023,13.14@2023-07-21,Varus,0.2260823089257082,0.0,0.7987421383647799
2023,13.14@2023-07-21,Vayne,0.005611972207375735,0.0,0.20125786163522014
2023,13.14@2023-07-21,Veigar,0.019241047568145375,0.0,0.42138364779874216
2023,13.14@2023-07-21,Vel'Koz,0.0010689470871191875,0.0,0.08176100628930817
2023,13.14@2023-07-21,Vex,0.008284339925173703,0.0,0.25471698113207547
2023,13.14@2023-07-21,Vi,0.6459112773917691,0.0,1.0
2023,13.14@2023-07-21,Viego,0.2642971672902191,0.0,0.8301886792452831
2023,13.14@2023-07-21,Viktor,0.05371459112773918,0.0,0.6163522012578616
2023,13.14@2023-07-21,Vladimir,0.00935328701229289,0.0,0.27672955974842767
2023,13.14@2023-07-21,Volibear,0.021378941742383754,0.0,0.4528301886792453
2023,13.14@2023-07-21,Warwick,0.0002672367717797969,0.0,0.018867924528301886
2023,13.14@2023-07-21,Wukong,0.4660609299839658,0.0,0.9182389937106918
2023,13.14@2023-07-21,Xayah,0.5061464457509354,0.0,0.9433962264150944
2023,13.14@2023-07-21,Xerath,0.002939604489577766,0.0,0.12578616352201258
2023,13.14@2023-07-21,Xin Zhao,0.04676643506146446,0.0,0.5974842767295597
2023,13.14@2023-07-21,Yasuo,0.04756814537680385,0.0,0.6037735849056604
2023,13.14@2023-07-21,Yone,0.0686798503474078,0.0,0.6415094339622641
2023,13.14@2023-07-21,Yuumi,0.28033137359700694,0.0,0.8427672955974843
2023,13.14@2023-07-21,Zac,0.01389631213254944,0.0,0.34591194968553457
2023,13.14@2023-07-21,Zed,0.004543025120256547,0.0,0.16981132075471697
2023,13.14@2023-07-21,Zeri,0.4011223944414751,0.0,0.9056603773584906
2023,13.14@2023-07-21,Ziggs,0.04436130411544629,0.0,0.5786163522012578
2023,13.14@2023-07-21,Zilean,0.005611972207375735,0.0,0.20125786163522014
2023,13.14@2023-07-21,Zoe,0.01042223409941208,0.0,0.29874213836477986
2023,13.14@2023-07-21,Zyra,0.0002672367717797969,0.0,0.018867924528301886
2023,13.15@2023-08-02,Aatrox,0.042867522402518767,-1.0,0.5864197530864198
2023,13.15@2023-08-02,Ahri,0.43472995882780335,0.0,0.9074074074074074
2023,13.15@2023-08-02,Akali,0.05957859045773795,0.0,0.6358024691358025
2023,13.15@2023-08-02,Akshan,0.00871881811576653,0.0,0.2839506172839506
2023,13.15@2023-08-02,Alistar,0.21094696052312908,0.0,0.808641975308642
2023,13.15@2023-08-02,Amumu,0.026398643739404214,0.0,0.4691358024691358
2023,13.15@2023-08-02,Anivia,0.0009687575684185032,0.0,0.09259259259259259
2023,13.15@2023-08-02,Annie,0.4221361104383628,0.0,0.8888888888888888
2023,13.15@2023-08-02,Aphelios,0.561152821506418,0.0,0.9691358024691358
2023,13.15@2023-08-02,Ashe,0.14579801404698475,0.0,0.7283950617283951
2023,13.15@2023-08-02,Aurelion Sol,0.018406393799951563,0.0,0.4166666666666667
2023,13.15@2023-08-02,Azir,0.34172923225962704,0.0,0.8641975308641975
2023,13.15@2023-08-02,Bard,0.0016953257447323807,0.0,0.12654320987654322
2023,13.15@2023-08-02,Bel'Veth,0.03124243158149673,0.0,0.5123456790123457
2023,13.15@2023-08-02,Blitzcrank,0.1489464761443449,0.0,0.7345679012345679
2023,13.15@2023-08-02,Brand,0.0002421893921046258,0.0,0.030864197530864196
2023,13.15@2023-08-02,Braum,0.19350932429159604,0.0,0.7654320987654321
2023,13.15@2023-08-02,Caitlyn,0.005328166626301768,2.0,0.19753086419753085
2023,13.15@2023-08-02,Camille,0.024461128602567207,2.0,0.4567901234567901
2023,13.15@2023-08-02,Cassiopeia,0.06321143133930734,0.0,0.6419753086419753
2023,13.15@2023-08-02,Cho'Gath,0.011867280213126665,0.0,0.33641975308641975
2023,13.15@2023-08-02,Corki,0.007023492371034149,0.0,0.25925925925925924
2023,13.15@2023-08-02,Darius,0.04335190118672802,0.0,0.5987654320987654
2023,13.15@2023-08-02,Diana,0.005570356018406394,0.0,0.20679012345679013
2023,13.15@2023-08-02,Dr. Mundo,0.001453136352627755,0.0,0.1111111111111111
2023,13.15@2023-08-02,Draven,0.13078227173649795,0.0,0.7098765432098766
2023,13.15@2023-08-02,Ekko,0.004117219665778639,0.0,0.16666666666666666
2023,13.15@2023-08-02,Elise,0.02494550738677646,0.0,0.46296296296296297
2023,13.15@2023-08-02,Evelynn,0.0004843787842092516,0.0,0.05555555555555555
2023,13.15@2023-08-02,Ezreal,0.08549285541293292,0.0,0.6790123456790124
2023,13.15@2023-08-02,Fiddlesticks,0.004117219665778639,0.0,0.16666666666666666
2023,13.15@2023-08-02,Fiora,0.0862194235892468,0.0,0.6851851851851852
2023,13.15@2023-08-02,Fizz,0.0007265681763138775,0.0,0.07716049382716049
2023,13.15@2023-08-02,Galio,0.026883022523613465,0.0,0.48148148148148145
2023,13.15@2023-08-02,Gangplank,0.02664083313150884,0.0,0.47530864197530864
2023,13.15@2023-08-02,Garen,0.013562605957859046,0.0,0.36419753086419754
2023,13.15@2023-08-02,Gnar,0.20368127875999031,0.0,0.7901234567901234
2023,13.15@2023-08-02,Gragas,0.30806490675708403,0.0,0.8580246913580247
2023,13.15@2023-08-02,Graves,0.033179946718333735,0.0,0.5370370370370371
2023,13.15@2023-08-02,Gwen,0.24340033906514894,2.0,0.8333333333333334
2023,13.15@2023-08-02,Hecarim,0.0021797045289416324,0.0,0.13580246913580246
2023,13.15@2023-08-02,Heimerdinger,0.0431097117946234,0.0,0.5925925925925926
2023,13.15@2023-08-02,Illaoi,0.011140712036812788,0.0,0.3271604938271605
2023,13.15@2023-08-02,Irelia,0.03148462097360136,0.0,0.5185185185185185
2023,13.15@2023-08-02,Ivern,0.20295471058367642,-2.0,0.7839506172839507
2023,13.15@2023-08-02,Janna,0.010656333252603536,0.0,0.32098765432098764
2023,13.15@2023-08-02,Jarvan IV,0.05279728747880843,0.0,0.6296296296296297
2023,13.15@2023-08-02,Jax,0.3669169290385081,0.0,0.8765432098765432
2023,13.15@2023-08-02,Jayce,0.4327924436909663,0.0,0.9012345679012346
2023,13.15@2023-08-02,Jhin,0.014289174134172923,0.0,0.3765432098765432
2023,13.15@2023-08-02,Jinx,0.2279002179704529,0.0,0.8240740740740741
2023,13.15@2023-08-02,K'Sante,0.6066844272220877,0.0,0.9876543209876543
2023,13.15@2023-08-02,Kai'Sa,0.4606442237829983,-2.0,0.9320987654320988
2023,13.15@2023-08-02,Kalista,0.02325018164204408,0.0,0.4506172839506173
2023,13.15@2023-08-02,Karma,0.04528941632356503,0.0,0.6049382716049383
2023,13.15@2023-08-02,Karthus,0.02954710583676435,0.0,0.5
2023,13.15@2023-08-02,Kassadin,0.001453136352627755,2.0,0.1111111111111111
2023,13.15@2023-08-02,Katarina,0.0009687575684185032,0.0,0.09259259259259259
2023,13.15@2023-08-02,Kayle,0.006054734802615646,0.0,0.2345679012345679
2023,13.15@2023-08-02,Kayn,0.0016953257447323807,0.0,0.12654320987654322
2023,13.15@2023-08-02,Kennen,0.14289174134172924,0.0,0.7222222222222222
2023,13.15@2023-08-02,Kha'Zix,0.11964155969968515,0.0,0.7037037037037037
2023,13.15@2023-08-02,Kindred,0.16372002906272706,0.0,0.75
2023,13.15@2023-08-02,Kled,0.009687575684185032,0.0,0.30246913580246915
2023,13.15@2023-08-02,Kog'Maw,0.030031484620973603,0.0,0.5061728395061729
2023,13.15@2023-08-02,LeBlanc,0.5868248970695084,0.0,0.9753086419753086
2023,13.15@2023-08-02,Lee Sin,0.1397432792443691,0.0,0.7160493827160493
2023,13.15@2023-08-02,Leona,0.09227415839186244,0.0,0.691358024691358
2023,13.15@2023-08-02,Lillia,0.017195446839428433,0.0,0.4074074074074074
2023,13.15@2023-08-02,Lissandra,0.07289900702349238,0.0,0.6604938271604939
2023,13.15@2023-08-02,Lucian,0.2954710583676435,0.0,0.8518518518518519
2023,13.15@2023-08-02,Lulu,0.1978687333494793,0.0,0.7777777777777778
2023,13.15@2023-08-02,Lux,0.004117219665778639,0.0,0.16666666666666666
2023,13.15@2023-08-02,Malphite,0.17268103657059822,0.0,0.7592592592592593
2023,13.15@2023-08-02,Malzahar,0.0004843787842092516,0.0,0.05555555555555555
2023,13.15@2023-08-02,Maokai,0.66020828287721,-1.0,1.0
2023,13.15@2023-08-02,Master Yi,0.0004843787842092516,0.0,0.05555555555555555
2023,13.15@2023-08-02,Milio,0.5333010414143861,0.0,0.9506172839506173
2023,13.15@2023-08-02,Miss Fortune,0.019375151368370064,0.0,0.43209876543209874
2023,13.15@2023-08-02,Mordekaiser,0.00871881811576653,0.0,0.2839506172839506
2023,13.15@2023-08-02,Morgana,0.001453136352627755,0.0,0.1111111111111111
2023,13.15@2023-08-02,Naafiri,0.0,0.0,0.012345679012345678
2023,13.15@2023-08-02,Nami,0.07265681763138775,2.0,0.654320987654321
2023,13.15@2023-08-02,Nasus,0.006296924194720271,0.0,0.24074074074074073
2023,13.15@2023-08-02,Nautilus,0.5214337612012594,0.0,0.9444444444444444
2023,13.15@2023-08-02,Neeko,0.6151610559457495,0.0,0.9938271604938271
2023,13.15@2023-08-02,Nidalee,0.039719060305158635,0.0,0.5617283950617284
2023,13.15@2023-08-02,Nilah,0.01913296197626544,0.0,0.42592592592592593
2023,13.15@2023-08-02,Nocturne,0.15524340033906514,0.0,0.7407407407407407
2023,13.15@2023-08-02,Nunu & Willump,0.0031484620973601355,0.0,0.1419753086419753
2023,13.15@2023-08-02,Olaf,0.16372002906272706,0.0,0.75
2023,13.15@2023-08-02,Orianna,0.03511746185517074,0.0,0.5432098765432098
2023,13.15@2023-08-02,Ornn,0.1971421651731654,0.0,0.7716049382716049
2023,13.15@2023-08-02,Pantheon,0.015984499878905305,0.0,0.4012345679012346
2023,13.15@2023-08-02,Poppy,0.4320658755146525,0.0,0.8950617283950617
2023,13.15@2023-08-02,Pyke,0.028578348268345845,0.0,0.49074074074074076
2023,13.15@2023-08-02,Qiyana,0.00581254541051102,0.0,0.2222222222222222
2023,13.15@2023-08-02,Quinn,0.01041414386049891,0.0,0.3148148148148148
2023,13.15@2023-08-02,Rakan,0.5550980867038023,0.0,0.9629629629629629
2023,13.15@2023-08-02,Rek'Sai,0.04044562848147251,0.0,0.5740740740740741
2023,13.15@2023-08-02,Rell,0.4381206103172681,1.0,0.9135802469135802
2023,13.15@2023-08-02,Renata Glasc,0.04771131024461129,0.0,0.6141975308641975
2023,13.15@2023-08-02,Renekton,0.4577379510777428,0.0,0.9259259259259259
2023,13.15@2023-08-02,Rengar,0.015257931702591427,0.0,0.39197530864197533
2023,13.15@2023-08-02,Riven,0.006781302978929523,0.0,0.25
2023,13.15@2023-08-02,Rumble,0.20416565754419957,0.0,0.7962962962962963
2023,13.15@2023-08-02,Ryze,0.014289174134172923,0.0,0.3765432098765432
2023,13.15@2023-08-02,Samira,0.03245337854201986,0.0,0.5308641975308642
2023,13.15@2023-08-02,Sejuani,0.510050859772342,-2.0,0.9382716049382716
2023,13.15@2023-08-02,Senna,0.014289174134172923,0.0,0.3765432098765432
2023,13.15@2023-08-02,Seraphine,0.03172681036570598,0.0,0.5246913580246914
2023,13.15@2023-08-02,Sett,0.011867280213126665,0.0,0.33641975308641975
2023,13.15@2023-08-02,Shaco,0.0036328408815693874,0.0,0.15123456790123457
2023,13.15@2023-08-02,Shen,0.0007265681763138775,0.0,0.07716049382716049
2023,13.15@2023-08-02,Shyvana,0.0004843787842092516,-2.0,0.05555555555555555
2023,13.15@2023-08-02,Singed,0.0,0.0,0.012345679012345678
2023,13.15@2023-08-02,Sion,0.20949382417050133,0.0,0.8024691358024691
2023,13.15@2023-08-02,Sivir,0.019859530152579317,0.0,0.44135802469135804
2023,13.15@2023-08-02,Skarner,0.005570356018406394,0.0,0.20679012345679013
2023,13.15@2023-08-02,Sona,0.004601598449987891,0.0,0.18209876543209877
2023,13.15@2023-08-02,Soraka,0.013078227173649794,0.0,0.35185185185185186
2023,13.15@2023-08-02,Swain,0.028578348268345845,0.0,0.49074074074074076
2023,13.15@2023-08-02,Sylas,0.10656333252603536,0.0,0.6975308641975309
2023,13.15@2023-08-02,Syndra,0.21530636958101235,0.0,0.8148148148148148
2023,13.15@2023-08-02,Tahm Kench,0.03535965124727537,0.0,0.5493827160493827
2023,13.15@2023-08-02,Taliyah,0.03947687091305401,2.0,0.5555555555555556
2023,13.15@2023-08-02,Talon,0.0004843787842092516,0.0,0.05555555555555555
2023,13.15@2023-08-02,Taric,0.0036328408815693874,0.0,0.15123456790123457
2023,13.15@2023-08-02,Thresh,0.07338338580770162,0.0,0.6666666666666666
2023,13.15@2023-08-02,Tristana,0.45265197384354566,0.0,0.9197530864197531
2023,13.15@2023-08-02,Trundle,0.04141438604989101,0.0,0.5802469135802469
2023,13.15@2023-08-02,Tryndamere,0.004601598449987891,0.0,0.18209876543209877
2023,13.15@2023-08-02,Twisted Fate,0.012109469605231292,0.0,0.345679012345679
2023,13.15@2023-08-02,Twitch,0.018406393799951563,0.0,0.4166666666666667
2023,13.15@2023-08-02,Udyr,0.015257931702591427,0.0,0.39197530864197533
2023,13.15@2023-08-02,Urgot,0.006781302978929523,0.0,0.25
2023,13.15@2023-08-02,Varus,0.2279002179704529,0.0,0.8240740740740741
2023,13.15@2023-08-02,Vayne,0.007265681763138775,0.0,0.2654320987654321
2023,13.15@2023-08-02,Veigar,0.009929765076289659,0.0,0.30864197530864196
2023,13.15@2023-08-02,Vel'Koz,0.0009687575684185032,0.0,0.09259259259259259
2023,13.15@2023-08-02,Vex,0.007750060547348026,0.0,0.2716049382716049
2023,13.15@2023-08-02,Vi,0.5926374424800194,0.0,0.9814814814814815
2023,13.15@2023-08-02,Viego,0.2736740130782272,0.0,0.845679012345679
2023,13.15@2023-08-02,Viktor,0.04771131024461129,0.0,0.6141975308641975
2023,13.15@2023-08-02,Vladimir,0.009445386292080407,0.0,0.2962962962962963
2023,13.15@2023-08-02,Volibear,0.019859530152579317,0.0,0.44135802469135804
2023,13.15@2023-08-02,Warwick,0.0002421893921046258,0.0,0.030864197530864196
2023,13.15@2023-08-02,Wukong,0.39815936062000484,0.0,0.8827160493827161
2023,13.15@2023-08-02,Xayah,0.5342697989828046,0.0,0.9567901234567902
2023,13.15@2023-08-02,Xerath,0.004843787842092516,0.0,0.19135802469135801
2023,13.15@2023-08-02,Xin Zhao,0.03996124969726326,0.0,0.5679012345679012
2023,13.15@2023-08-02,Yasuo,0.04892225720513441,2.0,0.6234567901234568
2023,13.15@2023-08-02,Yone,0.08113344635504965,1.0,0.6728395061728395
2023,13.15@2023-08-02,Yorick,0.0,0.0,0.012345679012345678
2023,13.15@2023-08-02,Yuumi,0.2540566723177525,0.0,0.8395061728395061
2023,13.15@2023-08-02,Zac,0.01332041656575442,0.0,0.35802469135802467
2023,13.15@2023-08-02,Zed,0.00581254541051102,0.0,0.2222222222222222
2023,13.15@2023-08-02,Zeri,0.3485105352385566,0.0,0.8703703703703703
2023,13.15@2023-08-02,Ziggs,0.06611770404456285,0.0,0.6481481481481481
2023,13.15@2023-08-02,Zilean,0.00581254541051102,0.0,0.2222222222222222
2023,13.15@2023-08-02,Zoe,0.00871881811576653,0.0,0.2839506172839506
2023,13.15@2023-08-02,Zyra,0.0002421893921046258,0.0,0.030864197530864196
2023,13.15@2023-08-03,Aatrox,0.04628736740597879,0.0,0.5974842767295597
2023,13.15@2023-08-03,Ahri,0.43514946962391515,0.0,0.9025157232704403
2023,13.15@2023-08-03,Akali,0.059546769527483126,0.0,0.6289308176100629
2023,13.15@2023-08-03,Akshan,0.008678881388621022,0.0,0.2672955974842767
2023,13.15@2023-08-03,Alistar,0.21166827386692383,0.0,0.8050314465408805
2023,13.15@2023-08-03,Amumu,0.02651880424300868,0.0,0.46226415094339623
2023,13.15@2023-08-03,Anivia,0.0009643201542912247,0.0,0.07547169811320754
2023,13.15@2023-08-03,Annie,0.42092574734811955,0.0,0.8867924528301887
2023,13.15@2023-08-03,Aphelios,0.5578592092574735,0.0,0.9685534591194969
2023,13.15@2023-08-03,Ashe,0.14633558341369335,0.0,0.7232704402515723
2023,13.15@2023-08-03,Aurelion Sol,0.01832208293153327,0.0,0.4056603773584906
2023,13.15@2023-08-03,Azir,0.343297974927676,0.0,0.8616352201257862
2023,13.15@2023-08-03,Bard,0.0016875602700096432,0.0,0.11006289308176101
2023,13.15@2023-08-03,Bel'Veth,0.0313404050144648,0.0,0.5031446540880503
2023,13.15@2023-08-03,Blitzcrank,0.14802314368370298,0.0,0.7295597484276729
2023,13.15@2023-08-03,Brand,0.00024108003857280618,0.0,0.012578616352201259
2023,13.15@2023-08-03,Braum,0.19406943105110896,0.0,0.7610062893081762
2023,13.15@2023-08-03,Caitlyn,0.005062680810028929,0.0,0.1761006289308176
2023,13.15@2023-08-03,Camille,0.024349083895853423,0.0,0.44654088050314467
2023,13.15@2023-08-03,Cassiopeia,0.06292189006750241,0.0,0.6352201257861635
2023,13.15@2023-08-03,Cho'Gath,0.011812921890067503,0.0,0.32075471698113206
2023,13.15@2023-08-03,Corki,0.006991321118611379,0.0,0.24528301886792453
2023,13.15@2023-08-03,Darius,0.043635486981677914,0.0,0.5849056603773585
2023,13.15@2023-08-03,Diana,0.005544840887174542,0.0,0.18867924528301888
2023,13.15@2023-08-03,Dr. Mundo,0.0014464802314368371,0.0,0.09433962264150944
2023,13.15@2023-08-03,Draven,0.13066538090646093,0.0,0.7044025157232704
2023,13.15@2023-08-03,Ekko,0.004098360655737705,0.0,0.1540880503144654
2023,13.15@2023-08-03,Elise,0.02459016393442623,0.0,0.4528301886792453
2023,13.15@2023-08-03,Evelynn,0.00048216007714561236,0.0,0.03773584905660377
2023,13.15@2023-08-03,Ezreal,0.0860655737704918,0.0,0.6792452830188679
2023,13.15@2023-08-03,Fiddlesticks,0.004098360655737705,0.0,0.1540880503144654
2023,13.15@2023-08-03,Fiora,0.085824493731919,0.0,0.6729559748427673
2023,13.15@2023-08-03,Fizz,0.0007232401157184186,0.0,0.059748427672955975
2023,13.15@2023-08-03,Galio,0.026759884281581485,0.0,0.4716981132075472
2023,13.15@2023-08-03,Gangplank,0.02651880424300868,0.0,0.46226415094339623
2023,13.15@2023-08-03,Garen,0.013500482160077145,0.0,0.3522012578616352
2023,13.15@2023-08-03,Gnar,0.20419479267116683,0.0,0.7861635220125787
2023,13.15@2023-08-03,Gragas,0.30641272902603667,0.0,0.8553459119496856
2023,13.15@2023-08-03,Graves,0.03302796528447444,0.0,0.5283018867924528
2023,13.15@2023-08-03,Gwen,0.2422854387656702,0.0,0.8301886792452831
2023,13.15@2023-08-03,Hecarim,0.0021697203471552555,0.0,0.11949685534591195
2023,13.15@2023-08-03,Heimerdinger,0.0429122468659595,0.0,0.5786163522012578
2023,13.15@2023-08-03,Illaoi,0.011089681774349084,0.0,0.31446540880503143
2023,13.15@2023-08-03,Irelia,0.03182256509161042,0.0,0.5157232704402516
2023,13.15@2023-08-03,Ivern,0.20371263259402123,0.0,0.779874213836478
2023,13.15@2023-08-03,Janna,0.010848601735776278,0.0,0.3081761006289308
2023,13.15@2023-08-03,Jarvan IV,0.05279652844744455,0.0,0.6226415094339622
2023,13.15@2023-08-03,Jax,0.36837029893924783,0.0,0.8742138364779874
2023,13.15@2023-08-03,Jayce,0.43514946962391515,0.0,0.9025157232704403
2023,13.15@2023-08-03,Jhin,0.014223722275795565,0.0,0.36792452830188677
2023,13.15@2023-08-03,Jinx,0.22589199614271938,0.0,0.8176100628930818
2023,13.15@2023-08-03,K'Sante,0.6051108968177434,0.0,0.9874213836477987
2023,13.15@2023-08-03,Kai'Sa,0.4640790742526519,0.0,0.9308176100628931
2023,13.15@2023-08-03,Kalista,0.0233847637415622,0.0,0.44025157232704404
2023,13.15@2023-08-03,Karma,0.04532304725168756,0.0,0.5911949685534591
2023,13.15@2023-08-03,Karthus,0.029411764705882353,0.0,0.49056603773584906
2023,13.15@2023-08-03,Kassadin,0.0014464802314368371,0.0,0.09433962264150944
2023,13.15@2023-08-03,Katarina,0.0009643201542912247,0.0,0.07547169811320754
2023,13.15@2023-08-03,Kayle,0.006027000964320154,0.0,0.2169811320754717
2023,13.15@2023-08-03,Kayn,0.0016875602700096432,0.0,0.11006289308176101
2023,13.15@2023-08-03,Kennen,0.14223722275795564,0.0,0.7169811320754716
2023,13.15@2023-08-03,Kha'Zix,0.11933461909353905,0.0,0.6981132075471698
2023,13.15@2023-08-03,Kindred,0.16297010607521698,0.0,0.7421383647798742
2023,13.15@2023-08-03,Kled,0.009643201542912247,0.0,0.2893081761006289
2023,13.15@2023-08-03,Kog'Maw,0.03037608486017358,0.0,0.4968553459119497
2023,13.15@2023-08-03,LeBlanc,0.5875120540019286,0.0,0.9748427672955975
2023,13.15@2023-08-03,Lee Sin,0.1398264223722276,0.0,0.710691823899371
2023,13.15@2023-08-03,Leona,0.09305689488910318,0.0,0.6855345911949685
2023,13.15@2023-08-03,Lillia,0.017839922854387655,0.0,0.39622641509433965
2023,13.15@2023-08-03,Lissandra,0.07208293153326904,0.0,0.6477987421383647
2023,13.15@2023-08-03,Lucian,0.29411764705882354,0.0,0.8490566037735849
2023,13.15@2023-08-03,Lulu,0.19672131147540983,0.0,0.7672955974842768
2023,13.15@2023-08-03,Lux,0.003857280617164899,0.0,0.14150943396226415
2023,13.15@2023-08-03,Malphite,0.1726133076181292,0.0,0.7547169811320755
2023,13.15@2023-08-03,Malzahar,0.00048216007714561236,0.0,0.03773584905660377
2023,13.15@2023-08-03,Maokai,0.6620057859209257,0.0,1.0
2023,13.15@2023-08-03,Master Yi,0.00048216007714561236,0.0,0.03773584905660377
2023,13.15@2023-08-03,Milio,0.5308582449373191,0.0,0.949685534591195
2023,13.15@2023-08-03,Miss Fortune,0.0195274831243973,0.0,0.42138364779874216
2023,13.15@2023-08-03,Mordekaiser,0.009161041465766635,0.0,0.279874213836478
2023,13.15@2023-08-03,Morgana,0.0014464802314368371,0.0,0.09433962264150944
2023,13.15@2023-08-03,Nami,0.07232401157184185,0.0,0.6540880503144654
2023,13.15@2023-08-03,Nasus,0.00626808100289296,0.0,0.22641509433962265
2023,13.15@2023-08-03,Nautilus,0.5226615236258437,0.0,0.9433962264150944
2023,13.15@2023-08-03,Neeko,0.6145130183220829,0.0,0.9937106918238994
2023,13.15@2023-08-03,Nidalee,0.03953712632594021,0.0,0.559748427672956
2023,13.15@2023-08-03,Nilah,0.019045323047251688,0.0,0.41509433962264153
2023,13.15@2023-08-03,Nocturne,0.15597878495660558,0.0,0.7358490566037735
2023,13.15@2023-08-03,Nunu & Willump,0.003857280617164899,0.0,0.14150943396226415
2023,13.15@2023-08-03,Olaf,0.16393442622950818,0.0,0.7484276729559748
2023,13.15@2023-08-03,Orianna,0.0349566055930569,0.0,0.5408805031446541
2023,13.15@2023-08-03,Ornn,0.19720347155255544,0.0,0.7735849056603774
2023,13.15@2023-08-03,Pantheon,0.01591128254580521,0.0,0.389937106918239
2023,13.15@2023-08-03,Poppy,0.4339440694310511,0.0,0.8930817610062893
2023,13.15@2023-08-03,Pyke,0.02844744455159113,0.0,0.4811320754716981
2023,13.15@2023-08-03,Qiyana,0.0057859209257473485,0.0,0.20440251572327045
2023,13.15@2023-08-03,Quinn,0.010366441658630666,0.0,0.3018867924528302
2023,13.15@2023-08-03,Rakan,0.5561716489874639,0.0,0.9622641509433962
2023,13.15@2023-08-03,Rek'Sai,0.04026036644165863,0.0,0.5660377358490566
2023,13.15@2023-08-03,Rell,0.4411764705882353,0.0,0.9119496855345912
2023,13.15@2023-08-03,Renata Glasc,0.047492767598842814,0.0,0.6037735849056604
2023,13.15@2023-08-03,Renekton,0.45877531340405014,0.0,0.9245283018867925
2023,13.15@2023-08-03,Rengar,0.01518804243008679,0.0,0.3805031446540881
2023,13.15@2023-08-03,Riven,0.006750241080038573,0.0,0.2358490566037736
2023,13.15@2023-08-03,Rumble,0.2068466730954677,0.0,0.7924528301886793
2023,13.15@2023-08-03,Ryze,0.013982642237222759,0.0,0.3584905660377358
2023,13.15@2023-08-03,Samira,0.03230472516875603,0.0,0.5220125786163522
2023,13.15@2023-08-03,Sejuani,0.5122950819672131,0.0,0.9371069182389937
2023,13.15@2023-08-03,Senna,0.014223722275795565,0.0,0.36792452830188677
2023,13.15@2023-08-03,Seraphine,0.03158148505303761,0.0,0.5094339622641509
2023,13.15@2023-08-03,Sett,0.012295081967213115,0.0,0.3333333333333333
2023,13.15@2023-08-03,Shaco,0.0036162005785920926,0.0,0.1289308176100629
2023,13.15@2023-08-03,Shen,0.0007232401157184186,0.0,0.059748427672955975
2023,13.15@2023-08-03,Shyvana,0.00048216007714561236,0.0,0.03773584905660377
2023,13.15@2023-08-03,Sion,0.20853423336547733,0.0,0.7987421383647799
2023,13.15@2023-08-03,Sivir,0.020250723240115717,0.0,0.4339622641509434
2023,13.15@2023-08-03,Skarner,0.005544840887174542,0.0,0.18867924528301888
2023,13.15@2023-08-03,Sona,0.004580520732883318,0.0,0.16666666666666666
2023,13.15@2023-08-03,Soraka,0.013018322082931534,0.0,0.34276729559748426
2023,13.15@2023-08-03,Swain,0.02844744455159113,0.0,0.4811320754716981
2023,13.15@2023-08-03,Sylas,0.10728061716489874,0.0,0.6918238993710691
2023,13.15@2023-08-03,Syndra,0.21504339440694312,0.0,0.8113207547169812
2023,13.15@2023-08-03,Tahm Kench,0.03471552555448409,0.0,0.5345911949685535
2023,13.15@2023-08-03,Taliyah,0.03929604628736741,0.0,0.5534591194968553
2023,13.15@2023-08-03,Talon,0.00048216007714561236,0.0,0.03773584905660377
2023,13.15@2023-08-03,Taric,0.0036162005785920926,0.0,0.1289308176100629
2023,13.15@2023-08-03,Thresh,0.07256509161041466,0.0,0.660377358490566
2023,13.15@2023-08-03,Tristana,0.45515911282545807,0.0,0.9182389937106918
2023,13.15@2023-08-03,Trundle,0.04170684667309547,0.0,0.5723270440251572
2023,13.15@2023-08-03,Tryndamere,0.004580520732883318,0.0,0.16666666666666666
2023,13.15@2023-08-03,Twisted Fate,0.012054001928640309,0.0,0.3270440251572327
2023,13.15@2023-08-03,Twitch,0.01832208293153327,0.0,0.4056603773584906
2023,13.15@2023-08-03,Udyr,0.01518804243008679,0.0,0.3805031446540881
2023,13.15@2023-08-03,Urgot,0.006750241080038573,0.0,0.2358490566037736
2023,13.15@2023-08-03,Varus,0.22926711668273866,0.0,0.8238993710691824
2023,13.15@2023-08-03,Vayne,0.007232401157184185,0.0,0.25157232704402516
2023,13.15@2023-08-03,Veigar,0.009884281581485053,0.0,0.29559748427672955
2023,13.15@2023-08-03,Vel'Koz,0.0009643201542912247,0.0,0.07547169811320754
2023,13.15@2023-08-03,Vex,0.007714561234329798,0.0,0.2578616352201258
2023,13.15@2023-08-03,Vi,0.5913693346190936,0.0,0.9811320754716981
2023,13.15@2023-08-03,Viego,0.27555448408871747,0.0,0.8427672955974843
2023,13.15@2023-08-03,Viktor,0.04845708775313404,0.0,0.610062893081761
2023,13.15@2023-08-03,Vladimir,0.009161041465766635,0.0,0.279874213836478
2023,13.15@2023-08-03,Volibear,0.019768563162970106,0.0,0.4276729559748428
2023,13.15@2023-08-03,Warwick,0.00024108003857280618,0.0,0.012578616352201259
2023,13.15@2023-08-03,Wukong,0.3958534233365477,0.0,0.8805031446540881
2023,13.15@2023-08-03,Xayah,0.5359209257473481,0.0,0.9559748427672956
2023,13.15@2023-08-03,Xerath,0.005544840887174542,0.0,0.18867924528301888
2023,13.15@2023-08-03,Xin Zhao,0.0390549662487946,0.0,0.5471698113207547
2023,13.15@2023-08-03,Yasuo,0.04918032786885246,0.0,0.6163522012578616
2023,13.15@2023-08-03,Yone,0.08172613307618129,0.0,0.6666666666666666
2023,13.15@2023-08-03,Yuumi,0.2528929604628737,0.0,0.8364779874213837
2023,13.15@2023-08-03,Zac,0.013018322082931534,0.0,0.34276729559748426
2023,13.15@2023-08-03,Zed,0.0057859209257473485,0.0,0.20440251572327045
2023,13.15@2023-08-03,Zeri,0.3481195756991321,0.0,0.8679245283018868
2023,13.15@2023-08-03,Ziggs,0.06726133076181293,0.0,0.6415094339622641
2023,13.15@2023-08-03,Zilean,0.006027000964320154,0.0,0.2169811320754717
2023,13.15@2023-08-03,Zoe,0.008678881388621022,0.0,0.2672955974842767
2023,13.15@2023-08-03,Zyra,0.00024108003857280618,0.0,0.012578616352201259
2023,13.16@2023-08-16,Aatrox,0.09734707301030476,0.0,0.675
2023,13.16@2023-08-16,Ahri,0.4174523130892348,0.0,0.89375
2023,13.16@2023-08-16,Akali,0.05327778995834247,2.0,0.61875
2023,13.16@2023-08-16,Akshan,0.00855075641306731,0.0,0.26875
2023,13.16@2023-08-16,Alistar,0.2565226923920193,0.0,0.8375
2023,13.16@2023-08-16,Amumu,0.032010524007893004,0.0,0.51875
2023,13.16@2023-08-16,Anivia,0.0008770006577504934,0.0,0.071875
2023,13.16@2023-08-16,Annie,0.3806182854637141,0.0,0.88125
2023,13.16@2023-08-16,Aphelios,0.5099758824819118,0.0,0.925
2023,13.16@2023-08-16,Ashe,0.1521596141197106,0.0,0.73125
2023,13.16@2023-08-16,Aurelion Sol,0.015566761675071256,0.0,0.39375
2023,13.16@2023-08-16,Azir,0.38017978513483885,0.0,0.875
2023,13.16@2023-08-16,Bard,0.0021925016443762333,0.0,0.121875
2023,13.16@2023-08-16,Bel'Veth,0.030037272527954396,0.0,0.490625
2023,13.16@2023-08-16,Blitzcrank,0.13703135277351458,0.0,0.725
2023,13.16@2023-08-16,Brand,0.00021925016443762334,2.0,0.0125
2023,13.16@2023-08-16,Braum,0.20609515457136593,0.0,0.79375
2023,13.16@2023-08-16,Caitlyn,0.0035080026310019734,2.0,0.1375
2023,13.16@2023-08-16,Camille,0.023459767594825695,0.0,0.44375
2023,13.16@2023-08-16,Cassiopeia,0.061390046042534535,0.0,0.64375
2023,13.16@2023-08-16,Cho'Gath,0.011401008550756413,0.0,0.325
2023,13.16@2023-08-16,Corki,0.007673755755316817,0.0,0.2625
2023,13.16@2023-08-16,Darius,0.04099978074983556,0.0,0.5875
2023,13.16@2023-08-16,Diana,0.00460425345319009,0.0,0.175
2023,13.16@2023-08-16,Dr. Mundo,0.00131550098662574,0.0,0.09375
2023,13.16@2023-08-16,Draven,0.1267265950449463,0.0,0.7125
2023,13.16@2023-08-16,Ekko,0.0039465029598772195,2.0,0.146875
2023,13.16@2023-08-16,Elise,0.01907476430607323,0.0,0.41875
2023,13.16@2023-08-16,Evelynn,0.0004385003288752467,0.0,0.03125
2023,13.16@2023-08-16,Ezreal,0.10019732514799386,0.0,0.684375
2023,13.16@2023-08-16,Fiddlesticks,0.00526200394650296,0.0,0.18125
2023,13.16@2023-08-16,Fiora,0.08112256084192063,0.0,0.65625
2023,13.16@2023-08-16,Fizz,0.00065775049331287,0.0,0.053125
2023,13.16@2023-08-16,Galio,0.02302126726595045,0.0,0.4375
2023,13.16@2023-08-16,Gangplank,0.026748520061390047,0.0,0.45625
2023,13.16@2023-08-16,Garen,0.0131550098662574,0.0,0.35625
2023,13.16@2023-08-16,Gnar,0.19184389388292042,0.0,0.78125
2023,13.16@2023-08-16,Gragas,0.2771322078491559,0.0,0.85625
2023,13.16@2023-08-16,Graves,0.030037272527954396,0.0,0.490625
2023,13.16@2023-08-16,Gwen,0.2227581670686253,0.0,0.80625
2023,13.16@2023-08-16,Hecarim,0.00131550098662574,0.0,0.09375
2023,13.16@2023-08-16,Heimerdinger,0.03858802894102171,0.0,0.571875
2023,13.16@2023-08-16,Illaoi,0.009427757070817803,0.0,0.290625
2023,13.16@2023-08-16,Irelia,0.030475772856829644,0.0,0.5
2023,13.16@2023-08-16,Ivern,0.22889717167287876,0.0,0.8125
2023,13.16@2023-08-16,Janna,0.010304757728568297,0.0,0.30625
2023,13.16@2023-08-16,Jarvan IV,0.05525104143828108,0.0,0.625
2023,13.16@2023-08-16,Jax,0.39421179565884673,0.0,0.8875
2023,13.16@2023-08-16,Jayce,0.4748958561718921,0.0,0.90625
2023,13.16@2023-08-16,Jhin,0.013374260030695024,0.0,0.3625
2023,13.16@2023-08-16,Jinx,0.1898706424029818,0.0,0.775
2023,13.16@2023-08-16,K'Sante,0.5759701819776365,0.0,0.98125
2023,13.16@2023-08-16,Kai'Sa,0.5358474018855515,0.0,0.95
2023,13.16@2023-08-16,Kalista,0.031133523350142512,0.0,0.509375
2023,13.16@2023-08-16,Karma,0.04034203025652269,2.0,0.58125
2023,13.16@2023-08-16,Karthus,0.02762552071914054,0.0,0.4625
2023,13.16@2023-08-16,Kassadin,0.00131550098662574,0.0,0.09375
2023,13.16@2023-08-16,Katarina,0.0008770006577504934,0.0,0.071875
2023,13.16@2023-08-16,Kayle,0.005481254110940584,0.0,0.2
2023,13.16@2023-08-16,Kayn,0.0021925016443762333,0.0,0.121875
2023,13.16@2023-08-16,Kennen,0.12628809471607103,0.0,0.70625
2023,13.16@2023-08-16,Kha'Zix,0.11620258715194036,0.0,0.7
2023,13.16@2023-08-16,Kindred,0.15391361543521156,0.0,0.7375
2023,13.16@2023-08-16,Kled,0.00986625739969305,0.0,0.3
2023,13.16@2023-08-16,Kog'Maw,0.031133523350142512,0.0,0.509375
2023,13.16@2023-08-16,LeBlanc,0.6130234597675949,0.0,0.99375
2023,13.16@2023-08-16,Lee Sin,0.12913834685376013,0.0,0.71875
2023,13.16@2023-08-16,Leona,0.10019732514799386,0.0,0.684375
2023,13.16@2023-08-16,Lillia,0.02894102170576628,0.0,0.48125
2023,13.16@2023-08-16,Lissandra,0.06117079587809691,0.0,0.6375
2023,13.16@2023-08-16,Lucian,0.2661696996272747,1.0,0.84375
2023,13.16@2023-08-16,Lulu,0.1749616312212234,2.0,0.75625
2023,13.16@2023-08-16,Lux,0.005481254110940584,0.0,0.2
2023,13.16@2023-08-16,Malphite,0.16027187020390266,0.0,0.75
2023,13.16@2023-08-16,Malzahar,0.0004385003288752467,0.0,0.03125
2023,13.16@2023-08-16,Maokai,0.6985310238982679,0.0,1.0
2023,13.16@2023-08-16,Master Yi,0.00065775049331287,0.0,0.053125
2023,13.16@2023-08-16,Milio,0.4880508660381495,2.0,0.9125
2023,13.16@2023-08-16,Miss Fortune,0.019951764963823723,0.0,0.425
2023,13.16@2023-08-16,Mordekaiser,0.00920850690638018,0.0,0.28125
2023,13.16@2023-08-16,Morgana,0.0015347511510633632,0.0,0.109375
2023,13.16@2023-08-16,Naafiri,0.0,-2.0,0.00625
2023,13.16@2023-08-16,Nami,0.06445954834466126,0.0,0.65
2023,13.16@2023-08-16,Nasus,0.005481254110940584,0.0,0.2
2023,13.16@2023-08-16,Nautilus,0.5299276474457356,0.0,0.94375
2023,13.16@2023-08-16,Neeko,0.607103705327779,0.0,0.9875
2023,13.16@2023-08-16,Nidalee,0.0328875246656435,1.0,0.53125
2023,13.16@2023-08-16,Nilah,0.020828765621574215,0.0,0.43125
2023,13.16@2023-08-16,Nocturne,0.17737338303003727,0.0,0.7625
2023,13.16@2023-08-16,Nunu & Willump,0.0039465029598772195,0.0,0.146875
2023,13.16@2023-08-16,Olaf,0.15544836658627495,0.0,0.74375
2023,13.16@2023-08-16,Orianna,0.034641525981144485,0.0,0.5375
2023,13.16@2023-08-16,Ornn,0.20324490243367682,0.0,0.7875
2023,13.16@2023-08-16,Pantheon,0.01644376233282175,0.0,0.4
2023,13.16@2023-08-16,Poppy,0.4709493532120149,0.0,0.9
2023,13.16@2023-08-16,Pyke,0.02850252137689103,0.0,0.475
2023,13.16@2023-08-16,Qiyana,0.005481254110940584,0.0,0.2
2023,13.16@2023-08-16,Quinn,0.009427757070817803,0.0,0.290625
2023,13.16@2023-08-16,Rakan,0.5755316816487612,0.0,0.975
2023,13.16@2023-08-16,Rek'Sai,0.03771102828327121,-2.0,0.55625
2023,13.16@2023-08-16,Rell,0.514580135935102,0.0,0.934375
2023,13.16@2023-08-16,Renata Glasc,0.043192282394211794,0.0,0.59375
2023,13.16@2023-08-16,Renekton,0.5005481254110941,0.0,0.91875
2023,13.16@2023-08-16,Rengar,0.014251260688445516,0.0,0.371875
2023,13.16@2023-08-16,Riven,0.006358254768691077,0.0,0.240625
2023,13.16@2023-08-16,Rumble,0.2534531900898926,0.0,0.83125
2023,13.16@2023-08-16,Ryze,0.01249725937294453,0.0,0.34375
2023,13.16@2023-08-16,Samira,0.03551852663889498,0.0,0.546875
2023,13.16@2023-08-16,Sejuani,0.5689541767156325,0.0,0.9625
2023,13.16@2023-08-16,Senna,0.014251260688445516,0.0,0.371875
2023,13.16@2023-08-16,Seraphine,0.03551852663889498,0.0,0.546875
2023,13.16@2023-08-16,Sett,0.012278009208506906,0.0,0.33125
2023,13.16@2023-08-16,Shaco,0.00328875246656435,-2.0,0.13125
2023,13.16@2023-08-16,Shen,0.0008770006577504934,0.0,0.071875
2023,13.16@2023-08-16,Shyvana,0.0015347511510633632,-2.0,0.109375
2023,13.16@2023-08-16,Sion,0.18723964042973032,0.0,0.76875
2023,13.16@2023-08-16,Sivir,0.03858802894102171,0.0,0.571875
2023,13.16@2023-08-16,Skarner,0.006139004604253453,0.0,0.23125
2023,13.16@2023-08-16,Sona,0.0043850032887524665,0.0,0.165625
2023,13.16@2023-08-16,Soraka,0.01249725937294453,0.0,0.34375
2023,13.16@2023-08-16,Swain,0.023898267923700943,0.0,0.45
2023,13.16@2023-08-16,Sylas,0.1034860776145582,1.0,0.69375
2023,13.16@2023-08-16,Syndra,0.20806840605130453,0.0,0.8
2023,13.16@2023-08-16,Tahm Kench,0.028064021048015787,0.0,0.46875
2023,13.16@2023-08-16,Taliyah,0.03836877877658408,0.0,0.5625
2023,13.16@2023-08-16,Talon,0.0004385003288752467,0.0,0.03125
2023,13.16@2023-08-16,Taric,0.0043850032887524665,0.0,0.165625
2023,13.16@2023-08-16,Thresh,0.05568954176715633,0.0,0.63125
2023,13.16@2023-08-16,Tristana,0.514580135935102,0.0,0.934375
2023,13.16@2023-08-16,Trundle,0.05283928962946722,0.0,0.6125
2023,13.16@2023-08-16,Tryndamere,0.0041657531243148435,0.0,0.15625
2023,13.16@2023-08-16,Twisted Fate,0.010962508221881167,0.0,0.3125
2023,13.16@2023-08-16,Twitch,0.017540013155009866,0.0,0.4125
2023,13.16@2023-08-16,Udyr,0.01447051085288314,0.0,0.384375
2023,13.16@2023-08-16,Urgot,0.006796755097566323,0.0,0.25
2023,13.16@2023-08-16,Varus,0.24183293137469852,0.0,0.825
2023,13.16@2023-08-16,Vayne,0.006358254768691077,0.0,0.240625
2023,13.16@2023-08-16,Veigar,0.008989256741942557,0.0,0.275
2023,13.16@2023-08-16,Vel'Koz,0.0008770006577504934,0.0,0.071875
2023,13.16@2023-08-16,Vex,0.00591975443981583,0.0,0.225
2023,13.16@2023-08-16,Vi,0.5498794124095593,0.0,0.95625
2023,13.16@2023-08-16,Viego,0.2712124534093401,0.0,0.85
2023,13.16@2023-08-16,Viktor,0.04735803551852664,0.0,0.6
2023,13.16@2023-08-16,Vladimir,0.00723525542644157,0.0,0.25625
2023,13.16@2023-08-16,Volibear,0.017320762990572242,0.0,0.40625
2023,13.16@2023-08-16,Warwick,0.0004385003288752467,0.0,0.03125
2023,13.16@2023-08-16,Wukong,0.3488270116202587,2.0,0.86875
2023,13.16@2023-08-16,Xayah,0.5720236790177593,0.0,0.96875
2023,13.16@2023-08-16,Xerath,0.01249725937294453,0.0,0.34375
2023,13.16@2023-08-16,Xin Zhao,0.03244902433676825,0.0,0.525
2023,13.16@2023-08-16,Yasuo,0.047796535847401886,0.0,0.60625
2023,13.16@2023-08-16,Yone,0.0920850690638018,0.0,0.66875
2023,13.16@2023-08-16,Yuumi,0.22999342249506688,0.0,0.81875
2023,13.16@2023-08-16,Zac,0.01447051085288314,0.0,0.384375
2023,13.16@2023-08-16,Zed,0.005700504275378207,0.0,0.21875
2023,13.16@2023-08-16,Zeri,0.33852225389169044,0.0,0.8625
2023,13.16@2023-08-16,Ziggs,0.08550756413067309,0.0,0.6625
2023,13.16@2023-08-16,Zilean,0.005481254110940584,0.0,0.2
2023,13.16@2023-08-16,Zoe,0.01118175838631879,0.0,0.31875
2023,13.16@2023-08-16,Zyra,0.0004385003288752467,0.0,0.03125
2023,13.17@2023-08-30,Aatrox,0.11087144089732529,0.0,0.7067901234567902
2023,13.17@2023-08-30,Ahri,0.4055220017256255,0.0,0.8827160493827161
2023,13.17@2023-08-30,Akali,0.05306298533218291,0.0,0.6234567901234568
2023,13.17@2023-08-30,Akshan,0.008628127696289905,0.0,0.2777777777777778
2023,13.17@2023-08-30,Alistar,0.2931406384814495,0.0,0.8580246913580247
2023,13.17@2023-08-30,Amumu,0.034296807592752374,0.0,0.5308641975308642
2023,13.17@2023-08-30,Anivia,0.0008628127696289905,0.0,0.07407407407407407
2023,13.17@2023-08-30,Annie,0.35353753235547886,0.0,0.8765432098765432
2023,13.17@2023-08-30,Aphelios,0.48792062122519414,0.0,0.9074074074074074
2023,13.17@2023-08-30,Ashe,0.1507765314926661,0.0,0.7345679012345679
2023,13.17@2023-08-30,Aurelion Sol,0.014236410698878344,0.0,0.38580246913580246
2023,13.17@2023-08-30,Azir,0.4115616911130285,0.0,0.8888888888888888
2023,13.17@2023-08-30,Bard,0.0021570319240724763,0.0,0.13271604938271606
2023,13.17@2023-08-30,Bel'Veth,0.026962899050905955,0.0,0.4783950617283951
2023,13.17@2023-08-30,Blitzcrank,0.13050043140638481,0.0,0.7283950617283951
2023,13.17@2023-08-30,Brand,0.00021570319240724764,0.0,0.012345679012345678
2023,13.17@2023-08-30,Braum,0.2088006902502157,0.0,0.8024691358024691
2023,13.17@2023-08-30,Caitlyn,0.004098360655737705,0.0,0.16666666666666666
2023,13.17@2023-08-30,Camille,0.024805867126833477,0.0,0.4691358024691358
2023,13.17@2023-08-30,Cassiopeia,0.0593183779119931,0.0,0.6481481481481481
2023,13.17@2023-08-30,Cho'Gath,0.010353753235547885,0.0,0.3148148148148148
2023,13.17@2023-08-30,Corki,0.00819672131147541,0.0,0.2716049382716049
2023,13.17@2023-08-30,Darius,0.04141501294219154,0.0,0.5802469135802469
2023,13.17@2023-08-30,Diana,0.004098360655737705,0.0,0.16666666666666666
2023,13.17@2023-08-30,Dr. Mundo,0.0010785159620362382,0.0,0.09567901234567901
2023,13.17@2023-08-30,Draven,0.12877480586712683,0.0,0.7222222222222222
2023,13.17@2023-08-30,Ekko,0.003882657463330457,0.0,0.15123456790123457
2023,13.17@2023-08-30,Elise,0.016177739430543573,2.0,0.4074074074074074
2023,13.17@2023-08-30,Evelynn,0.0006471095772217428,0.0,0.05246913580246913
2023,13.17@2023-08-30,Ezreal,0.10289042277825712,0.0,0.691358024691358
2023,13.17@2023-08-30,Fiddlesticks,0.005176876617773943,0.0,0.2006172839506173
2023,13.17@2023-08-30,Fiora,0.07937877480586712,0.0,0.6604938271604939
2023,13.17@2023-08-30,Fizz,0.0006471095772217428,0.0,0.05246913580246913
2023,13.17@2023-08-30,Galio,0.021570319240724764,0.0,0.4506172839506173
2023,13.17@2023-08-30,Gangplank,0.028041415012942193,0.0,0.49382716049382713
2023,13.17@2023-08-30,Garen,0.012942191544434857,0.0,0.36419753086419754
2023,13.17@2023-08-30,Gnar,0.19305435720448663,2.0,0.7777777777777778
2023,13.17@2023-08-30,Gragas,0.2573339085418464,0.0,0.8395061728395061
2023,13.17@2023-08-30,Graves,0.029767040552200173,0.0,0.5061728395061729
2023,13.17@2023-08-30,Gwen,0.2133304572907679,0.0,0.808641975308642
2023,13.17@2023-08-30,Hecarim,0.0010785159620362382,0.0,0.09567901234567901
2023,13.17@2023-08-30,Heimerdinger,0.037748058671268334,0.0,0.5740740740740741
2023,13.17@2023-08-30,Illaoi,0.006255392579810181,0.0,0.25
2023,13.17@2023-08-30,Irelia,0.02998274374460742,0.0,0.5154320987654321
2023,13.17@2023-08-30,Ivern,0.24460742018981882,0.0,0.8209876543209876
2023,13.17@2023-08-30,Janna,0.0090595340811044,0.0,0.2993827160493827
2023,13.17@2023-08-30,Jarvan IV,0.05651423641069888,0.0,0.6327160493827161
2023,13.17@2023-08-30,Jax,0.41458153580672996,0.0,0.8950617283950617
2023,13.17@2023-08-30,Jayce,0.49029335634167387,0.0,0.9197530864197531
2023,13.17@2023-08-30,Jhin,0.013157894736842105,0.0,0.37037037037037035
2023,13.17@2023-08-30,Jinx,0.1635030198446937,0.0,0.7654320987654321
2023,13.17@2023-08-30,K'Sante,0.5573770491803278,0.0,0.9567901234567902
2023,13.17@2023-08-30,Kai'Sa,0.5681622088006902,0.0,0.9629629629629629
2023,13.17@2023-08-30,Kalista,0.036022433132010354,0.0,0.5617283950617284
2023,13.17@2023-08-30,Karma,0.03537532355478861,0.0,0.5524691358024691
2023,13.17@2023-08-30,Karthus,0.026962899050905955,0.0,0.4783950617283951
2023,13.17@2023-08-30,Kassadin,0.0012942191544434857,0.0,0.1111111111111111
2023,13.17@2023-08-30,Katarina,0.0008628127696289905,0.0,0.07407407407407407
2023,13.17@2023-08-30,Kayle,0.005392579810181191,0.0,0.2191358024691358
2023,13.17@2023-08-30,Kayn,0.0021570319240724763,-2.0,0.13271604938271606
2023,13.17@2023-08-30,Kennen,0.11087144089732529,0.0,0.7067901234567902
2023,13.17@2023-08-30,Kha'Zix,0.11044003451251079,-1.0,0.6975308641975309
2023,13.17@2023-08-30,Kindred,0.15163934426229508,-2.0,0.7407407407407407
2023,13.17@2023-08-30,Kled,0.012295081967213115,0.0,0.3487654320987654
2023,13.17@2023-08-30,Kog'Maw,0.03084555651423641,0.0,0.5246913580246914
2023,13.17@2023-08-30,LeBlanc,0.633304572907679,0.0,0.9938271604938271
2023,13.17@2023-08-30,Lee Sin,0.12079378774805867,0.0,0.7160493827160493
2023,13.17@2023-08-30,Leona,0.10094909404659189,0.0,0.6790123456790124
2023,13.17@2023-08-30,Lillia,0.02998274374460742,0.0,0.5154320987654321
2023,13.17@2023-08-30,Lissandra,0.051121656600517686,0.0,0.6172839506172839
2023,13.17@2023-08-30,Lucian,0.24849007765314926,0.0,0.8333333333333334
2023,13.17@2023-08-30,Lulu,0.1589732528041415,0.0,0.7592592592592593
2023,13.17@2023-08-30,Lux,0.005392579810181191,1.0,0.2191358024691358
2023,13.17@2023-08-30,Malphite,0.15422778257118205,0.0,0.7530864197530864
2023,13.17@2023-08-30,Malzahar,0.0004314063848144953,0.0,0.030864197530864196
2023,13.17@2023-08-30,Maokai,0.7088006902502157,0.0,1.0
2023,13.17@2023-08-30,Master Yi,0.0006471095772217428,0.0,0.05246913580246913
2023,13.17@2023-08-30,Milio,0.4760569456427955,0.0,0.9012345679012346
2023,13.17@2023-08-30,Miss Fortune,0.019628990509059533,0.0,0.4382716049382716
2023,13.17@2023-08-30,Mordekaiser,0.008843830888697153,0.0,0.28703703703703703
2023,13.17@2023-08-30,Morgana,0.0015099223468507334,0.0,0.11728395061728394
2023,13.17@2023-08-30,Naafiri,0.0006471095772217428,-3.0,0.05246913580246913
2023,13.17@2023-08-30,Nami,0.06018119068162209,0.0,0.654320987654321
2023,13.17@2023-08-30,Nasus,0.0045297670405522,0.0,0.19135802469135801
2023,13.17@2023-08-30,Nautilus,0.5289042277825712,0.0,0.9320987654320988
2023,13.17@2023-08-30,Neeko,0.6272648835202761,0.0,0.9876543209876543
2023,13.17@2023-08-30,Nidalee,0.023080241587575497,0.0,0.46296296296296297
2023,13.17@2023-08-30,Nilah,0.022433132010353754,0.0,0.4567901234567901
2023,13.17@2023-08-30,Nocturne,0.19370146678170838,0.0,0.7839506172839507
2023,13.17@2023-08-30,Nunu & Willump,0.003882657463330457,0.0,0.15123456790123457
2023,13.17@2023-08-30,Olaf,0.15185504745470232,0.0,0.7469135802469136
2023,13.17@2023-08-30,Orianna,0.03451251078515962,2.0,0.5370370370370371
2023,13.17@2023-08-30,Ornn,0.2051337359792925,0.0,0.7901234567901234
2023,13.17@2023-08-30,Pantheon,0.015962036238136326,0.0,0.3950617283950617
2023,13.17@2023-08-30,Poppy,0.4883520276100086,0.0,0.9135802469135802
2023,13.17@2023-08-30,Pyke,0.02739430543572045,0.0,0.4876543209876543
2023,13.17@2023-08-30,Qiyana,0.005392579810181191,0.0,0.2191358024691358
2023,13.17@2023-08-30,Quinn,0.009706643658326143,0.0,0.30864197530864196
2023,13.17@2023-08-30,Rakan,0.5806729939603106,0.0,0.9691358024691358
2023,13.17@2023-08-30,Rek'Sai,0.036885245901639344,0.0,0.5679012345679012
2023,13.17@2023-08-30,Rell,0.5547886108714409,0.0,0.9506172839506173
2023,13.17@2023-08-30,Renata Glasc,0.04184641932700604,0.0,0.5925925925925926
2023,13.17@2023-08-30,Renekton,0.5308455565142364,0.0,0.9382716049382716
2023,13.17@2023-08-30,Rengar,0.014236410698878344,0.0,0.38580246913580246
2023,13.17@2023-08-30,Riven,0.006255392579810181,0.0,0.25
2023,13.17@2023-08-30,Rumble,0.2786885245901639,0.0,0.8518518518518519
2023,13.17@2023-08-30,Ryze,0.012510785159620362,0.0,0.35802469135802467
2023,13.17@2023-08-30,Samira,0.034943917169974116,1.0,0.5432098765432098
2023,13.17@2023-08-30,Sejuani,0.6003019844693701,0.0,0.9814814814814815
2023,13.17@2023-08-30,Senna,0.013589301121656601,0.0,0.3765432098765432
2023,13.17@2023-08-30,Seraphine,0.03537532355478861,0.0,0.5524691358024691
2023,13.17@2023-08-30,Sett,0.012079378774805867,0.0,0.33641975308641975
2023,13.17@2023-08-30,Shaco,0.0032355478861087143,0.0,0.1419753086419753
2023,13.17@2023-08-30,Shen,0.0010785159620362382,0.0,0.09567901234567901
2023,13.17@2023-08-30,Shyvana,0.001725625539257981,0.0,0.12345679012345678
2023,13.17@2023-08-30,Singed,0.00021570319240724764,0.0,0.012345679012345678
2023,13.17@2023-08-30,Sion,0.17040552200172562,0.0,0.7716049382716049
2023,13.17@2023-08-30,Sivir,0.04874892148403796,0.0,0.6111111111111112
2023,13.17@2023-08-30,Skarner,0.006255392579810181,0.0,0.25
2023,13.17@2023-08-30,Sona,0.004314063848144953,0.0,0.18209876543209877
2023,13.17@2023-08-30,Soraka,0.012079378774805867,0.0,0.33641975308641975
2023,13.17@2023-08-30,Swain,0.01898188093183779,0.0,0.43209876543209874
2023,13.17@2023-08-30,Sylas,0.10138050043140638,0.0,0.6851851851851852
2023,13.17@2023-08-30,Syndra,0.2070750647109577,0.0,0.7962962962962963
2023,13.17@2023-08-30,Tahm Kench,0.01984469370146678,0.0,0.4444444444444444
2023,13.17@2023-08-30,Taliyah,0.05651423641069888,0.0,0.6327160493827161
2023,13.17@2023-08-30,Talon,0.0004314063848144953,0.0,0.030864197530864196
2023,13.17@2023-08-30,Taric,0.004098360655737705,0.0,0.16666666666666666
2023,13.17@2023-08-30,Thresh,0.04163071613459879,0.0,0.5864197530864198
2023,13.17@2023-08-30,Tristana,0.545297670405522,0.0,0.9444444444444444
2023,13.17@2023-08-30,Trundle,0.05672993960310613,0.0,0.6419753086419753
2023,13.17@2023-08-30,Tryndamere,0.004314063848144953,2.0,0.18209876543209877
2023,13.17@2023-08-30,Twisted Fate,0.010785159620362382,1.0,0.32407407407407407
2023,13.17@2023-08-30,Twitch,0.016609145815358068,0.0,0.42592592592592593
2023,13.17@2023-08-30,Udyr,0.012295081967213115,0.0,0.3487654320987654
2023,13.17@2023-08-30,Urgot,0.008843830888697153,0.0,0.28703703703703703
2023,13.17@2023-08-30,Varus,0.2450388265746333,0.0,0.8271604938271605
2023,13.17@2023-08-30,Vayne,0.007765314926660914,0.0,0.2654320987654321
2023,13.17@2023-08-30,Veigar,0.0090595340811044,0.0,0.2993827160493827
2023,13.17@2023-08-30,Vel'Koz,0.0008628127696289905,0.0,0.07407407407407407
2023,13.17@2023-08-30,Vex,0.005176876617773943,2.0,0.2006172839506173
2023,13.17@2023-08-30,Vi,0.5237273511647972,0.0,0.9259259259259259
2023,13.17@2023-08-30,Viego,0.26833477135461603,0.0,0.845679012345679
2023,13.17@2023-08-30,Viktor,0.047670405522001726,0.0,0.6049382716049383
2023,13.17@2023-08-30,Vladimir,0.0056082830025884385,0.0,0.2345679012345679
2023,13.17@2023-08-30,Volibear,0.016177739430543573,0.0,0.4074074074074074
2023,13.17@2023-08-30,Warwick,0.0004314063848144953,0.0,0.030864197530864196
2023,13.17@2023-08-30,Wukong,0.3229076790336497,0.0,0.8641975308641975
2023,13.17@2023-08-30,Xayah,0.5987920621225195,0.0,0.9753086419753086
2023,13.17@2023-08-30,Xerath,0.016177739430543573,-1.0,0.4074074074074074
2023,13.17@2023-08-30,Xin Zhao,0.028904227782571183,0.0,0.5
2023,13.17@2023-08-30,Yasuo,0.04486626402070751,0.0,0.5987654320987654
2023,13.17@2023-08-30,Yone,0.09577221742881795,0.0,0.6728395061728395
2023,13.17@2023-08-30,Yorick,0.00021570319240724764,0.0,0.012345679012345678
2023,13.17@2023-08-30,Yuumi,0.22605694564279552,0.0,0.8148148148148148
2023,13.17@2023-08-30,Zac,0.01639344262295082,0.0,0.41975308641975306
2023,13.17@2023-08-30,Zed,0.005392579810181191,0.0,0.2191358024691358
2023,13.17@2023-08-30,Zeri,0.35073339085418465,0.0,0.8703703703703703
2023,13.17@2023-08-30,Ziggs,0.08822260569456428,0.0,0.6666666666666666
2023,13.17@2023-08-30,Zilean,0.006255392579810181,0.0,0.25
2023,13.17@2023-08-30,Zoe,0.010785159620362382,1.0,0.32407407407407407
2023,13.17@2023-08-30,Zyra,0.0010785159620362382,0.0,0.09567901234567901
2023,13.18@2023-09-13,Aatrox,0.11731356301788051,0.0,0.7080745341614907
2023,13.18@2023-09-13,Ahri,0.3894461404273877,0.0,0.8819875776397516
2023,13.18@2023-09-13,Akali,0.057784561709550805,0.0,0.6335403726708074
2023,13.18@2023-09-13,Akshan,0.00872219799389446,0.0,0.2795031055900621
2023,13.18@2023-09-13,Alistar,0.32402965547317925,0.0,0.8633540372670807
2023,13.18@2023-09-13,Amumu,0.0340165721761884,0.0,0.5341614906832298
2023,13.18@2023-09-13,Anivia,0.0008722197993894462,0.0,0.06832298136645963
2023,13.18@2023-09-13,Annie,0.3312254688181422,0.0,0.8695652173913043
2023,13.18@2023-09-13,Aphelios,0.46860008722197993,0.0,0.906832298136646
2023,13.18@2023-09-13,Ashe,0.15547317924116877,0.0,0.7639751552795031
2023,13.18@2023-09-13,Aurelion Sol,0.01286524204099433,0.0,0.35714285714285715
2023,13.18@2023-09-13,Azir,0.4376362843436546,0.0,0.8944099378881988
2023,13.18@2023-09-13,Bard,0.0028347143480157,2.0,0.13043478260869565
2023,13.18@2023-09-13,Bel'Veth,0.026384648931530745,0.0,0.484472049689441
2023,13.18@2023-09-13,Blitzcrank,0.12778020061055387,0.0,0.7204968944099379
2023,13.18@2023-09-13,Brand,0.00021805494984736154,0.0,0.012422360248447204
2023,13.18@2023-09-13,Braum,0.21347579590056695,0.0,0.8074534161490683
2023,13.18@2023-09-13,Caitlyn,0.006105538595726123,0.0,0.2391304347826087
2023,13.18@2023-09-13,Camille,0.02311382468382032,0.0,0.45962732919254656
2023,13.18@2023-09-13,Cassiopeia,0.05734845180985609,0.0,0.6273291925465838
2023,13.18@2023-09-13,Cho'Gath,0.010248582642825993,0.0,0.3167701863354037
2023,13.18@2023-09-13,Corki,0.0085041430440471,0.0,0.2701863354037267
2023,13.18@2023-09-13,Darius,0.04426515481901439,0.0,0.6024844720496895
2023,13.18@2023-09-13,Diana,0.0039249890972525075,0.0,0.16459627329192547
2023,13.18@2023-09-13,Dr. Mundo,0.0010902747492368076,0.0,0.08074534161490683
2023,13.18@2023-09-13,Draven,0.13192324465765373,0.0,0.7267080745341615
2023,13.18@2023-09-13,Ekko,0.003706934147405146,0.0,0.14906832298136646
2023,13.18@2023-09-13,Elise,0.015045791539467945,0.0,0.39751552795031053
2023,13.18@2023-09-13,Evelynn,0.0006541648495420846,0.0,0.046583850931677016
2023,13.18@2023-09-13,Ezreal,0.10706498037505452,0.0,0.7018633540372671
2023,13.18@2023-09-13,Fiddlesticks,0.006323593545573485,0.0,0.2515527950310559
2023,13.18@2023-09-13,Fiora,0.07588312254688181,0.0,0.6521739130434783
2023,13.18@2023-09-13,Fizz,0.0006541648495420846,0.0,0.046583850931677016
2023,13.18@2023-09-13,Galio,0.02006105538595726,0.0,0.453416149068323
2023,13.18@2023-09-13,Gangplank,0.0311818578281727,0.0,0.5217391304347826
2023,13.18@2023-09-13,Garen,0.013083296990841693,0.0,0.36645962732919257
2023,13.18@2023-09-13,Gnar,0.18621892716964675,0.0,0.7763975155279503
2023,13.18@2023-09-13,Gragas,0.23266463148713476,0.0,0.8260869565217391
2023,13.18@2023-09-13,Graves,0.02573048408198866,0.0,0.4782608695652174
2023,13.18@2023-09-13,Gwen,0.19712167466201483,2.0,0.782608695652174
2023,13.18@2023-09-13,Hecarim,0.0015263846489315307,0.0,0.10869565217391304
2023,13.18@2023-09-13,Heimerdinger,0.037723506323593545,0.0,0.5714285714285714
2023,13.18@2023-09-13,Illaoi,0.005233318796336677,0.0,0.2236024844720497
2023,13.18@2023-09-13,Irelia,0.028129088530309636,1.0,0.4968944099378882
2023,13.18@2023-09-13,Ivern,0.2601395551679023,0.0,0.8385093167701864
2023,13.18@2023-09-13,Janna,0.009158307893589184,0.0,0.2981366459627329
2023,13.18@2023-09-13,Jarvan IV,0.0651984300043611,-2.0,0.6459627329192547
2023,13.18@2023-09-13,Jax,0.4269515918011339,0.0,0.8881987577639752
2023,13.18@2023-09-13,Jayce,0.49062363715656343,0.0,0.9130434782608695
2023,13.18@2023-09-13,Jhin,0.0085041430440471,0.0,0.2701863354037267
2023,13.18@2023-09-13,Jinx,0.1410815525512429,0.0,0.7391304347826086
2023,13.18@2023-09-13,K'Sante,0.5399040558220671,0.0,0.937888198757764
2023,13.18@2023-09-13,Kai'Sa,0.6013955516790231,0.0,0.968944099378882
2023,13.18@2023-09-13,Kalista,0.04121238552115133,0.0,0.5838509316770186
2023,13.18@2023-09-13,Karma,0.030527692978630616,0.0,0.5093167701863354
2023,13.18@2023-09-13,Karthus,0.02878325337985172,0.0,0.5031055900621118
2023,13.18@2023-09-13,Kassadin,0.0008722197993894462,0.0,0.06832298136645963
2023,13.18@2023-09-13,Katarina,0.0006541648495420846,0.0,0.046583850931677016
2023,13.18@2023-09-13,Kayle,0.004143044047099869,0.0,0.17701863354037267
2023,13.18@2023-09-13,Kayn,0.002180549498473615,-2.0,0.12422360248447205
2023,13.18@2023-09-13,Kennen,0.10444832097688618,2.0,0.6863354037267081
2023,13.18@2023-09-13,Kha'Zix,0.10532054077627562,0.0,0.6956521739130435
2023,13.18@2023-09-13,Kindred,0.15678150894025294,0.0,0.7701863354037267
2023,13.18@2023-09-13,Kled,0.01286524204099433,0.0,0.35714285714285715
2023,13.18@2023-09-13,Kog'Maw,0.030963802878325338,0.0,0.515527950310559
2023,13.18@2023-09-13,LeBlanc,0.6596162232882686,0.0,0.9937888198757764
2023,13.18@2023-09-13,Lee Sin,0.12123855211513301,0.0,0.7142857142857143
2023,13.18@2023-09-13,Leona,0.10444832097688618,0.0,0.6863354037267081
2023,13.18@2023-09-13,Lillia,0.03292629742695159,0.0,0.5279503105590062
2023,13.18@2023-09-13,Lissandra,0.04382904491931967,0.0,0.5962732919254659
2023,13.18@2023-09-13,Lucian,0.21805494984736154,0.0,0.8198757763975155
2023,13.18@2023-09-13,Lulu,0.1378107283035325,0.0,0.7329192546583851
2023,13.18@2023-09-13,Lux,0.004579153946794592,0.0,0.1956521739130435
2023,13.18@2023-09-13,Malphite,0.15045791539467945,0.0,0.7484472049689441
2023,13.18@2023-09-13,Malzahar,0.0004361098996947231,0.0,0.027950310559006212
2023,13.18@2023-09-13,Maokai,0.7078063672045355,0.0,1.0
2023,13.18@2023-09-13,Master Yi,0.0006541648495420846,0.0,0.046583850931677016
2023,13.18@2023-09-13,Milio,0.44461404273877014,0.0,0.9006211180124224
2023,13.18@2023-09-13,Miss Fortune,0.018970780636720454,0.0,0.4409937888198758
2023,13.18@2023-09-13,Mordekaiser,0.009158307893589184,0.0,0.2981366459627329
2023,13.18@2023-09-13,Morgana,0.0013083296990841692,0.0,0.09316770186335403
2023,13.18@2023-09-13,Naafiri,0.0013083296990841692,0.0,0.09316770186335403
2023,13.18@2023-09-13,Nami,0.04993458351504579,0.0,0.6149068322981367
2023,13.18@2023-09-13,Nasus,0.004143044047099869,0.0,0.17701863354037267
2023,13.18@2023-09-13,Nautilus,0.5390318360226777,0.0,0.9316770186335404
2023,13.18@2023-09-13,Neeko,0.6288704753597907,0.0,0.9813664596273292
2023,13.18@2023-09-13,Nidalee,0.01962494548626254,0.0,0.4472049689440994
2023,13.18@2023-09-13,Nilah,0.024858264282599216,0.0,0.4658385093167702
2023,13.18@2023-09-13,Nocturne,0.19864805931094637,0.0,0.7888198757763976
2023,13.18@2023-09-13,Nunu & Willump,0.003706934147405146,0.0,0.14906832298136646
2023,13.18@2023-09-13,Olaf,0.15045791539467945,0.0,0.7484472049689441
2023,13.18@2023-09-13,Orianna,0.03663323157435674,0.0,0.5559006211180124
2023,13.18@2023-09-13,Ornn,0.2040994330571304,0.0,0.7950310559006211
2023,13.18@2023-09-13,Pantheon,0.016572176188399478,0.0,0.40683229813664595
2023,13.18@2023-09-13,Poppy,0.510248582642826,0.0,0.9254658385093167
2023,13.18@2023-09-13,Pyke,0.0255124291321413,0.0,0.4720496894409938
2023,13.18@2023-09-13,Qiyana,0.004579153946794592,0.0,0.1956521739130435
2023,13.18@2023-09-13,Quinn,0.00981247274313127,0.0,0.3105590062111801
2023,13.18@2023-09-13,Rakan,0.5939816833842129,0.0,0.9565217391304348
2023,13.18@2023-09-13,Rek'Sai,0.03619712167466201,0.0,0.546583850931677
2023,13.18@2023-09-13,Rell,0.5979066724814653,-2.0,0.9627329192546584
2023,13.18@2023-09-13,Renata Glasc,0.03946794592237244,0.0,0.577639751552795
2023,13.18@2023-09-13,Renekton,0.5708678587003925,0.0,0.9440993788819876
2023,13.18@2023-09-13,Rengar,0.013737461840383776,0.0,0.37888198757763975
2023,13.18@2023-09-13,Riven,0.005015263846489315,0.0,0.21739130434782608
2023,13.18@2023-09-13,Rumble,0.2965547317924117,0.0,0.8571428571428571
2023,13.18@2023-09-13,Ryze,0.0141735717400785,0.0,0.38509316770186336
2023,13.18@2023-09-13,Samira,0.03663323157435674,0.0,0.5559006211180124
2023,13.18@2023-09-13,Sejuani,0.6253815961622329,0.0,0.9751552795031055
2023,13.18@2023-09-13,Senna,0.012429132141299608,2.0,0.3416149068322981
2023,13.18@2023-09-13,Seraphine,0.035106846925425206,0.0,0.5403726708074534
2023,13.18@2023-09-13,Sett,0.011993022241604884,0.0,0.33540372670807456
2023,13.18@2023-09-13,Shaco,0.0034888791975577847,0.0,0.13664596273291926
2023,13.18@2023-09-13,Shen,0.0015263846489315307,0.0,0.10869565217391304
2023,13.18@2023-09-13,Shyvana,0.0017444395987788923,0.0,0.11801242236024845
2023,13.18@2023-09-13,Singed,0.00021805494984736154,0.0,0.012422360248447204
2023,13.18@2023-09-13,Sion,0.1513301351940689,0.0,0.7577639751552795
2023,13.18@2023-09-13,Sivir,0.057130396860008724,0.0,0.6211180124223602
2023,13.18@2023-09-13,Skarner,0.006323593545573485,0.0,0.2515527950310559
2023,13.18@2023-09-13,Sona,0.003706934147405146,0.0,0.14906832298136646
2023,13.18@2023-09-13,Soraka,0.011774967291757523,0.0,0.32919254658385094
2023,13.18@2023-09-13,Swain,0.017226341037941562,0.0,0.42857142857142855
2023,13.18@2023-09-13,Sylas,0.10183166157871784,0.0,0.6770186335403726
2023,13.18@2023-09-13,Syndra,0.20584387265590928,0.0,0.8012422360248447
2023,13.18@2023-09-13,Tahm Kench,0.016790231138246837,0.0,0.4192546583850932
2023,13.18@2023-09-13,Taliyah,0.07806367204535543,0.0,0.6583850931677019
2023,13.18@2023-09-13,Taric,0.00436109899694723,0.0,0.18633540372670807
2023,13.18@2023-09-13,Thresh,0.0368512865242041,1.0,0.5652173913043478
2023,13.18@2023-09-13,Tristana,0.5817706061927606,0.0,0.9503105590062112
2023,13.18@2023-09-13,Trundle,0.059092891408634975,0.0,0.639751552795031
2023,13.18@2023-09-13,Tryndamere,0.0039249890972525075,-2.0,0.16459627329192547
2023,13.18@2023-09-13,Twisted Fate,0.010684692542520715,0.0,0.32298136645962733
2023,13.18@2023-09-13,Twitch,0.014827736589620584,0.0,0.391304347826087
2023,13.18@2023-09-13,Udyr,0.013301351940689054,0.0,0.37267080745341613
2023,13.18@2023-09-13,Urgot,0.009158307893589184,0.0,0.2981366459627329
2023,13.18@2023-09-13,Varus,0.2444395987788923,0.0,0.8322981366459627
2023,13.18@2023-09-13,Vayne,0.008940252943741823,0.0,0.2857142857142857
2023,13.18@2023-09-13,Veigar,0.008068033144352376,0.0,0.2608695652173913
2023,13.18@2023-09-13,Vel'Koz,0.0008722197993894462,0.0,0.06832298136645963
2023,13.18@2023-09-13,Vex,0.004797208896641954,0.0,0.2080745341614907
2023,13.18@2023-09-13,Vi,0.4971652856519843,0.0,0.9192546583850931
2023,13.18@2023-09-13,Viego,0.2692978630614915,0.0,0.84472049689441
2023,13.18@2023-09-13,Viktor,0.0481901439162669,0.0,0.6086956521739131
2023,13.18@2023-09-13,Vladimir,0.004797208896641954,0.0,0.2080745341614907
2023,13.18@2023-09-13,Volibear,0.016790231138246837,0.0,0.4192546583850932
2023,13.18@2023-09-13,Warwick,0.0004361098996947231,0.0,0.027950310559006212
2023,13.18@2023-09-13,Wukong,0.2959005669428696,0.0,0.8509316770186336
2023,13.18@2023-09-13,Xayah,0.6293065852594854,-2.0,0.9875776397515528
2023,13.18@2023-09-13,Xerath,0.018098560837331006,0.0,0.43478260869565216
2023,13.18@2023-09-13,Xin Zhao,0.02682075883122547,0.0,0.4906832298136646
2023,13.18@2023-09-13,Yasuo,0.04273877017008286,0.0,0.5900621118012422
2023,13.18@2023-09-13,Yone,0.10095944177932839,0.0,0.6708074534161491
2023,13.18@2023-09-13,Yorick,0.00021805494984736154,0.0,0.012422360248447204
2023,13.18@2023-09-13,Yuumi,0.21412996075010904,0.0,0.8136645962732919
2023,13.18@2023-09-13,Zac,0.016572176188399478,0.0,0.40683229813664595
2023,13.18@2023-09-13,Zed,0.005451373746184038,0.0,0.22981366459627328
2023,13.18@2023-09-13,Zeri,0.342564326210205,0.0,0.8757763975155279
2023,13.18@2023-09-13,Ziggs,0.09201918883558657,0.0,0.6645962732919255
2023,13.18@2023-09-13,Zilean,0.006105538595726123,0.0,0.2391304347826087
2023,13.18@2023-09-13,Zoe,0.01264718709114697,0.0,0.34782608695652173
2023,13.18@2023-09-13,Zyra,0.0013083296990841692,0.0,0.09316770186335403
2023,13.18@2023-09-14,Aatrox,0.11737704918032787,0.0,0.7098765432098766
2023,13.18@2023-09-14,Ahri,0.3881967213114754,0.0,0.8827160493827161
2023,13.18@2023-09-14,Akali,0.05792349726775956,0.0,0.6296296296296297
2023,13.18@2023-09-14,Akshan,0.008743169398907104,0.0,0.2839506172839506
2023,13.18@2023-09-14,Alistar,0.32874316939890713,0.0,0.8703703703703703
2023,13.18@2023-09-14,Amumu,0.033879781420765025,0.0,0.5308641975308642
2023,13.18@2023-09-14,Anivia,0.0008743169398907104,0.0,0.08024691358024691
2023,13.18@2023-09-14,Annie,0.3285245901639344,0.0,0.8641975308641975
2023,13.18@2023-09-14,Aphelios,0.4653551912568306,0.0,0.9074074074074074
2023,13.18@2023-09-14,Ashe,0.15628415300546447,0.0,0.7654320987654321
2023,13.18@2023-09-14,Aurelion Sol,0.011584699453551913,0.0,0.33641975308641975
2023,13.18@2023-09-14,Azir,0.44153005464480877,0.0,0.9012345679012346
2023,13.18@2023-09-14,Bard,0.0028415300546448087,0.0,0.13580246913580246
2023,13.18@2023-09-14,Bel'Veth,0.02666666666666667,0.0,0.49074074074074076
2023,13.18@2023-09-14,Blitzcrank,0.1276502732240437,0.0,0.7222222222222222
2023,13.18@2023-09-14,Brand,0.0002185792349726776,0.0,0.018518518518518517
2023,13.18@2023-09-14,Braum,0.2137704918032787,0.0,0.8148148148148148
2023,13.18@2023-09-14,Briar,0.0,2.0,0.006172839506172839
2023,13.18@2023-09-14,Caitlyn,0.005901639344262295,0.0,0.24074074074074073
2023,13.18@2023-09-14,Camille,0.02360655737704918,0.0,0.46296296296296297
2023,13.18@2023-09-14,Cassiopeia,0.05748633879781421,0.0,0.6234567901234568
2023,13.18@2023-09-14,Cho'Gath,0.009836065573770493,0.0,0.31790123456790126
2023,13.18@2023-09-14,Corki,0.008524590163934427,0.0,0.2777777777777778
2023,13.18@2023-09-14,Darius,0.04415300546448087,0.0,0.6049382716049383
2023,13.18@2023-09-14,Diana,0.003934426229508197,0.0,0.1728395061728395
2023,13.18@2023-09-14,Dr. Mundo,0.0006557377049180328,0.0,0.05555555555555555
2023,13.18@2023-09-14,Draven,0.13311475409836065,0.0,0.7283950617283951
2023,13.18@2023-09-14,Ekko,0.003715846994535519,0.0,0.15432098765432098
2023,13.18@2023-09-14,Elise,0.014426229508196721,0.0,0.39814814814814814
2023,13.18@2023-09-14,Evelynn,0.0006557377049180328,0.0,0.05555555555555555
2023,13.18@2023-09-14,Ezreal,0.10841530054644809,0.0,0.7037037037037037
2023,13.18@2023-09-14,Fiddlesticks,0.00633879781420765,0.0,0.25617283950617287
2023,13.18@2023-09-14,Fiora,0.0751912568306011,0.0,0.654320987654321
2023,13.18@2023-09-14,Fizz,0.0006557377049180328,0.0,0.05555555555555555
2023,13.18@2023-09-14,Galio,0.02010928961748634,0.0,0.4567901234567901
2023,13.18@2023-09-14,Gangplank,0.03191256830601093,0.0,0.5246913580246914
2023,13.18@2023-09-14,Garen,0.012896174863387979,0.0,0.36419753086419754
2023,13.18@2023-09-14,Gnar,0.1855737704918033,0.0,0.7777777777777778
2023,13.18@2023-09-14,Gragas,0.2292896174863388,0.0,0.8271604938271605
2023,13.18@2023-09-14,Graves,0.0253551912568306,0.0,0.47530864197530864
2023,13.18@2023-09-14,Gwen,0.19475409836065574,0.0,0.7839506172839507
2023,13.18@2023-09-14,Hecarim,0.0013114754098360656,0.0,0.10185185185185185
2023,13.18@2023-09-14,Heimerdinger,0.0380327868852459,0.0,0.5740740740740741
2023,13.18@2023-09-14,Illaoi,0.005245901639344262,0.0,0.22839506172839505
2023,13.18@2023-09-14,Irelia,0.027978142076502732,0.0,0.5
2023,13.18@2023-09-14,Ivern,0.2625136612021858,0.0,0.8395061728395061
2023,13.18@2023-09-14,Janna,0.008961748633879782,0.0,0.2932098765432099
2023,13.18@2023-09-14,Jarvan IV,0.06754098360655737,0.0,0.6481481481481481
2023,13.18@2023-09-14,Jax,0.4266666666666667,0.0,0.8888888888888888
2023,13.18@2023-09-14,Jayce,0.4909289617486339,0.0,0.9135802469135802
2023,13.18@2023-09-14,Jhin,0.008087431693989072,0.0,0.26851851851851855
2023,13.18@2023-09-14,Jinx,0.13879781420765028,0.0,0.7407407407407407
2023,13.18@2023-09-14,K'Sante,0.5363934426229509,0.0,0.9320987654320988
2023,13.18@2023-09-14,Kai'Sa,0.6061202185792349,0.0,0.9691358024691358
2023,13.18@2023-09-14,Kalista,0.041530054644808745,0.0,0.5864197530864198
2023,13.18@2023-09-14,Karma,0.03016393442622951,0.0,0.5154320987654321
2023,13.18@2023-09-14,Karthus,0.02994535519125683,0.0,0.5061728395061729
2023,13.18@2023-09-14,Kassadin,0.0008743169398907104,0.0,0.08024691358024691
2023,13.18@2023-09-14,Katarina,0.0006557377049180328,0.0,0.05555555555555555
2023,13.18@2023-09-14,Kayle,0.003934426229508197,0.0,0.1728395061728395
2023,13.18@2023-09-14,Kayn,0.002185792349726776,0.0,0.12962962962962962
2023,13.18@2023-09-14,Kennen,0.10426229508196722,0.0,0.6851851851851852
2023,13.18@2023-09-14,Kha'Zix,0.10448087431693989,0.0,0.691358024691358
2023,13.18@2023-09-14,Kindred,0.15715846994535518,0.0,0.7716049382716049
2023,13.18@2023-09-14,Kled,0.013114754098360656,0.0,0.37037037037037035
2023,13.18@2023-09-14,Kog'Maw,0.03016393442622951,0.0,0.5154320987654321
2023,13.18@2023-09-14,LeBlanc,0.6627322404371585,0.0,0.9938271604938271
2023,13.18@2023-09-14,Lee Sin,0.12,0.0,0.7160493827160493
2023,13.18@2023-09-14,Leona,0.10491803278688525,0.0,0.6975308641975309
2023,13.18@2023-09-14,Lillia,0.03475409836065574,0.0,0.5401234567901234
2023,13.18@2023-09-14,Lissandra,0.043278688524590166,0.0,0.5987654320987654
2023,13.18@2023-09-14,Lucian,0.2146448087431694,0.0,0.8209876543209876
2023,13.18@2023-09-14,Lulu,0.13398907103825136,0.0,0.7345679012345679
2023,13.18@2023-09-14,Lux,0.004371584699453552,0.0,0.19753086419753085
2023,13.18@2023-09-14,Malphite,0.14972677595628414,0.0,0.7530864197530864
2023,13.18@2023-09-14,Malzahar,0.0004371584699453552,0.0,0.033950617283950615
2023,13.18@2023-09-14,Maokai,0.7062295081967213,0.0,1.0
2023,13.18@2023-09-14,Master Yi,0.0006557377049180328,0.0,0.05555555555555555
2023,13.18@2023-09-14,Milio,0.4389071038251366,0.0,0.8950617283950617
2023,13.18@2023-09-14,Miss Fortune,0.018797814207650275,0.0,0.4444444444444444
2023,13.18@2023-09-14,Mordekaiser,0.008961748633879782,0.0,0.2932098765432099
2023,13.18@2023-09-14,Morgana,0.0013114754098360656,0.0,0.10185185185185185
2023,13.18@2023-09-14,Naafiri,0.0013114754098360656,0.0,0.10185185185185185
2023,13.18@2023-09-14,Nami,0.04852459016393443,0.0,0.6172839506172839
2023,13.18@2023-09-14,Nasus,0.004153005464480874,0.0,0.18518518518518517
2023,13.18@2023-09-14,Nautilus,0.539672131147541,0.0,0.9382716049382716
2023,13.18@2023-09-14,Neeko,0.6236065573770492,0.0,0.9753086419753086
2023,13.18@2023-09-14,Nidalee,0.01901639344262295,0.0,0.4506172839506173
2023,13.18@2023-09-14,Nilah,0.024918032786885248,0.0,0.4691358024691358
2023,13.18@2023-09-14,Nocturne,0.19934426229508198,0.0,0.7901234567901234
2023,13.18@2023-09-14,Nunu & Willump,0.003715846994535519,0.0,0.15432098765432098
2023,13.18@2023-09-14,Olaf,0.15081967213114755,0.0,0.7592592592592593
2023,13.18@2023-09-14,Orianna,0.03715846994535519,0.0,0.5679012345679012
2023,13.18@2023-09-14,Ornn,0.2048087431693989,0.0,0.7962962962962963
2023,13.18@2023-09-14,Pantheon,0.016612021857923497,0.0,0.41975308641975306
2023,13.18@2023-09-14,Poppy,0.5127868852459017,0.0,0.9259259259259259
2023,13.18@2023-09-14,Pyke,0.025792349726775958,0.0,0.48148148148148145
2023,13.18@2023-09-14,Qiyana,0.004371584699453552,0.0,0.19753086419753085
2023,13.18@2023-09-14,Quinn,0.009836065573770493,0.0,0.31790123456790126
2023,13.18@2023-09-14,Rakan,0.5956284153005464,0.0,0.9567901234567902
2023,13.18@2023-09-14,Rek'Sai,0.03693989071038251,0.0,0.558641975308642
2023,13.18@2023-09-14,Rell,0.6032786885245902,0.0,0.9629629629629629
2023,13.18@2023-09-14,Renata Glasc,0.03934426229508197,0.0,0.5802469135802469
2023,13.18@2023-09-14,Renekton,0.5759562841530055,0.0,0.9444444444444444
2023,13.18@2023-09-14,Rengar,0.01377049180327869,0.0,0.38271604938271603
2023,13.18@2023-09-14,Riven,0.005027322404371585,0.0,0.2222222222222222
2023,13.18@2023-09-14,Rumble,0.29989071038251364,0.0,0.8580246913580247
2023,13.18@2023-09-14,Ryze,0.014207650273224045,0.0,0.3888888888888889
2023,13.18@2023-09-14,Samira,0.03693989071038251,0.0,0.558641975308642
2023,13.18@2023-09-14,Sejuani,0.626448087431694,0.0,0.9814814814814815
2023,13.18@2023-09-14,Senna,0.012459016393442624,0.0,0.35802469135802467
2023,13.18@2023-09-14,Seraphine,0.03475409836065574,0.0,0.5401234567901234
2023,13.18@2023-09-14,Sett,0.012021857923497269,0.0,0.345679012345679
2023,13.18@2023-09-14,Shaco,0.0034972677595628415,0.0,0.1419753086419753
2023,13.18@2023-09-14,Shen,0.0015300546448087432,0.0,0.11728395061728394
2023,13.18@2023-09-14,Shyvana,0.0017486338797814208,0.0,0.12345679012345678
2023,13.18@2023-09-14,Singed,0.0002185792349726776,0.0,0.018518518518518517
2023,13.18@2023-09-14,Sion,0.14950819672131146,0.0,0.7469135802469136
2023,13.18@2023-09-14,Sivir,0.05814207650273224,0.0,0.6358024691358025
2023,13.18@2023-09-14,Skarner,0.00633879781420765,0.0,0.25617283950617287
2023,13.18@2023-09-14,Sona,0.003715846994535519,0.0,0.15432098765432098
2023,13.18@2023-09-14,Soraka,0.011584699453551913,0.0,0.33641975308641975
2023,13.18@2023-09-14,Swain,0.017704918032786884,0.0,0.43209876543209874
2023,13.18@2023-09-14,Sylas,0.10229508196721311,0.0,0.6759259259259259
2023,13.18@2023-09-14,Syndra,0.20524590163934425,0.0,0.8024691358024691
2023,13.18@2023-09-14,Tahm Kench,0.015956284153005464,0.0,0.4074074074074074
2023,13.18@2023-09-14,Taliyah,0.08087431693989071,0.0,0.6604938271604939
2023,13.18@2023-09-14,Taric,0.004371584699453552,0.0,0.19753086419753085
2023,13.18@2023-09-14,Thresh,0.03650273224043716,0.0,0.5493827160493827
2023,13.18@2023-09-14,Tristana,0.5873224043715847,0.0,0.9506172839506173
2023,13.18@2023-09-14,Trundle,0.058797814207650276,0.0,0.6419753086419753
2023,13.18@2023-09-14,Tryndamere,0.003934426229508197,0.0,0.1728395061728395
2023,13.18@2023-09-14,Twisted Fate,0.010491803278688525,0.0,0.3271604938271605
2023,13.18@2023-09-14,Twitch,0.014426229508196721,0.0,0.39814814814814814
2023,13.18@2023-09-14,Udyr,0.013333333333333334,0.0,0.3765432098765432
2023,13.18@2023-09-14,Urgot,0.009180327868852459,0.0,0.30246913580246915
2023,13.18@2023-09-14,Varus,0.24415300546448088,0.0,0.8333333333333334
2023,13.18@2023-09-14,Vayne,0.009617486338797814,0.0,0.30864197530864196
2023,13.18@2023-09-14,Veigar,0.008087431693989072,0.0,0.26851851851851855
2023,13.18@2023-09-14,Vel'Koz,0.0008743169398907104,0.0,0.08024691358024691
2023,13.18@2023-09-14,Vex,0.004808743169398907,0.0,0.21604938271604937
2023,13.18@2023-09-14,Vi,0.4926775956284153,0.0,0.9197530864197531
2023,13.18@2023-09-14,Viego,0.26885245901639343,0.0,0.845679012345679
2023,13.18@2023-09-14,Viktor,0.04786885245901639,0.0,0.6111111111111112
2023,13.18@2023-09-14,Vladimir,0.0045901639344262295,0.0,0.20987654320987653
2023,13.18@2023-09-14,Volibear,0.016612021857923497,0.0,0.41975308641975306
2023,13.18@2023-09-14,Warwick,0.0004371584699453552,0.0,0.033950617283950615
2023,13.18@2023-09-14,Wukong,0.29114754098360657,0.0,0.8518518518518519
2023,13.18@2023-09-14,Xayah,0.6327868852459017,0.0,0.9876543209876543
2023,13.18@2023-09-14,Xerath,0.018360655737704918,0.0,0.4382716049382716
2023,13.18@2023-09-14,Xin Zhao,0.02666666666666667,0.0,0.49074074074074076
2023,13.18@2023-09-14,Yasuo,0.04262295081967213,0.0,0.5925925925925926
2023,13.18@2023-09-14,Yone,0.10229508196721311,0.0,0.6759259259259259
2023,13.18@2023-09-14,Yorick,0.0002185792349726776,0.0,0.018518518518518517
2023,13.18@2023-09-14,Yuumi,0.21180327868852458,0.0,0.808641975308642
2023,13.18@2023-09-14,Zac,0.016612021857923497,0.0,0.41975308641975306
2023,13.18@2023-09-14,Zed,0.0056830601092896175,0.0,0.2345679012345679
2023,13.18@2023-09-14,Zeri,0.33967213114754097,0.0,0.8765432098765432
2023,13.18@2023-09-14,Ziggs,0.09289617486338798,0.0,0.6666666666666666
2023,13.18@2023-09-14,Zilean,0.006120218579234973,0.0,0.24691358024691357
2023,13.18@2023-09-14,Zoe,0.012240437158469945,0.0,0.35185185185185186
2023,13.18@2023-09-14,Zyra,0.0013114754098360656,0.0,0.10185185185185185
2023,13.19@2023-09-27,Aatrox,0.13117206982543642,0.0,0.7592592592592593
2023,13.19@2023-09-27,Ahri,0.33890274314214464,0.0,0.8765432098765432
2023,13.19@2023-09-27,Akali,0.06384039900249376,0.0,0.6296296296296297
2023,13.19@2023-09-27,Akshan,0.008977556109725686,0.0,0.3148148148148148
2023,13.19@2023-09-27,Alistar,0.3980049875311721,0.0,0.8950617283950617
2023,13.19@2023-09-27,Amumu,0.03690773067331671,0.0,0.5617283950617284
2023,13.19@2023-09-27,Anivia,0.000997506234413965,0.0,0.07716049382716049
2023,13.19@2023-09-27,Annie,0.24812967581047382,0.0,0.8395061728395061
2023,13.19@2023-09-27,Aphelios,0.3855361596009975,0.0,0.8888888888888888
2023,13.19@2023-09-27,Ashe,0.1802992518703242,0.0,0.8024691358024691
2023,13.19@2023-09-27,Aurelion Sol,0.008478802992518703,0.0,0.2962962962962963
2023,13.19@2023-09-27,Azir,0.5017456359102245,-1.0,0.9197530864197531
2023,13.19@2023-09-27,Bard,0.0032418952618453864,0.0,0.1419753086419753
2023,13.19@2023-09-27,Bel'Veth,0.029925187032418952,0.0,0.5123456790123457
2023,13.19@2023-09-27,Blitzcrank,0.11620947630922693,0.0,0.7253086419753086
2023,13.19@2023-09-27,Brand,0.00024937655860349125,0.0,0.024691358024691357
2023,13.19@2023-09-27,Braum,0.23765586034912717,0.0,0.8333333333333334
2023,13.19@2023-09-27,Briar,0.0,-2.0,0.006172839506172839
2023,13.19@2023-09-27,Caitlyn,0.007231920199501247,0.0,0.25925925925925924
2023,13.19@2023-09-27,Camille,0.024438902743142144,0.0,0.4845679012345679
2023,13.19@2023-09-27,Cassiopeia,0.05112219451371571,0.0,0.6234567901234568
2023,13.19@2023-09-27,Cho'Gath,0.00798004987531172,0.0,0.2716049382716049
2023,13.19@2023-09-27,Corki,0.008977556109725686,0.0,0.3148148148148148
2023,13.19@2023-09-27,Darius,0.042643391521197005,0.0,0.5925925925925926
2023,13.19@2023-09-27,Diana,0.004738154613466334,0.0,0.2037037037037037
2023,13.19@2023-09-27,Dr. Mundo,0.0007481296758104738,0.0,0.05864197530864197
2023,13.19@2023-09-27,Draven,0.12917705735660848,0.0,0.7530864197530864
2023,13.19@2023-09-27,Ekko,0.003491271820448878,0.0,0.15123456790123457
2023,13.19@2023-09-27,Elise,0.012967581047381545,0.0,0.3765432098765432
2023,13.19@2023-09-27,Evelynn,0.000997506234413965,0.0,0.07716049382716049
2023,13.19@2023-09-27,Ezreal,0.12169576059850375,0.0,0.7469135802469136
2023,13.19@2023-09-27,Fiddlesticks,0.007231920199501247,0.0,0.25925925925925924
2023,13.19@2023-09-27,Fiora,0.07456359102244389,0.0,0.6604938271604939
2023,13.19@2023-09-27,Fizz,0.00024937655860349125,0.0,0.024691358024691357
2023,13.19@2023-09-27,Galio,0.0172069825436409,1.0,0.44135802469135804
2023,13.19@2023-09-27,Gangplank,0.03341645885286783,2.0,0.5308641975308642
2023,13.19@2023-09-27,Garen,0.010723192019950124,0.0,0.3425925925925926
2023,13.19@2023-09-27,Gnar,0.16633416458852868,0.0,0.7962962962962963
2023,13.19@2023-09-27,Gragas,0.15586034912718205,0.0,0.7839506172839507
2023,13.19@2023-09-27,Graves,0.020698254364089775,0.0,0.4567901234567901
2023,13.19@2023-09-27,Gwen,0.15760598503740647,0.0,0.7901234567901234
2023,13.19@2023-09-27,Hecarim,0.00199501246882793,0.0,0.09876543209876543
2023,13.19@2023-09-27,Heimerdinger,0.04039900249376559,0.0,0.5802469135802469
2023,13.19@2023-09-27,Illaoi,0.005486284289276808,0.0,0.2191358024691358
2023,13.19@2023-09-27,Irelia,0.02593516209476309,0.0,0.49382716049382713
2023,13.19@2023-09-27,Ivern,0.3117206982543641,0.0,0.8641975308641975
2023,13.19@2023-09-27,Janna,0.008478802992518703,0.0,0.2962962962962963
2023,13.19@2023-09-27,Jarvan IV,0.07805486284289277,0.0,0.6666666666666666
2023,13.19@2023-09-27,Jax,0.4546134663341646,0.0,0.9074074074074074
2023,13.19@2023-09-27,Jayce,0.5094763092269327,0.0,0.9259259259259259
2023,13.19@2023-09-27,Jhin,0.003740648379052369,2.0,0.16049382716049382
2023,13.19@2023-09-27,Jinx,0.1002493765586035,0.0,0.6728395061728395
2023,13.19@2023-09-27,K'Sante,0.4653366583541147,0.0,0.9135802469135802
2023,13.19@2023-09-27,Kai'Sa,0.7119700748129676,0.0,0.9876543209876543
2023,13.19@2023-09-27,Kalista,0.0456359102244389,0.0,0.6049382716049383
2023,13.19@2023-09-27,Karma,0.024438902743142144,0.0,0.4845679012345679
2023,13.19@2023-09-27,Karthus,0.034912718204488775,0.0,0.5370370370370371
2023,13.19@2023-09-27,Kassadin,0.0022443890274314216,0.0,0.11419753086419752
2023,13.19@2023-09-27,Katarina,0.000997506234413965,0.0,0.07716049382716049
2023,13.19@2023-09-27,Kayle,0.0022443890274314216,0.0,0.11419753086419752
2023,13.19@2023-09-27,Kayn,0.003491271820448878,0.0,0.15123456790123457
2023,13.19@2023-09-27,Kennen,0.10498753117206983,0.0,0.6851851851851852
2023,13.19@2023-09-27,Kha'Zix,0.0743142144638404,0.0,0.654320987654321
2023,13.19@2023-09-27,Kindred,0.15211970074812967,0.0,0.7777777777777778
2023,13.19@2023-09-27,Kled,0.013216957605985038,0.0,0.38271604938271603
2023,13.19@2023-09-27,Kog'Maw,0.030922693266832918,0.0,0.5246913580246914
2023,13.19@2023-09-27,LeBlanc,0.7541147132169576,0.0,1.0
2023,13.19@2023-09-27,Lee Sin,0.12094763092269327,2.0,0.7407407407407407
2023,13.19@2023-09-27,Leona,0.11970074812967581,0.0,0.7345679012345679
2023,13.19@2023-09-27,Lillia,0.04638403990024938,0.0,0.6111111111111112
2023,13.19@2023-09-27,Lissandra,0.035910224438902745,1.0,0.5524691358024691
2023,13.19@2023-09-27,Lucian,0.11620947630922693,0.0,0.7253086419753086
2023,13.19@2023-09-27,Lulu,0.07206982543640898,0.0,0.6481481481481481
2023,13.19@2023-09-27,Lux,0.004987531172069825,0.0,0.20987654320987653
2023,13.19@2023-09-27,Malphite,0.13466334164588528,0.0,0.7654320987654321
2023,13.19@2023-09-27,Malzahar,0.0004987531172069825,0.0,0.046296296296296294
2023,13.19@2023-09-27,Maokai,0.6955112219451371,0.0,0.9753086419753086
2023,13.19@2023-09-27,Master Yi,0.00024937655860349125,0.0,0.024691358024691357
2023,13.19@2023-09-27,Milio,0.33216957605985037,0.0,0.8703703703703703
2023,13.19@2023-09-27,Miss Fortune,0.016708229426433914,0.0,0.42901234567901236
2023,13.19@2023-09-27,Mordekaiser,0.008229426433915213,0.0,0.2808641975308642
2023,13.19@2023-09-27,Morgana,0.000997506234413965,0.0,0.07716049382716049
2023,13.19@2023-09-27,Naafiri,0.0024937655860349127,0.0,0.12654320987654322
2023,13.19@2023-09-27,Nami,0.022443890274314215,0.0,0.4660493827160494
2023,13.19@2023-09-27,Nasus,0.004488778054862843,0.0,0.19135802469135801
2023,13.19@2023-09-27,Nautilus,0.5603491271820449,0.0,0.9444444444444444
2023,13.19@2023-09-27,Neeko,0.5533665835411471,0.0,0.9320987654320988
2023,13.19@2023-09-27,Nidalee,0.018703241895261846,0.0,0.4506172839506173
2023,13.19@2023-09-27,Nilah,0.029675810473815463,0.0,0.5061728395061729
2023,13.19@2023-09-27,Nocturne,0.20897755610972568,0.0,0.8209876543209876
2023,13.19@2023-09-27,Nunu & Willump,0.004239401496259352,1.0,0.17592592592592593
2023,13.19@2023-09-27,Olaf,0.13640897755610973,0.0,0.7716049382716049
2023,13.19@2023-09-27,Orianna,0.04987531172069826,0.0,0.6172839506172839
2023,13.19@2023-09-27,Ornn,0.21471321695760598,0.0,0.8271604938271605
2023,13.19@2023-09-27,Pantheon,0.015461346633416459,0.0,0.4104938271604938
2023,13.19@2023-09-27,Poppy,0.5561097256857855,0.0,0.9382716049382716
2023,13.19@2023-09-27,Pyke,0.022443890274314215,2.0,0.4660493827160494
2023,13.19@2023-09-27,Qiyana,0.004239401496259352,0.0,0.17592592592592593
2023,13.19@2023-09-27,Quinn,0.011221945137157107,0.0,0.35802469135802467
2023,13.19@2023-09-27,Rakan,0.6291770573566084,0.0,0.9506172839506173
2023,13.19@2023-09-27,Rek'Sai,0.035910224438902745,-2.0,0.5524691358024691
2023,13.19@2023-09-27,Rell,0.7231920199501247,0.0,0.9938271604938271
2023,13.19@2023-09-27,Renata Glasc,0.038403990024937655,0.0,0.5679012345679012
2023,13.19@2023-09-27,Renekton,0.6668329177057356,-1.0,0.9567901234567902
2023,13.19@2023-09-27,Rengar,0.01371571072319202,0.0,0.39814814814814814
2023,13.19@2023-09-27,Riven,0.005735660847880299,0.0,0.23148148148148148
2023,13.19@2023-09-27,Rumble,0.3518703241895262,0.0,0.8827160493827161
2023,13.19@2023-09-27,Ryze,0.015461346633416459,0.0,0.4104938271604938
2023,13.19@2023-09-27,Samira,0.04139650872817955,0.0,0.5864197530864198
2023,13.19@2023-09-27,Sejuani,0.6802992518703241,0.0,0.9629629629629629
2023,13.19@2023-09-27,Senna,0.010723192019950124,0.0,0.3425925925925926
2023,13.19@2023-09-27,Seraphine,0.03541147132169576,0.0,0.5432098765432098
2023,13.19@2023-09-27,Sett,0.01371571072319202,0.0,0.39814814814814814
2023,13.19@2023-09-27,Shaco,0.0029925187032418953,0.0,0.13580246913580246
2023,13.19@2023-09-27,Shen,0.00399002493765586,0.0,0.16666666666666666
2023,13.19@2023-09-27,Shyvana,0.00199501246882793,0.0,0.09876543209876543
2023,13.19@2023-09-27,Singed,0.00024937655860349125,0.0,0.024691358024691357
2023,13.19@2023-09-27,Sion,0.11097256857855362,0.0,0.7037037037037037
2023,13.19@2023-09-27,Sivir,0.0688279301745636,0.0,0.6419753086419753
2023,13.19@2023-09-27,Skarner,0.007231920199501247,0.0,0.25925925925925924
2023,13.19@2023-09-27,Sona,0.0024937655860349127,0.0,0.12654320987654322
2023,13.19@2023-09-27,Soraka,0.010723192019950124,0.0,0.3425925925925926
2023,13.19@2023-09-27,Swain,0.016708229426433914,0.0,0.42901234567901236
2023,13.19@2023-09-27,Sylas,0.10473815461346633,0.0,0.6790123456790124
2023,13.19@2023-09-27,Syndra,0.18952618453865336,1.0,0.808641975308642
2023,13.19@2023-09-27,Tahm Kench,0.012718204488778055,0.0,0.36728395061728397
2023,13.19@2023-09-27,Taliyah,0.1059850374064838,0.0,0.691358024691358
2023,13.19@2023-09-27,Taric,0.006234413965087282,0.0,0.24382716049382716
2023,13.19@2023-09-27,Thresh,0.030673316708229426,0.0,0.5185185185185185
2023,13.19@2023-09-27,Tristana,0.6900249376558604,0.0,0.9691358024691358
2023,13.19@2023-09-27,Trundle,0.06633416458852869,0.0,0.6358024691358025
2023,13.19@2023-09-27,Tryndamere,0.004488778054862843,0.0,0.19135802469135801
2023,13.19@2023-09-27,Twisted Fate,0.008478802992518703,0.0,0.2962962962962963
2023,13.19@2023-09-27,Twitch,0.008977556109725686,1.0,0.3148148148148148
2023,13.19@2023-09-27,Udyr,0.012718204488778055,0.0,0.36728395061728397
2023,13.19@2023-09-27,Urgot,0.010473815461346634,0.0,0.3271604938271605
2023,13.19@2023-09-27,Varus,0.26758104738154614,0.0,0.8580246913580247
2023,13.19@2023-09-27,Vayne,0.016458852867830425,0.0,0.41975308641975306
2023,13.19@2023-09-27,Veigar,0.008229426433915213,0.0,0.2808641975308642
2023,13.19@2023-09-27,Vel'Koz,0.0007481296758104738,0.0,0.05864197530864197
2023,13.19@2023-09-27,Vex,0.005735660847880299,0.0,0.23148148148148148
2023,13.19@2023-09-27,Vi,0.4124688279301746,0.0,0.9012345679012346
2023,13.19@2023-09-27,Viego,0.2655860349127182,0.0,0.8518518518518519
2023,13.19@2023-09-27,Viktor,0.045386533665835414,0.0,0.5987654320987654
2023,13.19@2023-09-27,Vladimir,0.004488778054862843,0.0,0.19135802469135801
2023,13.19@2023-09-27,Volibear,0.010723192019950124,0.0,0.3425925925925926
2023,13.19@2023-09-27,Warwick,0.0004987531172069825,0.0,0.046296296296296294
2023,13.19@2023-09-27,Wukong,0.2084788029925187,0.0,0.8148148148148148
2023,13.19@2023-09-27,Xayah,0.701496259351621,0.0,0.9814814814814815
2023,13.19@2023-09-27,Xerath,0.022942643391521196,0.0,0.47530864197530864
2023,13.19@2023-09-27,Xin Zhao,0.02892768079800499,0.0,0.5
2023,13.19@2023-09-27,Yasuo,0.03940149625935162,0.0,0.5740740740740741
2023,13.19@2023-09-27,Yone,0.11221945137157108,0.0,0.7098765432098766
2023,13.19@2023-09-27,Yorick,0.00024937655860349125,0.0,0.024691358024691357
2023,13.19@2023-09-27,Yuumi,0.11546134663341646,0.0,0.7160493827160493
2023,13.19@2023-09-27,Zac,0.0172069825436409,0.0,0.44135802469135804
2023,13.19@2023-09-27,Zed,0.006234413965087282,0.0,0.24382716049382716
2023,13.19@2023-09-27,Zeri,0.25885286783042394,-1.0,0.845679012345679
2023,13.19@2023-09-27,Ziggs,0.10673316708229426,0.0,0.6975308641975309
2023,13.19@2023-09-27,Zilean,0.005486284289276808,0.0,0.2191358024691358
2023,13.19@2023-09-27,Zoe,0.013466334164588529,0.0,0.3888888888888889
2023,13.19@2023-09-27,Zyra,0.00199501246882793,0.0,0.09876543209876543
2024,14.16@2024-08-14,Aatrox,0.11600095670892131,0.0,0.6909090909090909
2024,14.16@2024-08-14,Ahri,0.11097823487204019,0.0,0.6848484848484848
2024,14.16@2024-08-14,Akali,0.04257354699832576,0.0,0.5272727272727272
2024,14.16@2024-08-14,Akshan,0.007892848600813202,0.0,0.28484848484848485
2024,14.16@2024-08-14,Alistar,0.2841425496292753,0.0,0.8424242424242424
2024,14.16@2024-08-14,Amumu,0.026787849796699355,0.0,0.4575757575757576
2024,14.16@2024-08-14,Anivia,0.0035876584549150922,0.0,0.1787878787878788
2024,14.16@2024-08-14,Annie,0.012198038746711314,0.0,0.34545454545454546
2024,14.16@2024-08-14,Aphelios,0.09614924659172447,0.0,0.6666666666666666
2024,14.16@2024-08-14,Ashe,0.6500837120306147,0.0,0.9818181818181818
2024,14.16@2024-08-14,Aurelion Sol,0.08634298014828988,0.0,0.6606060606060606
2024,14.16@2024-08-14,Aurora,0.06649127003109304,0.0,0.6242424242424243
2024,14.16@2024-08-14,Azir,0.2305668500358766,2.0,0.8181818181818182
2024,14.16@2024-08-14,Bard,0.023439368572111936,0.0,0.42424242424242425
2024,14.16@2024-08-14,Bel'Veth,0.01793829227457546,0.0,0.3878787878787879
2024,14.16@2024-08-14,Blitzcrank,0.03563740731882325,0.0,0.503030303030303
2024,14.16@2024-08-14,Brand,0.2920353982300885,0.0,0.8484848484848485
2024,14.16@2024-08-14,Braum,0.30040660129155705,0.0,0.8666666666666667
2024,14.16@2024-08-14,Briar,0.0016742406122937097,0.0,0.08787878787878788
2024,14.16@2024-08-14,Caitlyn,0.10810810810810811,0.0,0.6787878787878788
2024,14.16@2024-08-14,Camille,0.21765127959818226,0.0,0.7818181818181819
2024,14.16@2024-08-14,Cassiopeia,0.024635254723750298,0.0,0.43636363636363634
2024,14.16@2024-08-14,Cho'Gath,0.0028701267639320736,0.0,0.15454545454545454
2024,14.16@2024-08-14,Corki,0.6940923224109065,-2.0,0.9878787878787879
2024,14.16@2024-08-14,Darius,0.051901458981105,0.0,0.5787878787878787
2024,14.16@2024-08-14,Diana,0.023678545802439607,0.0,0.4303030303030303
2024,14.16@2024-08-14,Dr. Mundo,0.02128677349916288,0.0,0.40606060606060607
2024,14.16@2024-08-14,Draven,0.13154747668022004,0.0,0.703030303030303
2024,14.16@2024-08-14,Ekko,0.0026309495336044007,0.0,0.14242424242424243
2024,14.16@2024-08-14,Elise,0.0016742406122937097,0.0,0.08787878787878788
2024,14.16@2024-08-14,Evelynn,0.0031093039942597465,0.0,0.16363636363636364
2024,14.16@2024-08-14,Ezreal,0.48600813202583115,0.0,0.9393939393939394
2024,14.16@2024-08-14,Fiddlesticks,0.002391772303276728,0.0,0.1303030303030303
2024,14.16@2024-08-14,Fiora,0.033006457785218844,0.0,0.49696969696969695
2024,14.16@2024-08-14,Galio,0.026070318105716337,0.0,0.44545454545454544
2024,14.16@2024-08-14,Gangplank,0.009567089213106911,0.0,0.3212121212121212
2024,14.16@2024-08-14,Garen,0.005501076297536474,0.0,0.23939393939393938
2024,14.16@2024-08-14,Gnar,0.22650083712030614,0.0,0.8
2024,14.16@2024-08-14,Gragas,0.07007892848600814,0.0,0.6303030303030303
2024,14.16@2024-08-14,Graves,0.014111456589332695,0.0,0.3575757575757576
2024,14.16@2024-08-14,Gwen,0.07414494140157857,0.0,0.6545454545454545
2024,14.16@2024-08-14,Hecarim,0.0035876584549150922,0.0,0.1787878787878788
2024,14.16@2024-08-14,Heimerdinger,0.0052618990672088015,0.0,0.22424242424242424
2024,14.16@2024-08-14,Hwei,0.30925615881368096,0.0,0.8727272727272727
2024,14.16@2024-08-14,Illaoi,0.006218607988519493,0.0,0.24848484848484848
2024,14.16@2024-08-14,Irelia,0.01530734274097106,0.0,0.36363636363636365
2024,14.16@2024-08-14,Ivern,0.2224348242047357,0.0,0.793939393939394
2024,14.16@2024-08-14,Janna,0.0026309495336044007,0.0,0.14242424242424243
2024,14.16@2024-08-14,Jarvan IV,0.051901458981105,0.0,0.5787878787878787
2024,14.16@2024-08-14,Jax,0.22913178665391054,0.0,0.8121212121212121
2024,14.16@2024-08-14,Jayce,0.13441760344415213,0.0,0.7090909090909091
2024,14.16@2024-08-14,Jhin,0.19301602487443195,0.0,0.7696969696969697
2024,14.16@2024-08-14,Jinx,0.23271944510882564,0.0,0.8242424242424242
2024,14.16@2024-08-14,K'Sante,0.5137526907438412,0.0,0.9515151515151515
2024,14.16@2024-08-14,Kai'Sa,0.3350872996890696,0.0,0.8848484848484849
2024,14.16@2024-08-14,Kalista,0.36283185840707965,0.0,0.9030303030303031
2024,14.16@2024-08-14,Karma,0.03683329347046161,0.0,0.509090909090909
2024,14.16@2024-08-14,Karthus,0.15426931356134896,0.0,0.7212121212121212
2024,14.16@2024-08-14,Kassadin,0.0014350633819660368,0.0,0.0696969696969697
2024,14.16@2024-08-14,Katarina,0.001195886151638364,0.0,0.05757575757575758
2024,14.16@2024-08-14,Kayle,0.0019134178426213825,0.0,0.10606060606060606
2024,14.16@2024-08-14,Kayn,0.0028701267639320736,0.0,0.15454545454545454
2024,14.16@2024-08-14,Kennen,0.1592920353982301,0.0,0.7333333333333333
2024,14.16@2024-08-14,Kha'Zix,0.016503228892609422,0.0,0.37575757575757573
2024,14.16@2024-08-14,Kindred,0.04855297775651758,0.0,0.5515151515151515
2024,14.16@2024-08-14,Kled,0.003826835685242765,0.0,0.19393939393939394
2024,14.16@2024-08-14,Kog'Maw,0.008849557522123894,0.0,0.3151515151515151
2024,14.16@2024-08-14,LeBlanc,0.2961014111456589,0.0,0.8545454545454545
2024,14.16@2024-08-14,Lee Sin,0.1284381726859603,0.0,0.696969696969697
2024,14.16@2024-08-14,Leona,0.5845491509208324,0.0,0.9696969696969697
2024,14.16@2024-08-14,Lillia,0.1865582396555848,0.0,0.7575757575757576
2024,14.16@2024-08-14,Lissandra,0.004783544606553456,0.0,0.21212121212121213
2024,14.16@2024-08-14,Lucian,0.338435780913657,0.0,0.8909090909090909
2024,14.16@2024-08-14,Lulu,0.044726142071274816,0.0,0.5424242424242425
2024,14.16@2024-08-14,Lux,0.01195886151638364,0.0,0.3393939393939394
2024,14.16@2024-08-14,Malphite,0.06362114326716097,0.0,0.6181818181818182
2024,14.16@2024-08-14,Malzahar,0.0021525950729490554,0.0,0.11818181818181818
2024,14.16@2024-08-14,Maokai,0.4156900263094953,0.0,0.9272727272727272
2024,14.16@2024-08-14,Milio,0.026787849796699355,0.0,0.4575757575757576
2024,14.16@2024-08-14,Miss Fortune,0.18177469504903132,0.0,0.7515151515151515
2024,14.16@2024-08-14,Mordekaiser,0.040660129155704376,0.0,0.5212121212121212
2024,14.16@2024-08-14,Morgana,0.010045443673762257,0.0,0.32727272727272727
2024,14.16@2024-08-14,Naafiri,0.0033484812245874193,0.0,0.1696969696969697
2024,14.16@2024-08-14,Nami,0.0545324085147094,0.0,0.593939393939394
2024,14.16@2024-08-14,Nasus,0.008132025831140876,0.0,0.296969696969697
2024,14.16@2024-08-14,Nautilus,0.6022482659650801,0.0,0.9757575757575757
2024,14.16@2024-08-14,Neeko,0.057402535278641476,0.0,0.6
2024,14.16@2024-08-14,Nidalee,0.29849318344893566,0.0,0.8606060606060606
2024,14.16@2024-08-14,Nilah,0.011002152595072949,0.0,0.3333333333333333
2024,14.16@2024-08-14,Nocturne,0.044726142071274816,0.0,0.5424242424242425
2024,14.16@2024-08-14,Nunu & Willump,0.008132025831140876,0.0,0.296969696969697
2024,14.16@2024-08-14,Olaf,0.0729490552499402,0.0,0.6424242424242425
2024,14.16@2024-08-14,Orianna,0.16503228892609423,1.0,0.7454545454545455
2024,14.16@2024-08-14,Ornn,0.16240133939248982,0.0,0.7393939393939394
2024,14.16@2024-08-14,Pantheon,0.016264051662281752,0.0,0.3696969696969697
2024,14.16@2024-08-14,Poppy,0.14111456589332697,0.0,0.7151515151515152
2024,14.16@2024-08-14,Pyke,0.03061468548194212,0.0,0.48484848484848486
2024,14.16@2024-08-14,Qiyana,0.0007175316909830184,0.0,0.03939393939393939
2024,14.16@2024-08-14,Quinn,0.0014350633819660368,0.0,0.0696969696969697
2024,14.16@2024-08-14,Rakan,0.18799330303755082,0.0,0.7636363636363637
2024,14.16@2024-08-14,Rek'Sai,0.04376943314996412,0.0,0.5333333333333333
2024,14.16@2024-08-14,Rell,0.5149485768954796,0.0,0.9575757575757575
2024,14.16@2024-08-14,Renata Glasc,0.09901937335565654,0.0,0.6727272727272727
2024,14.16@2024-08-14,Renekton,0.4336283185840708,0.0,0.9333333333333333
2024,14.16@2024-08-14,Rengar,0.013393924898349677,0.0,0.3515151515151515
2024,14.16@2024-08-14,Riven,0.0052618990672088015,0.0,0.22424242424242424
2024,14.16@2024-08-14,Rumble,0.7947859363788567,0.0,1.0
2024,14.16@2024-08-14,Ryze,0.006457785218847166,0.0,0.2606060606060606
2024,14.16@2024-08-14,Samira,0.006457785218847166,0.0,0.2606060606060606
2024,14.16@2024-08-14,Sejuani,0.5163836402774455,0.0,0.9636363636363636
2024,14.16@2024-08-14,Senna,0.2645300167424061,0.0,0.8363636363636363
2024,14.16@2024-08-14,Seraphine,0.03228892609423583,0.0,0.4909090909090909
2024,14.16@2024-08-14,Sett,0.006457785218847166,0.0,0.2606060606060606
2024,14.16@2024-08-14,Shaco,0.00023917723032767282,0.0,0.006060606060606061
2024,14.16@2024-08-14,Shen,0.006936139679502512,0.0,0.2727272727272727
2024,14.16@2024-08-14,Shyvana,0.026070318105716337,0.0,0.44545454545454544
2024,14.16@2024-08-14,Singed,0.00047835446065534564,0.0,0.01818181818181818
2024,14.16@2024-08-14,Sion,0.037790002391772305,0.0,0.5151515151515151
2024,14.16@2024-08-14,Sivir,0.018177469504903135,0.0,0.3939393939393939
2024,14.16@2024-08-14,Skarner,0.5096866778282707,2.0,0.9454545454545454
2024,14.16@2024-08-14,Smolder,0.050944750059794305,0.0,0.5696969696969697
2024,14.16@2024-08-14,Sona,0.001195886151638364,0.0,0.05757575757575758
2024,14.16@2024-08-14,Soraka,0.0016742406122937097,0.0,0.08787878787878788
2024,14.16@2024-08-14,Swain,0.0019134178426213825,0.0,0.10606060606060606
2024,14.16@2024-08-14,Sylas,0.0272662042573547,2.0,0.4727272727272727
2024,14.16@2024-08-14,Syndra,0.07342740971059555,1.0,0.6484848484848484
2024,14.16@2024-08-14,Tahm Kench,0.027505381487682373,0.0,0.47878787878787876
2024,14.16@2024-08-14,Taliyah,0.3845969863668979,0.0,0.9212121212121213
2024,14.16@2024-08-14,Talon,0.0007175316909830184,0.0,0.03939393939393939
2024,14.16@2024-08-14,Taric,0.008132025831140876,0.0,0.296969696969697
2024,14.16@2024-08-14,Teemo,0.00047835446065534564,0.0,0.01818181818181818
2024,14.16@2024-08-14,Thresh,0.02702702702702703,0.0,0.4666666666666667
2024,14.16@2024-08-14,Tristana,0.7483855536952883,0.0,0.9939393939393939
2024,14.16@2024-08-14,Trundle,0.003826835685242765,0.0,0.19393939393939394
2024,14.16@2024-08-14,Tryndamere,0.022482659650801245,0.0,0.4121212121212121
2024,14.16@2024-08-14,Twisted Fate,0.2276967232719445,0.0,0.806060606060606
2024,14.16@2024-08-14,Twitch,0.0071753169098301844,0.0,0.2787878787878788
2024,14.16@2024-08-14,Udyr,0.0633819660368333,0.0,0.6121212121212121
2024,14.16@2024-08-14,Urgot,0.018416646735230805,0.0,0.4
2024,14.16@2024-08-14,Varus,0.3731164793111696,0.0,0.9151515151515152
2024,14.16@2024-08-14,Vayne,0.053336522363071036,0.0,0.5878787878787879
2024,14.16@2024-08-14,Veigar,0.002391772303276728,0.0,0.1303030303030303
2024,14.16@2024-08-14,Vel'Koz,0.0021525950729490554,0.0,0.11818181818181818
2024,14.16@2024-08-14,Vex,0.004544367376225784,0.0,0.20606060606060606
2024,14.16@2024-08-14,Vi,0.36689787132265006,1.0,0.9090909090909091
2024,14.16@2024-08-14,Viego,0.22219564697440802,0.0,0.7878787878787878
2024,14.16@2024-08-14,Viktor,0.017220760583592443,0.0,0.38181818181818183
2024,14.16@2024-08-14,Vladimir,0.005501076297536474,0.0,0.23939393939393938
2024,14.16@2024-08-14,Volibear,0.05070557282946663,0.0,0.5636363636363636
2024,14.16@2024-08-14,Warwick,0.00047835446065534564,0.0,0.01818181818181818
2024,14.16@2024-08-14,Wukong,0.022721836881128915,2.0,0.41818181818181815
2024,14.16@2024-08-14,Xayah,0.07199234632862951,0.0,0.6363636363636364
2024,14.16@2024-08-14,Xerath,0.003826835685242765,0.0,0.19393939393939394
2024,14.16@2024-08-14,Xin Zhao,0.2111934943793351,0.0,0.7757575757575758
2024,14.16@2024-08-14,Yasuo,0.05022721836881129,0.0,0.5575757575757576
2024,14.16@2024-08-14,Yone,0.2523319779956948,0.0,0.8303030303030303
2024,14.16@2024-08-14,Yorick,0.0016742406122937097,0.0,0.08787878787878788
2024,14.16@2024-08-14,Yuumi,0.0007175316909830184,0.0,0.03939393939393939
2024,14.16@2024-08-14,Zac,0.06122937096388424,0.0,0.6060606060606061
2024,14.16@2024-08-14,Zed,0.008371203061468548,0.0,0.3090909090909091
2024,14.16@2024-08-14,Zeri,0.3525472375029897,0.0,0.896969696969697
2024,14.16@2024-08-14,Ziggs,0.1590528581679024,0.0,0.7272727272727273
2024,14.16@2024-08-14,Zilean,0.0007175316909830184,0.0,0.03939393939393939
2024,14.16@2024-08-14,Zoe,0.0052618990672088015,0.0,0.22424242424242424
2024,14.16@2024-08-14,Zyra,0.3255202104759627,0.0,0.8787878787878788
2024,14.16@2024-08-15,Aatrox,0.11531100478468899,0.0,0.6909090909090909
2024,14.16@2024-08-15,Ahri,0.11004784688995216,0.0,0.6848484848484848
2024,14.16@2024-08-15,Akali,0.041866028708133975,0.0,0.5272727272727272
2024,14.16@2024-08-15,Akshan,0.007894736842105263,0.0,0.28484848484848485
2024,14.16@2024-08-15,Alistar,0.28444976076555023,0.0,0.8424242424242424
2024,14.16@2024-08-15,Amumu,0.02751196172248804,0.0,0.47878787878787876
2024,14.16@2024-08-15,Anivia,0.0035885167464114833,0.0,0.1787878787878788
2024,14.16@2024-08-15,Annie,0.012200956937799042,0.0,0.34545454545454546
2024,14.16@2024-08-15,Aphelios,0.09593301435406698,0.0,0.6666666666666666
2024,14.16@2024-08-15,Ashe,0.6519138755980861,0.0,0.9818181818181818
2024,14.16@2024-08-15,Aurelion Sol,0.08588516746411483,0.0,0.6606060606060606
2024,14.16@2024-08-15,Aurora,0.06889952153110047,0.0,0.6242424242424243
2024,14.16@2024-08-15,Azir,0.23086124401913877,0.0,0.8181818181818182
2024,14.16@2024-08-15,Bard,0.023444976076555026,0.0,0.42424242424242425
2024,14.16@2024-08-15,Bel'Veth,0.017942583732057416,0.0,0.3878787878787879
2024,14.16@2024-08-15,Blitzcrank,0.0354066985645933,0.0,0.503030303030303
2024,14.16@2024-08-15,Brand,0.291866028708134,0.0,0.8484848484848485
2024,14.16@2024-08-15,Braum,0.3007177033492823,0.0,0.8666666666666667
2024,14.16@2024-08-15,Briar,0.0016746411483253589,0.0,0.08787878787878788
2024,14.16@2024-08-15,Caitlyn,0.10885167464114832,0.0,0.6787878787878788
2024,14.16@2024-08-15,Camille,0.21722488038277513,0.0,0.7818181818181819
2024,14.16@2024-08-15,Cassiopeia,0.024641148325358853,0.0,0.43636363636363634
2024,14.16@2024-08-15,Cho'Gath,0.0028708133971291866,0.0,0.15454545454545454
2024,14.16@2024-08-15,Corki,0.6947368421052632,0.0,0.9878787878787879
2024,14.16@2024-08-15,Darius,0.05191387559808613,0.0,0.5818181818181818
2024,14.16@2024-08-15,Diana,0.023923444976076555,0.0,0.4303030303030303
2024,14.16@2024-08-15,Dr. Mundo,0.021291866028708133,0.0,0.40606060606060607
2024,14.16@2024-08-15,Draven,0.13086124401913876,0.0,0.703030303030303
2024,14.16@2024-08-15,Ekko,0.002631578947368421,0.0,0.14242424242424243
2024,14.16@2024-08-15,Elise,0.0016746411483253589,0.0,0.08787878787878788
2024,14.16@2024-08-15,Evelynn,0.003110047846889952,0.0,0.16363636363636364
2024,14.16@2024-08-15,Ezreal,0.48851674641148324,0.0,0.9393939393939394
2024,14.16@2024-08-15,Fiddlesticks,0.0023923444976076554,0.0,0.1303030303030303
2024,14.16@2024-08-15,Fiora,0.03301435406698565,0.0,0.49696969696969695
2024,14.16@2024-08-15,Galio,0.02583732057416268,0.0,0.44242424242424244
2024,14.16@2024-08-15,Gangplank,0.009569377990430622,0.0,0.3212121212121212
2024,14.16@2024-08-15,Garen,0.005502392344497608,0.0,0.23939393939393938
2024,14.16@2024-08-15,Gnar,0.22727272727272727,0.0,0.8
2024,14.16@2024-08-15,Gragas,0.07009569377990431,0.0,0.6303030303030303
2024,14.16@2024-08-15,Graves,0.014114832535885167,0.0,0.3575757575757576
2024,14.16@2024-08-15,Gwen,0.07416267942583732,0.0,0.6545454545454545
2024,14.16@2024-08-15,Hecarim,0.0035885167464114833,0.0,0.1787878787878788
2024,14.16@2024-08-15,Heimerdinger,0.005263157894736842,0.0,0.22424242424242424
2024,14.16@2024-08-15,Hwei,0.30933014354066984,0.0,0.8727272727272727
2024,14.16@2024-08-15,Illaoi,0.006220095693779904,0.0,0.24848484848484848
2024,14.16@2024-08-15,Irelia,0.015311004784688996,0.0,0.36363636363636365
2024,14.16@2024-08-15,Ivern,0.22392344497607655,0.0,0.793939393939394
2024,14.16@2024-08-15,Janna,0.002631578947368421,0.0,0.14242424242424243
2024,14.16@2024-08-15,Jarvan IV,0.05167464114832536,0.0,0.5757575757575758
2024,14.16@2024-08-15,Jax,0.22822966507177034,0.0,0.8121212121212121
2024,14.16@2024-08-15,Jayce,0.134688995215311,0.0,0.7090909090909091
2024,14.16@2024-08-15,Jhin,0.19354066985645932,0.0,0.7696969696969697
2024,14.16@2024-08-15,Jinx,0.23205741626794257,0.0,0.8242424242424242
2024,14.16@2024-08-15,K'Sante,0.5143540669856459,0.0,0.9515151515151515
2024,14.16@2024-08-15,Kai'Sa,0.3361244019138756,0.0,0.8848484848484849
2024,14.16@2024-08-15,Kalista,0.36363636363636365,0.0,0.9030303030303031
2024,14.16@2024-08-15,Karma,0.03660287081339713,0.0,0.509090909090909
2024,14.16@2024-08-15,Karthus,0.15430622009569378,0.0,0.7212121212121212
2024,14.16@2024-08-15,Kassadin,0.0014354066985645933,0.0,0.0696969696969697
2024,14.16@2024-08-15,Katarina,0.0011961722488038277,0.0,0.05757575757575758
2024,14.16@2024-08-15,Kayle,0.0019138755980861245,0.0,0.10606060606060606
2024,14.16@2024-08-15,Kayn,0.0028708133971291866,0.0,0.15454545454545454
2024,14.16@2024-08-15,Kennen,0.16052631578947368,0.0,0.7333333333333333
2024,14.16@2024-08-15,Kha'Zix,0.016507177033492824,0.0,0.37575757575757573
2024,14.16@2024-08-15,Kindred,0.04808612440191388,0.0,0.5515151515151515
2024,14.16@2024-08-15,Kled,0.003827751196172249,0.0,0.19393939393939394
2024,14.16@2024-08-15,Kog'Maw,0.008851674641148326,0.0,0.3151515151515151
2024,14.16@2024-08-15,LeBlanc,0.29736842105263156,0.0,0.8545454545454545
2024,14.16@2024-08-15,Lee Sin,0.1284688995215311,0.0,0.696969696969697
2024,14.16@2024-08-15,Leona,0.5858851674641148,0.0,0.9696969696969697
2024,14.16@2024-08-15,Lillia,0.18732057416267942,0.0,0.7575757575757576
2024,14.16@2024-08-15,Lissandra,0.004784688995215311,0.0,0.21212121212121213
2024,14.16@2024-08-15,Lucian,0.3382775119617225,0.0,0.8909090909090909
2024,14.16@2024-08-15,Lulu,0.04449760765550239,0.0,0.5393939393939394
2024,14.16@2024-08-15,Lux,0.011961722488038277,0.0,0.3393939393939394
2024,14.16@2024-08-15,Malphite,0.06363636363636363,0.0,0.6181818181818182
2024,14.16@2024-08-15,Malzahar,0.00215311004784689,0.0,0.11818181818181818
2024,14.16@2024-08-15,Maokai,0.4165071770334928,0.0,0.9272727272727272
2024,14.16@2024-08-15,Milio,0.026794258373205742,0.0,0.4575757575757576
2024,14.16@2024-08-15,Miss Fortune,0.18229665071770335,0.0,0.7515151515151515
2024,14.16@2024-08-15,Mordekaiser,0.04043062200956938,0.0,0.5212121212121212
2024,14.16@2024-08-15,Morgana,0.010047846889952153,0.0,0.32727272727272727
2024,14.16@2024-08-15,Naafiri,0.0033492822966507177,0.0,0.1696969696969697
2024,14.16@2024-08-15,Nami,0.05406698564593301,0.0,0.593939393939394
2024,14.16@2024-08-15,Nasus,0.008133971291866028,0.0,0.296969696969697
2024,14.16@2024-08-15,Nautilus,0.6014354066985645,0.0,0.9757575757575757
2024,14.16@2024-08-15,Neeko,0.057177033492822965,0.0,0.6
2024,14.16@2024-08-15,Nidalee,0.30023923444976075,0.0,0.8606060606060606
2024,14.16@2024-08-15,Nilah,0.011004784688995215,0.0,0.3333333333333333
2024,14.16@2024-08-15,Nocturne,0.04521531100478469,0.0,0.5454545454545454
2024,14.16@2024-08-15,Nunu & Willump,0.008133971291866028,0.0,0.296969696969697
2024,14.16@2024-08-15,Olaf,0.07272727272727272,0.0,0.6424242424242425
2024,14.16@2024-08-15,Orianna,0.16483253588516747,0.0,0.7454545454545455
2024,14.16@2024-08-15,Ornn,0.16220095693779904,0.0,0.7393939393939394
2024,14.16@2024-08-15,Pantheon,0.016267942583732056,0.0,0.3696969696969697
2024,14.16@2024-08-15,Poppy,0.1409090909090909,0.0,0.7151515151515152
2024,14.16@2024-08-15,Pyke,0.03062200956937799,0.0,0.48484848484848486
2024,14.16@2024-08-15,Qiyana,0.0007177033492822966,0.0,0.03939393939393939
2024,14.16@2024-08-15,Quinn,0.0014354066985645933,0.0,0.0696969696969697
2024,14.16@2024-08-15,Rakan,0.1882775119617225,0.0,0.7636363636363637
2024,14.16@2024-08-15,Rek'Sai,0.04377990430622009,0.0,0.5333333333333333
2024,14.16@2024-08-15,Rell,0.5155502392344498,0.0,0.9575757575757575
2024,14.16@2024-08-15,Renata Glasc,0.09880382775119617,0.0,0.6727272727272727
2024,14.16@2024-08-15,Renekton,0.43444976076555025,0.0,0.9333333333333333
2024,14.16@2024-08-15,Rengar,0.013157894736842105,0.0,0.3515151515151515
2024,14.16@2024-08-15,Riven,0.005263157894736842,0.0,0.22424242424242424
2024,14.16@2024-08-15,Rumble,0.7971291866028708,0.0,1.0
2024,14.16@2024-08-15,Ryze,0.00645933014354067,0.0,0.2606060606060606
2024,14.16@2024-08-15,Samira,0.00645933014354067,0.0,0.2606060606060606
2024,14.16@2024-08-15,Sejuani,0.5179425837320574,0.0,0.9636363636363636
2024,14.16@2024-08-15,Senna,0.2657894736842105,0.0,0.8363636363636363
2024,14.16@2024-08-15,Seraphine,0.03253588516746411,0.0,0.4909090909090909
2024,14.16@2024-08-15,Sett,0.00645933014354067,0.0,0.2606060606060606
2024,14.16@2024-08-15,Shaco,0.00023923444976076556,0.0,0.006060606060606061
2024,14.16@2024-08-15,Shen,0.007177033492822967,0.0,0.2787878787878788
2024,14.16@2024-08-15,Shyvana,0.02631578947368421,0.0,0.4484848484848485
2024,14.16@2024-08-15,Singed,0.0004784688995215311,0.0,0.01818181818181818
2024,14.16@2024-08-15,Sion,0.03755980861244019,0.0,0.5151515151515151
2024,14.16@2024-08-15,Sivir,0.01818181818181818,0.0,0.3939393939393939
2024,14.16@2024-08-15,Skarner,0.5083732057416268,0.0,0.9454545454545454
2024,14.16@2024-08-15,Smolder,0.05143540669856459,0.0,0.5696969696969697
2024,14.16@2024-08-15,Sona,0.0011961722488038277,0.0,0.05757575757575758
2024,14.16@2024-08-15,Soraka,0.0016746411483253589,0.0,0.08787878787878788
2024,14.16@2024-08-15,Swain,0.0019138755980861245,0.0,0.10606060606060606
2024,14.16@2024-08-15,Sylas,0.027033492822966507,0.0,0.4696969696969697
2024,14.16@2024-08-15,Syndra,0.07320574162679426,0.0,0.6484848484848484
2024,14.16@2024-08-15,Tahm Kench,0.027033492822966507,0.0,0.4696969696969697
2024,14.16@2024-08-15,Taliyah,0.3832535885167464,0.0,0.9212121212121213
2024,14.16@2024-08-15,Talon,0.0007177033492822966,0.0,0.03939393939393939
2024,14.16@2024-08-15,Taric,0.008133971291866028,0.0,0.296969696969697
2024,14.16@2024-08-15,Teemo,0.0004784688995215311,0.0,0.01818181818181818
2024,14.16@2024-08-15,Thresh,0.026794258373205742,0.0,0.4575757575757576
2024,14.16@2024-08-15,Tristana,0.7492822966507177,0.0,0.9939393939393939
2024,14.16@2024-08-15,Trundle,0.003827751196172249,0.0,0.19393939393939394
2024,14.16@2024-08-15,Tryndamere,0.022488038277511963,0.0,0.4121212121212121
2024,14.16@2024-08-15,Twisted Fate,0.22799043062200958,0.0,0.806060606060606
2024,14.16@2024-08-15,Twitch,0.0066985645933014355,0.0,0.2727272727272727
2024,14.16@2024-08-15,Udyr,0.06220095693779904,0.0,0.6121212121212121
2024,14.16@2024-08-15,Urgot,0.018421052631578946,0.0,0.4
2024,14.16@2024-08-15,Varus,0.37200956937799046,0.0,0.9151515151515152
2024,14.16@2024-08-15,Vayne,0.053349282296650716,0.0,0.5878787878787879
2024,14.16@2024-08-15,Veigar,0.0023923444976076554,0.0,0.1303030303030303
2024,14.16@2024-08-15,Vel'Koz,0.00215311004784689,0.0,0.11818181818181818
2024,14.16@2024-08-15,Vex,0.004545454545454545,0.0,0.20606060606060606
2024,14.16@2024-08-15,Vi,0.36818181818181817,0.0,0.9090909090909091
2024,14.16@2024-08-15,Viego,0.22248803827751196,0.0,0.7878787878787878
2024,14.16@2024-08-15,Viktor,0.01722488038277512,0.0,0.38181818181818183
2024,14.16@2024-08-15,Vladimir,0.005502392344497608,0.0,0.23939393939393938
2024,14.16@2024-08-15,Volibear,0.050239234449760764,0.0,0.5575757575757576
2024,14.16@2024-08-15,Warwick,0.0004784688995215311,0.0,0.01818181818181818
2024,14.16@2024-08-15,Wukong,0.022727272727272728,0.0,0.41818181818181815
2024,14.16@2024-08-15,Xayah,0.0715311004784689,0.0,0.6363636363636364
2024,14.16@2024-08-15,Xerath,0.003827751196172249,0.0,0.19393939393939394
2024,14.16@2024-08-15,Xin Zhao,0.21052631578947367,0.0,0.7757575757575758
2024,14.16@2024-08-15,Yasuo,0.05095693779904306,0.0,0.5636363636363636
2024,14.16@2024-08-15,Yone,0.25311004784688995,0.0,0.8303030303030303
2024,14.16@2024-08-15,Yorick,0.0016746411483253589,0.0,0.08787878787878788
2024,14.16@2024-08-15,Yuumi,0.0007177033492822966,0.0,0.03939393939393939
2024,14.16@2024-08-15,Zac,0.061004784688995214,0.0,0.6060606060606061
2024,14.16@2024-08-15,Zed,0.008373205741626795,0.0,0.3090909090909091
2024,14.16@2024-08-15,Zeri,0.35287081339712917,0.0,0.896969696969697
2024,14.16@2024-08-15,Ziggs,0.15933014354066985,0.0,0.7272727272727273
2024,14.16@2024-08-15,Zilean,0.0007177033492822966,0.0,0.03939393939393939
2024,14.16@2024-08-15,Zoe,0.005263157894736842,0.0,0.22424242424242424
2024,14.16@2024-08-15,Zyra,0.32679425837320575,0.0,0.8787878787878788
2024,14.17@2024-08-28,Aatrox,0.10943396226415095,0.0,0.6848484848484848
2024,14.17@2024-08-28,Ahri,0.08820754716981132,0.0,0.6666666666666666
2024,14.17@2024-08-28,Akali,0.035849056603773584,0.0,0.49696969696969695
2024,14.17@2024-08-28,Akshan,0.007783018867924528,0.0,0.2787878787878788
2024,14.17@2024-08-28,Alistar,0.3070754716981132,0.0,0.8666666666666667
2024,14.17@2024-08-28,Amumu,0.03349056603773585,0.0,0.4909090909090909
2024,14.17@2024-08-28,Anivia,0.0037735849056603774,0.0,0.18787878787878787
2024,14.17@2024-08-28,Annie,0.01179245283018868,0.0,0.3242424242424242
2024,14.17@2024-08-28,Aphelios,0.08915094339622641,0.0,0.6727272727272727
2024,14.17@2024-08-28,Ashe,0.6714622641509433,-1.0,0.9818181818181818
2024,14.17@2024-08-28,Aurelion Sol,0.07075471698113207,0.0,0.6242424242424243
2024,14.17@2024-08-28,Aurora,0.08160377358490566,-2.0,0.6606060606060606
2024,14.17@2024-08-28,Azir,0.23042452830188678,0.0,0.8121212121212121
2024,14.17@2024-08-28,Bard,0.025707547169811322,0.0,0.46060606060606063
2024,14.17@2024-08-28,Bel'Veth,0.01721698113207547,0.0,0.3878787878787879
2024,14.17@2024-08-28,Blitzcrank,0.036556603773584904,0.0,0.503030303030303
2024,14.17@2024-08-28,Brand,0.30566037735849055,-2.0,0.8606060606060606
2024,14.17@2024-08-28,Braum,0.32028301886792454,0.0,0.8727272727272727
2024,14.17@2024-08-28,Briar,0.0014150943396226414,0.0,0.07575757575757576
2024,14.17@2024-08-28,Caitlyn,0.11179245283018868,2.0,0.6909090909090909
2024,14.17@2024-08-28,Camille,0.20943396226415095,0.0,0.7636363636363637
2024,14.17@2024-08-28,Cassiopeia,0.025,0.0,0.44545454545454544
2024,14.17@2024-08-28,Cho'Gath,0.003066037735849057,0.0,0.16363636363636364
2024,14.17@2024-08-28,Corki,0.7106132075471698,0.0,0.9878787878787879
2024,14.17@2024-08-28,Darius,0.05518867924528302,0.0,0.593939393939394
2024,14.17@2024-08-28,Diana,0.025,0.0,0.44545454545454544
2024,14.17@2024-08-28,Dr. Mundo,0.022169811320754716,0.0,0.41515151515151516
2024,14.17@2024-08-28,Draven,0.12287735849056604,0.0,0.703030303030303
2024,14.17@2024-08-28,Ekko,0.0025943396226415093,0.0,0.14545454545454545
2024,14.17@2024-08-28,Elise,0.0016509433962264152,0.0,0.09090909090909091
2024,14.17@2024-08-28,Evelynn,0.0018867924528301887,0.0,0.10606060606060606
2024,14.17@2024-08-28,Ezreal,0.5275943396226415,-1.0,0.9575757575757575
2024,14.17@2024-08-28,Fiddlesticks,0.0023584905660377358,0.0,0.13636363636363635
2024,14.17@2024-08-28,Fiora,0.03160377358490566,0.0,0.48484848484848486
2024,14.17@2024-08-28,Galio,0.026415094339622643,0.0,0.4666666666666667
2024,14.17@2024-08-28,Gangplank,0.012735849056603774,0.0,0.34545454545454546
2024,14.17@2024-08-28,Garen,0.00589622641509434,0.0,0.22727272727272727
2024,14.17@2024-08-28,Gnar,0.24245283018867925,0.0,0.8181818181818182
2024,14.17@2024-08-28,Gragas,0.06910377358490566,0.0,0.6181818181818182
2024,14.17@2024-08-28,Graves,0.0125,2.0,0.3393939393939394
2024,14.17@2024-08-28,Gwen,0.07641509433962264,0.0,0.6545454545454545
2024,14.17@2024-08-28,Hecarim,0.0047169811320754715,0.0,0.20909090909090908
2024,14.17@2024-08-28,Heimerdinger,0.004952830188679245,0.0,0.21818181818181817
2024,14.17@2024-08-28,Hwei,0.2955188679245283,0.0,0.8424242424242424
2024,14.17@2024-08-28,Illaoi,0.006132075471698114,0.0,0.23939393939393938
2024,14.17@2024-08-28,Irelia,0.01509433962264151,0.0,0.35454545454545455
2024,14.17@2024-08-28,Ivern,0.2436320754716981,0.0,0.8242424242424242
2024,14.17@2024-08-28,Janna,0.002830188679245283,0.0,0.15454545454545454
2024,14.17@2024-08-28,Jarvan IV,0.04693396226415095,0.0,0.5575757575757576
2024,14.17@2024-08-28,Jax,0.22806603773584905,0.0,0.8
2024,14.17@2024-08-28,Jayce,0.13820754716981132,0.0,0.7090909090909091
2024,14.17@2024-08-28,Jhin,0.21014150943396226,0.0,0.7696969696969697
2024,14.17@2024-08-28,Jinx,0.217688679245283,0.0,0.793939393939394
2024,14.17@2024-08-28,K'Sante,0.5106132075471698,0.0,0.9454545454545454
2024,14.17@2024-08-28,Kai'Sa,0.3438679245283019,0.0,0.8909090909090909
2024,14.17@2024-08-28,Kalista,0.3429245283018868,0.0,0.8848484848484849
2024,14.17@2024-08-28,Karma,0.037264150943396225,0.0,0.5151515151515151
2024,14.17@2024-08-28,Karthus,0.15377358490566037,0.0,0.7272727272727273
2024,14.17@2024-08-28,Kassadin,0.0011792452830188679,0.0,0.06666666666666667
2024,14.17@2024-08-28,Katarina,0.0009433962264150943,-1.0,0.05454545454545454
2024,14.17@2024-08-28,Kayle,0.0018867924528301887,0.0,0.10606060606060606
2024,14.17@2024-08-28,Kayn,0.002830188679245283,0.0,0.15454545454545454
2024,14.17@2024-08-28,Kennen,0.18089622641509434,-1.0,0.7454545454545455
2024,14.17@2024-08-28,Kha'Zix,0.015330188679245283,0.0,0.36363636363636365
2024,14.17@2024-08-28,Kindred,0.04834905660377359,2.0,0.5757575757575758
2024,14.17@2024-08-28,Kled,0.0037735849056603774,0.0,0.18787878787878787
2024,14.17@2024-08-28,Kog'Maw,0.008726415094339622,0.0,0.3090909090909091
2024,14.17@2024-08-28,LeBlanc,0.2990566037735849,-2.0,0.8484848484848485
2024,14.17@2024-08-28,Lee Sin,0.12075471698113208,0.0,0.696969696969697
2024,14.17@2024-08-28,Leona,0.6141509433962264,0.0,0.9757575757575757
2024,14.17@2024-08-28,Lillia,0.21745283018867925,-1.0,0.7878787878787878
2024,14.17@2024-08-28,Lissandra,0.0047169811320754715,2.0,0.20909090909090908
2024,14.17@2024-08-28,Lucian,0.33820754716981133,0.0,0.8787878787878788
2024,14.17@2024-08-28,Lulu,0.0375,0.0,0.5242424242424243
2024,14.17@2024-08-28,Lux,0.01179245283018868,0.0,0.3242424242424242
2024,14.17@2024-08-28,Malphite,0.06462264150943396,0.0,0.6121212121212121
2024,14.17@2024-08-28,Malzahar,0.0021226415094339622,0.0,0.12121212121212122
2024,14.17@2024-08-28,Maokai,0.44858490566037734,0.0,0.9272727272727272
2024,14.17@2024-08-28,Milio,0.023349056603773583,0.0,0.43333333333333335
2024,14.17@2024-08-28,Miss Fortune,0.22830188679245284,0.0,0.806060606060606
2024,14.17@2024-08-28,Mordekaiser,0.039858490566037734,0.0,0.5454545454545454
2024,14.17@2024-08-28,Morgana,0.011084905660377358,0.0,0.3151515151515151
2024,14.17@2024-08-28,Naafiri,0.003537735849056604,0.0,0.17272727272727273
2024,14.17@2024-08-28,Nami,0.037971698113207546,0.0,0.5333333333333333
2024,14.17@2024-08-28,Nasus,0.016981132075471698,0.0,0.38181818181818183
2024,14.17@2024-08-28,Nautilus,0.5787735849056603,0.0,0.9696969696969697
2024,14.17@2024-08-28,Neeko,0.04929245283018868,0.0,0.5818181818181818
2024,14.17@2024-08-28,Nidalee,0.30400943396226415,0.0,0.8545454545454545
2024,14.17@2024-08-28,Nilah,0.012264150943396227,0.0,0.3333333333333333
2024,14.17@2024-08-28,Nocturne,0.04245283018867924,0.0,0.5515151515151515
2024,14.17@2024-08-28,Nunu & Willump,0.008018867924528302,0.0,0.2878787878787879
2024,14.17@2024-08-28,Olaf,0.07311320754716981,0.0,0.6424242424242425
2024,14.17@2024-08-28,Orianna,0.14669811320754716,0.0,0.7212121212121212
2024,14.17@2024-08-28,Ornn,0.1641509433962264,0.0,0.7333333333333333
2024,14.17@2024-08-28,Pantheon,0.016745283018867924,0.0,0.37575757575757573
2024,14.17@2024-08-28,Poppy,0.1393867924528302,0.0,0.7151515151515152
2024,14.17@2024-08-28,Pyke,0.031132075471698113,-1.0,0.47878787878787876
2024,14.17@2024-08-28,Qiyana,0.0004716981132075472,0.0,0.01818181818181818
2024,14.17@2024-08-28,Quinn,0.0014150943396226414,0.0,0.07575757575757576
2024,14.17@2024-08-28,Rakan,0.19952830188679246,0.0,0.7575757575757576
2024,14.17@2024-08-28,Rek'Sai,0.0375,0.0,0.5242424242424243
2024,14.17@2024-08-28,Rell,0.5398584905660377,0.0,0.9636363636363636
2024,14.17@2024-08-28,Renata Glasc,0.09339622641509433,0.0,0.6787878787878788
2024,14.17@2024-08-28,Renekton,0.46037735849056605,0.0,0.9333333333333333
2024,14.17@2024-08-28,Rengar,0.01509433962264151,0.0,0.35454545454545455
2024,14.17@2024-08-28,Riven,0.008018867924528302,0.0,0.2878787878787879
2024,14.17@2024-08-28,Rumble,0.8240566037735849,-1.0,1.0
2024,14.17@2024-08-28,Ryze,0.006367924528301887,2.0,0.2515151515151515
2024,14.17@2024-08-28,Samira,0.00589622641509434,0.0,0.22727272727272727
2024,14.17@2024-08-28,Sejuani,0.5226415094339623,0.0,0.9515151515151515
2024,14.17@2024-08-28,Senna,0.252122641509434,-2.0,0.8303030303030303
2024,14.17@2024-08-28,Seraphine,0.03844339622641509,-2.0,0.5393939393939394
2024,14.17@2024-08-28,Sett,0.006603773584905661,0.0,0.2636363636363636
2024,14.17@2024-08-28,Shaco,0.0002358490566037736,0.0,0.006060606060606061
2024,14.17@2024-08-28,Shen,0.007075471698113208,0.0,0.2727272727272727
2024,14.17@2024-08-28,Shyvana,0.03018867924528302,0.0,0.4727272727272727
2024,14.17@2024-08-28,Singed,0.0004716981132075472,0.0,0.01818181818181818
2024,14.17@2024-08-28,Sion,0.03702830188679245,0.0,0.509090909090909
2024,14.17@2024-08-28,Sivir,0.01839622641509434,0.0,0.40606060606060607
2024,14.17@2024-08-28,Skarner,0.4841981132075472,0.0,0.9393939393939394
2024,14.17@2024-08-28,Smolder,0.07311320754716981,0.0,0.6424242424242425
2024,14.17@2024-08-28,Sona,0.0009433962264150943,0.0,0.05454545454545454
2024,14.17@2024-08-28,Soraka,0.0021226415094339622,0.0,0.12121212121212122
2024,14.17@2024-08-28,Swain,0.0023584905660377358,0.0,0.13636363636363635
2024,14.17@2024-08-28,Sylas,0.02547169811320755,-1.0,0.45454545454545453
2024,14.17@2024-08-28,Syndra,0.07193396226415094,0.0,0.6303030303030303
2024,14.17@2024-08-28,Tahm Kench,0.022877358490566036,0.0,0.42424242424242425
2024,14.17@2024-08-28,Taliyah,0.3563679245283019,0.0,0.9090909090909091
2024,14.17@2024-08-28,Talon,0.0009433962264150943,0.0,0.05454545454545454
2024,14.17@2024-08-28,Taric,0.008490566037735849,0.0,0.30303030303030304
2024,14.17@2024-08-28,Teemo,0.0004716981132075472,0.0,0.01818181818181818
2024,14.17@2024-08-28,Thresh,0.022169811320754716,0.0,0.41515151515151516
2024,14.17@2024-08-28,Tristana,0.7431603773584906,0.0,0.9939393939393939
2024,14.17@2024-08-28,Trundle,0.003537735849056604,0.0,0.17272727272727273
2024,14.17@2024-08-28,Tryndamere,0.023349056603773583,0.0,0.43333333333333335
2024,14.17@2024-08-28,Twisted Fate,0.21320754716981133,1.0,0.7757575757575758
2024,14.17@2024-08-28,Twitch,0.006603773584905661,0.0,0.2636363636363636
2024,14.17@2024-08-28,Udyr,0.06320754716981132,0.0,0.6060606060606061
2024,14.17@2024-08-28,Urgot,0.017452830188679245,0.0,0.3939393939393939
2024,14.17@2024-08-28,Varus,0.35235849056603774,2.0,0.896969696969697
2024,14.17@2024-08-28,Vayne,0.047405660377358494,0.0,0.5636363636363636
2024,14.17@2024-08-28,Veigar,0.0016509433962264152,0.0,0.09090909090909091
2024,14.17@2024-08-28,Vel'Koz,0.0021226415094339622,0.0,0.12121212121212122
2024,14.17@2024-08-28,Vex,0.004481132075471698,0.0,0.2
2024,14.17@2024-08-28,Vi,0.36580188679245285,0.0,0.9151515151515152
2024,14.17@2024-08-28,Viego,0.21462264150943397,0.0,0.7818181818181819
2024,14.17@2024-08-28,Viktor,0.017924528301886792,0.0,0.4
2024,14.17@2024-08-28,Vladimir,0.006367924528301887,0.0,0.2515151515151515
2024,14.17@2024-08-28,Volibear,0.04787735849056604,0.0,0.5696969696969697
2024,14.17@2024-08-28,Warwick,0.0007075471698113207,0.0,0.03636363636363636
2024,14.17@2024-08-28,Wukong,0.01580188679245283,0.0,0.3696969696969697
2024,14.17@2024-08-28,Xayah,0.07311320754716981,0.0,0.6424242424242425
2024,14.17@2024-08-28,Xerath,0.0037735849056603774,0.0,0.18787878787878787
2024,14.17@2024-08-28,Xin Zhao,0.1893867924528302,0.0,0.7515151515151515
2024,14.17@2024-08-28,Yasuo,0.05660377358490566,0.0,0.6
2024,14.17@2024-08-28,Yone,0.2783018867924528,0.0,0.8363636363636363
2024,14.17@2024-08-28,Yorick,0.0016509433962264152,0.0,0.09090909090909091
2024,14.17@2024-08-28,Yuumi,0.0007075471698113207,0.0,0.03636363636363636
2024,14.17@2024-08-28,Zac,0.05188679245283019,0.0,0.5878787878787879
2024,14.17@2024-08-28,Zed,0.008254716981132075,0.0,0.296969696969697
2024,14.17@2024-08-28,Zeri,0.37028301886792453,0.0,0.9212121212121213
2024,14.17@2024-08-28,Ziggs,0.17287735849056604,0.0,0.7393939393939394
2024,14.17@2024-08-28,Zilean,0.0007075471698113207,0.0,0.03636363636363636
2024,14.17@2024-08-28,Zoe,0.006132075471698114,0.0,0.23939393939393938
2024,14.17@2024-08-28,Zyra,0.35306603773584905,0.0,0.9030303030303031
2024,14.18@2024-09-11,Aatrox,0.1042793900639449,0.0,0.6848484848484848
2024,14.18@2024-09-11,Ahri,0.06640432857845549,2.0,0.6212121212121212
2024,14.18@2024-09-11,Akali,0.032218396458435807,0.0,0.49393939393939396
2024,14.18@2024-09-11,Akshan,0.0073782587309394985,0.0,0.2696969696969697
2024,14.18@2024-09-11,Alistar,0.33005410723069356,0.0,0.8909090909090909
2024,14.18@2024-09-11,Amumu,0.044515494343334974,0.0,0.5575757575757576
2024,14.18@2024-09-11,Anivia,0.0031972454500737825,0.0,0.1696969696969697
2024,14.18@2024-09-11,Annie,0.01057550418101328,0.0,0.3151515151515151
2024,14.18@2024-09-11,Aphelios,0.07033939990162322,0.0,0.6424242424242425
2024,14.18@2024-09-11,Ashe,0.6878996556812592,0.0,0.9818181818181818
2024,14.18@2024-09-11,Aurelion Sol,0.05656665027053615,0.0,0.6
2024,14.18@2024-09-11,Aurora,0.09788489916379735,-3.0,0.6787878787878788
2024,14.18@2024-09-11,Azir,0.22528283325135268,-2.0,0.793939393939394
2024,14.18@2024-09-11,Bard,0.02926709296606001,0.0,0.47878787878787876
2024,14.18@2024-09-11,Bel'Veth,0.01574028529267093,0.0,0.36363636363636365
2024,14.18@2024-09-11,Blitzcrank,0.03713723561239547,0.0,0.5212121212121212
2024,14.18@2024-09-11,Brand,0.3246433841613379,0.0,0.8787878787878788
2024,14.18@2024-09-11,Braum,0.33472700442695524,0.0,0.896969696969697
2024,14.18@2024-09-11,Briar,0.000983767830791933,0.0,0.05454545454545454
2024,14.18@2024-09-11,Caitlyn,0.08853910477127398,0.0,0.6696969696969697
2024,14.18@2024-09-11,Camille,0.19011313330054108,0.0,0.7515151515151515
2024,14.18@2024-09-11,Cassiopeia,0.02484013772749631,0.0,0.43636363636363634
2024,14.18@2024-09-11,Cho'Gath,0.0036891293654697493,0.0,0.18787878787878787
2024,14.18@2024-09-11,Corki,0.7043777668470241,-2.0,0.9878787878787879
2024,14.18@2024-09-11,Darius,0.0558288243974422,0.0,0.593939393939394
2024,14.18@2024-09-11,Diana,0.025332021642892277,0.0,0.44242424242424244
2024,14.18@2024-09-11,Dr. Mundo,0.027299557304476144,0.0,0.45454545454545453
2024,14.18@2024-09-11,Draven,0.10649286768322676,0.0,0.6909090909090909
2024,14.18@2024-09-11,Ekko,0.001721593703885883,0.0,0.11212121212121212
2024,14.18@2024-09-11,Elise,0.0012297097884899164,0.0,0.08484848484848485
2024,14.18@2024-09-11,Evelynn,0.0012297097884899164,0.0,0.08484848484848485
2024,14.18@2024-09-11,Ezreal,0.5833743236596163,0.0,0.9696969696969697
2024,14.18@2024-09-11,Fiddlesticks,0.002459419576979833,0.0,0.1484848484848485
2024,14.18@2024-09-11,Fiora,0.029513034923757994,0.0,0.48484848484848486
2024,14.18@2024-09-11,Galio,0.028283325135268076,0.0,0.4666666666666667
2024,14.18@2024-09-11,Gangplank,0.014756517461878997,0.0,0.35454545454545455
2024,14.18@2024-09-11,Garen,0.010329562223315297,0.0,0.3090909090909091
2024,14.18@2024-09-11,Gnar,0.2562715199212986,1.0,0.8181818181818182
2024,14.18@2024-09-11,Gragas,0.0676340383669454,0.0,0.6303030303030303
2024,14.18@2024-09-11,Graves,0.012543039842597147,0.0,0.3333333333333333
2024,14.18@2024-09-11,Gwen,0.07402852926709297,0.0,0.6515151515151515
2024,14.18@2024-09-11,Hecarim,0.005164781111657649,0.0,0.21818181818181817
2024,14.18@2024-09-11,Heimerdinger,0.004672897196261682,0.0,0.21212121212121213
2024,14.18@2024-09-11,Hwei,0.25651746187899654,1.0,0.8242424242424242
2024,14.18@2024-09-11,Illaoi,0.006394490900147565,0.0,0.24545454545454545
2024,14.18@2024-09-11,Irelia,0.014756517461878997,0.0,0.35454545454545455
2024,14.18@2024-09-11,Ivern,0.2695523856369897,-2.0,0.8303030303030303
2024,14.18@2024-09-11,Janna,0.0031972454500737825,0.0,0.1696969696969697
2024,14.18@2024-09-11,Jarvan IV,0.046974913920314804,1.0,0.5787878787878787
2024,14.18@2024-09-11,Jax,0.2341367437284801,2.0,0.8
2024,14.18@2024-09-11,Jayce,0.1384653221839646,2.0,0.7151515151515152
2024,14.18@2024-09-11,Jhin,0.22134776192818495,0.0,0.7878787878787878
2024,14.18@2024-09-11,Jinx,0.18568617806197737,1.0,0.7454545454545455
2024,14.18@2024-09-11,K'Sante,0.49458927693064436,0.0,0.9393939393939394
2024,14.18@2024-09-11,Kai'Sa,0.37112641416625675,0.0,0.9090909090909091
2024,14.18@2024-09-11,Kalista,0.30914904082636496,0.0,0.8484848484848485
2024,14.18@2024-09-11,Karma,0.04131824889326119,0.0,0.5363636363636364
2024,14.18@2024-09-11,Karthus,0.147073290703394,0.0,0.7272727272727273
2024,14.18@2024-09-11,Kassadin,0.0012297097884899164,0.0,0.08484848484848485
2024,14.18@2024-09-11,Katarina,0.0004918839153959665,0.0,0.021212121212121213
2024,14.18@2024-09-11,Kayle,0.001721593703885883,0.0,0.11212121212121212
2024,14.18@2024-09-11,Kayn,0.002951303492375799,0.0,0.15757575757575756
2024,14.18@2024-09-11,Kennen,0.2011805213969503,0.0,0.7696969696969697
2024,14.18@2024-09-11,Kha'Zix,0.014018691588785047,0.0,0.3393939393939394
2024,14.18@2024-09-11,Kindred,0.046974913920314804,0.0,0.5787878787878787
2024,14.18@2024-09-11,Kled,0.0031972454500737825,0.0,0.1696969696969697
2024,14.18@2024-09-11,Kog'Maw,0.008853910477127398,0.0,0.30303030303030304
2024,14.18@2024-09-11,LeBlanc,0.3160354156419085,0.0,0.8666666666666667
2024,14.18@2024-09-11,Lee Sin,0.11436301032956223,0.0,0.696969696969697
2024,14.18@2024-09-11,Leona,0.6596163305459911,-1.0,0.9757575757575757
2024,14.18@2024-09-11,Lillia,0.24249877029021152,-2.0,0.8121212121212121
2024,14.18@2024-09-11,Lissandra,0.005902606984751598,-1.0,0.23333333333333334
2024,14.18@2024-09-11,Lucian,0.32710280373831774,0.0,0.8848484848484849
2024,14.18@2024-09-11,Lulu,0.03369404820462371,1.0,0.503030303030303
2024,14.18@2024-09-11,Lux,0.011067388096409248,0.0,0.3212121212121212
2024,14.18@2024-09-11,Malphite,0.06443679291687161,1.0,0.6121212121212121
2024,14.18@2024-09-11,Malzahar,0.001967535661583866,0.0,0.12727272727272726
2024,14.18@2024-09-11,Maokai,0.48598130841121495,-2.0,0.9333333333333333
2024,14.18@2024-09-11,Milio,0.02016724053123463,0.0,0.4121212121212121
2024,14.18@2024-09-11,Miss Fortune,0.28111165764879487,-1.0,0.8363636363636363
2024,14.18@2024-09-11,Mordekaiser,0.04131824889326119,0.0,0.5363636363636364
2024,14.18@2024-09-11,Morgana,0.012051155927201181,0.0,0.32727272727272727
2024,14.18@2024-09-11,Naafiri,0.003935071323167732,0.0,0.19696969696969696
2024,14.18@2024-09-11,Nami,0.02680767338908018,0.0,0.4484848484848485
2024,14.18@2024-09-11,Nasus,0.04648303000491884,-2.0,0.5696969696969697
2024,14.18@2024-09-11,Nautilus,0.5329562223315297,0.0,0.9575757575757575
2024,14.18@2024-09-11,Neeko,0.035661583866207575,0.0,0.5151515151515151
2024,14.18@2024-09-11,Nidalee,0.31283817019183474,0.0,0.8606060606060606
2024,14.18@2024-09-11,Nilah,0.014510575504181012,0.0,0.34545454545454546
2024,14.18@2024-09-11,Nocturne,0.041072306935563206,0.0,0.5272727272727272
2024,14.18@2024-09-11,Nunu & Willump,0.0073782587309394985,0.0,0.2696969696969697
2024,14.18@2024-09-11,Olaf,0.07968519429414658,0.0,0.6606060606060606
2024,14.18@2024-09-11,Orianna,0.12297097884899164,0.0,0.7090909090909091
2024,14.18@2024-09-11,Ornn,0.16232169208066896,0.0,0.7333333333333333
2024,14.18@2024-09-11,Pantheon,0.01942941465814068,0.0,0.4
2024,14.18@2024-09-11,Poppy,0.13871126414166257,0.0,0.7212121212121212
2024,14.18@2024-09-11,Pyke,0.028283325135268076,0.0,0.4666666666666667
2024,14.18@2024-09-11,Qiyana,0.0004918839153959665,0.0,0.021212121212121213
2024,14.18@2024-09-11,Quinn,0.001721593703885883,0.0,0.11212121212121212
2024,14.18@2024-09-11,Rakan,0.21249385145105756,0.0,0.7818181818181819
2024,14.18@2024-09-11,Rek'Sai,0.028283325135268076,0.0,0.4666666666666667
2024,14.18@2024-09-11,Rell,0.5641908509591737,-1.0,0.9636363636363636
2024,14.18@2024-09-11,Renata Glasc,0.08853910477127398,0.0,0.6696969696969697
2024,14.18@2024-09-11,Renekton,0.4970486965076242,0.0,0.9454545454545454
2024,14.18@2024-09-11,Rengar,0.016724053123462864,0.0,0.38181818181818183
2024,14.18@2024-09-11,Riven,0.008116084604033447,0.0,0.28484848484848485
2024,14.18@2024-09-11,Rumble,0.8438268568617806,-2.0,1.0
2024,14.18@2024-09-11,Ryze,0.006394490900147565,0.0,0.24545454545454545
2024,14.18@2024-09-11,Samira,0.003443187407771766,1.0,0.18181818181818182
2024,14.18@2024-09-11,Sejuani,0.5300049188391539,0.0,0.9515151515151515
2024,14.18@2024-09-11,Senna,0.2383177570093458,0.0,0.806060606060606
2024,14.18@2024-09-11,Seraphine,0.04968027545499262,0.0,0.5878787878787879
2024,14.18@2024-09-11,Sett,0.006640432857845549,0.0,0.2545454545454545
2024,14.18@2024-09-11,Shaco,0.00024594195769798326,0.0,0.006060606060606061
2024,14.18@2024-09-11,Shen,0.007132316773241515,1.0,0.2606060606060606
2024,14.18@2024-09-11,Shyvana,0.032218396458435807,0.0,0.49393939393939396
2024,14.18@2024-09-11,Singed,0.0004918839153959665,0.0,0.021212121212121213
2024,14.18@2024-09-11,Sion,0.03516969995081161,0.0,0.509090909090909
2024,14.18@2024-09-11,Sivir,0.019675356615838663,0.0,0.40606060606060607
2024,14.18@2024-09-11,Skarner,0.4294146581406788,0.0,0.9272727272727272
2024,14.18@2024-09-11,Smolder,0.11657648794884408,-2.0,0.703030303030303
2024,14.18@2024-09-11,Sona,0.000983767830791933,0.0,0.05454545454545454
2024,14.18@2024-09-11,Soraka,0.0022134776192818495,0.0,0.13636363636363635
2024,14.18@2024-09-11,Swain,0.001721593703885883,0.0,0.11212121212121212
2024,14.18@2024-09-11,Sylas,0.02336448598130841,0.0,0.4303030303030303
2024,14.18@2024-09-11,Syndra,0.06960157402852926,0.0,0.6363636363636364
2024,14.18@2024-09-11,Tahm Kench,0.01721593703885883,0.0,0.3878787878787879
2024,14.18@2024-09-11,Taliyah,0.31259222823413674,0.0,0.8545454545454545
2024,14.18@2024-09-11,Talon,0.000983767830791933,0.0,0.05454545454545454
2024,14.18@2024-09-11,Taric,0.008116084604033447,0.0,0.28484848484848485
2024,14.18@2024-09-11,Teemo,0.0004918839153959665,0.0,0.021212121212121213
2024,14.18@2024-09-11,Thresh,0.015986227250368912,0.0,0.3696969696969697
2024,14.18@2024-09-11,Tristana,0.7161829808165273,0.0,0.9939393939393939
2024,14.18@2024-09-11,Trundle,0.003935071323167732,0.0,0.19696969696969696
2024,14.18@2024-09-11,Tryndamere,0.022872602065912444,0.0,0.42424242424242425
2024,14.18@2024-09-11,Twisted Fate,0.19355632070831283,0.0,0.7575757575757576
2024,14.18@2024-09-11,Twitch,0.005656665027053615,0.0,0.22424242424242424
2024,14.18@2024-09-11,Udyr,0.06640432857845549,0.0,0.6212121212121212
2024,14.18@2024-09-11,Urgot,0.01647811116576488,0.0,0.37575757575757573
2024,14.18@2024-09-11,Varus,0.32292179045745206,-2.0,0.8727272727272727
2024,14.18@2024-09-11,Vayne,0.04426955238563699,0.0,0.5515151515151515
2024,14.18@2024-09-11,Veigar,0.0012297097884899164,0.0,0.08484848484848485
2024,14.18@2024-09-11,Vel'Koz,0.0022134776192818495,0.0,0.13636363636363635
2024,14.18@2024-09-11,Vex,0.004181013280865716,0.0,0.20606060606060606
2024,14.18@2024-09-11,Vi,0.35095917363502216,-1.0,0.9030303030303031
2024,14.18@2024-09-11,Viego,0.19675356615838663,1.0,0.7636363636363637
2024,14.18@2024-09-11,Viktor,0.01795376291195278,0.0,0.3939393939393939
2024,14.18@2024-09-11,Vladimir,0.008116084604033447,0.0,0.28484848484848485
2024,14.18@2024-09-11,Volibear,0.04279390063944909,0.0,0.5454545454545454
2024,14.18@2024-09-11,Warwick,0.0007378258730939498,0.0,0.03636363636363636
2024,14.18@2024-09-11,Wukong,0.02041318248893261,0.0,0.41818181818181815
2024,14.18@2024-09-11,Xayah,0.07402852926709297,0.0,0.6515151515151515
2024,14.18@2024-09-11,Xerath,0.002459419576979833,0.0,0.1484848484848485
2024,14.18@2024-09-11,Xin Zhao,0.1660108214461387,2.0,0.7393939393939394
2024,14.18@2024-09-11,Yasuo,0.06099360550909985,0.0,0.6060606060606061
2024,14.18@2024-09-11,Yone,0.3074274471224791,0.0,0.8424242424242424
2024,14.18@2024-09-11,Yorick,0.0012297097884899164,0.0,0.08484848484848485
2024,14.18@2024-09-11,Yuumi,0.000983767830791933,0.0,0.05454545454545454
2024,14.18@2024-09-11,Zac,0.045499262174126906,0.0,0.5636363636363636
2024,14.18@2024-09-11,Zed,0.008362026561731432,0.0,0.296969696969697
2024,14.18@2024-09-11,Zeri,0.39449090014756516,-2.0,0.9212121212121213
2024,14.18@2024-09-11,Ziggs,0.20954254795868174,-1.0,0.7757575757575758
2024,14.18@2024-09-11,Zilean,0.000983767830791933,0.0,0.05454545454545454
2024,14.18@2024-09-11,Zoe,0.005902606984751598,0.0,0.23333333333333334
2024,14.18@2024-09-11,Zyra,0.382685686178062,0.0,0.9151515151515152
2025,15.18@2025-09-10,Aatrox,0.15578681803847366,0.0,0.7218934911242604
2025,15.18@2025-09-10,Ahri,0.22232734153263956,0.0,0.7988165680473372
2025,15.18@2025-09-10,Akali,0.1510564490696941,0.0,0.7159763313609467
2025,15.18@2025-09-10,Akshan,0.005991800693787449,0.0,0.22189349112426035
2025,15.18@2025-09-10,Alistar,0.44150110375275936,0.0,0.9526627218934911
2025,15.18@2025-09-10,Ambessa,0.4064963733837906,0.0,0.9319526627218935
2025,15.18@2025-09-10,Amumu,0.00630715862503942,2.0,0.23076923076923078
2025,15.18@2025-09-10,Anivia,0.004415011037527594,0.0,0.1834319526627219
2025,15.18@2025-09-10,Annie,0.2686849574266793,-2.0,0.834319526627219
2025,15.18@2025-09-10,Aphelios,0.065279091769158,0.0,0.6035502958579881
2025,15.18@2025-09-10,Ashe,0.0315357931251971,1.0,0.46745562130177515
2025,15.18@2025-09-10,Aurelion Sol,0.008830022075055188,0.0,0.3106508875739645
2025,15.18@2025-09-10,Aurora,0.380637023021129,-2.0,0.8994082840236687
2025,15.18@2025-09-10,Azir,0.6017029328287606,-2.0,0.9822485207100592
2025,15.18@2025-09-10,Bard,0.1870072532324188,0.0,0.7514792899408284
2025,15.18@2025-09-10,Bel'Veth,0.017975402081362345,0.0,0.3905325443786982
2025,15.18@2025-09-10,Blitzcrank,0.04099653106275623,0.0,0.5207100591715976
2025,15.18@2025-09-10,Brand,0.008514664143803218,0.0,0.2988165680473373
2025,15.18@2025-09-10,Braum,0.3062125512456638,0.0,0.863905325443787
2025,15.18@2025-09-10,Briar,0.000315357931251971,0.0,0.011834319526627219
2025,15.18@2025-09-10,Caitlyn,0.04856512141280353,0.0,0.5621301775147929
2025,15.18@2025-09-10,Camille,0.04415011037527594,0.0,0.5414201183431953
2025,15.18@2025-09-10,Cassiopeia,0.03815830968148849,2.0,0.5029585798816568
2025,15.18@2025-09-10,Cho'Gath,0.04383475244402397,0.0,0.5325443786982249
2025,15.18@2025-09-10,Corki,0.31125827814569534,0.0,0.8757396449704142
2025,15.18@2025-09-10,Darius,0.01860611794386629,0.0,0.39644970414201186
2025,15.18@2025-09-10,Diana,0.002838221381267739,0.0,0.10946745562130178
2025,15.18@2025-09-10,Dr. Mundo,0.030589719331441185,0.0,0.46153846153846156
2025,15.18@2025-09-10,Draven,0.01923683380637023,0.0,0.40236686390532544
2025,15.18@2025-09-10,Ekko,0.003784295175023652,0.0,0.15384615384615385
2025,15.18@2025-09-10,Elise,0.021444339325134027,0.0,0.41420118343195267
2025,15.18@2025-09-10,Evelynn,0.001261431725007884,0.0,0.047337278106508875
2025,15.18@2025-09-10,Ezreal,0.2794071270892463,0.0,0.8461538461538461
2025,15.18@2025-09-10,Fiddlesticks,0.002207505518763797,0.0,0.07988165680473373
2025,15.18@2025-09-10,Fiora,0.05077262693156733,0.0,0.5680473372781065
2025,15.18@2025-09-10,Fizz,0.000630715862503942,0.0,0.023668639053254437
2025,15.18@2025-09-10,Galio,0.21822768842636392,-2.0,0.7869822485207101
2025,15.18@2025-09-10,Gangplank,0.010722169662567014,0.0,0.35502958579881655
2025,15.18@2025-09-10,Garen,0.006622516556291391,1.0,0.2455621301775148
2025,15.18@2025-09-10,Gnar,0.09429202144433932,0.0,0.6390532544378699
2025,15.18@2025-09-10,Gragas,0.05676442762535478,0.0,0.5857988165680473
2025,15.18@2025-09-10,Graves,0.0,0.0,0.005917159763313609
2025,15.18@2025-09-10,Gwen,0.6360769473352255,0.0,0.9881656804733728
2025,15.18@2025-09-10,Hecarim,0.000946073793755913,0.0,0.03550295857988166
2025,15.18@2025-09-10,Heimerdinger,0.004415011037527594,0.0,0.1834319526627219
2025,15.18@2025-09-10,Hwei,0.10564490696941028,2.0,0.6627218934911243
2025,15.18@2025-09-10,Illaoi,0.00315357931251971,0.0,0.12721893491124261
2025,15.18@2025-09-10,Irelia,0.025859350362661623,0.0,0.4437869822485207
2025,15.18@2025-09-10,Ivern,0.045726900031535796,0.0,0.5502958579881657
2025,15.18@2025-09-10,Janna,0.005045726900031536,0.0,0.1952662721893491
2025,15.18@2025-09-10,Jarvan IV,0.22989593188268684,0.0,0.8165680473372781
2025,15.18@2025-09-10,Jax,0.20340586565752128,0.0,0.7692307692307693
2025,15.18@2025-09-10,Jayce,0.18637653736991486,1.0,0.7455621301775148
2025,15.18@2025-09-10,Jhin,0.27120782087669504,0.0,0.8402366863905325
2025,15.18@2025-09-10,Jinx,0.0923998738568275,0.0,0.6242603550295858
2025,15.18@2025-09-10,K'Sante,0.22642699463891516,0.0,0.8047337278106509
2025,15.18@2025-09-10,Kai'Sa,0.3008514664143803,0.0,0.8579881656804734
2025,15.18@2025-09-10,Kalista,0.09807631661936297,0.0,0.650887573964497
2025,15.18@2025-09-10,Karma,0.11983601387574898,0.0,0.6804733727810651
2025,15.18@2025-09-10,Karthus,0.003784295175023652,0.0,0.15384615384615385
2025,15.18@2025-09-10,Kassadin,0.003468937243771681,0.0,0.1390532544378698
2025,15.18@2025-09-10,Katarina,0.001261431725007884,0.0,0.047337278106508875
2025,15.18@2025-09-10,Kayle,0.004099653106275623,0.0,0.16863905325443787
2025,15.18@2025-09-10,Kayn,0.007568590350047304,0.0,0.27218934911242604
2025,15.18@2025-09-10,Kennen,0.014191106906338695,0.0,0.3727810650887574
2025,15.18@2025-09-10,Kha'Zix,0.007883948281299276,0.0,0.28106508875739644
2025,15.18@2025-09-10,Kindred,0.03941974140649637,0.0,0.514792899408284
2025,15.18@2025-09-10,Kled,0.007253232418795333,0.0,0.26331360946745563
2025,15.18@2025-09-10,Kog'Maw,0.008199306212551246,0.0,0.28994082840236685
2025,15.18@2025-09-10,LeBlanc,0.03721223588773258,0.0,0.4970414201183432
2025,15.18@2025-09-10,Lee Sin,0.07694733522548092,0.0,0.6153846153846154
2025,15.18@2025-09-10,Leona,0.20876695048880478,0.0,0.7751479289940828
2025,15.18@2025-09-10,Lillia,0.04415011037527594,0.0,0.5414201183431953
2025,15.18@2025-09-10,Lissandra,0.004099653106275623,0.0,0.16863905325443787
2025,15.18@2025-09-10,Lucian,0.3301797540208136,0.0,0.8816568047337278
2025,15.18@2025-09-10,Lulu,0.0923998738568275,0.0,0.6242603550295858
2025,15.18@2025-09-10,Lux,0.008830022075055188,0.0,0.3106508875739645
2025,15.18@2025-09-10,Malphite,0.009776095868811101,0.0,0.33136094674556216
2025,15.18@2025-09-10,Malzahar,0.002838221381267739,0.0,0.10946745562130178
2025,15.18@2025-09-10,Maokai,0.1892147587511826,0.0,0.7633136094674556
2025,15.18@2025-09-10,Master Yi,0.000630715862503942,0.0,0.023668639053254437
2025,15.18@2025-09-10,Mel,0.03878902554399243,0.0,0.5088757396449705
2025,15.18@2025-09-10,Milio,0.021444339325134027,0.0,0.41420118343195267
2025,15.18@2025-09-10,Miss Fortune,0.1479028697571744,0.0,0.7100591715976331
2025,15.18@2025-09-10,Mordekaiser,0.013245033112582781,0.0,0.3668639053254438
2025,15.18@2025-09-10,Morgana,0.007883948281299276,0.0,0.28106508875739644
2025,15.18@2025-09-10,Naafiri,0.1261431725007884,0.0,0.6863905325443787
2025,15.18@2025-09-10,Nami,0.04604225796278776,0.0,0.5562130177514792
2025,15.18@2025-09-10,Nasus,0.001261431725007884,0.0,0.047337278106508875
2025,15.18@2025-09-10,Nautilus,0.380321665089877,0.0,0.893491124260355
2025,15.18@2025-09-10,Neeko,0.4194260485651214,0.0,0.9408284023668639
2025,15.18@2025-09-10,Nidalee,0.043519394512771994,0.0,0.5266272189349113
2025,15.18@2025-09-10,Nilah,0.004415011037527594,0.0,0.1834319526627219
2025,15.18@2025-09-10,Nocturne,0.21128981393882057,0.0,0.7810650887573964
2025,15.18@2025-09-10,Nunu & Willump,0.00914538000630716,0.0,0.31952662721893493
2025,15.18@2025-09-10,Olaf,0.03595080416272469,0.0,0.48520710059171596
2025,15.18@2025-09-10,Orianna,0.3919899085461999,0.0,0.9112426035502958
2025,15.18@2025-09-10,Ornn,0.13434247871333965,0.0,0.6923076923076923
2025,15.18@2025-09-10,Pantheon,0.749921160517187,0.0,1.0
2025,15.18@2025-09-10,Poppy,0.4011352885525071,0.0,0.9171597633136095
2025,15.18@2025-09-10,Pyke,0.036896877956480605,0.0,0.4911242603550296
2025,15.18@2025-09-10,Qiyana,0.02207505518763797,-2.0,0.4319526627218935
2025,15.18@2025-09-10,Rakan,0.40460422579627875,0.0,0.9230769230769231
2025,15.18@2025-09-10,Rek'Sai,0.007253232418795333,0.0,0.26331360946745563
2025,15.18@2025-09-10,Rell,0.4064963733837906,0.0,0.9319526627218935
2025,15.18@2025-09-10,Renata Glasc,0.09366130558183539,0.0,0.6331360946745562
2025,15.18@2025-09-10,Renekton,0.2216966256701356,0.0,0.7928994082840237
2025,15.18@2025-09-10,Rengar,0.003468937243771681,0.0,0.1390532544378698
2025,15.18@2025-09-10,Riven,0.006622516556291391,0.0,0.2455621301775148
2025,15.18@2025-09-10,Rumble,0.4575843582466099,0.0,0.9644970414201184
2025,15.18@2025-09-10,Ryze,0.2425102491327657,0.0,0.8224852071005917
2025,15.18@2025-09-10,Samira,0.00315357931251971,0.0,0.12721893491124261
2025,15.18@2025-09-10,Sejuani,0.16808577735730054,0.0,0.727810650887574
2025,15.18@2025-09-10,Senna,0.1706086408073163,0.0,0.7337278106508875
2025,15.18@2025-09-10,Seraphine,0.01671397035635446,0.0,0.38461538461538464
2025,15.18@2025-09-10,Sett,0.01608325449385052,0.0,0.378698224852071
2025,15.18@2025-09-10,Shaco,0.002522863450015768,0.0,0.09171597633136094
2025,15.18@2025-09-10,Shen,0.06275622831914222,0.0,0.5976331360946746
2025,15.18@2025-09-10,Shyvana,0.001576789656259855,0.0,0.0621301775147929
2025,15.18@2025-09-10,Singed,0.002207505518763797,0.0,0.07988165680473373
2025,15.18@2025-09-10,Sion,0.3705455692210659,0.0,0.8875739644970414
2025,15.18@2025-09-10,Sivir,0.28382213812677387,0.0,0.8520710059171598
2025,15.18@2025-09-10,Skarner,0.13718070009460737,0.0,0.6982248520710059
2025,15.18@2025-09-10,Smolder,0.07253232418795333,0.0,0.6094674556213018
2025,15.18@2025-09-10,Sona,0.001576789656259855,0.0,0.0621301775147929
2025,15.18@2025-09-10,Soraka,0.006622516556291391,0.0,0.2455621301775148
2025,15.18@2025-09-10,Swain,0.00946073793755913,0.0,0.3254437869822485
2025,15.18@2025-09-10,Sylas,0.14474929044465468,-1.0,0.7041420118343196
2025,15.18@2025-09-10,Syndra,0.11636707663197729,0.0,0.6686390532544378
2025,15.18@2025-09-10,Tahm Kench,0.021444339325134027,0.0,0.41420118343195267
2025,15.18@2025-09-10,Taliyah,0.5607064017660044,0.0,0.9763313609467456
2025,15.18@2025-09-10,Talon,0.005676442762535478,0.0,0.21005917159763313
2025,15.18@2025-09-10,Taric,0.010406811731315043,0.0,0.3431952662721893
2025,15.18@2025-09-10,Teemo,0.003784295175023652,0.0,0.15384615384615385
2025,15.18@2025-09-10,Thresh,0.02838221381267739,0.0,0.4556213017751479
2025,15.18@2025-09-10,Tristana,0.09649952696310313,0.0,0.6449704142011834
2025,15.18@2025-09-10,Trundle,0.4553768527278461,0.0,0.9585798816568047
2025,15.18@2025-09-10,Tryndamere,0.002838221381267739,0.0,0.10946745562130178
2025,15.18@2025-09-10,Twisted Fate,0.051718700725323245,0.0,0.5739644970414202
2025,15.18@2025-09-10,Twitch,0.005676442762535478,0.0,0.21005917159763313
2025,15.18@2025-09-10,Udyr,0.010406811731315043,0.0,0.3431952662721893
2025,15.18@2025-09-10,Urgot,0.008514664143803218,0.0,0.2988165680473373
2025,15.18@2025-09-10,Varus,0.6647745190791549,0.0,0.9940828402366864
2025,15.18@2025-09-10,Vayne,0.010406811731315043,0.0,0.3431952662721893
2025,15.18@2025-09-10,Veigar,0.002522863450015768,0.0,0.09171597633136094
2025,15.18@2025-09-10,Vel'Koz,0.001892147587511826,2.0,0.07100591715976332
2025,15.18@2025-09-10,Vex,0.002838221381267739,0.0,0.10946745562130178
2025,15.18@2025-09-10,Vi,0.4793440555029959,0.0,0.9704142011834319
2025,15.18@2025-09-10,Viego,0.1173131504257332,0.0,0.6745562130177515
2025,15.18@2025-09-10,Viktor,0.18732261116367077,0.0,0.757396449704142
2025,15.18@2025-09-10,Vladimir,0.02302112898139388,0.0,0.4378698224852071
2025,15.18@2025-09-10,Volibear,0.03342794071270892,-1.0,0.47337278106508873
2025,15.18@2025-09-10,Warwick,0.005361084831283507,0.0,0.20118343195266272
2025,15.18@2025-09-10,Wukong,0.43645537685272784,0.0,0.9467455621301775
2025,15.18@2025-09-10,Xayah,0.228319142226427,0.0,0.8106508875739645
2025,15.18@2025-09-10,Xerath,0.006622516556291391,0.0,0.2455621301775148
2025,15.18@2025-09-10,Xin Zhao,0.39104383475244403,0.0,0.9053254437869822
2025,15.18@2025-09-10,Yasuo,0.021759697256385997,0.0,0.4260355029585799
2025,15.18@2025-09-10,Yone,0.26458530432040367,0.0,0.8284023668639053
2025,15.18@2025-09-10,Yorick,0.17628508356985179,0.0,0.7396449704142012
2025,15.18@2025-09-10,Yunara,0.30778934090192367,-3.0,0.8698224852071006
2025,15.18@2025-09-10,Yuumi,0.000630715862503942,0.0,0.023668639053254437
2025,15.18@2025-09-10,Zac,0.011983601387574897,1.0,0.3609467455621302
2025,15.18@2025-09-10,Zed,0.055502995900346894,0.0,0.5798816568047337
2025,15.18@2025-09-10,Zeri,0.06181015452538632,0.0,0.591715976331361
2025,15.18@2025-09-10,Ziggs,0.1021759697256386,0.0,0.6568047337278107
2025,15.18@2025-09-10,Zilean,0.005991800693787449,0.0,0.22189349112426035
2025,15.18@2025-09-10,Zoe,0.03437401450646484,0.0,0.47928994082840237
2025,15.18@2025-09-10,Zyra,0.027436140018921477,0.0,0.44970414201183434
2025,15.18@2025-09-11,Aatrox,0.1568196103079824,0.0,0.7202380952380952
2025,15.18@2025-09-11,Ahri,0.2203016970458831,0.0,0.7916666666666666
2025,15.18@2025-09-11,Akali,0.1511627906976744,0.0,0.7142857142857143
2025,15.18@2025-09-11,Akshan,0.005971087366436203,0.0,0.21726190476190477
2025,15.18@2025-09-11,Alistar,0.4409176618478944,0.0,0.9523809523809523
2025,15.18@2025-09-11,Ambessa,0.40634820867379007,0.0,0.9345238095238095
2025,15.18@2025-09-11,Amumu,0.005971087366436203,0.0,0.21726190476190477
2025,15.18@2025-09-11,Anivia,0.0043997485857950975,0.0,0.17559523809523808
2025,15.18@2025-09-11,Annie,0.2702702702702703,0.0,0.8333333333333334
2025,15.18@2025-09-11,Aphelios,0.06568196103079824,0.0,0.6011904761904762
2025,15.18@2025-09-11,Ashe,0.030798240100565682,0.0,0.4642857142857143
2025,15.18@2025-09-11,Aurelion Sol,0.008799497171590195,0.0,0.3005952380952381
2025,15.18@2025-09-11,Aurora,0.38277812696417346,0.0,0.8988095238095238
2025,15.18@2025-09-11,Azir,0.6024512884978002,0.0,0.9821428571428571
2025,15.18@2025-09-11,Bard,0.1876178504085481,0.0,0.7559523809523809
2025,15.18@2025-09-11,Bel'Veth,0.019170333123821496,0.0,0.3958333333333333
2025,15.18@2025-09-11,Blitzcrank,0.04211187932118165,0.0,0.5178571428571429
2025,15.18@2025-09-11,Brand,0.008485229415461974,0.0,0.28869047619047616
2025,15.18@2025-09-11,Braum,0.30672532998114393,0.0,0.8630952380952381
2025,15.18@2025-09-11,Briar,0.00031426775612822125,0.0,0.005952380952380952
2025,15.18@2025-09-11,Caitlyn,0.048711502199874294,0.0,0.5595238095238095
2025,15.18@2025-09-11,Camille,0.04305468258956631,0.0,0.5238095238095238
2025,15.18@2025-09-11,Cassiopeia,0.03834066624764299,0.0,0.5
2025,15.18@2025-09-11,Cho'Gath,0.043683218101822754,0.0,0.5357142857142857
2025,15.18@2025-09-11,Corki,0.31269641734758014,0.0,0.8690476190476191
2025,15.18@2025-09-11,Darius,0.019170333123821496,0.0,0.3958333333333333
2025,15.18@2025-09-11,Diana,0.0028284098051539913,0.0,0.09523809523809523
2025,15.18@2025-09-11,Dr. Mundo,0.029855436832181018,0.0,0.4583333333333333
2025,15.18@2025-09-11,Draven,0.018856065367693273,0.0,0.3869047619047619
2025,15.18@2025-09-11,Ekko,0.003771213073538655,0.0,0.14285714285714285
2025,15.18@2025-09-11,Elise,0.020741671904462602,0.0,0.40773809523809523
2025,15.18@2025-09-11,Evelynn,0.001257071024512885,0.0,0.03571428571428571
2025,15.18@2025-09-11,Ezreal,0.2774984286612194,0.0,0.8452380952380952
2025,15.18@2025-09-11,Fiddlesticks,0.0021998742928975488,0.0,0.0744047619047619
2025,15.18@2025-09-11,Fiora,0.0502828409805154,0.0,0.5654761904761905
2025,15.18@2025-09-11,Fizz,0.0006285355122564425,0.0,0.017857142857142856
2025,15.18@2025-09-11,Galio,0.21967316153362665,0.0,0.7857142857142857
2025,15.18@2025-09-11,Gangplank,0.010685103708359522,0.0,0.34523809523809523
2025,15.18@2025-09-11,Garen,0.006599622878692646,0.0,0.23809523809523808
2025,15.18@2025-09-11,Gnar,0.09428032683846638,0.0,0.6369047619047619
2025,15.18@2025-09-11,Gragas,0.056568196103079824,0.0,0.5773809523809523
2025,15.18@2025-09-11,Gwen,0.6310496543054682,0.0,0.9880952380952381
2025,15.18@2025-09-11,Hecarim,0.0018856065367693275,0.0,0.0625
2025,15.18@2025-09-11,Heimerdinger,0.0043997485857950975,0.0,0.17559523809523808
2025,15.18@2025-09-11,Hwei,0.10747957259585167,0.0,0.6607142857142857
2025,15.18@2025-09-11,Illaoi,0.0031426775612822125,0.0,0.1130952380952381
2025,15.18@2025-09-11,Irelia,0.02545568824638592,0.0,0.44047619047619047
2025,15.18@2025-09-11,Ivern,0.0458830923947203,0.0,0.5535714285714286
2025,15.18@2025-09-11,Janna,0.005342551854179761,0.0,0.19345238095238096
2025,15.18@2025-09-11,Jarvan IV,0.23318667504714016,0.0,0.8154761904761905
2025,15.18@2025-09-11,Jax,0.20490257699560024,0.0,0.7678571428571429
2025,15.18@2025-09-11,Jayce,0.1835323695788812,0.0,0.7440476190476191
2025,15.18@2025-09-11,Jhin,0.27184160905091137,0.0,0.8392857142857143
2025,15.18@2025-09-11,Jinx,0.09239472030169704,0.0,0.6190476190476191
2025,15.18@2025-09-11,K'Sante,0.2291011942174733,0.0,0.8095238095238095
2025,15.18@2025-09-11,Kai'Sa,0.3020113136392206,0.0,0.8571428571428571
2025,15.18@2025-09-11,Kalista,0.09648020113136392,0.0,0.6488095238095238
2025,15.18@2025-09-11,Karma,0.12005028284098052,0.0,0.6785714285714286
2025,15.18@2025-09-11,Karthus,0.003771213073538655,0.0,0.14285714285714285
2025,15.18@2025-09-11,Kassadin,0.0034569453174104338,0.0,0.12797619047619047
2025,15.18@2025-09-11,Katarina,0.001257071024512885,0.0,0.03571428571428571
2025,15.18@2025-09-11,Kayle,0.004085480829666876,0.0,0.16071428571428573
2025,15.18@2025-09-11,Kayn,0.00754242614707731,0.0,0.2648809523809524
2025,15.18@2025-09-11,Kennen,0.014456316781898177,0.0,0.36904761904761907
2025,15.18@2025-09-11,Kha'Zix,0.00785669390320553,0.0,0.27380952380952384
2025,15.18@2025-09-11,Kindred,0.038654934003771214,0.0,0.5089285714285714
2025,15.18@2025-09-11,Kled,0.007228158390949088,0.0,0.25595238095238093
2025,15.18@2025-09-11,Kog'Maw,0.008170961659333752,0.0,0.27976190476190477
2025,15.18@2025-09-11,LeBlanc,0.03771213073538655,0.0,0.49404761904761907
2025,15.18@2025-09-11,Lee Sin,0.07636706473915776,0.0,0.6130952380952381
2025,15.18@2025-09-11,Leona,0.20961659333752358,0.0,0.7738095238095238
2025,15.18@2025-09-11,Lillia,0.04431175361407919,0.0,0.5416666666666666
2025,15.18@2025-09-11,Lissandra,0.004085480829666876,0.0,0.16071428571428573
2025,15.18@2025-09-11,Lucian,0.32778126964173476,0.0,0.8809523809523809
2025,15.18@2025-09-11,Lulu,0.09302325581395349,0.0,0.6279761904761905
2025,15.18@2025-09-11,Lux,0.008799497171590195,0.0,0.3005952380952381
2025,15.18@2025-09-11,Malphite,0.00974230043997486,0.0,0.3273809523809524
2025,15.18@2025-09-11,Malzahar,0.0028284098051539913,0.0,0.09523809523809523
2025,15.18@2025-09-11,Maokai,0.18981772470144564,0.0,0.7619047619047619
2025,15.18@2025-09-11,Master Yi,0.0006285355122564425,0.0,0.017857142857142856
2025,15.18@2025-09-11,Mel,0.038654934003771214,0.0,0.5089285714285714
2025,15.18@2025-09-11,Milio,0.020741671904462602,0.0,0.40773809523809523
2025,15.18@2025-09-11,Miss Fortune,0.1451917033312382,0.0,0.7083333333333334
2025,15.18@2025-09-11,Mordekaiser,0.013199245757385292,0.0,0.3630952380952381
2025,15.18@2025-09-11,Morgana,0.009113764927718416,0.0,0.3125
2025,15.18@2025-09-11,Naafiri,0.12382149591451917,0.0,0.6845238095238095
2025,15.18@2025-09-11,Nami,0.04494028912633564,0.0,0.5476190476190477
2025,15.18@2025-09-11,Nasus,0.001257071024512885,0.0,0.03571428571428571
2025,15.18@2025-09-11,Nautilus,0.3802639849151477,0.0,0.8928571428571429
2025,15.18@2025-09-11,Neeko,0.41640477686989313,0.0,0.9404761904761905
2025,15.18@2025-09-11,Nidalee,0.04336895034569453,0.0,0.5297619047619048
2025,15.18@2025-09-11,Nilah,0.004714016341923318,0.0,0.18452380952380953
2025,15.18@2025-09-11,Nocturne,0.21495914519170334,0.0,0.7797619047619048
2025,15.18@2025-09-11,Nunu & Willump,0.009113764927718416,0.0,0.3125
2025,15.18@2025-09-11,Olaf,0.03614079195474544,0.0,0.48214285714285715
2025,15.18@2025-09-11,Orianna,0.39440603394091767,0.0,0.9107142857142857
2025,15.18@2025-09-11,Ornn,0.13387806411062225,0.0,0.6904761904761905
2025,15.18@2025-09-11,Pantheon,0.7470144563167819,0.0,1.0
2025,15.18@2025-09-11,Poppy,0.40414833438089254,0.0,0.9166666666666666
2025,15.18@2025-09-11,Pyke,0.036455059710873663,0.0,0.4880952380952381
2025,15.18@2025-09-11,Qiyana,0.02294154619736015,0.0,0.43154761904761907
2025,15.18@2025-09-11,Rakan,0.40446260213702073,0.0,0.9226190476190477
2025,15.18@2025-09-11,Rek'Sai,0.00754242614707731,0.0,0.2648809523809524
2025,15.18@2025-09-11,Rell,0.40540540540540543,0.0,0.9285714285714286
2025,15.18@2025-09-11,Renata Glasc,0.09302325581395349,0.0,0.6279761904761905
2025,15.18@2025-09-11,Renekton,0.22218730358265243,0.0,0.7976190476190477
2025,15.18@2025-09-11,Rengar,0.004085480829666876,0.0,0.16071428571428573
2025,15.18@2025-09-11,Riven,0.006599622878692646,0.0,0.23809523809523808
2025,15.18@2025-09-11,Rumble,0.4572595851665619,0.0,0.9642857142857143
2025,15.18@2025-09-11,Ryze,0.24198617221873037,0.0,0.8214285714285714
2025,15.18@2025-09-11,Samira,0.0031426775612822125,0.0,0.1130952380952381
2025,15.18@2025-09-11,Sejuani,0.16593337523570081,0.0,0.7261904761904762
2025,15.18@2025-09-11,Senna,0.16939032055311126,0.0,0.7321428571428571
2025,15.18@2025-09-11,Seraphine,0.016656191074795726,0.0,0.38095238095238093
2025,15.18@2025-09-11,Sett,0.01571338780641106,0.0,0.375
2025,15.18@2025-09-11,Shaco,0.0034569453174104338,0.0,0.12797619047619047
2025,15.18@2025-09-11,Shen,0.061596480201131364,0.0,0.5892857142857143
2025,15.18@2025-09-11,Shyvana,0.0015713387806411063,0.0,0.050595238095238096
2025,15.18@2025-09-11,Singed,0.0021998742928975488,0.0,0.0744047619047619
2025,15.18@2025-09-11,Sion,0.37177875549968575,0.0,0.8869047619047619
2025,15.18@2025-09-11,Sivir,0.2872407291011942,0.0,0.8511904761904762
2025,15.18@2025-09-11,Skarner,0.13544940289126337,0.0,0.6964285714285714
2025,15.18@2025-09-11,Smolder,0.0725958516656191,0.0,0.6071428571428571
2025,15.18@2025-09-11,Sona,0.0015713387806411063,0.0,0.050595238095238096
2025,15.18@2025-09-11,Soraka,0.0069138906348208675,0.0,0.25
2025,15.18@2025-09-11,Swain,0.009428032683846637,0.0,0.32142857142857145
2025,15.18@2025-09-11,Sylas,0.14456316781898176,0.0,0.7023809523809523
2025,15.18@2025-09-11,Syndra,0.11753614079195475,0.0,0.6726190476190477
2025,15.18@2025-09-11,Tahm Kench,0.021055939660590824,0.0,0.4166666666666667
2025,15.18@2025-09-11,Taliyah,0.5584538026398491,0.0,0.9761904761904762
2025,15.18@2025-09-11,Talon,0.0056568196103079825,0.0,0.20238095238095238
2025,15.18@2025-09-11,Taric,0.01005656819610308,0.0,0.3333333333333333
2025,15.18@2025-09-11,Teemo,0.003771213073538655,0.0,0.14285714285714285
2025,15.18@2025-09-11,Thresh,0.028598365807668134,0.0,0.4523809523809524
2025,15.18@2025-09-11,Tristana,0.0961659333752357,0.0,0.6428571428571429
2025,15.18@2025-09-11,Trundle,0.45663104965430545,0.0,0.9583333333333334
2025,15.18@2025-09-11,Tryndamere,0.0031426775612822125,0.0,0.1130952380952381
2025,15.18@2025-09-11,Twisted Fate,0.05216844751728473,0.0,0.5714285714285714
2025,15.18@2025-09-11,Twitch,0.005971087366436203,0.0,0.21726190476190477
2025,15.18@2025-09-11,Udyr,0.010370835952231301,0.0,0.3392857142857143
2025,15.18@2025-09-11,Urgot,0.008485229415461974,0.0,0.28869047619047616
2025,15.18@2025-09-11,Varus,0.6580766813324953,0.0,0.9940476190476191
2025,15.18@2025-09-11,Vayne,0.010999371464487744,0.0,0.35119047619047616
2025,15.18@2025-09-11,Veigar,0.00251414204902577,0.0,0.08333333333333333
2025,15.18@2025-09-11,Vel'Koz,0.0018856065367693275,0.0,0.0625
2025,15.18@2025-09-11,Vex,0.0028284098051539913,0.0,0.09523809523809523
2025,15.18@2025-09-11,Vi,0.47548711502199875,0.0,0.9702380952380952
2025,15.18@2025-09-11,Viego,0.11659333752357008,0.0,0.6666666666666666
2025,15.18@2025-09-11,Viktor,0.18698931489629164,0.0,0.75
2025,15.18@2025-09-11,Vladimir,0.02294154619736015,0.0,0.43154761904761907
2025,15.18@2025-09-11,Volibear,0.03331238214959145,0.0,0.47619047619047616
2025,15.18@2025-09-11,Warwick,0.005342551854179761,0.0,0.19345238095238096
2025,15.18@2025-09-11,Wukong,0.4380892520427404,0.0,0.9464285714285714
2025,15.18@2025-09-11,Xayah,0.22878692646134507,0.0,0.8035714285714286
2025,15.18@2025-09-11,Xerath,0.006599622878692646,0.0,0.23809523809523808
2025,15.18@2025-09-11,Xin Zhao,0.390634820867379,0.0,0.9047619047619048
2025,15.18@2025-09-11,Yasuo,0.02199874292897549,0.0,0.4226190476190476
2025,15.18@2025-09-11,Yone,0.2608422375864236,0.0,0.8273809523809523
2025,15.18@2025-09-11,Yorick,0.17630421118793213,0.0,0.7380952380952381
2025,15.18@2025-09-11,Yunara,0.3136392206159648,1.0,0.875
2025,15.18@2025-09-11,Yuumi,0.0006285355122564425,0.0,0.017857142857142856
2025,15.18@2025-09-11,Zac,0.011942174732872407,0.0,0.35714285714285715
2025,15.18@2025-09-11,Zed,0.056882463859208046,0.0,0.5833333333333334
2025,15.18@2025-09-11,Zeri,0.06411062225015714,0.0,0.5952380952380952
2025,15.18@2025-09-11,Ziggs,0.10276555625392834,0.0,0.6547619047619048
2025,15.18@2025-09-11,Zilean,0.005971087366436203,0.0,0.21726190476190477
2025,15.18@2025-09-11,Zoe,0.03299811439346323,0.0,0.47023809523809523
2025,15.18@2025-09-11,Zyra,0.027341294783155248,0.0,0.44642857142857145
2025,15.19@2025-09-24,Aatrox,0.16871761658031087,0.0,0.7440476190476191
2025,15.19@2025-09-24,Ahri,0.18879533678756477,2.0,0.7619047619047619
2025,15.19@2025-09-24,Akali,0.14313471502590674,0.0,0.7202380952380952
2025,15.19@2025-09-24,Akshan,0.0038860103626943004,0.0,0.15476190476190477
2025,15.19@2025-09-24,Alistar,0.44656735751295334,0.0,0.9464285714285714
2025,15.19@2025-09-24,Ambessa,0.42487046632124353,0.0,0.9226190476190477
2025,15.19@2025-09-24,Amumu,0.0045336787564766836,0.0,0.18452380952380953
2025,15.19@2025-09-24,Anivia,0.003238341968911917,0.0,0.125
2025,15.19@2025-09-24,Annie,0.28918393782383417,0.0,0.8452380952380952
2025,15.19@2025-09-24,Aphelios,0.06897668393782383,0.0,0.6071428571428571
2025,15.19@2025-09-24,Ashe,0.025259067357512953,0.0,0.43452380952380953
2025,15.19@2025-09-24,Aurelion Sol,0.008419689119170985,0.0,0.2767857142857143
2025,15.19@2025-09-24,Aurora,0.4261658031088083,0.0,0.9345238095238095
2025,15.19@2025-09-24,Azir,0.6308290155440415,0.0,0.9940476190476191
2025,15.19@2025-09-24,Bard,0.21178756476683938,0.0,0.7797619047619048
2025,15.19@2025-09-24,Bel'Veth,0.018134715025906734,0.0,0.39880952380952384
2025,15.19@2025-09-24,Blitzcrank,0.04242227979274611,0.0,0.5357142857142857
2025,15.19@2025-09-24,Brand,0.010686528497409326,2.0,0.31845238095238093
2025,15.19@2025-09-24,Braum,0.3021373056994819,0.0,0.8511904761904762
2025,15.19@2025-09-24,Briar,0.0003238341968911917,0.0,0.008928571428571428
2025,15.19@2025-09-24,Caitlyn,0.04177461139896373,1.0,0.5297619047619048
2025,15.19@2025-09-24,Camille,0.034974093264248704,0.0,0.4880952380952381
2025,15.19@2025-09-24,Cassiopeia,0.04047927461139896,0.0,0.5178571428571429
2025,15.19@2025-09-24,Cho'Gath,0.04436528497409326,0.0,0.5476190476190477
2025,15.19@2025-09-24,Corki,0.33646373056994816,-1.0,0.875
2025,15.19@2025-09-24,Darius,0.019753886010362695,0.0,0.4107142857142857
2025,15.19@2025-09-24,Diana,0.0019430051813471502,1.0,0.07738095238095238
2025,15.19@2025-09-24,Dr. Mundo,0.029145077720207253,0.0,0.4523809523809524
2025,15.19@2025-09-24,Draven,0.016191709844559584,2.0,0.375
2025,15.19@2025-09-24,Ekko,0.0038860103626943004,0.0,0.15476190476190477
2025,15.19@2025-09-24,Elise,0.015867875647668395,0.0,0.36904761904761907
2025,15.19@2025-09-24,Evelynn,0.0009715025906735751,0.0,0.041666666666666664
2025,15.19@2025-09-24,Ezreal,0.2603626943005181,0.0,0.8333333333333334
2025,15.19@2025-09-24,Fiddlesticks,0.0009715025906735751,0.0,0.041666666666666664
2025,15.19@2025-09-24,Fiora,0.047603626943005184,0.0,0.5654761904761905
2025,15.19@2025-09-24,Galio,0.22344559585492227,0.0,0.7916666666666666
2025,15.19@2025-09-24,Gangplank,0.010686528497409326,0.0,0.31845238095238093
2025,15.19@2025-09-24,Garen,0.0051813471502590676,0.0,0.2113095238095238
2025,15.19@2025-09-24,Gnar,0.09229274611398963,0.0,0.6428571428571429
2025,15.19@2025-09-24,Gragas,0.054404145077720206,0.0,0.5773809523809523
2025,15.19@2025-09-24,Gwen,0.604598445595855,0.0,0.9821428571428571
2025,15.19@2025-09-24,Hecarim,0.0025906735751295338,0.0,0.09523809523809523
2025,15.19@2025-09-24,Heimerdinger,0.0048575129533678756,0.0,0.19642857142857142
2025,15.19@2025-09-24,Hwei,0.10492227979274611,0.0,0.6607142857142857
2025,15.19@2025-09-24,Illaoi,0.0029145077720207253,0.0,0.11011904761904762
2025,15.19@2025-09-24,Irelia,0.022344559585492228,0.0,0.42857142857142855
2025,15.19@2025-09-24,Ivern,0.04598445595854922,0.0,0.5595238095238095
2025,15.19@2025-09-24,Janna,0.005829015544041451,0.0,0.2261904761904762
2025,15.19@2025-09-24,Jarvan IV,0.25906735751295334,0.0,0.8273809523809523
2025,15.19@2025-09-24,Jax,0.2104922279792746,0.0,0.7738095238095238
2025,15.19@2025-09-24,Jayce,0.14993523316062177,0.0,0.7321428571428571
2025,15.19@2025-09-24,Jhin,0.2700777202072539,0.0,0.8392857142857143
2025,15.19@2025-09-24,Jinx,0.09294041450777202,2.0,0.6488095238095238
2025,15.19@2025-09-24,K'Sante,0.24352331606217617,0.0,0.8154761904761905
2025,15.19@2025-09-24,Kai'Sa,0.3176813471502591,0.0,0.8571428571428571
2025,15.19@2025-09-24,Kalista,0.06573834196891191,0.0,0.5952380952380952
2025,15.19@2025-09-24,Karma,0.12597150259067358,0.0,0.6904761904761905
2025,15.19@2025-09-24,Karthus,0.0042098445595854924,0.0,0.17261904761904762
2025,15.19@2025-09-24,Kassadin,0.0029145077720207253,0.0,0.11011904761904762
2025,15.19@2025-09-24,Katarina,0.0012953367875647669,0.0,0.05654761904761905
2025,15.19@2025-09-24,Kayle,0.003562176165803109,0.0,0.13690476190476192
2025,15.19@2025-09-24,Kayn,0.006476683937823834,0.0,0.24404761904761904
2025,15.19@2025-09-24,Kennen,0.011658031088082901,0.0,0.33630952380952384
2025,15.19@2025-09-24,Kha'Zix,0.007448186528497409,0.0,0.25595238095238093
2025,15.19@2025-09-24,Kindred,0.0352979274611399,0.0,0.49404761904761907
2025,15.19@2025-09-24,Kled,0.008743523316062176,0.0,0.29464285714285715
2025,15.19@2025-09-24,Kog'Maw,0.011658031088082901,0.0,0.33630952380952384
2025,15.19@2025-09-24,LeBlanc,0.03626943005181347,2.0,0.5
2025,15.19@2025-09-24,Lee Sin,0.08160621761658031,0.0,0.625
2025,15.19@2025-09-24,Leona,0.20693005181347152,0.0,0.7678571428571429
2025,15.19@2025-09-24,Lillia,0.03659326424870466,2.0,0.5059523809523809
2025,15.19@2025-09-24,Lissandra,0.006152849740932643,0.0,0.23511904761904762
2025,15.19@2025-09-24,Lucian,0.3225388601036269,0.0,0.8690476190476191
2025,15.19@2025-09-24,Lulu,0.09909326424870467,0.0,0.6547619047619048
2025,15.19@2025-09-24,Lux,0.008743523316062176,0.0,0.29464285714285715
2025,15.19@2025-09-24,Malphite,0.008419689119170985,0.0,0.2767857142857143
2025,15.19@2025-09-24,Malzahar,0.0022668393782383418,0.0,0.08928571428571429
2025,15.19@2025-09-24,Maokai,0.18167098445595856,0.0,0.7559523809523809
2025,15.19@2025-09-24,Master Yi,0.0006476683937823834,0.0,0.023809523809523808
2025,15.19@2025-09-24,Mel,0.029792746113989636,2.0,0.4583333333333333
2025,15.19@2025-09-24,Milio,0.01716321243523316,0.0,0.38392857142857145
2025,15.19@2025-09-24,Miss Fortune,0.1253238341968912,0.0,0.6845238095238095
2025,15.19@2025-09-24,Mordekaiser,0.017487046632124352,0.0,0.39285714285714285
2025,15.19@2025-09-24,Morgana,0.01716321243523316,0.0,0.38392857142857145
2025,15.19@2025-09-24,Naafiri,0.08678756476683938,0.0,0.6369047619047619
2025,15.19@2025-09-24,Nami,0.03853626943005181,0.0,0.5119047619047619
2025,15.19@2025-09-24,Nasus,0.0006476683937823834,0.0,0.023809523809523808
2025,15.19@2025-09-24,Nautilus,0.37370466321243523,0.0,0.8928571428571429
2025,15.19@2025-09-24,Neeko,0.41936528497409326,0.0,0.9166666666666666
2025,15.19@2025-09-24,Nidalee,0.03335492227979275,0.0,0.48214285714285715
2025,15.19@2025-09-24,Nilah,0.0051813471502590676,0.0,0.2113095238095238
2025,15.19@2025-09-24,Nocturne,0.21794041450777202,0.0,0.7857142857142857
2025,15.19@2025-09-24,Nunu & Willump,0.00939119170984456,0.0,0.30952380952380953
2025,15.19@2025-09-24,Olaf,0.040803108808290155,0.0,0.5238095238095238
2025,15.19@2025-09-24,Orianna,0.4251943005181347,0.0,0.9285714285714286
2025,15.19@2025-09-24,Ornn,0.13698186528497408,0.0,0.7023809523809523
2025,15.19@2025-09-24,Pantheon,0.7512953367875648,-3.0,1.0
2025,15.19@2025-09-24,Poppy,0.4274611398963731,-2.0,0.9404761904761905
2025,15.19@2025-09-24,Pyke,0.044689119170984455,0.0,0.5535714285714286
2025,15.19@2025-09-24,Qiyana,0.043717616580310883,0.0,0.5416666666666666
2025,15.19@2025-09-24,Rakan,0.41871761658031087,0.0,0.9107142857142857
2025,15.19@2025-09-24,Rammus,0.0006476683937823834,0.0,0.023809523809523808
2025,15.19@2025-09-24,Rek'Sai,0.009067357512953367,0.0,0.30357142857142855
2025,15.19@2025-09-24,Rell,0.39766839378238344,0.0,0.9047619047619048
2025,15.19@2025-09-24,Renata Glasc,0.08646373056994819,0.0,0.6309523809523809
2025,15.19@2025-09-24,Renekton,0.23024611398963732,0.0,0.8035714285714286
2025,15.19@2025-09-24,Rengar,0.0048575129533678756,0.0,0.19642857142857142
2025,15.19@2025-09-24,Riven,0.008419689119170985,0.0,0.2767857142857143
2025,15.19@2025-09-24,Rumble,0.4491580310880829,0.0,0.9583333333333334
2025,15.19@2025-09-24,Ryze,0.25161917098445596,0.0,0.8214285714285714
2025,15.19@2025-09-24,Samira,0.003562176165803109,0.0,0.13690476190476192
2025,15.19@2025-09-24,Sejuani,0.14345854922279794,0.0,0.7261904761904762
2025,15.19@2025-09-24,Senna,0.14216321243523317,0.0,0.7142857142857143
2025,15.19@2025-09-24,Seraphine,0.01910621761658031,2.0,0.40476190476190477
2025,15.19@2025-09-24,Sett,0.013601036269430052,0.0,0.3630952380952381
2025,15.19@2025-09-24,Shaco,0.0042098445595854924,0.0,0.17261904761904762
2025,15.19@2025-09-24,Shen,0.0508419689119171,0.0,0.5714285714285714
2025,15.19@2025-09-24,Shyvana,0.0009715025906735751,0.0,0.041666666666666664
2025,15.19@2025-09-24,Singed,0.0012953367875647669,0.0,0.05654761904761905
2025,15.19@2025-09-24,Sion,0.36658031088082904,0.0,0.8809523809523809
2025,15.19@2025-09-24,Sivir,0.32221502590673573,-1.0,0.8630952380952381
2025,15.19@2025-09-24,Skarner,0.12726683937823835,0.0,0.6964285714285714
2025,15.19@2025-09-24,Smolder,0.0744818652849741,0.0,0.6130952380952381
2025,15.19@2025-09-24,Sona,0.0019430051813471502,0.0,0.07738095238095238
2025,15.19@2025-09-24,Soraka,0.006800518134715026,0.0,0.25
2025,15.19@2025-09-24,Swain,0.01133419689119171,0.0,0.3273809523809524
2025,15.19@2025-09-24,Sylas,0.13957253886010362,0.0,0.7083333333333334
2025,15.19@2025-09-24,Syndra,0.11819948186528498,0.0,0.6785714285714286
2025,15.19@2025-09-24,Tahm Kench,0.020077720207253884,0.0,0.4166666666666667
2025,15.19@2025-09-24,Taliyah,0.5482512953367875,0.0,0.9761904761904762
2025,15.19@2025-09-24,Talon,0.006152849740932643,0.0,0.23511904761904762
2025,15.19@2025-09-24,Taric,0.008419689119170985,0.0,0.2767857142857143
2025,15.19@2025-09-24,Teemo,0.0038860103626943004,0.0,0.15476190476190477
2025,15.19@2025-09-24,Thresh,0.03076424870466321,0.0,0.47023809523809523
2025,15.19@2025-09-24,Tristana,0.07772020725388601,0.0,0.6190476190476191
2025,15.19@2025-09-24,Trundle,0.47117875647668395,0.0,0.9702380952380952
2025,15.19@2025-09-24,Tryndamere,0.0029145077720207253,0.0,0.11011904761904762
2025,15.19@2025-09-24,Twisted Fate,0.05505181347150259,0.0,0.5833333333333334
2025,15.19@2025-09-24,Twitch,0.005505181347150259,0.0,0.22023809523809523
2025,15.19@2025-09-24,Udyr,0.012305699481865285,0.0,0.3541666666666667
2025,15.19@2025-09-24,Urgot,0.007772020725388601,0.0,0.2619047619047619
2025,15.19@2025-09-24,Varus,0.6301813471502591,0.0,0.9880952380952381
2025,15.19@2025-09-24,Vayne,0.011981865284974092,0.0,0.34523809523809523
2025,15.19@2025-09-24,Veigar,0.003562176165803109,0.0,0.13690476190476192
2025,15.19@2025-09-24,Vel'Koz,0.0016191709844559584,0.0,0.06547619047619048
2025,15.19@2025-09-24,Vex,0.0029145077720207253,0.0,0.11011904761904762
2025,15.19@2025-09-24,Vi,0.4478626943005181,0.0,0.9523809523809523
2025,15.19@2025-09-24,Viego,0.1052461139896373,0.0,0.6666666666666666
2025,15.19@2025-09-24,Viktor,0.17810880829015543,0.0,0.75
2025,15.19@2025-09-24,Vladimir,0.027525906735751296,0.0,0.44345238095238093
2025,15.19@2025-09-24,Volibear,0.033031088082901554,0.0,0.47619047619047616
2025,15.19@2025-09-24,Warwick,0.0019430051813471502,0.0,0.07738095238095238
2025,15.19@2025-09-24,Wukong,0.46599740932642486,0.0,0.9642857142857143
2025,15.19@2025-09-24,Xayah,0.22927461139896374,0.0,0.7976190476190477
2025,15.19@2025-09-24,Xerath,0.0048575129533678756,0.0,0.19642857142857142
2025,15.19@2025-09-24,Xin Zhao,0.37694300518134716,0.0,0.8988095238095238
2025,15.19@2025-09-24,Yasuo,0.02104922279792746,0.0,0.4226190476190476
2025,15.19@2025-09-24,Yone,0.23866580310880828,0.0,0.8095238095238095
2025,15.19@2025-09-24,Yorick,0.1564119170984456,0.0,0.7380952380952381
2025,15.19@2025-09-24,Yunara,0.3694948186528497,0.0,0.8869047619047619
2025,15.19@2025-09-24,Yuumi,0.0003238341968911917,0.0,0.008928571428571428
2025,15.19@2025-09-24,Zac,0.012305699481865285,0.0,0.3541666666666667
2025,15.19@2025-09-24,Zed,0.06055699481865285,0.0,0.5892857142857143
2025,15.19@2025-09-24,Zeri,0.06800518134715026,0.0,0.6011904761904762
2025,15.19@2025-09-24,Ziggs,0.1172279792746114,0.0,0.6726190476190477
2025,15.19@2025-09-24,Zilean,0.0042098445595854924,0.0,0.17261904761904762
2025,15.19@2025-09-24,Zoe,0.03044041450777202,0.0,0.4642857142857143
2025,15.19@2025-09-24,Zyra,0.027525906735751296,0.0,0.44345238095238093
2025,15.19@2025-09-25,Aatrox,0.1699579151829071,0.0,0.7440476190476191
2025,15.19@2025-09-25,Ahri,0.18743930074457754,0.0,0.7619047619047619
2025,15.19@2025-09-25,Akali,0.14503075428941406,0.0,0.7261904761904762
2025,15.19@2025-09-25,Akshan,0.0038847523470378763,0.0,0.15773809523809523
2025,15.19@2025-09-25,Alistar,0.44707024927160893,0.0,0.9583333333333334
2025,15.19@2025-09-25,Ambessa,0.4257041113629006,0.0,0.9226190476190477
2025,15.19@2025-09-25,Amumu,0.005503399158303658,0.0,0.2113095238095238
2025,15.19@2025-09-25,Anivia,0.0032372936225315637,0.0,0.12797619047619047
2025,15.19@2025-09-25,Annie,0.2881191324053092,0.0,0.8452380952380952
2025,15.19@2025-09-25,Aphelios,0.06960181288442861,0.0,0.6071428571428571
2025,15.19@2025-09-25,Ashe,0.024279702168986728,0.0,0.43452380952380953
2025,15.19@2025-09-25,Aurelion Sol,0.008416963418582066,0.0,0.2708333333333333
2025,15.19@2025-09-25,Aurora,0.430560051796698,0.0,0.9404761904761905
2025,15.19@2025-09-25,Azir,0.6338620912916801,0.0,0.9940476190476191
2025,15.19@2025-09-25,Bard,0.21301392036257688,0.0,0.7797619047619048
2025,15.19@2025-09-25,Bel'Veth,0.018128844286176757,0.0,0.39880952380952384
2025,15.19@2025-09-25,Blitzcrank,0.04208481709291033,0.0,0.5357142857142857
2025,15.19@2025-09-25,Brand,0.011006798316607317,0.0,0.32142857142857145
2025,15.19@2025-09-25,Braum,0.3036581417934607,0.0,0.8511904761904762
2025,15.19@2025-09-25,Briar,0.0003237293622531564,0.0,0.008928571428571428
2025,15.19@2025-09-25,Caitlyn,0.040789899643897704,0.0,0.5267857142857143
2025,15.19@2025-09-25,Camille,0.03463904176108773,0.0,0.49107142857142855
2025,15.19@2025-09-25,Cassiopeia,0.04014244091939139,0.0,0.5178571428571429
2025,15.19@2025-09-25,Cho'Gath,0.04467465199093558,0.0,0.5446428571428571
2025,15.19@2025-09-25,Corki,0.33926837164130785,0.0,0.875
2025,15.19@2025-09-25,Darius,0.019100032372936226,0.0,0.40476190476190477
2025,15.19@2025-09-25,Diana,0.0019423761735189381,0.0,0.08035714285714286
2025,15.19@2025-09-25,Dr. Mundo,0.02945937196503723,0.0,0.45535714285714285
2025,15.19@2025-09-25,Draven,0.016510197474910976,0.0,0.375
2025,15.19@2025-09-25,Ekko,0.0038847523470378763,0.0,0.15773809523809523
2025,15.19@2025-09-25,Elise,0.015862738750404663,0.0,0.36904761904761907
2025,15.19@2025-09-25,Evelynn,0.0009711880867594691,0.0,0.041666666666666664
2025,15.19@2025-09-25,Ezreal,0.25865976044027195,0.0,0.8273809523809523
2025,15.19@2025-09-25,Fiddlesticks,0.0009711880867594691,0.0,0.041666666666666664
2025,15.19@2025-09-25,Fiora,0.04726448688896083,0.0,0.5654761904761905
2025,15.19@2025-09-25,Galio,0.22466817740369052,0.0,0.7916666666666666
2025,15.19@2025-09-25,Gangplank,0.01068306895435416,0.0,0.31547619047619047
2025,15.19@2025-09-25,Garen,0.005503399158303658,0.0,0.2113095238095238
2025,15.19@2025-09-25,Gnar,0.09258659760440272,0.0,0.6428571428571429
2025,15.19@2025-09-25,Gragas,0.05406280349627711,0.0,0.5773809523809523
2025,15.19@2025-09-25,Gwen,0.602460343153124,0.0,0.9821428571428571
2025,15.19@2025-09-25,Hecarim,0.0029135642602784073,0.0,0.10714285714285714
2025,15.19@2025-09-25,Heimerdinger,0.004855940433797346,0.0,0.19345238095238096
2025,15.19@2025-09-25,Hwei,0.10553577209452897,0.0,0.6666666666666666
2025,15.19@2025-09-25,Illaoi,0.0029135642602784073,0.0,0.10714285714285714
2025,15.19@2025-09-25,Irelia,0.022013596633214633,0.0,0.42857142857142855
2025,15.19@2025-09-25,Ivern,0.04499838135318873,0.0,0.5565476190476191
2025,15.19@2025-09-25,Janna,0.005827128520556815,0.0,0.22321428571428573
2025,15.19@2025-09-25,Jarvan IV,0.260925865976044,0.0,0.8333333333333334
2025,15.19@2025-09-25,Jax,0.21042408546455163,0.0,0.7738095238095238
2025,15.19@2025-09-25,Jayce,0.14956296536095823,0.0,0.7321428571428571
2025,15.19@2025-09-25,Jhin,0.2696665587568792,0.0,0.8392857142857143
2025,15.19@2025-09-25,Jinx,0.09291032696665588,0.0,0.6488095238095238
2025,15.19@2025-09-25,K'Sante,0.24603431531239883,0.0,0.8154761904761905
2025,15.19@2025-09-25,Kai'Sa,0.3201683392683716,0.0,0.8601190476190477
2025,15.19@2025-09-25,Kalista,0.06474587245063128,0.0,0.5952380952380952
2025,15.19@2025-09-25,Karma,0.1269019100032373,0.0,0.6964285714285714
2025,15.19@2025-09-25,Karthus,0.004208481709291033,0.0,0.17261904761904762
2025,15.19@2025-09-25,Kassadin,0.0029135642602784073,0.0,0.10714285714285714
2025,15.19@2025-09-25,Katarina,0.0012949174490126255,0.0,0.05654761904761905
2025,15.19@2025-09-25,Kayle,0.00356102298478472,0.0,0.13988095238095238
2025,15.19@2025-09-25,Kayn,0.006474587245063127,0.0,0.24404761904761904
2025,15.19@2025-09-25,Kennen,0.01165425704111363,0.0,0.33035714285714285
2025,15.19@2025-09-25,Kha'Zix,0.00712204596956944,0.0,0.25595238095238093
2025,15.19@2025-09-25,Kindred,0.03463904176108773,0.0,0.49107142857142855
2025,15.19@2025-09-25,Kled,0.009711880867594691,0.0,0.30952380952380953
2025,15.19@2025-09-25,Kog'Maw,0.012625445127873098,0.0,0.3482142857142857
2025,15.19@2025-09-25,LeBlanc,0.03658141793460667,0.0,0.5059523809523809
2025,15.19@2025-09-25,Lee Sin,0.08125606992554224,0.0,0.6309523809523809
2025,15.19@2025-09-25,Leona,0.2068630624797669,0.0,0.7678571428571429
2025,15.19@2025-09-25,Lillia,0.035933959210100355,0.0,0.5
2025,15.19@2025-09-25,Lissandra,0.006150857882809971,0.0,0.23511904761904762
2025,15.19@2025-09-25,Lucian,0.3201683392683716,0.0,0.8601190476190477
2025,15.19@2025-09-25,Lulu,0.10035610229847847,0.0,0.6547619047619048
2025,15.19@2025-09-25,Lux,0.008740692780835222,0.0,0.2857142857142857
2025,15.19@2025-09-25,Malphite,0.008416963418582066,0.0,0.2708333333333333
2025,15.19@2025-09-25,Malzahar,0.0022661055357720947,0.0,0.08928571428571429
2025,15.19@2025-09-25,Maokai,0.18225963094852704,0.0,0.7559523809523809
2025,15.19@2025-09-25,Master Yi,0.0006474587245063128,0.0,0.023809523809523808
2025,15.19@2025-09-25,Mel,0.02945937196503723,0.0,0.45535714285714285
2025,15.19@2025-09-25,Milio,0.017481385561670445,0.0,0.3869047619047619
2025,15.19@2025-09-25,Miss Fortune,0.12172224020718679,0.0,0.6845238095238095
2025,15.19@2025-09-25,Mordekaiser,0.01715765619941729,0.0,0.38095238095238093
2025,15.19@2025-09-25,Morgana,0.0178051149239236,0.0,0.39285714285714285
2025,15.19@2025-09-25,Naafiri,0.08093234056328909,0.0,0.625
2025,15.19@2025-09-25,Nami,0.03917125283263192,0.0,0.5119047619047619
2025,15.19@2025-09-25,Nasus,0.0006474587245063128,0.0,0.023809523809523808
2025,15.19@2025-09-25,Nautilus,0.3739074134023956,0.0,0.8928571428571429
2025,15.19@2025-09-25,Neeko,0.4192295241178375,0.0,0.9166666666666666
2025,15.19@2025-09-25,Nidalee,0.03204920686306248,0.0,0.47619047619047616
2025,15.19@2025-09-25,Nilah,0.004532211071544189,0.0,0.17857142857142858
2025,15.19@2025-09-25,Nocturne,0.22013596633214633,0.0,0.7857142857142857
2025,15.19@2025-09-25,Nunu & Willump,0.009388151505341535,0.0,0.3005952380952381
2025,15.19@2025-09-25,Olaf,0.040789899643897704,0.0,0.5267857142857143
2025,15.19@2025-09-25,Orianna,0.4295888637099385,0.0,0.9345238095238095
2025,15.19@2025-09-25,Ornn,0.13790870831984461,0.0,0.7023809523809523
2025,15.19@2025-09-25,Pantheon,0.7481385561670444,0.0,1.0
2025,15.19@2025-09-25,Poppy,0.4279702168986727,0.0,0.9285714285714286
2025,15.19@2025-09-25,Pyke,0.04467465199093558,0.0,0.5446428571428571
2025,15.19@2025-09-25,Qiyana,0.04499838135318873,0.0,0.5565476190476191
2025,15.19@2025-09-25,Rakan,0.41825833603107804,0.0,0.9107142857142857
2025,15.19@2025-09-25,Rammus,0.0006474587245063128,0.0,0.023809523809523808
2025,15.19@2025-09-25,Rek'Sai,0.009388151505341535,0.0,0.3005952380952381
2025,15.19@2025-09-25,Rell,0.3968921981223697,0.0,0.9047619047619048
2025,15.19@2025-09-25,Renata Glasc,0.08675946908384591,0.0,0.6369047619047619
2025,15.19@2025-09-25,Renekton,0.2275817416639689,0.0,0.7976190476190477
2025,15.19@2025-09-25,Rengar,0.004855940433797346,0.0,0.19345238095238096
2025,15.19@2025-09-25,Riven,0.008740692780835222,0.0,0.2857142857142857
2025,15.19@2025-09-25,Rumble,0.44674651990935577,0.0,0.9523809523809523
2025,15.19@2025-09-25,Ryze,0.25121398510844933,0.0,0.8214285714285714
2025,15.19@2025-09-25,Samira,0.0032372936225315637,0.0,0.12797619047619047
2025,15.19@2025-09-25,Sejuani,0.14179346066688248,0.0,0.7202380952380952
2025,15.19@2025-09-25,Senna,0.13985108449336356,0.0,0.7142857142857143
2025,15.19@2025-09-25,Seraphine,0.019423761735189383,0.0,0.4107142857142857
2025,15.19@2025-09-25,Sett,0.013272903852379411,0.0,0.35714285714285715
2025,15.19@2025-09-25,Shaco,0.004855940433797346,0.0,0.19345238095238096
2025,15.19@2025-09-25,Shen,0.05017805114923923,0.0,0.5714285714285714
2025,15.19@2025-09-25,Shyvana,0.0009711880867594691,0.0,0.041666666666666664
2025,15.19@2025-09-25,Singed,0.0012949174490126255,0.0,0.05654761904761905
2025,15.19@2025-09-25,Sion,0.3658141793460667,0.0,0.8809523809523809
2025,15.19@2025-09-25,Sivir,0.32470055033991585,0.0,0.8690476190476191
2025,15.19@2025-09-25,Skarner,0.12398834574295889,0.0,0.6904761904761905
2025,15.19@2025-09-25,Smolder,0.0764001294917449,0.0,0.6160714285714286
2025,15.19@2025-09-25,Sona,0.0019423761735189381,0.0,0.08035714285714286
2025,15.19@2025-09-25,Soraka,0.006798316607316284,0.0,0.25
2025,15.19@2025-09-25,Swain,0.012301715765619942,0.0,0.3392857142857143
2025,15.19@2025-09-25,Sylas,0.13855616704435092,0.0,0.7083333333333334
2025,15.19@2025-09-25,Syndra,0.11848494658465523,0.0,0.6726190476190477
2025,15.19@2025-09-25,Tahm Kench,0.020071220459695695,0.0,0.4166666666666667
2025,15.19@2025-09-25,Taliyah,0.5458077047588217,0.0,0.9761904761904762
2025,15.19@2025-09-25,Talon,0.006150857882809971,0.0,0.23511904761904762
2025,15.19@2025-09-25,Taric,0.008740692780835222,0.0,0.2857142857142857
2025,15.19@2025-09-25,Teemo,0.0038847523470378763,0.0,0.15773809523809523
2025,15.19@2025-09-25,Thresh,0.03107801877630301,0.0,0.47023809523809523
2025,15.19@2025-09-25,Tristana,0.0764001294917449,0.0,0.6160714285714286
2025,15.19@2025-09-25,Trundle,0.47393978633862094,0.0,0.9702380952380952
2025,15.19@2025-09-25,Tryndamere,0.0029135642602784073,0.0,0.10714285714285714
2025,15.19@2025-09-25,Twisted Fate,0.05438653285853027,0.0,0.5833333333333334
2025,15.19@2025-09-25,Twitch,0.005827128520556815,0.0,0.22321428571428573
2025,15.19@2025-09-25,Udyr,0.013596633214632567,0.0,0.3630952380952381
2025,15.19@2025-09-25,Urgot,0.007445775331822596,0.0,0.2619047619047619
2025,15.19@2025-09-25,Varus,0.6267400453221107,0.0,0.9880952380952381
2025,15.19@2025-09-25,Vayne,0.01165425704111363,0.0,0.33035714285714285
2025,15.19@2025-09-25,Veigar,0.00356102298478472,0.0,0.13988095238095238
2025,15.19@2025-09-25,Vel'Koz,0.0016186468112657818,0.0,0.06845238095238096
2025,15.19@2025-09-25,Vex,0.0029135642602784073,0.0,0.10714285714285714
2025,15.19@2025-09-25,Vi,0.4460990611848495,0.0,0.9464285714285714
2025,15.19@2025-09-25,Viego,0.10326966655875688,0.0,0.6607142857142857
2025,15.19@2025-09-25,Viktor,0.17837487860148915,0.0,0.75
2025,15.19@2025-09-25,Vladimir,0.027193266429265135,0.0,0.44047619047619047
2025,15.19@2025-09-25,Volibear,0.03302039494982195,0.0,0.48214285714285715
2025,15.19@2025-09-25,Warwick,0.0016186468112657818,0.0,0.06845238095238096
2025,15.19@2025-09-25,Wukong,0.46746519909355777,0.0,0.9642857142857143
2025,15.19@2025-09-25,Xayah,0.22790547102622208,0.0,0.8035714285714286
2025,15.19@2025-09-25,Xerath,0.004855940433797346,0.0,0.19345238095238096
2025,15.19@2025-09-25,Xin Zhao,0.37584978957591453,0.0,0.8988095238095238
2025,15.19@2025-09-25,Yasuo,0.020718679184202008,0.0,0.4226190476190476
2025,15.19@2025-09-25,Yone,0.23761735189381678,0.0,0.8095238095238095
2025,15.19@2025-09-25,Yorick,0.1579799287795403,0.0,0.7380952380952381
2025,15.19@2025-09-25,Yunara,0.3722887665911298,0.0,0.8869047619047619
2025,15.19@2025-09-25,Yuumi,0.0003237293622531564,0.0,0.008928571428571428
2025,15.19@2025-09-25,Zac,0.012625445127873098,0.0,0.3482142857142857
2025,15.19@2025-09-25,Zed,0.060861120103593395,0.0,0.5892857142857143
2025,15.19@2025-09-25,Zeri,0.06733570734865653,0.0,0.6011904761904762
2025,15.19@2025-09-25,Ziggs,0.11913240530916154,0.0,0.6785714285714286
2025,15.19@2025-09-25,Zilean,0.0038847523470378763,0.0,0.15773809523809523
2025,15.19@2025-09-25,Zoe,0.03010683068954354,0.0,0.4642857142857143
2025,15.19@2025-09-25,Zyra,0.028164454516024603,0.0,0.44642857142857145
2025,15.20@2025-10-08,Aatrox,0.17417969947868753,0.0,0.7529411764705882
2025,15.20@2025-10-08,Ahri,0.17632628028212205,0.0,0.7588235294117647
2025,15.20@2025-10-08,Akali,0.14842072983747318,0.0,0.7352941176470589
2025,15.20@2025-10-08,Akshan,0.003986507206378411,0.0,0.17352941176470588
2025,15.20@2025-10-08,Alistar,0.4569150567310641,0.0,0.9470588235294117
2025,15.20@2025-10-08,Ambessa,0.44434222631094755,0.0,0.9411764705882353
2025,15.20@2025-10-08,Amumu,0.005826433609322294,0.0,0.22941176470588234
2025,15.20@2025-10-08,Anivia,0.0033731984053971173,2.0,0.1323529411764706
2025,15.20@2025-10-08,Annie,0.28518859245630174,0.0,0.8411764705882353
2025,15.20@2025-10-08,Aphelios,0.06961054891137688,0.0,0.6058823529411764
2025,15.20@2025-10-08,Ashe,0.02269242563630788,0.0,0.43529411764705883
2025,15.20@2025-10-08,Aurelion Sol,0.008586323213738117,0.0,0.2823529411764706
2025,15.20@2025-10-08,Aurora,0.44158233670653174,0.0,0.9294117647058824
2025,15.20@2025-10-08,Azir,0.6442808954308494,0.0,0.9941176470588236
2025,15.20@2025-10-08,Bard,0.22661760196258815,0.0,0.7970588235294118
2025,15.20@2025-10-08,Bel'Veth,0.016865992026985587,0.0,0.39705882352941174
2025,15.20@2025-10-08,Blitzcrank,0.03986507206378412,0.0,0.5294117647058824
2025,15.20@2025-10-08,Brand,0.010426249616682,0.0,0.31470588235294117
2025,15.20@2025-10-08,Braum,0.3094142900950629,0.0,0.8588235294117647
2025,15.20@2025-10-08,Briar,0.0006133088009812941,-1.0,0.03529411764705882
2025,15.20@2025-10-08,Caitlyn,0.04446488807114382,0.0,0.5529411764705883
2025,15.20@2025-10-08,Camille,0.03618521925789635,0.0,0.5029411764705882
2025,15.20@2025-10-08,Cassiopeia,0.04569150567310641,0.0,0.5705882352941176
2025,15.20@2025-10-08,Cho'Gath,0.044771542471634465,0.0,0.5617647058823529
2025,15.20@2025-10-08,Corki,0.3498926709598283,0.0,0.8764705882352941
2025,15.20@2025-10-08,Darius,0.015946028825513645,0.0,0.38823529411764707
2025,15.20@2025-10-08,Diana,0.0018399264029438822,0.0,0.08529411764705883
2025,15.20@2025-10-08,Dr. Mundo,0.02821220484513953,0.0,0.4676470588235294
2025,15.20@2025-10-08,Draven,0.015332720024532351,0.0,0.38235294117647056
2025,15.20@2025-10-08,Ekko,0.004293161606869059,0.0,0.18529411764705883
2025,15.20@2025-10-08,Elise,0.013186139221097824,0.0,0.37058823529411766
2025,15.20@2025-10-08,Evelynn,0.0009199632014719411,0.0,0.052941176470588235
2025,15.20@2025-10-08,Ezreal,0.24685679239497088,0.0,0.8176470588235294
2025,15.20@2025-10-08,Fiddlesticks,0.0006133088009812941,0.0,0.03529411764705882
2025,15.20@2025-10-08,Fiora,0.049371358478994175,0.0,0.5823529411764706
2025,15.20@2025-10-08,Fizz,0.0,2.0,0.0058823529411764705
2025,15.20@2025-10-08,Galio,0.23919043238270468,0.0,0.8117647058823529
2025,15.20@2025-10-08,Gangplank,0.011959521619135235,0.0,0.3382352941176471
2025,15.20@2025-10-08,Garen,0.006439742410303588,0.0,0.25588235294117645
2025,15.20@2025-10-08,Gnar,0.09506286415210058,0.0,0.6529411764705882
2025,15.20@2025-10-08,Gragas,0.05519779208831647,0.0,0.5882352941176471
2025,15.20@2025-10-08,Graves,0.00030665440049064706,1.0,0.014705882352941176
2025,15.20@2025-10-08,Gwen,0.5633241337013186,0.0,0.9823529411764705
2025,15.20@2025-10-08,Hecarim,0.0030665440049064702,0.0,0.11470588235294117
2025,15.20@2025-10-08,Heimerdinger,0.004599816007359705,0.0,0.19411764705882353
2025,15.20@2025-10-08,Hwei,0.10702238577123582,0.0,0.6705882352941176
2025,15.20@2025-10-08,Illaoi,0.0027598896044158236,0.0,0.10294117647058823
2025,15.20@2025-10-08,Irelia,0.021465808034345293,0.0,0.4294117647058823
2025,15.20@2025-10-08,Ivern,0.045998160073597055,0.0,0.5764705882352941
2025,15.20@2025-10-08,Janna,0.005826433609322294,0.0,0.22941176470588234
2025,15.20@2025-10-08,Jarvan IV,0.3048144740877032,0.0,0.8470588235294118
2025,15.20@2025-10-08,Jax,0.2072983747316774,0.0,0.7705882352941177
2025,15.20@2025-10-08,Jayce,0.14382091383011347,0.0,0.7294117647058823
2025,15.20@2025-10-08,Jhin,0.25912296841459675,0.0,0.8294117647058824
2025,15.20@2025-10-08,Jinx,0.09475620975160993,0.0,0.6470588235294118
2025,15.20@2025-10-08,K'Sante,0.2643360932229378,0.0,0.8352941176470589
2025,15.20@2025-10-08,Kai'Sa,0.34467954615148727,0.0,0.8705882352941177
2025,15.20@2025-10-08,Kalista,0.04293161606869059,0.0,0.5411764705882353
2025,15.20@2025-10-08,Karma,0.12358172339773076,0.0,0.6941176470588235
2025,15.20@2025-10-08,Karthus,0.0036798528058877645,0.0,0.15588235294117647
2025,15.20@2025-10-08,Kassadin,0.0024532352039251764,0.0,0.09411764705882353
2025,15.20@2025-10-08,Katarina,0.0012266176019625882,1.0,0.06470588235294118
2025,15.20@2025-10-08,Kayle,0.0033731984053971173,0.0,0.1323529411764706
2025,15.20@2025-10-08,Kayn,0.0061330880098129405,0.0,0.24411764705882352
2025,15.20@2025-10-08,Kennen,0.011959521619135235,0.0,0.3382352941176471
2025,15.20@2025-10-08,Kha'Zix,0.004906470407850353,0.0,0.20588235294117646
2025,15.20@2025-10-08,Kindred,0.033731984053971174,0.0,0.48823529411764705
2025,15.20@2025-10-08,Kled,0.009812940815700706,0.0,0.3
2025,15.20@2025-10-08,Kog'Maw,0.012572830420116528,0.0,0.36470588235294116
2025,15.20@2025-10-08,LeBlanc,0.04078503526525606,0.0,0.5352941176470588
2025,15.20@2025-10-08,Lee Sin,0.07605029132168047,0.0,0.6294117647058823
2025,15.20@2025-10-08,Leona,0.21527138914443422,0.0,0.7764705882352941
2025,15.20@2025-10-08,Lillia,0.03618521925789635,0.0,0.5029411764705882
2025,15.20@2025-10-08,Lissandra,0.009812940815700706,0.0,0.3
2025,15.20@2025-10-08,Lucian,0.30788101809260965,0.0,0.8529411764705882
2025,15.20@2025-10-08,Lulu,0.1036491873658387,0.0,0.6647058823529411
2025,15.20@2025-10-08,Lux,0.007973014412756822,0.0,0.27058823529411763
2025,15.20@2025-10-08,Malphite,0.00827966881324747,2.0,0.27647058823529413
2025,15.20@2025-10-08,Malzahar,0.0027598896044158236,0.0,0.10294117647058823
2025,15.20@2025-10-08,Maokai,0.17816620668506594,0.0,0.7647058823529411
2025,15.20@2025-10-08,Master Yi,0.0006133088009812941,0.0,0.03529411764705882
2025,15.20@2025-10-08,Mel,0.025452315240723705,0.0,0.45294117647058824
2025,15.20@2025-10-08,Milio,0.017479300827966882,0.0,0.40588235294117647
2025,15.20@2025-10-08,Miss Fortune,0.11376878258203005,0.0,0.6764705882352942
2025,15.20@2025-10-08,Mordekaiser,0.01778595522845753,0.0,0.4117647058823529
2025,15.20@2025-10-08,Morgana,0.023305734437289175,0.0,0.4411764705882353
2025,15.20@2025-10-08,Naafiri,0.07482367371971788,0.0,0.6235294117647059
2025,15.20@2025-10-08,Nami,0.035878564857405704,0.0,0.49411764705882355
2025,15.20@2025-10-08,Nasus,0.0006133088009812941,0.0,0.03529411764705882
2025,15.20@2025-10-08,Nautilus,0.36675866298681387,0.0,0.8823529411764706
2025,15.20@2025-10-08,Neeko,0.432689359092303,0.0,0.9235294117647059
2025,15.20@2025-10-08,Nidalee,0.029132168046611468,0.0,0.4764705882352941
2025,15.20@2025-10-08,Nilah,0.0033731984053971173,0.0,0.1323529411764706
2025,15.20@2025-10-08,Nocturne,0.21680466114688746,0.0,0.7823529411764706
2025,15.20@2025-10-08,Nunu & Willump,0.00919963201471941,0.0,0.28823529411764703
2025,15.20@2025-10-08,Olaf,0.03925176326280282,0.0,0.5235294117647059
2025,15.20@2025-10-08,Orianna,0.46826126954921804,-1.0,0.961764705882353
2025,15.20@2025-10-08,Ornn,0.13830113462128182,0.0,0.7235294117647059
2025,15.20@2025-10-08,Pantheon,0.6899724011039559,1.0,1.0
2025,15.20@2025-10-08,Poppy,0.4437289175099663,0.0,0.9352941176470588
2025,15.20@2025-10-08,Pyke,0.044771542471634465,0.0,0.5617647058823529
2025,15.20@2025-10-08,Qiyana,0.07390371051824594,0.0,0.6176470588235294
2025,15.20@2025-10-08,Rakan,0.4253296534805274,0.0,0.9117647058823529
2025,15.20@2025-10-08,Rammus,0.0006133088009812941,0.0,0.03529411764705882
2025,15.20@2025-10-08,Rek'Sai,0.012266176019625881,0.0,0.3558823529411765
2025,15.20@2025-10-08,Rell,0.3931309414290095,0.0,0.9058823529411765
2025,15.20@2025-10-08,Renata Glasc,0.0821833793314934,0.0,0.6352941176470588
2025,15.20@2025-10-08,Renekton,0.23244403557191046,0.0,0.8058823529411765
2025,15.20@2025-10-08,Rengar,0.0036798528058877645,0.0,0.15588235294117647
2025,15.20@2025-10-08,Riven,0.009812940815700706,0.0,0.3
2025,15.20@2025-10-08,Rumble,0.46826126954921804,0.0,0.961764705882353
2025,15.20@2025-10-08,Ryze,0.25452315240723705,0.0,0.8235294117647058
2025,15.20@2025-10-08,Samira,0.0036798528058877645,0.0,0.15588235294117647
2025,15.20@2025-10-08,Sejuani,0.13370131861392212,0.0,0.7176470588235294
2025,15.20@2025-10-08,Senna,0.12664826740263724,0.0,0.7058823529411765
2025,15.20@2025-10-08,Seraphine,0.016865992026985587,0.0,0.39705882352941174
2025,15.20@2025-10-08,Sett,0.011039558417663294,0.0,0.3235294117647059
2025,15.20@2025-10-08,Shaco,0.0061330880098129405,0.0,0.24411764705882352
2025,15.20@2025-10-08,Shen,0.04415823367065318,0.0,0.5470588235294118
2025,15.20@2025-10-08,Shyvana,0.0015332720024532351,0.0,0.07647058823529412
2025,15.20@2025-10-08,Singed,0.0012266176019625882,0.0,0.06470588235294118
2025,15.20@2025-10-08,Sion,0.37902483900643974,0.0,0.8941176470588236
2025,15.20@2025-10-08,Sivir,0.33854645814167433,0.0,0.8647058823529412
2025,15.20@2025-10-08,Skarner,0.11775528978840846,0.0,0.6823529411764706
2025,15.20@2025-10-08,Smolder,0.08524992333639987,0.0,0.6411764705882353
2025,15.20@2025-10-08,Sona,0.0018399264029438822,0.0,0.08529411764705883
2025,15.20@2025-10-08,Soraka,0.006439742410303588,0.0,0.25588235294117645
2025,15.20@2025-10-08,Swain,0.012266176019625881,0.0,0.3558823529411765
2025,15.20@2025-10-08,Sylas,0.13278135541245017,0.0,0.711764705882353
2025,15.20@2025-10-08,Syndra,0.12419503219871206,0.0,0.7
2025,15.20@2025-10-08,Tahm Kench,0.01962588163140141,0.0,0.4176470588235294
2025,15.20@2025-10-08,Taliyah,0.5240723704385158,0.0,0.9764705882352941
2025,15.20@2025-10-08,Talon,0.005826433609322294,0.0,0.22941176470588234
2025,15.20@2025-10-08,Taric,0.010426249616682,0.0,0.31470588235294117
2025,15.20@2025-10-08,Teemo,0.004906470407850353,0.0,0.20588235294117646
2025,15.20@2025-10-08,Thresh,0.032505366452008584,0.0,0.4823529411764706
2025,15.20@2025-10-08,Tristana,0.07206378411530205,0.0,0.611764705882353
2025,15.20@2025-10-08,Trundle,0.46274149034038636,0.0,0.9529411764705882
2025,15.20@2025-10-08,Tryndamere,0.0030665440049064702,0.0,0.11470588235294117
2025,15.20@2025-10-08,Twisted Fate,0.03863845446182153,0.0,0.5176470588235295
2025,15.20@2025-10-08,Twitch,0.005519779208831647,0.0,0.21764705882352942
2025,15.20@2025-10-08,Udyr,0.01349279362158847,0.0,0.3764705882352941
2025,15.20@2025-10-08,Urgot,0.007359705611775529,0.0,0.2647058823529412
2025,15.20@2025-10-08,Varus,0.5755903097209445,0.0,0.9882352941176471
2025,15.20@2025-10-08,Vayne,0.011959521619135235,0.0,0.3382352941176471
2025,15.20@2025-10-08,Veigar,0.0036798528058877645,1.0,0.15588235294117647
2025,15.20@2025-10-08,Vel'Koz,0.0033731984053971173,0.0,0.1323529411764706
2025,15.20@2025-10-08,Vex,0.003986507206378411,0.0,0.17352941176470588
2025,15.20@2025-10-08,Vi,0.42594296228150874,0.0,0.9176470588235294
2025,15.20@2025-10-08,Viego,0.09690279055504447,0.0,0.6588235294117647
2025,15.20@2025-10-08,Viktor,0.17172646427476235,0.0,0.7470588235294118
2025,15.20@2025-10-08,Vladimir,0.02483900643974241,0.0,0.4470588235294118
2025,15.20@2025-10-08,Volibear,0.03679852805887764,-2.0,0.5117647058823529
2025,15.20@2025-10-08,Warwick,0.0012266176019625882,-2.0,0.06470588235294118
2025,15.20@2025-10-08,Wukong,0.5038331800061331,0.0,0.9705882352941176
2025,15.20@2025-10-08,Xayah,0.22661760196258815,0.0,0.7970588235294118
2025,15.20@2025-10-08,Xerath,0.004906470407850353,0.0,0.20588235294117646
2025,15.20@2025-10-08,Xin Zhao,0.37043851579270165,0.0,0.888235294117647
2025,15.20@2025-10-08,Yasuo,0.01993253603189206,0.0,0.4235294117647059
2025,15.20@2025-10-08,Yone,0.22324440355719105,0.0,0.788235294117647
2025,15.20@2025-10-08,Yorick,0.15639374425023,0.0,0.7411764705882353
2025,15.20@2025-10-08,Yunara,0.39282428702851885,0.0,0.9
2025,15.20@2025-10-08,Yuumi,0.00030665440049064706,0.0,0.014705882352941176
2025,15.20@2025-10-08,Zac,0.011959521619135235,0.0,0.3382352941176471
2025,15.20@2025-10-08,Zed,0.06501073290401717,0.0,0.5941176470588235
2025,15.20@2025-10-08,Zeri,0.06562404170499847,0.0,0.6
2025,15.20@2025-10-08,Ziggs,0.12235510579576817,0.0,0.6882352941176471
2025,15.20@2025-10-08,Zilean,0.004293161606869059,0.0,0.18529411764705883
2025,15.20@2025-10-08,Zoe,0.02821220484513953,0.0,0.4676470588235294
2025,15.20@2025-10-08,Zyra,0.026372278442195647,0.0,0.4588235294117647
2025,15.20@2025-10-09,Aatrox,0.17396593673965938,0.0,0.7514792899408284
2025,15.20@2025-10-09,Ahri,0.177007299270073,0.0,0.7633136094674556
2025,15.20@2025-10-09,Akali,0.149330900243309,0.0,0.7337278106508875
2025,15.20@2025-10-09,Akshan,0.003953771289537713,0.0,0.16568047337278108
2025,15.20@2025-10-09,Alistar,0.458029197080292,0.0,0.9467455621301775
2025,15.20@2025-10-09,Ambessa,0.4443430656934307,0.0,0.9349112426035503
2025,15.20@2025-10-09,Amumu,0.005778588807785888,0.0,0.22485207100591717
2025,15.20@2025-10-09,Anivia,0.0033454987834549877,0.0,0.12721893491124261
2025,15.20@2025-10-09,Annie,0.28345498783454987,0.0,0.8402366863905325
2025,15.20@2025-10-09,Aphelios,0.06934306569343066,0.0,0.6035502958579881
2025,15.20@2025-10-09,Ashe,0.023418491484184914,0.0,0.4319526627218935
2025,15.20@2025-10-09,Aurelion Sol,0.00851581508515815,0.0,0.2781065088757396
2025,15.20@2025-10-09,Aurora,0.44099756690997566,0.0,0.9289940828402367
2025,15.20@2025-10-09,Azir,0.6438564476885644,-1.0,0.9940828402366864
2025,15.20@2025-10-09,Bard,0.22779805352798055,0.0,0.7928994082840237
2025,15.20@2025-10-09,Bel'Veth,0.01672749391727494,0.0,0.39349112426035504
2025,15.20@2025-10-09,Blitzcrank,0.03984184914841849,0.0,0.5266272189349113
2025,15.20@2025-10-09,Brand,0.010340632603406326,0.0,0.3106508875739645
2025,15.20@2025-10-09,Braum,0.30869829683698297,0.0,0.849112426035503
2025,15.20@2025-10-09,Briar,0.0006082725060827251,0.0,0.029585798816568046
2025,15.20@2025-10-09,Caitlyn,0.04531630170316302,0.0,0.5591715976331361
2025,15.20@2025-10-09,Camille,0.03619221411192214,0.0,0.4970414201183432
2025,15.20@2025-10-09,Cassiopeia,0.04592457420924574,0.0,0.5739644970414202
2025,15.20@2025-10-09,Cho'Gath,0.04440389294403893,0.0,0.5502958579881657
2025,15.20@2025-10-09,Corki,0.35036496350364965,0.0,0.8757396449704142
2025,15.20@2025-10-09,Darius,0.015815085158150853,0.0,0.38461538461538464
2025,15.20@2025-10-09,Diana,0.0018248175182481751,0.0,0.07988165680473373
2025,15.20@2025-10-09,Dr. Mundo,0.028284671532846715,0.0,0.46745562130177515
2025,15.20@2025-10-09,Draven,0.014598540145985401,0.0,0.378698224852071
2025,15.20@2025-10-09,Ekko,0.004257907542579075,0.0,0.1804733727810651
2025,15.20@2025-10-09,Elise,0.013077858880778588,0.0,0.3668639053254438
2025,15.20@2025-10-09,Evelynn,0.0009124087591240876,0.0,0.05029585798816568
2025,15.20@2025-10-09,Ezreal,0.24787104622871045,0.0,0.8165680473372781
2025,15.20@2025-10-09,Fiddlesticks,0.0006082725060827251,0.0,0.029585798816568046
2025,15.20@2025-10-09,Fiora,0.04927007299270073,0.0,0.5798816568047337
2025,15.20@2025-10-09,Galio,0.23905109489051096,0.0,0.8106508875739645
2025,15.20@2025-10-09,Gangplank,0.011861313868613138,0.0,0.3343195266272189
2025,15.20@2025-10-09,Garen,0.006386861313868613,0.0,0.2514792899408284
2025,15.20@2025-10-09,Gnar,0.0948905109489051,0.0,0.6449704142011834
2025,15.20@2025-10-09,Gragas,0.05504866180048662,0.0,0.5857988165680473
2025,15.20@2025-10-09,Graves,0.00030413625304136254,0.0,0.008875739644970414
2025,15.20@2025-10-09,Gwen,0.5590024330900243,0.0,0.9822485207100592
2025,15.20@2025-10-09,Hecarim,0.0030413625304136255,0.0,0.10946745562130178
2025,15.20@2025-10-09,Heimerdinger,0.004562043795620438,0.0,0.1893491124260355
2025,15.20@2025-10-09,Hwei,0.10766423357664233,0.0,0.6686390532544378
2025,15.20@2025-10-09,Illaoi,0.002737226277372263,0.0,0.09763313609467456
2025,15.20@2025-10-09,Irelia,0.021289537712895375,0.0,0.4260355029585799
2025,15.20@2025-10-09,Ivern,0.04562043795620438,0.0,0.5680473372781065
2025,15.20@2025-10-09,Janna,0.005778588807785888,0.0,0.22485207100591717
2025,15.20@2025-10-09,Jarvan IV,0.30900243309002434,0.0,0.8579881656804734
2025,15.20@2025-10-09,Jax,0.20681265206812652,0.0,0.7692307692307693
2025,15.20@2025-10-09,Jayce,0.14324817518248176,0.0,0.727810650887574
2025,15.20@2025-10-09,Jhin,0.25821167883211676,0.0,0.8284023668639053
2025,15.20@2025-10-09,Jinx,0.09610705596107055,0.0,0.650887573964497
2025,15.20@2025-10-09,K'Sante,0.2655109489051095,0.0,0.834319526627219
2025,15.20@2025-10-09,Kai'Sa,0.3470194647201946,0.0,0.8698224852071006
2025,15.20@2025-10-09,Kalista,0.04257907542579075,0.0,0.5325443786982249
2025,15.20@2025-10-09,Karma,0.12287104622871046,0.0,0.6923076923076923
2025,15.20@2025-10-09,Karthus,0.003953771289537713,0.0,0.16568047337278108
2025,15.20@2025-10-09,Kassadin,0.0024330900243309003,0.0,0.08875739644970414
2025,15.20@2025-10-09,Katarina,0.0012165450121654502,0.0,0.0621301775147929
2025,15.20@2025-10-09,Kayle,0.0033454987834549877,0.0,0.12721893491124261
2025,15.20@2025-10-09,Kayn,0.006082725060827251,0.0,0.23964497041420119
2025,15.20@2025-10-09,Kennen,0.011861313868613138,0.0,0.3343195266272189
2025,15.20@2025-10-09,Kha'Zix,0.004866180048661801,0.0,0.20118343195266272
2025,15.20@2025-10-09,Kindred,0.03345498783454988,0.0,0.48520710059171596
2025,15.20@2025-10-09,Kled,0.009732360097323601,0.0,0.2958579881656805
2025,15.20@2025-10-09,Kog'Maw,0.012469586374695864,0.0,0.35502958579881655
2025,15.20@2025-10-09,LeBlanc,0.043795620437956206,0.0,0.5414201183431953
2025,15.20@2025-10-09,Lee Sin,0.07603406326034064,0.0,0.621301775147929
2025,15.20@2025-10-09,Leona,0.2150243309002433,0.0,0.7751479289940828
2025,15.20@2025-10-09,Lillia,0.0364963503649635,0.0,0.5029585798816568
2025,15.20@2025-10-09,Lissandra,0.009732360097323601,0.0,0.2958579881656805
2025,15.20@2025-10-09,Lucian,0.30869829683698297,0.0,0.849112426035503
2025,15.20@2025-10-09,Lulu,0.10371046228710462,0.0,0.6627218934911243
2025,15.20@2025-10-09,Lux,0.008211678832116789,0.0,0.2692307692307692
2025,15.20@2025-10-09,Malphite,0.008211678832116789,0.0,0.2692307692307692
2025,15.20@2025-10-09,Malzahar,0.002737226277372263,0.0,0.09763313609467456
2025,15.20@2025-10-09,Maokai,0.17639902676399027,0.0,0.757396449704142
2025,15.20@2025-10-09,Master Yi,0.0006082725060827251,0.0,0.029585798816568046
2025,15.20@2025-10-09,Mel,0.025547445255474453,0.0,0.44970414201183434
2025,15.20@2025-10-09,Milio,0.017335766423357664,0.0,0.40236686390532544
2025,15.20@2025-10-09,Miss Fortune,0.11253041362530414,0.0,0.6745562130177515
2025,15.20@2025-10-09,Mordekaiser,0.017639902676399026,0.0,0.40828402366863903
2025,15.20@2025-10-09,Morgana,0.023722627737226276,0.0,0.4378698224852071
2025,15.20@2025-10-09,Naafiri,0.07542579075425791,0.0,0.6153846153846154
2025,15.20@2025-10-09,Nami,0.035583941605839414,0.0,0.4911242603550296
2025,15.20@2025-10-09,Nasus,0.0006082725060827251,0.0,0.029585798816568046
2025,15.20@2025-10-09,Nautilus,0.3658759124087591,0.0,0.8816568047337278
2025,15.20@2025-10-09,Neeko,0.4333941605839416,0.0,0.9230769230769231
2025,15.20@2025-10-09,Nidalee,0.02889294403892944,0.0,0.47337278106508873
2025,15.20@2025-10-09,Nilah,0.0033454987834549877,0.0,0.12721893491124261
2025,15.20@2025-10-09,Nocturne,0.21654501216545013,0.0,0.7810650887573964
2025,15.20@2025-10-09,Nunu & Willump,0.008819951338199513,0.0,0.28402366863905326
2025,15.20@2025-10-09,Olaf,0.038929440389294405,0.0,0.5207100591715976
2025,15.20@2025-10-09,Orianna,0.47110705596107055,0.0,0.9644970414201184
2025,15.20@2025-10-09,Ornn,0.1386861313868613,0.0,0.7218934911242604
2025,15.20@2025-10-09,Pantheon,0.6849148418491484,0.0,1.0
2025,15.20@2025-10-09,Poppy,0.4464720194647202,0.0,0.9408284023668639
2025,15.20@2025-10-09,Pyke,0.04531630170316302,0.0,0.5591715976331361
2025,15.20@2025-10-09,Qiyana,0.07755474452554745,0.0,0.6272189349112426
2025,15.20@2025-10-09,Rakan,0.4257907542579075,0.0,0.9112426035502958
2025,15.20@2025-10-09,Rammus,0.0006082725060827251,0.0,0.029585798816568046
2025,15.20@2025-10-09,Rek'Sai,0.012773722627737226,0.0,0.3609467455621302
2025,15.20@2025-10-09,Rell,0.39263990267639903,0.0,0.8994082840236687
2025,15.20@2025-10-09,Renata Glasc,0.08181265206812652,0.0,0.6331360946745562
2025,15.20@2025-10-09,Renekton,0.23266423357664234,0.0,0.8047337278106509
2025,15.20@2025-10-09,Rengar,0.0036496350364963502,0.0,0.14792899408284024
2025,15.20@2025-10-09,Riven,0.009732360097323601,0.0,0.2958579881656805
2025,15.20@2025-10-09,Rumble,0.4701946472019465,0.0,0.9585798816568047
2025,15.20@2025-10-09,Ryze,0.25608272506082724,0.0,0.8224852071005917
2025,15.20@2025-10-09,Samira,0.0036496350364963502,0.0,0.14792899408284024
2025,15.20@2025-10-09,Sejuani,0.13381995133819952,0.0,0.7159763313609467
2025,15.20@2025-10-09,Senna,0.12530413625304138,0.0,0.7041420118343196
2025,15.20@2025-10-09,Seraphine,0.01672749391727494,0.0,0.39349112426035504
2025,15.20@2025-10-09,Sett,0.010948905109489052,0.0,0.31952662721893493
2025,15.20@2025-10-09,Shaco,0.006082725060827251,0.0,0.23964497041420119
2025,15.20@2025-10-09,Shen,0.043795620437956206,0.0,0.5414201183431953
2025,15.20@2025-10-09,Shyvana,0.0015206812652068127,0.0,0.07100591715976332
2025,15.20@2025-10-09,Singed,0.0012165450121654502,0.0,0.0621301775147929
2025,15.20@2025-10-09,Sion,0.38047445255474455,0.0,0.893491124260355
2025,15.20@2025-10-09,Sivir,0.33911192214111924,0.0,0.863905325443787
2025,15.20@2025-10-09,Skarner,0.11709245742092457,0.0,0.6804733727810651
2025,15.20@2025-10-09,Smolder,0.0860705596107056,0.0,0.6390532544378699
2025,15.20@2025-10-09,Sona,0.0018248175182481751,0.0,0.07988165680473373
2025,15.20@2025-10-09,Soraka,0.006386861313868613,0.0,0.2514792899408284
2025,15.20@2025-10-09,Swain,0.012165450121654502,0.0,0.34911242603550297
2025,15.20@2025-10-09,Sylas,0.13169099756690997,0.0,0.7100591715976331
2025,15.20@2025-10-09,Syndra,0.125,0.0,0.6982248520710059
2025,15.20@2025-10-09,Tahm Kench,0.01916058394160584,0.0,0.41420118343195267
2025,15.20@2025-10-09,Taliyah,0.5212895377128953,0.0,0.9763313609467456
2025,15.20@2025-10-09,Talon,0.005778588807785888,0.0,0.22485207100591717
2025,15.20@2025-10-09,Taric,0.010340632603406326,0.0,0.3106508875739645
2025,15.20@2025-10-09,Teemo,0.004866180048661801,0.0,0.20118343195266272
2025,15.20@2025-10-09,Thresh,0.03254257907542579,0.0,0.47928994082840237
2025,15.20@2025-10-09,Tristana,0.07268856447688564,0.0,0.6094674556213018
2025,15.20@2025-10-09,Trundle,0.4604622871046229,0.0,0.9526627218934911
2025,15.20@2025-10-09,Tryndamere,0.0030413625304136255,0.0,0.10946745562130178
2025,15.20@2025-10-09,Twisted Fate,0.037408759124087594,0.0,0.514792899408284
2025,15.20@2025-10-09,Twitch,0.005474452554744526,0.0,0.21301775147928995
2025,15.20@2025-10-09,Udyr,0.013686131386861315,0.0,0.3727810650887574
2025,15.20@2025-10-09,Urgot,0.0072992700729927005,0.0,0.2603550295857988
2025,15.20@2025-10-09,Varus,0.5714720194647201,0.0,0.9881656804733728
2025,15.20@2025-10-09,Vayne,0.011861313868613138,0.0,0.3343195266272189
2025,15.20@2025-10-09,Veigar,0.0036496350364963502,0.0,0.14792899408284024
2025,15.20@2025-10-09,Vel'Koz,0.0033454987834549877,0.0,0.12721893491124261
2025,15.20@2025-10-09,Vex,0.003953771289537713,0.0,0.16568047337278108
2025,15.20@2025-10-09,Vi,0.4260948905109489,0.0,0.9171597633136095
2025,15.20@2025-10-09,Viego,0.09641119221411192,0.0,0.6568047337278107
2025,15.20@2025-10-09,Viktor,0.17153284671532848,0.0,0.7455621301775148
2025,15.20@2025-10-09,Vladimir,0.024635036496350366,0.0,0.4437869822485207
2025,15.20@2025-10-09,Volibear,0.03680048661800486,0.0,0.5088757396449705
2025,15.20@2025-10-09,Warwick,0.0009124087591240876,0.0,0.05029585798816568
2025,15.20@2025-10-09,Wukong,0.5066909975669099,0.0,0.9704142011834319
2025,15.20@2025-10-09,Xayah,0.22840632603406327,0.0,0.7988165680473372
2025,15.20@2025-10-09,Xerath,0.004866180048661801,0.0,0.20118343195266272
2025,15.20@2025-10-09,Xin Zhao,0.3704379562043796,0.0,0.8875739644970414
2025,15.20@2025-10-09,Yasuo,0.02037712895377129,0.0,0.42011834319526625
2025,15.20@2025-10-09,Yone,0.22141119221411193,0.0,0.7869822485207101
2025,15.20@2025-10-09,Yorick,0.1566301703163017,0.0,0.7396449704142012
2025,15.20@2025-10-09,Yunara,0.3929440389294404,0.0,0.9053254437869822
2025,15.20@2025-10-09,Yuumi,0.00030413625304136254,0.0,0.008875739644970414
2025,15.20@2025-10-09,Zac,0.011861313868613138,0.0,0.3343195266272189
2025,15.20@2025-10-09,Zed,0.06447688564476886,0.0,0.591715976331361
2025,15.20@2025-10-09,Zeri,0.06538929440389295,0.0,0.5976331360946746
2025,15.20@2025-10-09,Ziggs,0.12165450121654502,0.0,0.6863905325443787
2025,15.20@2025-10-09,Zilean,0.004257907542579075,0.0,0.1804733727810651
2025,15.20@2025-10-09,Zoe,0.027980535279805353,0.0,0.46153846153846156
2025,15.20@2025-10-09,Zyra,0.02645985401459854,0.0,0.4556213017751479
