year,teamid,team,major,n_unseen_patches,intended,nerfs,buffs,walkback,walkback_all_reasons,touched,pool_share_changed,buff_share,nerf_share,intended_z,nerfs_z,buffs_z,walkback_z,walkback_all_reasons_z,touched_z,org,breadth,meta,breadth_z,meta_z,buffs_z_res,nerfs_z_res,intended_z_res,buff_pct,buff_res_pct,finish
2016,oe:team:2f758c15b9c1781b2d4032011ae1628,I May,LPL,3,-2.5849056603773586,2.943396226415094,0.3584905660377359,-0.4528301886792453,-0.4528301886792453,-0.3018867924528302,0.5811320754716982,0.0716981132075471,0.5094339622641509,0.5888940803409486,-0.3569427090671491,0.8815647558984914,0.0968813856166376,0.0968813856166376,-0.8131217710739989,BLG,6.794350814372471,0.435839551352122,0.6383142911731603,0.4188060454823979,0.9148985533433552,-0.4995172369669866,0.7388491045679604,0.8125,0.875,
2023,oe:team:d356a144644879dabb5f34cd99c886d,Bilibili Gaming,LPL,6,-1.8181818181818183,2.2727272727272725,0.4545454545454546,-0.1818181818181818,-0.1818181818181818,-0.0909090909090909,0.509090909090909,0.0727272727272727,0.4363636363636363,-1.2706309013261854,1.4905592896758222,0.62730362724833,0.7677644834255571,0.7212463544352518,0.9995823204660228,BLG,5.446465670562222,0.4936658506731946,-1.8216936375843384,0.6161254164784083,0.9492664857003499,1.2881220181303619,-0.9648411323667841,0.7727272727272727,0.8636363636363636,SF
2024,oe:team:d356a144644879dabb5f34cd99c886d,Bilibili Gaming,LPL,3,-2.238095238095238,2.619047619047619,0.3809523809523809,-1.119047619047619,-1.6904761904761905,-0.5000000000000002,0.5095238095238095,0.0761904761904761,0.4333333333333333,0.0724519567988133,0.0783689841874525,0.2718609570815914,0.1615716770755386,0.2003148741456319,0.4488850486634243,BLG,7.339081687940572,0.41592198147468074,-0.5273823878914832,0.566444109035742,0.4544299967828324,-0.1107832825755076,0.31818034729862044,0.65,0.75,Runner-up
2025,oe:team:d356a144644879dabb5f34cd99c886d,Bilibili Gaming,LPL,3,-0.6865671641791044,0.880597014925373,0.1940298507462686,0.0895522388059701,0.208955223880597,0.044776119402985,0.1940298507462686,0.0388059701492537,0.1552238805970149,0.110841691419743,0.1486528935686161,1.158659437078985,1.1384939937453096,1.509181809643783,0.6689548081354908,BLG,11.743469552649483,0.3192110101665585,1.3058657629589536,-0.20800660505835164,0.9816664522507722,0.2151671073956945,-0.013710797704020464,0.9411764705882353,0.9411764705882353,
2017,oe:team:fbf53cf218dfaa8c2b2a864d13d2206,Longzhu Gaming,LCK,3,-1.342857142857143,2.0285714285714285,0.6857142857142857,-0.3428571428571428,-2.428571428571429,0.1714285714285713,0.5314285714285715,0.1257142857142857,0.4057142857142857,0.3205636415786211,0.8121958311161488,3.6509932357371926,-2.4791460952094755,-1.0592024935273048,1.8204979136030728,DRX,6.729544310417369,0.456537183746486,-1.1150865800344136,1.0113935177602853,3.994118574662359,0.4749212243378558,0.7646664607321388,1.0,1.0,QF
2020,oe:team:1d0389df0c5eea93b04122ba167c010,Kiwoom DRX,LCK,3,-0.8113207547169812,1.320754716981132,0.5094339622641509,0.0377358490566037,-0.2641509433962264,-0.169811320754717,0.3547169811320755,0.1018867924528302,0.2528301886792453,0.0852020510098057,0.4218554435570844,1.2463442931302005,0.1446212992280211,-1.336655774961641,-1.1747485870216208,DRX,12.021902158140913,0.3239109705118065,2.590007230580157,-1.1935771867766407,0.7154595640695643,0.8165098802115868,-0.478209119442628,0.9090909090909091,0.8181818181818182,QF
2022,oe:team:1d0389df0c5eea93b04122ba167c010,Kiwoom DRX,LCK,4,-1.218181818181818,1.9818181818181817,0.7636363636363636,-0.7818181818181817,-0.7818181818181817,-0.9090909090909092,0.469090909090909,0.1054545454545454,0.3636363636363636,0.7260879386323418,0.3865545217581814,1.7988833454830009,-0.8813698951689515,-0.8688375738111094,-0.9215205404406154,DRX,10.53303223844246,0.3566078455235081,1.7200809771380745,-0.20697187306103343,1.5811798512646311,0.45162375359569285,0.589173847352938,0.9583333333333334,0.9166666666666666,Champion
2016,oe:team:3b84bb916852d07609c83d1ce91c1a9,Samsung Galaxy,LCK,3,-3.41025641025641,3.5128205128205123,0.1025641025641025,-0.3076923076923077,-0.3076923076923077,0.1538461538461539,0.6153846153846154,0.0205128205128205,0.5948717948717949,-1.5099664335501894,1.482771374717223,-0.9815633904641872,0.9271821007030598,0.9271821007030598,0.5680721520746788,GENG,6.368733971448188,0.4271487563622395,-0.17760895453473818,0.11952341398239358,-0.9364830470776397,1.443034654498034,-1.4560695674096664,0.1875,0.1875,Runner-up
2017,oe:team:3b84bb916852d07609c83d1ce91c1a9,Samsung Galaxy,LCK,3,-2.125,2.25,0.125,-0.1666666666666666,-2.4375,-0.0833333333333333,0.4458333333333333,0.0208333333333333,0.4249999999999999,-1.4977147187978082,1.2824896688242886,-0.2836008806543099,-0.9730876778260904,-1.077470641366282,-1.321904836977364,GENG,7.709449094296116,0.40221547458389556,0.04976074148381794,-0.7832370783096059,-0.4688728783546011,1.5458347767149736,-1.816524672833034,0.375,0.2916666666666667,Champion
2018,oe:team:50f58982d91a36557ec8aec52ab014f,Gen.G,LCK,4,-2.020408163265306,2.163265306122449,0.1428571428571428,-1.5510204081632653,-1.5510204081632653,-1.3469387755102042,0.4081632653061223,0.0285714285714285,0.3795918367346939,-2.693269049693433,2.393391896881483,-1.5934573507177892,-2.690439139962032,-2.690439139962032,-2.3656578441064866,GENG,8.309764079789758,0.3833819241982507,-0.6920886062271018,0.6196160189979872,-1.382361997669844,2.1867890425794374,-2.420919654355441,0.041666666666666664,0.041666666666666664,
2020,oe:team:50f58982d91a36557ec8aec52ab014f,Gen.G,LCK,3,-0.8148148148148149,1.1851851851851851,0.3703703703703703,0.0,-0.2407407407407407,0.0555555555555555,0.3074074074074074,0.074074074074074,0.2333333333333334,0.0749435978201661,-0.0167271915705695,0.1591400556728849,-0.7062224707277746,-1.0732494429506194,0.5101713085992982,GENG,9.52563578652013,0.3797778132708654,0.9099516194477895,0.45473090187433846,0.17389240908978149,-0.17210599048314076,0.2310696408835843,0.5909090909090909,0.5454545454545454,QF
2021,oe:team:50f58982d91a36557ec8aec52ab014f,Gen.G,LCK,3,-1.5882352941176472,2.205882352941176,0.6176470588235294,-1.3529411764705883,-1.3529411764705883,-1.411764705882353,0.5235294117647058,0.1235294117647058,0.3999999999999999,0.4981877181408862,-0.8508541964384007,-0.4888093230105265,0.4129406079784596,0.4094607448631279,0.2355410652002042,GENG,8.784613961494905,0.39172756371542466,0.7150413556563362,-0.42014639362474077,-0.6562427209735064,-0.711412669529565,0.30593149126506847,0.4090909090909091,0.3181818181818182,SF
2022,oe:team:50f58982d91a36557ec8aec52ab014f,Gen.G,LCK,4,-1.627906976744186,2.0697674418604652,0.4418604651162791,-0.8604651162790697,-0.8604651162790697,-1.0697674418604652,0.4651162790697675,0.0744186046511627,0.3906976744186046,-0.3707842982087185,0.6799937292335364,0.3034897454598597,-1.2451888206488475,-1.2321571480214704,-1.605812745934136,GENG,8.301297480570323,0.3834953064033699,-0.1050135723865355,1.103185219396902,0.5678970817049092,0.3091660475461148,0.07933545890652222,0.75,0.7916666666666666,SF
2023,oe:team:50f58982d91a36557ec8aec52ab014f,Gen.G,LCK,5,-1.2727272727272727,1.7272727272727273,0.4545454545454545,-0.5454545454545454,-0.5151515151515151,-0.3030303030303031,0.4363636363636363,0.0909090909090909,0.3454545454545454,-0.3140796257519528,0.5193188363491015,0.6273036272483297,-0.4763397252864182,-0.5161921464038627,0.2064152830571398,GENG,6.954106776687846,0.4697890790000095,0.16710641983486074,-0.11290402466954756,0.5847857696733849,0.556856640686917,-0.36497104280536563,0.7272727272727273,0.7272727272727273,QF
2024,oe:team:50f58982d91a36557ec8aec52ab014f,Gen.G,LCK,2,-2.083333333333333,2.2916666666666665,0.2083333333333333,-1.8125,-2.7291666666666665,-1.3333333333333337,0.4791666666666667,0.0416666666666666,0.4375,0.6155225954474495,-1.1246790700316094,-0.8461921584089941,-1.642600106533299,-1.602900523127871,-1.2270381385290203,GENG,9.151869332601098,0.3773700524558894,0.7106790133966037,-0.9216234763278228,-1.1286673248968588,-0.8165317071364031,0.22026206133973225,0.2,0.15,SF
2025,oe:team:50f58982d91a36557ec8aec52ab014f,Gen.G,LCK,3,-0.893939393939394,1.0303030303030305,0.1363636363636363,0.0303030303030303,0.0909090909090909,-0.0151515151515151,0.2181818181818181,0.0272727272727272,0.1909090909090909,-0.639768687414878,0.6349166466933343,0.2839754203497373,0.1641860692193627,0.1535126308918763,-0.1379127797367136,GENG,11.656436882962122,0.31987578775988074,1.2241506710742742,-0.17124204282608085,0.12352630383193211,0.6892798466170748,-0.7469071985236359,0.5882352941176471,0.5882352941176471,SF
2016,oe:team:93c730021ff69abdfccc4911a2f666f,ROX Tigers,LCK,3,-3.1785714285714284,3.2857142857142856,0.1071428571428571,-0.5,-0.5,0.0714285714285714,0.5785714285714285,0.0214285714285714,0.5571428571428572,-0.9207933337602404,0.7490293575652094,-0.9482303524689056,-0.1729663467864495,-0.1729663467864495,0.3182884466826861,HLE,6.429338658161202,0.43501904171463995,-0.06142752630871818,0.3905503699357287,-0.8522273125996617,0.6178129124989671,-0.7606933769222057,0.3125,0.3125,SF
2021,oe:team:3a1d18f46bcb3716ebcfcf4ef068934,Hanwha Life Esports,LCK,3,-1.5609756097560978,2.292682926829269,0.7317073170731707,-1.804878048780488,-1.7560975609756098,-1.5609756097560976,0.5512195121951221,0.1463414634146342,0.4048780487804878,0.5443314725882065,-0.6681756104968563,0.0181344372541425,-0.442853689108137,-0.3553047074238168,0.0002718024846112,HLE,10.307028233892039,0.41084610126121823,2.2002575938664375,0.2435069909482909,-0.14330880939481908,-0.7559167059771529,0.5750818592111683,0.5909090909090909,0.5454545454545454,QF
2024,oe:team:3a1d18f46bcb3716ebcfcf4ef068934,Hanwha Life Esports,LCK,2,-2.0,2.352941176470588,0.3529411764705882,-1.1372549019607845,-1.6666666666666667,-1.0980392156862746,0.5137254901960785,0.0705882352941176,0.4431372549019608,0.9079452470274828,-0.8995096481189517,0.0904324596389003,0.1142013500128478,0.2416493245129327,-0.7538362974393887,HLE,8.586297293059026,0.3984569772926353,0.32441594840536714,-0.10768834718643729,0.03356418057018869,-0.8641429496145215,0.8543127630738806,0.575,0.65,QF
2025,oe:team:3a1d18f46bcb3716ebcfcf4ef068934,Hanwha Life Esports,LCK,3,-1.0232558139534884,1.0930232558139534,0.0697674418604651,0.0,0.0,0.0,0.213953488372093,0.013953488372093,0.2,-1.1078460530704402,0.8386397380923851,-0.7261589803654891,-0.3341240906526864,-0.8905084607906265,0.0660877047441833,HLE,10.158727225774275,0.3522963024928894,-0.18205096209762361,1.6217275811158027,-0.33473325465334347,0.29358110786893965,-0.4452975493669933,0.35294117647058826,0.35294117647058826,QF
2016,oe:team:3413ca4510110b5181f3e4b24d52719,Splyce,LEC,3,-2.631578947368421,2.736842105263158,0.1052631578947368,-0.7894736842105262,-0.7894736842105262,-0.6842105263157895,0.4789473684210525,0.0210526315789473,0.4578947368421052,0.4702042758749021,-1.0242843290492094,-0.9619144417511792,-1.8289792730075003,-1.8289792730075003,-1.9718337364375809,MKOI,6.905594544716173,0.42661785468036906,0.8515726408734676,0.1012408917732135,-1.0227874806921577,-1.0605963298448853,0.4849394857648563,0.25,0.125,
2019,oe:team:3413ca4510110b5181f3e4b24d52719,Splyce,LEC,3,-0.9615384615384616,1.2307692307692308,0.2692307692307693,-0.2307692307692307,-0.2307692307692307,0.4615384615384615,0.3,0.0538461538461538,0.2461538461538461,-0.4429495645546112,-0.3047635998634518,-1.3400847221434575,0.7657132647037816,0.8071401341311358,1.9512105527771073,MKOI,6.638115586602017,0.384757004272193,-1.4165562834126024,0.10097957714404202,-1.176793682346988,-0.33498135287608793,-0.3583363120134553,0.08333333333333333,0.08333333333333333,QF
2020,oe:team:6a0084dacefb228be863fbb64cefe11,MAD Lions KOI,LEC,3,-1.1538461538461535,1.3846153846153846,0.2307692307692307,0.0,-0.3076923076923077,0.0,0.3153846153846154,0.0461538461538461,0.2692307692307693,-0.9204420062883938,0.6284518632762177,-0.9322667493818686,-0.7062224707277746,-1.8265734074046431,0.0948189622369321,MKOI,8.652895821728071,0.34314978215501774,0.322573729180273,-0.6259508939449121,-1.108291051420291,0.8381642669606454,-1.1839560316651083,0.22727272727272727,0.18181818181818182,
2021,oe:team:6a0084dacefb228be863fbb64cefe11,MAD Lions KOI,LEC,4,-1.9090909090909092,2.7272727272727275,0.8181818181818181,-1.5454545454545454,-1.5454545454545454,-1.818181818181818,0.609090909090909,0.1636363636363636,0.4454545454545455,-0.0449397265500625,0.2464525613396908,0.4024725882609757,0.0483944658428705,0.0442734890962143,-0.4052797587698899,MKOI,6.40079882031938,0.409281659998139,-1.6105286424429937,0.1892012294996759,0.6052539108223233,0.18707117073708446,0.08139553728040161,0.7272727272727273,0.7272727272727273,QF
2022,oe:team:6a0084dacefb228be863fbb64cefe11,MAD Lions KOI,LEC,3,-1.4166666666666663,1.8333333333333333,0.4166666666666666,-0.375,-0.375,-0.5416666666666666,0.45,0.0833333333333333,0.3666666666666666,0.1947255968602665,-0.108859268426571,0.1864062561895413,1.0005617375049445,1.0105110570337466,0.6432726553452792,MKOI,7.417476491475765,0.3602149346332817,-0.8277951951856121,-0.03120766083535516,0.26105494631019066,-0.09616904868767634,0.20762586681385722,0.6666666666666666,0.7083333333333334,
2023,oe:team:6a0084dacefb228be863fbb64cefe11,MAD Lions KOI,LEC,4,-0.6111111111111112,0.9444444444444444,0.3333333333333333,-0.4444444444444444,-0.4444444444444444,-0.4999999999999999,0.2555555555555556,0.0666666666666666,0.1888888888888888,0.8461816436945693,-0.8745910735179522,-0.0482494614745836,-0.1307552228664251,-0.2537051916804141,-0.5300969659653939,MKOI,7.568906801729801,0.43828782939418637,0.9781179531081399,-1.0747316414820343,-0.39241886561426015,-0.5156471378567092,0.38064795910635846,0.5909090909090909,0.45454545454545453,
2024,oe:team:6a0084dacefb228be863fbb64cefe11,MAD Lions KOI,LEC,3,-2.24,2.5200000000000005,0.28,-0.88,-1.4400000000000002,-0.6400000000000001,0.504,0.056,0.448,0.0657680104769833,-0.2856077362162764,-0.3820073477018679,0.7835076326955466,0.6351532920096375,0.1673299532150938,MKOI,8.488402077642391,0.40797498578737923,0.25755743470404774,0.25969767677464206,-0.3476696433759227,-0.37365073514180247,0.1630196186453478,0.4,0.4,
2025,oe:team:4acc40654379b4da680be1bd3129dfa,Movistar KOI,LEC,2,-0.40625,0.5625,0.15625,0.09375,0.28125,0.0625,0.14375,0.03125,0.1125,1.1254856147721843,-0.8845657646474803,0.5856127761188676,1.2075229664514655,2.339431791602117,0.9075897032278832,MKOI,9.354881676379438,0.341580146399761,-0.936782641199834,1.029086084870936,0.9151852147175157,-1.2282642343952386,1.5712537299777465,0.7647058823529411,0.8823529411764706,
2016,oe:team:cbfaf0ca2181f0903d2fcceb6c28f3b,Counter Logic Gaming,LCS,3,-2.441860465116279,2.86046511627907,0.4186046511627906,-0.4186046511627906,-0.4186046511627906,0.0,0.5441860465116279,0.0837209302325581,0.4604651162790698,0.9526568952161084,-0.6248791756766717,1.3191914181403597,0.2926778798253895,0.2926778798253895,0.1018092353429595,NRG,7.006573638659534,0.42004540559420206,1.04515330256163,-0.12509281650063103,1.1870643354329997,-0.5855663239294865,0.8697355905885205,0.875,0.9375,
2023,oe:team:e758ebe9a5a2cc81b9c8078479c2d87,NRG,LCS,5,-1.4482758620689655,1.7586206896551724,0.3103448275862069,-0.6551724137931034,-0.5517241379310345,-0.4827586206896552,0.4137931034482759,0.0620689655172413,0.3517241379310345,-0.621935208695384,0.5751372532069589,-0.1763715989909984,-0.8517159951564109,-0.6519612609159913,-0.4656277240085146,NRG,6.729306314264275,0.5287736996267275,-0.12943840821429342,1.6880733268923251,0.22513007518716083,0.007620933109500405,0.06586532699709025,0.5,0.5909090909090909,QF
2017,oe:team:d996d27c1737a1f7494fc09d6911339,Lyon Gaming,Other,3,-2.090909090909091,2.242424242424242,0.1515151515151515,-0.1515151515151515,-2.393939393939394,0.1515151515151515,0.4606060606060606,0.0242424242424242,0.4363636363636363,-1.418462237336818,1.266399459323032,-0.0975411318575683,-0.843574054709583,-0.9883442231215732,1.57487254992134,R7,9.19087652235898,0.4009532320524277,1.8107856900222867,-0.8249378845168028,-0.46650801589304447,1.5391090455408436,-1.8085014306193408,0.5625,0.3333333333333333,
2020,oe:team:2cb996a4b0ffaca3bcf66fe91450243,Movistar R7,Other,3,-1.0,1.59375,0.59375,0.0625,-0.1875,-0.375,0.4125,0.11875,0.29375,-0.4687544212307279,1.3050257917740324,1.9055301538121563,0.7029875232615121,-0.4741966095151065,-2.7088093757090386,R7,9.485898259331705,0.34797277168732127,0.8832071757119666,-0.4836523092215817,1.7068488626914275,1.4653850504592865,-0.691924510935567,1.0,1.0,
2023,oe:team:2cb996a4b0ffaca3bcf66fe91450243,Movistar R7,Other,5,-1.8333333333333337,2.111111111111111,0.2777777777777778,-0.5555555555555556,-0.5,-0.2222222222222222,0.4777777777777777,0.0555555555555555,0.4222222222222222,-1.297201770092136,1.2027843405419794,-0.3578779604725858,-0.5108981755284178,-0.4599449418202667,0.5085741544510003,R7,5.915264791528061,0.4928178484107579,-1.2032787410239072,0.5902333644062799,-0.10301284178139347,1.0074193660528843,-1.0209817869722202,0.4090909090909091,0.5,
2024,oe:team:2cb996a4b0ffaca3bcf66fe91450243,Movistar R7,Other,3,-1.6428571428571426,2.142857142857143,0.4999999999999999,-0.892857142857143,-1.3214285714285712,-0.0357142857142857,0.4571428571428571,0.1,0.3571428571428572,2.1611851823704877,-1.671519094676637,1.0429320712130292,0.7500568940466613,0.8409988548387969,1.3826136815277867,R7,6.947935376153987,0.4123430197114407,-0.7945196625223749,0.42829960823690577,1.220099996871573,-1.8134928502158156,2.3591964531552025,0.85,0.9,
2016,oe:team:3354e252e33ed55fd8fa14595ca1564,SK Telecom T1,LCK,3,-2.848484848484848,2.9999999999999996,0.1515151515151515,-0.2424242424242424,-0.2424242424242424,0.1212121212121212,0.5636363636363636,0.0303030303030303,0.5333333333333332,-0.081385737401222,-0.1740654382066812,-0.6252029115328138,1.3005658162146512,1.3005658162146512,0.4691678970103745,T1,6.453723668919281,0.42541459369817575,-0.014680557867215517,0.059804508386961046,-0.6099806775921408,-0.19414448765189368,-0.056707085261839915,0.375,0.375,Champion
2017,oe:team:3354e252e33ed55fd8fa14595ca1564,SK Telecom T1,LCK,3,-2.0212765957446805,2.4468085106382973,0.4255319148936169,-0.1489361702127659,-2.574468085106383,0.0212765957446808,0.5319148936170213,0.0723404255319149,0.4595744680851062,-1.2565848283952208,1.7004927709739377,1.8252647827592137,-0.821529182689752,-1.35771180289613,-0.0315764058879618,T1,8.832352963372864,0.4013374406857492,1.3845961109357563,-0.8122447535519949,1.5013532355339907,1.9700610673408303,-1.6283320479929269,0.9583333333333334,0.9583333333333334,Runner-up
2019,oe:team:3354e252e33ed55fd8fa14595ca1564,SK Telecom T1,LCK,3,-0.3488372093023256,1.0232558139534884,0.6744186046511629,-0.627906976744186,-0.627906976744186,-0.3488372093023256,0.3395348837209302,0.1348837209302325,0.2046511627906976,0.6957459190716284,-0.7044162038166113,0.0290765534706497,-1.0622530027518975,-0.1732900506753634,-1.4603626165336343,T1,7.551801200629311,0.39376067027244166,-0.6903895557487271,0.42394025166164284,0.1949465026018118,-0.8451992464823804,0.8887783265439225,0.5,0.625,SF
2021,oe:team:ce499dea30cfce118f4fe85da0227e8,T1,LCK,3,-1.8571428571428568,2.408163265306122,0.5510204081632653,-1.5510204081632653,-1.5510204081632653,-1.9591836734693877,0.5591836734693878,0.110204081632653,0.4489795918367347,0.042995193066568,-0.4251382203961842,-0.7849331906737934,0.0378548664954131,0.0337153541505722,-0.6276053507595145,T1,8.257402945179676,0.3900656784228765,0.20071199301727388,-0.4778346868077309,-0.91480430369265,-0.26492863084753693,-0.15675966444962341,0.3181818181818182,0.18181818181818182,SF
2022,oe:team:ce499dea30cfce118f4fe85da0227e8,T1,LCK,4,-0.8510638297872339,1.829787234042553,0.978723404255319,-0.6595744680851063,-0.6595744680851063,-0.7872340425531914,0.4510638297872341,0.1276595744680851,0.3234042553191489,1.7088968306415009,-0.1206906876450525,2.798460335148146,-0.315873262885627,-0.3041171008792425,-0.4025542513359271,T1,10.772016708420319,0.33928635738994456,1.9155205346567665,-1.0510036182494218,2.3670842936627654,0.22778888281717954,1.2240510424474342,1.0,1.0,Runner-up
2023,oe:team:ce499dea30cfce118f4fe85da0227e8,T1,LCK,5,-1.3541666666666667,1.8958333333333333,0.5416666666666667,-0.625,-0.6041666666666667,-0.6458333333333333,0.4875,0.1083333333333333,0.3791666666666666,-0.4568980453689391,0.8194591153285394,1.1128574097679242,-0.7484875209421631,-0.8466444733324903,-1.0753993041840009,T1,8.299217509895728,0.4444028891630681,1.9415050433333296,-0.8880205288193107,0.7164420060671877,1.1130432108757509,-0.8765242186803041,0.8636363636363636,0.8181818181818182,Champion
2024,oe:team:ce499dea30cfce118f4fe85da0227e8,T1,LCK,2,-1.8133333333333337,2.2533333333333334,0.44,-1.6533333333333335,-2.306666666666666,-1.3733333333333335,0.4960000000000001,0.088,0.408,1.5629719865667588,-1.265545060380168,0.654312229690785,-1.228492351222567,-0.8694207013601162,-1.3074824515142578,T1,12.555185079976567,0.3486697424067666,3.0350074451531732,-2.0294279924952665,-0.11303249525796288,-0.5908931843683275,0.6472427837822771,0.8,0.5,Champion
2025,oe:team:ce499dea30cfce118f4fe85da0227e8,T1,LCK,3,-0.9130434782608694,1.1014492753623188,0.1884057971014492,0.072463768115942,0.1884057971014492,0.1014492753623188,0.2434782608695652,0.0376811594202898,0.2057971014492753,-0.7089183705060377,0.8660084973179539,1.0733535108097387,0.8574871612152573,1.2731874248702129,1.4320039921380152,T1,12.14047685652691,0.3083068435570734,1.678616460274908,-0.8110457506800177,0.7206515868491266,1.1343948457146311,-1.0892519954259168,0.8823529411764706,0.8235294117647058,Champion
2017,oe:team:6c951ee7222ac9acd244aa88c9e8330,Young Generation,Other,2,-1.809523809523809,1.809523809523809,0.0,0.0,-1.9047619047619049,0.0,0.3619047619047618,0.0,0.3619047619047618,-0.7643147713095979,0.3469589163941181,-1.160739696410377,0.4515621764554905,0.0125288463593835,-0.2940160867875013,VN_BUFFALO_VIKINGS,5.842686859915849,0.4908359788359789,-2.169325259935595,2.144525520137075,-0.4524721520423505,-0.3687036248633468,0.1713273483990969,0.0625,0.375,
2018,oe:team:b24f151e143d152c7cf8be9f13ec015,Phong Vũ Buffalo,Other,2,-0.3142857142857143,0.5714285714285714,0.2571428571428571,-0.0857142857142857,-0.0857142857142857,-0.1142857142857142,0.16,0.0457142857142857,0.1142857142857142,0.8926015772980049,-1.476754330420429,-0.9802964089912928,0.5286720047490849,0.5286720047490849,-0.1810597440823023,VN_BUFFALO_VIKINGS,8.360401827402487,0.393069036226931,-0.6558324735059575,1.0335997986293917,-0.6774589815440897,-1.8227151878642582,1.3315292989888274,0.20833333333333334,0.3333333333333333,
2022,oe:team:8e27b674a472ab529e758f13f0bace0,Saigon Buffalo,Other,3,-0.9574468085106383,1.3404255319148934,0.3829787234042553,-0.4893617021276596,-0.4893617021276596,-0.5957446808510638,0.3446808510638296,0.076595744680851,0.2680851063829786,1.4240997333785723,-1.7534265397954094,0.0298478098166282,0.4715271111797612,0.4822025449752553,0.4129642029714394,VN_BUFFALO_VIKINGS,10.516164244785097,0.3330066815144766,1.7062864689973205,-1.356996137340114,-0.4513032399939289,-1.3014585935732765,0.8217581353384277,0.625,0.375,
2024,oe:team:fe099196385a285d6d6edde504dc1f6,MGN Vikings Esports,Other,3,-2.1904761904761902,2.9047619047619047,0.7142857142857143,-1.2857142857142858,-2.095238095238095,-0.952380952380952,0.6238095238095238,0.1428571428571428,0.4809523809523808,0.2395506148445481,1.1283018315059057,2.4308600766496187,-0.27204900911371,-0.5023707820984833,-0.4609018243839018,VN_BUFFALO_VIKINGS,8.357291667351962,0.3932291454142353,0.1680142724005437,-0.30947765729295457,2.342988284273012,1.2319635799051103,0.10900291431367476,1.0,1.0,
2020,oe:team:8d47748b0e2a0ac34c90891889805a8,Suning,LPL,3,-0.3043478260869565,0.6739130434782609,0.3695652173913044,0.0434782608695652,-0.0217391304347826,0.0,0.1999999999999999,0.0739130434782608,0.1260869565217391,1.57365900685611,-1.6707498927383446,0.1528453402932439,0.2740975250908596,1.390907391748202,0.0948189622369321,WBG,7.086981527950462,0.37578441769072424,-0.7313294622909576,0.33690884659339243,0.3027221983707838,-1.7821476081791778,1.7326998483338625,0.5454545454545454,0.5909090909090909,Runner-up
2023,oe:team:606c6ac695907af3823ee6405c58ff1,Weibo Gaming,LPL,6,-1.96875,2.1875,0.21875,-1.125,-0.9375,-0.75,0.475,0.0375,0.4375,-1.534678909687822,1.3388029688435223,-0.6868582406579631,-2.4591308079211296,-2.0840829741716043,-1.464900974340149,WBG,6.236439289693552,0.49138083179864955,-0.7796024046612094,0.5463569378949773,-0.4839804495381891,1.1570758381716284,-1.2893051182232111,0.2727272727272727,0.36363636363636365,Runner-up
2024,oe:team:606c6ac695907af3823ee6405c58ff1,Weibo Gaming,LPL,3,-2.648148148148148,2.888888888888889,0.2407407407407407,-0.9444444444444446,-1.4629629629629628,-0.0555555555555556,0.5407407407407407,0.0481481481481481,0.4925925925925926,-1.3664531541505605,1.069972228877103,-0.6362894662287691,0.6158409673690367,0.59528851098873,1.342710748499395,WBG,7.632112666826802,0.42299395985265864,-0.3272539583927022,0.839415710107414,-0.4106488352122491,0.7884637646067967,-1.0163241474211795,0.3,0.35,SF
2016,oe:team:056c3140a119e44a03d462e2c832f27,EDward Gaming,LPL,3,-2.2564102564102564,2.6923076923076925,0.4358974358974359,-0.1538461538461538,-0.1538461538461538,0.3076923076923077,0.5333333333333333,0.0871794871794871,0.4461538461538462,1.4242553282495556,-1.1681675259610218,1.4450817755923069,1.8073008586946675,1.8073008586946675,1.0343350688063977,oe:team:056c3140a119e44a03d462e2c832f27,6.902550206512636,0.3551586158327731,0.8457365318252537,-2.3595822057907276,0.8181422760907784,-0.37665597364378955,0.44233758535928136,0.9375,0.8125,QF
2017,oe:team:056c3140a119e44a03d462e2c832f27,EDward Gaming,LPL,2,-1.1111111111111112,1.2000000000000002,0.0888888888888888,0.0,-1.3333333333333337,0.0,0.2577777777777778,0.0177777777777777,0.2399999999999999,0.8593127853938597,-0.947613368049792,-0.536996538539396,0.4515621764554905,1.1816903080539514,-0.2940160867875013,oe:team:056c3140a119e44a03d462e2c832f27,8.091343655279626,0.40133173604871725,0.50373225359664,-0.8124332180961868,-0.7738704371153253,-0.6756490146188369,0.5146685789548773,0.25,0.16666666666666666,
2018,oe:team:056c3140a119e44a03d462e2c832f27,EDward Gaming,LPL,3,-0.8771929824561403,1.2105263157894737,0.3333333333333333,-0.1578947368421052,-0.1578947368421052,0.7192982456140349,0.3087719298245613,0.0666666666666666,0.2421052631578947,-0.2904979357876869,0.0770493168431591,-0.5715224478402949,0.3700997507360465,0.3700997507360465,1.296278845576203,oe:team:056c3140a119e44a03d462e2c832f27,11.304077071900586,0.3509653955826204,1.451810251219839,-0.7657212207382994,-0.8913659180972417,0.3307893455637957,-0.6454732649976247,0.3333333333333333,0.25,QF
2021,oe:team:056c3140a119e44a03d462e2c832f27,EDward Gaming,LPL,4,-2.4999999999999996,3.025,0.5250000000000001,-1.4,-1.4,-1.45,0.62,0.105,0.5149999999999999,-1.045199437189226,0.873042856101692,-0.9005815660179602,0.3238293287897599,0.3201927490089933,0.1752533166293337,oe:team:056c3140a119e44a03d462e2c832f27,9.14629590306274,0.4398380462724936,1.0678861117936316,1.249891626070208,-0.7183440853883312,0.4497578889182686,-0.5718419037227576,0.13636363636363635,0.22727272727272727,Champion
2022,oe:team:056c3140a119e44a03d462e2c832f27,EDward Gaming,LPL,3,-1.75,1.9285714285714284,0.1785714285714285,-0.2857142857142857,-0.2857142857142857,-0.3928571428571428,0.4214285714285714,0.0357142857142857,0.3857142857142858,-0.6976386412302419,0.2088988477269142,-0.920097049002477,1.4135954158651372,1.422977835551173,1.2770254224161497,oe:team:056c3140a119e44a03d462e2c832f27,8.906650500686654,0.3646913954155641,0.39003920826109895,0.1869188059672351,-0.9156148042938678,0.14498745117327116,-0.633956151667276,0.16666666666666666,0.16666666666666666,QF
2022,oe:team:0916b3c324c8577b0c6344f3e067f62,CTBC Flying Oyster,Other,4,-1.5714285714285714,2.0285714285714285,0.4571428571428572,-0.4857142857142856,-0.4857142857142856,-0.5428571428571428,0.4114285714285713,0.0628571428571428,0.3485714285714285,-0.2195863708246124,0.5425448696880745,0.3745118180721848,0.4883999763383057,0.4990522516721379,0.6382026332087123,oe:team:0916b3c324c8577b0c6344f3e067f62,7.265175693622902,0.3845338579678873,-0.9523455500470179,1.1537911767320148,0.7343381037476012,0.15693746817579157,0.27717762416172487,0.7916666666666666,0.8333333333333334,
2023,oe:team:0916b3c324c8577b0c6344f3e067f62,CTBC Flying Oyster,Other,4,-1.2307692307692308,1.358974358974359,0.1282051282051282,-0.4358974358974359,-0.4358974358974359,-0.4358974358974359,0.2974358974358974,0.0256410256410256,0.2717948717948718,-0.240498758400089,-0.1364759996578299,-1.1914931500825916,-0.1015134572770411,-0.2219759993512061,-0.2904036304846877,oe:team:0916b3c324c8577b0c6344f3e067f62,6.512141789224716,0.5083974161796371,-0.41591031330713585,1.065924288595513,-0.9049308880172762,-0.49394599707965126,0.20412012398189866,0.13636363636363635,0.18181818181818182,
2025,oe:team:0916b3c324c8577b0c6344f3e067f62,CTBC Flying Oyster,Other,3,-0.8275862068965517,0.8620689655172414,0.0344827586206896,0.0344827586206896,0.1034482758620689,0.0689655172413793,0.1655172413793103,0.0068965517241379,0.1586206896551723,-0.3995948178437957,0.0884714852227302,-1.2613588161029492,0.2329185050637833,0.2975155400894629,0.9946416341055072,oe:team:0916b3c324c8577b0c6344f3e067f62,9.34006139897969,0.3202202779207411,-0.9506974197976542,-0.15219051328510766,-1.202418387124023,0.1421851710147234,-0.4319102294755873,0.17647058823529413,0.23529411764705882,QF
2018,oe:team:0b63f14fd7de22a26869bb1c76f87fc,G-Rex,Other,2,-0.4375,0.7291666666666666,0.2916666666666666,-0.0625,-0.0625,0.0624999999999999,0.2041666666666667,0.0583333333333333,0.1458333333333333,0.6336339467901005,-1.093254263559048,-0.7950707078447469,0.5796711541517157,0.5796711541517157,0.1322528559418614,oe:team:0b63f14fd7de22a26869bb1c76f87fc,11.397872197438698,0.3523243506121982,1.5189666450253823,-0.7076455695196403,-1.1081803345524315,-0.8592284221448786,0.30011183505869926,0.25,0.125,
2021,oe:team:0edc9f071bd123368afdc0c53a3db20,Galatasaray Esports,Other,4,-1.75,2.6,0.85,-2.1,-2.1,-2.4000000000000004,0.6,0.17,0.43,0.2243609647758664,-0.0214028318410125,0.5438893181827209,-1.0017009491421465,-1.0076686893212572,-1.3226653594007625,oe:team:0edc9f071bd123368afdc0c53a3db20,7.363066899741321,0.41376982097186704,-0.6717722191874566,0.34499678727122546,0.6897408014908466,-0.13567900492547152,0.38484041931762825,0.7727272727272727,0.7727272727272727,
2019,oe:team:1fcd541d3a51d70860c46eaae858ba8,Royal Youth,Other,3,-0.05,0.8,0.7500000000000001,-0.4,-0.4,-0.1,0.31,0.15,0.16,1.2511300958300615,-1.134387281173114,0.2844719790542968,-0.013230919536341,0.3893532175424203,-0.4127912526238682,oe:team:1fcd541d3a51d70860c46eaae858ba8,7.2157342672169165,0.40240735068912714,-0.957484299898679,0.734095886003671,0.5481648009752917,-1.3787977603603023,1.5780420015055932,0.75,0.8333333333333334,
2019,oe:team:246827ba8505ab1bac1083d093120bc,Lowkey Esports.Vietnam,Other,3,0.2105263157894736,0.6842105263157894,0.8947368421052632,-0.1052631578947368,-0.1052631578947368,0.1578947368421052,0.3157894736842105,0.1789473684210526,0.1368421052631578,1.7353140893710506,-1.3573876316003357,0.7735490490990939,1.3433991429679877,1.116982105763915,0.6729110905920088,oe:team:246827ba8505ab1bac1083d093120bc,10.311230000909774,0.34581557064820967,1.502712044361679,-1.295846079153816,0.32660386725062207,-0.9254511517139762,1.1640245853972209,0.9166666666666666,0.75,
2020,oe:team:274c62a6d7e34e0e66e5f267a39d5f7,Machi Esports,Other,3,-0.75,0.8888888888888888,0.1388888888888889,0.0,-0.1944444444444444,0.0,0.2055555555555555,0.0277777777777777,0.1777777777777777,0.2652379044879793,-0.9752789302000836,-1.650590615974028,-0.7062224707277746,-0.5523339356153909,0.0948189622369321,oe:team:274c62a6d7e34e0e66e5f267a39d5f7,6.102871129141407,0.4400763358778626,-1.3936627037628466,2.233792284946699,-0.9984489711178538,-1.7230244169862203,1.21310697278726,0.045454545454545456,0.2727272727272727,
2020,oe:team:2e66da41dc460dd378e3bcc57042d31,FlyQuest,LCS,3,-1.6,1.7714285714285711,0.1714285714285714,0.0,0.0,0.0285714285714285,0.3542857142857142,0.0342857142857142,0.3199999999999999,-2.2303360029556254,1.879835891289252,-1.3961941901310906,-0.7062224707277746,1.6355111951925705,0.3084287403661489,oe:team:2e66da41dc460dd378e3bcc57042d31,6.50549105827063,0.3973520493339239,-1.1226884684899991,0.9732451766031326,-1.061101596956271,1.555414319106243,-1.8014517984847707,0.09090909090909091,0.22727272727272727,
2024,oe:team:2e66da41dc460dd378e3bcc57042d31,FlyQuest,LCS,2,-2.3684210526315788,2.473684210526316,0.1052631578947368,-1.6052631578947367,-2.3684210526315788,-1.0,0.4736842105263157,0.0210526315789473,0.4526315789473683,-0.3848706862737206,-0.4558073767289532,-1.5137774124859498,-1.1034270164690356,-0.976629212628568,-0.556668863652042,oe:team:2e66da41dc460dd378e3bcc57042d31,8.545539561045034,0.38717170958780694,0.29658004883974726,-0.5432888862805983,-1.6681977796711176,-0.2738332075975668,-0.6140978473494663,0.1,0.05,QF
2025,oe:team:2e66da41dc460dd378e3bcc57042d31,FlyQuest,LCS,2,-0.3235294117647059,0.3529411764705882,0.0294117647058823,0.0,0.0,0.0,0.0764705882352941,0.0058823529411764,0.0705882352941176,1.4249033918992873,-1.5652388810399718,-1.3382759047951642,-0.3341240906526864,-0.8905084607906265,0.0660877047441833,oe:team:2e66da41dc460dd378e3bcc57042d31,10.152893605930446,0.29477358656467073,-0.18752815569941864,-1.559482933130799,-1.678832709711478,-1.0401403263409146,0.7989725117195248,0.11764705882352941,0.058823529411764705,
2019,oe:team:33d17f3717f58e12a3da80b377221fb,FunPlus Phoenix,LPL,4,-0.1875,1.84375,1.65625,-0.125,-0.3125,0.1875,0.6,0.30625,0.29375,0.9955885436834284,0.8757834912858998,3.3467613608120628,1.2525533798538584,0.6053680437331767,0.7975452881550559,oe:team:33d17f3717f58e12a3da80b377221fb,8.397075886100424,0.350539886258838,-0.01859354309164914,-1.1263853110399822,3.0892314741092086,1.2547428932390097,0.5398848069408156,1.0,1.0,Champion
2021,oe:team:33d17f3717f58e12a3da80b377221fb,FunPlus Phoenix,LPL,4,-1.9705882352941175,2.764705882352941,0.7941176470588235,-1.7058823529411764,-1.7058823529411764,-1.8235294117647056,0.6411764705882352,0.1588235294117647,0.4823529411764706,-0.1490391534491611,0.3252335593340146,0.2955187589083954,-0.2553939859367871,-0.2600492240428805,-0.4137116117168649,oe:team:33d17f3717f58e12a3da80b377221fb,7.93195207534815,0.42209354994564563,-0.11678694625127155,0.6339347299608935,0.4530376539222366,0.11229048069192757,0.11135935152560819,0.6818181818181818,0.6818181818181818,
2017,oe:team:364547a649dd1c75e258f0d5168509f,Team oNe eSports,Other,2,-1.2105263157894737,1.2105263157894737,0.0,0.0,-1.263157894736842,0.0,0.2421052631578947,0.0,0.2421052631578947,0.6281983365329609,-0.925256445374363,-1.160739696410377,0.4515621764554905,1.325271540191881,-0.2940160867875013,oe:team:364547a649dd1c75e258f0d5168509f,7.039318650036191,0.36042815742731604,-0.7468469145928844,-2.1637679756790678,-1.5851491639855,-0.19539838423947054,-0.22525904587547474,0.0625,0.041666666666666664,
2023,oe:team:407a64574852482edb8c1560eab637c,Team Whales,Other,4,-1.0930232558139534,1.2093023255813955,0.1162790697674418,-0.1627906976744186,-0.1627906976744186,-0.1627906976744186,0.2651162790697675,0.0232558139534883,0.2418604651162791,0.0010632363558368,-0.4029831445231723,-1.2579608063970107,0.8328629594628116,0.7918823787960468,0.7308014639354381,oe:team:407a64574852482edb8c1560eab637c,7.158496616281617,0.5195006481832962,0.43672663851183974,1.4049392581801317,-0.9776255603061309,-0.8767539249785605,0.5567022836659083,0.09090909090909091,0.13636363636363635,
2017,oe:team:418bd4b8f699d70c4509d7f9c768a3a,Gambit Esports,Other,2,-1.0454545454545454,1.1818181818181817,0.1363636363636363,0.0909090909090909,-1.5909090909090908,0.0909090909090909,0.2636363636363635,0.0272727272727272,0.2363636363636363,1.0119471941335445,-0.9862298708528072,-0.2038609883128493,1.2286439151545343,0.6546819219113245,0.8273170952378035,oe:team:418bd4b8f699d70c4509d7f9c768a3a,8.145086496015491,0.370944662274142,0.5676182608004778,-1.8163333744344408,-0.6782144510487746,-0.376727902933492,0.2586707423348391,0.4375,0.20833333333333334,
2018,oe:team:418bd4b8f699d70c4509d7f9c768a3a,Gambit Esports,Other,3,0.0416666666666666,0.5,0.5416666666666666,0.375,0.375,0.6041666666666666,0.2,0.1,0.1,1.6407302876541732,-1.650414738055771,0.5462188521819644,1.5408089698166818,1.5408089698166818,1.0922342230192654,oe:team:418bd4b8f699d70c4509d7f9c768a3a,11.172557811765147,0.3288619979402677,1.357643745487295,-1.7103214350834615,0.018175430749470145,-1.0786667405084458,0.9060207657659096,0.7083333333333334,0.5416666666666666,
2017,oe:team:418c28593a78b57ef74e47d0c18640a,Fenerbahçe Esports,Other,3,-2.2727272727272725,2.4242424242424243,0.1515151515151515,-0.2727272727272727,-2.939393939393939,-0.2121212121212121,0.4969696969696969,0.0242424242424242,0.4727272727272726,-1.841142138462098,1.6525644873531766,-0.0975411318575683,-1.8796830396416415,-2.104361982011843,-2.910460178179879,oe:team:418c28593a78b57ef74e47d0c18640a,7.171729660488739,0.4549868659788231,-0.5894452839419426,0.9601755472220045,0.18182625077256537,1.3311273632538712,-1.4340055958166202,0.5625,0.7916666666666666,
2020,oe:team:4880b157399745e82e26e229d8bbf48,PSG Talon,Other,3,-0.2727272727272728,0.6666666666666667,0.3939393939393939,0.0,-0.0909090909090909,0.0,0.2121212121212121,0.0787878787878787,0.1333333333333333,1.6664959808600568,-1.6941927341722185,0.3434035422405707,-0.7062224707277746,0.61262256260703,0.0948189622369321,oe:team:4880b157399745e82e26e229d8bbf48,7.355382756155194,0.38689637736121646,-0.5506880873933744,0.6647586426634565,0.5509150280206027,-1.9163557820309605,1.9527688401649677,0.6363636363636364,0.7272727272727273,
2021,oe:team:4880b157399745e82e26e229d8bbf48,PSG Talon,Other,4,-1.7941176470588236,2.735294117647059,0.9411764705882352,-1.2352941176470589,-1.2352941176470589,-1.7058823529411764,0.6294117647058823,0.188235294117647,0.4411764705882353,0.1496809411308608,0.2633342037670457,0.9491254938408308,0.6357188059502087,0.6326307344984642,-0.2282108468834164,oe:team:4880b157399745e82e26e229d8bbf48,7.826626855298831,0.4219637033458147,-0.21953869388431946,0.6294274220537533,1.1157644129737334,0.052179461992831605,0.4114240611092189,0.8181818181818182,0.8636363636363636,
2023,oe:team:4880b157399745e82e26e229d8bbf48,PSG Talon,Other,4,-0.9655172413793104,1.1724137931034482,0.2068965517241379,-0.3103448275862069,-0.3103448275862069,-0.4137931034482758,0.2758620689655172,0.0413793103448275,0.2344827586206896,0.2246676443990515,-0.4686671420349772,-0.7529212178148643,0.3280379958635657,0.2441148948640571,-0.2077507561809958,oe:team:4880b157399745e82e26e229d8bbf48,6.681149360472179,0.5179413972866372,-0.19296450343531005,1.357330652403775,-0.42129816525555314,-0.9247551191401484,0.780450679630956,0.22727272727272727,0.4090909090909091,
2024,oe:team:4880b157399745e82e26e229d8bbf48,PSG Talon,Other,3,-2.428571428571429,2.9642857142857144,0.5357142857142857,-0.7142857142857144,-0.9642857142857144,-0.2142857142857145,0.5642857142857143,0.1071428571428571,0.4571428571428571,-0.5959426753841228,1.3470378413639177,1.2742534054524612,1.214650486392285,1.4610156103483103,1.0234872842722624,oe:team:4880b157399745e82e26e229d8bbf48,7.053831460933009,0.42884982727087995,-0.7221968752954192,1.0654465913376199,1.590984757964828,0.9905396312095748,-0.14206672217836253,0.95,0.95,
2025,oe:team:4880b157399745e82e26e229d8bbf48,PSG Talon,Other,3,-0.9166666666666666,1.0,0.0833333333333333,0.0,0.0,-0.0416666666666666,0.1916666666666666,0.0166666666666666,0.175,-0.7220329655750514,0.5364886362421075,-0.5203908617012764,-0.3341240906526864,-0.8905084607906265,-0.4949136275782832,oe:team:4880b157399745e82e26e229d8bbf48,8.866681092086278,0.35300298062593144,-1.3951548334694155,1.660809392027284,-4.007374456527213e-05,-0.018504432450649144,-0.006222421084724927,0.4117647058823529,0.47058823529411764,
2018,oe:team:4bd1751425ef6a9bc9d4d8e9385b4a6,100 Thieves,LCS,3,-0.6764705882352942,1.0294117647058822,0.3529411764705882,-0.1764705882352941,-0.1764705882352941,0.0588235294117647,0.2764705882352941,0.0705882352941176,0.2058823529411764,0.1313736233412662,-0.3632846579349997,-0.4663232666617293,0.3292907147768087,0.3292907147768087,0.1257371453055894,oe:team:4bd1751425ef6a9bc9d4d8e9385b4a6,9.272000740314663,0.3583673305331699,-0.0031365552798011294,-0.4493956741417555,-0.5694936474303478,-0.21210198312663117,-0.05057130956855105,0.375,0.375,
2021,oe:team:4bd1751425ef6a9bc9d4d8e9385b4a6,100 Thieves,LCS,4,-2.3636363636363633,3.090909090909091,0.7272727272727273,-1.9393939393939392,-1.9393939393939392,-2.060606060606061,0.6545454545454545,0.1454545454545454,0.509090909090909,-0.8143702731955729,1.0117536847131274,-0.0015752115154384,-0.6975749546382891,-0.7030078398342299,-0.7875237590327533,oe:team:4bd1751425ef6a9bc9d4d8e9385b4a6,7.383374875328594,0.42629217502196715,-0.6519604401899431,0.7796797554776095,0.24241032874522087,0.7511999561439575,-0.4784202452001014,0.5454545454545454,0.6363636363636364,
2022,oe:team:4bd1751425ef6a9bc9d4d8e9385b4a6,100 Thieves,LCS,3,-2.0,2.1875,0.1875,-0.59375,-0.59375,-0.71875,0.475,0.0375,0.4375,-1.366911819798123,1.072803726019204,-0.8786031750577762,-0.0113707744775277,-3.255033394851208e-05,-0.1108931374690567,oe:team:4bd1751425ef6a9bc9d4d8e9385b4a6,7.596970271835694,0.39691315205327415,-0.6810066402048129,1.7570024661156012,-0.40670216519922714,0.48356063654721904,-0.634170562675823,0.20833333333333334,0.4166666666666667,
2024,oe:team:4bd1751425ef6a9bc9d4d8e9385b4a6,100 Thieves,LCS,2,-2.1875,2.40625,0.21875,-0.53125,-0.8125,0.21875,0.4875,0.04375,0.44375,0.2499942809724057,-0.7036122510549374,-0.778723435922493,1.690858918546549,1.724522731439854,1.8943687976169084,oe:team:4bd1751425ef6a9bc9d4d8e9385b4a6,8.806362410711955,0.3568196382796924,0.47471161526878214,-1.7148498071422649,-1.2205240742575294,-0.1280027970208858,-0.45930642517514453,0.25,0.1,
2025,oe:team:4bd1751425ef6a9bc9d4d8e9385b4a6,100 Thieves,LCS,2,-0.3333333333333333,0.3611111111111111,0.0277777777777777,0.0,0.0,-0.0277777777777777,0.0777777777777777,0.0055555555555555,0.0722222222222222,1.389416840536075,-1.5387019174379253,-1.3630603000404335,-0.3341240906526864,-0.8905084607906265,-0.3079131834707944,oe:team:4bd1751425ef6a9bc9d4d8e9385b4a6,10.373570216568973,0.3099993352610762,0.01966541402449977,-0.7174449476378298,-1.530207435232983,-1.2974092434006743,1.098186639512099,0.058823529411764705,0.11764705882352941,
2020,oe:team:4f5a0b869cd5960c307d1c45e9399a3,Legacy Esports,Other,3,-0.7200000000000001,1.16,0.44,0.16,-0.12,0.0,0.28,0.088,0.192,0.353316983574224,-0.0982040893540789,0.7035070417042766,2.9013551138847995,0.2852982001796572,0.0948189622369321,oe:team:4f5a0b869cd5960c307d1c45e9399a3,8.944513281320784,0.3191111111111112,0.5188402634182832,-1.3351933348141214,0.3447658061814613,0.3495740416832811,-0.20355365019214872,0.7272727272727273,0.6363636363636364,
2019,oe:team:50b9075ca20fb326456aded56aa7937,Flamengo MDL,Other,3,-0.3333333333333333,1.0952380952380951,0.7619047619047619,-0.6190476190476191,-0.6190476190476191,-0.4761904761904761,0.3714285714285714,0.1523809523809523,0.219047619047619,0.7245596247400298,-0.5657846560578186,0.3246990973696692,-1.021474690479184,-0.1514185922412416,-1.9965028339329365,oe:team:50b9075ca20fb326456aded56aa7937,9.85292623430548,0.3505777310924369,1.138467558773087,-1.1250278203261133,-0.04690374856238977,-0.190345976898446,0.2337042645348666,0.8333333333333334,0.4583333333333333,
2018,oe:team:5203ff881d5c82c5f720eb3a2f3b44c,Papara SuperMassive,Other,3,-0.2222222222222222,0.9166666666666669,0.6944444444444444,-0.5555555555555555,-0.5555555555555555,-0.1944444444444444,0.2888888888888888,0.1055555555555555,0.1833333333333333,1.0860975202217855,-0.6373956935162747,1.3658958055316217,-0.5035159079468967,-0.5035159079468967,-0.323122920748702,oe:team:5203ff881d5c82c5f720eb3a2f3b44c,9.799927569046384,0.35015004748338086,0.3748538979278475,-0.8005655465641106,1.1444953710939167,-0.36908227403492033,0.7502372695963593,0.875,0.9166666666666666,
2020,oe:team:5203ff881d5c82c5f720eb3a2f3b44c,Papara SuperMassive,Other,3,-0.7692307692307692,1.3076923076923077,0.5384615384615385,0.0,-0.0384615384615384,-0.3461538461538461,0.3153846153846155,0.1076923076923076,0.2076923076923077,0.2087769563557713,0.3795970849781711,1.473282943391875,-0.7062224707277746,1.2027506198679183,-2.493145657405502,oe:team:5203ff881d5c82c5f720eb3a2f3b44c,6.653680374155267,0.36805184344451364,-1.0229530017576562,0.10876520992696476,1.5994556440142365,0.3457179655085445,0.28439925758478624,0.9545454545454546,0.9545454545454546,
2018,oe:team:53a258f289c26d94431c0496a54e151,Invictus Gaming,LPL,3,-0.6363636363636364,1.218181818181818,0.5818181818181818,-0.3636363636363636,-0.3636363636363636,0.0363636363636363,0.36,0.1163636363636363,0.2436363636363636,0.21566906224177,0.0956617241686691,0.7616380845498909,-0.0818912384488452,-0.0818912384488452,0.0859320766912734,oe:team:53a258f289c26d94431c0496a54e151,9.493688361866836,0.3904974034912094,0.15558961656931775,0.9236997338210257,0.9589531615857763,-0.21547808919164085,0.585041633261372,0.7916666666666666,0.7916666666666666,Champion
2019,oe:team:53a258f289c26d94431c0496a54e151,Invictus Gaming,LPL,4,-1.6976744186046508,2.3720930232558137,0.6744186046511628,-0.5116279069767442,-1.162790697674419,0.1627906976744185,0.5255813953488373,0.1302325581395348,0.3953488372093023,-1.811046474079275,1.8933257218789248,0.0290765534706493,-0.527037654172532,-1.4937793536354684,0.6935224307574738,oe:team:53a258f289c26d94431c0496a54e151,10.02133907035319,0.4043570578023902,1.2723164408960188,0.8040317015252378,0.08843802561376957,1.619484353722154,-1.5246061554872925,0.4583333333333333,0.5833333333333334,SF
2025,oe:team:53a258f289c26d94431c0496a54e151,Invictus Gaming,LPL,3,-1.0,1.14,0.1399999999999999,0.0,0.0,-0.1,0.244,0.028,0.216,-1.0236686521623553,0.991226044526776,0.3391319654046639,-0.3341240906526864,-0.8905084607906265,-1.280315492829737,oe:team:53a258f289c26d94431c0496a54e151,10.85758542192676,0.33356803844998495,0.4741079483219105,0.5859880558607543,0.42719528667131285,0.7928472002078315,-0.8009247053754645,0.6470588235294118,0.6470588235294118,
2019,oe:team:5737b101780a9835142549164be1ac4,Isurus,Other,4,-0.8095238095238093,1.8095238095238095,1.0,-0.0952380952380952,-0.7142857142857143,0.0,0.4857142857142855,0.1809523809523809,0.3047619047619047,-0.1604327636465781,0.8098668563178969,1.1292414636771284,1.3895430226450056,-0.3865367704080512,0.0081953702557576,oe:team:5737b101780a9835142549164be1ac4,11.185487503897281,0.3457224556489262,2.1975426297768768,-1.299186105646966,0.6128371476112997,1.2410868889701483,-0.7545144855106953,0.9583333333333334,0.9583333333333334,
2022,oe:team:5737b101780a9835142549164be1ac4,Isurus,Other,4,-1.4482758620689655,1.827586206896552,0.3793103448275862,-0.1034482758620689,-0.1034482758620689,-0.1379310344827586,0.3793103448275862,0.0551724137931034,0.3241379310344828,0.1101048501447863,-0.1280343271599705,0.0127997031335525,2.2567538213452547,2.26497898342123,2.3627094730396263,oe:team:5737b101780a9835142549164be1ac4,8.687329156149591,0.3441039684239513,0.21067999494192563,-0.8162537735872585,-0.19598317680554803,0.1459912872667812,-0.2270447632681832,0.5833333333333334,0.5416666666666666,
2017,oe:team:594b183f8fb081ef64820f31ab8d641,Misfits Gaming,LEC,2,-1.2,1.4285714285714284,0.2285714285714285,0.0,-1.5428571428571427,0.0,0.3314285714285714,0.0457142857142857,0.2857142857142857,0.6526692781770561,-0.4621487613833262,0.4431712809721459,0.4515621764554905,0.7529977720992769,-0.2940160867875013,oe:team:594b183f8fb081ef64820f31ab8d641,8.060908355126175,0.409468438538206,0.46755274060046914,-0.5436203352936925,0.27177245635482017,-0.2805158556562175,0.41803243228247083,0.875,0.8333333333333334,QF
2016,oe:team:5b90b1fda6971ccdccf9eb32286aa50,H2k-Gaming,LEC,3,-2.756756756756757,2.972972972972973,0.2162162162162162,-0.7567567567567568,-0.7567567567567568,-0.3783783783783784,0.5351351351351351,0.0432432432432432,0.4918918918918919,0.1518780837934502,-0.2613852161851023,-0.1541833338461724,-1.6418131928940654,-1.6418131928940654,-1.0449455058080257,oe:team:5b90b1fda6971ccdccf9eb32286aa50,6.750135747736732,0.4389061130956393,0.5535523714362548,0.5244084293063792,-0.0881534663069359,-0.4392593748870468,0.34722600026219685,0.5,0.5,SF
2020,oe:team:5f401785b6b78326f9a46b3c6b206ed,LGD Gaming,LPL,3,-0.5471698113207548,0.8867924528301887,0.3396226415094339,0.0377358490566037,-0.1886792452830188,0.0377358490566037,0.2415094339622641,0.0679245283018867,0.1735849056603773,0.8607411121465529,-0.9820611358979338,-0.0812468109005918,0.1446212992280211,-0.4874652120604379,0.3769450842943883,oe:team:5f401785b6b78326f9a46b3c6b206ed,7.540159232539198,0.3917324596090837,-0.42632845995800067,0.8074435178571316,0.14682609281911418,-1.25255195686943,1.2009757645056802,0.45454545454545453,0.5,
2024,oe:team:61450737f7b683db4da7b3e0bf0dced,paiN Gaming,Other,3,-2.4782608695652173,2.9130434782608696,0.4347826086956521,-1.5217391304347825,-2.4782608695652177,-1.0869565217391304,0.5130434782608695,0.0869565217391304,0.4260869565217391,-0.7703064924753221,1.1587346676600645,0.6205191999931984,-0.886120539866185,-1.1673162880072387,-0.731547804924297,oe:team:61450737f7b683db4da7b3e0bf0dced,5.909728564274058,0.4310276679841897,-1.5035733589820106,1.149509159775677,1.0338531417856418,0.7760274476566578,-0.2582687386015977,0.75,0.85,
2017,oe:team:62c1cd9465dc63824593ee5046f5aa8,Team WE,LPL,2,-1.2758620689655171,1.4655172413793105,0.1896551724137931,0.0,-1.7241379310344829,0.0,0.3310344827586207,0.0379310344827586,0.293103448275862,0.4763097332247841,-0.3836792667712889,0.1700916102540009,0.4515621764554905,0.382091377354793,-0.2940160867875013,oe:team:62c1cd9465dc63824593ee5046f5aa8,8.05027559816898,0.4274054567835829,0.45491320799923285,0.04896635318969555,0.13639476389630753,-0.40135597131663997,0.4821085763021462,0.7916666666666666,0.625,SF
2022,oe:team:658a021a796aa5501503220adb38cf4,LOUD,Other,4,-1.4482758620689655,1.96551724137931,0.5172413793103448,-0.7241379310344828,-0.7241379310344828,-0.8275862068965517,0.4482758620689654,0.0896551724137931,0.3586206896551724,0.1101048501447869,0.3321670824416281,0.6538085144172041,-0.6145423702897402,-0.602376276893018,-0.574406799178476,oe:team:658a021a796aa5501503220adb38cf4,6.935521281322846,0.3863920080775939,-1.2219342495971466,1.244334071650997,1.0611349178889693,-0.0831845672709306,0.6518643161411967,0.875,0.875,
2023,oe:team:658a021a796aa5501503220adb38cf4,LOUD,Other,4,-0.3636363636363636,1.0,0.6363636363636364,-0.409090909090909,-0.409090909090909,-0.5909090909090908,0.3272727272727272,0.1272727272727272,0.2,1.2801725002051003,-0.7756684347531935,1.6406332603327,-0.0098006470194274,-0.1224617143186898,-0.8700256962834866,oe:team:658a021a796aa5501503220adb38cf4,6.089765864956858,0.47035718259708464,-0.9730861949034614,-0.09555811821457351,1.7148275182731254,-0.7409463034697036,1.2714886171194035,0.9090909090909091,1.0,
2021,oe:team:67169969ecc058b307edfa9c6b7a3c0,RED Canids,Other,4,-1.6363636363636362,2.5909090909090904,0.9545454545454544,-1.1818181818181817,-1.1818181818181817,-1.1818181818181817,0.618181818181818,0.1909090909090909,0.4272727272727272,0.4167186014372443,-0.0405353599253497,1.0085442879255977,0.736981623210095,0.734071638878163,0.5981107419201265,oe:team:67169969ecc058b307edfa9c6b7a3c0,7.535817557074847,0.426195682516051,-0.5032424792309115,0.7763302535617962,1.2370564898715881,-0.30035616075191895,0.746723065656445,0.8636363636363636,0.9090909090909091,
2022,oe:team:692bccdba8ec7050f5aeb916815439e,Chiefs Esports Club,Other,3,-0.7826086956521738,1.217391304347826,0.4347826086956521,-0.6956521739130435,-0.6956521739130435,-0.9130434782608696,0.3304347826086956,0.0869565217391304,0.2434782608695652,1.89215757148895,-2.163925345723571,0.2705967250628472,-0.4827679073886171,-0.4707826779897069,-0.9383538155185452,oe:team:692bccdba8ec7050f5aeb916815439e,6.6809479410633115,0.372094546435245,-1.430122258554334,0.5476553908872592,0.5380830450350617,-2.3443665958588475,2.158129355094298,0.7083333333333334,0.75,
2018,oe:team:6db10eb2b230fe5af5947ce5d46bc9a,Ascension Gaming,Other,4,-0.9047619047619048,1.6666666666666663,0.7619047619047619,0.1428571428571428,0.1428571428571428,0.3333333333333333,0.4285714285714285,0.1523809523809523,0.2761904761904761,-0.348441366971759,1.1860385866548175,1.7278310836340671,1.0308174757903734,1.0308174757903734,0.6122435394805634,oe:team:6db10eb2b230fe5af5947ce5d46bc9a,8.55711256796614,0.3679948169744088,-0.514989504500015,-0.03796002505520988,1.7700013748713876,1.2001719106013438,-0.34792807934719255,1.0,1.0,
2017,oe:team:6f0162b86d2a0d206ba9a08a1da14be,Hong Kong Attitude,Other,2,-1.2,1.2571428571428571,0.0571428571428571,0.0,-1.542857142857143,0.0,0.2628571428571428,0.0114285714285714,0.2514285714285714,0.6526692781770561,-0.8262472163831759,-0.7597619520647465,0.4515621764554905,0.7529977720992764,-0.2940160867875013,oe:team:6f0162b86d2a0d206ba9a08a1da14be,7.64480682749971,0.4173575261947355,-0.027081797274497044,-0.28298792328491806,-0.8222471229665212,-0.7309798333822165,0.5388718254985141,0.16666666666666666,0.125,
2019,oe:team:6f0162b86d2a0d206ba9a08a1da14be,Hong Kong Attitude,Other,3,-0.5,1.1666666666666667,0.6666666666666667,-0.3611111111111111,-0.3611111111111111,0.1666666666666667,0.3666666666666666,0.1333333333333333,0.2333333333333333,0.4148122888047167,-0.4282195048202467,0.0028821508466859,0.1657688803774243,0.4853598069605342,0.7098397417218008,oe:team:6f0162b86d2a0d206ba9a08a1da14be,8.148864894436493,0.37431175404397937,-0.2158633269425071,-0.2736905915534457,-0.038799468067127175,-0.33557977430241076,0.31060592875062565,0.4166666666666667,0.5,
2023,oe:team:7338408a0fe0217451d2c9a567db999,Team BDS,LEC,0,0.0,0.0,0.0,0.0,0.0,0.0,0.0,0.0,0.0,1.917873350587922,-2.556275932518849,-1.9060204554625964,1.389816587781545,1.3962128094384052,1.3395110507841157,oe:team:7338408a0fe0217451d2c9a567db999,6.237473105663371,0.420692998571137,-0.778238649552793,-1.6119545901114793,-2.200262824052319,-2.0119618958801015,1.288913766726514,0.045454545454545456,0.045454545454545456,
2016,oe:team:73f3126d91d35faa5d5ce34abadb865,Royal Never Give Up,LPL,3,-2.1666666666666665,2.4761904761904763,0.3095238095238095,-0.3333333333333333,-0.3333333333333333,0.1904761904761905,0.4571428571428572,0.0619047619047619,0.3952380952380952,1.652472576389536,-1.8664058971218105,0.5250899269225373,0.7804956410377921,0.7804956410377921,0.6790871322488975,oe:team:73f3126d91d35faa5d5ce34abadb865,7.28696284785792,0.42598647964501624,1.582669797582757,0.07949839499774244,0.3869350284665718,-1.8973398890853395,1.6358420572294163,0.75,0.75,QF
2017,oe:team:73f3126d91d35faa5d5ce34abadb865,Royal Never Give Up,LPL,2,-1.0425531914893615,1.2340425531914891,0.1914893617021276,0.0,-1.5106382978723405,0.0,0.2851063829787233,0.0382978723404255,0.2468085106382978,1.018692086172778,-0.8753101287590426,0.1829623192159387,0.4515621764554905,0.818918577918226,-0.2940160867875013,oe:team:73f3126d91d35faa5d5ce34abadb865,8.874659405586652,0.4403279504056329,1.4348872685119336,0.47588779563245115,0.1506919320406795,-1.0391961044662794,1.1671913183114198,0.8333333333333334,0.6666666666666666,SF
2018,oe:team:73f3126d91d35faa5d5ce34abadb865,Royal Never Give Up,LPL,3,-0.8214285714285714,1.2678571428571428,0.4464285714285714,-0.5,-0.5,0.0535714285714285,0.3357142857142857,0.0821428571428571,0.2535714285714285,-0.1732941772562682,0.2164346440241573,0.0352514007432173,-0.3814666615132503,-0.3814666615132503,0.1164289872537723,oe:team:73f3126d91d35faa5d5ce34abadb865,10.7552186929417,0.3922621096631424,1.0588330124841416,0.9991153715087837,0.16063866285435202,-0.12246652074991998,0.19875796138628463,0.5833333333333334,0.5833333333333334,QF
2019,oe:team:73f3126d91d35faa5d5ce34abadb865,Royal Never Give Up,LPL,4,-1.9444444444444444,2.5,0.5555555555555556,-0.5833333333333334,-1.2500000000000002,-0.1944444444444445,0.5,0.1111111111111111,0.3888888888888888,-2.2696646226346617,2.139663318281088,-0.3725709534301285,-0.8570871191298075,-1.7090765225963551,-0.8103897297879595,oe:team:73f3126d91d35faa5d5ce34abadb865,8.020895054334336,0.43331794398276396,-0.3175694702810808,1.842856035433523,0.08317027571707747,1.5205770986653806,-1.5133596822956457,0.3333333333333333,0.5416666666666666,
2021,oe:team:73f3126d91d35faa5d5ce34abadb865,Royal Never Give Up,LPL,4,-2.4444444444444446,2.9722222222222223,0.5277777777777778,-2.4444444444444446,-2.4444444444444446,-2.4444444444444446,0.5277777777777777,0.1055555555555555,0.4222222222222222,-0.9511579259325534,0.7619679013898533,-0.8882356610247926,-1.6539460065372118,-1.661060825642492,-1.3927434261156206,oe:team:73f3126d91d35faa5d5ce34abadb865,7.005808839781106,0.43538777606574214,-1.0203011849918031,1.095411353826531,-0.5351342473061198,0.39617912546781486,-0.4759457017790676,0.18181818181818182,0.4090909090909091,QF
2022,oe:team:73f3126d91d35faa5d5ce34abadb865,Royal Never Give Up,LPL,3,-1.2037037037037035,1.5370370370370372,0.3333333333333333,-0.5555555555555556,-0.5555555555555556,-0.7777777777777778,0.3740740740740741,0.0666666666666666,0.3074074074074074,0.7648471934180907,-1.0974400742374146,-0.2008699006276647,0.1653158545987768,0.1764115715873949,-0.3622817350738354,oe:team:73f3126d91d35faa5d5ce34abadb865,8.131743225255311,0.3701572194545649,-0.243673664555903,0.45325440986903454,-0.07241165035698896,-1.249267217497362,0.9559706414260339,0.5,0.625,QF
2025,oe:team:740de582f50775c516c77ed7b923fd5,Team Secret Whales,Other,3,-1.0625,1.3125,0.25,0.0,0.0,-0.09375,0.29375,0.05,0.24375,-1.2498954171028331,1.5515274940203845,2.0076174533161955,-0.3341240906526864,-0.8905084607906265,-1.1961652929813664,oe:team:740de582f50775c516c77ed7b923fd5,9.997050265112998,0.3313713773528533,-0.3338496802517397,0.46450489454493915,2.147580988129583,1.396154545705661,-1.0514321980179622,1.0,1.0,
2019,oe:team:76b516358ee227ba806ba5d955b6314,Griffin,LCK,3,-0.7428571428571429,1.2285714285714284,0.4857142857142857,-0.5714285714285714,-0.5714285714285714,-0.1714285714285714,0.3428571428571428,0.0971428571428571,0.2457142857142857,-0.0365338292724534,-0.3089963737476852,-0.6085700475469833,-0.8022912620133483,-0.0338595031578367,-0.7134959832521722,oe:team:76b516358ee227ba806ba5d955b6314,8.535361273062179,0.4184105494505495,0.09131105143417703,1.3081291593709266,-0.31637952486709875,-0.7492860283255334,0.4905471892312919,0.2916666666666667,0.2916666666666667,QF
2017,oe:team:78f183fa5a7d8ecb22b9ad272c3abd7,Fnatic,LEC,2,-1.275,1.4500000000000002,0.175,0.05,-1.8500000000000003,0.05,0.325,0.0349999999999999,0.29,0.4783138189628775,-0.4166364545083442,0.0672546456481169,0.8789571327399649,0.1245734864384454,0.3227171633264163,oe:team:78f183fa5a7d8ecb22b9ad272c3abd7,8.137117243489993,0.41604885701479144,0.5581449297059152,-0.326222530344717,-0.06304072347845907,-0.30837494189121983,0.32894547084531756,0.75,0.5,QF
2018,oe:team:78f183fa5a7d8ecb22b9ad272c3abd7,Fnatic,LEC,3,-0.3214285714285714,1.0357142857142856,0.7142857142857143,0.2857142857142857,0.2857142857142857,0.7857142857142857,0.35,0.1428571428571428,0.2071428571428571,0.8775889610366773,-0.3479616807907049,1.472347357914694,1.3446583951911788,1.3446583951911788,1.4139862196770767,oe:team:78f183fa5a7d8ecb22b9ad272c3abd7,10.631795561183006,0.34489308850031664,0.9704632555959505,-1.0252244276354658,1.1403345055631644,-0.005651443742143325,0.43234590343497153,0.9166666666666666,0.875,Runner-up
2019,oe:team:78f183fa5a7d8ecb22b9ad272c3abd7,Fnatic,LEC,3,-0.4545454545454545,1.121212121212121,0.6666666666666666,-0.303030303030303,-0.303030303030303,0.0606060606060606,0.3575757575757575,0.1333333333333333,0.2242424242424242,0.4992888349688931,-0.5157609646987017,0.0028821508466855,0.4331062438849965,0.6287462716758992,0.2633387780615915,oe:team:78f183fa5a7d8ecb22b9ad272c3abd7,7.857837867302814,0.35550337321555037,-0.44716186192096835,-0.9483454886548695,-0.1712835510098448,-0.1955583208322082,0.1289292951476108,0.375,0.375,QF
2020,oe:team:78f183fa5a7d8ecb22b9ad272c3abd7,Fnatic,LEC,3,-1.0384615384615383,1.307692307692308,0.2692307692307693,0.0,-0.1153846153846153,0.1538461538461538,0.3076923076923077,0.0538461538461538,0.2538461538461539,-0.5816763174951448,0.3795970849781718,-0.6315730377851505,-0.7062224707277746,0.3372294692186152,1.2450254598557915,oe:team:78f183fa5a7d8ecb22b9ad272c3abd7,8.322955894147336,0.2867206092336983,0.10051512478994397,-2.290850100138437,-1.1690142728120156,1.1499609714139964,-1.5127579183702031,0.3181818181818182,0.09090909090909091,QF
2021,oe:team:78f183fa5a7d8ecb22b9ad272c3abd7,Fnatic,LEC,4,-0.2727272727272728,1.5454545454545454,1.272727272727273,-0.1818181818181818,-0.1818181818181818,0.0606060606060605,0.5393939393939393,0.2545454545454545,0.2848484848484848,2.7250102413737767,-2.240776089623981,2.4227115871430493,2.630596305969961,2.6310165507785204,2.557111243267301,oe:team:78f183fa5a7d8ecb22b9ad272c3abd7,7.525850993033731,0.3175402990645485,-0.5129655244108017,-2.995376280316661,1.783689956679268,-1.2317886703796435,1.5274675275846175,1.0,1.0,
2022,oe:team:78f183fa5a7d8ecb22b9ad272c3abd7,Fnatic,LEC,3,-2.0625,2.21875,0.15625,-0.46875,-0.46875,-0.53125,0.475,0.03125,0.44375,-1.5342301144400932,1.1770681078820664,-1.0238317338642289,0.5668763752267421,0.5774209395904487,0.6876353490402399,oe:team:78f183fa5a7d8ecb22b9ad272c3abd7,7.461466130147917,0.36495144284128744,-0.7918208261469497,0.199590250872694,-0.8995945558329613,1.112023844368279,-1.4289479645947019,0.125,0.20833333333333334,
2023,oe:team:78f183fa5a7d8ecb22b9ad272c3abd7,Fnatic,LEC,4,-0.7714285714285714,1.0,0.2285714285714285,-0.4285714285714285,-0.4285714285714285,-0.4571428571428571,0.2457142857142857,0.0457142857142857,0.2,0.5650365465615081,-0.7756684347531935,-0.6321203452993878,-0.0764490867718547,-0.1947795487833134,-0.3698448502440073,oe:team:78f183fa5a7d8ecb22b9ad272c3abd7,6.806313766402276,0.4469484309852974,-0.027854268188198306,-0.8102975033835593,-0.8159505154975599,-0.5030148044373931,0.23765976242137204,0.3181818181818182,0.22727272727272727,
2024,oe:team:78f183fa5a7d8ecb22b9ad272c3abd7,Fnatic,LEC,3,-2.096774193548387,2.290322580645161,0.1935483870967742,-0.9032258064516128,-1.4838709677419355,-0.6451612903225806,0.432258064516129,0.0387096774193548,0.3935483870967741,0.5683576516442175,-1.12961827025421,-0.9419542161317692,0.7230804919104643,0.558991233784469,0.1569500418621602,oe:team:78f183fa5a7d8ecb22b9ad272c3abd7,7.424545224144954,0.4192262473363216,-0.46901421349229877,0.693985610778352,-0.735786931071288,-1.3618294028314244,0.8639497291322756,0.15,0.25,
2025,oe:team:78f183fa5a7d8ecb22b9ad272c3abd7,Fnatic,LEC,2,-0.52,0.56,0.04,0.08,0.08,0.08,0.12,0.008,0.112,0.7137529025805145,-0.8926860755097064,-1.1776730236058188,0.9814147314095234,0.028230099889976,1.1432102628033192,oe:team:78f183fa5a7d8ecb22b9ad272c3abd7,11.287626556705124,0.32407155635062607,0.8778741543780852,0.060798863811236066,-1.2504586117846985,-0.9154632386453261,0.7112942674184132,0.23529411764705882,0.17647058823529413,
2019,oe:team:7b13b2cc48c457832262d00d5ffa6d6,Clutch Gaming,LCS,4,-1.783783783783784,2.486486486486487,0.7027027027027027,-0.7297297297297298,-1.4594594594594594,-0.027027027027027,0.5567567567567567,0.1351351351351351,0.4216216216216216,-1.97107935285918,2.1136374788577648,0.1246507252067336,-1.530928064751126,-2.2261776509294395,-0.1055847980900871,oe:team:7b13b2cc48c457832262d00d5ffa6d6,7.826764149120033,0.3945380109173212,-0.4718582125066809,0.4518233893739163,0.2753374855135679,1.9628959900916243,-1.7734948717362986,0.5416666666666666,0.7083333333333334,
2019,oe:team:7bd8d762a338118fce3df129202eaed,MAMMOTH,Other,3,-1.0952380952380951,1.2857142857142856,0.1904761904761904,-0.4761904761904761,-0.4761904761904761,-0.0476190476190476,0.2952380952380953,0.038095238095238,0.2571428571428572,-0.6914281966785434,-0.1989442527576279,-1.6062025817682326,-0.3639244050816773,0.2012586750089729,-0.1922744501631117,oe:team:7bd8d762a338118fce3df129202eaed,6.9032346059194385,0.43019666199813267,-1.2058485654147169,1.730895936615073,-1.0884278285917497,-0.7780153818949915,0.046931975393244896,0.041666666666666664,0.125,
2016,oe:team:7cd8dc1c987b84b99e3d246d1943c92,Flash Wolves,Other,3,-2.3666666666666663,2.8666666666666667,0.5,-0.6,-0.6,-0.1999999999999999,0.6066666666666667,0.1,0.5066666666666666,1.143874137677581,-0.6048430095668949,1.911744307526248,-0.7450435394809944,-0.7450435394809944,-0.5043325564082752,oe:team:7cd8dc1c987b84b99e3d246d1943c92,5.814645709064427,0.3788702669149596,-1.2398166678071079,-1.5430302860471174,1.6790038467470036,-0.0824924232573051,0.5570766376888595,1.0,1.0,
2017,oe:team:7cd8dc1c987b84b99e3d246d1943c92,Flash Wolves,Other,2,-1.2972972972972974,1.4594594594594594,0.1621621621621621,0.1081081081081081,-1.7297297297297298,0.1081081081081081,0.3243243243243244,0.0324324324324324,0.2918918918918919,0.4264784121694733,-0.3965454361581277,-0.0228298813754789,1.375659379232732,0.3706503751667283,1.0394612107561043,oe:team:7cd8dc1c987b84b99e3d246d1943c92,7.836042281159767,0.4829417600232283,0.20024652037438018,1.8837235897149514,0.391131138377119,-1.0307505423941454,1.1833606379398454,0.6666666666666666,0.875,
2018,oe:team:7cd8dc1c987b84b99e3d246d1943c92,Flash Wolves,Other,2,-0.6486486486486487,0.8378378378378379,0.1891891891891892,-0.2432432432432432,-0.2432432432432432,-0.081081081081081,0.2054054054054054,0.0378378378378378,0.1675675675675675,0.1898488377136877,-0.829047945185909,-1.3448785905583986,0.1825987747071158,0.1825987747071158,-0.1222120594476791,oe:team:7cd8dc1c987b84b99e3d246d1943c92,9.195151255601624,0.3934170148260435,-0.058160035759550456,1.0484708453629208,-1.0977019828533705,-1.1815940710002955,0.6163591518206523,0.125,0.16666666666666666,
2016,oe:team:7d6673d3a9d00363c6bebc1a630da6e,G2 Esports,LEC,3,-2.8125,3.0625,0.25,-0.4375,-0.4375,-0.1875,0.575,0.05,0.525,0.0101234513821782,0.027861548368421,0.0917604329838775,0.184581898647641,0.184581898647641,-0.4664486944238232,oe:team:7d6673d3a9d00363c6bebc1a630da6e,7.118133636932578,0.45731432566811697,1.25901794959183,1.1583272257244563,0.2340187204963296,-0.36512777605444435,0.4404925346471015,0.625,0.625,
2017,oe:team:7d6673d3a9d00363c6bebc1a630da6e,G2 Esports,LEC,2,-1.5238095238095235,1.5952380952380951,0.0714285714285714,0.0,-1.9285714285714284,0.0,0.3333333333333332,0.0142857142857142,0.3190476190476189,-0.1001034981127289,-0.1081641523556941,-0.6595175159783389,0.4515621764554905,-0.0361862145445566,-0.2940160867875013,oe:team:7d6673d3a9d00363c6bebc1a630da6e,8.117895793693219,0.4325087055908051,0.5352957154967111,0.2175627871013392,-0.6623388780822373,-0.18276868571606308,-0.02848964908637215,0.20833333333333334,0.25,
2018,oe:team:7d6673d3a9d00363c6bebc1a630da6e,G2 Esports,LEC,3,-0.8181818181818181,1.3333333333333337,0.5151515151515151,-0.2121212121212121,-0.2121212121212121,0.1515151515151515,0.3696969696969697,0.103030303030303,0.2666666666666666,-0.1664702607738464,0.3756233510232215,0.4039608685427679,0.2509703427338269,0.2509703427338269,0.2900120316503859,oe:team:7d6673d3a9d00363c6bebc1a630da6e,10.781635246260183,0.3830952972346415,1.0777470066545571,0.6073668663725297,0.4372720332447775,0.168454259928048,0.046308348679555494,0.6666666666666666,0.7083333333333334,SF
2019,oe:team:7d6673d3a9d00363c6bebc1a630da6e,G2 Esports,LEC,3,-0.4615384615384615,1.1923076923076923,0.7307692307692308,-0.5,-0.5,-0.0384615384615384,0.3846153846153847,0.1461538461538461,0.2384615384615384,0.4862924432513275,-0.3788371428375285,0.2194897110063864,-0.4735161193145953,0.1424791304672703,-0.1537225616210216,oe:team:7d6673d3a9d00363c6bebc1a630da6e,10.062061115156888,0.3476148889465859,1.3046809583677808,-1.2313046966436927,-0.193016704043207,0.031912367253626006,-0.05274224674592887,0.625,0.3333333333333333,Runner-up
2020,oe:team:7d6673d3a9d00363c6bebc1a630da6e,G2 Esports,LEC,3,-1.3125,1.5,0.1875,0.125,-0.15625,0.15625,0.325,0.0375,0.2875,-1.3862448283791122,1.001734030723288,-1.2705471749281765,2.112197517250799,-0.122578642063827,1.2629974363810863,oe:team:7d6673d3a9d00363c6bebc1a630da6e,9.778660876832456,0.35531905386081986,1.0802444325743346,-0.26690592209687286,-1.4387980295919565,1.088659147489491,-1.5276946964752156,0.18181818181818182,0.045454545454545456,SF
2022,oe:team:7d6673d3a9d00363c6bebc1a630da6e,G2 Esports,LEC,3,-1.6800000000000002,1.88,0.2,-0.64,-0.64,-0.6799999999999999,0.416,0.04,0.376,-0.5102421512312356,0.0468422084886367,-0.8205117515351952,-0.2253222198681076,-0.2136903416059755,0.0541360830761981,oe:team:7d6673d3a9d00363c6bebc1a630da6e,8.826308327591908,0.34295390070921994,0.3243360319786315,-0.8722936272571425,-1.0534345802210845,0.33941836028624145,-0.8735993485294141,0.25,0.125,
2023,oe:team:7d6673d3a9d00363c6bebc1a630da6e,G2 Esports,LEC,4,-0.5384615384615385,0.8461538461538463,0.3076923076923077,-0.0384615384615384,-0.0384615384615384,-0.3461538461538461,0.2307692307692307,0.0615384615384615,0.1692307692307692,0.9735855529056672,-1.0496080497940634,-0.1911549225505847,1.2582286426293168,1.2534314439569687,0.0451670391883012,oe:team:7d6673d3a9d00363c6bebc1a630da6e,6.94950900077018,0.4299938725490196,0.16104127808998442,-1.3279710159879177,-0.5128615666196437,-0.6033119643115684,0.4306805547623207,0.45454545454545453,0.3181818181818182,
2024,oe:team:7d6673d3a9d00363c6bebc1a630da6e,G2 Esports,LEC,3,-2.282608695652174,2.5434782608695654,0.2608695652173913,-1.5,-2.4130434782608696,-1.1956521739130437,0.4695652173913044,0.0521739130434782,0.417391304347826,-0.08374896267872,-0.1993306457192392,-0.5059151232596854,-0.8295613199284578,-1.054095837001153,-0.950146481514616,oe:team:7d6673d3a9d00363c6bebc1a630da6e,8.817535309753943,0.396947694296975,0.48234225809951703,-0.16594522719593696,-0.5918103575189023,-0.14478484797743268,-0.16585308053102443,0.35,0.3,
2025,oe:team:7d6673d3a9d00363c6bebc1a630da6e,G2 Esports,LEC,2,-0.4482758620689655,0.6206896551724138,0.1724137931034483,-0.1724137931034483,0.0344827586206896,-0.1724137931034483,0.1586206896551724,0.0344827586206896,0.1241379310344827,0.9733676176570352,-0.6955585290611803,0.8307859963253037,-3.1693370692350356,-0.4945004604972633,-2.255297118659127,oe:team:7d6673d3a9d00363c6bebc1a630da6e,9.14334157034385,0.290112197632527,-1.1353979343315732,-1.8172742985529917,0.5245738183026425,-0.08123019885765592,0.27225716434272484,0.8235294117647058,0.7058823529411765,QF
2018,oe:team:7e3dd5ff49e1a44784d225d2de40260,inf,Other,3,-0.7666666666666666,1.1333333333333333,0.3666666666666667,-0.1333333333333333,-0.1333333333333333,0.0666666666666666,0.3,0.0733333333333333,0.2266666666666666,-0.0581974525860884,-0.110625790355737,-0.3926838398367331,0.4240583649488165,0.4240583649488165,0.139637327996303,oe:team:7e3dd5ff49e1a44784d225d2de40260,9.160630814273423,0.37742977368361197,-0.08287633459573954,0.3652477656228043,-0.30038672345434136,-0.2332737712224835,0.09231470676895699,0.4166666666666667,0.4583333333333333,
2021,oe:team:7e3dd5ff49e1a44784d225d2de40260,inf,Other,4,-1.9,2.9999999999999996,1.1,-1.3,-1.3,-1.0,0.6699999999999998,0.22,0.4499999999999999,-0.029551115617152,0.8204284038697675,1.6550207675678603,0.5131907970657467,0.5098872401990293,0.8847937421172738,oe:team:7e3dd5ff49e1a44784d225d2de40260,7.41882731174112,0.39043222506393865,-0.6173742337948291,-0.46511091448141567,1.6089544355967236,0.9785241966120721,-0.19890948166386185,0.9545454545454546,0.9545454545454546,
2018,oe:team:86e551648da70c86cb473ce5d5f26f7,KaBuM! Esports,Other,4,-1.4545454545454546,1.9545454545454544,0.5,-0.9090909090909092,-0.9090909090909092,-0.9545454545454544,0.4363636363636363,0.0818181818181818,0.3545454545454545,-1.5039578913285043,1.8859426537911972,0.3226705921775127,-1.2801929307064654,-1.2801929307064654,-1.6702296409831945,oe:team:86e551648da70c86cb473ce5d5f26f7,7.236263330135427,0.384580407683504,-1.4607046582951722,0.6708338351626026,0.6215440316618338,1.6641458020503135,-1.1871452125426294,0.625,0.75,
2021,oe:team:89008bdacc273b554227d6b76869381,Beyond Gaming,Other,4,-2.515151515151515,3.060606060606061,0.5454545454545455,-1.878787878787879,-1.878787878787879,-1.7575757575757578,0.6545454545454545,0.109090909090909,0.5454545454545453,-1.0708471220774105,0.9479785910986744,-0.8096708110682672,-0.5828104284104185,-0.5880414815372387,-0.3097187587041745,oe:team:89008bdacc273b554227d6b76869381,7.8166890564927005,0.4215363799659412,-0.2292336766669557,0.6145939335256189,-0.6454891038250861,0.7418394315153024,-0.8148136265349935,0.2727272727272727,0.36363636363636365,
2022,oe:team:89008bdacc273b554227d6b76869381,Beyond Gaming,Other,4,-1.648648648648649,2.4054054054054057,0.7567567567567568,-1.0270270270270272,-1.0270270270270272,-1.135135135135135,0.5351351351351352,0.1243243243243243,0.4108108108108109,-0.4263116769459658,1.7998364427926783,1.7669116529300328,-2.0157004217632744,-2.001611201220542,-1.8842018935460083,oe:team:89008bdacc273b554227d6b76869381,7.1723905418067435,0.37943423423423417,-1.0282244932140567,0.9052995756334279,2.0770201129294095,1.498021262919421,-0.02786567240837684,0.9166666666666666,0.9583333333333334,
2018,oe:team:8eb884e168f28402ce685bedebb5250,Team Liquid,LCS,3,-1.1111111111111112,1.5555555555555556,0.4444444444444444,0.074074074074074,0.074074074074074,0.8148148148148149,0.3999999999999999,0.0888888888888888,0.311111111111111,-0.7821391700767844,0.9159001747776192,0.0246062455049101,0.8797088849677634,0.8797088849677634,1.465560310216034,oe:team:8eb884e168f28402ce685bedebb5250,7.917000974215003,0.35327829533691835,-0.9733031537735942,-0.6668782446936375,-0.032733536918172684,1.142812001325182,-1.0222473674784587,0.5416666666666666,0.5,
2019,oe:team:8eb884e168f28402ce685bedebb5250,Team Liquid,LCS,4,-0.9166666666666669,1.75,0.8333333333333333,-0.4999999999999999,-0.75,-0.2083333333333333,0.4333333333333332,0.1666666666666666,0.2666666666666666,-0.3595560510335656,0.6952292302865872,0.5660618072619068,-0.4735161193145951,-0.4747060872206047,-0.868860094076796,oe:team:8eb884e168f28402ce685bedebb5250,7.5320862934381125,0.377409792497189,-0.7060583037528975,-0.16256423607753104,0.5984288204731147,0.7517847417187304,-0.4036220860043203,0.875,0.9166666666666666,
2020,oe:team:8eb884e168f28402ce685bedebb5250,Team Liquid,LCS,3,-1.206896551724138,1.3793103448275863,0.1724137931034483,0.0,-0.2413793103448276,0.0344827586206896,0.2965517241379311,0.0344827586206896,0.2620689655172414,-1.0761963459634518,0.6112894647729046,-1.38849169111482,-0.7062224707277746,-1.0804344844311058,0.352623866875642,oe:team:8eb884e168f28402ce685bedebb5250,6.36537082717606,0.38476977277019986,-1.2169932202424134,0.6020148150973895,-1.1295579117728367,0.4119975894951323,-0.7947807543935771,0.13636363636363635,0.13636363636363635,
2021,oe:team:8eb884e168f28402ce685bedebb5250,Team Liquid,LCS,4,-2.3125,3.03125,0.71875,-1.6875,-1.6875,-1.3125,0.6375,0.14375,0.49375,-0.7278093366979534,0.8861964691596731,-0.0394546927444773,-0.2205848925037014,-0.2251789131623593,0.3920573355284265,oe:team:8eb884e168f28402ce685bedebb5250,8.88118731908017,0.39699685736275014,0.8092550801757876,-0.23723572093439524,-0.17408386271709156,0.9638583046154486,-0.8488788963965759,0.5,0.5,
2023,oe:team:8eb884e168f28402ce685bedebb5250,Team Liquid,LCS,5,-0.2580645161290322,0.9032258064516128,0.6451612903225806,-0.0967741935483871,-0.0967741935483871,0.1612903225806451,0.2967741935483871,0.1161290322580645,0.1806451612903225,1.4653114567678551,-0.9479852893756764,1.6896653393529115,1.0587243386888416,1.036956470485114,1.9426104110258933,oe:team:8eb884e168f28402ce685bedebb5250,8.09309651054858,0.42882934602935785,1.669601170673365,-1.3635275028300828,1.2106369998879911,-0.4937230776249955,0.8614560632119042,0.9545454545454546,0.9090909090909091,
2024,oe:team:8eb884e168f28402ce685bedebb5250,Team Liquid,LCS,2,-2.419354838709677,2.709677419354838,0.2903225806451612,-1.8064516129032255,-2.7419354838709675,-1.3548387096774197,0.5548387096774192,0.0580645161290322,0.496774193548387,-0.5636009996333334,0.4114121991970671,-0.3151480201281488,-1.6268638719538495,-1.6250677888490443,-1.2702877691662446,oe:team:8eb884e168f28402ce685bedebb5250,6.558481253871524,0.41352597545741787,-1.0605012394548137,0.4739605685393111,-0.10117134687256546,0.254782692760962,-0.3388863821252436,0.5,0.55,
2017,oe:team:9cae7677cd0dbcc1cd86653870b73c2,GAM Esports,Other,2,-1.3846153846153846,1.5384615384615383,0.1538461538461538,0.0,-1.923076923076923,0.0,0.3384615384615385,0.0307692307692307,0.3076923076923077,0.2234866093421559,-0.2287523158706018,-0.0811842308644481,0.4515621764554905,-0.0249442774128781,-0.2940160867875013,oe:team:9cae7677cd0dbcc1cd86653870b73c2,6.372954222942878,0.4275601280915719,-1.5389777734526613,0.05407624140805817,0.08340900252475948,-0.2428678402309303,0.29287756221587957,0.625,0.5833333333333334,
2019,oe:team:9cae7677cd0dbcc1cd86653870b73c2,GAM Esports,Other,3,-0.2727272727272727,1.0303030303030305,0.7575757575757576,-0.2121212121212121,-0.2121212121212121,0.0606060606060606,0.3575757575757575,0.1515151515151515,0.206060606060606,0.8371950196255981,-0.6908438844556107,0.3100710543458973,0.8515473345925005,0.8531772599260355,0.2633387780615915,oe:team:9cae7677cd0dbcc1cd86653870b73c2,9.179995894448561,0.3829885571582988,0.6036450603802858,0.037545541192886674,0.2590409496754449,-0.7050725512897613,0.8337783348058848,0.7916666666666666,0.6666666666666666,
2022,oe:team:9cae7677cd0dbcc1cd86653870b73c2,GAM Esports,Other,3,-0.7142857142857143,1.2040816326530612,0.4897959183673469,-0.3265306122448979,-0.3265306122448979,-0.6938775510204082,0.3387755102040816,0.0979591836734693,0.2408163265306123,2.075064527122408,-2.208332535869244,0.5262608427842328,1.2247800200433347,1.2344215939432068,-0.0049658892586398,oe:team:9cae7677cd0dbcc1cd86653870b73c2,9.045168209708049,0.3148959583833534,0.503317865079898,-2.2394852822171165,-0.03917338169971152,-1.4563141887740603,1.1523612285177733,0.8333333333333334,0.6666666666666666,
2023,oe:team:9cae7677cd0dbcc1cd86653870b73c2,GAM Esports,Other,4,-0.4722222222222221,1.1388888888888888,0.6666666666666667,-0.4444444444444444,-0.4444444444444444,-0.6666666666666667,0.361111111111111,0.1333333333333333,0.2277777777777777,1.0897479407157862,-0.528361837841297,1.8095215325134288,-0.1307552228664251,-0.2537051916804141,-1.153299638215231,oe:team:9cae7677cd0dbcc1cd86653870b73c2,7.912158661027829,0.44504199959024787,1.43091757147055,-0.8685065709050598,1.4680755338117746,-0.23999002469604558,0.6937808553950324,1.0,0.9545454545454546,
2024,oe:team:9cae7677cd0dbcc1cd86653870b73c2,GAM Esports,Other,3,-2.3333333333333335,2.717948717948718,0.3846153846153846,-0.8717948717948719,-1.3846153846153846,-0.1794871794871795,0.4871794871794871,0.0769230769230769,0.4102564102564102,-0.2617453592926547,0.4418072774899945,0.2955862221317894,0.804855112631017,0.7313035827101901,1.0934708898912882,oe:team:9cae7677cd0dbcc1cd86653870b73c2,9.170694598207797,0.37824903407095184,0.7235359162916003,-0.8876956267287174,0.019652462674699667,0.7385074411509764,-0.6436590655270384,0.7,0.6,
2016,oe:team:a22510a4756fa424cb0771b13261139,TSM,LCS,3,-3.0294117647058822,3.0882352941176467,0.0588235294117647,-0.5882352941176471,-0.5882352941176471,-0.3529411764705882,0.5352941176470589,0.0117647058823529,0.5235294117647059,-0.5414814729561559,0.1110079546052263,-1.2999919416661705,-0.6777403403404599,-0.6777403403404599,-0.9678527501003962,oe:team:a22510a4756fa424cb0771b13261139,6.015212465420051,0.4693363593103701,-0.8553227701915511,1.5723268504565706,-0.8533827470692137,-0.41564960268421225,0.1218297590858195,0.0625,0.25,
2017,oe:team:a22510a4756fa424cb0771b13261139,TSM,LCS,2,-1.5208333333333333,1.6875,0.1666666666666666,0.0,-2.145833333333333,0.0,0.3708333333333333,0.0333333333333333,0.3375,-0.0931846306835949,0.0877916133560308,0.0087787245977125,0.4515621764554905,-0.4807111452930121,-0.2940160867875013,oe:team:a22510a4756fa424cb0771b13261139,7.408417788488981,0.44098253111411,-0.3080857718014637,0.49751323019884275,0.1537959641831282,-0.07875339415288252,0.11785468843109309,0.7083333333333334,0.75,
2020,oe:team:a22510a4756fa424cb0771b13261139,TSM,LCS,3,-1.4146341463414631,1.7560975609756098,0.3414634146341463,0.0,-0.1951219512195122,-0.048780487804878,0.3902439024390244,0.0682926829268292,0.3219512195121951,-1.686107546812974,1.8302383535936144,-0.0668555794205829,-0.7062224707277746,-0.5599570893812723,-0.2698806589592917,oe:team:a22510a4756fa424cb0771b13261139,9.471899376580463,0.35041446521463065,0.8737855443575622,-0.4116120257133787,-0.24801704657431742,1.966388585266629,-1.8798047686146375,0.5,0.4090909090909091,
2022,oe:team:a65adb2808377018a2a7832eb2bd7f4,İstanbul Wildcats,Other,3,-1.8695652173913044,1.956521739130435,0.0869565217391304,-0.8695652173913043,-0.8695652173913043,-0.8695652173913043,0.408695652173913,0.017391304347826,0.391304347826087,-1.017725813588794,0.3021539470328299,-1.345860277304623,-1.2872856808902098,-1.2741962291888682,-0.753187789661317,oe:team:a65adb2808377018a2a7832eb2bd7f4,6.846081368451261,0.3724220300129067,-1.295077483539304,0.5636128267289734,-1.088049854860559,0.11598707977040826,-0.7494568265411792,0.041666666666666664,0.08333333333333333,
2021,oe:team:a9145b7711873f53e610fbba0493484,LNG Esports,LPL,4,-2.1999999999999997,2.818181818181818,0.6181818181818182,-1.6363636363636362,-1.6363636363636362,-1.6727272727272726,0.5854545454545453,0.1236363636363636,0.4618181818181818,-0.5373752764031889,0.4377778421830491,-0.486432571247136,-0.1237523234989353,-0.1281760483492726,-0.1759333586121718,oe:team:a9145b7711873f53e610fbba0493484,10.175900258085823,0.4019556598240469,2.072333544228909,-0.06510299221567893,-0.7062917402293617,0.4541903027491111,-0.627689833405707,0.45454545454545453,0.2727272727272727,
2023,oe:team:a9145b7711873f53e610fbba0493484,LNG Esports,LPL,6,-1.564102564102564,1.948717948717949,0.3846153846153846,-0.3076923076923077,-0.3076923076923077,-0.1538461538461538,0.4512820512820512,0.0615384615384615,0.3897435897435898,-0.8250578712510085,0.9136258579988386,0.2375614606774178,0.3371130265637194,0.2539618855869147,0.7642470456304203,oe:team:a9145b7711873f53e610fbba0493484,5.876012795589522,0.5137511929268311,-1.2550578888988269,1.229391147660935,0.6447215792690435,0.5033886465664101,-0.28832946069575005,0.6363636363636364,0.7727272727272727,QF
2024,oe:team:a9145b7711873f53e610fbba0493484,LNG Esports,LPL,3,-2.052631578947368,2.3421052631578947,0.2894736842105263,-0.8421052631578948,-1.236842105263158,-0.4736842105263157,0.431578947368421,0.0578947368421052,0.3736842105263158,0.7232572565558831,-0.9393290827308732,-0.3206463200930925,0.8820992834501545,0.9878449285121024,0.5018089387852916,oe:team:a9145b7711873f53e610fbba0493484,7.8122153432736665,0.40985659584052864,-0.2042510393060067,0.33232602507392073,-0.22393101067673463,-1.050580942930773,0.8641784978530038,0.45,0.45,QF
2017,oe:team:a9744fc5b0ca952b17ef07c0aa99602,Rampage,Other,3,-2.137931034482759,2.413793103448276,0.2758620689655172,-0.2068965517241379,-2.6206896551724137,0.1379310344827586,0.5172413793103449,0.0551724137931034,0.4620689655172413,-1.5277760048692188,1.6303710949376509,0.7750149314650817,-1.3169686771354374,-1.4522826401315123,1.4073170169750304,oe:team:a9744fc5b0ca952b17ef07c0aa99602,6.8964554413090395,0.42042818911686003,-0.9166734413811384,-0.18154218979799888,0.823833107153962,1.6938684315756047,-1.5730310486398895,0.9166666666666666,0.9166666666666666,
2020,oe:team:af4b23d4634c4e6ecb5659fb1e689e9,V3 Esports,Other,3,-0.6666666666666666,0.9047619047619048,0.238095238095238,0.0,0.0,0.0,0.2285714285714285,0.0476190476190476,0.1809523809523809,0.5099020130608819,-0.9239279442020742,-0.8749917566967798,-0.7062224707277746,1.6355111951925705,0.0948189622369321,oe:team:af4b23d4634c4e6ecb5659fb1e689e9,6.329765660149941,0.4124531676231225,-1.2409564724528321,1.4187920196762573,-0.42561314144465895,-1.397915967090403,1.1229180408971708,0.2727272727272727,0.36363636363636365,
2018,oe:team:b3c72a20aa56f5d28022ac04a7dc294,DN SOOPers,LCK,4,-1.2352941176470589,1.4313725490196076,0.196078431372549,-1.156862745098039,-1.156862745098039,-1.0392156862745097,0.3019607843137254,0.0392156862745098,0.2627450980392157,-1.0431428253390846,0.613980773267808,-1.307916716090254,-1.8245195164051884,-1.8245195164051884,-1.8202884313943064,oe:team:b3c72a20aa56f5d28022ac04a7dc294,10.315193473036627,0.39399636143117034,0.7437792526775228,1.0732295243786,-1.1343176974653473,0.25098230196427507,-0.6313473492235856,0.16666666666666666,0.08333333333333333,QF
2019,oe:team:b41d715b166da7092724123264e4560,J Team,Other,3,-0.3333333333333333,1.0833333333333333,0.7499999999999999,-0.2916666666666667,-0.2916666666666667,-0.0833333333333333,0.3666666666666667,0.1499999999999999,0.2166666666666666,0.7245596247400298,-0.5887121812640804,0.284471979054296,0.4854113802234345,0.6568001452071662,-0.3426268154772638,oe:team:b41d715b166da7092724123264e4560,7.916286347325235,0.4119492998057856,-0.40070896737693706,1.0763647265896648,0.5719355318547021,-0.9497345431819526,1.1729386889111417,0.6666666666666666,0.875,
2020,oe:team:b42d0f31f2727621b963042276817c4,JD Gaming,LPL,3,-0.7954545454545455,1.1136363636363638,0.3181818181818182,0.0454545454545454,-0.1818181818181818,0.0454545454545454,0.2772727272727272,0.0636363636363636,0.2136363636363636,0.131784754357305,-0.2481956511828101,-0.248871950298419,0.3186575249007976,-0.4102660699785103,0.4346527001697771,oe:team:b42d0f31f2727621b963042276817c4,7.933467283078828,0.39448222666434896,-0.16162137391749676,0.8885732730975914,-0.02828623354197843,-0.5466790838439493,0.4967159125551942,0.4090909090909091,0.45454545454545453,QF
2022,oe:team:b42d0f31f2727621b963042276817c4,JD Gaming,LPL,3,-1.4545454545454544,1.7045454545454544,0.25,-0.6818181818181818,-0.6818181818181818,-0.7272727272727272,0.3909090909090909,0.05,0.3409090909090909,0.0933205698045271,-0.5385549027704896,-0.5881460574448714,-0.4187721754055358,-0.4068747818715917,-0.1471898868558425,oe:team:b42d0f31f2727621b963042276817c4,7.838267345096133,0.36407947716650135,-0.4836758545142409,0.15710159720973277,-0.5041553711679938,-0.5901222177939347,0.17188344850728174,0.3333333333333333,0.2916666666666667,SF
2023,oe:team:b42d0f31f2727621b963042276817c4,JD Gaming,LPL,6,-1.4166666666666667,1.75,0.3333333333333333,-0.3333333333333333,-0.2083333333333333,-0.2083333333333333,0.4166666666666667,0.0666666666666666,0.35,-0.5665028790284865,0.5597871885710481,-0.0482494614745839,0.2493877297955673,0.6228137464139586,0.56050771047182,oe:team:b42d0f31f2727621b963042276817c4,6.523037520410028,0.48956164523372114,-0.4015372435367982,0.49081171666797746,0.1044631386294528,0.3957440087814573,-0.35529473943191237,0.5454545454545454,0.5454545454545454,SF
2021,oe:team:b61ee1b18ac8e03518fc61ac07d497c,PEACE,Other,4,-1.7419354838709675,2.516129032258064,0.7741935483870968,-1.032258064516129,-1.032258064516129,-0.5161290322580645,0.6064516129032257,0.1548387096774193,0.4516129032258064,0.2380121518937709,-0.1979158328771452,0.2069655883691624,1.02019085728855,1.0177789424175123,1.6477404361903276,oe:team:b61ee1b18ac8e03518fc61ac07d497c,8.397555504796083,0.4013154737773953,0.33744012355512115,-0.08732548886842367,0.15349862638319056,-0.16943358401502046,0.1922264124261645,0.6363636363636364,0.5909090909090909,
2025,oe:team:b9e44c69c1a70fb35df9be96f9eafea,Vivo Keyd Stars,Other,2,-0.3793103448275862,0.4482758620689655,0.0689655172413793,0.0344827586206896,0.1034482758620689,0.0,0.1034482758620689,0.0137931034482758,0.0896551724137931,1.2229971513844593,-1.2555799678354025,-0.738322612995886,0.2329185050637833,0.2975155400894629,0.0660877047441833,oe:team:b9e44c69c1a70fb35df9be96f9eafea,9.291524341295084,0.3376160576428204,-0.996268929240684,0.8098578959807824,-0.45335019329953374,-1.5253736858847515,1.5817955315463057,0.29411764705882354,0.29411764705882354,
2016,oe:team:bcb21457414eb9be1d27489ff7e8e59,INTZ,Other,2,-3.0476190476190483,3.2857142857142865,0.238095238095238,-0.4761904761904761,-0.4761904761904761,0.4761904761904761,0.5523809523809524,0.0476190476190476,0.504761904761905,-0.5877824512702716,0.7490293575652123,0.0050945341961455,-0.0367574913829863,-0.0367574913829863,1.5450039776078042,oe:team:bcb21457414eb9be1d27489ff7e8e59,5.973091426724219,0.4533803644914756,-0.9360703608394272,1.0228544347387385,0.3331616217606471,0.40742529630432284,-0.1445606376649266,0.5625,0.6875,
2020,oe:team:bcb21457414eb9be1d27489ff7e8e59,INTZ,Other,3,-0.5384615384615387,1.0000000000000002,0.4615384615384615,0.0769230769230769,-0.1153846153846153,0.1153846153846153,0.276923076923077,0.0923076923076922,0.1846153846153846,0.8863083339422696,-0.6158220282140152,0.8718955201984387,1.0281898295667324,0.3372294692186152,0.9574738354510768,oe:team:bcb21457414eb9be1d27489ff7e8e59,9.164196237255473,0.34797532310621315,0.6666929072643727,-0.483577031575856,0.6946358795424405,-0.45491473053624937,0.6698493598430164,0.8409090909090909,0.7727272727272727,
2017,oe:team:c334c629fea759876e9e04afbe4aee7,Immortals,LCS,2,-1.2857142857142858,1.3095238095238095,0.0238095238095238,0.0,-1.6428571428571426,0.0,0.2666666666666666,0.0047619047619047,0.2619047619047619,0.453405896217995,-0.7149949106887772,-0.9936656362663644,0.4515621764554905,0.5483945163027277,-0.2940160867875013,oe:team:c334c629fea759876e9e04afbe4aee7,7.234062257478536,0.4201884253028264,-0.5153483310120499,-0.1894632858593775,-0.9863458921659202,-0.6498957271224204,0.3925591418202804,0.125,0.08333333333333333,
2017,oe:team:c5b7f439779b465529ff283c53f41c0,Kaos Latin Gamers,Other,3,-2.136363636363636,2.2727272727272725,0.1363636363636363,-0.2272727272727272,-2.5,0.1363636363636363,0.4636363636363635,0.0272727272727272,0.4363636363636363,-1.524132212618138,1.330760297328056,-0.2038609883128493,-1.4911421702921197,-1.2053476762391253,1.3879836862504558,oe:team:c5b7f439779b465529ff283c53f41c0,6.610103396272339,0.45632806499858525,-1.2570702004947696,1.0044848451691628,0.1517098340510807,0.9961857258517506,-1.0784470131082373,0.4375,0.7083333333333334,
2018,oe:team:c5b7f439779b465529ff283c53f41c0,Kaos Latin Gamers,Other,3,-0.4285714285714286,0.9714285714285716,0.5428571428571428,0.0571428571428571,0.0571428571428571,0.6,0.2914285714285713,0.0971428571428571,0.1942857142857142,0.6523997171167603,-0.5042560476625123,0.5526059453249488,0.8425129241498903,0.8425129241498903,1.0848497509648238,oe:team:c5b7f439779b465529ff283c53f41c0,10.072076824010598,0.34726882140415977,0.5697101064504931,-0.923696244208268,0.2835894925181194,-0.195038109784484,0.26064918782925084,0.75,0.6666666666666666,
2020,oe:team:cd62e47544f14f1d239afa659b9d243,Rogue,LEC,3,-0.8461538461538461,1.3076923076923077,0.4615384615384615,0.0,-0.1923076923076923,0.0384615384615384,0.3538461538461539,0.0923076923076923,0.2615384615384616,-0.0170668361730619,0.3795970849781711,0.8718955201984387,-0.7062224707277746,-0.528291681430688,0.3823705866416471,oe:team:cd62e47544f14f1d239afa659b9d243,6.54829029436422,0.3429722110350383,-1.0938834108372266,-0.6311899928257145,0.8346939278674335,0.5948228835748312,-0.23899785058170478,0.8409090909090909,0.9090909090909091,
2021,oe:team:cd62e47544f14f1d239afa659b9d243,Rogue,LEC,4,-2.545454545454545,2.954545454545454,0.409090909090909,-2.0,-2.0,-1.6363636363636362,0.6272727272727272,0.0818181818181818,0.5454545454545454,-1.122142491853777,0.7247657634480879,-1.4157425107328894,-0.8123394808661597,-0.8179741981312212,-0.1185967585727423,oe:team:cd62e47544f14f1d239afa659b9d243,7.6777066494762405,0.40645528984832974,-0.3648202456245318,0.09109068566313723,-1.3587017897215228,0.6950894285939144,-1.0739867191107486,0.045454545454545456,0.09090909090909091,
2022,oe:team:cd62e47544f14f1d239afa659b9d243,Rogue,LEC,3,-1.9333333333333331,2.1666666666666665,0.2333333333333333,-0.6,-0.6,-0.6,0.48,0.0466666666666666,0.4333333333333333,-1.1884389721800213,1.0032941381106284,-0.6656012888083127,-0.0402831319627411,-0.0289052248301682,0.3948415706534979,oe:team:cd62e47544f14f1d239afa659b9d243,7.88756707036855,0.33839656830116116,-0.44335893980456575,-1.0943607612191542,-0.8737652667846156,1.3726054899509308,-1.618063885668154,0.2916666666666667,0.25,QF
2017,oe:team:cd6e0eea04af23b9c0735dab41a9941,Dire Wolves,Other,2,-0.7586206896551724,0.8620689655172414,0.1034482758620689,0.0,-1.0689655172413794,0.0,0.193103448275862,0.0206896551724137,0.1724137931034482,1.6787611760811851,-1.6653476787678874,-0.4348317109570801,0.4515621764554905,1.7225954670563235,-0.2940160867875013,oe:team:cd6e0eea04af23b9c0735dab41a9941,7.3802122064742,0.42038820019071643,-0.3416147403321919,-0.182863307109431,-0.44316729234353863,-1.6029287661456832,1.6152273390474199,0.2916666666666667,0.4166666666666667,
2018,oe:team:cd6e0eea04af23b9c0735dab41a9941,Dire Wolves,Other,3,-0.6,1.0,0.4,-0.32,-0.32,0.1599999999999999,0.28,0.08,0.2,0.2920969268448933,-0.4347918846083757,-0.2138452318331716,0.0139728969317642,0.0139728969317642,0.305049502015794,oe:team:cd6e0eea04af23b9c0735dab41a9941,6.7278667191640995,0.38895367847411444,-1.824711666334425,0.8577278409187404,0.16404876165023663,-0.7184949636542903,0.6958484038548355,0.4583333333333333,0.625,
2016,oe:team:d15303823a1dccff9f3068fb357e356,ahq eSports Club,Other,3,-2.9444444444444446,3.2222222222222223,0.2777777777777778,-0.3333333333333333,-0.3333333333333333,0.3333333333333333,0.5833333333333333,0.0555555555555555,0.5277777777777779,-0.3254102408236264,0.5438971807270124,0.2939808634885855,0.7804956410377921,0.7804956410377921,1.112045554928351,oe:team:d15303823a1dccff9f3068fb357e356,5.747168986943469,0.39545171339563867,-1.3691720423369098,-0.9720193552184293,0.2055125968195414,0.8745052104018998,-0.6769106770126987,0.6875,0.5625,
2017,oe:team:d15303823a1dccff9f3068fb357e356,ahq eSports Club,Other,2,-1.2500000000000002,1.4,0.15,0.0,-1.725,0.0,0.31,0.03,0.2799999999999999,0.5364323053676034,-0.5228318372166338,-0.1081731175030964,0.4515621764554905,0.3803275561841327,-0.2940160867875013,oe:team:d15303823a1dccff9f3068fb357e356,7.801733903716164,0.4354303003137606,0.15946294402257472,0.3140837427185289,-0.05161466925384178,-0.6289102572090506,0.6587414223494967,0.5,0.5416666666666666,
2019,oe:team:d15303823a1dccff9f3068fb357e356,ahq eSports Club,Other,3,-0.935483870967742,1.258064516129032,0.3225806451612903,-0.5483870967741936,-0.5483870967741936,-0.1935483870967742,0.3161290322580645,0.064516129032258,0.2516129032258064,-0.3945275244456168,-0.2521952790431396,-1.1598113333653843,-0.6962347643685897,0.0230239270438105,-0.8066174482209376,oe:team:d15303823a1dccff9f3068fb357e356,7.545879872532472,0.38835973590816264,-0.6950956290210779,0.2302092308458252,-1.0380857773956376,-0.3277957509721961,-0.2798266924084327,0.16666666666666666,0.16666666666666666,
2018,oe:team:d17e6a2f130f0cf8dd071ce88d5b870,MAD Team,Other,2,-0.6428571428571428,0.9523809523809524,0.3095238095238095,-0.4285714285714285,-0.4285714285714285,-0.1428571428571428,0.2523809523809524,0.0619047619047619,0.1904761904761904,0.2020212292769266,-0.550565489698604,-0.6992643106999815,-0.2245462018128476,-0.2245462018128476,-0.2316961238841873,oe:team:d17e6a2f130f0cf8dd071ce88d5b870,6.919752223438269,0.3892722556648559,-1.6873235193845568,0.8713424031470947,-0.3318173610983772,-0.8392122609643886,0.6070485502676485,0.2916666666666667,0.4166666666666667,
2018,oe:team:d723992568441c6bafa2658129eade7,KT Rolster,LCK,4,-1.5813953488372094,1.7674418604651163,0.1860465116279069,-0.9069767441860466,-0.9069767441860466,-0.5813953488372092,0.3534883720930232,0.0372093023255813,0.3162790697674419,-1.7705667213394,1.4310478439387893,-1.3617395529723109,-1.275548350503917,-1.275548350503917,-1.0089056743317253,oe:team:d723992568441c6bafa2658129eade7,9.379158119360408,0.3976616669588919,0.07358708153053477,1.229868265767942,-1.0858176695122645,1.0171316828647647,-1.2746408357311778,0.08333333333333333,0.20833333333333334,QF
2023,oe:team:d723992568441c6bafa2658129eade7,KT Rolster,LCK,5,-1.65,1.825,0.175,-0.95,-0.95,-0.7750000000000001,0.3999999999999999,0.035,0.3649999999999999,-0.97569425802413,0.6933327509034722,-0.9306906836188898,-1.8604056574784913,-2.1304869179530717,-1.5583813751776252,oe:team:d723992568441c6bafa2658129eade7,6.902570034253432,0.45486769230769236,0.09912188697998349,-0.5684987068295834,-1.0713955555237744,0.8843102712177817,-1.2090408026268804,0.18181818181818182,0.09090909090909091,QF
2025,oe:team:d723992568441c6bafa2658129eade7,KT Rolster,LCK,3,-0.5609756097560976,0.7073170731707317,0.1463414634146341,0.0,0.0,-0.073170731707317,0.1658536585365854,0.0292682926829268,0.1365853658536585,0.5654364283951474,-0.4141819037258398,0.4353195988541097,-0.3341240906526864,-0.8905084607906265,-0.919085366651368,oe:team:d723992568441c6bafa2658129eade7,9.25193262062282,0.32982945827061627,-1.0334416496022238,0.37923129232749453,0.624808283538188,-0.539016631884316,0.7509430696876667,0.7058823529411765,0.7647058823529411,Runner-up
2024,oe:team:d8ca3fc1f0827ec76369af7b70d43e3,Fukuoka SoftBank HAWKS gaming,Other,3,-2.5,2.852941176470588,0.3529411764705882,-0.8823529411764706,-1.411764705882353,-0.7352941176470587,0.5470588235294117,0.0705882352941176,0.4764705882352941,-0.8465906624527227,0.937872834688342,0.0904324596389003,0.7773859288905219,0.6841710872687428,-0.0243167924262063,oe:team:d8ca3fc1f0827ec76369af7b70d43e3,7.3318078213689475,0.41674517626942487,-0.5323501476105952,0.5982186407304251,0.2808091936580766,0.7380449359998776,-0.5878377264714518,0.575,0.7,
2018,oe:team:e435aa3ecb82a89e60544f5f5857a81,DetonatioN FocusMe,Other,3,-0.1481481481481481,0.8888888888888888,0.7407407407407407,-0.4444444444444445,-0.4444444444444445,-0.3703703703703704,0.2666666666666666,0.0888888888888888,0.1777777777777777,1.2417839110799995,-0.7049302964855747,1.6142827610921235,-0.2594174150796039,-0.2594174150796039,-0.6349117408251239,oe:team:e435aa3ecb82a89e60544f5f5857a81,8.230492194037804,0.361422908934838,-0.7488465021915688,-0.31881393915845635,1.6149007958744022,-0.5956998876339852,1.1357443126649134,0.9583333333333334,0.9583333333333334,
2019,oe:team:e435aa3ecb82a89e60544f5f5857a81,DetonatioN FocusMe,Other,3,-0.4285714285714285,1.1428571428571428,0.7142857142857142,-0.5714285714285714,-0.5714285714285714,-0.0952380952380952,0.3714285714285714,0.1428571428571428,0.2285714285714285,0.5475611470627081,-0.4740745552327708,0.1637906241081771,-0.8022912620133483,-0.0338595031578367,-0.3927442705819811,oe:team:e435aa3ecb82a89e60544f5f5857a81,6.749469337712938,0.3310399159663865,-1.3280560511490136,-1.8258474588528157,-0.12534973083245446,0.14364792889261319,-0.1510775995009629,0.5833333333333334,0.4166666666666667,
2021,oe:team:e435aa3ecb82a89e60544f5f5857a81,DetonatioN FocusMe,Other,3,-1.4583333333333337,1.875,0.4166666666666667,-1.25,-1.25,-1.0,0.4,0.0833333333333333,0.3166666666666667,0.7180788988734024,-1.5472219465668036,-1.3820718607515212,0.6078715312037402,0.6047344857940473,0.8847937421172738,oe:team:e435aa3ecb82a89e60544f5f5857a81,6.289314462369804,0.3807923707117255,-1.719289038174456,-0.7997349385373195,-1.3962568105933746,-1.2736423371945422,0.4471706108048107,0.09090909090909091,0.045454545454545456,
2022,oe:team:e435aa3ecb82a89e60544f5f5857a81,DetonatioN FocusMe,Other,3,-1.7142857142857144,2.0,0.2857142857142857,-0.8571428571428572,-0.8571428571428572,-0.9642857142857142,0.4571428571428571,0.0571428571428571,0.4,-0.6020281871491163,0.4472174348420291,-0.4221705616660687,-1.2298201256400965,-1.216809546960357,-1.1565852031359924,oe:team:e435aa3ecb82a89e60544f5f5857a81,9.060931555577174,0.3741247663403352,0.5162090012359893,0.6465828061529922,-0.32431639633723697,0.22834334165402465,-0.35603749221583053,0.3958333333333333,0.4583333333333333,
2023,oe:team:e435aa3ecb82a89e60544f5f5857a81,DetonatioN FocusMe,Other,5,-1.5294117647058825,1.7647058823529411,0.2352941176470588,-0.7058823529411764,-0.6470588235294118,-0.7058823529411764,0.3882352941176471,0.0470588235294117,0.3411764705882353,-0.7642214024927683,0.5859725929499551,-0.5946526950004699,-1.0252092291299368,-1.0058736921904643,-1.2999355610975452,oe:team:e435aa3ecb82a89e60544f5f5857a81,6.306676641657334,0.45888463543070757,-0.6869490211397714,-0.445849387223963,-0.6294056836768704,0.7377731524376279,-0.9236305331639628,0.36363636363636365,0.2727272727272727,
2019,oe:team:e84133caa1e561518201cc7d33f14ed,Unicorns of Love.CIS,Other,2,-0.55,0.825,0.275,-0.075,-0.075,0.375,0.2199999999999999,0.0549999999999999,0.1649999999999999,0.3218880880241228,-1.086239478239964,-1.3205900417290846,1.4826959797429855,1.191694000536658,1.5868952060543544,oe:team:e84133caa1e561518201cc7d33f14ed,10.298139234068525,0.3764345146379044,1.4923079412721931,-0.19754736353560562,-1.5136060501012516,-1.023737425523832,0.19581970299892082,0.125,0.041666666666666664,
2020,oe:team:e84133caa1e561518201cc7d33f14ed,Unicorns of Love.CIS,Other,3,-0.7368421052631579,1.157894736842105,0.4210526315789473,0.0,-0.1052631578947368,-0.1052631578947368,0.3052631578947368,0.0842105263157894,0.2210526315789473,0.3038690795258061,-0.1050148517074995,0.5553758237808406,-0.7062224707277746,0.4511138311461553,-0.6921644308707087,oe:team:e84133caa1e561518201cc7d33f14ed,8.393836627941258,0.34159132685598526,0.14821979921310657,-0.6719319150359899,0.3860000657552344,0.12062704360577078,0.027108760005134902,0.6818181818181818,0.6818181818181818,
2021,oe:team:e84133caa1e561518201cc7d33f14ed,Unicorns of Love.CIS,Other,3,-0.6666666666666667,1.6666666666666663,1.0,-0.9629629629629628,-0.9629629629629628,-1.037037037037037,0.4814814814814815,0.2,0.2814814814814814,2.0581704342810005,-1.985675715166169,1.210568187813805,1.1514090790329612,1.1492279327284094,0.8263953531882253,oe:team:e84133caa1e561518201cc7d33f14ed,8.108169682014957,0.3489623366641045,0.05512503304721872,-1.9046369100495821,0.7665458487024788,-1.3451117385547038,1.284937039936429,0.9090909090909091,0.8181818181818182,
2018,oe:team:e8d8ae992fe72acb7adc7bfcee31dbb,Team Vitality,LEC,3,-0.48,1.12,0.64,-0.56,-0.56,-0.32,0.352,0.128,0.224,0.5443088800352003,-0.1430423997810005,1.0737927457924712,-0.5132798476615887,-0.5132798476615887,-0.5456416786558747,oe:team:e8d8ae992fe72acb7adc7bfcee31dbb,7.715591785980503,0.3583705722070845,-1.1175101654229889,-0.44925713951806795,1.0808197782888043,0.011044699843969663,0.39680444503298656,0.8333333333333334,0.8333333333333334,
2025,oe:team:ed28f87f0cfdba0a2a8f183cebae73a,Anyone's Legend,LPL,3,-1.106666666666667,1.2400000000000002,0.1333333333333333,0.0666666666666666,0.1466666666666666,0.0666666666666666,0.2533333333333333,0.0266666666666666,0.2266666666666666,-1.4097623309941043,1.3160384790158248,0.2380116328039652,0.7621582610658217,0.7938455671238114,0.96368983646013,oe:team:ed28f87f0cfdba0a2a8f183cebae73a,11.71714628787907,0.32135754640839387,1.2811508138812575,-0.08929552628628395,0.09079703749884166,1.3426843518879825,-1.4854646126559077,0.5294117647058824,0.5294117647058824,QF
2019,oe:team:ef69efa6acebe94107f0cf1ba716806,Dplus Kia,LCK,3,-0.7894736842105263,1.2105263157894737,0.4210526315789473,-0.4736842105263157,-0.4736842105263157,0.0789473684210526,0.3263157894736842,0.0842105263157894,0.2421052631578947,-0.1231699262408266,-0.3437496751129661,-0.8270668165020617,-0.352388435162423,0.2074459954870467,0.3405532304238833,oe:team:ef69efa6acebe94107f0cf1ba716806,7.986447499426182,0.386134569562187,-0.34494723330989446,0.15039271788429262,-0.7583354852561239,-0.393427532037716,-0.051605207242140586,0.20833333333333334,0.20833333333333334,QF
2020,oe:team:ef69efa6acebe94107f0cf1ba716806,Dplus Kia,LCK,3,-0.7142857142857141,1.0,0.2857142857142857,0.0476190476190476,-0.2142857142857142,0.0476190476190476,0.2523809523809523,0.0571428571428571,0.1952380952380952,0.3700939510192239,-0.6158220282140163,-0.5027043042437005,0.3674613342164438,-0.7755834387590602,0.4508352591189601,oe:team:ef69efa6acebe94107f0cf1ba716806,8.689510595465658,0.3567924828794394,0.3472164743486234,-0.22343353580295047,-0.5884787723922482,-0.541579629108438,0.26887175595443125,0.36363636363636365,0.3181818181818182,Champion
2021,oe:team:ef69efa6acebe94107f0cf1ba716806,Dplus Kia,LCK,3,-1.7142857142857144,2.257142857142857,0.5428571428571428,-1.7142857142857144,-1.7142857142857144,-1.9428571428571428,0.5142857142857142,0.1085714285714285,0.4057142857142857,0.2848162220122991,-0.7429724624502537,-0.8212150339190224,-0.2713067143633409,-0.275989937588262,-0.6018623874765054,oe:team:ef69efa6acebe94107f0cf1ba716806,8.955783897499972,0.3915173299101412,0.8820289969688526,-0.42744414723658697,-1.0068370341874961,-0.6015182172841745,0.08445135180195529,0.22727272727272727,0.13636363636363635,Runner-up
2022,oe:team:ef69efa6acebe94107f0cf1ba716806,Dplus Kia,LCK,4,-1.4509803921568627,1.823529411764706,0.3725490196078431,-0.6078431372549019,-0.6078431372549019,-0.6274509803921569,0.4156862745098039,0.0627450980392157,0.3529411764705882,0.1028645723509493,-0.1415696627364878,-0.0186222974195677,-0.0765653060618324,-0.0651376006685616,0.2779328249161891,oe:team:ef69efa6acebe94107f0cf1ba716806,10.395846852666722,0.35448060633080697,1.6078918834428833,-0.31062678968275553,-0.24910310776442568,-0.041334362349592285,-0.07257653782978964,0.5416666666666666,0.5,QF
2023,oe:team:ef69efa6acebe94107f0cf1ba716806,Dplus Kia,LCK,5,-0.5,0.96875,0.46875,-0.03125,0.0,-0.03125,0.2875,0.09375,0.19375,1.0410346813115423,-0.8313124190583703,0.7064700048330461,1.2829013823453594,1.3962128094384052,1.2226605497372711,oe:team:ef69efa6acebe94107f0cf1ba716806,7.762343531495357,0.46407496930632286,1.2332894111571642,-0.2873729291623962,0.518376472470865,-0.7379075933835664,0.8865717593100478,0.8181818181818182,0.6818181818181818,
2024,oe:team:ef69efa6acebe94107f0cf1ba716806,Dplus Kia,LCK,2,-2.236363636363636,2.745454545454545,0.509090909090909,-1.5454545454545454,-2.1090909090909093,-1.309090909090909,0.5963636363636363,0.1018181818181818,0.4945454545454545,0.0785282716368418,0.5428847287586459,1.1018138653830667,-0.94782150707098,-0.5264199168576412,-1.178284009447058,oe:team:ef69efa6acebe94107f0cf1ba716806,9.502394655851862,0.3641096747289408,0.950073778784068,-1.433461373091201,0.6778136812355233,1.0225777465394708,-0.5314547492860277,0.9,0.8,
2016,oe:team:f2357aab765dfb94659ba2223a6d4f0,Albus NoX Luna,Other,2,-3.0769230769230775,3.153846153846154,0.0769230769230769,-0.6153846153846154,-0.6153846153846154,-0.3846153846153846,0.553846153846154,0.0153846153846153,0.5384615384615385,-0.662302369030265,0.3229856056704941,-1.1682284032377634,-0.8330554152801555,-0.8330554152801555,-1.0638480564863384,oe:team:f2357aab765dfb94659ba2223a6d4f0,5.687559762924846,0.40275779947606577,-1.4834451317222752,-0.7204215818661281,-1.1874654184440399,0.5692600643843859,-0.9083593567541222,0.125,0.0625,QF
2019,oe:team:f589eafcf087c11af27e475bafb047f,MEGA,Other,3,-0.7619047619047619,1.238095238095238,0.4761904761904761,0.0476190476190476,0.0476190476190476,0.4761904761904761,0.3428571428571428,0.0952380952380952,0.2476190476190476,-0.0719335248079176,-0.2906543535826753,-0.6407517421992818,2.047093308042512,1.4944086549264253,2.0128935744444516,oe:team:f589eafcf087c11af27e475bafb047f,8.545670917388016,0.3968808356676004,0.09950481148526562,0.535860298518014,-0.5271983545366264,-0.4711784760553366,0.14206312117769482,0.25,0.25,
2022,oe:team:f7f7324c151aa6ed770b244ce08e027,Evil Geniuses,LCS,3,-1.7647058823529411,2.088235294117647,0.3235294117647058,-0.5882352941176471,-0.6470588235294117,-0.6176470588235294,0.4529411764705882,0.0647058823529411,0.388235294117647,-0.7370076517342347,0.7416109836312883,-0.2464318014296894,0.0141401291858958,-0.2462994798605293,0.3196859483937992,oe:team:f7f7324c151aa6ed770b244ce08e027,8.963105485526032,0.3446081697169207,0.4362076360997567,-0.7916853361672306,-0.4718527771586245,1.0067746726676188,-1.0711637872457676,0.4583333333333333,0.3333333333333333,
2016,oe:team:fc8e90107dabb9a35c490b0d86adea0,Cloud9,LCS,3,-3.5106382978723407,3.702127659574468,0.1914893617021276,-0.5106382978723404,-0.5106382978723404,0.2978723404255319,0.6297872340425532,0.0382978723404255,0.5914893617021277,-1.765236790132296,2.0943909216157306,-0.3341932397813581,-0.2338256226050179,-0.2338256226050179,1.004573606036288,oe:team:fc8e90107dabb9a35c490b0d86adea0,6.128329684387507,0.4315998825382418,-0.6384728734364157,0.27280568063847627,-0.20825682937542978,2.0043112799177605,-1.6350280541685485,0.4375,0.4375,QF
2017,oe:team:fc8e90107dabb9a35c490b0d86adea0,Cloud9,LCS,2,-1.22,1.34,0.12,0.0,-1.54,0.0,0.2920000000000001,0.024,0.268,0.6061744890532753,-0.650266296466582,-0.3186864332845526,0.4515621764554905,0.7588435794077494,-0.2940160867875013,oe:team:fc8e90107dabb9a35c490b0d86adea0,8.844099565661171,0.4352237730751913,1.3985597107033918,0.3072606860258721,-0.3861945828206451,-0.7573307882768497,0.687486958507078,0.3333333333333333,0.4583333333333333,QF
2018,oe:team:fc8e90107dabb9a35c490b0d86adea0,Cloud9,LCS,3,-0.6296296296296295,1.037037037037037,0.4074074074074074,0.0,0.0,0.4074074074074074,0.274074074074074,0.0666666666666666,0.2074074074074074,0.2298223705016078,-0.3447457473159762,-0.1741033189434915,0.7169765563895681,0.7169765563895681,0.7435230426706357,oe:team:fc8e90107dabb9a35c490b0d86adea0,9.92792569174733,0.31167916382640304,0.4664993036475963,-2.4446388033741,-0.783137549360429,0.47638267890165775,-0.774848701166583,0.5,0.2916666666666667,SF
2019,oe:team:fc8e90107dabb9a35c490b0d86adea0,Cloud9,LCS,4,-1.2083333333333333,1.9583333333333333,0.75,-0.6666666666666666,-1.4166666666666667,-0.2499999999999999,0.4833333333333332,0.15,0.3333333333333333,-0.9016138889203628,1.096460921396171,0.2844719790542964,-1.240658118945019,-2.1205333343882717,-1.0442711869433068,oe:team:fc8e90107dabb9a35c490b0d86adea0,7.808596573848126,0.3835761014003884,-0.48629719291990814,0.05862069932613354,0.3460450242145905,1.0780290101938454,-0.8628628823936533,0.7083333333333334,0.7916666666666666,
2021,oe:team:fc8e90107dabb9a35c490b0d86adea0,Cloud9,LCS,4,-2.7142857142857144,3.2857142857142856,0.5714285714285714,-2.657142857142857,-2.657142857142857,-2.7142857142857144,0.6285714285714287,0.1142857142857142,0.5142857142857145,-1.4079309806078248,1.4217364293774688,-0.6942285825607207,-2.0567148438226432,-2.0645379973800275,-1.8182174025986888,oe:team:fc8e90107dabb9a35c490b0d86adea0,7.946836186287404,0.43931927379424174,-0.1022665074593427,1.231883705213785,-0.40045795715825266,1.0076079714219888,-0.90576265565608,0.36363636363636365,0.45454545454545453,QF
2022,oe:team:fc8e90107dabb9a35c490b0d86adea0,Cloud9,LCS,3,-1.6875,1.8125,0.125,-0.28125,-0.28125,-0.25,0.3875,0.025,0.3625,-0.5303203465882715,-0.1783688563351458,-1.169060292670681,1.434247099783147,1.4436011744770445,1.885428078804185,oe:team:fc8e90107dabb9a35c490b0d86adea0,9.077009627346294,0.33737236403995563,0.52935751767558,-1.1442676112166228,-1.4848775847835072,0.20515500249533378,-1.0101750839007377,0.08333333333333333,0.041666666666666664,
2023,oe:team:fc8e90107dabb9a35c490b0d86adea0,Cloud9,LCS,5,-1.4,1.8,0.4,-0.15,-0.1,-0.1,0.43,0.0699999999999999,0.36,-0.5372749233859403,0.648817563459331,0.3233047373230187,0.8766236016878549,1.0249812591866707,0.9655894474342136,oe:team:fc8e90107dabb9a35c490b0d86adea0,7.242988544119656,0.4887492354740061,0.5481839012867838,0.4660064104391901,0.3764173369126379,0.49060375682811697,-0.3654189173624133,0.6818181818181818,0.6363636363636364,
2020,oe:team:fcec508e780bbd1ad493852640f5b36,Top Esports,LPL,3,-0.4736842105263157,0.9210526315789472,0.4473684210526316,0.0526315789473684,-0.0263157894736842,0.0526315789473684,0.2526315789473684,0.0894736842105263,0.163157894736842,1.0764925802823402,-0.8712256164672746,0.7611136264522794,0.480480682105309,1.3394118541809663,0.4883106587907525,oe:team:fcec508e780bbd1ad493852640f5b36,8.946014107038923,0.36873257128501447,0.5198503602163481,0.12884955961013145,0.7393915492023562,-0.9159465796474894,1.112646945640488,0.7727272727272727,0.8636363636363636,SF
2022,oe:team:fcec508e780bbd1ad493852640f5b36,Top Esports,LPL,3,-1.489795918367347,1.7755102040816326,0.2857142857142857,-0.6326530612244898,-0.6326530612244898,-0.7142857142857143,0.4122448979591836,0.0571428571428571,0.3551020408163265,-0.0010481900677537,-0.30178383894833,-0.4221705616660687,-0.1913354486201833,-0.1797502181165416,-0.0918805544569306,oe:team:fcec508e780bbd1ad493852640f5b36,7.994538722749681,0.38131252501000396,-0.35587839175745367,0.9968238736163676,-0.15745443928324393,-0.6361677894286264,0.4137271118377561,0.3958333333333333,0.5833333333333334,
2024,oe:team:fcec508e780bbd1ad493852640f5b36,Top Esports,LPL,3,-2.934782608695652,3.0217391304347823,0.0869565217391304,-1.173913043478261,-2.0000000000000004,-0.5,0.5217391304347827,0.017391304347826,0.5043478260869565,-2.3722740620007263,1.5581656421833876,-1.6323494465125692,0.0188269791374628,-0.3370329806292809,0.4488850486634247,oe:team:fcec508e780bbd1ad493852640f5b36,6.234342771947636,0.44544889408312727,-1.281874848395773,1.7061546933511298,-1.1127558970052531,0.9876186675810803,-1.6415902839275116,0.05,0.2,QF
2025,oe:team:fcec508e780bbd1ad493852640f5b36,Top Esports,LPL,3,-0.7903225806451613,0.9193548387096774,0.1290322580645161,0.0161290322580645,0.0806451612903225,0.0161290322580645,0.1903225806451612,0.0258064516129032,0.164516129032258,-0.2647143439749456,0.2745431245573907,0.1727727085454498,-0.0688944894304667,0.0356392818309485,0.2832495108044929,oe:team:fcec508e780bbd1ad493852640f5b36,10.661220845719658,0.3033347272603499,0.28974098077627614,-1.0860214430818127,-0.10594430623930046,0.6391078154470005,-0.7135812065742801,0.47058823529411764,0.4117647058823529,SF
